"","host_id","group","infector_id","infector_group","exposure_time","infectious_time","recovery_time"
"1",4064,1,NA,NA,0,0,4
"2",10835,1,NA,NA,0,0,4
"3",9169,1,NA,NA,0,0,7
"4",8076,1,NA,NA,0,0,6
"5",9602,1,NA,NA,0,0,4
"6",5500,1,NA,NA,0,0,5
"7",5634,1,NA,NA,0,0,7
"8",322,1,NA,NA,0,0,6
"9",119,1,5500,1,4,5,11
"10",833,1,119,1,6,7,15
"11",6640,1,5634,1,4,6,9
"12",2876,1,8076,1,2,7,13
"13",10035,1,10719,1,8,9,16
"14",10390,1,1227,1,5,7,13
"15",1227,1,8076,1,4,5,11
"16",2804,1,2876,1,8,9,13
"17",10719,1,322,1,4,8,12
"18",2698,1,10035,1,10,12,20
"19",5499,1,6640,1,8,9,14
"20",8430,1,10719,1,9,10,19
"21",9758,1,119,1,7,9,14
"22",569,1,6640,1,7,10,15
"23",2723,1,2698,1,13,14,19
"24",7092,1,10035,1,12,13,18
"25",10210,1,569,1,11,12,18
"26",4310,1,4988,1,12,13,17
"27",4554,1,2804,1,10,11,16
"28",4988,1,10719,1,10,12,17
"29",6637,1,4554,1,13,16,23
"30",9105,1,7092,1,13,15,20
"31",2134,1,3156,1,14,17,22
"32",4930,1,4554,1,12,14,20
"33",5786,1,3156,1,14,15,20
"34",8318,1,2723,1,16,17,22
"35",9921,1,10035,1,11,12,18
"36",3172,1,3156,1,14,16,22
"37",6072,1,4554,1,13,15,20
"38",6456,1,2698,1,13,16,21
"39",3156,1,8430,1,12,13,20
"40",6240,1,9105,1,16,18,24
"41",254,1,9945,1,18,20,24
"42",1920,1,2723,1,16,19,27
"43",5910,1,9105,1,17,18,25
"44",6286,1,9105,1,17,18,22
"45",10686,1,5786,1,16,17,22
"46",1544,1,4930,1,16,18,24
"47",4941,1,7092,1,15,17,23
"48",5439,1,10686,1,18,20,25
"49",8317,1,8318,1,18,20,25
"50",9512,1,6637,1,17,18,25
"51",9734,1,2723,1,15,17,23
"52",9886,1,9734,1,18,20,27
"53",2424,1,10686,1,18,20,27
"54",3541,1,9945,1,18,21,24
"55",6089,1,2723,1,17,20,27
"56",9945,1,6072,1,16,17,23
"57",208,1,5910,1,19,21,27
"58",4110,1,5786,1,16,18,24
"59",5345,1,4930,1,15,18,24
"60",6301,1,9512,1,19,22,26
"61",6380,1,2723,1,16,18,25
"62",9486,1,6637,1,16,18,24
"63",6701,1,9734,1,18,20,25
"64",10753,1,1920,1,21,23,30
"65",4341,1,5439,1,21,24,29
"66",5025,1,3172,1,18,22,28
"67",5507,1,1956,1,23,24,33
"68",7458,1,3461,1,22,24,30
"69",2088,1,4941,1,18,22,28
"70",7552,1,2088,1,25,26,31
"71",643,1,10686,1,20,22,29
"72",1032,1,1491,1,25,27,33
"73",1956,1,8318,1,19,21,28
"74",3461,1,5910,1,19,21,29
"75",4973,1,5910,1,20,23,28
"76",8217,1,2088,1,23,27,35
"77",9778,1,10753,1,24,25,29
"78",10351,1,2424,1,23,27,34
"79",316,1,208,1,24,25,31
"80",660,1,208,1,25,27,31
"81",1491,1,9886,1,21,23,30
"82",2488,1,1491,1,26,28,34
"83",3556,1,8094,1,25,27,33
"84",5056,1,7052,1,27,28,34
"85",6966,1,9778,1,26,28,32
"86",7079,1,5103,1,26,27,32
"87",10382,1,643,1,24,26,31
"88",10444,1,6301,1,22,24,29
"89",10503,1,10753,1,25,27,32
"90",1512,1,9778,1,26,28,34
"91",3108,1,7552,1,27,28,32
"92",5103,1,643,1,23,25,32
"93",8648,1,10503,1,27,28,32
"94",9365,1,1956,1,24,26,31
"95",9546,1,316,1,26,29,32
"96",9840,1,7246,1,27,29,33
"97",9855,1,4973,1,26,27,30
"98",9879,1,10313,1,26,28,33
"99",768,1,10503,1,29,30,35
"100",1746,1,10351,1,28,29,33
"101",3228,1,9855,1,28,30,35
"102",5894,1,4341,1,27,28,35
"103",8094,1,9512,1,19,23,31
"104",9999,1,9879,1,29,30,36
"105",10313,1,1920,1,20,24,31
"106",479,1,5103,1,27,28,32
"107",6055,1,5056,1,29,30,35
"108",7052,1,4341,1,24,26,33
"109",9426,1,316,1,25,28,32
"110",9887,1,7246,1,27,30,34
"111",9914,1,10382,1,29,30,35
"112",10619,1,1032,1,28,29,34
"113",78,1,5056,1,31,32,38
"114",1321,1,10351,1,28,29,33
"115",1704,1,2249,1,30,32,37
"116",1886,1,3108,1,29,30,36
"117",3016,1,9840,1,30,32,37
"118",4431,1,1032,1,28,30,36
"119",4734,1,9365,1,27,29,34
"120",5638,1,1746,1,30,32,38
"121",7246,1,1920,1,22,26,33
"122",8330,1,3556,1,28,30,36
"123",8907,1,316,1,27,30,37
"124",8931,1,4734,1,30,31,36
"125",9451,1,242,1,30,32,37
"126",10514,1,7052,1,30,31,36
"127",242,1,7552,1,28,29,34
"128",707,1,4603,1,30,33,39
"129",1327,1,9426,1,30,33,38
"130",2249,1,10753,1,26,29,35
"131",2643,1,7458,1,26,28,34
"132",3015,1,242,1,30,31,38
"133",4343,1,1512,1,31,33,38
"134",4807,1,242,1,30,31,37
"135",4966,1,7552,1,28,31,36
"136",5521,1,660,1,28,29,34
"137",6199,1,5056,1,29,31,36
"138",8188,1,6199,1,31,32,36
"139",8766,1,6966,1,29,31,37
"140",9976,1,4966,1,31,32,36
"141",931,1,3108,1,31,34,40
"142",1753,1,78,1,32,33,38
"143",1756,1,1886,1,31,32,38
"144",2901,1,5894,1,30,31,36
"145",3526,1,316,1,27,31,37
"146",3901,1,10444,1,26,29,35
"147",4603,1,316,1,27,29,36
"148",6830,1,1512,1,30,33,39
"149",7155,1,7052,1,28,32,37
"150",10143,1,6678,1,33,34,38
"151",980,1,2886,1,32,33,37
"152",3018,1,2643,1,29,30,36
"153",3687,1,9887,1,32,34,41
"154",5102,1,9546,1,29,30,36
"155",6678,1,3228,1,31,32,39
"156",7391,1,6966,1,29,31,37
"157",8658,1,2249,1,31,33,39
"158",9980,1,9691,1,34,35,40
"159",1175,1,78,1,33,34,41
"160",1573,1,8079,1,34,36,41
"161",2886,1,5056,1,30,32,38
"162",3129,1,6678,1,33,35,39
"163",4135,1,9914,1,31,32,37
"164",4251,1,660,1,30,32,37
"165",5862,1,1886,1,31,33,38
"166",6837,1,3526,1,34,36,41
"167",8744,1,3015,1,33,35,40
"168",9691,1,1704,1,33,34,40
"169",1744,1,8648,1,30,33,38
"170",3236,1,9914,1,31,35,41
"171",3643,1,10851,1,35,37,42
"172",3720,1,9999,1,31,33,38
"173",5678,1,9225,1,36,37,43
"174",6171,1,6678,1,33,34,40
"175",6205,1,5894,1,32,34,39
"176",8118,1,6171,1,35,37,42
"177",8696,1,6055,1,30,34,39
"178",9225,1,1032,1,29,33,39
"179",9706,1,5638,1,33,34,39
"180",9796,1,980,1,35,37,41
"181",10851,1,5102,1,31,34,39
"182",1943,1,3720,1,34,36,42
"183",2056,1,1327,1,34,36,41
"184",4022,1,980,1,34,37,41
"185",4710,1,9225,1,35,38,43
"186",5219,1,5862,1,35,38,43
"187",5528,1,6199,1,31,33,40
"188",6559,1,8744,1,36,38,42
"189",6724,1,5862,1,34,36,41
"190",8038,1,4966,1,31,35,39
"191",8079,1,8648,1,29,31,39
"192",8436,1,10514,1,32,36,41
"193",8847,1,8696,1,35,37,42
"194",9797,1,78,1,35,38,42
"195",10592,1,8658,1,35,38,43
"196",89,1,4603,1,31,35,42
"197",193,1,736,1,37,38,43
"198",691,1,8436,1,37,39,46
"199",1552,1,3526,1,32,34,40
"200",1924,1,1744,1,35,36,42
"201",2887,1,1744,1,34,37,41
"202",3411,1,5862,1,35,37,41
"203",3414,1,242,1,32,35,41
"204",3629,1,707,1,35,38,44
"205",4320,1,3016,1,33,35,40
"206",5105,1,6830,1,35,37,41
"207",5979,1,2488,1,31,36,41
"208",6270,1,4807,1,33,35,40
"209",7619,1,980,1,34,36,41
"210",8518,1,8744,1,36,38,42
"211",736,1,5862,1,35,36,42
"212",1015,1,736,1,37,38,43
"213",2257,1,1573,1,37,39,43
"214",2552,1,3643,1,38,40,46
"215",2878,1,3643,1,38,40,44
"216",2898,1,8744,1,37,39,46
"217",3398,1,1758,1,39,40,45
"218",8576,1,9796,1,38,40,44
"219",9288,1,10851,1,35,37,43
"220",9676,1,1573,1,37,38,43
"221",10452,1,8436,1,37,39,44
"222",313,1,2056,1,39,40,46
"223",1758,1,1924,1,36,37,46
"224",4632,1,8744,1,38,40,45
"225",4708,1,6724,1,37,38,43
"226",6392,1,1396,1,36,38,44
"227",6993,1,4320,1,37,38,44
"228",7780,1,6205,1,36,38,44
"229",8523,1,7619,1,37,40,43
"230",9199,1,1175,1,36,38,42
"231",9380,1,7918,1,38,41,46
"232",10566,1,4022,1,38,39,44
"233",10782,1,3129,1,37,38,44
"234",1396,1,9225,1,34,35,43
"235",2325,1,1015,1,39,42,46
"236",2513,1,3236,1,39,41,46
"237",2654,1,2898,1,40,42,47
"238",3111,1,6242,1,40,42,47
"239",6306,1,9796,1,38,39,45
"240",6571,1,1396,1,36,38,44
"241",7918,1,980,1,34,37,43
"242",8496,1,6270,1,37,39,47
"243",9160,1,10782,1,39,41,46
"244",9804,1,4632,1,41,42,47
"245",18,1,1758,1,39,40,45
"246",846,1,3629,1,40,41,47
"247",963,1,1015,1,39,43,47
"248",1642,1,8436,1,38,40,46
"249",2645,1,6830,1,34,36,44
"250",6074,1,2513,1,42,43,48
"251",6242,1,7780,1,39,40,45
"252",8441,1,10783,1,41,43,46
"253",803,1,4632,1,40,43,50
"254",1460,1,2513,1,42,44,50
"255",1888,1,4708,1,40,43,49
"256",3077,1,3236,1,38,39,47
"257",3960,1,2552,1,42,44,48
"258",4220,1,9288,1,38,39,46
"259",7128,1,1573,1,38,39,47
"260",7251,1,3411,1,40,42,50
"261",7601,1,7128,1,41,42,47
"262",7920,1,193,1,40,43,48
"263",8249,1,4022,1,38,41,47
"264",10421,1,18,1,42,44,48
"265",10648,1,7918,1,39,41,47
"266",10899,1,2552,1,41,43,47
"267",3581,1,8496,1,40,45,49
"268",3859,1,5772,1,41,43,49
"269",3892,1,6392,1,41,42,48
"270",4019,1,5772,1,42,43,47
"271",4470,1,6074,1,44,45,50
"272",4859,1,5219,1,39,42,47
"273",5169,1,18,1,41,43,48
"274",5772,1,3643,1,39,41,46
"275",6081,1,6074,1,44,45,49
"276",6865,1,2513,1,42,44,50
"277",8068,1,9079,1,42,43,48
"278",8244,1,8523,1,41,44,48
"279",701,1,2513,1,43,45,50
"280",2419,1,5169,1,44,45,49
"281",3381,1,9160,1,43,45,50
"282",5954,1,3629,1,40,45,50
"283",6311,1,7601,1,43,44,49
"284",6681,1,3398,1,41,44,49
"285",9079,1,4022,1,38,40,48
"286",9095,1,3892,1,43,44,48
"287",10176,1,9804,1,44,46,51
"288",10783,1,9676,1,39,40,48
"289",580,1,9380,1,44,46,51
"290",2988,1,2898,1,41,43,48
"291",2995,1,691,1,39,42,48
"292",3254,1,8523,1,41,43,50
"293",3256,1,2878,1,41,43,49
"294",3386,1,2513,1,43,45,51
"295",3757,1,1642,1,42,45,49
"296",3985,1,6681,1,46,47,52
"297",5017,1,1642,1,41,44,49
"298",6037,1,10566,1,40,44,50
"299",6443,1,10648,1,43,44,48
"300",9482,1,6571,1,40,43,49
"301",2432,1,8441,1,45,47,51
"302",2593,1,3077,1,41,43,49
"303",2620,1,5017,1,46,48,54
"304",3983,1,846,1,44,46,50
"305",5233,1,8249,1,42,45,50
"306",6623,1,2654,1,44,46,51
"307",7425,1,3757,1,46,48,53
"308",7560,1,3381,1,46,48,52
"309",9022,1,5419,1,46,48,52
"310",9174,1,5219,1,40,45,51
"311",131,1,2988,1,44,46,51
"312",969,1,7918,1,40,43,50
"313",1239,1,3757,1,47,48,53
"314",2673,1,8486,1,46,47,52
"315",3482,1,7163,1,47,49,53
"316",3508,1,2988,1,44,46,51
"317",3957,1,9174,1,48,49,56
"318",4086,1,580,1,46,48,53
"319",4514,1,5419,1,48,49,56
"320",5419,1,4859,1,44,45,50
"321",7163,1,2419,1,46,47,54
"322",7917,1,1460,1,46,49,53
"323",9374,1,3386,1,46,48,53
"324",1343,1,5954,1,46,48,53
"325",1412,1,701,1,46,47,55
"326",1436,1,9509,1,47,48,52
"327",2624,1,580,1,47,48,53
"328",2679,1,6865,1,45,49,56
"329",2715,1,199,1,47,48,54
"330",4296,1,9022,1,49,50,57
"331",4713,1,6311,1,45,48,52
"332",4974,1,3985,1,49,50,56
"333",5147,1,7601,1,45,46,51
"334",5993,1,2673,1,47,49,53
"335",6161,1,7163,1,48,49,55
"336",7698,1,8244,1,46,47,53
"337",8486,1,2325,1,43,45,51
"338",8985,1,5474,1,48,49,55
"339",9508,1,6081,1,46,50,58
"340",10188,1,8486,1,47,49,56
"341",10498,1,6037,1,46,49,56
"342",1482,1,8486,1,47,49,54
"343",1729,1,5233,1,46,48,52
"344",2170,1,9742,1,49,51,56
"345",2547,1,6037,1,45,47,53
"346",4300,1,10176,1,48,51,55
"347",5210,1,8486,1,46,48,53
"348",5856,1,1888,1,44,47,55
"349",6251,1,8486,1,47,49,54
"350",6390,1,3386,1,46,47,53
"351",9509,1,8244,1,45,46,52
"352",9742,1,10899,1,45,48,53
"353",10443,1,10771,1,49,51,58
"354",10771,1,8486,1,47,48,52
"355",10910,1,6681,1,46,47,53
"356",199,1,6074,1,45,47,55
"357",1721,1,4027,1,47,49,54
"358",2297,1,7163,1,49,51,58
"359",3312,1,1239,1,49,51,55
"360",3849,1,3859,1,44,49,54
"361",4027,1,4470,1,46,47,53
"362",4842,1,580,1,48,50,56
"363",4849,1,6623,1,48,50,56
"364",5474,1,4859,1,43,47,53
"365",7158,1,701,1,47,49,55
"366",7699,1,7251,1,43,47,54
"367",7960,1,199,1,49,50,55
"368",8133,1,1460,1,46,48,54
"369",8344,1,6037,1,45,47,53
"370",9699,1,4027,1,47,50,56
"371",9935,1,6443,1,46,48,53
"372",10626,1,9022,1,51,52,58
"373",148,1,9742,1,50,52,57
"374",1579,1,2432,1,49,52,59
"375",2078,1,4027,1,49,51,58
"376",3544,1,6161,1,50,53,58
"377",4179,1,5474,1,48,49,57
"378",4224,1,199,1,48,51,58
"379",4752,1,111,1,51,53,58
"380",6363,1,9508,1,51,53,60
"381",8689,1,7158,1,51,53,58
"382",111,1,6081,1,46,48,55
"383",1996,1,9699,1,51,53,59
"384",4008,1,9509,1,51,54,59
"385",4947,1,4296,1,51,53,58
"386",6921,1,4470,1,47,50,56
"387",6981,1,7920,1,47,49,56
"388",7025,1,10443,1,52,54,59
"389",7405,1,3849,1,50,51,56
"390",8087,1,7560,1,50,52,58
"391",9275,1,3849,1,50,52,57
"392",10571,1,6921,1,52,54,60
"393",10974,1,8985,1,50,52,57
"394",138,1,1343,1,49,53,57
"395",954,1,3985,1,49,52,57
"396",1683,1,6161,1,50,53,58
"397",6687,1,7917,1,50,52,57
"398",6737,1,131,1,48,51,56
"399",6914,1,4296,1,51,53,59
"400",7870,1,6161,1,50,52,57
"401",8031,1,9508,1,51,53,57
"402",8236,1,4816,1,52,54,59
"403",8881,1,148,1,52,54,61
"404",8992,1,1436,1,50,53,58
"405",10475,1,7960,1,52,55,60
"406",1000,1,3312,1,52,54,60
"407",1146,1,6251,1,50,53,58
"408",2172,1,954,1,53,56,63
"409",2185,1,6737,1,52,54,61
"410",2564,1,5856,1,49,52,58
"411",6300,1,1436,1,49,53,59
"412",6903,1,4947,1,54,56,60
"413",6975,1,1146,1,54,55,61
"414",7253,1,1146,1,54,55,61
"415",7415,1,6914,1,53,54,58
"416",7530,1,9508,1,52,53,59
"417",8348,1,1579,1,53,55,60
"418",8538,1,4224,1,53,56,60
"419",8551,1,10980,1,54,55,60
"420",8835,1,2078,1,53,55,61
"421",8958,1,6300,1,54,55,61
"422",9927,1,5210,1,52,55,60
"423",206,1,10980,1,54,57,64
"424",517,1,9508,1,51,54,59
"425",623,1,10626,1,52,54,60
"426",1253,1,2232,1,56,57,63
"427",2012,1,9509,1,51,53,58
"428",2157,1,9275,1,54,56,61
"429",2338,1,623,1,55,56,61
"430",4816,1,9022,1,48,52,58
"431",5316,1,954,1,52,56,60
"432",7946,1,9699,1,52,54,60
"433",8531,1,9699,1,52,55,60
"434",8981,1,1729,1,51,53,59
"435",10980,1,4300,1,52,53,58
"436",10988,1,954,1,53,54,59
"437",486,1,1146,1,54,55,59
"438",989,1,4224,1,52,55,59
"439",1560,1,10757,1,54,55,60
"440",1597,1,6251,1,50,53,59
"441",1759,1,8551,1,56,58,62
"442",3554,1,2297,1,52,56,61
"443",3812,1,1579,1,53,55,62
"444",4079,1,6914,1,54,56,61
"445",4677,1,6921,1,52,55,60
"446",4688,1,4974,1,51,54,60
"447",5382,1,7405,1,52,55,61
"448",7717,1,2564,1,54,56,61
"449",7845,1,4576,1,56,58,63
"450",8028,1,4947,1,54,56,62
"451",8740,1,4086,1,51,53,59
"452",9415,1,1683,1,54,55,61
"453",9834,1,8031,1,54,55,63
"454",10796,1,2185,1,56,57,64
"455",28,1,1996,1,54,56,63
"456",870,1,5316,1,57,59,66
"457",993,1,8028,1,57,59,64
"458",1215,1,7845,1,58,59,64
"459",2580,1,138,1,56,58,64
"460",3723,1,10571,1,55,57,61
"461",3820,1,9834,1,57,59,64
"462",4269,1,517,1,55,57,62
"463",4576,1,138,1,54,56,60
"464",4891,1,2157,1,56,58,62
"465",4970,1,4849,1,53,56,61
"466",5297,1,1560,1,57,58,62
"467",5374,1,7166,1,57,59,63
"468",5505,1,954,1,53,56,62
"469",6020,1,7960,1,52,54,60
"470",7166,1,9935,1,52,55,60
"471",7507,1,2012,1,55,57,62
"472",7575,1,2012,1,54,57,62
"473",9274,1,2172,1,58,59,65
"474",10003,1,4079,1,57,58,62
"475",10518,1,8981,1,54,58,63
"476",10535,1,7025,1,55,56,63
"477",10757,1,7960,1,51,54,60
"478",5,1,9275,1,55,56,63
"479",1203,1,3723,1,58,60,64
"480",1558,1,2170,1,55,58,63
"481",2591,1,9275,1,55,57,62
"482",3401,1,8354,1,58,60,65
"483",4537,1,10626,1,53,58,63
"484",4642,1,4688,1,55,56,62
"485",5350,1,3544,1,54,56,63
"486",5625,1,4816,1,54,57,62
"487",6231,1,1579,1,53,56,62
"488",6735,1,10974,1,53,55,62
"489",7217,1,28,1,58,60,65
"490",7616,1,2185,1,56,57,62
"491",7992,1,7762,1,59,60,63
"492",8354,1,8551,1,56,57,61
"493",8470,1,4576,1,57,58,62
"494",9126,1,9415,1,57,60,66
"495",9430,1,10988,1,55,56,63
"496",10311,1,10518,1,59,60,65
"497",10586,1,9927,1,56,58,67
"498",10756,1,6903,1,57,59,65
"499",317,1,28,1,57,59,62
"500",1639,1,8236,1,55,57,63
"501",1781,1,4351,1,57,60,67
"502",2657,1,1996,1,55,60,65
"503",2754,1,1639,1,58,61,65
"504",4248,1,8992,1,55,58,65
"505",4351,1,989,1,56,57,62
"506",5066,1,4248,1,59,60,66
"507",5870,1,486,1,56,60,66
"508",5902,1,4688,1,56,58,62
"509",6175,1,6903,1,58,61,66
"510",6938,1,4642,1,57,58,64
"511",8151,1,4677,1,57,59,64
"512",9963,1,8981,1,54,56,62
"513",10613,1,2580,1,59,61,65
"514",10630,1,2580,1,59,61,68
"515",10950,1,206,1,58,60,64
"516",545,1,7575,1,59,62,67
"517",621,1,5097,1,60,61,65
"518",1830,1,3723,1,59,62,65
"519",1982,1,7253,1,56,59,64
"520",2232,1,8236,1,55,56,64
"521",2677,1,6004,1,58,59,64
"522",3056,1,10612,1,59,61,64
"523",3195,1,4079,1,57,60,65
"524",3457,1,10443,1,54,56,63
"525",4909,1,1759,1,60,61,66
"526",4950,1,10475,1,56,58,65
"527",5022,1,6975,1,59,60,65
"528",5097,1,5505,1,57,59,64
"529",5540,1,9949,1,59,62,67
"530",6004,1,8538,1,57,58,64
"531",6090,1,28,1,58,59,65
"532",7762,1,623,1,56,58,64
"533",8003,1,7616,1,59,61,65
"534",9949,1,1000,1,56,58,64
"535",10249,1,6903,1,59,61,66
"536",10250,1,1215,1,59,61,70
"537",10541,1,6975,1,57,58,63
"538",63,1,10612,1,59,63,68
"539",694,1,993,1,60,63,68
"540",1360,1,4688,1,57,59,64
"541",1937,1,5066,1,62,63,68
"542",2215,1,3554,1,58,61,64
"543",2536,1,1253,1,60,62,66
"544",2825,1,1215,1,60,61,66
"545",3320,1,8348,1,58,61,67
"546",3448,1,4079,1,57,59,64
"547",3961,1,1982,1,60,61,68
"548",4405,1,5382,1,56,60,65
"549",5815,1,1759,1,60,63,70
"550",7352,1,7575,1,58,62,67
"551",8431,1,3723,1,58,60,64
"552",9187,1,4405,1,61,62,69
"553",9233,1,4269,1,58,60,64
"554",9851,1,621,1,62,63,67
"555",10149,1,3723,1,59,60,64
"556",10539,1,5097,1,60,62,67
"557",10612,1,3554,1,57,58,64
"558",765,1,3448,1,61,62,67
"559",1313,1,6090,1,60,63,67
"560",2153,1,870,1,60,62,66
"561",2791,1,3820,1,60,63,69
"562",5898,1,10612,1,60,64,69
"563",8541,1,8958,1,60,62,67
"564",8712,1,10311,1,61,63,67
"565",9210,1,2657,1,62,63,66
"566",9228,1,10612,1,60,63,70
"567",9715,1,8003,1,62,63,68
"568",9971,1,5374,1,62,63,68
"569",10900,1,993,1,61,62,67
"570",10901,1,10796,1,58,59,65
"571",472,1,7507,1,58,61,66
"572",1278,1,5902,1,60,62,68
"573",1966,1,10756,1,60,63,68
"574",2148,1,7217,1,61,62,68
"575",2854,1,10311,1,62,65,69
"576",3520,1,4248,1,59,63,69
"577",3573,1,3320,1,62,65,73
"578",3790,1,7575,1,58,59,66
"579",3923,1,6903,1,59,60,66
"580",3972,1,9383,1,63,65,70
"581",4704,1,8354,1,60,62,67
"582",7088,1,472,1,63,65,69
"583",8117,1,5374,1,60,61,66
"584",8442,1,2148,1,63,65,70
"585",9538,1,870,1,60,62,66
"586",9906,1,1360,1,60,62,67
"587",10226,1,3448,1,61,63,69
"588",10653,1,9906,1,63,65,70
"589",662,1,694,1,64,65,71
"590",1337,1,10309,1,65,66,72
"591",2520,1,1558,1,60,63,68
"592",2872,1,4248,1,60,62,70
"593",3042,1,5870,1,61,63,69
"594",3768,1,317,1,61,62,70
"595",4416,1,10901,1,62,64,71
"596",4445,1,993,1,61,63,68
"597",4659,1,472,1,62,64,71
"598",4814,1,1253,1,59,61,68
"599",5134,1,1639,1,59,63,69
"600",5313,1,5097,1,61,63,68
"601",5447,1,3195,1,60,62,67
"602",5589,1,9187,1,63,64,68
"603",6283,1,5447,1,63,66,71
"604",6524,1,8712,1,64,66,71
"605",7289,1,4950,1,60,63,67
"606",7579,1,2536,1,65,66,71
"607",8975,1,5066,1,63,66,72
"608",9218,1,9383,1,64,66,71
"609",9362,1,8712,1,65,66,71
"610",9383,1,10535,1,59,62,67
"611",9864,1,2215,1,62,64,69
"612",9934,1,8541,1,64,65,70
"613",10955,1,8442,1,65,66,72
"614",466,1,9187,1,64,66,75
"615",478,1,7289,1,65,67,72
"616",583,1,1203,1,61,63,68
"617",738,1,10653,1,66,67,72
"618",919,1,10613,1,62,65,70
"619",1231,1,4814,1,62,63,68
"620",1363,1,1278,1,64,66,71
"621",1613,1,765,1,64,66,70
"622",1931,1,4704,1,63,64,70
"623",2533,1,10900,1,64,65,68
"624",3282,1,5134,1,65,66,72
"625",3525,1,545,1,63,65,70
"626",3963,1,1931,1,66,67,73
"627",4333,1,10539,1,63,65,70
"628",4398,1,3923,1,61,63,69
"629",5127,1,2791,1,65,67,73
"630",5668,1,10950,1,61,63,69
"631",6521,1,10249,1,63,65,70
"632",6992,1,3790,1,62,64,69
"633",8190,1,10900,1,62,65,71
"634",9124,1,4398,1,64,67,71
"635",9729,1,10309,1,66,67,74
"636",383,1,3961,1,64,66,72
"637",2296,1,5313,1,64,66,71
"638",2367,1,9934,1,66,68,73
"639",2889,1,5540,1,64,67,73
"640",2928,1,3195,1,61,65,72
"641",3617,1,4659,1,64,66,71
"642",4047,1,8151,1,61,65,70
"643",4301,1,4416,1,65,66,73
"644",5387,1,4704,1,64,66,69
"645",5431,1,9218,1,67,68,74
"646",6386,1,317,1,61,63,69
"647",7175,1,1781,1,61,63,69
"648",7472,1,2872,1,64,65,70
"649",8516,1,3042,1,66,67,71
"650",9128,1,765,1,63,64,72
"651",9684,1,2825,1,63,65,71
"652",10025,1,3401,1,64,66,71
"653",10237,1,1830,1,63,67,70
"654",10309,1,3056,1,62,64,69
"655",720,1,8375,1,67,69,75
"656",1798,1,7352,1,63,64,70
"657",2389,1,6521,1,66,69,76
"658",2528,1,9971,1,64,67,72
"659",2915,1,9906,1,64,67,73
"660",3191,1,10025,1,67,69,74
"661",3235,1,7088,1,67,69,73
"662",3905,1,10250,1,65,68,75
"663",4041,1,3320,1,63,65,71
"664",4227,1,5898,1,65,67,72
"665",4429,1,4227,1,67,68,74
"666",4989,1,7402,1,67,69,74
"667",5996,1,1966,1,65,68,76
"668",6093,1,2153,1,65,67,73
"669",6298,1,1931,1,65,66,72
"670",6341,1,6298,1,67,68,72
"671",6614,1,9128,1,65,66,72
"672",6692,1,2928,1,66,68,72
"673",6694,1,9128,1,66,67,71
"674",6797,1,6694,1,68,69,73
"675",7209,1,63,1,64,66,70
"676",8299,1,6298,1,67,68,73
"677",8505,1,6175,1,63,66,72
"678",9517,1,2148,1,64,67,74
"679",195,1,5589,1,66,68,73
"680",822,1,383,1,67,69,75
"681",1356,1,10630,1,62,64,71
"682",1392,1,9620,1,67,69,75
"683",1431,1,4047,1,66,68,75
"684",1896,1,3905,1,69,70,75
"685",2100,1,9971,1,64,68,71
"686",2571,1,2928,1,66,68,71
"687",2905,1,8442,1,66,68,73
"688",3397,1,7088,1,68,70,77
"689",5163,1,7352,1,66,68,73
"690",5203,1,1356,1,67,69,75
"691",5444,1,2533,1,66,68,73
"692",5733,1,9218,1,67,69,76
"693",6219,1,6093,1,68,69,73
"694",6423,1,6298,1,67,70,74
"695",7030,1,10883,1,69,70,76
"696",7380,1,5898,1,66,67,71
"697",7402,1,7845,1,60,64,71
"698",7464,1,3320,1,63,65,71
"699",7820,1,7380,1,68,70,75
"700",9261,1,10237,1,68,69,74
"701",9296,1,621,1,64,66,71
"702",9620,1,9228,1,64,66,72
"703",9892,1,7402,1,65,66,74
"704",10098,1,5134,1,64,69,75
"705",10118,1,2148,1,62,65,71
"706",10527,1,6445,1,68,69,73
"707",10529,1,3961,1,62,64,71
"708",10825,1,919,1,67,68,73
"709",787,1,8513,1,66,67,73
"710",1936,1,7218,1,66,68,74
"711",2331,1,1356,1,66,69,74
"712",3315,1,7352,1,66,69,74
"713",4202,1,8375,1,67,68,74
"714",4964,1,9729,1,68,70,75
"715",5995,1,9971,1,65,68,74
"716",6317,1,7781,1,66,68,73
"717",6405,1,6524,1,69,71,76
"718",6445,1,7781,1,67,68,75
"719",6511,1,6614,1,67,68,73
"720",6751,1,4041,1,66,69,73
"721",6800,1,6317,1,68,69,73
"722",6968,1,7982,1,69,70,76
"723",7218,1,2153,1,63,65,72
"724",7781,1,1798,1,64,65,72
"725",7982,1,7352,1,65,67,72
"726",8296,1,4704,1,65,67,74
"727",8375,1,6992,1,65,66,72
"728",8513,1,4398,1,64,66,74
"729",9104,1,919,1,66,69,75
"730",9278,1,4398,1,67,69,73
"731",9820,1,6521,1,67,69,75
"732",10262,1,1931,1,66,67,72
"733",10362,1,8505,1,68,70,75
"734",10883,1,10025,1,68,69,74
"735",522,1,10262,1,68,70,75
"736",570,1,8513,1,67,70,75
"737",1193,1,8285,1,69,71,77
"738",1999,1,2640,1,68,69,73
"739",2065,1,2533,1,66,70,76
"740",2239,1,466,1,67,72,77
"741",2708,1,3963,1,70,71,75
"742",2997,1,787,1,68,71,77
"743",4155,1,5444,1,69,70,74
"744",4899,1,7380,1,68,71,75
"745",5186,1,195,1,70,71,77
"746",5224,1,7289,1,65,69,74
"747",5489,1,7209,1,69,71,77
"748",5674,1,8712,1,65,69,75
"749",5934,1,8975,1,66,68,74
"750",5978,1,10262,1,67,71,78
"751",6125,1,8735,1,71,72,76
"752",6757,1,6010,1,71,72,77
"753",7329,1,7482,1,70,72,77
"754",8735,1,9820,1,69,70,75
"755",9071,1,6298,1,68,70,76
"756",9127,1,195,1,69,71,76
"757",9206,1,8513,1,68,72,77
"758",10707,1,9689,1,69,71,75
"759",10839,1,1356,1,66,68,74
"760",1277,1,63,1,65,67,74
"761",1654,1,8190,1,67,70,77
"762",2515,1,195,1,69,72,77
"763",3146,1,8924,1,70,73,79
"764",3616,1,9278,1,70,71,76
"765",3770,1,1798,1,67,70,75
"766",4193,1,738,1,70,72,77
"767",4221,1,9218,1,68,70,75
"768",4456,1,10237,1,68,70,75
"769",4512,1,2331,1,70,71,76
"770",4934,1,10309,1,66,69,75
"771",5845,1,8299,1,70,71,76
"772",6672,1,2367,1,69,72,77
"773",7570,1,6511,1,70,72,80
"774",7899,1,7579,1,67,69,74
"775",8285,1,4047,1,66,69,74
"776",8425,1,3573,1,65,68,75
"777",8838,1,5898,1,66,69,74
"778",8924,1,4227,1,68,69,74
"779",8969,1,6093,1,68,70,75
"780",9671,1,8296,1,69,70,76
"781",9689,1,4047,1,67,69,74
"782",9853,1,10653,1,66,68,75
"783",9919,1,5163,1,69,71,75
"784",958,1,5854,1,73,74,78
"785",1248,1,1277,1,68,69,75
"786",1299,1,6341,1,69,70,75
"787",1682,1,10127,1,73,74,78
"788",1846,1,5978,1,72,74,81
"789",2113,1,3616,1,72,74,79
"790",2256,1,8924,1,70,72,78
"791",2519,1,8735,1,70,71,76
"792",2640,1,9892,1,67,68,75
"793",3290,1,7820,1,71,74,79
"794",3917,1,5444,1,69,74,78
"795",4681,1,9729,1,70,74,79
"796",5479,1,3315,1,70,72,77
"797",5487,1,10527,1,71,74,79
"798",5835,1,4899,1,72,74,78
"799",5917,1,6405,1,72,73,79
"800",6253,1,9296,1,66,70,76
"801",6652,1,6317,1,69,70,76
"802",6919,1,5224,1,70,72,77
"803",7390,1,4291,1,71,73,78
"804",7482,1,9128,1,66,69,75
"805",7777,1,2515,1,73,74,80
"806",8389,1,466,1,67,69,76
"807",8517,1,10309,1,66,72,79
"808",8577,1,5996,1,69,70,76
"809",8872,1,5203,1,71,73,77
"810",8941,1,478,1,69,71,76
"811",9153,1,3282,1,69,72,76
"812",9212,1,570,1,71,72,79
"813",9373,1,1896,1,70,71,76
"814",9785,1,9729,1,68,70,78
"815",109,1,2571,1,69,74,80
"816",1098,1,8924,1,70,72,76
"817",2337,1,8924,1,72,73,77
"818",2456,1,9071,1,71,75,79
"819",3211,1,2997,1,72,73,79
"820",3489,1,9387,1,73,75,80
"821",4101,1,10891,1,72,73,78
"822",4152,1,6010,1,71,73,79
"823",4291,1,8505,1,68,71,76
"824",4386,1,3963,1,68,70,76
"825",4476,1,5127,1,69,71,76
"826",4653,1,10955,1,69,71,76
"827",4833,1,4899,1,72,73,77
"828",4881,1,570,1,72,73,80
"829",4901,1,10127,1,71,74,79
"830",5290,1,2009,1,71,74,79
"831",5854,1,5995,1,69,72,81
"832",6106,1,9671,1,73,75,80
"833",6541,1,4899,1,72,73,80
"834",6564,1,8425,1,69,74,80
"835",6967,1,6423,1,72,74,80
"836",7764,1,9127,1,71,74,80
"837",7848,1,1363,1,70,72,76
"838",7869,1,9729,1,69,70,76
"839",8321,1,6524,1,68,70,79
"840",8511,1,4965,1,74,75,82
"841",9293,1,8969,1,71,72,79
"842",10127,1,466,1,67,70,76
"843",10240,1,10127,1,73,75,81
"844",10416,1,3397,1,73,74,78
"845",10570,1,4155,1,71,73,78
"846",60,1,6511,1,70,74,78
"847",141,1,2100,1,70,75,80
"848",661,1,3252,1,74,75,80
"849",860,1,6405,1,72,74,80
"850",873,1,5845,1,72,74,78
"851",965,1,6405,1,72,74,79
"852",1039,1,4965,1,74,76,81
"853",1190,1,5489,1,73,75,81
"854",1590,1,4934,1,70,72,79
"855",1708,1,2905,1,69,72,77
"856",1970,1,4964,1,73,75,79
"857",2009,1,4429,1,69,70,78
"858",2758,1,9127,1,71,72,77
"859",3012,1,4964,1,71,73,80
"860",3161,1,5978,1,72,74,80
"861",3252,1,3359,1,72,73,78
"862",3306,1,10527,1,70,72,79
"863",3836,1,5996,1,71,75,79
"864",4028,1,2708,1,73,75,81
"865",4388,1,6125,1,73,75,79
"866",4832,1,6800,1,71,73,78
"867",5315,1,4193,1,74,75,80
"868",5586,1,3397,1,73,75,81
"869",6010,1,4041,1,67,70,77
"870",6056,1,5224,1,69,72,77
"871",6058,1,6125,1,74,76,83
"872",6138,1,9373,1,74,76,80
"873",6243,1,9127,1,71,74,80
"874",6325,1,7390,1,73,76,81
"875",6449,1,4899,1,74,76,79
"876",7779,1,8941,1,72,75,80
"877",8533,1,7570,1,73,74,79
"878",8640,1,1248,1,70,72,79
"879",9046,1,3235,1,72,74,80
"880",9837,1,9362,1,69,73,77
"881",10550,1,4476,1,72,73,78
"882",10891,1,8425,1,69,71,78
"883",10983,1,3012,1,74,75,79
"884",215,1,8577,1,71,74,79
"885",270,1,4152,1,74,77,81
"886",304,1,10527,1,72,73,79
"887",402,1,2571,1,70,72,78
"888",474,1,4152,1,74,76,84
"889",891,1,6093,1,70,72,79
"890",1375,1,9212,1,73,75,79
"891",1657,1,7324,1,75,77,83
"892",1806,1,9373,1,72,73,79
"893",2346,1,304,1,74,75,80
"894",2464,1,1806,1,74,75,79
"895",2550,1,7764,1,75,77,81
"896",2716,1,10128,1,74,76,81
"897",2947,1,2758,1,74,76,82
"898",3198,1,873,1,74,76,80
"899",3359,1,6093,1,69,72,78
"900",3458,1,6967,1,74,76,80
"901",3470,1,9127,1,73,74,80
"902",3731,1,2997,1,74,76,82
"903",4039,1,570,1,71,74,79
"904",4056,1,7570,1,74,77,83
"905",5700,1,9185,1,73,76,82
"906",5938,1,9837,1,74,75,79
"907",6729,1,7329,1,72,74,80
"908",7087,1,3306,1,73,76,80
"909",7594,1,6259,1,75,77,84
"910",8145,1,9261,1,71,76,81
"911",8458,1,720,1,72,75,80
"912",9185,1,5163,1,71,72,78
"913",9387,1,3397,1,71,73,79
"914",9608,1,1193,1,72,73,78
"915",9910,1,7324,1,75,76,81
"916",10128,1,4429,1,69,73,78
"917",493,1,10570,1,75,77,83
"918",856,1,6056,1,76,77,81
"919",1643,1,3899,1,77,78,83
"920",1644,1,3836,1,77,78,82
"921",2179,1,7777,1,76,78,82
"922",3065,1,3012,1,74,76,80
"923",3455,1,2905,1,72,74,79
"924",4026,1,7779,1,76,78,84
"925",4556,1,109,1,76,78,82
"926",4671,1,6449,1,77,78,83
"927",4697,1,4155,1,71,74,79
"928",5504,1,6243,1,75,76,80
"929",5699,1,9009,1,77,78,82
"930",5707,1,6243,1,76,78,85
"931",6071,1,4155,1,72,75,81
"932",6259,1,9373,1,72,74,80
"933",6885,1,2009,1,73,75,81
"934",7149,1,1654,1,71,73,79
"935",7324,1,5733,1,72,73,79
"936",7561,1,6317,1,71,73,80
"937",7715,1,9046,1,75,78,81
"938",7882,1,2997,1,72,74,79
"939",8537,1,2113,1,75,77,82
"940",8614,1,6071,1,76,78,83
"941",8628,1,4965,1,76,77,83
"942",8906,1,4881,1,75,77,83
"943",9058,1,8941,1,72,75,80
"944",9321,1,3306,1,73,76,81
"945",9389,1,6405,1,72,75,81
"946",9446,1,3616,1,73,74,79
"947",9801,1,8735,1,72,75,80
"948",9819,1,3455,1,75,77,81
"949",10346,1,4221,1,71,73,79
"950",10385,1,304,1,74,77,83
"951",10855,1,10707,1,73,75,79
"952",10933,1,9689,1,72,74,79
"953",10954,1,6541,1,74,76,82
"954",483,1,5451,1,77,78,81
"955",849,1,6259,1,75,77,84
"956",944,1,3616,1,74,76,81
"957",1126,1,5978,1,73,75,81
"958",1380,1,10983,1,77,79,84
"959",1561,1,6652,1,72,74,80
"960",1658,1,6672,1,73,74,80
"961",1824,1,10855,1,76,78,82
"962",2143,1,6564,1,76,79,84
"963",2378,1,10855,1,76,77,81
"964",2487,1,9373,1,74,75,83
"965",2991,1,1190,1,76,77,80
"966",3468,1,6243,1,75,77,81
"967",3627,1,1590,1,74,76,81
"968",3645,1,7324,1,74,75,80
"969",3748,1,9389,1,75,78,83
"970",3765,1,6729,1,77,79,83
"971",4965,1,10127,1,71,73,80
"972",5488,1,965,1,77,79,85
"973",5539,1,5487,1,76,78,84
"974",5573,1,4901,1,76,77,81
"975",6373,1,1682,1,75,76,84
"976",6424,1,6919,1,73,75,82
"977",6563,1,9387,1,76,78,84
"978",6794,1,10550,1,76,78,83
"979",6878,1,8640,1,75,77,84
"980",6956,1,4155,1,73,74,80
"981",7519,1,2519,1,71,74,80
"982",8047,1,5504,1,77,79,85
"983",8255,1,5835,1,75,77,82
"984",8257,1,3198,1,77,79,84
"985",8382,1,7882,1,75,77,81
"986",8573,1,7329,1,73,75,80
"987",9084,1,10855,1,76,78,84
"988",9440,1,1708,1,74,76,80
"989",9933,1,9387,1,75,78,85
"990",10523,1,6071,1,77,78,82
"991",10958,1,10550,1,75,76,81
"992",167,1,5917,1,74,76,81
"993",371,1,4291,1,74,77,83
"994",428,1,10362,1,71,75,81
"995",667,1,2378,1,78,80,87
"996",679,1,4056,1,78,79,84
"997",912,1,4101,1,75,76,83
"998",999,1,7848,1,73,75,82
"999",1059,1,6449,1,78,80,86
"1000",1589,1,873,1,75,77,82
"1001",1634,1,958,1,77,79,85
"1002",1929,1,2456,1,77,78,84
"1003",2333,1,2346,1,76,78,83
"1004",2402,1,1846,1,75,78,83
"1005",2417,1,4671,1,78,80,84
"1006",3467,1,1299,1,72,74,81
"1007",4031,1,3627,1,77,80,84
"1008",4469,1,2256,1,75,79,84
"1009",5151,1,7561,1,73,75,81
"1010",5295,1,3290,1,76,80,85
"1011",5948,1,965,1,75,76,82
"1012",6149,1,1824,1,79,80,86
"1013",6539,1,5479,1,73,75,81
"1014",6825,1,6106,1,78,79,85
"1015",7564,1,2487,1,78,79,87
"1016",7817,1,8285,1,72,77,82
"1017",7936,1,5586,1,77,78,83
"1018",7998,1,3489,1,76,78,83
"1019",8400,1,6919,1,74,76,81
"1020",8456,1,958,1,76,79,84
"1021",8473,1,474,1,76,78,84
"1022",8677,1,2487,1,76,78,83
"1023",8863,1,9762,1,79,80,86
"1024",9009,1,891,1,74,76,81
"1025",9702,1,483,1,79,80,86
"1026",10635,1,6967,1,75,78,84
"1027",10675,1,7519,1,75,77,81
"1028",10809,1,3198,1,78,80,85
"1029",159,1,5876,1,80,81,86
"1030",696,1,6138,1,78,80,85
"1031",2287,1,371,1,79,81,87
"1032",3086,1,5938,1,76,78,82
"1033",3255,1,5451,1,77,79,83
"1034",3815,1,10651,1,79,80,85
"1035",3870,1,7817,1,78,80,83
"1036",3965,1,10240,1,77,81,88
"1037",4352,1,5699,1,80,81,85
"1038",4498,1,4028,1,76,78,82
"1039",5446,1,7561,1,74,75,83
"1040",5876,1,10550,1,74,78,85
"1041",5968,1,9762,1,79,80,85
"1042",5997,1,1375,1,77,78,82
"1043",6024,1,3161,1,75,77,82
"1044",6202,1,4901,1,75,77,82
"1045",6288,1,474,1,79,80,86
"1046",7360,1,5446,1,78,79,85
"1047",8002,1,9821,1,78,81,86
"1048",8961,1,6325,1,78,80,85
"1049",9040,1,9440,1,78,79,85
"1050",9281,1,8640,1,73,76,82
"1051",9755,1,428,1,76,79,84
"1052",9815,1,5479,1,73,77,83
"1053",9821,1,3455,1,75,77,83
"1054",10049,1,2947,1,77,81,87
"1055",10542,1,6106,1,77,81,86
"1056",10581,1,965,1,76,78,83
"1057",10617,1,6106,1,79,80,87
"1058",66,1,1561,1,75,77,83
"1059",81,1,999,1,79,80,85
"1060",1139,1,856,1,78,81,88
"1061",1351,1,8537,1,78,80,86
"1062",2329,1,9821,1,79,82,90
"1063",2496,1,6825,1,81,82,87
"1064",2597,1,4039,1,77,78,84
"1065",2882,1,2597,1,79,81,86
"1066",3899,1,1392,1,71,76,83
"1067",4422,1,2716,1,77,79,85
"1068",4453,1,5948,1,77,78,83
"1069",4481,1,10954,1,78,81,87
"1070",4540,1,9446,1,75,79,84
"1071",4724,1,4026,1,78,81,85
"1072",5116,1,1126,1,79,80,85
"1073",5124,1,1039,1,77,80,85
"1074",5289,1,371,1,79,81,87
"1075",5324,1,2550,1,78,81,87
"1076",5451,1,7390,1,73,76,84
"1077",5964,1,5707,1,79,80,85
"1078",6278,1,7564,1,79,80,84
"1079",6643,1,10416,1,76,78,83
"1080",6676,1,5451,1,78,79,84
"1081",7199,1,3255,1,80,82,88
"1082",7386,1,8628,1,77,79,84
"1083",8968,1,679,1,80,82,88
"1084",9181,1,1408,1,78,80,85
"1085",9332,1,6106,1,78,80,85
"1086",9662,1,6878,1,79,81,85
"1087",9762,1,6967,1,76,78,85
"1088",9989,1,9387,1,76,77,83
"1089",10546,1,3752,1,80,82,86
"1090",10651,1,5948,1,76,78,83
"1091",165,1,3202,1,80,81,86
"1092",585,1,3458,1,77,80,85
"1093",656,1,1039,1,78,79,84
"1094",988,1,3765,1,81,83,88
"1095",1110,1,2550,1,77,80,86
"1096",1342,1,3065,1,77,81,86
"1097",1368,1,4028,1,79,81,88
"1098",1408,1,3645,1,75,77,84
"1099",1567,1,6878,1,78,80,84
"1100",1594,1,5948,1,77,78,85
"1101",2644,1,9181,1,81,82,88
"1102",2849,1,2947,1,80,82,88
"1103",3007,1,1634,1,80,81,86
"1104",3752,1,8628,1,78,79,84
"1105",3760,1,5116,1,81,82,87
"1106",3951,1,9801,1,77,81,87
"1107",4855,1,849,1,79,81,84
"1108",5029,1,483,1,78,79,86
"1109",5379,1,7594,1,80,82,85
"1110",5523,1,10870,1,80,82,85
"1111",5833,1,1824,1,80,82,88
"1112",6054,1,5029,1,79,80,85
"1113",6734,1,10617,1,80,82,88
"1114",7041,1,6202,1,79,80,84
"1115",7388,1,8961,1,81,83,88
"1116",8599,1,1039,1,77,80,85
"1117",8773,1,3752,1,80,82,88
"1118",8829,1,493,1,79,82,88
"1119",8893,1,3899,1,79,81,88
"1120",9348,1,3252,1,76,78,85
"1121",9368,1,856,1,78,80,86
"1122",9518,1,3731,1,81,83,88
"1123",10085,1,7199,1,82,83,87
"1124",10232,1,6058,1,78,79,84
"1125",10859,1,2179,1,79,81,87
"1126",10888,1,7936,1,80,81,88
"1127",145,1,7386,1,79,81,85
"1128",533,1,9009,1,78,80,86
"1129",659,1,9989,1,78,80,86
"1130",702,1,8257,1,80,82,88
"1131",734,1,667,1,81,83,90
"1132",971,1,696,1,83,84,89
"1133",1240,1,8257,1,80,82,87
"1134",1326,1,5488,1,80,81,87
"1135",1534,1,4352,1,82,83,89
"1136",1548,1,2287,1,82,84,90
"1137",1857,1,3870,1,81,82,89
"1138",2017,1,3951,1,82,84,90
"1139",2114,1,9181,1,81,83,89
"1140",2233,1,8002,1,82,84,89
"1141",2544,1,1368,1,83,84,89
"1142",3202,1,2113,1,77,79,85
"1143",3560,1,3255,1,80,82,87
"1144",3877,1,5029,1,80,82,88
"1145",3916,1,3940,1,82,84,89
"1146",4568,1,8008,1,81,83,89
"1147",6510,1,9332,1,82,84,90
"1148",7395,1,4031,1,81,83,89
"1149",7606,1,912,1,78,81,88
"1150",8071,1,860,1,78,79,85
"1151",8570,1,465,1,83,84,90
"1152",8964,1,4556,1,81,82,88
"1153",9081,1,9084,1,79,82,87
"1154",9146,1,10635,1,78,80,85
"1155",9636,1,1750,1,81,83,87
"1156",9665,1,10617,1,80,82,88
"1157",39,1,10542,1,83,85,89
"1158",44,1,1346,1,82,85,90
"1159",96,1,1190,1,77,80,86
"1160",231,1,4144,1,84,85,89
"1161",465,1,1657,1,78,82,86
"1162",498,1,4422,1,82,83,89
"1163",611,1,7146,1,84,85,89
"1164",886,1,7199,1,84,85,90
"1165",997,1,3765,1,80,82,87
"1166",1346,1,6967,1,78,80,87
"1167",1750,1,3458,1,78,80,86
"1168",2071,1,10232,1,82,84,89
"1169",2523,1,9081,1,84,85,90
"1170",2857,1,7817,1,79,82,87
"1171",3076,1,9348,1,79,82,86
"1172",3355,1,1380,1,80,82,87
"1173",3597,1,3951,1,83,85,91
"1174",3746,1,7041,1,81,83,87
"1175",3777,1,2985,1,83,84,89
"1176",3940,1,8906,1,78,82,86
"1177",4502,1,6278,1,82,85,91
"1178",4862,1,4724,1,82,83,88
"1179",5424,1,2054,1,84,85,89
"1180",5743,1,6138,1,78,80,86
"1181",5947,1,7386,1,80,82,88
"1182",6031,1,1126,1,78,83,88
"1183",6568,1,3965,1,82,84,91
"1184",7023,1,4056,1,78,82,86
"1185",7169,1,3951,1,83,85,90
"1186",7229,1,8473,1,80,85,90
"1187",7273,1,3468,1,79,81,86
"1188",7353,1,2550,1,80,82,88
"1189",7456,1,4671,1,81,83,88
"1190",8008,1,10855,1,77,79,87
"1191",9011,1,7314,1,83,84,88
"1192",9958,1,8863,1,81,84,89
"1193",9984,1,6794,1,80,84,88
"1194",9990,1,3255,1,79,81,86
"1195",10222,1,2233,1,84,85,92
"1196",10378,1,3202,1,80,82,87
"1197",10407,1,7606,1,82,84,88
"1198",10826,1,667,1,82,85,92
"1199",10993,1,656,1,81,83,87
"1200",162,1,159,1,82,84,89
"1201",168,1,659,1,82,83,89
"1202",683,1,2597,1,79,80,87
"1203",820,1,10617,1,82,85,91
"1204",1617,1,4540,1,80,82,88
"1205",2025,1,6149,1,81,82,87
"1206",2409,1,8257,1,82,83,90
"1207",2689,1,5029,1,80,82,87
"1208",2985,1,6563,1,79,82,88
"1209",3001,1,3355,1,83,85,90
"1210",3050,1,2644,1,83,85,92
"1211",3133,1,10617,1,81,83,89
"1212",3303,1,2882,1,84,86,92
"1213",3316,1,3877,1,82,85,90
"1214",3486,1,5324,1,84,86,91
"1215",3606,1,7199,1,82,84,88
"1216",3937,1,4031,1,81,86,92
"1217",4098,1,9348,1,81,85,89
"1218",4303,1,4556,1,79,83,87
"1219",4660,1,10232,1,81,84,89
"1220",4712,1,5295,1,80,82,89
"1221",4908,1,8570,1,85,86,90
"1222",5393,1,997,1,84,86,91
"1223",5943,1,6024,1,79,84,88
"1224",6314,1,9636,1,84,86,94
"1225",6446,1,19,1,84,86,91
"1226",6796,1,9081,1,84,86,92
"1227",6852,1,9665,1,84,86,91
"1228",7235,1,2701,1,84,85,92
"1229",7300,1,5833,1,83,84,90
"1230",7314,1,2882,1,81,83,87
"1231",7827,1,2054,1,84,86,93
"1232",7983,1,2329,1,83,85,93
"1233",8029,1,667,1,83,85,88
"1234",8759,1,9636,1,84,85,91
"1235",8883,1,696,1,83,85,90
"1236",8916,1,165,1,82,85,89
"1237",9768,1,3951,1,82,85,89
"1238",10074,1,4422,1,80,84,88
"1239",10445,1,1059,1,81,83,89
"1240",10819,1,6676,1,81,84,88
"1241",10966,1,6278,1,81,83,87
"1242",186,1,4167,1,86,87,92
"1243",376,1,5876,1,79,83,88
"1244",639,1,4144,1,84,85,88
"1245",827,1,1307,1,86,87,96
"1246",1177,1,1326,1,83,86,91
"1247",1289,1,7817,1,78,81,88
"1248",2054,1,145,1,82,83,88
"1249",2151,1,5743,1,81,83,88
"1250",2206,1,6825,1,81,82,88
"1251",2739,1,7386,1,81,84,91
"1252",2795,1,8008,1,80,82,89
"1253",2852,1,7456,1,84,85,89
"1254",3450,1,9665,1,85,86,91
"1255",3852,1,4862,1,85,87,92
"1256",4165,1,10958,1,80,84,92
"1257",4176,1,1644,1,79,83,88
"1258",4711,1,7041,1,81,85,91
"1259",5100,1,8599,1,81,84,89
"1260",5468,1,3815,1,81,87,93
"1261",5983,1,9990,1,83,85,90
"1262",6542,1,8964,1,83,84,88
"1263",6629,1,10232,1,81,83,88
"1264",6693,1,4176,1,83,86,92
"1265",6755,1,3746,1,84,85,89
"1266",7146,1,6563,1,80,82,88
"1267",8212,1,8961,1,81,84,90
"1268",8805,1,3777,1,85,87,92
"1269",8895,1,8829,1,83,86,92
"1270",8936,1,6656,1,85,87,92
"1271",8967,1,9990,1,82,84,89
"1272",9090,1,5324,1,83,85,90
"1273",9653,1,9081,1,84,86,91
"1274",9907,1,2857,1,83,86,93
"1275",10154,1,2206,1,83,84,90
"1276",10870,1,493,1,77,79,88
"1277",10919,1,5324,1,82,86,92
"1278",19,1,6024,1,79,82,90
"1279",71,1,5983,1,86,88,95
"1280",185,1,10546,1,83,85,90
"1281",336,1,5943,1,85,86,92
"1282",686,1,10542,1,82,83,89
"1283",904,1,10859,1,84,87,91
"1284",1154,1,3765,1,80,83,89
"1285",1256,1,2017,1,85,86,90
"1286",1388,1,4144,1,84,87,92
"1287",1666,1,10546,1,84,86,92
"1288",1941,1,2071,1,85,87,94
"1289",2038,1,4855,1,83,86,91
"1290",2414,1,10085,1,85,86,93
"1291",2492,1,10859,1,83,88,93
"1292",2701,1,2795,1,83,84,90
"1293",2838,1,1059,1,83,84,90
"1294",3190,1,1110,1,82,86,93
"1295",3442,1,1534,1,84,87,94
"1296",4144,1,4453,1,80,83,89
"1297",4254,1,3355,1,83,85,91
"1298",4392,1,10919,1,87,88,93
"1299",4543,1,997,1,85,87,92
"1300",4980,1,9665,1,83,84,90
"1301",5176,1,39,1,86,88,95
"1302",5441,1,10085,1,83,85,92
"1303",5623,1,2025,1,83,87,93
"1304",5977,1,2054,1,83,85,91
"1305",6067,1,3916,1,85,87,93
"1306",6335,1,1156,1,87,88,92
"1307",6965,1,4144,1,84,85,90
"1308",7032,1,7273,1,81,83,89
"1309",7239,1,10993,1,84,85,91
"1310",7397,1,5968,1,81,83,89
"1311",7545,1,10870,1,83,84,89
"1312",7645,1,381,1,86,87,94
"1313",7686,1,2985,1,85,87,92
"1314",8428,1,10859,1,82,86,90
"1315",8569,1,9990,1,82,85,89
"1316",8817,1,4855,1,83,85,91
"1317",8820,1,10074,1,85,86,93
"1318",9103,1,7087,1,79,81,89
"1319",9693,1,10542,1,83,86,90
"1320",9860,1,2071,1,86,88,93
"1321",10068,1,7817,1,81,85,90
"1322",10207,1,8967,1,85,86,91
"1323",10256,1,971,1,84,85,89
"1324",10647,1,1548,1,85,87,93
"1325",10854,1,2882,1,82,84,91
"1326",337,1,4669,1,86,89,95
"1327",381,1,19,1,83,85,90
"1328",424,1,5393,1,87,89,97
"1329",1191,1,9693,1,87,88,93
"1330",1522,1,9011,1,87,88,93
"1331",1554,1,7456,1,84,88,94
"1332",1588,1,7686,1,88,89,94
"1333",2554,1,7545,1,85,88,94
"1334",2655,1,656,1,83,84,90
"1335",2917,1,3940,1,83,86,91
"1336",3639,1,5379,1,84,86,91
"1337",3664,1,9768,1,87,89,94
"1338",4216,1,8863,1,81,83,90
"1339",4337,1,1154,1,84,87,94
"1340",4610,1,231,1,85,87,92
"1341",4657,1,1617,1,83,85,90
"1342",4669,1,585,1,81,84,90
"1343",4926,1,5136,1,86,89,94
"1344",5136,1,4469,1,81,85,91
"1345",5416,1,3316,1,86,89,95
"1346",5971,1,4862,1,84,86,92
"1347",5985,1,10993,1,84,86,91
"1348",6053,1,1289,1,83,87,91
"1349",6162,1,3001,1,86,87,93
"1350",6268,1,659,1,81,84,90
"1351",6361,1,10647,1,87,88,95
"1352",6463,1,10132,1,87,88,94
"1353",7131,1,3355,1,83,85,91
"1354",7350,1,8863,1,81,83,90
"1355",7798,1,4772,1,87,88,92
"1356",7913,1,4711,1,85,88,91
"1357",8139,1,2054,1,84,86,92
"1358",8157,1,4303,1,85,87,91
"1359",8213,1,1548,1,84,87,93
"1360",8512,1,10647,1,88,89,95
"1361",8607,1,2523,1,87,88,93
"1362",8738,1,4502,1,87,89,96
"1363",9130,1,6755,1,88,89,95
"1364",9242,1,7273,1,81,83,90
"1365",9257,1,585,1,81,85,92
"1366",9672,1,4254,1,86,89,93
"1367",9681,1,145,1,82,85,90
"1368",9685,1,5977,1,86,88,94
"1369",9741,1,7353,1,83,88,92
"1370",9802,1,7397,1,87,89,95
"1371",10121,1,3316,1,85,88,95
"1372",10401,1,159,1,81,85,92
"1373",10823,1,4176,1,85,87,93
"1374",628,1,1534,1,84,87,95
"1375",664,1,4165,1,86,90,96
"1376",1307,1,533,1,83,85,91
"1377",1489,1,3916,1,87,89,94
"1378",2445,1,4176,1,84,85,91
"1379",3049,1,10232,1,83,85,91
"1380",3279,1,3001,1,86,87,91
"1381",3345,1,10068,1,86,89,95
"1382",3403,1,3951,1,82,87,91
"1383",3893,1,8213,1,89,90,97
"1384",4613,1,7199,1,87,88,94
"1385",5698,1,5289,1,83,85,91
"1386",5765,1,3279,1,88,89,93
"1387",6087,1,6463,1,89,90,96
"1388",6151,1,159,1,85,88,94
"1389",6400,1,376,1,84,85,93
"1390",6419,1,1156,1,88,90,94
"1391",6656,1,2496,1,84,85,91
"1392",7972,1,8428,1,87,88,95
"1393",8001,1,5289,1,83,86,91
"1394",8178,1,8936,1,88,89,93
"1395",8484,1,4980,1,85,87,91
"1396",8714,1,8484,1,89,90,96
"1397",9458,1,6965,1,85,86,92
"1398",9519,1,1554,1,89,90,97
"1399",9563,1,7239,1,85,87,95
"1400",9581,1,628,1,88,90,98
"1401",10030,1,3916,1,85,87,92
"1402",10495,1,7314,1,86,87,93
"1403",10716,1,10222,1,86,87,92
"1404",10806,1,820,1,87,88,91
"1405",90,1,7798,1,89,90,95
"1406",280,1,6067,1,88,91,97
"1407",351,1,3937,1,88,91,96
"1408",473,1,1256,1,87,89,93
"1409",1184,1,3303,1,87,88,94
"1410",1564,1,8157,1,88,90,97
"1411",2035,1,4144,1,84,87,92
"1412",2368,1,8157,1,88,91,96
"1413",2973,1,7395,1,85,88,92
"1414",3432,1,7545,1,85,87,92
"1415",3665,1,4772,1,87,89,95
"1416",3775,1,1388,1,89,91,95
"1417",4181,1,827,1,88,89,92
"1418",4214,1,2414,1,87,89,97
"1419",4602,1,3828,1,90,91,95
"1420",5228,1,2655,1,85,87,92
"1421",5644,1,3777,1,85,89,95
"1422",5802,1,9242,1,86,90,95
"1423",6555,1,376,1,86,88,94
"1424",6908,1,639,1,87,88,93
"1425",7707,1,5441,1,86,88,93
"1426",8197,1,3916,1,87,88,93
"1427",8225,1,3852,1,88,89,94
"1428",8308,1,2206,1,87,88,94
"1429",8612,1,237,1,89,91,95
"1430",8666,1,6446,1,87,88,92
"1431",8999,1,5228,1,88,91,96
"1432",9605,1,734,1,84,88,93
"1433",9836,1,5185,1,90,91,96
"1434",10132,1,10870,1,86,87,92
"1435",10568,1,3746,1,84,87,92
"1436",10872,1,3450,1,87,89,94
"1437",10941,1,9011,1,86,88,93
"1438",154,1,8964,1,84,86,93
"1439",237,1,3916,1,85,88,93
"1440",324,1,3345,1,90,92,97
"1441",1068,1,9984,1,86,89,95
"1442",1156,1,3777,1,85,86,93
"1443",1702,1,10256,1,85,87,95
"1444",1963,1,9032,1,89,90,95
"1445",2207,1,8936,1,88,89,96
"1446",2426,1,6287,1,90,92,96
"1447",2672,1,1702,1,90,92,100
"1448",2770,1,185,1,86,88,94
"1449",3584,1,5424,1,87,88,93
"1450",4167,1,734,1,84,86,93
"1451",4555,1,10132,1,88,90,96
"1452",4772,1,3940,1,84,86,93
"1453",4789,1,8936,1,88,90,95
"1454",4869,1,4613,1,89,91,96
"1455",5285,1,9880,1,91,92,97
"1456",5628,1,10068,1,86,88,93
"1457",5752,1,10256,1,86,89,99
"1458",5769,1,2377,1,91,92,98
"1459",6257,1,5644,1,90,92,98
"1460",6425,1,3190,1,87,90,94
"1461",6748,1,7645,1,88,92,96
"1462",7187,1,8213,1,89,90,95
"1463",7319,1,154,1,87,90,95
"1464",7364,1,886,1,86,89,93
"1465",8334,1,10085,1,84,86,93
"1466",8642,1,8428,1,88,90,94
"1467",8757,1,9530,1,88,89,93
"1468",8997,1,7798,1,90,92,97
"1469",9032,1,2882,1,84,87,94
"1470",9141,1,3847,1,90,92,97
"1471",9530,1,2054,1,84,87,93
"1472",10365,1,4165,1,86,87,93
"1473",272,1,2985,1,86,89,95
"1474",814,1,10495,1,88,92,96
"1475",1019,1,5971,1,87,89,96
"1476",2196,1,2035,1,89,91,97
"1477",2434,1,8308,1,90,92,96
"1478",2706,1,237,1,89,91,98
"1479",3273,1,9530,1,88,89,94
"1480",3835,1,6031,1,85,87,94
"1481",3847,1,8308,1,89,90,95
"1482",4757,1,2377,1,92,93,99
"1483",4946,1,8334,1,87,89,94
"1484",5514,1,3273,1,90,91,94
"1485",5723,1,5416,1,89,90,95
"1486",6287,1,4144,1,87,89,95
"1487",6612,1,1177,1,87,89,94
"1488",6616,1,8666,1,90,91,97
"1489",6857,1,7686,1,90,92,97
"1490",6863,1,3450,1,87,88,94
"1491",7761,1,3893,1,90,93,99
"1492",8239,1,8936,1,88,90,94
"1493",8337,1,6400,1,87,89,96
"1494",8998,1,10401,1,88,91,97
"1495",9235,1,10121,1,89,92,97
"1496",9312,1,1666,1,87,89,96
"1497",9377,1,9530,1,89,91,96
"1498",9621,1,9741,1,90,92,98
"1499",9880,1,8569,1,86,89,94
"1500",10178,1,9653,1,87,89,95
"1501",10228,1,1156,1,88,91,96
"1502",10650,1,1666,1,88,89,95
"1503",10671,1,3835,1,89,90,94
"1504",10911,1,10568,1,88,89,95
"1505",121,1,8422,1,93,94,101
"1506",293,1,7972,1,90,94,99
"1507",607,1,8150,1,91,93,98
"1508",737,1,7798,1,88,91,96
"1509",832,1,6067,1,88,91,96
"1510",1091,1,6335,1,90,93,98
"1511",1719,1,7145,1,90,92,98
"1512",2197,1,7707,1,88,90,95
"1513",2316,1,9958,1,88,90,95
"1514",2336,1,1156,1,86,90,96
"1515",2579,1,9627,1,93,94,98
"1516",2750,1,5698,1,86,88,95
"1517",3091,1,832,1,92,94,99
"1518",3112,1,8422,1,92,93,98
"1519",3145,1,8569,1,88,90,97
"1520",3369,1,5977,1,88,90,95
"1521",3434,1,1191,1,89,92,98
"1522",3698,1,4392,1,90,92,97
"1523",3706,1,3937,1,90,92,96
"1524",3828,1,10854,1,85,88,95
"1525",3956,1,6419,1,92,94,102
"1526",4018,1,4908,1,86,90,97
"1527",4636,1,9701,1,91,93,98
"1528",5185,1,9693,1,87,89,95
"1529",5659,1,3597,1,87,89,96
"1530",6371,1,8308,1,89,92,96
"1531",7018,1,8757,1,90,93,98
"1532",7109,1,3665,1,90,91,96
"1533",7145,1,2414,1,87,88,95
"1534",8080,1,832,1,92,93,100
"1535",8223,1,8197,1,89,93,98
"1536",8381,1,4872,1,92,93,100
"1537",8422,1,4926,1,90,91,97
"1538",8725,1,7187,1,91,92,98
"1539",9216,1,7131,1,86,89,96
"1540",9701,1,9685,1,90,91,96
"1541",9722,1,9130,1,91,93,97
"1542",9983,1,7665,1,92,94,98
"1543",10064,1,2852,1,86,88,95
"1544",10457,1,424,1,90,91,99
"1545",172,1,628,1,88,90,96
"1546",1260,1,8422,1,92,94,98
"1547",2377,1,5424,1,87,90,96
"1548",2412,1,6555,1,90,91,97
"1549",2577,1,10650,1,92,94,99
"1550",2848,1,3847,1,91,93,97
"1551",3013,1,8666,1,90,94,99
"1552",3061,1,2368,1,92,93,99
"1553",3278,1,9458,1,87,89,96
"1554",3580,1,4757,1,94,95,100
"1555",3722,1,2973,1,90,92,97
"1556",4314,1,10457,1,93,94,99
"1557",4439,1,1522,1,92,94,99
"1558",4473,1,5514,1,93,95,100
"1559",4521,1,3828,1,90,91,96
"1560",4532,1,7827,1,89,91,96
"1561",4694,1,7187,1,91,93,99
"1562",4872,1,3639,1,88,90,97
"1563",5138,1,7972,1,89,91,96
"1564",5150,1,1564,1,92,95,100
"1565",5278,1,2377,1,92,95,100
"1566",5530,1,8157,1,89,92,99
"1567",6252,1,10671,1,91,92,99
"1568",6469,1,3893,1,92,95,101
"1569",7180,1,7364,1,90,93,99
"1570",7255,1,6252,1,93,94,100
"1571",7665,1,3584,1,90,91,96
"1572",7854,1,6087,1,91,93,98
"1573",8106,1,8997,1,93,95,100
"1574",8282,1,7145,1,89,91,96
"1575",8675,1,4555,1,91,92,97
"1576",9282,1,1068,1,90,92,98
"1577",9932,1,7364,1,90,93,98
"1578",10010,1,10650,1,89,92,96
"1579",10094,1,5723,1,91,92,96
"1580",10331,1,7665,1,92,95,99
"1581",10392,1,351,1,92,94,100
"1582",10606,1,9701,1,92,94,97
"1583",10810,1,4555,1,92,94,99
"1584",294,1,5802,1,91,93,97
"1585",526,1,280,1,94,95,100
"1586",711,1,9722,1,94,96,101
"1587",740,1,734,1,85,89,97
"1588",1025,1,2672,1,94,95,101
"1589",1354,1,8998,1,91,92,99
"1590",1364,1,9130,1,90,92,97
"1591",1476,1,9627,1,93,95,101
"1592",1584,1,6974,1,94,95,101
"1593",1778,1,2412,1,92,94,98
"1594",1913,1,1578,1,95,96,102
"1595",2395,1,7187,1,92,94,99
"1596",2796,1,2377,1,91,93,97
"1597",3083,1,8308,1,88,91,97
"1598",3131,1,1260,1,94,96,100
"1599",4760,1,8998,1,91,93,98
"1600",4927,1,904,1,89,92,97
"1601",5078,1,8239,1,91,94,99
"1602",5688,1,8999,1,92,94,101
"1603",5749,1,3188,1,95,96,100
"1604",5951,1,8235,1,93,95,100
"1605",6256,1,10671,1,91,94,99
"1606",6974,1,7109,1,92,93,101
"1607",7266,1,8223,1,94,96,100
"1608",7461,1,664,1,91,94,101
"1609",7689,1,7187,1,91,92,97
"1610",8103,1,5285,1,93,95,100
"1611",8150,1,1564,1,90,91,97
"1612",8235,1,8337,1,90,92,98
"1613",8345,1,10132,1,91,92,97
"1614",8350,1,8308,1,90,92,98
"1615",8362,1,6863,1,90,96,100
"1616",8849,1,2336,1,92,94,101
"1617",9308,1,3847,1,91,93,97
"1618",9356,1,9377,1,93,94,100
"1619",9409,1,2796,1,94,95,99
"1620",9627,1,3584,1,89,92,99
"1621",10200,1,832,1,91,93,97
"1622",3,1,1364,1,94,97,101
"1623",223,1,7952,1,95,96,103
"1624",721,1,8223,1,94,96,101
"1625",933,1,1025,1,96,97,101
"1626",1204,1,4694,1,94,95,100
"1627",1401,1,1068,1,90,94,99
"1628",2057,1,6257,1,93,96,101
"1629",2091,1,10729,1,95,96,103
"1630",2255,1,4543,1,90,93,99
"1631",2558,1,6446,1,89,93,100
"1632",2688,1,5567,1,96,97,102
"1633",2787,1,2368,1,92,95,101
"1634",2926,1,351,1,91,94,99
"1635",3362,1,2063,1,96,97,103
"1636",3379,1,10228,1,95,97,102
"1637",3438,1,8045,1,93,97,101
"1638",3856,1,7665,1,92,94,98
"1639",4156,1,10810,1,95,97,102
"1640",4407,1,1091,1,95,97,103
"1641",4559,1,3083,1,93,95,100
"1642",4579,1,5567,1,96,97,104
"1643",4735,1,3083,1,92,93,99
"1644",5044,1,1364,1,93,95,101
"1645",5544,1,5285,1,94,96,103
"1646",5567,1,8675,1,94,95,100
"1647",6169,1,2063,1,95,97,102
"1648",6396,1,3013,1,95,97,102
"1649",6813,1,90,1,92,93,98
"1650",6973,1,5628,1,89,92,99
"1651",7306,1,8997,1,93,95,101
"1652",7516,1,6163,1,95,96,101
"1653",7623,1,2672,1,93,94,99
"1654",7971,1,7376,1,94,97,100
"1655",8136,1,1401,1,95,96,102
"1656",8220,1,6163,1,94,97,101
"1657",8638,1,8769,1,93,95,99
"1658",8660,1,2770,1,92,95,100
"1659",8669,1,4757,1,95,96,100
"1660",8807,1,5100,1,86,89,99
"1661",9385,1,10810,1,95,97,104
"1662",9388,1,280,1,92,94,98
"1663",9781,1,4392,1,92,94,98
"1664",10040,1,7187,1,90,92,98
"1665",10845,1,280,1,93,96,100
"1666",45,1,9621,1,94,95,101
"1667",932,1,2848,1,96,98,103
"1668",992,1,3112,1,94,97,100
"1669",1693,1,4636,1,95,97,102
"1670",2063,1,8998,1,92,94,102
"1671",2405,1,1578,1,96,97,102
"1672",3188,1,8714,1,92,94,101
"1673",3857,1,10810,1,95,96,101
"1674",3874,1,9356,1,95,97,104
"1675",4411,1,4532,1,92,94,99
"1676",4594,1,3128,1,97,98,104
"1677",4825,1,9581,1,92,93,99
"1678",5179,1,9932,1,94,96,101
"1679",5652,1,9282,1,94,96,101
"1680",7317,1,7109,1,92,95,100
"1681",7376,1,5514,1,91,93,100
"1682",7524,1,4760,1,94,95,100
"1683",7952,1,2377,1,91,93,101
"1684",8045,1,2492,1,90,92,100
"1685",8280,1,10441,1,94,95,99
"1686",8593,1,7952,1,95,96,103
"1687",8647,1,7018,1,94,96,104
"1688",8654,1,737,1,94,96,100
"1689",8769,1,424,1,90,92,99
"1690",9957,1,9722,1,95,96,101
"1691",10441,1,4872,1,91,94,99
"1692",10672,1,45,1,97,98,103
"1693",10758,1,71,1,90,94,100
"1694",10873,1,9722,1,94,95,100
"1695",318,1,6469,1,96,99,104
"1696",587,1,5951,1,96,98,104
"1697",1132,1,2577,1,95,97,104
"1698",1371,1,223,1,97,99,105
"1699",1402,1,2336,1,93,98,106
"1700",1486,1,9409,1,96,98,103
"1701",1578,1,10806,1,89,95,100
"1702",1694,1,9983,1,95,98,104
"1703",1883,1,223,1,97,98,103
"1704",2442,1,3362,1,97,98,102
"1705",3493,1,9627,1,93,96,100
"1706",3603,1,5530,1,95,97,103
"1707",3767,1,294,1,94,97,106
"1708",4150,1,5150,1,97,98,105
"1709",4208,1,6435,1,98,99,103
"1710",4430,1,3091,1,96,99,104
"1711",4644,1,3091,1,95,97,102
"1712",4931,1,9235,1,95,97,102
"1713",5389,1,6256,1,95,97,101
"1714",6027,1,2336,1,92,93,102
"1715",6273,1,6973,1,94,96,100
"1716",6492,1,1578,1,96,98,102
"1717",6670,1,4760,1,95,98,102
"1718",6986,1,8669,1,96,99,107
"1719",7100,1,7854,1,93,95,100
"1720",7103,1,10200,1,95,98,103
"1721",7771,1,7018,1,94,96,101
"1722",7916,1,8642,1,92,96,101
"1723",7995,1,4559,1,96,97,106
"1724",8896,1,737,1,95,97,101
"1725",9204,1,4532,1,91,96,104
"1726",9364,1,2926,1,94,96,101
"1727",9591,1,6813,1,95,97,101
"1728",9991,1,10319,1,97,98,104
"1729",10205,1,7516,1,97,98,104
"1730",10906,1,3856,1,95,98,105
"1731",75,1,5514,1,92,94,102
"1732",334,1,4694,1,96,98,105
"1733",812,1,7063,1,98,99,103
"1734",813,1,1371,1,99,100,104
"1735",1208,1,9836,1,93,95,101
"1736",1295,1,7306,1,98,99,106
"1737",1439,1,4559,1,96,98,102
"1738",1569,1,3091,1,95,99,104
"1739",1807,1,9983,1,95,96,102
"1740",2127,1,1913,1,99,100,105
"1741",2224,1,10810,1,95,97,103
"1742",2423,1,607,1,94,95,101
"1743",2460,1,75,1,98,99,105
"1744",2741,1,7689,1,94,96,102
"1745",2794,1,8757,1,91,94,102
"1746",3128,1,2091,1,96,97,103
"1747",3238,1,293,1,95,97,103
"1748",3239,1,1364,1,93,96,101
"1749",3516,1,6813,1,96,98,103
"1750",3808,1,8849,1,96,98,104
"1751",3834,1,1476,1,97,99,103
"1752",4487,1,5138,1,92,96,101
"1753",4799,1,7916,1,97,100,105
"1754",4829,1,10331,1,97,99,103
"1755",4868,1,7255,1,95,97,101
"1756",5292,1,7516,1,97,99,103
"1757",5473,1,1476,1,98,99,104
"1758",5579,1,8223,1,94,96,102
"1759",5709,1,5544,1,97,100,104
"1760",5795,1,721,1,97,99,104
"1761",5825,1,3239,1,97,98,104
"1762",6033,1,711,1,97,100,104
"1763",6102,1,10331,1,96,98,102
"1764",6495,1,5749,1,97,99,104
"1765",6596,1,6273,1,97,100,106
"1766",6933,1,8220,1,98,100,106
"1767",6987,1,9722,1,95,97,103
"1768",7523,1,8422,1,95,99,103
"1769",7724,1,6882,1,96,99,103
"1770",8182,1,721,1,97,100,106
"1771",8635,1,10729,1,97,98,101
"1772",8778,1,6469,1,96,98,104
"1773",8935,1,6813,1,96,98,102
"1774",9134,1,4156,1,97,98,103
"1775",10133,1,7018,1,94,96,102
"1776",10332,1,7100,1,96,98,104
"1777",10729,1,5530,1,94,95,101
"1778",16,1,1486,1,99,101,106
"1779",107,1,34,1,99,100,106
"1780",329,1,7524,1,97,100,106
"1781",338,1,4644,1,98,99,107
"1782",645,1,5285,1,93,95,102
"1783",968,1,5150,1,96,98,103
"1784",1357,1,3362,1,97,98,102
"1785",1827,1,2057,1,97,100,105
"1786",2890,1,8997,1,94,96,102
"1787",3474,1,9356,1,94,97,104
"1788",3708,1,6346,1,100,101,106
"1789",5340,1,10810,1,96,98,103
"1790",5803,1,7854,1,95,97,103
"1791",6163,1,4869,1,93,94,102
"1792",6433,1,5803,1,99,100,106
"1793",6673,1,6987,1,97,98,104
"1794",6882,1,10457,1,92,94,102
"1795",7063,1,5044,1,95,96,103
"1796",7242,1,8654,1,97,99,105
"1797",7714,1,3112,1,94,97,102
"1798",7858,1,1401,1,97,99,104
"1799",7955,1,2796,1,95,96,102
"1800",8109,1,10873,1,96,97,103
"1801",8228,1,6102,1,99,101,105
"1802",8472,1,7761,1,94,96,102
"1803",8508,1,3379,1,97,98,103
"1804",9435,1,10729,1,96,99,103
"1805",9711,1,2796,1,95,97,103
"1806",9806,1,8725,1,97,100,105
"1807",10146,1,9535,1,99,101,105
"1808",10319,1,7952,1,94,96,102
"1809",10376,1,2558,1,94,97,105
"1810",10386,1,6435,1,98,100,105
"1811",10695,1,3379,1,100,101,107
"1812",548,1,4636,1,95,96,103
"1813",615,1,7103,1,98,99,105
"1814",1166,1,6163,1,95,97,105
"1815",1334,1,1204,1,96,98,103
"1816",1633,1,1025,1,95,97,103
"1817",1891,1,5803,1,98,100,105
"1818",2111,1,7306,1,96,98,105
"1819",2413,1,9435,1,99,101,105
"1820",2736,1,3128,1,99,101,107
"1821",2745,1,1883,1,100,102,107
"1822",2806,1,7018,1,95,97,104
"1823",3399,1,5795,1,101,102,107
"1824",4037,1,711,1,97,99,106
"1825",4573,1,1584,1,96,98,103
"1826",4655,1,992,1,98,99,103
"1827",4777,1,7516,1,97,100,106
"1828",4996,1,9991,1,99,101,107
"1829",5223,1,318,1,99,100,106
"1830",5346,1,8362,1,99,100,105
"1831",5666,1,587,1,98,99,103
"1832",5697,1,7714,1,98,99,103
"1833",5920,1,10017,1,98,100,105
"1834",5936,1,3493,1,97,98,103
"1835",6080,1,5652,1,97,100,106
"1836",6346,1,9409,1,97,99,105
"1837",6435,1,10758,1,95,96,103
"1838",7238,1,10606,1,95,97,103
"1839",7418,1,2806,1,99,101,106
"1840",7737,1,4037,1,101,102,108
"1841",8140,1,8106,1,96,97,103
"1842",8227,1,8106,1,96,97,103
"1843",8248,1,9204,1,98,99,104
"1844",8303,1,3874,1,100,101,106
"1845",9091,1,8896,1,98,100,104
"1846",9096,1,4473,1,96,99,103
"1847",9205,1,5150,1,97,99,104
"1848",9229,1,4573,1,100,101,107
"1849",9322,1,1693,1,98,102,107
"1850",9334,1,4904,1,99,101,106
"1851",9582,1,812,1,101,102,108
"1852",9756,1,7306,1,95,98,103
"1853",10017,1,9781,1,95,97,103
"1854",10071,1,121,1,96,98,104
"1855",10123,1,3603,1,99,101,108
"1856",10447,1,4579,1,99,101,105
"1857",10468,1,615,1,99,101,105
"1858",10634,1,6492,1,99,100,106
"1859",10805,1,2672,1,95,101,106
"1860",34,1,7854,1,97,99,107
"1861",286,1,3493,1,99,101,107
"1862",426,1,4904,1,99,101,107
"1863",1748,1,5709,1,100,103,107
"1864",2967,1,5150,1,95,99,105
"1865",3769,1,5473,1,99,102,107
"1866",4177,1,7255,1,96,98,104
"1867",4432,1,4868,1,99,102,107
"1868",4904,1,1208,1,97,98,104
"1869",4944,1,8942,1,101,103,109
"1870",5598,1,1295,1,100,101,110
"1871",5768,1,1334,1,99,101,107
"1872",5799,1,3474,1,98,100,105
"1873",6083,1,6346,1,101,102,105
"1874",6491,1,9435,1,101,102,107
"1875",6557,1,5697,1,100,102,106
"1876",7356,1,7242,1,99,100,106
"1877",7441,1,10441,1,96,101,106
"1878",7479,1,4430,1,101,103,108
"1879",8542,1,2224,1,98,100,104
"1880",8699,1,223,1,98,102,107
"1881",8705,1,8896,1,98,100,107
"1882",8717,1,8635,1,98,100,105
"1883",8775,1,5567,1,98,100,104
"1884",8846,1,1827,1,100,102,107
"1885",8942,1,6027,1,95,99,105
"1886",9152,1,34,1,100,102,110
"1887",9535,1,711,1,97,98,105
"1888",9562,1,3474,1,99,101,106
"1889",9604,1,1401,1,95,98,104
"1890",10344,1,318,1,102,103,107
"1891",10737,1,6433,1,102,103,109
"1892",10765,1,2460,1,100,102,109
"1893",380,1,1694,1,100,101,106
"1894",384,1,318,1,99,101,107
"1895",1426,1,2736,1,103,104,109
"1896",1547,1,10228,1,91,99,106
"1897",2271,1,7916,1,97,99,105
"1898",2573,1,1334,1,99,102,106
"1899",2629,1,1693,1,98,100,107
"1900",3100,1,1693,1,100,102,109
"1901",3122,1,1439,1,99,101,106
"1902",3352,1,2442,1,99,100,106
"1903",4533,1,5454,1,100,102,106
"1904",4617,1,1025,1,96,99,105
"1905",4928,1,9364,1,97,101,105
"1906",4982,1,7955,1,98,100,106
"1907",5300,1,4655,1,100,102,108
"1908",5454,1,3131,1,97,98,105
"1909",5941,1,2063,1,95,99,105
"1910",6613,1,7013,1,101,103,108
"1911",6759,1,4655,1,99,100,106
"1912",7013,1,3516,1,98,100,105
"1913",7673,1,2271,1,100,104,109
"1914",8187,1,8109,1,101,103,108
"1915",8297,1,10614,1,101,103,106
"1916",8728,1,6987,1,98,100,105
"1917",8767,1,9096,1,100,103,109
"1918",8911,1,1439,1,99,100,106
"1919",9207,1,4617,1,99,102,107
"1920",9253,1,4156,1,98,100,106
"1921",9775,1,1132,1,98,102,108
"1922",10193,1,3769,1,102,103,109
"1923",10614,1,9388,1,97,100,105
"1924",10699,1,5300,1,102,104,108
"1925",10940,1,2787,1,99,100,105
"1926",91,1,1827,1,102,103,111
"1927",238,1,1694,1,100,101,107
"1928",346,1,10758,1,99,102,106
"1929",1047,1,548,1,102,104,111
"1930",1355,1,9385,1,98,100,106
"1931",2116,1,9388,1,95,98,106
"1932",2199,1,1371,1,102,103,107
"1933",2321,1,4757,1,94,100,106
"1934",3104,1,9091,1,101,102,109
"1935",3263,1,10376,1,99,101,106
"1936",4330,1,3769,1,102,104,110
"1937",4364,1,7063,1,99,101,107
"1938",4739,1,8187,1,103,104,112
"1939",5375,1,9152,1,104,105,109
"1940",5438,1,2806,1,98,100,106
"1941",6044,1,992,1,98,101,107
"1942",6186,1,7100,1,97,102,108
"1943",6328,1,3826,1,104,105,111
"1944",6969,1,338,1,100,102,107
"1945",7164,1,1891,1,102,104,109
"1946",7444,1,4617,1,100,102,107
"1947",7587,1,238,1,102,104,109
"1948",9025,1,5936,1,100,102,107
"1949",9505,1,1355,1,100,102,106
"1950",9525,1,10335,1,103,105,110
"1951",9764,1,5795,1,101,103,108
"1952",9773,1,8182,1,101,105,109
"1953",9961,1,8728,1,103,104,109
"1954",9967,1,4718,1,102,103,108
"1955",10032,1,1439,1,100,102,109
"1956",10147,1,2005,1,104,105,111
"1957",10409,1,5697,1,100,101,107
"1958",10733,1,1402,1,99,101,109
"1959",635,1,7479,1,104,106,111
"1960",835,1,3379,1,101,103,107
"1961",1155,1,8767,1,105,106,112
"1962",1376,1,4594,1,101,103,108
"1963",1487,1,238,1,102,104,109
"1964",1822,1,7418,1,102,103,109
"1965",1902,1,4928,1,101,103,109
"1966",2212,1,2460,1,100,103,108
"1967",2247,1,9152,1,104,106,112
"1968",2421,1,10614,1,102,105,110
"1969",2491,1,6140,1,105,106,111
"1970",3096,1,9091,1,101,103,108
"1971",3373,1,6969,1,103,104,109
"1972",3763,1,4617,1,100,102,109
"1973",4011,1,10205,1,99,102,108
"1974",4544,1,4037,1,101,104,109
"1975",4718,1,7242,1,100,101,108
"1976",5276,1,238,1,102,105,112
"1977",5503,1,3100,1,103,105,110
"1978",5702,1,9244,1,104,105,109
"1979",6504,1,5825,1,101,103,107
"1980",6808,1,4594,1,99,101,108
"1981",6961,1,5709,1,101,103,109
"1982",7044,1,10344,1,104,105,110
"1983",7077,1,4037,1,101,104,109
"1984",7281,1,2111,1,101,104,111
"1985",7592,1,2321,1,102,106,112
"1986",8055,1,2967,1,100,102,107
"1987",8092,1,10344,1,104,106,112
"1988",8396,1,6433,1,101,103,109
"1989",9344,1,6596,1,102,104,109
"1990",9460,1,384,1,103,104,109
"1991",10119,1,7587,1,105,106,111
"1992",15,1,7441,1,102,104,108
"1993",233,1,5920,1,101,103,110
"1994",758,1,9152,1,103,105,111
"1995",973,1,7479,1,104,105,111
"1996",978,1,8717,1,101,106,110
"1997",1037,1,6186,1,103,106,112
"1998",1454,1,9775,1,103,105,110
"1999",1549,1,2460,1,100,104,109
"2000",1840,1,10409,1,103,104,109
"2001",1895,1,10123,1,103,107,111
"2002",2610,1,933,1,99,104,109
"2003",3000,1,233,1,104,105,110
"2004",3113,1,8778,1,100,102,110
"2005",3165,1,6346,1,100,103,109
"2006",3726,1,10032,1,103,105,111
"2007",3913,1,1694,1,99,103,108
"2008",4040,1,10857,1,105,107,111
"2009",4535,1,10193,1,105,107,113
"2010",4571,1,6102,1,100,103,108
"2011",5466,1,2745,1,104,105,111
"2012",6204,1,9134,1,99,103,108
"2013",6464,1,7592,1,106,107,114
"2014",6890,1,9322,1,103,105,109
"2015",7370,1,7164,1,106,107,114
"2016",7413,1,8728,1,101,104,108
"2017",7800,1,6491,1,104,106,113
"2018",7980,1,5936,1,100,102,108
"2019",8355,1,3104,1,103,107,112
"2020",8547,1,4944,1,104,106,113
"2021",9154,1,9460,1,105,107,114
"2022",9244,1,8228,1,102,103,110
"2023",9395,1,10447,1,102,104,109
"2024",9567,1,3096,1,105,106,113
"2025",9951,1,7242,1,100,104,108
"2026",10292,1,6165,1,105,106,111
"2027",10403,1,4928,1,102,103,108
"2028",10567,1,6044,1,102,103,108
"2029",10857,1,8717,1,102,105,111
"2030",232,1,3913,1,104,106,112
"2031",731,1,8825,1,107,108,113
"2032",1064,1,10403,1,105,108,112
"2033",1572,1,7633,1,107,108,113
"2034",1587,1,7441,1,102,104,109
"2035",1646,1,5135,1,105,107,113
"2036",2005,1,7242,1,102,104,109
"2037",2117,1,5135,1,106,107,110
"2038",2404,1,6557,1,105,108,114
"2039",2531,1,10765,1,104,107,112
"2040",3045,1,2745,1,103,106,111
"2041",3826,1,10614,1,101,103,109
"2042",4002,1,3913,1,104,105,110
"2043",4457,1,2212,1,104,105,110
"2044",4516,1,10695,1,102,105,110
"2045",4546,1,4533,1,104,106,112
"2046",5989,1,10733,1,104,106,112
"2047",6140,1,380,1,102,105,112
"2048",6165,1,7418,1,102,103,109
"2049",6590,1,9806,1,103,106,110
"2050",6740,1,2413,1,102,104,110
"2051",6775,1,8303,1,102,104,112
"2052",7517,1,10737,1,104,108,114
"2053",7631,1,4546,1,106,107,113
"2054",8322,1,2413,1,102,105,109
"2055",8446,1,6492,1,101,104,109
"2056",8534,1,9229,1,102,105,109
"2057",8536,1,6346,1,100,101,109
"2058",8554,1,3352,1,102,104,110
"2059",8709,1,835,1,105,107,113
"2060",8810,1,3122,1,102,103,109
"2061",9184,1,2247,1,107,108,112
"2062",9254,1,6328,1,106,108,116
"2063",9420,1,9207,1,103,105,111
"2064",9630,1,3708,1,103,105,111
"2065",9680,1,6083,1,104,106,110
"2066",9692,1,1355,1,102,103,110
"2067",9902,1,9205,1,103,105,112
"2068",9978,1,8554,1,104,107,111
"2069",10054,1,6759,1,102,104,109
"2070",10202,1,2212,1,104,107,111
"2071",10335,1,5438,1,101,103,109
"2072",10391,1,10205,1,101,104,112
"2073",10466,1,3286,1,106,107,112
"2074",10735,1,232,1,107,108,113
"2075",1182,1,7523,1,101,102,110
"2076",1545,1,1487,1,105,107,112
"2077",1570,1,3726,1,105,108,114
"2078",1630,1,2327,1,103,105,111
"2079",1919,1,3826,1,106,107,113
"2080",2279,1,1549,1,105,107,112
"2081",2327,1,6670,1,100,102,110
"2082",2422,1,3373,1,106,109,116
"2083",2451,1,1549,1,105,107,112
"2084",2561,1,6764,1,107,108,113
"2085",3553,1,2736,1,103,106,112
"2086",4421,1,2199,1,104,105,110
"2087",4444,1,3122,1,103,104,110
"2088",4465,1,9190,1,106,108,113
"2089",4770,1,6764,1,106,108,113
"2090",5135,1,2442,1,101,104,110
"2091",5716,1,4533,1,103,105,111
"2092",5736,1,3694,1,107,109,113
"2093",6461,1,8554,1,105,107,115
"2094",6556,1,10147,1,105,107,114
"2095",6560,1,1037,1,107,109,115
"2096",6668,1,3122,1,102,104,110
"2097",6716,1,6740,1,105,108,115
"2098",6764,1,10695,1,103,105,110
"2099",7179,1,2005,1,104,105,110
"2100",7536,1,7523,1,102,105,110
"2101",7633,1,4444,1,105,107,113
"2102",7925,1,3399,1,103,104,110
"2103",7978,1,9773,1,106,109,118
"2104",8605,1,3104,1,103,107,113
"2105",9190,1,5346,1,102,105,110
"2106",9427,1,2199,1,104,108,115
"2107",9682,1,2491,1,107,108,112
"2108",9885,1,9961,1,105,106,111
"2109",100,1,2272,1,106,108,112
"2110",161,1,7800,1,109,110,116
"2111",207,1,549,1,108,109,113
"2112",527,1,8825,1,108,109,114
"2113",782,1,7673,1,105,107,111
"2114",938,1,3000,1,106,108,113
"2115",1345,1,8825,1,107,110,116
"2116",1399,1,8446,1,105,109,114
"2117",1624,1,2005,1,107,110,113
"2118",2080,1,1037,1,107,109,116
"2119",2248,1,6764,1,107,108,112
"2120",2272,1,3165,1,104,105,111
"2121",2731,1,1646,1,108,110,115
"2122",3542,1,7413,1,105,110,116
"2123",3650,1,3045,1,108,110,115
"2124",3694,1,7444,1,103,106,112
"2125",4183,1,8554,1,107,108,113
"2126",5002,1,4330,1,105,109,117
"2127",6047,1,6504,1,105,107,112
"2128",6815,1,9775,1,104,106,111
"2129",6910,1,8534,1,106,107,111
"2130",6991,1,8605,1,108,109,115
"2131",7896,1,6590,1,107,110,114
"2132",8387,1,2855,1,109,110,114
"2133",8596,1,1748,1,104,106,111
"2134",8825,1,10146,1,104,106,111
"2135",9092,1,2272,1,106,109,114
"2136",9313,1,5112,1,108,110,115
"2137",9412,1,2404,1,109,110,116
"2138",9695,1,8396,1,104,107,113
"2139",10099,1,7164,1,104,106,112
"2140",10172,1,10292,1,107,108,112
"2141",10221,1,7013,1,102,106,113
"2142",10364,1,4544,1,105,106,113
"2143",10487,1,4002,1,106,108,113
"2144",10649,1,3000,1,106,109,114
"2145",10696,1,8092,1,108,109,113
"2146",10762,1,7441,1,103,106,111
"2147",10821,1,3913,1,105,108,112
"2148",136,1,9567,1,107,108,114
"2149",614,1,2244,1,109,111,117
"2150",772,1,8534,1,106,107,113
"2151",1287,1,5276,1,107,109,114
"2152",1583,1,10561,1,109,111,117
"2153",1722,1,2247,1,108,110,114
"2154",2244,1,1748,1,105,108,113
"2155",2350,1,7633,1,108,110,114
"2156",2879,1,10466,1,107,108,115
"2157",3125,1,9967,1,106,109,113
"2158",3274,1,4571,1,104,106,112
"2159",3454,1,8605,1,109,111,117
"2160",3497,1,2272,1,106,107,113
"2161",4147,1,2117,1,108,110,115
"2162",4839,1,8596,1,108,109,115
"2163",4867,1,9682,1,108,110,115
"2164",5753,1,7517,1,109,110,115
"2165",6098,1,5702,1,106,110,116
"2166",6474,1,6740,1,106,108,117
"2167",7212,1,527,1,110,111,116
"2168",7362,1,10466,1,108,110,114
"2169",8869,1,9184,1,109,111,118
"2170",8959,1,938,1,109,111,117
"2171",9299,1,10391,1,107,109,113
"2172",10174,1,5375,1,107,110,116
"2173",10316,1,527,1,109,110,115
"2174",10927,1,8709,1,109,111,115
"2175",462,1,5717,1,111,112,117
"2176",549,1,2005,1,106,107,113
"2177",1220,1,2080,1,110,112,117
"2178",1962,1,10119,1,107,110,117
"2179",2855,1,9525,1,106,108,114
"2180",3286,1,6033,1,101,105,113
"2181",3652,1,9344,1,107,109,114
"2182",3878,1,9439,1,109,110,115
"2183",4637,1,3694,1,108,110,116
"2184",5045,1,2451,1,108,109,114
"2185",5109,1,1570,1,110,112,117
"2186",5112,1,8187,1,105,107,113
"2187",5178,1,6285,1,110,112,118
"2188",5214,1,10202,1,108,109,113
"2189",5717,1,10364,1,108,109,114
"2190",5807,1,10487,1,110,112,117
"2191",5913,1,10649,1,110,112,117
"2192",5929,1,5214,1,110,112,117
"2193",6166,1,2080,1,110,111,115
"2194",6285,1,3274,1,108,109,114
"2195",6391,1,1487,1,105,106,113
"2196",7219,1,5466,1,107,109,114
"2197",8060,1,9025,1,104,106,113
"2198",8189,1,7633,1,109,112,117
"2199",8306,1,549,1,109,111,117
"2200",8339,1,232,1,107,108,115
"2201",8615,1,1155,1,108,109,114
"2202",8901,1,10292,1,107,109,117
"2203",9149,1,10147,1,107,108,114
"2204",9166,1,2855,1,109,110,115
"2205",9648,1,6590,1,108,110,115
"2206",560,1,6166,1,112,113,118
"2207",979,1,549,1,108,110,117
"2208",1492,1,8825,1,108,109,114
"2209",3121,1,6461,1,108,110,116
"2210",3938,1,9680,1,109,110,115
"2211",4082,1,3553,1,108,111,115
"2212",4084,1,6328,1,108,110,116
"2213",4511,1,1895,1,108,110,115
"2214",4834,1,2117,1,108,110,116
"2215",4972,1,3553,1,107,109,114
"2216",5093,1,7631,1,108,109,116
"2217",5162,1,10649,1,110,111,117
"2218",5168,1,1492,1,109,110,115
"2219",5535,1,8355,1,111,112,121
"2220",5546,1,2272,1,107,109,114
"2221",5794,1,7362,1,111,113,118
"2222",6032,1,9695,1,108,109,116
"2223",6040,1,1570,1,110,113,118
"2224",6323,1,100,1,110,112,119
"2225",6503,1,2421,1,105,111,116
"2226",6547,1,7479,1,104,107,114
"2227",6553,1,10696,1,110,111,117
"2228",6929,1,3650,1,111,113,118
"2229",7021,1,7633,1,109,112,118
"2230",7855,1,6556,1,109,110,117
"2231",8095,1,8322,1,108,110,117
"2232",8124,1,1487,1,107,111,117
"2233",8198,1,1492,1,110,113,117
"2234",8406,1,6285,1,110,112,116
"2235",8685,1,5168,1,111,113,118
"2236",8947,1,9184,1,109,110,114
"2237",9201,1,4516,1,107,110,116
"2238",9439,1,10762,1,107,109,114
"2239",10398,1,3826,1,104,106,114
"2240",10561,1,8396,1,105,108,114
"2241",10781,1,10466,1,109,113,117
"2242",264,1,2080,1,110,111,118
"2243",950,1,2531,1,108,111,116
"2244",1531,1,9439,1,110,111,115
"2245",1942,1,2974,1,112,114,120
"2246",2014,1,10821,1,110,111,116
"2247",2530,1,731,1,110,111,117
"2248",2686,1,9149,1,110,114,121
"2249",2834,1,3650,1,111,112,117
"2250",2974,1,10821,1,109,111,115
"2251",3667,1,9412,1,111,114,120
"2252",3729,1,8984,1,113,114,118
"2253",4640,1,938,1,109,111,118
"2254",4860,1,9902,1,108,110,115
"2255",5332,1,1399,1,110,113,120
"2256",5411,1,5162,1,112,113,120
"2257",5705,1,4637,1,111,112,116
"2258",6262,1,6560,1,111,112,115
"2259",6457,1,4465,1,109,110,115
"2260",6934,1,9184,1,109,111,115
"2261",6958,1,10172,1,110,111,117
"2262",7130,1,10172,1,109,111,117
"2263",7191,1,5807,1,112,114,120
"2264",7430,1,8095,1,111,112,117
"2265",8153,1,9299,1,110,112,118
"2266",9899,1,2855,1,109,112,117
"2267",10079,1,2350,1,112,114,120
"2268",10266,1,9961,1,106,109,115
"2269",10295,1,7267,1,113,114,119
"2270",10759,1,4860,1,111,114,119
"2271",10921,1,10174,1,111,113,118
"2272",292,1,462,1,113,114,118
"2273",755,1,8880,1,112,114,118
"2274",1816,1,7021,1,113,115,120
"2275",2222,1,10767,1,113,115,120
"2276",2420,1,7675,1,113,115,121
"2277",2718,1,5705,1,113,114,118
"2278",3066,1,3842,1,114,115,119
"2279",4209,1,1919,1,108,112,118
"2280",4302,1,6560,1,110,111,116
"2281",5096,1,8869,1,111,112,117
"2282",5241,1,1287,1,110,113,118
"2283",6112,1,5209,1,113,114,119
"2284",6488,1,10466,1,109,111,117
"2285",6588,1,1531,1,111,114,120
"2286",6858,1,7212,1,112,115,121
"2287",7476,1,6461,1,109,112,118
"2288",7675,1,9439,1,111,112,117
"2289",7742,1,4084,1,112,115,120
"2290",8432,1,8339,1,108,110,117
"2291",8851,1,6391,1,108,112,117
"2292",8880,1,9299,1,111,112,117
"2293",8984,1,6285,1,110,112,116
"2294",10767,1,8615,1,110,112,116
"2295",132,1,5109,1,114,116,120
"2296",1246,1,3125,1,110,112,117
"2297",2785,1,8984,1,114,115,120
"2298",2925,1,7661,1,113,115,120
"2299",3842,1,1624,1,111,113,118
"2300",3927,1,1246,1,114,116,120
"2301",4756,1,5794,1,114,115,120
"2302",5209,1,2879,1,109,111,117
"2303",5711,1,9439,1,111,116,121
"2304",6113,1,3542,1,112,113,118
"2305",7267,1,7978,1,110,112,117
"2306",7661,1,978,1,107,113,120
"2307",7850,1,6929,1,113,114,119
"2308",8585,1,9184,1,109,111,118
"2309",9036,1,4972,1,112,114,118
"2310",10252,1,8869,1,113,115,122
"2311",10710,1,1246,1,113,115,119
"2312",1029,1,5411,1,116,117,126
"2313",1692,1,6113,1,114,115,121
"2314",1947,1,5794,1,115,116,122
"2315",2220,1,5546,1,110,113,119
"2316",2282,1,7742,1,116,117,123
"2317",3147,1,8198,1,114,115,120
"2318",3204,1,5807,1,114,116,122
"2319",3402,1,1246,1,112,114,119
"2320",3661,1,9648,1,112,114,119
"2321",3674,1,5807,1,113,114,118
"2322",4068,1,7191,1,115,116,123
"2323",4334,1,5753,1,112,113,121
"2324",5397,1,6560,1,110,117,123
"2325",5763,1,1345,1,112,115,122
"2326",6398,1,5913,1,113,115,120
"2327",6458,1,7476,1,113,115,120
"2328",6718,1,8685,1,114,116,123
"2329",7112,1,1399,1,111,113,119
"2330",7147,1,3497,1,111,113,119
"2331",8447,1,5929,1,113,114,120
"2332",8467,1,7476,1,113,116,120
"2333",9180,1,5705,1,114,116,121
"2334",9326,1,9648,1,112,114,119
"2335",9898,1,4860,1,112,114,121
"2336",9954,1,5209,1,113,115,122
"2337",354,1,5929,1,115,117,124
"2338",503,1,7112,1,115,117,122
"2339",558,1,9039,1,115,116,120
"2340",830,1,5929,1,114,117,123
"2341",898,1,7535,1,117,118,123
"2342",1118,1,560,1,115,116,120
"2343",1128,1,2777,1,115,116,121
"2344",1776,1,560,1,115,117,124
"2345",1908,1,9954,1,117,118,125
"2346",2318,1,5687,1,117,118,123
"2347",2960,1,9326,1,114,116,120
"2348",3171,1,5109,1,112,115,121
"2349",3390,1,9299,1,110,111,119
"2350",3466,1,1646,1,109,113,119
"2351",4661,1,7661,1,116,118,124
"2352",4873,1,1583,1,111,112,120
"2353",4933,1,9899,1,115,117,121
"2354",4968,1,5178,1,113,115,119
"2355",5062,1,5411,1,114,116,120
"2356",5533,1,6108,1,115,117,123
"2357",5953,1,8406,1,113,116,120
"2358",6108,1,1220,1,113,114,119
"2359",7192,1,471,1,116,117,121
"2360",7488,1,6958,1,112,114,119
"2361",7535,1,3729,1,115,116,123
"2362",7729,1,9326,1,115,116,119
"2363",8191,1,8276,1,116,118,123
"2364",8276,1,6958,1,114,115,121
"2365",8288,1,8984,1,113,115,120
"2366",10031,1,592,1,114,115,119
"2367",10265,1,3125,1,112,114,119
"2368",10413,1,4873,1,112,113,120
"2369",10450,1,4334,1,114,117,122
"2370",10963,1,10413,1,114,116,120
"2371",471,1,5929,1,113,115,120
"2372",592,1,6547,1,110,113,121
"2373",1226,1,7742,1,116,118,123
"2374",2261,1,9326,1,116,118,125
"2375",2457,1,3204,1,117,119,126
"2376",2768,1,5109,1,114,116,122
"2377",3177,1,6503,1,113,115,120
"2378",3633,1,4334,1,114,116,121
"2379",3755,1,6113,1,116,118,123
"2380",3894,1,1947,1,117,119,127
"2381",4016,1,4756,1,116,117,121
"2382",4437,1,6166,1,113,115,120
"2383",4729,1,7021,1,113,116,120
"2384",5218,1,2718,1,116,118,123
"2385",5449,1,7476,1,114,118,122
"2386",5679,1,5209,1,113,114,120
"2387",5890,1,2718,1,116,118,123
"2388",6167,1,3511,1,118,119,124
"2389",6520,1,5794,1,114,115,120
"2390",8918,1,10295,1,115,117,123
"2391",9007,1,6113,1,114,115,121
"2392",10569,1,3674,1,115,117,124
"2393",59,1,1947,1,117,119,124
"2394",556,1,6108,1,115,116,124
"2395",777,1,3402,1,115,117,121
"2396",1149,1,10777,1,119,120,124
"2397",1181,1,7535,1,117,120,124
"2398",2332,1,3674,1,116,119,126
"2399",2335,1,1531,1,114,116,122
"2400",2503,1,8095,1,114,116,122
"2401",2777,1,8585,1,112,114,121
"2402",2992,1,7267,1,114,118,122
"2403",3244,1,4873,1,114,117,124
"2404",3511,1,560,1,115,116,121
"2405",4689,1,1029,1,117,118,123
"2406",5012,1,6707,1,118,120,126
"2407",5088,1,2220,1,114,117,123
"2408",5182,1,9326,1,115,116,122
"2409",5959,1,6707,1,117,120,125
"2410",6647,1,5533,1,117,118,123
"2411",6706,1,6588,1,115,117,122
"2412",7288,1,6707,1,118,120,125
"2413",7630,1,3147,1,116,118,123
"2414",7720,1,2420,1,116,118,124
"2415",7986,1,8189,1,114,116,121
"2416",8112,1,777,1,117,120,124
"2417",8581,1,4729,1,118,119,124
"2418",8815,1,6262,1,114,117,122
"2419",8828,1,7488,1,115,117,121
"2420",8904,1,3444,1,118,120,126
"2421",8954,1,2960,1,117,118,124
"2422",9039,1,7476,1,113,114,122
"2423",9410,1,556,1,118,120,126
"2424",10233,1,132,1,118,120,125
"2425",10677,1,3650,1,112,115,124
"2426",10777,1,5679,1,115,117,122
"2427",25,1,5711,1,117,119,126
"2428",234,1,556,1,119,121,127
"2429",650,1,2220,1,114,116,122
"2430",1045,1,830,1,118,119,127
"2431",2317,1,3444,1,118,120,126
"2432",2479,1,8276,1,117,118,124
"2433",2653,1,2925,1,116,118,124
"2434",2662,1,2422,1,112,114,122
"2435",3178,1,3244,1,118,120,125
"2436",3180,1,10450,1,118,120,126
"2437",3823,1,1816,1,116,118,124
"2438",4961,1,6929,1,115,117,122
"2439",5687,1,462,1,114,116,122
"2440",6795,1,1128,1,116,118,125
"2441",6925,1,898,1,120,121,125
"2442",7058,1,2960,1,118,120,126
"2443",7243,1,2686,1,115,117,123
"2444",7632,1,8954,1,119,121,126
"2445",7840,1,6458,1,116,119,124
"2446",8572,1,10450,1,118,121,127
"2447",9018,1,5178,1,113,115,122
"2448",9059,1,7902,1,118,119,124
"2449",9168,1,7902,1,119,120,125
"2450",9651,1,7212,1,114,116,122
"2451",9830,1,2318,1,119,120,126
"2452",10404,1,1816,1,118,121,127
"2453",10863,1,5953,1,118,119,124
"2454",4,1,4587,1,120,121,128
"2455",55,1,8815,1,119,120,125
"2456",248,1,7243,1,120,122,126
"2457",887,1,5679,1,116,118,123
"2458",1080,1,9059,1,120,122,127
"2459",1501,1,354,1,118,121,126
"2460",3444,1,3729,1,114,117,123
"2461",3766,1,3390,1,113,116,123
"2462",4017,1,4068,1,119,121,127
"2463",4454,1,6887,1,120,122,128
"2464",4587,1,10252,1,116,118,125
"2465",5642,1,650,1,117,118,124
"2466",6707,1,1816,1,116,117,123
"2467",6887,1,292,1,116,118,123
"2468",7206,1,8198,1,114,116,123
"2469",7313,1,3927,1,117,119,123
"2470",7849,1,3894,1,119,120,126
"2471",7902,1,292,1,115,117,123
"2472",8385,1,4756,1,119,120,125
"2473",8530,1,9651,1,117,120,126
"2474",8922,1,4587,1,119,121,128
"2475",229,1,5397,1,119,122,127
"2476",1125,1,1695,1,122,123,133
"2477",1199,1,1942,1,116,117,124
"2478",1695,1,9059,1,120,121,128
"2479",1855,1,5218,1,119,121,125
"2480",2096,1,25,1,120,123,127
"2481",3647,1,10777,1,118,119,125
"2482",3822,1,5763,1,119,121,125
"2483",3885,1,10101,1,122,123,128
"2484",4905,1,4068,1,118,120,125
"2485",5828,1,6398,1,117,119,124
"2486",5994,1,887,1,120,121,126
"2487",6158,1,7928,1,121,122,126
"2488",6407,1,1118,1,116,121,126
"2489",7265,1,5959,1,121,123,129
"2490",7602,1,1816,1,115,119,124
"2491",7921,1,10777,1,118,119,124
"2492",8090,1,4729,1,117,119,124
"2493",8167,1,5959,1,121,122,126
"2494",8528,1,1226,1,119,122,128
"2495",8837,1,1045,1,120,123,130
"2496",9329,1,8918,1,119,123,128
"2497",9641,1,3180,1,121,123,129
"2498",9845,1,2960,1,117,118,124
"2499",10584,1,1947,1,119,121,126
"2500",10861,1,7243,1,117,120,127
"2501",252,1,882,1,121,123,128
"2502",723,1,8922,1,122,124,130
"2503",882,1,6706,1,118,120,125
"2504",1023,1,2457,1,120,122,127
"2505",1117,1,3647,1,121,122,128
"2506",1333,1,4437,1,117,120,125
"2507",1763,1,8904,1,121,123,127
"2508",2187,1,2261,1,121,123,127
"2509",3270,1,6588,1,118,123,127
"2510",3655,1,6407,1,121,123,129
"2511",3810,1,1023,1,122,124,130
"2512",3817,1,3823,1,119,121,126
"2513",3919,1,7840,1,121,123,131
"2514",4467,1,9018,1,117,119,125
"2515",6164,1,4933,1,120,123,129
"2516",6842,1,7535,1,119,120,125
"2517",7183,1,10863,1,120,121,126
"2518",7457,1,3444,1,118,121,126
"2519",7836,1,5397,1,118,121,126
"2520",7893,1,1149,1,121,122,130
"2521",7928,1,9651,1,118,120,126
"2522",7951,1,10101,1,123,124,129
"2523",8498,1,7288,1,122,123,128
"2524",9292,1,1776,1,119,122,126
"2525",9366,1,6520,1,116,118,127
"2526",10101,1,3647,1,121,122,126
"2527",10323,1,830,1,119,120,125
"2528",547,1,10233,1,121,123,128
"2529",1631,1,8581,1,120,121,126
"2530",1961,1,10349,1,123,124,128
"2531",1979,1,9112,1,123,125,130
"2532",2617,1,1029,1,119,121,127
"2533",2769,1,8198,1,115,122,127
"2534",3093,1,7849,1,121,125,128
"2535",3297,1,5828,1,122,124,129
"2536",3326,1,10101,1,123,125,130
"2537",3577,1,4068,1,118,122,127
"2538",4853,1,7921,1,122,123,128
"2539",5049,1,5642,1,119,122,127
"2540",5490,1,4933,1,118,121,127
"2541",5498,1,3633,1,119,121,126
"2542",5965,1,10323,1,121,124,130
"2543",6901,1,4017,1,122,123,127
"2544",8454,1,9168,1,121,125,130
"2545",8694,1,3822,1,122,123,128
"2546",9005,1,2777,1,118,121,126
"2547",9112,1,59,1,122,123,127
"2548",9470,1,3894,1,120,122,127
"2549",9694,1,2457,1,119,121,128
"2550",9922,1,3823,1,120,122,128
"2551",10349,1,6887,1,120,122,128
"2552",10610,1,25,1,120,121,128
"2553",142,1,9694,1,122,123,127
"2554",276,1,1631,1,122,124,128
"2555",333,1,4905,1,121,124,129
"2556",714,1,5994,1,124,126,131
"2557",1988,1,7928,1,121,123,128
"2558",2478,1,59,1,122,123,128
"2559",2990,1,9059,1,120,122,129
"2560",3582,1,5890,1,121,123,128
"2561",3887,1,25,1,121,123,130
"2562",3942,1,2332,1,121,124,129
"2563",4219,1,3511,1,120,123,128
"2564",4346,1,9112,1,124,125,130
"2565",4383,1,7849,1,123,125,130
"2566",4638,1,7840,1,120,121,127
"2567",5020,1,2478,1,124,125,131
"2568",5220,1,3887,1,124,126,132
"2569",5221,1,7265,1,123,125,131
"2570",5398,1,6887,1,120,123,128
"2571",5588,1,248,1,123,126,132
"2572",6426,1,6159,1,125,126,131
"2573",7528,1,547,1,124,126,131
"2574",8156,1,10589,1,123,124,128
"2575",8426,1,7602,1,120,123,128
"2576",9019,1,7921,1,122,123,130
"2577",10279,1,5828,1,121,122,127
"2578",10589,1,3147,1,118,122,127
"2579",10745,1,9366,1,121,124,128
"2580",10944,1,10589,1,124,125,129
"2581",792,1,1181,1,123,124,129
"2582",1006,1,2187,1,124,127,133
"2583",1398,1,5398,1,125,126,132
"2584",2027,1,234,1,122,125,129
"2585",2727,1,1149,1,122,123,129
"2586",3132,1,248,1,123,124,129
"2587",3421,1,10589,1,123,125,129
"2588",3929,1,1125,1,124,127,133
"2589",4061,1,10323,1,123,125,131
"2590",4769,1,10589,1,123,124,129
"2591",5571,1,4638,1,121,123,128
"2592",5955,1,3093,1,125,127,131
"2593",6159,1,6407,1,122,124,130
"2594",6248,1,5490,1,124,126,131
"2595",6907,1,4661,1,120,124,129
"2596",6951,1,6164,1,125,127,132
"2597",7551,1,6158,1,123,125,131
"2598",7680,1,59,1,122,124,128
"2599",7757,1,7632,1,122,124,130
"2600",7784,1,1023,1,122,124,129
"2601",7803,1,10610,1,123,124,129
"2602",8078,1,9694,1,123,125,130
"2603",8870,1,3810,1,125,126,130
"2604",9196,1,3919,1,124,126,133
"2605",9596,1,8112,1,122,125,129
"2606",9712,1,234,1,126,127,133
"2607",9714,1,6407,1,124,125,130
"2608",10109,1,3421,1,125,127,131
"2609",10501,1,9019,1,125,126,132
"2610",10638,1,7741,1,125,126,132
"2611",112,1,7632,1,123,124,131
"2612",227,1,8156,1,125,127,134
"2613",453,1,2885,1,127,128,134
"2614",457,1,10061,1,126,127,133
"2615",1700,1,4454,1,124,126,130
"2616",1873,1,55,1,121,123,130
"2617",1916,1,5020,1,126,127,131
"2618",1964,1,9714,1,126,127,132
"2619",3114,1,4346,1,126,128,135
"2620",3240,1,2769,1,124,125,133
"2621",3862,1,2653,1,120,122,130
"2622",4403,1,4905,1,121,123,129
"2623",4518,1,248,1,124,127,131
"2624",4648,1,8156,1,125,126,133
"2625",4741,1,8918,1,120,123,130
"2626",5891,1,6610,1,126,128,133
"2627",6189,1,4231,1,126,128,133
"2628",6566,1,3132,1,125,126,131
"2629",7202,1,112,1,126,127,133
"2630",7236,1,1125,1,125,128,131
"2631",7263,1,1763,1,125,128,132
"2632",8627,1,2406,1,126,128,133
"2633",8646,1,8694,1,124,125,129
"2634",8798,1,5959,1,121,124,130
"2635",9981,1,2317,1,122,124,131
"2636",10061,1,7457,1,122,124,129
"2637",10446,1,10944,1,126,128,133
"2638",10512,1,4346,1,126,127,132
"2639",10555,1,3577,1,123,125,130
"2640",10715,1,7928,1,123,125,130
"2641",485,1,276,1,125,127,132
"2642",537,1,1961,1,125,127,132
"2643",1468,1,3180,1,121,124,130
"2644",2031,1,2727,1,124,128,134
"2645",2406,1,6925,1,124,125,131
"2646",3203,1,8528,1,124,125,131
"2647",3900,1,3887,1,125,126,132
"2648",3944,1,6248,1,127,128,134
"2649",4231,1,792,1,125,126,132
"2650",5590,1,4231,1,127,128,133
"2651",5893,1,7741,1,126,128,134
"2652",7039,1,1117,1,123,126,131
"2653",7672,1,7784,1,125,127,133
"2654",7741,1,3180,1,123,125,131
"2655",8181,1,7840,1,122,126,131
"2656",8770,1,7632,1,123,126,130
"2657",9209,1,723,1,125,126,132
"2658",9386,1,98,1,128,129,134
"2659",9732,1,2478,1,124,125,130
"2660",9883,1,9981,1,126,128,133
"2661",10326,1,4741,1,124,126,132
"2662",183,1,4219,1,124,127,132
"2663",253,1,333,1,126,127,132
"2664",1115,1,7803,1,126,128,135
"2665",1362,1,3810,1,127,128,133
"2666",1471,1,9981,1,125,128,133
"2667",1551,1,2457,1,125,127,133
"2668",1738,1,10326,1,128,129,132
"2669",2095,1,3270,1,124,127,133
"2670",2330,1,333,1,127,128,135
"2671",2726,1,5020,1,126,128,134
"2672",4299,1,3132,1,126,129,134
"2673",5073,1,3822,1,122,126,131
"2674",5175,1,2330,1,129,130,135
"2675",5485,1,8770,1,128,130,135
"2676",6574,1,723,1,125,128,133
"2677",6610,1,9366,1,119,125,131
"2678",7485,1,3810,1,126,127,132
"2679",7726,1,3900,1,127,129,135
"2680",7905,1,1006,1,128,130,137
"2681",8862,1,9712,1,129,130,135
"2682",9736,1,98,1,127,130,137
"2683",9747,1,2187,1,126,129,135
"2684",9777,1,9732,1,126,129,134
"2685",10689,1,3421,1,127,129,134
"2686",10948,1,9292,1,124,126,131
"2687",10956,1,9019,1,125,129,133
"2688",98,1,9410,1,123,126,135
"2689",393,1,253,1,128,130,135
"2690",2885,1,3270,1,124,126,133
"2691",3098,1,7680,1,127,130,134
"2692",3734,1,5221,1,127,130,137
"2693",4377,1,1964,1,128,130,137
"2694",8023,1,8798,1,125,128,136
"2695",8044,1,9732,1,127,129,133
"2696",8058,1,8581,1,121,125,132
"2697",8950,1,10512,1,129,131,136
"2698",10086,1,4597,1,130,131,136
"2699",10190,1,6907,1,125,127,133
"2700",10746,1,8078,1,127,129,133
"2701",1302,1,1700,1,128,131,135
"2702",1475,1,7784,1,126,129,135
"2703",1662,1,5588,1,128,130,134
"2704",2805,1,6426,1,127,130,135
"2705",4517,1,10956,1,130,132,136
"2706",4597,1,3326,1,127,130,135
"2707",5443,1,10190,1,127,129,134
"2708",6086,1,253,1,129,131,135
"2709",6091,1,9747,1,129,130,138
"2710",6293,1,2726,1,129,131,136
"2711",7120,1,6610,1,127,130,136
"2712",7152,1,7680,1,126,129,133
"2713",7174,1,9714,1,128,130,137
"2714",7374,1,8044,1,130,132,137
"2715",7818,1,10470,1,129,130,136
"2716",9524,1,2027,1,127,129,136
"2717",9847,1,714,1,127,130,135
"2718",9920,1,8044,1,130,132,137
"2719",10138,1,7236,1,129,131,136
"2720",10470,1,6159,1,126,128,133
"2721",10965,1,7528,1,129,131,137
"2722",84,1,6574,1,130,131,135
"2723",443,1,4383,1,127,130,136
"2724",2002,1,1551,1,128,131,136
"2725",3830,1,183,1,128,129,136
"2726",3851,1,4769,1,127,128,134
"2727",4441,1,1362,1,129,131,135
"2728",4496,1,7263,1,129,130,138
"2729",4541,1,8870,1,126,129,134
"2730",4953,1,453,1,129,132,138
"2731",5187,1,10446,1,129,130,135
"2732",5706,1,5590,1,129,131,138
"2733",6008,1,6236,1,130,132,137
"2734",6236,1,1979,1,126,129,135
"2735",6572,1,2726,1,129,131,137
"2736",8624,1,9847,1,131,133,138
"2737",9644,1,9847,1,131,133,139
"2738",10182,1,457,1,128,130,136
"2739",10234,1,1738,1,130,132,137
"2740",10533,1,3830,1,130,132,137
"2741",10971,1,7680,1,125,127,134
"2742",56,1,7152,1,130,132,137
"2743",281,1,6951,1,128,129,135
"2744",677,1,9641,1,128,130,135
"2745",743,1,5221,1,127,130,136
"2746",2499,1,4377,1,131,134,138
"2747",2979,1,9386,1,131,134,139
"2748",4109,1,1398,1,127,130,137
"2749",4249,1,5590,1,130,132,137
"2750",4569,1,1700,1,127,129,137
"2751",6043,1,2002,1,131,133,138
"2752",6274,1,10909,1,132,133,139
"2753",6635,1,5187,1,130,132,138
"2754",6866,1,4518,1,129,134,138
"2755",7036,1,9847,1,131,132,138
"2756",7226,1,10138,1,132,133,139
"2757",8397,1,6086,1,133,134,139
"2758",8668,1,4648,1,128,130,136
"2759",8926,1,3851,1,130,134,140
"2760",9042,1,8668,1,132,134,141
"2761",9485,1,485,1,129,132,138
"2762",10212,1,3270,1,125,127,136
"2763",214,1,6086,1,132,134,139
"2764",404,1,743,1,131,133,139
"2765",487,1,10470,1,129,131,136
"2766",542,1,56,1,133,135,140
"2767",653,1,6486,1,133,135,143
"2768",911,1,4299,1,131,133,139
"2769",1711,1,5706,1,133,135,138
"2770",3838,1,7374,1,132,134,138
"2771",4143,1,2805,1,131,132,140
"2772",5236,1,9386,1,132,134,138
"2773",6486,1,10501,1,127,132,136
"2774",8209,1,1362,1,131,132,138
"2775",8359,1,10086,1,132,135,140
"2776",9849,1,2805,1,132,134,141
"2777",10739,1,8950,1,133,135,141
"2778",977,1,5187,1,131,134,139
"2779",1159,1,4299,1,132,134,138
"2780",2132,1,911,1,134,136,140
"2781",2751,1,4377,1,132,134,140
"2782",4133,1,3851,1,131,134,139
"2783",4344,1,6021,1,133,135,139
"2784",5123,1,8209,1,132,133,139
"2785",5775,1,10909,1,132,134,138
"2786",6578,1,10182,1,131,133,139
"2787",7024,1,8624,1,135,136,141
"2788",7826,1,911,1,134,135,139
"2789",8459,1,4441,1,132,134,140
"2790",10091,1,6274,1,134,135,139
"2791",10909,1,3326,1,127,131,137
"2792",1275,1,3734,1,132,133,138
"2793",1980,1,7174,1,134,137,141
"2794",2115,1,9350,1,135,136,143
"2795",2475,1,10965,1,132,133,139
"2796",2798,1,9398,1,133,135,139
"2797",3028,1,4143,1,133,135,138
"2798",4382,1,6091,1,132,134,139
"2799",4406,1,5706,1,133,136,141
"2800",4767,1,7410,1,136,137,142
"2801",4978,1,7672,1,128,133,138
"2802",5457,1,9920,1,135,136,140
"2803",5483,1,6572,1,133,137,143
"2804",6003,1,5123,1,134,137,143
"2805",6229,1,9350,1,134,136,140
"2806",6264,1,6293,1,132,135,139
"2807",7639,1,2805,1,131,133,138
"2808",9350,1,677,1,131,133,138
"2809",9398,1,4299,1,131,132,138
"2810",10310,1,4133,1,134,136,140
"2811",816,1,677,1,132,134,141
"2812",2322,1,1595,1,136,138,142
"2813",2467,1,7639,1,136,138,145
"2814",3501,1,4344,1,137,138,144
"2815",3622,1,1711,1,136,138,143
"2816",4967,1,1662,1,131,134,139
"2817",6021,1,393,1,131,132,139
"2818",6544,1,1475,1,130,132,140
"2819",6583,1,3098,1,131,132,139
"2820",6762,1,7826,1,136,138,143
"2821",7161,1,8044,1,132,134,142
"2822",7369,1,10182,1,131,133,139
"2823",8410,1,9042,1,135,137,142
"2824",8801,1,6274,1,135,136,143
"2825",10063,1,5706,1,132,134,140
"2826",10267,1,487,1,132,134,140
"2827",884,1,9849,1,135,137,143
"2828",1655,1,10739,1,136,137,143
"2829",2077,1,6572,1,133,134,140
"2830",2628,1,10091,1,136,137,141
"2831",4054,1,8801,1,137,139,145
"2832",4634,1,10063,1,136,139,144
"2833",4808,1,5390,1,136,139,143
"2834",4893,1,6274,1,135,137,142
"2835",5390,1,7036,1,133,135,141
"2836",5645,1,3830,1,131,132,140
"2837",7040,1,4441,1,134,136,142
"2838",7977,1,8681,1,137,138,141
"2839",8681,1,9849,1,135,136,141
"2840",9023,1,9485,1,133,134,140
"2841",128,1,892,1,137,138,143
"2842",1082,1,8926,1,135,137,141
"2843",1595,1,9920,1,134,135,141
"2844",1986,1,2499,1,135,138,143
"2845",2120,1,10091,1,137,139,144
"2846",4130,1,5087,1,138,140,146
"2847",4210,1,56,1,134,135,141
"2848",4292,1,5390,1,135,136,143
"2849",4580,1,10909,1,133,135,141
"2850",4845,1,816,1,135,137,143
"2851",5087,1,9042,1,135,137,142
"2852",5264,1,5187,1,131,136,141
"2853",5516,1,84,1,133,135,141
"2854",5656,1,5516,1,136,139,146
"2855",5884,1,8926,1,137,139,146
"2856",9136,1,9175,1,138,140,147
"2857",9442,1,6229,1,138,140,145
"2858",9683,1,4406,1,137,140,145
"2859",10337,1,911,1,135,137,141
"2860",810,1,653,1,136,137,143
"2861",1959,1,214,1,136,138,145
"2862",2684,1,8681,1,137,138,142
"2863",3217,1,2979,1,135,137,143
"2864",3987,1,911,1,136,139,145
"2865",5637,1,404,1,134,137,144
"2866",5908,1,5457,1,137,139,144
"2867",6026,1,4344,1,136,138,142
"2868",6905,1,9654,1,138,139,145
"2869",7015,1,1275,1,135,136,142
"2870",7337,1,2077,1,135,138,143
"2871",7410,1,10234,1,133,135,142
"2872",7880,1,1959,1,138,139,143
"2873",8917,1,5390,1,137,139,143
"2874",9175,1,6043,1,133,136,142
"2875",9660,1,6026,1,140,141,146
"2876",9787,1,5264,1,138,140,145
"2877",271,1,2132,1,136,139,143
"2878",892,1,4441,1,133,135,143
"2879",2242,1,2322,1,139,140,144
"2880",3170,1,9849,1,136,138,144
"2881",3507,1,8478,1,139,141,146
"2882",3895,1,816,1,136,137,143
"2883",5208,1,7829,1,140,142,146
"2884",5529,1,4130,1,140,142,146
"2885",6715,1,1711,1,136,140,145
"2886",7783,1,7337,1,139,142,147
"2887",7959,1,7410,1,137,140,147
"2888",8120,1,7040,1,137,139,145
"2889",8316,1,7977,1,140,142,147
"2890",8478,1,9849,1,135,138,143
"2891",9536,1,5264,1,138,139,143
"2892",2517,1,3895,1,139,141,147
"2893",2953,1,4893,1,139,142,146
"2894",3933,1,3501,1,139,141,147
"2895",3992,1,3170,1,140,141,147
"2896",4507,1,2798,1,136,139,145
"2897",5417,1,8801,1,137,140,144
"2898",5568,1,6229,1,138,139,145
"2899",7002,1,810,1,138,140,144
"2900",7258,1,3028,1,137,139,146
"2901",7890,1,1959,1,141,143,150
"2902",9309,1,6715,1,140,141,146
"2903",9574,1,3217,1,137,139,146
"2904",9718,1,7015,1,137,139,145
"2905",9878,1,2115,1,137,139,144
"2906",10594,1,9683,1,140,141,146
"2907",1875,1,4344,1,136,140,145
"2908",2021,1,7337,1,139,142,146
"2909",2775,1,5457,1,137,139,145
"2910",3189,1,2120,1,140,142,146
"2911",3308,1,9718,1,140,141,146
"2912",3311,1,8681,1,139,142,149
"2913",3970,1,10594,1,142,143,149
"2914",4226,1,3501,1,138,140,145
"2915",4389,1,10739,1,136,140,146
"2916",5883,1,1980,1,138,142,148
"2917",6023,1,4808,1,140,141,147
"2918",6216,1,5568,1,139,141,147
"2919",6731,1,1986,1,140,141,146
"2920",8183,1,7959,1,141,142,147
"2921",9262,1,7959,1,142,144,148
"2922",9443,1,3622,1,140,143,151
"2923",9654,1,1159,1,135,137,146
"2924",10588,1,2120,1,140,141,145
"2925",10797,1,6026,1,141,143,148
"2926",824,1,6715,1,141,143,148
"2927",4404,1,3895,1,140,142,148
"2928",5164,1,7880,1,140,141,147
"2929",5167,1,4130,1,142,143,149
"2930",5906,1,5417,1,140,142,148
"2931",6631,1,5164,1,142,143,147
"2932",8526,1,7015,1,138,141,147
"2933",9789,1,1980,1,139,141,146
"2934",9941,1,1875,1,142,143,148
"2935",10794,1,7040,1,137,139,146
"2936",2752,1,9442,1,142,144,148
"2937",4520,1,9442,1,141,142,147
"2938",6029,1,6023,1,142,145,150
"2939",6482,1,4634,1,141,143,148
"2940",7279,1,9878,1,141,144,148
"2941",7829,1,4767,1,138,140,152
"2942",9191,1,9660,1,142,143,148
"2943",9331,1,10588,1,142,145,151
"2944",9632,1,9878,1,140,142,149
"2945",10288,1,6715,1,142,145,150
"2946",377,1,1875,1,143,145,149
"2947",525,1,2953,1,144,146,149
"2948",764,1,3992,1,143,145,150
"2949",1647,1,7890,1,145,147,153
"2950",1751,1,6026,1,140,143,148
"2951",1769,1,1818,1,146,147,152
"2952",2109,1,7303,1,144,146,150
"2953",2191,1,3507,1,143,145,150
"2954",3337,1,9789,1,142,143,149
"2955",4410,1,9941,1,144,145,150
"2956",4471,1,9191,1,144,147,153
"2957",5609,1,8316,1,143,144,148
"2958",7813,1,3939,1,146,147,153
"2959",8562,1,7002,1,142,143,148
"2960",9678,1,8562,1,144,147,151
"2961",1202,1,9442,1,141,144,150
"2962",1665,1,6482,1,144,145,150
"2963",2189,1,3337,1,145,148,154
"2964",2596,1,7303,1,145,146,151
"2965",3023,1,9331,1,146,148,152
"2966",3780,1,9191,1,145,146,150
"2967",3939,1,5208,1,143,145,151
"2968",4012,1,2752,1,145,147,151
"2969",5676,1,1202,1,145,147,152
"2970",7017,1,3939,1,146,148,155
"2971",7303,1,7002,1,141,143,149
"2972",9611,1,9660,1,144,145,149
"2973",9767,1,3337,1,145,147,153
"2974",10461,1,3189,1,144,145,149
"2975",1678,1,5609,1,146,147,152
"2976",1818,1,5529,1,143,145,151
"2977",2315,1,4507,1,141,144,150
"2978",3224,1,2752,1,145,149,153
"2979",4228,1,9442,1,141,145,150
"2980",4792,1,8159,1,148,149,152
"2981",5708,1,5568,1,141,143,150
"2982",6592,1,5883,1,143,146,151
"2983",6697,1,5417,1,143,145,150
"2984",7026,1,8562,1,144,145,150
"2985",7354,1,5906,1,144,146,151
"2986",8645,1,5164,1,143,145,150
"2987",9372,1,824,1,144,145,150
"2988",9393,1,7279,1,145,147,151
"2989",10749,1,2191,1,147,149,154
"2990",10789,1,2752,1,145,146,151
"2991",2348,1,7279,1,145,148,154
"2992",5007,1,2517,1,142,144,152
"2993",6453,1,2315,1,146,147,154
"2994",6787,1,3992,1,142,144,151
"2995",8490,1,6631,1,144,146,152
"2996",9102,1,7279,1,146,147,153
"2997",9670,1,9941,1,145,147,152
"2998",10321,1,2596,1,147,149,153
"2999",682,1,7813,1,149,150,156
"3000",1372,1,2752,1,146,148,153
"3001",1563,1,8562,1,145,146,153
"3002",3413,1,525,1,148,149,155
"3003",5038,1,3970,1,145,146,153
"3004",5238,1,2109,1,147,149,155
"3005",6485,1,3413,1,150,151,155
"3006",8050,1,10288,1,148,150,154
"3007",9893,1,7813,1,148,149,154
"3008",10087,1,5708,1,144,146,152
"3009",753,1,5944,1,149,150,155
"3010",1033,1,3023,1,149,150,153
"3011",1136,1,9678,1,148,149,153
"3012",1243,1,10087,1,148,150,154
"3013",1747,1,10749,1,150,151,157
"3014",1906,1,9372,1,146,148,154
"3015",4702,1,8490,1,148,150,155
"3016",5889,1,3780,1,148,150,154
"3017",6060,1,4792,1,150,152,157
"3018",7807,1,1372,1,149,150,155
"3019",8159,1,5609,1,145,147,153
"3020",8429,1,1563,1,147,149,155
"3021",10260,1,9767,1,149,150,156
"3022",296,1,7354,1,149,150,157
"3023",631,1,4471,1,149,151,156
"3024",899,1,2348,1,149,152,158
"3025",4434,1,525,1,147,149,156
"3026",4627,1,2189,1,150,152,157
"3027",5418,1,9102,1,149,153,157
"3028",6356,1,3023,1,149,150,155
"3029",9824,1,7354,1,147,149,155
"3030",10026,1,5038,1,147,150,156
"3031",151,1,6485,1,152,154,160
"3032",687,1,1033,1,152,153,158
"3033",1336,1,1372,1,149,152,156
"3034",2208,1,7162,1,151,153,157
"3035",4390,1,4882,1,153,154,159
"3036",4826,1,9102,1,148,151,156
"3037",4836,1,6592,1,147,149,155
"3038",5005,1,2189,1,150,153,158
"3039",5944,1,3939,1,146,148,156
"3040",7162,1,8490,1,148,150,156
"3041",7205,1,2348,1,149,152,159
"3042",8338,1,4836,1,151,153,158
"3043",10217,1,10321,1,150,153,157
"3044",308,1,8338,1,154,155,160
"3045",1054,1,7807,1,151,152,160
"3046",1218,1,4826,1,152,154,162
"3047",2176,1,5676,1,148,150,156
"3048",3250,1,7017,1,150,151,156
"3049",3332,1,1747,1,152,155,158
"3050",6978,1,3023,1,149,150,157
"3051",7222,1,296,1,152,155,160
"3052",7887,1,7205,1,154,155,161
"3053",7974,1,1747,1,152,154,158
"3054",9459,1,631,1,152,154,159
"3055",626,1,5238,1,153,154,158
"3056",1442,1,3023,1,149,153,158
"3057",2858,1,6060,1,154,156,162
"3058",4090,1,4627,1,154,156,161
"3059",7922,1,4012,1,148,152,158
"3060",10654,1,8429,1,150,154,161
"3061",10938,1,2176,1,152,153,159
"3062",1600,1,4627,1,153,155,161
"3063",4623,1,10938,1,155,156,160
"3064",4882,1,5944,1,150,152,158
"3065",10800,1,1563,1,149,151,158
"3066",1427,1,4627,1,154,155,159
"3067",6862,1,7974,1,154,157,162
"3068",8760,1,4702,1,151,153,159
"3069",9249,1,899,1,155,157,161
"3070",4257,1,308,1,156,157,161
"3071",4552,1,10800,1,155,157,164
"3072",5657,1,1442,1,155,157,163
"3073",5840,1,4257,1,158,159,163
"3074",7932,1,7813,1,150,154,160
"3075",10522,1,8050,1,151,154,160
"3076",1538,1,7922,1,153,156,163
"3077",3499,1,4090,1,156,158,163
"3078",6550,1,6862,1,158,159,164
"3079",6685,1,4623,1,157,159,164
"3080",8587,1,4090,1,157,159,164
"3081",8589,1,308,1,156,159,165
"3082",8608,1,4623,1,157,158,165
"3083",1041,1,4390,1,156,158,163
"3084",4510,1,8608,1,159,160,164
"3085",9809,1,8760,1,156,158,163
"3086",2875,1,9249,1,160,162,167
"3087",3964,1,4090,1,159,160,166
"3088",5875,1,6685,1,160,162,167
"3089",6531,1,5840,1,160,162,169
"3090",8971,1,10522,1,156,158,163
"3091",1163,1,9809,1,160,161,164
"3092",1176,1,6862,1,159,160,167
"3093",5426,1,9249,1,160,163,168
"3094",6760,1,3499,1,159,162,167
"3095",5298,1,3499,1,161,163,168
"3096",2589,1,1176,1,161,163,167
"3097",3068,1,7222,1,158,160,166
"3098",3928,1,4257,1,159,162,166
"3099",3993,1,1176,1,161,162,166
"3100",7861,1,5840,1,161,163,166
"3101",6552,1,8608,1,160,162,168
"3102",8208,1,9286,1,165,166,170
"3103",9709,1,5875,1,164,166,171
"3104",3213,1,10731,1,163,165,170
"3105",5857,1,1176,1,161,163,168
"3106",10731,1,3499,1,159,161,169
"3107",3465,1,5298,1,165,167,171
"3108",9286,1,6552,1,163,165,171
"3109",10213,1,5875,1,164,167,172
"3110",209,1,5426,1,165,169,175
"3111",1637,1,6685,1,160,162,170
"3112",1832,1,10731,1,164,165,171
"3113",3476,1,9286,1,167,169,174
"3114",6117,1,1832,1,169,170,174
"3115",7949,1,5298,1,164,165,172
"3116",9962,1,5875,1,164,168,173
"3117",10732,1,8208,1,169,170,176
"3118",10931,1,6552,1,165,167,173
"3119",349,1,2875,1,163,167,172
"3120",1946,1,3465,1,168,169,173
"3121",4336,1,10213,1,169,171,177
"3122",5284,1,10213,1,168,170,176
"3123",7000,1,349,1,168,170,175
"3124",10768,1,10931,1,168,169,175
"3125",4009,1,9709,1,168,170,176
"3126",9051,1,7949,1,167,170,175
"3127",2388,1,10732,1,172,174,180
"3128",4907,1,10931,1,168,170,176
"3129",5681,1,9962,1,171,172,178
"3130",10483,1,4336,1,172,173,179
"3131",552,1,1946,1,171,173,177
"3132",4497,1,492,1,176,178,182
"3133",9638,1,492,1,176,178,184
"3134",1306,1,10838,1,178,179,183
"3135",1945,1,492,1,176,177,182
"3136",2687,1,7884,1,175,177,183
"3137",4548,1,10483,1,174,176,181
"3138",6832,1,7884,1,175,177,184
"3139",7884,1,209,1,173,174,180
"3140",8816,1,4009,1,172,174,180
"3141",10838,1,552,1,174,176,181
"3142",492,1,10483,1,174,175,181
"3143",4185,1,5284,1,171,174,181
"3144",8703,1,10483,1,175,179,185
"3145",10320,1,492,1,177,179,185
"3146",5098,1,1945,1,179,181,185
"3147",8663,1,5681,1,173,176,184
"3148",1127,1,4497,1,179,182,188
"3149",1795,1,4548,1,178,179,184
"3150",6154,1,10320,1,180,183,187
"3151",6528,1,1795,1,180,182,189
"3152",9475,1,2388,1,177,178,184
"3153",781,1,1306,1,181,182,187
"3154",108,1,5098,1,182,184,188
"3155",323,1,5098,1,182,184,188
"3156",3439,1,6154,1,184,186,191
"3157",4890,1,6528,1,183,186,192
"3158",4499,1,5098,1,182,183,189
"3159",8057,1,6154,1,185,186,190
"3160",9277,1,5098,1,183,187,191
"3161",7184,1,10320,1,183,187,192
"3162",8487,1,5098,1,182,183,190
"3163",10991,1,1306,1,180,182,189
"3164",709,1,4345,1,186,187,192
"3165",4345,1,10320,1,182,185,193
"3166",6012,1,709,1,188,189,195
"3167",8313,1,4345,1,186,187,192
"3168",3427,1,4345,1,186,188,193
"3169",2131,1,6101,1,190,191,195
"3170",2678,1,4890,1,187,189,195
"3171",2951,1,2678,1,190,191,195
"3172",6101,1,3427,1,188,190,199
"3173",3685,1,6012,1,190,191,198
"3174",4519,1,4345,1,186,188,194
"3175",6657,1,6012,1,191,192,197
"3176",9811,1,6101,1,191,192,197
"3177",12,1,6101,1,191,193,198
"3178",3519,1,6101,1,192,194,200
"3179",8006,1,6101,1,192,194,199
"3180",10949,1,2678,1,191,194,199
"3181",289,1,2678,1,191,193,200
"3182",8037,1,9679,1,193,195,198
"3183",9679,1,8313,1,189,191,197
"3184",9895,1,6101,1,192,194,197
"3185",10616,1,289,1,194,196,202
"3186",5018,1,12,1,194,196,204
"3187",6738,1,6765,1,196,197,204
"3188",2590,1,289,1,195,196,200
"3189",6765,1,9811,1,193,195,201
"3190",9534,1,9811,1,194,196,200
"3191",2954,1,6657,1,193,196,201
"3192",6558,1,10949,1,195,197,202
"3193",10198,1,9679,1,194,195,200
"3194",1728,1,10198,1,197,200,205
"3195",2829,1,6657,1,194,197,204
"3196",3567,1,10818,1,199,201,204
"3197",4821,1,10818,1,199,200,205
"3198",8813,1,6738,1,198,200,206
"3199",2710,1,6765,1,196,199,205
"3200",7900,1,5018,1,198,201,206
"3201",8059,1,289,1,194,196,204
"3202",8356,1,8006,1,197,199,205
"3203",10554,1,10818,1,198,200,206
"3204",4830,1,9411,1,199,201,207
"3205",7310,1,6558,1,198,200,205
"3206",9411,1,8059,1,198,199,207
"3207",10818,1,12,1,196,198,205
"3208",4059,1,4821,1,201,202,208
"3209",8415,1,10818,1,199,203,207
"3210",7567,1,10554,1,202,204,210
"3211",8466,1,4830,1,202,204,209
"3212",178,1,4059,1,204,205,209
"3213",6049,1,8415,1,204,207,213
"3214",331,1,178,1,206,208,211
"3215",4732,1,8415,1,204,206,211
"3216",7493,1,3841,1,207,209,215
"3217",10106,1,8415,1,205,208,213
"3218",1170,1,10818,1,200,204,211
"3219",1955,1,8415,1,205,207,212
"3220",3841,1,4059,1,203,206,212
"3221",901,1,178,1,206,209,214
"3222",3380,1,8466,1,206,209,215
"3223",6803,1,6049,1,208,209,215
"3224",9114,1,7493,1,210,212,219
"3225",4574,1,9114,1,212,213,218
"3226",2236,1,9114,1,212,214,220
"3227",1656,1,2236,1,215,217,223
"3228",5773,1,7493,1,211,213,219
"3229",4715,1,1656,1,219,223,226
"3230",6225,1,1656,1,220,222,226
"3231",7746,1,5342,1,221,224,228
"3232",5342,1,1656,1,218,220,227
"3233",6746,1,1656,1,217,221,228
"3234",7743,1,1656,1,219,221,227
"3235",9952,1,7743,1,221,224,228
