"","host_id","group","infector_id","infector_group","exposure_time","infectious_time","recovery_time"
"1",1875,1,NA,NA,0,0,6
"2",10240,1,NA,NA,0,0,4
"3",2522,1,NA,NA,0,0,5
"4",2818,1,1875,1,1,3,10
"5",2878,1,NA,NA,0,0,7
"6",9199,1,973,1,2,3,9
"7",973,1,NA,NA,0,0,7
"8",1901,1,973,1,2,4,9
"9",8098,1,1875,1,2,4,11
"10",9437,1,9199,1,4,6,12
"11",493,1,2878,1,2,4,10
"12",6205,1,2878,1,2,4,11
"13",7087,1,NA,NA,0,0,9
"14",7137,1,2818,1,5,6,12
"15",10084,1,8098,1,6,8,13
"16",1838,1,7137,1,7,9,13
"17",6835,1,2818,1,5,6,12
"18",934,1,7044,1,8,10,16
"19",6841,1,9437,1,7,8,12
"20",8494,1,8098,1,5,7,15
"21",284,1,7137,1,9,11,16
"22",3588,1,9199,1,6,8,13
"23",7678,1,7044,1,8,9,15
"24",1606,1,2836,1,9,10,16
"25",2030,1,6205,1,5,7,15
"26",2836,1,9199,1,5,7,14
"27",7044,1,6835,1,6,7,13
"28",736,1,3588,1,10,11,17
"29",804,1,2030,1,7,8,15
"30",1530,1,7137,1,7,10,15
"31",1720,1,9199,1,4,11,15
"32",4889,1,7044,1,8,10,15
"33",6485,1,7137,1,7,9,15
"34",1898,1,4889,1,12,13,18
"35",2299,1,7574,1,12,14,19
"36",5686,1,7678,1,12,14,19
"37",7697,1,3588,1,10,12,20
"38",9014,1,804,1,9,11,18
"39",9749,1,9014,1,13,14,19
"40",10168,1,9014,1,13,14,20
"41",5234,1,2643,1,13,15,21
"42",5737,1,7137,1,9,11,17
"43",8389,1,9572,1,11,13,17
"44",8419,1,5877,1,13,15,20
"45",8700,1,7678,1,14,15,19
"46",8870,1,493,1,6,8,16
"47",9572,1,8870,1,9,10,16
"48",5877,1,2030,1,10,12,18
"49",6391,1,2643,1,14,16,22
"50",7574,1,2030,1,9,11,17
"51",7879,1,2707,1,15,16,24
"52",10633,1,6841,1,9,12,18
"53",2707,1,284,1,12,13,20
"54",7627,1,7574,1,12,14,18
"55",7854,1,10168,1,15,17,24
"56",9059,1,6485,1,12,13,18
"57",9169,1,1606,1,10,12,18
"58",9850,1,3588,1,10,12,18
"59",411,1,6485,1,11,15,19
"60",541,1,10084,1,10,14,19
"61",2320,1,2643,1,15,16,22
"62",2643,1,7678,1,10,12,19
"63",7915,1,411,1,16,18,22
"64",10460,1,7697,1,14,16,23
"65",96,1,7697,1,13,15,20
"66",2610,1,9850,1,13,15,20
"67",3453,1,8419,1,17,19,24
"68",5892,1,5877,1,14,16,22
"69",7640,1,2707,1,15,17,21
"70",71,1,7854,1,18,19,23
"71",103,1,8419,1,15,17,23
"72",889,1,5686,1,16,19,25
"73",2800,1,96,1,16,17,23
"74",4821,1,6391,1,18,20,25
"75",6829,1,736,1,12,15,21
"76",7058,1,96,1,16,18,22
"77",8612,1,9749,1,16,20,25
"78",9807,1,6391,1,17,20,26
"79",10080,1,411,1,16,17,22
"80",41,1,9169,1,14,16,22
"81",1685,1,5304,1,18,19,25
"82",2535,1,2320,1,17,18,26
"83",3539,1,2707,1,15,18,23
"84",5304,1,5877,1,15,17,23
"85",9598,1,2610,1,16,18,24
"86",1594,1,6391,1,17,18,23
"87",4178,1,9749,1,15,17,23
"88",4700,1,41,1,20,22,28
"89",5440,1,9360,1,21,22,27
"90",5582,1,6829,1,16,18,27
"91",7073,1,10460,1,18,20,24
"92",7130,1,541,1,15,19,24
"93",7288,1,1488,1,19,21,29
"94",7522,1,9572,1,14,17,23
"95",8643,1,411,1,18,20,24
"96",8656,1,10460,1,19,20,25
"97",1488,1,7854,1,18,19,26
"98",1811,1,7288,1,22,23,28
"99",2281,1,41,1,17,20,26
"100",2326,1,8643,1,21,22,28
"101",2590,1,5304,1,18,19,26
"102",5169,1,41,1,19,22,26
"103",5210,1,2320,1,17,21,27
"104",7487,1,2535,1,20,22,27
"105",8174,1,2707,1,15,17,25
"106",418,1,8700,1,18,20,26
"107",956,1,7288,1,22,23,28
"108",1731,1,8656,1,21,23,29
"109",1750,1,7130,1,21,23,26
"110",3649,1,2281,1,21,24,30
"111",5239,1,1594,1,20,21,26
"112",8790,1,1685,1,20,22,29
"113",8995,1,3453,1,20,21,26
"114",9874,1,1594,1,20,21,27
"115",1016,1,5015,1,24,25,30
"116",3933,1,7073,1,23,24,30
"117",6069,1,1488,1,22,24,30
"118",6454,1,889,1,20,22,27
"119",6722,1,10087,1,23,25,30
"120",8696,1,5440,1,24,25,32
"121",10087,1,1488,1,21,22,29
"122",10461,1,8636,1,24,25,29
"123",10629,1,5440,1,23,24,28
"124",1409,1,3807,1,24,25,30
"125",2843,1,8656,1,22,23,28
"126",3807,1,8995,1,21,23,28
"127",4499,1,7058,1,20,23,27
"128",5015,1,8656,1,21,23,27
"129",5315,1,889,1,20,21,28
"130",6535,1,10168,1,19,20,27
"131",6614,1,7522,1,18,21,28
"132",8289,1,9874,1,22,25,30
"133",8346,1,5015,1,24,25,29
"134",8906,1,4906,1,23,25,29
"135",9360,1,2535,1,19,21,27
"136",10205,1,7487,1,23,24,30
"137",319,1,10087,1,24,26,31
"138",521,1,4821,1,22,23,29
"139",1037,1,2843,1,24,25,31
"140",1091,1,8699,1,26,27,35
"141",2706,1,9360,1,22,24,30
"142",3740,1,9887,1,22,27,32
"143",4853,1,5440,1,23,26,30
"144",4904,1,1811,1,24,26,32
"145",4906,1,10168,1,18,22,28
"146",5203,1,10205,1,25,27,33
"147",5219,1,1811,1,25,27,33
"148",6102,1,5210,1,22,25,29
"149",7448,1,3649,1,25,26,32
"150",7788,1,418,1,21,22,28
"151",8636,1,1594,1,20,23,30
"152",9650,1,418,1,21,23,28
"153",9679,1,3453,1,20,22,28
"154",9887,1,2590,1,20,21,28
"155",751,1,10087,1,25,28,34
"156",1708,1,521,1,24,25,32
"157",2943,1,1750,1,23,26,30
"158",4353,1,7487,1,23,25,29
"159",4354,1,9360,1,22,24,29
"160",4613,1,2326,1,23,24,30
"161",4713,1,5169,1,24,26,30
"162",4968,1,3539,1,21,24,31
"163",5539,1,6767,1,25,26,31
"164",6621,1,2326,1,24,26,32
"165",6645,1,4354,1,24,26,30
"166",8437,1,7073,1,21,22,29
"167",9470,1,4912,1,26,27,32
"168",9979,1,3649,1,25,27,32
"169",10719,1,3649,1,25,27,33
"170",639,1,6069,1,26,27,33
"171",815,1,8790,1,25,26,33
"172",2626,1,3807,1,26,28,33
"173",3319,1,6767,1,25,29,35
"174",3570,1,3740,1,28,29,36
"175",4347,1,8696,1,25,29,35
"176",4658,1,7073,1,23,26,31
"177",4673,1,8790,1,24,26,33
"178",4835,1,4613,1,26,28,32
"179",7188,1,7487,1,24,26,31
"180",7269,1,7788,1,23,26,31
"181",7335,1,8636,1,24,25,31
"182",7519,1,8627,1,27,29,34
"183",8627,1,71,1,21,26,31
"184",8761,1,10087,1,24,25,33
"185",9567,1,5539,1,27,29,34
"186",544,1,6102,1,26,27,35
"187",965,1,1811,1,23,25,31
"188",1114,1,6069,1,26,27,32
"189",1128,1,1288,1,28,29,33
"190",1210,1,9650,1,24,25,31
"191",1288,1,1409,1,26,27,32
"192",1481,1,10629,1,25,28,35
"193",1968,1,8636,1,24,27,32
"194",3083,1,4658,1,27,28,34
"195",3811,1,4116,1,29,30,36
"196",3972,1,4613,1,26,28,34
"197",4078,1,4912,1,27,29,35
"198",4116,1,4354,1,25,27,31
"199",4592,1,7448,1,26,28,33
"200",4912,1,9650,1,25,26,31
"201",4936,1,2706,1,26,27,32
"202",6189,1,10707,1,28,29,34
"203",6674,1,4353,1,27,29,34
"204",6767,1,4700,1,23,24,31
"205",8103,1,751,1,29,30,37
"206",8699,1,5239,1,22,25,32
"207",8828,1,7130,1,23,25,32
"208",9162,1,5169,1,24,27,31
"209",9254,1,2843,1,24,26,31
"210",9332,1,1409,1,26,29,35
"211",9878,1,6722,1,27,29,34
"212",10022,1,8761,1,26,28,34
"213",10707,1,1811,1,26,27,34
"214",600,1,2626,1,29,31,36
"215",777,1,1288,1,28,30,37
"216",1271,1,6645,1,29,31,37
"217",1931,1,4673,1,29,30,34
"218",4175,1,4853,1,27,29,35
"219",4591,1,8699,1,26,28,32
"220",5482,1,3972,1,29,31,36
"221",5759,1,9639,1,29,30,35
"222",6095,1,1288,1,29,30,33
"223",6725,1,3083,1,30,31,37
"224",7391,1,4592,1,29,31,37
"225",8033,1,544,1,28,29,34
"226",9484,1,1114,1,28,29,34
"227",9639,1,6102,1,26,27,33
"228",9949,1,7269,1,26,27,32
"229",10327,1,10629,1,26,28,33
"230",10409,1,169,1,28,30,35
"231",426,1,1288,1,30,31,35
"232",1096,1,8761,1,26,28,33
"233",1670,1,4968,1,26,27,33
"234",2303,1,544,1,28,30,34
"235",2694,1,544,1,31,32,37
"236",2825,1,7448,1,28,32,38
"237",2892,1,8627,1,27,28,33
"238",3088,1,2943,1,29,31,36
"239",3121,1,9484,1,31,32,37
"240",3463,1,7215,1,29,31,36
"241",4154,1,544,1,28,29,35
"242",5048,1,3570,1,31,32,37
"243",5979,1,5539,1,27,31,35
"244",6005,1,3379,1,29,30,35
"245",6397,1,1210,1,28,31,38
"246",6944,1,3379,1,30,31,38
"247",7215,1,4904,1,27,28,33
"248",10510,1,8476,1,29,31,38
"249",169,1,9650,1,25,28,34
"250",635,1,6674,1,30,32,36
"251",668,1,1708,1,27,29,36
"252",789,1,521,1,28,30,37
"253",1161,1,9162,1,29,31,36
"254",1553,1,1128,1,31,33,39
"255",1865,1,1968,1,29,32,36
"256",2631,1,4175,1,31,33,42
"257",3090,1,1931,1,31,33,38
"258",3120,1,8103,1,32,33,40
"259",3379,1,6722,1,27,28,35
"260",4088,1,10719,1,30,32,38
"261",4159,1,7269,1,30,32,36
"262",4382,1,6674,1,30,32,37
"263",4515,1,10707,1,28,29,35
"264",5102,1,9484,1,32,33,38
"265",5547,1,4591,1,29,31,35
"266",6798,1,7519,1,30,32,38
"267",6826,1,1481,1,29,31,38
"268",7615,1,6397,1,32,33,38
"269",7689,1,2943,1,28,30,35
"270",8311,1,639,1,29,32,36
"271",8476,1,4700,1,23,25,34
"272",9931,1,789,1,31,33,38
"273",10548,1,4347,1,31,32,36
"274",915,1,10409,1,32,34,39
"275",1527,1,789,1,31,33,39
"276",1558,1,8103,1,32,33,39
"277",1987,1,5048,1,32,34,38
"278",3513,1,8696,1,27,29,35
"279",4530,1,2626,1,29,30,37
"280",5097,1,1096,1,29,32,38
"281",5301,1,7969,1,32,33,37
"282",6019,1,639,1,28,29,35
"283",6272,1,6005,1,31,33,37
"284",6319,1,600,1,33,34,40
"285",6718,1,2700,1,32,34,40
"286",7552,1,5482,1,32,33,37
"287",7969,1,639,1,29,31,36
"288",8081,1,3972,1,29,30,36
"289",9188,1,1114,1,29,30,36
"290",10535,1,1271,1,32,33,38
"291",10544,1,8627,1,28,31,36
"292",10692,1,1865,1,32,33,38
"293",468,1,5547,1,33,35,42
"294",823,1,3823,1,33,34,39
"295",988,1,5311,1,33,34,39
"296",1083,1,2825,1,33,35,40
"297",1370,1,6019,1,31,34,41
"298",1984,1,8033,1,30,32,37
"299",2663,1,6005,1,32,35,40
"300",3629,1,7391,1,33,34,39
"301",3742,1,9188,1,32,33,37
"302",3823,1,2943,1,29,32,36
"303",4230,1,9188,1,31,33,38
"304",4708,1,3513,1,31,32,40
"305",5228,1,4159,1,33,35,40
"306",5311,1,3811,1,30,31,36
"307",6889,1,5759,1,31,34,38
"308",8632,1,10409,1,31,32,36
"309",8968,1,3090,1,34,35,41
"310",9835,1,7689,1,32,33,40
"311",10375,1,9979,1,28,30,37
"312",10496,1,10327,1,31,33,38
"313",10503,1,2700,1,32,34,39
"314",328,1,1984,1,33,34,42
"315",1060,1,789,1,31,32,39
"316",1105,1,1091,1,30,33,38
"317",1678,1,10409,1,31,33,41
"318",1689,1,7391,1,35,36,43
"319",1792,1,9484,1,30,32,37
"320",2099,1,8298,1,32,34,38
"321",2279,1,9332,1,33,35,40
"322",3168,1,3083,1,30,32,38
"323",3427,1,3319,1,30,34,38
"324",3712,1,6811,1,33,35,41
"325",4387,1,4088,1,34,36,43
"326",5626,1,1865,1,33,35,40
"327",6017,1,789,1,31,32,38
"328",6038,1,5102,1,34,36,41
"329",6157,1,4088,1,32,35,41
"330",6811,1,1128,1,30,31,38
"331",7147,1,426,1,33,34,39
"332",7440,1,3127,1,34,36,43
"333",8298,1,7689,1,31,32,39
"334",8908,1,1931,1,33,34,39
"335",8975,1,5311,1,33,36,42
"336",9578,1,1931,1,33,35,41
"337",9921,1,777,1,31,33,37
"338",10403,1,426,1,32,33,38
"339",1061,1,2099,1,36,37,41
"340",1668,1,3513,1,31,33,39
"341",2799,1,10403,1,34,35,39
"342",2986,1,4592,1,29,31,38
"343",3002,1,635,1,33,34,38
"344",3127,1,3463,1,32,34,39
"345",3144,1,6592,1,35,37,42
"346",3916,1,1271,1,34,35,40
"347",5123,1,5301,1,34,35,40
"348",6241,1,1128,1,31,34,40
"349",6247,1,8033,1,31,32,38
"350",6559,1,5219,1,28,32,38
"351",6592,1,3463,1,33,34,38
"352",7513,1,2631,1,34,35,41
"353",9007,1,6319,1,35,36,42
"354",9221,1,1865,1,33,35,40
"355",9346,1,8968,1,36,37,42
"356",10074,1,5048,1,34,35,39
"357",10076,1,9931,1,34,36,41
"358",10599,1,777,1,31,34,38
"359",801,1,1553,1,33,35,39
"360",1024,1,5979,1,32,35,39
"361",1059,1,468,1,35,38,43
"362",1185,1,6645,1,27,31,39
"363",1949,1,6718,1,35,36,42
"364",2211,1,1271,1,32,37,43
"365",2455,1,10544,1,32,36,42
"366",2566,1,2631,1,34,36,42
"367",2700,1,2626,1,29,31,39
"368",3600,1,7513,1,36,37,43
"369",3981,1,4495,1,37,38,44
"370",4011,1,801,1,36,38,44
"371",4495,1,635,1,33,35,40
"372",4827,1,10076,1,36,38,45
"373",5001,1,2099,1,37,38,44
"374",5012,1,9086,1,37,38,43
"375",5369,1,6017,1,33,35,40
"376",5807,1,8908,1,35,36,41
"377",6065,1,2892,1,30,34,40
"378",6685,1,8103,1,32,33,40
"379",7492,1,7147,1,35,36,42
"380",7972,1,3916,1,36,37,41
"381",8068,1,3823,1,34,36,42
"382",8983,1,1024,1,37,38,43
"383",9086,1,6247,1,33,36,42
"384",9120,1,639,1,32,33,39
"385",10313,1,4708,1,34,37,44
"386",53,1,5369,1,37,38,44
"387",107,1,1527,1,35,37,42
"388",137,1,6247,1,33,34,41
"389",261,1,8968,1,36,37,41
"390",644,1,5525,1,38,39,43
"391",1280,1,6157,1,36,37,42
"392",3473,1,10295,1,37,39,45
"393",4015,1,3127,1,36,37,43
"394",4060,1,1689,1,38,39,45
"395",4285,1,137,1,36,38,42
"396",4386,1,7513,1,37,39,43
"397",4739,1,10548,1,33,36,41
"398",5250,1,10074,1,36,37,43
"399",5525,1,1271,1,35,36,41
"400",5669,1,5506,1,35,37,42
"401",6231,1,1678,1,35,38,45
"402",6551,1,10496,1,35,37,43
"403",6796,1,328,1,36,38,44
"404",6816,1,1552,1,37,38,42
"405",7017,1,1044,1,38,39,43
"406",7285,1,10375,1,31,35,41
"407",8059,1,1678,1,33,39,44
"408",8401,1,8754,1,38,39,42
"409",8559,1,5807,1,37,38,44
"410",9165,1,1060,1,33,35,40
"411",9217,1,5979,1,33,35,42
"412",9555,1,1433,1,37,39,46
"413",9849,1,8298,1,33,37,43
"414",10115,1,6718,1,34,36,44
"415",10188,1,10496,1,35,37,46
"416",10295,1,5301,1,34,35,41
"417",10588,1,5305,1,37,38,42
"418",10676,1,4015,1,37,39,44
"419",257,1,6272,1,35,36,41
"420",469,1,5807,1,36,39,44
"421",1086,1,6680,1,38,39,45
"422",1324,1,6017,1,33,37,44
"423",1433,1,6811,1,33,36,44
"424",1544,1,5369,1,35,37,41
"425",1552,1,6889,1,35,36,41
"426",1749,1,9120,1,35,39,44
"427",3124,1,2211,1,39,40,45
"428",3772,1,257,1,37,38,44
"429",3986,1,10403,1,34,37,42
"430",4083,1,10692,1,34,36,41
"431",4143,1,801,1,36,38,44
"432",4665,1,7308,1,38,40,44
"433",4892,1,6247,1,33,37,41
"434",4973,1,6157,1,36,38,44
"435",5025,1,4083,1,37,39,44
"436",5469,1,6157,1,36,38,44
"437",5755,1,1987,1,34,36,42
"438",5941,1,5123,1,37,39,44
"439",6401,1,7513,1,36,37,42
"440",7767,1,4083,1,39,40,45
"441",8130,1,1678,1,35,38,41
"442",9309,1,2566,1,37,39,44
"443",9590,1,7552,1,35,37,44
"444",9640,1,8975,1,37,38,43
"445",10118,1,1234,1,39,40,43
"446",10376,1,3379,1,32,35,41
"447",10531,1,5012,1,39,40,44
"448",396,1,2211,1,38,40,45
"449",733,1,7308,1,37,38,43
"450",1044,1,3168,1,35,37,42
"451",1234,1,8908,1,36,38,44
"452",1464,1,5369,1,36,38,43
"453",1477,1,10076,1,37,38,44
"454",2294,1,10496,1,35,37,42
"455",3521,1,5102,1,34,37,44
"456",3759,1,10076,1,37,38,43
"457",4022,1,4083,1,37,39,47
"458",4433,1,3772,1,39,41,47
"459",4656,1,10115,1,38,41,48
"460",4863,1,6065,1,35,39,44
"461",5506,1,10548,1,33,35,42
"462",6158,1,8983,1,39,41,47
"463",6654,1,181,1,40,41,46
"464",6680,1,1558,1,36,37,44
"465",7308,1,4495,1,36,37,42
"466",7310,1,9931,1,34,36,42
"467",7744,1,1527,1,35,38,42
"468",7943,1,9165,1,37,41,46
"469",8338,1,7513,1,36,37,42
"470",8932,1,5807,1,37,38,43
"471",9896,1,5669,1,39,40,46
"472",10054,1,3002,1,36,38,45
"473",10532,1,1558,1,34,38,43
"474",3,1,3629,1,37,39,44
"475",78,1,5025,1,40,41,45
"476",188,1,8983,1,40,42,47
"477",852,1,8014,1,38,40,48
"478",1923,1,8338,1,37,39,43
"479",1990,1,5001,1,39,41,46
"480",2210,1,9309,1,40,42,47
"481",2256,1,3990,1,40,41,47
"482",3334,1,8059,1,40,42,47
"483",3454,1,1139,1,39,41,46
"484",3797,1,3712,1,38,41,47
"485",3934,1,3986,1,38,40,44
"486",3990,1,9165,1,36,38,44
"487",4647,1,9165,1,37,39,44
"488",5131,1,2211,1,38,39,44
"489",5305,1,3629,1,35,37,43
"490",5375,1,789,1,33,38,44
"491",5964,1,10054,1,38,40,45
"492",6303,1,6960,1,41,42,48
"493",6367,1,1949,1,37,39,45
"494",6644,1,5941,1,40,41,45
"495",6707,1,8130,1,38,41,47
"496",7039,1,5025,1,40,41,45
"497",7170,1,4083,1,37,40,45
"498",7278,1,1024,1,36,38,43
"499",7358,1,137,1,36,41,45
"500",7360,1,1433,1,37,39,45
"501",7490,1,4387,1,39,42,47
"502",7680,1,4892,1,39,42,45
"503",8014,1,10496,1,35,37,43
"504",8318,1,2279,1,36,38,45
"505",8839,1,3473,1,40,42,46
"506",8972,1,3986,1,38,40,46
"507",9552,1,5375,1,40,42,48
"508",10141,1,137,1,35,38,44
"509",10427,1,7147,1,35,39,43
"510",10485,1,9217,1,36,38,43
"511",10494,1,10376,1,35,41,44
"512",155,1,2294,1,38,39,44
"513",181,1,2211,1,39,40,47
"514",211,1,6889,1,35,38,44
"515",240,1,4647,1,40,42,48
"516",430,1,6796,1,39,42,47
"517",595,1,5228,1,39,41,49
"518",863,1,4285,1,40,41,47
"519",892,1,5131,1,41,42,46
"520",1064,1,107,1,40,43,48
"521",1138,1,6367,1,40,43,49
"522",1139,1,1689,1,37,39,47
"523",1204,1,4665,1,41,43,49
"524",1253,1,3981,1,40,41,48
"525",1568,1,7440,1,38,41,45
"526",2276,1,3473,1,40,41,46
"527",2305,1,352,1,40,42,46
"528",2595,1,53,1,39,41,46
"529",2724,1,5611,1,41,42,47
"530",2845,1,6816,1,39,40,44
"531",2871,1,5611,1,41,43,48
"532",2874,1,6065,1,36,38,44
"533",3066,1,4106,1,38,40,45
"534",3434,1,9007,1,37,38,44
"535",3724,1,7615,1,35,37,44
"536",4106,1,1433,1,37,38,44
"537",4130,1,9472,1,42,43,49
"538",4147,1,7513,1,36,38,44
"539",4534,1,1433,1,39,41,45
"540",4626,1,733,1,39,41,45
"541",4893,1,469,1,40,42,49
"542",5071,1,181,1,41,43,48
"543",5459,1,2845,1,41,43,49
"544",5625,1,9309,1,41,42,46
"545",5644,1,5800,1,42,43,48
"546",5800,1,5131,1,40,41,44
"547",5879,1,1044,1,39,41,47
"548",6059,1,6401,1,39,41,47
"549",6257,1,10141,1,39,42,48
"550",6960,1,7310,1,36,39,44
"551",7038,1,137,1,36,40,46
"552",7129,1,10676,1,40,41,46
"553",7388,1,4060,1,41,42,48
"554",7878,1,9232,1,42,43,49
"555",8754,1,7513,1,36,37,44
"556",8851,1,3986,1,39,40,45
"557",8875,1,4060,1,41,43,48
"558",8946,1,2481,1,40,42,47
"559",9232,1,1689,1,38,41,46
"560",9272,1,4739,1,38,41,47
"561",9380,1,2123,1,42,43,49
"562",9472,1,9346,1,38,40,44
"563",9530,1,9849,1,41,42,47
"564",10325,1,2481,1,41,43,49
"565",10604,1,4626,1,42,43,48
"566",10665,1,5391,1,41,42,45
"567",20,1,2256,1,42,43,49
"568",218,1,5305,1,39,41,49
"569",352,1,9590,1,39,40,46
"570",545,1,9472,1,42,43,48
"571",764,1,7490,1,43,44,50
"572",2123,1,2799,1,36,40,48
"573",2271,1,7680,1,43,44,48
"574",2481,1,8975,1,38,40,45
"575",2621,1,4060,1,40,42,47
"576",2680,1,5525,1,39,41,47
"577",2781,1,8968,1,36,40,45
"578",3149,1,7278,1,39,41,47
"579",3267,1,2481,1,42,43,50
"580",3412,1,469,1,39,41,46
"581",3607,1,1324,1,39,42,49
"582",4465,1,6157,1,36,41,46
"583",5296,1,9555,1,41,43,48
"584",5391,1,1370,1,36,40,45
"585",5596,1,328,1,37,39,45
"586",5611,1,4015,1,38,40,47
"587",6127,1,8975,1,39,41,48
"588",6381,1,3990,1,41,43,48
"589",6746,1,5625,1,43,44,48
"590",7111,1,8888,1,43,44,50
"591",7249,1,5807,1,37,39,47
"592",7433,1,4892,1,38,40,47
"593",7761,1,4534,1,42,44,49
"594",7942,1,4386,1,42,43,48
"595",8365,1,9555,1,41,42,47
"596",8599,1,1044,1,39,43,46
"597",8623,1,7285,1,40,43,47
"598",8888,1,10141,1,39,43,46
"599",431,1,10531,1,42,43,49
"600",512,1,4863,1,41,43,49
"601",1301,1,9346,1,40,42,46
"602",1899,1,2660,1,42,43,47
"603",2575,1,5462,1,42,44,50
"604",2672,1,3267,1,44,45,49
"605",3138,1,7680,1,43,45,50
"606",3757,1,10325,1,44,45,52
"607",4050,1,10531,1,43,45,49
"608",4348,1,2194,1,44,45,51
"609",4440,1,5012,1,39,41,47
"610",4501,1,188,1,42,44,50
"611",4732,1,2123,1,41,42,46
"612",5078,1,4973,1,41,42,49
"613",5229,1,5391,1,42,44,48
"614",5291,1,1086,1,41,42,48
"615",6347,1,1061,1,39,41,46
"616",6575,1,4060,1,39,42,46
"617",7813,1,9703,1,43,44,49
"618",7852,1,10413,1,41,43,47
"619",8525,1,4022,1,41,44,51
"620",9002,1,7388,1,43,44,49
"621",9046,1,469,1,40,43,48
"622",9213,1,4626,1,41,43,46
"623",9703,1,4495,1,37,41,46
"624",10077,1,8851,1,41,43,49
"625",10413,1,1061,1,38,40,46
"626",527,1,7038,1,41,43,50
"627",666,1,7285,1,39,42,47
"628",903,1,7943,1,41,43,49
"629",1023,1,5001,1,41,43,50
"630",1273,1,7490,1,43,44,50
"631",1449,1,666,1,43,45,50
"632",1451,1,2660,1,42,43,47
"633",1768,1,2781,1,42,45,50
"634",2543,1,1749,1,39,41,47
"635",2728,1,7541,1,44,45,50
"636",3449,1,595,1,42,45,51
"637",4012,1,4647,1,41,44,49
"638",4089,1,188,1,43,45,52
"639",4431,1,733,1,39,43,47
"640",4608,1,5078,1,43,46,51
"641",4623,1,1023,1,44,45,51
"642",5259,1,1923,1,40,42,48
"643",5384,1,7388,1,43,45,48
"644",5707,1,10531,1,41,42,48
"645",6861,1,4863,1,39,41,48
"646",7549,1,1301,1,43,45,50
"647",7685,1,7433,1,43,45,50
"648",7709,1,352,1,41,44,51
"649",8621,1,4665,1,41,42,48
"650",8864,1,4386,1,41,42,47
"651",9016,1,1923,1,42,44,51
"652",9045,1,8983,1,40,44,49
"653",9219,1,7492,1,41,43,49
"654",9233,1,4893,1,42,44,48
"655",9533,1,9640,1,42,43,49
"656",10152,1,595,1,44,46,52
"657",10345,1,3066,1,41,43,50
"658",5,1,10345,1,43,44,49
"659",40,1,527,1,46,47,52
"660",270,1,10531,1,41,45,51
"661",481,1,2123,1,42,43,50
"662",951,1,2276,1,43,45,49
"663",1152,1,10588,1,40,43,48
"664",1263,1,8972,1,42,44,50
"665",1402,1,5462,1,42,44,49
"666",1817,1,10665,1,43,44,50
"667",1972,1,8059,1,41,43,51
"668",2287,1,6231,1,44,46,52
"669",3013,1,4893,1,43,45,51
"670",3241,1,4011,1,41,43,50
"671",4181,1,4440,1,43,45,50
"672",4190,1,1817,1,45,47,54
"673",4584,1,892,1,45,46,53
"674",4615,1,8851,1,42,43,48
"675",4775,1,10625,1,46,47,53
"676",5614,1,9896,1,42,44,49
"677",5728,1,6059,1,42,45,49
"678",5862,1,3473,1,40,41,48
"679",6194,1,7680,1,43,45,50
"680",7158,1,10666,1,43,44,51
"681",7226,1,78,1,43,46,52
"682",7392,1,5296,1,45,47,52
"683",7416,1,2194,1,45,47,52
"684",7541,1,8851,1,41,43,48
"685",7980,1,7299,1,46,47,52
"686",8576,1,8365,1,44,47,53
"687",8667,1,8972,1,43,46,50
"688",8868,1,7878,1,44,46,52
"689",8954,1,2481,1,41,46,53
"690",9036,1,7943,1,43,46,50
"691",9076,1,4973,1,41,42,48
"692",9917,1,644,1,40,43,50
"693",10666,1,5375,1,39,42,49
"694",21,1,1253,1,41,44,50
"695",132,1,4623,1,46,48,53
"696",677,1,2728,1,46,47,53
"697",1084,1,10532,1,41,45,49
"698",2194,1,4665,1,42,43,49
"699",2286,1,10665,1,44,46,52
"700",2379,1,9066,1,45,47,51
"701",2660,1,1544,1,40,41,51
"702",2741,1,8059,1,41,44,49
"703",2767,1,9076,1,44,46,51
"704",2962,1,2543,1,43,45,49
"705",3201,1,1972,1,45,47,53
"706",3287,1,951,1,46,48,51
"707",3482,1,10583,1,45,47,52
"708",3585,1,5964,1,44,46,52
"709",3676,1,7086,1,47,48,52
"710",3945,1,3454,1,42,43,49
"711",4028,1,4181,1,46,47,50
"712",4044,1,863,1,42,45,50
"713",4585,1,431,1,44,47,55
"714",4811,1,10666,1,46,48,53
"715",4896,1,4465,1,42,44,49
"716",4993,1,1253,1,42,43,49
"717",5462,1,2874,1,39,41,49
"718",5994,1,4050,1,45,47,53
"719",6133,1,5614,1,45,46,50
"720",6217,1,7693,1,45,46,50
"721",6276,1,8365,1,44,47,54
"722",6411,1,9757,1,45,46,50
"723",6487,1,4044,1,46,48,53
"724",6544,1,4993,1,45,46,52
"725",6897,1,1301,1,43,46,50
"726",7027,1,8599,1,44,46,51
"727",7084,1,6158,1,42,45,52
"728",7299,1,8946,1,43,45,50
"729",7603,1,8667,1,47,48,53
"730",7693,1,5707,1,42,45,49
"731",7723,1,1768,1,46,48,52
"732",8429,1,20,1,46,48,54
"733",8562,1,9763,1,44,48,54
"734",8570,1,910,1,46,48,52
"735",8611,1,7943,1,41,43,50
"736",8900,1,7358,1,42,45,51
"737",8988,1,8875,1,45,48,52
"738",9066,1,10413,1,41,44,49
"739",9299,1,7038,1,42,43,49
"740",9363,1,9002,1,45,48,53
"741",9757,1,7388,1,43,44,51
"742",9763,1,10413,1,41,44,50
"743",10015,1,3945,1,44,45,50
"744",10154,1,181,1,41,43,49
"745",10260,1,10077,1,44,47,51
"746",10558,1,1086,1,42,45,50
"747",10583,1,8851,1,41,43,51
"748",10712,1,4431,1,44,45,49
"749",588,1,1451,1,45,47,52
"750",910,1,5078,1,42,44,52
"751",1125,1,4993,1,46,48,55
"752",1392,1,6846,1,48,49,53
"753",1573,1,7680,1,43,46,50
"754",2782,1,3334,1,44,46,50
"755",2933,1,527,1,44,45,50
"756",3154,1,2724,1,44,48,52
"757",3198,1,5078,1,43,46,50
"758",3227,1,764,1,46,49,55
"759",3624,1,430,1,42,45,51
"760",3656,1,2767,1,48,49,54
"761",3794,1,1858,1,48,49,53
"762",3897,1,4044,1,47,49,55
"763",4009,1,4181,1,48,49,54
"764",4228,1,9076,1,46,47,54
"765",4423,1,5879,1,42,44,50
"766",4609,1,2543,1,42,44,50
"767",4764,1,6257,1,46,47,52
"768",5178,1,1204,1,44,46,53
"769",5240,1,4647,1,42,45,50
"770",5346,1,6347,1,42,44,52
"771",5390,1,8868,1,47,48,53
"772",5954,1,5071,1,44,48,53
"773",6037,1,2962,1,47,49,54
"774",6202,1,3166,1,46,47,51
"775",6363,1,10625,1,47,48,52
"776",6380,1,9076,1,43,46,50
"777",6390,1,7158,1,45,48,53
"778",6584,1,5296,1,44,45,50
"779",6666,1,9380,1,44,46,52
"780",6699,1,5459,1,44,48,53
"781",6703,1,8875,1,44,46,50
"782",6786,1,7027,1,47,48,54
"783",7095,1,10154,1,44,45,52
"784",7320,1,1402,1,46,48,52
"785",7350,1,10604,1,45,47,52
"786",7379,1,910,1,46,48,53
"787",7460,1,188,1,42,44,50
"788",7564,1,2741,1,45,46,54
"789",7883,1,2123,1,41,43,50
"790",9269,1,2893,1,46,47,52
"791",9596,1,4623,1,46,48,54
"792",10049,1,5644,1,44,46,54
"793",10226,1,5707,1,44,46,51
"794",10360,1,2543,1,42,44,50
"795",10437,1,4501,1,45,47,53
"796",10446,1,910,1,46,48,55
"797",279,1,481,1,44,47,51
"798",533,1,9045,1,45,46,52
"799",579,1,5384,1,46,47,53
"800",847,1,5662,1,49,50,55
"801",1256,1,3013,1,47,49,56
"802",1265,1,2287,1,47,49,54
"803",1318,1,4534,1,43,45,53
"804",1343,1,10494,1,42,48,52
"805",1858,1,7680,1,44,46,51
"806",2005,1,9380,1,44,46,51
"807",2733,1,10345,1,44,47,51
"808",3082,1,2672,1,46,48,54
"809",3268,1,4348,1,47,49,54
"810",3372,1,10665,1,44,47,51
"811",3550,1,1643,1,47,48,53
"812",3938,1,6133,1,46,49,54
"813",3952,1,6276,1,48,49,53
"814",5039,1,9036,1,48,49,54
"815",5244,1,7158,1,45,47,54
"816",5340,1,5994,1,49,50,53
"817",5354,1,7379,1,48,49,52
"818",5427,1,3198,1,47,50,55
"819",5535,1,8621,1,45,47,53
"820",5662,1,3013,1,46,49,54
"821",5754,1,10360,1,46,47,54
"822",6572,1,9380,1,48,50,53
"823",6846,1,9076,1,45,47,52
"824",6857,1,2379,1,48,50,55
"825",7119,1,2782,1,47,48,53
"826",7355,1,2276,1,44,45,51
"827",7569,1,8290,1,48,50,55
"828",7570,1,8868,1,47,48,53
"829",7953,1,2287,1,49,50,55
"830",8082,1,9066,1,44,46,51
"831",8167,1,1084,1,46,48,52
"832",8202,1,6746,1,45,50,54
"833",8276,1,3372,1,48,50,58
"834",8574,1,10666,1,44,46,52
"835",9048,1,3449,1,46,47,53
"836",9075,1,4811,1,49,50,55
"837",9778,1,4623,1,47,50,55
"838",9983,1,3287,1,49,50,56
"839",10061,1,4732,1,43,44,51
"840",10305,1,7980,1,49,50,55
"841",10542,1,7350,1,49,50,54
"842",10625,1,666,1,44,46,52
"843",485,1,6584,1,48,51,57
"844",1219,1,5296,1,46,48,53
"845",1372,1,10015,1,46,48,54
"846",1497,1,9045,1,45,48,53
"847",1637,1,4896,1,46,49,53
"848",1643,1,4440,1,43,46,52
"849",2404,1,764,1,45,48,54
"850",2454,1,10061,1,44,46,52
"851",2664,1,8888,1,45,47,52
"852",2893,1,3124,1,41,45,52
"853",2995,1,6257,1,47,49,53
"854",3072,1,3482,1,48,49,56
"855",3719,1,1273,1,45,46,52
"856",4087,1,7685,1,46,48,53
"857",4528,1,7980,1,47,49,54
"858",4939,1,7852,1,46,47,53
"859",5300,1,4775,1,48,50,57
"860",5641,1,9233,1,45,46,52
"861",5684,1,9757,1,47,51,56
"862",5808,1,5625,1,44,46,53
"863",5970,1,6381,1,46,49,54
"864",6850,1,4028,1,49,50,56
"865",6959,1,6584,1,46,49,55
"866",7086,1,6257,1,44,46,52
"867",7380,1,8525,1,46,49,55
"868",8290,1,5259,1,44,47,54
"869",8492,1,6380,1,48,50,56
"870",8688,1,5346,1,46,47,53
"871",8937,1,4044,1,46,48,53
"872",9302,1,10712,1,48,49,53
"873",9394,1,9757,1,45,46,53
"874",9779,1,10345,1,45,47,52
"875",10236,1,10437,1,49,51,56
"876",10468,1,10260,1,49,51,57
"877",10480,1,1265,1,50,51,56
"878",10626,1,5535,1,48,50,56
"879",81,1,6363,1,49,50,58
"880",592,1,6199,1,51,52,57
"881",851,1,6133,1,48,50,54
"882",938,1,677,1,48,50,54
"883",1237,1,2933,1,47,50,55
"884",2022,1,3013,1,45,48,53
"885",2064,1,10625,1,47,50,57
"886",2146,1,7086,1,49,50,54
"887",2323,1,8988,1,49,50,54
"888",2423,1,4811,1,50,52,57
"889",2670,1,10626,1,51,52,57
"890",2853,1,2404,1,49,50,56
"891",3407,1,2575,1,47,49,55
"892",3500,1,2664,1,48,49,55
"893",3562,1,7685,1,47,50,55
"894",3672,1,6380,1,46,47,53
"895",3926,1,4087,1,50,51,56
"896",5226,1,6828,1,50,51,55
"897",5230,1,910,1,46,48,54
"898",5379,1,8795,1,50,52,57
"899",5758,1,7379,1,49,51,56
"900",5851,1,7685,1,47,49,55
"901",6195,1,3449,1,48,50,54
"902",6436,1,7111,1,49,50,57
"903",6511,1,7158,1,45,47,53
"904",6629,1,3072,1,49,50,58
"905",6749,1,4775,1,47,49,54
"906",6757,1,9208,1,51,52,58
"907",6866,1,3624,1,48,50,53
"908",7011,1,1436,1,50,51,55
"909",7514,1,8577,1,51,52,58
"910",7592,1,579,1,48,50,54
"911",7740,1,2005,1,47,48,56
"912",7900,1,9046,1,45,50,54
"913",8041,1,6487,1,49,50,58
"914",8261,1,847,1,50,52,58
"915",8577,1,6584,1,46,48,53
"916",8593,1,9396,1,50,52,57
"917",8735,1,3287,1,49,51,55
"918",8909,1,5954,1,48,50,56
"919",8941,1,666,1,45,47,53
"920",9108,1,5994,1,49,52,59
"921",9131,1,5390,1,49,51,57
"922",9208,1,1263,1,46,49,54
"923",9324,1,4190,1,48,49,55
"924",10474,1,8570,1,49,51,55
"925",10572,1,3676,1,50,52,56
"926",10716,1,8599,1,45,46,54
"927",10741,1,2741,1,46,50,56
"928",113,1,9363,1,49,50,54
"929",487,1,7119,1,49,51,59
"930",516,1,6487,1,49,50,54
"931",631,1,5890,1,51,52,57
"932",990,1,6199,1,50,51,57
"933",1224,1,8988,1,49,51,56
"934",1307,1,6363,1,48,51,55
"935",1849,1,7723,1,51,52,58
"936",2216,1,8954,1,48,50,56
"937",2345,1,2933,1,47,50,54
"938",2512,1,8365,1,43,45,54
"939",2819,1,1265,1,50,51,56
"940",3166,1,2724,1,43,46,54
"941",3913,1,485,1,52,53,59
"942",4494,1,4228,1,49,51,57
"943",4581,1,3500,1,50,52,58
"944",5282,1,5427,1,50,52,56
"945",6188,1,588,1,48,50,55
"946",6339,1,8202,1,50,52,57
"947",6843,1,20,1,46,49,54
"948",6986,1,851,1,52,53,57
"949",7005,1,8574,1,50,52,57
"950",7041,1,1643,1,47,49,57
"951",7229,1,2512,1,47,51,56
"952",7613,1,8082,1,48,50,56
"953",7704,1,5641,1,47,50,54
"954",7973,1,7416,1,48,50,55
"955",8541,1,1343,1,49,51,57
"956",8795,1,2575,1,46,49,54
"957",8879,1,3500,1,50,51,56
"958",9358,1,7570,1,49,51,55
"959",10005,1,8574,1,48,50,54
"960",10111,1,40,1,48,50,54
"961",10219,1,9596,1,50,53,58
"962",10634,1,4585,1,47,50,54
"963",10636,1,270,1,46,49,55
"964",10729,1,6749,1,51,52,57
"965",582,1,8900,1,46,50,55
"966",583,1,6846,1,48,49,55
"967",831,1,3154,1,48,50,55
"968",1076,1,3938,1,50,52,58
"969",1270,1,8941,1,50,51,56
"970",1436,1,7299,1,46,48,55
"971",1999,1,2853,1,51,53,59
"972",2421,1,5340,1,50,51,56
"973",2519,1,3500,1,51,52,57
"974",2553,1,6828,1,50,52,57
"975",2807,1,1449,1,49,51,57
"976",2985,1,7400,1,53,54,60
"977",3369,1,3268,1,50,52,57
"978",3519,1,8574,1,47,52,57
"979",4105,1,9324,1,50,51,56
"980",4121,1,5970,1,50,51,57
"981",4621,1,6857,1,51,53,57
"982",4771,1,4228,1,48,50,56
"983",4989,1,7320,1,49,51,57
"984",5068,1,8562,1,50,51,56
"985",5445,1,6018,1,53,54,62
"986",5472,1,5230,1,50,52,56
"987",5517,1,2670,1,53,54,59
"988",5595,1,5226,1,52,54,60
"989",5832,1,9983,1,51,53,60
"990",6018,1,3154,1,49,51,56
"991",6119,1,4585,1,48,51,56
"992",6845,1,9324,1,50,52,56
"993",7133,1,7953,1,51,52,58
"994",7232,1,4121,1,52,54,58
"995",7338,1,5,1,47,49,56
"996",8992,1,485,1,52,54,60
"997",9396,1,10437,1,48,49,57
"998",9410,1,8492,1,51,52,60
"999",9521,1,9779,1,50,52,61
"1000",9864,1,3656,1,50,51,57
"1001",10041,1,4811,1,52,53,57
"1002",10090,1,8429,1,48,50,56
"1003",10109,1,10741,1,51,53,60
"1004",10170,1,6119,1,53,54,60
"1005",10213,1,1637,1,50,52,59
"1006",10523,1,7761,1,46,51,58
"1007",10675,1,4008,1,52,54,58
"1008",10709,1,7514,1,52,54,58
"1009",466,1,7823,1,51,53,60
"1010",667,1,9983,1,52,54,59
"1011",818,1,3438,1,53,54,60
"1012",917,1,1219,1,50,51,59
"1013",2191,1,8868,1,48,51,56
"1014",2367,1,990,1,52,55,60
"1015",2599,1,6600,1,54,55,62
"1016",2769,1,900,1,53,54,58
"1017",2828,1,8570,1,49,52,57
"1018",2953,1,6380,1,47,51,56
"1019",2991,1,1786,1,53,55,61
"1020",3324,1,5300,1,52,54,60
"1021",3438,1,6380,1,47,51,56
"1022",3745,1,588,1,48,51,57
"1023",3814,1,3794,1,51,52,58
"1024",3930,1,9596,1,50,52,56
"1025",4008,1,8429,1,49,51,57
"1026",4416,1,10090,1,51,54,59
"1027",4653,1,5300,1,51,53,59
"1028",4736,1,1436,1,51,53,61
"1029",4852,1,8937,1,49,52,56
"1030",5111,1,4771,1,51,53,57
"1031",5813,1,113,1,52,54,59
"1032",5841,1,5379,1,53,54,58
"1033",5890,1,2664,1,50,51,56
"1034",5998,1,5851,1,49,51,58
"1035",6004,1,10480,1,51,52,58
"1036",6424,1,3794,1,51,53,57
"1037",6459,1,4494,1,53,55,60
"1038",6678,1,1125,1,49,51,58
"1039",6768,1,9899,1,54,55,60
"1040",6828,1,2741,1,46,49,56
"1041",6970,1,4775,1,49,51,56
"1042",7400,1,6199,1,49,52,56
"1043",7669,1,2064,1,51,53,58
"1044",7690,1,2191,1,53,55,59
"1045",7823,1,533,1,50,51,57
"1046",7881,1,6511,1,48,50,56
"1047",7986,1,4939,1,48,52,56
"1048",8097,1,5039,1,51,53,57
"1049",8127,1,7973,1,51,53,59
"1050",8299,1,6436,1,51,54,58
"1051",8648,1,3519,1,52,54,59
"1052",8650,1,8073,1,53,55,58
"1053",8765,1,10480,1,52,55,62
"1054",9064,1,9778,1,51,52,58
"1055",9177,1,9302,1,50,52,57
"1056",9312,1,6986,1,54,55,61
"1057",9899,1,7338,1,51,52,57
"1058",10225,1,1392,1,50,53,61
"1059",10261,1,9208,1,51,55,61
"1060",65,1,5535,1,50,53,59
"1061",228,1,1839,1,52,54,60
"1062",258,1,7317,1,54,56,62
"1063",745,1,5300,1,51,55,63
"1064",986,1,2064,1,51,53,59
"1065",1018,1,7613,1,50,51,57
"1066",1132,1,9029,1,55,56,61
"1067",1428,1,7011,1,52,55,60
"1068",1450,1,3438,1,52,55,62
"1069",1589,1,8570,1,49,52,58
"1070",1786,1,7119,1,50,52,57
"1071",1975,1,8570,1,50,54,58
"1072",2340,1,10480,1,52,54,59
"1073",2348,1,10109,1,54,55,62
"1074",2389,1,10741,1,50,51,57
"1075",2424,1,2629,1,55,56,61
"1076",2629,1,2345,1,51,53,58
"1077",2690,1,8492,1,52,54,58
"1078",2761,1,1637,1,50,55,61
"1079",2988,1,1786,1,54,56,60
"1080",3031,1,10041,1,54,55,59
"1081",3141,1,1643,1,48,52,58
"1082",3479,1,6276,1,50,52,57
"1083",3492,1,8937,1,49,51,57
"1084",3668,1,2315,1,53,56,60
"1085",3683,1,1589,1,53,54,58
"1086",3883,1,10111,1,51,53,58
"1087",4058,1,6845,1,53,55,61
"1088",4182,1,3794,1,52,55,62
"1089",4215,1,3995,1,55,56,63
"1090",4493,1,851,1,50,51,58
"1091",4552,1,2216,1,51,54,58
"1092",5076,1,5067,1,54,56,61
"1093",5091,1,1318,1,49,52,57
"1094",5162,1,9131,1,51,52,57
"1095",5660,1,7392,1,50,54,59
"1096",5980,1,10729,1,55,56,60
"1097",6012,1,7338,1,50,55,60
"1098",6199,1,21,1,47,49,57
"1099",6738,1,9131,1,52,54,59
"1100",7814,1,3938,1,50,52,57
"1101",7831,1,10636,1,50,54,60
"1102",8062,1,10236,1,52,54,58
"1103",8373,1,7005,1,53,55,61
"1104",8431,1,10090,1,51,54,60
"1105",8852,1,7514,1,53,55,61
"1106",9173,1,631,1,54,55,59
"1107",9184,1,9298,1,54,56,60
"1108",9738,1,4528,1,51,53,58
"1109",9875,1,6276,1,50,54,58
"1110",9903,1,900,1,53,55,58
"1111",9919,1,917,1,51,53,58
"1112",10126,1,485,1,54,56,61
"1113",10248,1,4621,1,54,56,61
"1114",69,1,3072,1,52,54,58
"1115",551,1,2670,1,53,56,59
"1116",902,1,3438,1,54,55,59
"1117",937,1,7199,1,53,54,60
"1118",1209,1,8795,1,53,54,59
"1119",1779,1,6195,1,51,54,59
"1120",1793,1,6970,1,52,53,58
"1121",1839,1,4811,1,49,52,58
"1122",1934,1,4493,1,51,54,60
"1123",2078,1,10572,1,54,56,62
"1124",2315,1,4105,1,52,53,58
"1125",2606,1,900,1,53,56,64
"1126",2865,1,4581,1,53,55,60
"1127",3257,1,2953,1,52,54,59
"1128",3515,1,10236,1,52,54,61
"1129",3520,1,8688,1,51,53,58
"1130",3646,1,10480,1,55,57,62
"1131",3885,1,4485,1,56,57,62
"1132",4220,1,3745,1,52,55,59
"1133",4257,1,8097,1,55,56,60
"1134",4362,1,5758,1,53,55,61
"1135",4574,1,7669,1,54,55,60
"1136",5058,1,6850,1,52,53,59
"1137",5067,1,3500,1,51,53,58
"1138",5233,1,7704,1,53,55,60
"1139",5622,1,2519,1,53,56,61
"1140",5908,1,5758,1,53,55,60
"1141",6067,1,9035,1,56,57,62
"1142",6075,1,851,1,51,53,59
"1143",6917,1,10213,1,53,55,59
"1144",7145,1,10636,1,53,54,60
"1145",7317,1,516,1,51,52,59
"1146",7362,1,1839,1,53,56,62
"1147",7718,1,5445,1,55,57,62
"1148",7748,1,8909,1,52,54,60
"1149",8073,1,10741,1,51,52,60
"1150",8326,1,6828,1,52,55,59
"1151",8350,1,10109,1,54,55,59
"1152",8474,1,4989,1,52,54,60
"1153",8732,1,8276,1,55,57,62
"1154",9029,1,7133,1,52,54,63
"1155",9070,1,5813,1,55,56,60
"1156",9298,1,2421,1,52,53,58
"1157",9330,1,2828,1,53,54,59
"1158",9776,1,1398,1,54,56,62
"1159",9866,1,2315,1,54,55,61
"1160",9951,1,6339,1,53,54,58
"1161",10362,1,6199,1,52,53,58
"1162",10366,1,5162,1,53,54,60
"1163",10513,1,8648,1,56,57,63
"1164",14,1,2064,1,54,57,65
"1165",390,1,210,1,55,57,61
"1166",433,1,4771,1,52,54,59
"1167",555,1,3794,1,50,55,62
"1168",683,1,7232,1,54,57,62
"1169",724,1,7669,1,54,57,62
"1170",871,1,6866,1,52,54,59
"1171",919,1,917,1,53,54,60
"1172",1633,1,9177,1,53,55,60
"1173",1683,1,917,1,53,54,61
"1174",1767,1,8937,1,50,52,59
"1175",2185,1,1839,1,53,55,59
"1176",2187,1,4494,1,53,56,60
"1177",2901,1,3952,1,50,51,59
"1178",3010,1,5758,1,52,53,62
"1179",3137,1,1786,1,52,54,59
"1180",3995,1,4494,1,52,53,61
"1181",4032,1,9064,1,55,57,62
"1182",4036,1,4220,1,56,57,63
"1183",4256,1,3010,1,54,56,60
"1184",4308,1,8593,1,52,54,60
"1185",4312,1,3268,1,52,54,62
"1186",5187,1,2769,1,55,57,64
"1187",5465,1,5068,1,53,54,61
"1188",5915,1,4716,1,56,58,63
"1189",5917,1,8465,1,57,58,62
"1190",6181,1,10523,1,51,52,59
"1191",6476,1,9875,1,55,58,64
"1192",6766,1,4008,1,54,55,59
"1193",7199,1,583,1,50,53,59
"1194",7325,1,2819,1,53,55,61
"1195",7328,1,7748,1,54,56,61
"1196",7517,1,9875,1,56,57,63
"1197",7580,1,10568,1,56,58,63
"1198",7803,1,6738,1,55,57,62
"1199",7835,1,2340,1,55,57,63
"1200",8337,1,10572,1,54,57,64
"1201",8424,1,5058,1,54,56,62
"1202",8670,1,3952,1,50,54,62
"1203",8793,1,4105,1,51,52,59
"1204",9044,1,6339,1,56,57,64
"1205",9091,1,10366,1,55,57,64
"1206",9737,1,6766,1,55,58,63
"1207",9925,1,2146,1,52,55,59
"1208",10035,1,6181,1,53,55,60
"1209",10208,1,3072,1,51,55,60
"1210",10246,1,6986,1,54,55,60
"1211",127,1,5076,1,57,58,62
"1212",401,1,1125,1,53,55,60
"1213",439,1,8735,1,53,55,62
"1214",475,1,4182,1,56,57,63
"1215",715,1,9521,1,53,55,60
"1216",890,1,2807,1,52,54,60
"1217",900,1,8562,1,49,51,60
"1218",985,1,3814,1,54,56,61
"1219",1178,1,6081,1,57,59,64
"1220",1274,1,3519,1,56,58,63
"1221",1287,1,9899,1,55,57,61
"1222",1593,1,4312,1,54,56,61
"1223",1657,1,4058,1,55,57,62
"1224",1774,1,5832,1,53,56,62
"1225",2188,1,2765,1,55,56,60
"1226",2290,1,258,1,57,58,61
"1227",2390,1,3516,1,57,58,66
"1228",2765,1,10305,1,52,53,60
"1229",2867,1,1589,1,53,55,60
"1230",3053,1,3926,1,52,54,60
"1231",3293,1,1633,1,56,58,63
"1232",3370,1,2599,1,57,58,65
"1233",3464,1,1398,1,54,57,61
"1234",3501,1,8127,1,55,56,62
"1235",3508,1,1224,1,52,55,60
"1236",3692,1,1786,1,53,54,61
"1237",4043,1,5908,1,56,57,63
"1238",4313,1,3814,1,53,56,62
"1239",4366,1,8431,1,54,56,64
"1240",4479,1,7133,1,53,55,62
"1241",4526,1,9919,1,55,57,63
"1242",4909,1,65,1,55,56,61
"1243",4935,1,2369,1,58,59,64
"1244",5115,1,9875,1,56,57,62
"1245",5681,1,2315,1,56,59,64
"1246",5784,1,7514,1,54,59,64
"1247",6007,1,8073,1,53,56,62
"1248",6081,1,10041,1,54,56,62
"1249",6107,1,7814,1,55,57,62
"1250",6578,1,8650,1,56,57,62
"1251",6600,1,1589,1,53,54,60
"1252",6686,1,7445,1,57,59,65
"1253",6864,1,5111,1,54,58,62
"1254",7022,1,7027,1,50,53,60
"1255",7275,1,9177,1,53,55,60
"1256",7324,1,8073,1,54,55,61
"1257",7420,1,5300,1,52,56,62
"1258",7445,1,466,1,55,56,60
"1259",7888,1,10090,1,54,56,61
"1260",7983,1,5841,1,57,59,65
"1261",8471,1,65,1,56,57,63
"1262",8666,1,7005,1,53,55,61
"1263",9035,1,8793,1,53,56,62
"1264",9124,1,7022,1,54,55,60
"1265",9176,1,2988,1,57,58,64
"1266",9244,1,5091,1,54,56,62
"1267",9554,1,3141,1,54,56,61
"1268",9569,1,3913,1,54,56,62
"1269",9721,1,10394,1,58,59,62
"1270",9937,1,8373,1,55,57,64
"1271",9956,1,7235,1,57,59,67
"1272",10228,1,10261,1,55,57,60
"1273",10394,1,9330,1,55,56,61
"1274",10416,1,8350,1,58,59,67
"1275",10526,1,4621,1,54,55,60
"1276",10568,1,4121,1,53,55,60
"1277",193,1,555,1,56,57,62
"1278",207,1,4653,1,55,57,62
"1279",329,1,8474,1,55,57,62
"1280",364,1,10126,1,57,60,65
"1281",626,1,8648,1,56,57,61
"1282",693,1,10109,1,55,57,61
"1283",811,1,9784,1,59,60,65
"1284",834,1,7690,1,57,59,64
"1285",1009,1,1934,1,55,56,63
"1286",1261,1,8062,1,55,56,61
"1287",1285,1,2788,1,58,60,66
"1288",1290,1,8686,1,59,60,65
"1289",1306,1,1779,1,57,59,66
"1290",1373,1,4653,1,55,57,62
"1291",1398,1,7392,1,50,53,61
"1292",1494,1,3683,1,55,57,62
"1293",1719,1,5076,1,57,59,65
"1294",1732,1,6107,1,59,60,65
"1295",1889,1,4581,1,56,57,61
"1296",2369,1,6845,1,54,56,61
"1297",2559,1,1774,1,57,58,63
"1298",2573,1,3980,1,59,60,65
"1299",2698,1,7445,1,57,60,64
"1300",2766,1,3949,1,59,60,65
"1301",2850,1,3516,1,58,60,63
"1302",2858,1,5111,1,54,56,61
"1303",3126,1,9312,1,55,57,62
"1304",3323,1,193,1,59,60,65
"1305",3474,1,6738,1,57,58,63
"1306",3861,1,9044,1,57,59,66
"1307",3862,1,7362,1,58,59,65
"1308",3892,1,2599,1,55,56,61
"1309",3980,1,3479,1,54,56,61
"1310",4099,1,8765,1,58,59,66
"1311",4152,1,2988,1,58,59,64
"1312",4223,1,715,1,57,59,64
"1313",4611,1,6181,1,53,56,61
"1314",4668,1,10213,1,55,59,65
"1315",4716,1,2064,1,52,54,61
"1316",4752,1,5841,1,56,60,64
"1317",4914,1,10170,1,55,57,63
"1318",5145,1,6986,1,55,57,62
"1319",5222,1,1261,1,57,59,63
"1320",6142,1,5660,1,55,57,62
"1321",6148,1,127,1,59,60,66
"1322",6190,1,69,1,55,57,64
"1323",6472,1,3980,1,57,59,64
"1324",6753,1,9951,1,56,60,67
"1325",6955,1,4493,1,52,54,61
"1326",7070,1,3257,1,56,57,63
"1327",7191,1,7275,1,57,58,63
"1328",7235,1,2519,1,54,56,61
"1329",7273,1,4914,1,58,60,68
"1330",8148,1,5427,1,53,57,61
"1331",8465,1,10468,1,53,55,61
"1332",8686,1,10394,1,57,58,63
"1333",8766,1,1555,1,58,59,63
"1334",8787,1,6845,1,54,56,61
"1335",8902,1,938,1,52,57,62
"1336",8994,1,9358,1,54,56,62
"1337",9030,1,2865,1,57,58,63
"1338",9077,1,6678,1,54,56,64
"1339",9189,1,3398,1,56,57,63
"1340",9453,1,2599,1,55,60,64
"1341",9518,1,10041,1,55,59,64
"1342",9582,1,10225,1,54,56,63
"1343",10068,1,4552,1,55,57,63
"1344",10158,1,9077,1,57,60,66
"1345",10318,1,8062,1,55,57,63
"1346",10411,1,7328,1,57,58,62
"1347",10545,1,1767,1,54,55,62
"1348",10649,1,1398,1,54,58,64
"1349",10654,1,2769,1,55,57,62
"1350",210,1,6845,1,53,54,62
"1351",369,1,3147,1,60,61,66
"1352",389,1,5058,1,57,58,63
"1353",440,1,8350,1,56,58,63
"1354",531,1,9390,1,57,61,66
"1355",824,1,569,1,59,61,67
"1356",959,1,2761,1,57,60,68
"1357",1043,1,3883,1,55,57,62
"1358",1111,1,4375,1,60,61,66
"1359",1228,1,9004,1,59,60,65
"1360",1286,1,2348,1,57,58,63
"1361",1442,1,6738,1,56,58,66
"1362",1554,1,10069,1,59,61,68
"1363",1555,1,3137,1,55,57,62
"1364",1658,1,9077,1,57,59,65
"1365",1860,1,6768,1,57,60,65
"1366",1983,1,3067,1,60,61,66
"1367",2039,1,10649,1,59,60,65
"1368",2152,1,9176,1,58,59,65
"1369",2356,1,4526,1,58,59,63
"1370",2808,1,1312,1,60,61,66
"1371",3012,1,9004,1,58,59,63
"1372",3099,1,1009,1,57,59,65
"1373",3239,1,6635,1,60,61,67
"1374",3286,1,10225,1,55,56,63
"1375",3395,1,8686,1,59,61,65
"1376",3398,1,4736,1,54,55,62
"1377",3516,1,9919,1,55,56,62
"1378",3564,1,3980,1,58,59,63
"1379",3569,1,2098,1,60,61,67
"1380",3595,1,2185,1,58,61,67
"1381",3780,1,1683,1,58,60,67
"1382",3890,1,2188,1,57,61,67
"1383",3949,1,2606,1,57,59,64
"1384",4049,1,4215,1,57,59,63
"1385",4082,1,1274,1,59,60,65
"1386",4205,1,2519,1,54,57,62
"1387",4231,1,2698,1,60,61,67
"1388",4276,1,6476,1,59,60,66
"1389",4281,1,1428,1,56,61,66
"1390",4349,1,2332,1,57,59,64
"1391",4375,1,4552,1,55,58,64
"1392",4485,1,3369,1,53,55,62
"1393",4597,1,8148,1,58,59,63
"1394",4836,1,8902,1,58,59,64
"1395",4979,1,8732,1,59,61,67
"1396",5278,1,439,1,56,60,65
"1397",5421,1,1286,1,59,60,66
"1398",5500,1,1261,1,57,59,63
"1399",5766,1,2606,1,57,60,66
"1400",5831,1,3683,1,56,57,62
"1401",5850,1,1593,1,57,61,68
"1402",5996,1,1412,1,59,61,64
"1403",6248,1,7275,1,57,59,63
"1404",6495,1,5465,1,55,56,62
"1405",6581,1,2390,1,59,61,65
"1406",6635,1,1849,1,54,57,62
"1407",6913,1,8874,1,58,60,65
"1408",7064,1,1661,1,59,61,66
"1409",7072,1,8693,1,59,60,64
"1410",7502,1,9091,1,58,60,64
"1411",7521,1,3501,1,57,59,63
"1412",7608,1,4909,1,57,59,62
"1413",7791,1,10675,1,55,57,63
"1414",7847,1,3892,1,58,60,65
"1415",7866,1,6007,1,58,59,64
"1416",8025,1,5915,1,59,61,67
"1417",8610,1,5813,1,56,59,64
"1418",8719,1,7835,1,59,61,67
"1419",8733,1,3692,1,55,57,63
"1420",8809,1,9070,1,57,59,65
"1421",8874,1,7400,1,54,56,63
"1422",8925,1,8766,1,60,61,65
"1423",9004,1,10109,1,56,57,63
"1424",9141,1,8686,1,59,61,66
"1425",9197,1,1132,1,58,60,64
"1426",9252,1,1312,1,60,61,67
"1427",9495,1,10208,1,58,61,66
"1428",9520,1,8326,1,58,61,67
"1429",9691,1,3892,1,57,59,65
"1430",9784,1,2985,1,55,58,63
"1431",9817,1,3913,1,56,58,63
"1432",9934,1,7328,1,58,60,65
"1433",10253,1,8733,1,60,61,66
"1434",10330,1,7133,1,55,57,62
"1435",10740,1,1178,1,59,60,67
"1436",9,1,9925,1,57,59,64
"1437",25,1,1661,1,59,60,66
"1438",708,1,7235,1,58,59,64
"1439",748,1,6578,1,59,61,69
"1440",1049,1,1648,1,59,62,65
"1441",1079,1,4043,1,58,60,66
"1442",1120,1,7420,1,58,59,65
"1443",1145,1,8872,1,60,62,68
"1444",1164,1,4220,1,56,58,63
"1445",1412,1,7690,1,56,58,63
"1446",1661,1,9244,1,57,58,64
"1447",1800,1,8958,1,61,62,66
"1448",1813,1,9197,1,61,62,69
"1449",2098,1,8766,1,59,60,67
"1450",2238,1,7191,1,60,61,65
"1451",2332,1,6857,1,54,56,63
"1452",2418,1,5980,1,57,59,64
"1453",2668,1,8625,1,60,62,67
"1454",2788,1,8852,1,56,58,63
"1455",2854,1,1442,1,59,60,66
"1456",2908,1,10006,1,59,60,64
"1457",3147,1,985,1,57,59,63
"1458",3221,1,4313,1,57,59,63
"1459",3333,1,10394,1,58,60,67
"1460",3467,1,4220,1,56,59,63
"1461",3561,1,10654,1,60,62,67
"1462",3638,1,10330,1,60,62,66
"1463",3713,1,1934,1,57,58,63
"1464",4288,1,9934,1,61,62,66
"1465",4395,1,10740,1,61,62,68
"1466",4612,1,2867,1,57,59,65
"1467",4617,1,2367,1,57,59,64
"1468",4997,1,10035,1,57,59,67
"1469",5196,1,9956,1,60,61,67
"1470",5293,1,1683,1,56,60,65
"1471",5566,1,390,1,58,60,69
"1472",6474,1,9569,1,57,59,64
"1473",6676,1,5145,1,59,61,68
"1474",6787,1,5758,1,53,55,64
"1475",6819,1,5915,1,59,61,65
"1476",6926,1,9582,1,57,58,64
"1477",7339,1,1120,1,59,61,67
"1478",7577,1,1648,1,59,60,63
"1479",8331,1,4349,1,60,61,67
"1480",8434,1,10568,1,57,60,64
"1481",8519,1,2559,1,59,61,65
"1482",8677,1,7840,1,59,60,66
"1483",8807,1,1132,1,57,61,66
"1484",8948,1,4716,1,56,57,63
"1485",8969,1,3324,1,55,58,64
"1486",9040,1,7983,1,60,61,65
"1487",9093,1,10649,1,58,59,63
"1488",9686,1,9091,1,58,61,66
"1489",9694,1,4485,1,57,59,65
"1490",9707,1,7840,1,59,60,65
"1491",9715,1,10082,1,61,62,67
"1492",9742,1,8127,1,54,59,65
"1493",10006,1,4909,1,56,58,63
"1494",10148,1,10446,1,51,55,63
"1495",10151,1,6864,1,59,61,68
"1496",48,1,8948,1,58,60,66
"1497",126,1,8650,1,56,57,64
"1498",268,1,2086,1,60,63,68
"1499",480,1,6768,1,57,59,65
"1500",569,1,745,1,57,59,64
"1501",702,1,6000,1,62,63,69
"1502",752,1,8874,1,57,59,64
"1503",781,1,931,1,61,63,70
"1504",929,1,3713,1,60,62,67
"1505",1066,1,8222,1,59,61,66
"1506",1090,1,8062,1,57,60,66
"1507",1100,1,1412,1,59,62,70
"1508",1283,1,9035,1,58,59,65
"1509",1312,1,3913,1,56,59,65
"1510",1388,1,2188,1,58,61,66
"1511",1443,1,3516,1,58,61,67
"1512",1598,1,2559,1,61,63,68
"1513",1607,1,1658,1,60,62,68
"1514",1648,1,8097,1,55,58,64
"1515",2156,1,8424,1,57,59,64
"1516",2239,1,480,1,60,61,65
"1517",2359,1,1450,1,58,59,64
"1518",2754,1,7944,1,62,63,68
"1519",2912,1,3323,1,62,63,66
"1520",3992,1,10416,1,61,63,69
"1521",4016,1,824,1,62,63,67
"1522",4072,1,8310,1,62,63,69
"1523",4243,1,6248,1,60,61,67
"1524",4250,1,7608,1,60,61,66
"1525",4443,1,6476,1,59,62,67
"1526",4679,1,4375,1,59,61,65
"1527",4741,1,9518,1,60,63,68
"1528",5011,1,1261,1,58,61,68
"1529",5143,1,10069,1,61,62,67
"1530",5201,1,4215,1,58,59,64
"1531",5496,1,3467,1,60,63,68
"1532",5618,1,4375,1,59,60,67
"1533",6435,1,10561,1,59,60,66
"1534",6524,1,2156,1,62,63,67
"1535",6638,1,6474,1,62,63,67
"1536",7040,1,9737,1,59,60,67
"1537",7303,1,2471,1,58,61,66
"1538",7754,1,3646,1,59,61,65
"1539",7840,1,7420,1,57,58,65
"1540",7902,1,1261,1,57,59,64
"1541",8054,1,4716,1,57,61,66
"1542",8222,1,9330,1,55,58,64
"1543",8279,1,8852,1,56,58,64
"1544",8310,1,7317,1,56,59,68
"1545",8523,1,7580,1,59,61,67
"1546",8596,1,1228,1,61,63,70
"1547",8958,1,5076,1,58,59,65
"1548",9178,1,2369,1,59,61,65
"1549",9246,1,2359,1,60,61,66
"1550",9503,1,9004,1,58,61,67
"1551",9547,1,752,1,61,63,68
"1552",9626,1,1164,1,61,62,67
"1553",10069,1,5187,1,58,59,65
"1554",10561,1,1132,1,57,58,65
"1555",10569,1,6339,1,54,60,64
"1556",607,1,8172,1,62,63,69
"1557",609,1,667,1,56,58,65
"1558",694,1,9077,1,59,60,65
"1559",812,1,134,1,63,64,68
"1560",941,1,440,1,59,60,66
"1561",1206,1,6435,1,61,64,73
"1562",1423,1,4375,1,59,61,67
"1563",2086,1,4220,1,56,59,66
"1564",2378,1,3890,1,62,64,70
"1565",2471,1,3010,1,54,58,65
"1566",2551,1,683,1,59,62,67
"1567",2938,1,4036,1,59,62,66
"1568",2974,1,6000,1,62,64,69
"1569",3067,1,10261,1,57,59,65
"1570",3151,1,1079,1,62,63,67
"1571",3238,1,5145,1,59,61,67
"1572",3362,1,8732,1,58,60,66
"1573",3506,1,1312,1,61,62,67
"1574",3622,1,10394,1,57,59,65
"1575",4070,1,2418,1,61,62,68
"1576",4799,1,1774,1,58,60,65
"1577",4826,1,7072,1,61,62,67
"1578",4985,1,1648,1,60,63,68
"1579",5080,1,1555,1,61,62,68
"1580",5110,1,4375,1,60,61,68
"1581",5112,1,10318,1,61,63,68
"1582",5298,1,2390,1,59,62,68
"1583",5387,1,2854,1,61,63,69
"1584",6000,1,3622,1,59,61,67
"1585",6114,1,10006,1,59,61,67
"1586",6691,1,6190,1,59,62,66
"1587",6836,1,7840,1,59,60,65
"1588",6856,1,1290,1,61,63,69
"1589",7365,1,9077,1,57,60,65
"1590",7415,1,10318,1,59,63,67
"1591",7648,1,2390,1,59,62,69
"1592",8172,1,708,1,59,61,65
"1593",8339,1,10569,1,61,64,70
"1594",8385,1,4152,1,61,63,66
"1595",8625,1,1274,1,59,60,65
"1596",8693,1,3141,1,55,59,65
"1597",8773,1,3949,1,60,63,69
"1598",8808,1,985,1,58,62,67
"1599",9049,1,2098,1,62,64,68
"1600",9284,1,5500,1,60,63,69
"1601",9390,1,7232,1,55,57,65
"1602",9430,1,5076,1,58,59,65
"1603",9515,1,2098,1,62,63,68
"1604",9526,1,4375,1,59,61,66
"1605",9704,1,10411,1,59,62,68
"1606",9791,1,3147,1,60,61,67
"1607",10002,1,6917,1,58,61,66
"1608",10024,1,9925,1,58,61,65
"1609",10147,1,4668,1,61,62,68
"1610",10354,1,811,1,62,63,68
"1611",10500,1,1388,1,62,63,67
"1612",10534,1,8331,1,62,64,69
"1613",134,1,683,1,60,62,66
"1614",372,1,694,1,61,62,67
"1615",688,1,2232,1,64,65,70
"1616",740,1,1312,1,60,62,68
"1617",931,1,2606,1,59,61,66
"1618",1011,1,7888,1,57,61,66
"1619",1254,1,10649,1,59,61,67
"1620",1351,1,4243,1,62,63,69
"1621",1352,1,2356,1,59,62,69
"1622",1383,1,7890,1,64,65,71
"1623",1396,1,1658,1,61,63,68
"1624",1534,1,2156,1,60,61,67
"1625",1642,1,8808,1,63,64,72
"1626",1698,1,372,1,64,65,71
"1627",1699,1,1554,1,63,64,71
"1628",1846,1,2832,1,63,65,70
"1629",2384,1,2097,1,62,63,68
"1630",2439,1,1373,1,59,62,67
"1631",2458,1,2187,1,59,61,67
"1632",2614,1,8958,1,61,62,67
"1633",2984,1,6581,1,62,63,69
"1634",3176,1,1274,1,60,61,67
"1635",3224,1,8263,1,63,65,70
"1636",3275,1,9715,1,64,65,72
"1637",3450,1,10230,1,64,65,70
"1638",3702,1,9184,1,57,62,68
"1639",3761,1,6114,1,62,63,68
"1640",3979,1,694,1,61,62,69
"1641",4168,1,5830,1,64,65,69
"1642",4300,1,7902,1,60,63,70
"1643",4490,1,2039,1,62,65,70
"1644",4920,1,1043,1,60,62,67
"1645",5065,1,4653,1,56,59,68
"1646",5130,1,4231,1,62,64,68
"1647",5324,1,531,1,62,65,71
"1648",5633,1,752,1,62,64,72
"1649",5717,1,1285,1,61,63,68
"1650",5718,1,9686,1,63,65,69
"1651",5830,1,25,1,61,62,68
"1652",5920,1,1164,1,59,60,66
"1653",6141,1,2239,1,63,64,71
"1654",6254,1,10416,1,62,65,70
"1655",6331,1,6476,1,59,62,67
"1656",6438,1,127,1,60,61,69
"1657",6999,1,3702,1,63,65,71
"1658",7014,1,4443,1,63,65,73
"1659",7060,1,6190,1,59,61,66
"1660",7523,1,4205,1,59,60,66
"1661",7598,1,7060,1,62,64,69
"1662",7929,1,1657,1,59,61,68
"1663",7944,1,1164,1,59,62,70
"1664",8241,1,5850,1,61,63,68
"1665",8529,1,8519,1,62,64,69
"1666",8583,1,8948,1,61,63,68
"1667",8711,1,6178,1,64,65,70
"1668",9350,1,1412,1,61,62,68
"1669",9420,1,8733,1,60,61,66
"1670",9433,1,5500,1,60,62,67
"1671",9461,1,834,1,60,62,68
"1672",9490,1,1554,1,64,65,69
"1673",10594,1,9252,1,63,64,69
"1674",154,1,9495,1,64,66,71
"1675",269,1,7463,1,62,64,69
"1676",458,1,8266,1,64,65,70
"1677",530,1,6691,1,64,66,71
"1678",615,1,1719,1,61,63,67
"1679",675,1,5196,1,63,65,70
"1680",798,1,3067,1,62,63,68
"1681",913,1,10513,1,58,63,70
"1682",928,1,10312,1,62,63,67
"1683",998,1,8339,1,65,66,72
"1684",1457,1,8406,1,63,65,72
"1685",1639,1,8807,1,64,66,73
"1686",1799,1,2808,1,62,66,71
"1687",2097,1,6926,1,60,62,68
"1688",2448,1,8278,1,64,65,70
"1689",2693,1,5777,1,65,66,70
"1690",3001,1,811,1,64,66,71
"1691",3075,1,10740,1,61,64,68
"1692",3085,1,5978,1,65,66,72
"1693",3306,1,6415,1,63,64,70
"1694",3354,1,3890,1,62,63,69
"1695",3437,1,5996,1,63,65,70
"1696",3605,1,3861,1,61,63,69
"1697",3665,1,9461,1,63,65,69
"1698",3768,1,8686,1,59,60,67
"1699",3789,1,455,1,64,66,71
"1700",4040,1,929,1,62,63,67
"1701",4394,1,268,1,64,65,68
"1702",4432,1,4349,1,61,64,67
"1703",4434,1,5455,1,60,62,67
"1704",4478,1,8385,1,63,64,70
"1705",4726,1,2832,1,62,64,72
"1706",4735,1,3862,1,60,62,69
"1707",4780,1,3099,1,60,64,69
"1708",5306,1,9433,1,63,66,70
"1709",5410,1,8895,1,65,66,71
"1710",5455,1,10568,1,57,59,68
"1711",5555,1,1443,1,62,63,69
"1712",5572,1,207,1,59,63,71
"1713",5620,1,1554,1,63,64,69
"1714",5690,1,2239,1,61,64,67
"1715",5795,1,10561,1,60,63,68
"1716",5933,1,2788,1,59,64,68
"1717",5974,1,14,1,59,60,67
"1718",6480,1,5920,1,61,64,69
"1719",6488,1,7847,1,61,64,72
"1720",6503,1,891,1,63,66,72
"1721",6778,1,9461,1,63,64,69
"1722",6847,1,748,1,62,66,69
"1723",6936,1,4836,1,62,65,70
"1724",7118,1,5620,1,65,66,70
"1725",7428,1,1661,1,60,62,69
"1726",7629,1,3176,1,62,64,70
"1727",7779,1,1011,1,63,65,70
"1728",7804,1,3622,1,60,61,67
"1729",8008,1,5917,1,61,63,69
"1730",8372,1,931,1,65,66,70
"1731",8406,1,5974,1,60,62,69
"1732",8510,1,694,1,62,65,69
"1733",8872,1,3980,1,57,59,68
"1734",9031,1,9934,1,61,63,70
"1735",9100,1,1554,1,63,65,71
"1736",9810,1,1090,1,61,63,67
"1737",10070,1,4478,1,64,65,69
"1738",10262,1,3979,1,63,64,70
"1739",10312,1,4479,1,56,60,67
"1740",10381,1,1286,1,59,62,67
"1741",10517,1,9178,1,63,64,69
"1742",10537,1,9956,1,62,63,67
"1743",10539,1,9093,1,60,63,69
"1744",10735,1,7847,1,61,62,67
"1745",427,1,2359,1,60,62,69
"1746",601,1,9413,1,65,66,70
"1747",671,1,9520,1,63,65,71
"1748",825,1,5387,1,63,65,70
"1749",891,1,9721,1,61,62,68
"1750",1041,1,3665,1,65,67,72
"1751",1130,1,10649,1,60,64,69
"1752",1241,1,8895,1,65,66,73
"1753",1262,1,2854,1,62,65,71
"1754",1649,1,9430,1,61,63,68
"1755",1836,1,5777,1,66,67,73
"1756",1907,1,5566,1,60,63,70
"1757",2229,1,4799,1,63,65,71
"1758",2234,1,7040,1,62,65,70
"1759",2261,1,8677,1,61,65,69
"1760",2317,1,4726,1,65,66,71
"1761",2475,1,921,1,63,64,68
"1762",2514,1,10230,1,64,67,72
"1763",2578,1,1228,1,61,62,68
"1764",2583,1,6000,1,63,64,68
"1765",2671,1,1290,1,61,63,68
"1766",2735,1,3323,1,61,63,69
"1767",2815,1,2378,1,65,67,74
"1768",2832,1,1661,1,59,61,68
"1769",2990,1,4741,1,65,67,74
"1770",2997,1,9141,1,62,64,70
"1771",3041,1,5850,1,63,65,72
"1772",3069,1,3713,1,60,64,70
"1773",3647,1,4443,1,64,66,72
"1774",3803,1,8625,1,61,63,70
"1775",4071,1,4281,1,63,66,72
"1776",4110,1,3890,1,62,63,69
"1777",4242,1,6067,1,59,61,68
"1778",4570,1,10381,1,63,65,73
"1779",4672,1,4997,1,62,64,70
"1780",4822,1,7428,1,64,65,71
"1781",5356,1,9197,1,62,63,69
"1782",5777,1,708,1,60,63,69
"1783",5790,1,8367,1,66,67,73
"1784",5902,1,4935,1,61,64,69
"1785",5978,1,7273,1,60,63,69
"1786",6120,1,5996,1,61,63,68
"1787",6131,1,5293,1,61,62,68
"1788",6153,1,4780,1,65,67,71
"1789",6290,1,8808,1,63,67,72
"1790",6302,1,2098,1,63,65,69
"1791",6336,1,7929,1,63,64,70
"1792",6400,1,5143,1,63,64,70
"1793",6415,1,6578,1,59,61,68
"1794",6743,1,2475,1,65,66,70
"1795",6855,1,2239,1,62,65,70
"1796",6980,1,9084,1,64,65,70
"1797",7153,1,9495,1,64,67,71
"1798",7336,1,5795,1,63,67,72
"1799",7496,1,4072,1,64,66,72
"1800",7533,1,2097,1,64,66,72
"1801",7591,1,3354,1,63,65,70
"1802",7621,1,5850,1,62,63,69
"1803",7868,1,9040,1,63,64,69
"1804",7890,1,364,1,61,63,68
"1805",7970,1,2908,1,61,63,70
"1806",8077,1,9141,1,62,65,70
"1807",8238,1,3564,1,62,64,68
"1808",8253,1,2766,1,63,65,70
"1809",8266,1,7983,1,61,64,70
"1810",8278,1,1412,1,60,61,69
"1811",8398,1,569,1,63,66,71
"1812",8749,1,9626,1,64,65,70
"1813",8854,1,10438,1,65,67,70
"1814",8895,1,5196,1,62,64,68
"1815",9084,1,1285,1,61,63,69
"1816",9414,1,9176,1,60,63,68
"1817",9460,1,4741,1,63,65,73
"1818",9627,1,5276,1,63,64,69
"1819",9642,1,4243,1,62,65,70
"1820",9646,1,4395,1,63,64,69
"1821",9712,1,3702,1,63,66,72
"1822",9858,1,8172,1,63,66,71
"1823",10116,1,4250,1,63,65,70
"1824",10164,1,10147,1,65,67,73
"1825",10230,1,1889,1,59,62,69
"1826",10319,1,372,1,63,66,72
"1827",10512,1,5766,1,61,62,70
"1828",10528,1,1598,1,64,66,73
"1829",10702,1,3803,1,64,66,70
"1830",10720,1,10158,1,63,66,71
"1831",455,1,6472,1,60,63,69
"1832",642,1,4920,1,63,64,69
"1833",689,1,6676,1,63,65,70
"1834",1173,1,8197,1,67,68,73
"1835",1299,1,10082,1,61,64,69
"1836",1325,1,4070,1,64,66,72
"1837",1362,1,2908,1,62,64,69
"1838",1476,1,1100,1,63,65,70
"1839",1702,1,5356,1,65,66,71
"1840",1851,1,9547,1,64,65,72
"1841",1957,1,6578,1,59,62,69
"1842",2128,1,10069,1,61,63,70
"1843",2232,1,569,1,60,63,70
"1844",2318,1,931,1,62,65,71
"1845",2382,1,2614,1,63,65,71
"1846",2833,1,5298,1,62,64,69
"1847",2920,1,5112,1,64,66,70
"1848",3048,1,1557,1,66,67,73
"1849",3265,1,1362,1,65,67,72
"1850",3355,1,6141,1,65,66,71
"1851",3891,1,7868,1,65,68,73
"1852",3923,1,4072,1,64,66,71
"1853",4461,1,4110,1,64,67,71
"1854",4569,1,6254,1,65,66,71
"1855",4588,1,5717,1,65,66,73
"1856",4682,1,1145,1,64,66,73
"1857",4890,1,1642,1,65,66,71
"1858",4928,1,9495,1,63,66,70
"1859",4955,1,9453,1,61,64,69
"1860",4976,1,9433,1,63,64,69
"1861",5276,1,1290,1,60,62,69
"1862",5380,1,7868,1,66,68,73
"1863",5652,1,1423,1,63,64,69
"1864",5685,1,607,1,65,66,71
"1865",5869,1,1362,1,66,67,73
"1866",6010,1,10230,1,63,65,70
"1867",6237,1,5555,1,64,66,72
"1868",6330,1,6495,1,58,63,69
"1869",6431,1,2439,1,63,65,71
"1870",7043,1,2671,1,64,68,75
"1871",7169,1,7621,1,64,65,71
"1872",7179,1,2583,1,65,68,75
"1873",7463,1,7191,1,59,61,69
"1874",7547,1,8836,1,66,68,74
"1875",7676,1,7880,1,66,67,73
"1876",7755,1,8583,1,63,67,78
"1877",7862,1,9420,1,62,65,71
"1878",7880,1,5996,1,62,65,71
"1879",7886,1,7754,1,63,65,72
"1880",8197,1,9420,1,62,64,70
"1881",8263,1,9582,1,61,63,70
"1882",8367,1,5830,1,64,66,72
"1883",8475,1,1907,1,65,68,72
"1884",8815,1,3354,1,64,66,72
"1885",9005,1,5620,1,65,67,74
"1886",9257,1,5717,1,64,66,70
"1887",9282,1,8746,1,65,68,73
"1888",9655,1,5795,1,65,66,70
"1889",9659,1,8773,1,64,66,72
"1890",9836,1,7929,1,65,66,71
"1891",9843,1,5298,1,62,65,70
"1892",10082,1,3892,1,57,60,69
"1893",10137,1,7365,1,64,65,72
"1894",10369,1,9049,1,65,67,72
"1895",10456,1,5933,1,66,67,71
"1896",10515,1,5915,1,60,63,70
"1897",10585,1,2458,1,63,64,72
"1898",86,1,4443,1,64,66,71
"1899",186,1,7886,1,66,67,72
"1900",236,1,8253,1,67,69,74
"1901",326,1,4672,1,65,66,70
"1902",408,1,8372,1,67,69,74
"1903",413,1,2232,1,65,66,72
"1904",560,1,9031,1,64,66,70
"1905",570,1,1799,1,67,68,77
"1906",651,1,1248,1,67,68,73
"1907",663,1,6438,1,63,65,71
"1908",672,1,7560,1,66,67,71
"1909",722,1,1907,1,66,69,75
"1910",782,1,6743,1,67,69,73
"1911",921,1,3474,1,61,63,70
"1912",932,1,3532,1,67,69,75
"1913",950,1,3890,1,63,65,70
"1914",1025,1,1206,1,65,68,74
"1915",1063,1,5920,1,61,63,70
"1916",1227,1,8253,1,67,69,74
"1917",1248,1,8197,1,65,67,72
"1918",1604,1,2318,1,65,67,72
"1919",1684,1,6331,1,64,67,76
"1920",1809,1,8339,1,65,66,73
"1921",1879,1,8008,1,65,68,73
"1922",2008,1,4890,1,67,69,74
"1923",2647,1,8958,1,60,63,70
"1924",3076,1,8278,1,63,64,70
"1925",3102,1,642,1,66,67,72
"1926",3283,1,2156,1,62,65,72
"1927",3400,1,4288,1,64,66,71
"1928",3442,1,10517,1,66,67,71
"1929",3470,1,3306,1,65,67,73
"1930",3855,1,7415,1,65,67,74
"1931",3911,1,6631,1,67,69,74
"1932",4322,1,2098,1,63,64,70
"1933",4409,1,5555,1,64,66,71
"1934",4467,1,7415,1,65,66,71
"1935",4507,1,2578,1,64,65,72
"1936",4516,1,2128,1,65,67,73
"1937",4717,1,781,1,65,67,75
"1938",4779,1,1702,1,67,68,72
"1939",4791,1,3323,1,62,66,71
"1940",4841,1,8054,1,62,65,71
"1941",4880,1,8339,1,65,67,72
"1942",5019,1,3395,1,62,64,70
"1943",5204,1,10381,1,63,64,71
"1944",5302,1,5572,1,64,66,70
"1945",5312,1,2938,1,64,65,70
"1946",5393,1,1285,1,61,65,71
"1947",5515,1,4383,1,66,68,73
"1948",5658,1,4072,1,66,67,72
"1949",5705,1,48,1,62,64,70
"1950",5860,1,9460,1,66,69,75
"1951",6185,1,10354,1,66,68,75
"1952",6212,1,9049,1,65,66,70
"1953",6238,1,9100,1,66,67,73
"1954",6412,1,8529,1,67,69,75
"1955",6493,1,9460,1,67,68,74
"1956",6507,1,2232,1,64,65,70
"1957",6626,1,3362,1,63,65,70
"1958",6712,1,3333,1,64,66,70
"1959",6821,1,9704,1,63,65,72
"1960",7136,1,8385,1,65,67,71
"1961",7259,1,372,1,63,65,70
"1962",7276,1,4979,1,64,66,71
"1963",7560,1,931,1,62,65,70
"1964",7782,1,4040,1,64,66,70
"1965",8176,1,6488,1,66,68,71
"1966",8343,1,4985,1,63,69,73
"1967",8430,1,2382,1,66,69,75
"1968",8535,1,5555,1,64,66,70
"1969",8758,1,9257,1,67,68,72
"1970",8800,1,1145,1,65,69,74
"1971",8836,1,3702,1,64,65,72
"1972",8886,1,1120,1,61,64,70
"1973",8898,1,1800,1,64,67,72
"1974",9047,1,8773,1,64,66,71
"1975",9062,1,798,1,64,67,72
"1976",9103,1,10537,1,64,67,72
"1977",9191,1,824,1,63,65,70
"1978",9413,1,7040,1,62,64,70
"1979",9422,1,7501,1,66,69,72
"1980",9531,1,931,1,62,65,70
"1981",9748,1,8310,1,61,67,74
"1982",9908,1,6114,1,63,66,70
"1983",10103,1,1598,1,67,68,72
"1984",10279,1,5717,1,65,67,73
"1985",10438,1,740,1,63,64,71
"1986",10641,1,3665,1,65,67,74
"1987",382,1,5544,1,67,68,73
"1988",457,1,4741,1,66,68,73
"1989",867,1,6913,1,60,65,71
"1990",968,1,1554,1,65,69,74
"1991",1087,1,7688,1,68,70,74
"1992",1136,1,6778,1,64,67,72
"1993",1308,1,8610,1,62,65,71
"1994",1345,1,7782,1,68,70,76
"1995",1357,1,9810,1,65,67,72
"1996",1495,1,2261,1,68,69,74
"1997",1832,1,5302,1,66,67,71
"1998",2849,1,675,1,67,68,74
"1999",3044,1,4710,1,67,70,77
"2000",3114,1,9490,1,66,67,73
"2001",3155,1,4976,1,65,68,74
"2002",3458,1,6280,1,66,67,72
"2003",3472,1,4394,1,66,68,73
"2004",3950,1,5795,1,65,69,74
"2005",4115,1,7944,1,64,66,71
"2006",4710,1,1476,1,66,67,73
"2007",4877,1,1299,1,64,66,72
"2008",5021,1,560,1,66,68,72
"2009",5502,1,5393,1,66,69,73
"2010",5544,1,5555,1,64,66,71
"2011",5677,1,672,1,68,69,73
"2012",6169,1,4985,1,64,66,71
"2013",6178,1,3595,1,62,63,71
"2014",6280,1,2671,1,63,64,72
"2015",6631,1,1063,1,63,65,72
"2016",6731,1,9782,1,67,69,74
"2017",6764,1,5276,1,65,66,71
"2018",6964,1,1041,1,69,70,75
"2019",7187,1,8008,1,64,68,73
"2020",7375,1,10456,1,68,69,77
"2021",7383,1,6480,1,66,68,74
"2022",7411,1,812,1,66,67,71
"2023",7501,1,6280,1,64,65,72
"2024",7688,1,6178,1,65,67,74
"2025",7712,1,6999,1,66,69,74
"2026",8007,1,86,1,67,68,72
"2027",8193,1,2514,1,68,70,75
"2028",8246,1,6254,1,67,69,74
"2029",8258,1,1049,1,64,66,71
"2030",8511,1,2984,1,64,67,71
"2031",8588,1,2766,1,62,64,71
"2032",8602,1,1809,1,68,70,75
"2033",8746,1,4250,1,62,64,71
"2034",8956,1,1399,1,69,70,78
"2035",9037,1,5312,1,67,69,73
"2036",9222,1,7970,1,64,66,71
"2037",9777,1,1860,1,63,64,71
"2038",9782,1,9084,1,64,66,71
"2039",9845,1,3306,1,68,69,74
"2040",9973,1,4976,1,66,68,74
"2041",9994,1,4478,1,66,68,72
"2042",10037,1,3275,1,66,69,74
"2043",10184,1,6141,1,65,66,71
"2044",10216,1,7153,1,68,69,74
"2045",10322,1,6524,1,65,66,71
"2046",102,1,601,1,67,69,74
"2047",374,1,1642,1,66,69,77
"2048",501,1,812,1,66,67,74
"2049",698,1,9619,1,68,71,78
"2050",971,1,3470,1,69,70,76
"2051",1516,1,4890,1,67,68,72
"2052",1557,1,2238,1,64,65,72
"2053",1746,1,3472,1,69,71,77
"2054",1835,1,7187,1,68,70,74
"2055",1947,1,455,1,64,67,73
"2056",1951,1,6488,1,68,70,75
"2057",2133,1,2693,1,68,69,74
"2058",2175,1,8746,1,65,68,73
"2059",2207,1,458,1,65,67,72
"2060",2253,1,9704,1,63,67,72
"2061",2370,1,6743,1,67,69,75
"2062",2417,1,2234,1,67,71,75
"2063",2422,1,8222,1,62,67,72
"2064",2435,1,6238,1,68,70,74
"2065",2814,1,7383,1,68,71,75
"2066",2902,1,7064,1,64,65,72
"2067",3014,1,3789,1,67,69,74
"2068",3056,1,4735,1,65,67,74
"2069",3079,1,10515,1,66,68,72
"2070",3080,1,7043,1,69,71,77
"2071",3212,1,1851,1,68,69,76
"2072",3364,1,1457,1,67,69,74
"2073",3507,1,10559,1,67,69,73
"2074",3532,1,642,1,65,66,72
"2075",3735,1,1362,1,64,67,75
"2076",3812,1,825,1,66,68,72
"2077",3832,1,7868,1,66,68,72
"2078",3851,1,9103,1,69,70,77
"2079",3877,1,6493,1,69,71,75
"2080",3960,1,501,1,68,71,76
"2081",4173,1,6229,1,69,70,76
"2082",4364,1,6821,1,66,68,72
"2083",4518,1,9777,1,66,69,76
"2084",4610,1,5515,1,69,70,75
"2085",4657,1,8475,1,69,70,76
"2086",4690,1,7929,1,65,66,72
"2087",4761,1,7755,1,69,70,75
"2088",4781,1,5544,1,67,69,77
"2089",4940,1,8958,1,63,67,72
"2090",5181,1,2382,1,66,67,73
"2091",5366,1,6237,1,66,68,73
"2092",5392,1,6980,1,66,68,74
"2093",5581,1,6638,1,65,67,72
"2094",5651,1,6178,1,65,67,74
"2095",5876,1,4976,1,66,68,75
"2096",5990,1,2253,1,68,69,73
"2097",6057,1,6010,1,66,67,72
"2098",6062,1,1383,1,67,68,72
"2099",6080,1,10735,1,64,66,72
"2100",6229,1,7169,1,66,68,72
"2101",6261,1,1851,1,67,68,72
"2102",6567,1,10230,1,67,70,75
"2103",6684,1,3056,1,68,70,75
"2104",6969,1,7560,1,67,69,74
"2105",7115,1,4071,1,66,69,75
"2106",7189,1,4920,1,63,66,73
"2107",7526,1,5496,1,66,67,75
"2108",7535,1,7598,1,67,69,74
"2109",7635,1,2382,1,68,70,75
"2110",7662,1,7179,1,69,71,74
"2111",7753,1,1399,1,70,71,77
"2112",7941,1,2475,1,64,66,72
"2113",8006,1,9047,1,66,70,75
"2114",8119,1,10116,1,67,70,75
"2115",8169,1,9168,1,69,71,77
"2116",8175,1,10641,1,68,71,75
"2117",8188,1,9284,1,65,68,73
"2118",8360,1,3204,1,70,71,75
"2119",8370,1,1516,1,70,71,77
"2120",8496,1,530,1,68,69,77
"2121",8629,1,9655,1,69,71,76
"2122",8781,1,6400,1,65,68,72
"2123",9097,1,10528,1,68,71,75
"2124",9223,1,6400,1,65,66,74
"2125",9562,1,5677,1,70,71,76
"2126",9682,1,3239,1,62,64,72
"2127",9687,1,688,1,67,71,77
"2128",9789,1,10585,1,65,68,72
"2129",9883,1,560,1,68,70,75
"2130",10034,1,1809,1,68,71,77
"2131",10275,1,5581,1,68,70,75
"2132",10340,1,950,1,67,70,77
"2133",10404,1,5366,1,69,70,74
"2134",10426,1,2668,1,64,67,74
"2135",10603,1,5302,1,68,70,76
"2136",43,1,1227,1,70,72,78
"2137",180,1,3507,1,70,72,76
"2138",336,1,6964,1,71,72,79
"2139",353,1,3232,1,70,71,75
"2140",470,1,3812,1,69,72,78
"2141",716,1,3102,1,68,69,74
"2142",945,1,6503,1,68,69,75
"2143",994,1,8886,1,65,67,74
"2144",1109,1,10456,1,69,70,75
"2145",1112,1,1604,1,69,71,79
"2146",1193,1,4053,1,71,72,76
"2147",1294,1,9789,1,69,70,76
"2148",1556,1,1206,1,65,70,77
"2149",1592,1,1788,1,67,68,73
"2150",1795,1,7868,1,65,69,74
"2151",1893,1,5652,1,65,68,73
"2152",1953,1,8007,1,69,71,74
"2153",2161,1,7153,1,69,71,75
"2154",2179,1,7560,1,67,69,74
"2155",2295,1,688,1,66,68,74
"2156",2430,1,1325,1,67,69,73
"2157",3158,1,5705,1,66,70,76
"2158",3844,1,8974,1,71,72,77
"2159",4053,1,7782,1,67,69,74
"2160",4196,1,3102,1,68,70,76
"2161",4383,1,1362,1,65,66,73
"2162",4699,1,1947,1,69,70,74
"2163",4806,1,7014,1,66,68,74
"2164",4932,1,7028,1,69,70,78
"2165",5133,1,9422,1,70,71,76
"2166",5485,1,10426,1,68,70,75
"2167",5741,1,3789,1,67,68,74
"2168",5746,1,7330,1,71,72,78
"2169",6471,1,8475,1,69,70,79
"2170",6700,1,2693,1,68,69,74
"2171",6907,1,3812,1,68,69,74
"2172",6956,1,3114,1,69,71,74
"2173",7028,1,5620,1,66,68,76
"2174",7077,1,6028,1,71,72,78
"2175",7192,1,5021,1,69,71,75
"2176",7408,1,2175,1,70,72,77
"2177",7530,1,5902,1,66,68,74
"2178",7558,1,8001,1,71,72,77
"2179",7668,1,530,1,68,70,75
"2180",7675,1,4071,1,68,71,75
"2181",7927,1,5869,1,68,70,76
"2182",8120,1,1699,1,65,68,74
"2183",8149,1,8008,1,66,69,73
"2184",8863,1,5652,1,64,66,73
"2185",8867,1,5741,1,69,71,76
"2186",8887,1,10137,1,66,67,73
"2187",8907,1,3354,1,65,67,74
"2188",9129,1,9845,1,70,71,76
"2189",9168,1,10116,1,66,69,74
"2190",9381,1,7375,1,70,72,76
"2191",9408,1,186,1,69,71,76
"2192",10134,1,6712,1,67,69,76
"2193",10271,1,7169,1,66,68,74
"2194",10434,1,8120,1,70,71,77
"2195",10530,1,4672,1,66,69,73
"2196",10546,1,4040,1,66,68,73
"2197",10616,1,2008,1,70,72,77
"2198",36,1,8258,1,68,70,75
"2199",191,1,4806,1,69,71,74
"2200",429,1,8197,1,65,67,74
"2201",456,1,3532,1,67,70,76
"2202",744,1,4873,1,69,70,78
"2203",1080,1,3533,1,71,72,77
"2204",1215,1,9942,1,70,72,79
"2205",1295,1,3400,1,67,69,76
"2206",1358,1,10528,1,67,69,74
"2207",1399,1,5387,1,66,68,74
"2208",1524,1,8887,1,69,71,76
"2209",1788,1,6821,1,66,67,74
"2210",1867,1,7676,1,69,71,77
"2211",1909,1,5181,1,67,69,75
"2212",2017,1,3069,1,65,68,76
"2213",2036,1,2430,1,71,73,78
"2214",2195,1,4490,1,67,70,76
"2215",2242,1,6700,1,71,73,80
"2216",2257,1,1087,1,71,73,79
"2217",2319,1,8898,1,68,72,77
"2218",2466,1,1399,1,69,71,75
"2219",2661,1,6743,1,67,69,74
"2220",3097,1,3400,1,68,71,76
"2221",3163,1,4956,1,71,72,77
"2222",3174,1,9037,1,70,72,77
"2223",3756,1,5392,1,69,71,75
"2224",3770,1,4168,1,67,69,74
"2225",3957,1,1846,1,67,68,75
"2226",4255,1,10404,1,71,72,78
"2227",4573,1,1604,1,69,71,76
"2228",4873,1,9191,1,67,68,74
"2229",4956,1,9005,1,68,69,74
"2230",5087,1,9152,1,72,73,78
"2231",5142,1,8854,1,69,72,78
"2232",5264,1,5658,1,68,70,75
"2233",5553,1,10262,1,66,69,76
"2234",5588,1,6062,1,69,71,76
"2235",5762,1,4956,1,70,73,80
"2236",5907,1,8529,1,67,69,74
"2237",5944,1,382,1,70,72,76
"2238",6033,1,8385,1,64,70,76
"2239",6048,1,1842,1,72,73,79
"2240",6093,1,5344,1,70,72,75
"2241",6135,1,7259,1,67,72,78
"2242",6417,1,3001,1,68,69,74
"2243",6623,1,3114,1,68,71,77
"2244",7208,1,708,1,63,69,74
"2245",7319,1,6237,1,67,69,75
"2246",7330,1,9655,1,69,70,75
"2247",7444,1,9782,1,67,69,75
"2248",7828,1,867,1,67,68,76
"2249",8001,1,6080,1,66,68,74
"2250",8086,1,7535,1,71,72,79
"2251",8395,1,4507,1,66,68,74
"2252",8482,1,4569,1,66,68,74
"2253",8499,1,2984,1,64,69,74
"2254",8581,1,3114,1,68,71,77
"2255",9056,1,2902,1,67,69,75
"2256",9152,1,4781,1,69,70,74
"2257",9559,1,10276,1,70,72,77
"2258",9734,1,1893,1,70,71,77
"2259",10007,1,1684,1,69,71,78
"2260",10036,1,3275,1,66,68,74
"2261",10172,1,1041,1,69,70,76
"2262",10276,1,8815,1,66,68,74
"2263",10559,1,1649,1,64,66,74
"2264",10696,1,5876,1,69,71,77
"2265",10734,1,8482,1,71,73,79
"2266",56,1,8629,1,73,74,81
"2267",612,1,8475,1,69,70,75
"2268",763,1,2179,1,70,71,75
"2269",822,1,8549,1,70,73,78
"2270",942,1,5324,1,67,69,75
"2271",995,1,4409,1,69,71,78
"2272",1021,1,10696,1,72,74,80
"2273",1212,1,3061,1,71,72,78
"2274",1275,1,9836,1,67,69,76
"2275",1416,1,4288,1,64,70,75
"2276",1417,1,8395,1,69,70,75
"2277",1582,1,5021,1,69,70,77
"2278",1755,1,5410,1,67,71,78
"2279",1842,1,9858,1,67,70,75
"2280",1900,1,1639,1,69,71,75
"2281",1977,1,10184,1,67,69,78
"2282",2035,1,3044,1,72,74,78
"2283",2038,1,6743,1,69,71,77
"2284",2233,1,4364,1,68,70,75
"2285",2374,1,1041,1,69,71,76
"2286",2681,1,7187,1,70,72,77
"2287",2718,1,6229,1,69,72,77
"2288",2789,1,6062,1,69,72,75
"2289",3223,1,6093,1,73,74,78
"2290",3225,1,1294,1,72,73,78
"2291",3452,1,8006,1,70,72,76
"2292",3533,1,9422,1,69,71,77
"2293",3553,1,9408,1,72,73,80
"2294",3587,1,6764,1,69,71,76
"2295",3645,1,8007,1,71,73,77
"2296",3710,1,9712,1,67,69,75
"2297",4098,1,5746,1,72,74,79
"2298",4229,1,7558,1,73,74,78
"2299",4266,1,716,1,71,72,77
"2300",4295,1,4255,1,72,74,81
"2301",4405,1,1308,1,67,71,77
"2302",4428,1,10581,1,71,73,79
"2303",4471,1,4717,1,69,71,78
"2304",4602,1,8119,1,71,73,78
"2305",4644,1,5581,1,68,70,75
"2306",4664,1,7753,1,73,74,79
"2307",4871,1,5112,1,65,69,77
"2308",4959,1,10616,1,72,74,79
"2309",5127,1,8246,1,71,74,79
"2310",5357,1,9152,1,72,73,77
"2311",5368,1,3442,1,69,70,75
"2312",5461,1,36,1,72,73,80
"2313",5631,1,782,1,71,72,75
"2314",5648,1,9422,1,69,70,76
"2315",5815,1,8496,1,71,73,77
"2316",6066,1,3400,1,68,69,76
"2317",6176,1,744,1,71,72,78
"2318",6341,1,1087,1,71,73,78
"2319",6370,1,1294,1,71,74,78
"2320",6531,1,8887,1,69,71,75
"2321",6979,1,2860,1,73,74,80
"2322",6985,1,1457,1,68,69,75
"2323",7023,1,8443,1,70,71,76
"2324",7151,1,5181,1,68,71,78
"2325",7334,1,7028,1,71,73,80
"2326",7385,1,1795,1,71,73,78
"2327",7403,1,2179,1,70,72,76
"2328",7764,1,3204,1,70,72,80
"2329",7937,1,1951,1,71,72,77
"2330",8044,1,4877,1,67,70,76
"2331",8324,1,672,1,69,71,76
"2332",8495,1,6743,1,67,69,75
"2333",8549,1,913,1,66,68,75
"2334",8613,1,3770,1,70,71,76
"2335",8683,1,2017,1,69,73,77
"2336",8684,1,191,1,72,73,78
"2337",8692,1,7676,1,72,74,79
"2338",8697,1,8176,1,69,71,75
"2339",8743,1,2161,1,73,74,81
"2340",8819,1,353,1,72,74,79
"2341",8820,1,8496,1,69,71,76
"2342",8974,1,7208,1,69,70,78
"2343",9057,1,9222,1,68,71,75
"2344",9287,1,7028,1,69,72,78
"2345",9600,1,5181,1,68,69,75
"2346",9619,1,671,1,66,68,75
"2347",9771,1,7330,1,71,73,77
"2348",9786,1,4877,1,68,70,75
"2349",9832,1,6290,1,69,70,76
"2350",9942,1,9531,1,66,69,77
"2351",10012,1,5553,1,70,71,76
"2352",10016,1,8482,1,70,72,77
"2353",10352,1,408,1,70,71,76
"2354",10525,1,5652,1,67,70,76
"2355",10581,1,672,1,68,70,77
"2356",10661,1,10404,1,71,74,81
"2357",47,1,1879,1,69,71,77
"2358",202,1,9129,1,72,73,80
"2359",212,1,4932,1,71,72,77
"2360",361,1,5368,1,72,73,79
"2361",1101,1,8370,1,71,73,79
"2362",1168,1,4266,1,74,75,80
"2363",1311,1,8370,1,72,73,79
"2364",1415,1,8175,1,72,73,77
"2365",1438,1,6412,1,70,71,76
"2366",1578,1,8006,1,72,74,79
"2367",1969,1,4255,1,72,73,78
"2368",2051,1,4255,1,73,74,79
"2369",2101,1,5990,1,71,72,76
"2370",2139,1,2417,1,71,72,78
"2371",2342,1,10184,1,70,73,77
"2372",2392,1,9097,1,72,75,81
"2373",2398,1,5392,1,69,70,77
"2374",2889,1,1582,1,71,72,78
"2375",3061,1,1399,1,69,70,77
"2376",3197,1,7688,1,67,69,77
"2377",3204,1,8887,1,68,69,76
"2378",3311,1,4405,1,73,75,81
"2379",3341,1,3097,1,71,73,76
"2380",3543,1,5588,1,72,73,77
"2381",3944,1,9559,1,73,74,78
"2382",4128,1,8495,1,70,73,77
"2383",4399,1,3442,1,68,71,76
"2384",4412,1,9005,1,70,71,76
"2385",4464,1,5380,1,70,72,77
"2386",4540,1,1592,1,69,72,77
"2387",4702,1,3114,1,70,73,79
"2388",4860,1,1867,1,73,75,80
"2389",4901,1,7927,1,72,75,80
"2390",5344,1,429,1,68,69,76
"2391",5350,1,2514,1,68,70,76
"2392",5609,1,1383,1,67,72,77
"2393",5776,1,6623,1,72,74,78
"2394",5881,1,5553,1,72,73,76
"2395",6028,1,5181,1,69,70,77
"2396",6060,1,2814,1,72,73,78
"2397",6537,1,2398,1,71,72,77
"2398",6634,1,6033,1,72,73,79
"2399",6704,1,1604,1,68,70,76
"2400",6751,1,3061,1,72,73,79
"2401",6921,1,3155,1,69,71,76
"2402",7068,1,9062,1,69,72,79
"2403",7144,1,3877,1,71,74,78
"2404",7219,1,1842,1,72,75,80
"2405",7651,1,2038,1,72,74,79
"2406",7682,1,2257,1,74,75,79
"2407",8281,1,2008,1,71,74,80
"2408",8443,1,186,1,68,70,77
"2409",8452,1,8077,1,69,70,76
"2410",8587,1,7136,1,70,73,80
"2411",8728,1,1080,1,73,74,78
"2412",9055,1,612,1,71,73,79
"2413",9182,1,4412,1,72,74,80
"2414",9353,1,932,1,70,72,76
"2415",9448,1,8253,1,69,70,76
"2416",9741,1,2101,1,72,73,80
"2417",9744,1,2008,1,70,72,79
"2418",10099,1,8549,1,71,73,78
"2419",10163,1,9891,1,73,74,78
"2420",10278,1,9037,1,70,71,76
"2421",10671,1,3756,1,73,75,79
"2422",10688,1,6507,1,67,70,77
"2423",10704,1,7712,1,70,72,77
"2424",153,1,5515,1,69,70,78
"2425",495,1,456,1,71,75,80
"2426",566,1,3789,1,68,71,77
"2427",690,1,5133,1,72,73,78
"2428",735,1,6735,1,74,76,80
"2429",904,1,5648,1,72,74,77
"2430",1007,1,763,1,72,74,79
"2431",1365,1,7115,1,70,74,80
"2432",1966,1,4871,1,71,72,77
"2433",2163,1,9353,1,73,75,80
"2434",2602,1,4779,1,71,75,83
"2435",2720,1,4255,1,74,76,82
"2436",2774,1,3232,1,71,73,78
"2437",2860,1,968,1,70,72,77
"2438",2982,1,6229,1,70,72,79
"2439",3011,1,8452,1,71,73,79
"2440",3231,1,7043,1,71,75,80
"2441",3232,1,3224,1,68,70,77
"2442",3356,1,10688,1,71,75,78
"2443",3393,1,5762,1,74,75,81
"2444",3441,1,10340,1,70,72,77
"2445",3739,1,10172,1,71,73,79
"2446",3931,1,7635,1,73,74,80
"2447",4419,1,3441,1,73,75,79
"2448",4567,1,9168,1,70,72,78
"2449",4856,1,353,1,73,74,78
"2450",5118,1,2814,1,72,73,77
"2451",5202,1,6191,1,75,76,82
"2452",5205,1,4975,1,75,76,80
"2453",5434,1,3225,1,74,76,81
"2454",5533,1,5677,1,70,72,78
"2455",5565,1,382,1,71,73,79
"2456",5673,1,6979,1,74,76,79
"2457",5889,1,9152,1,71,72,77
"2458",5921,1,3011,1,74,75,82
"2459",6021,1,3232,1,71,73,79
"2460",6098,1,9771,1,74,75,80
"2461",6191,1,5631,1,73,74,79
"2462",6553,1,1842,1,71,74,79
"2463",6695,1,8086,1,73,75,80
"2464",6735,1,3533,1,72,74,80
"2465",6755,1,2038,1,72,74,79
"2466",6824,1,408,1,71,74,79
"2467",6849,1,1262,1,68,72,77
"2468",6876,1,4173,1,73,74,79
"2469",7470,1,180,1,74,75,79
"2470",7585,1,4781,1,71,73,77
"2471",7829,1,9129,1,72,74,80
"2472",7977,1,2195,1,73,75,80
"2473",8051,1,8007,1,70,72,80
"2474",8160,1,4657,1,73,75,81
"2475",8348,1,4399,1,73,75,80
"2476",8358,1,5881,1,75,76,81
"2477",8449,1,757,1,74,75,80
"2478",8614,1,5533,1,74,76,82
"2479",8844,1,6847,1,67,69,77
"2480",8881,1,6062,1,71,73,79
"2481",8987,1,2295,1,69,71,78
"2482",9436,1,3452,1,73,75,81
"2483",9714,1,8360,1,72,74,79
"2484",9739,1,4399,1,73,75,82
"2485",9891,1,8398,1,69,72,77
"2486",161,1,10099,1,73,74,82
"2487",174,1,822,1,74,76,81
"2488",292,1,8051,1,73,75,80
"2489",305,1,470,1,74,76,80
"2490",333,1,2789,1,73,75,82
"2491",563,1,6531,1,72,74,82
"2492",695,1,4128,1,75,76,80
"2493",757,1,9448,1,72,73,78
"2494",844,1,822,1,74,76,83
"2495",857,1,2774,1,73,75,80
"2496",976,1,1399,1,71,75,81
"2497",1188,1,8684,1,76,77,83
"2498",1559,1,6537,1,73,75,79
"2499",1776,1,153,1,71,74,78
"2500",1781,1,1966,1,74,75,81
"2501",1911,1,8175,1,71,73,78
"2502",1927,1,10671,1,76,77,82
"2503",2158,1,9129,1,74,77,81
"2504",2331,1,7144,1,75,76,81
"2505",2395,1,1215,1,75,76,81
"2506",2432,1,7023,1,72,75,81
"2507",2441,1,9942,1,70,72,79
"2508",2753,1,690,1,74,76,82
"2509",2937,1,6176,1,74,75,80
"2510",3153,1,4196,1,73,75,80
"2511",3264,1,7043,1,71,72,79
"2512",3339,1,3174,1,73,74,78
"2513",3375,1,5944,1,73,76,80
"2514",3419,1,6135,1,74,76,80
"2515",3777,1,5746,1,73,75,79
"2516",3819,1,5130,1,67,70,79
"2517",4052,1,10444,1,74,76,83
"2518",4062,1,6731,1,71,73,78
"2519",4141,1,4717,1,69,73,79
"2520",4245,1,4901,1,76,77,85
"2521",4310,1,2101,1,73,74,80
"2522",4730,1,1746,1,72,73,80
"2523",4815,1,8683,1,75,77,82
"2524",4926,1,3339,1,75,77,81
"2525",5105,1,547,1,76,77,81
"2526",5161,1,6048,1,74,76,79
"2527",5179,1,10276,1,69,72,78
"2528",5190,1,5344,1,73,76,82
"2529",5331,1,8246,1,72,74,79
"2530",5365,1,10352,1,71,74,79
"2531",5562,1,43,1,73,77,82
"2532",5676,1,10328,1,75,77,82
"2533",5695,1,7635,1,72,74,79
"2534",5842,1,2814,1,74,76,82
"2535",5843,1,698,1,73,74,78
"2536",5856,1,4518,1,70,75,81
"2537",5891,1,1879,1,72,75,80
"2538",6009,1,6684,1,71,73,78
"2539",6580,1,7144,1,75,77,81
"2540",6646,1,6048,1,74,75,80
"2541",6833,1,10275,1,74,76,81
"2542",6862,1,1582,1,72,73,79
"2543",7214,1,7403,1,73,75,80
"2544",7222,1,566,1,73,75,79
"2545",7274,1,6028,1,73,75,81
"2546",7322,1,5426,1,74,75,80
"2547",7357,1,2233,1,70,72,78
"2548",7619,1,10163,1,74,77,81
"2549",7846,1,7077,1,73,75,80
"2550",8109,1,5368,1,71,74,79
"2551",8380,1,9559,1,74,75,80
"2552",8483,1,5096,1,75,76,82
"2553",8788,1,7753,1,71,73,78
"2554",9085,1,5762,1,74,77,83
"2555",9181,1,2121,1,76,77,82
"2556",9201,1,9994,1,71,73,78
"2557",9429,1,1215,1,73,74,79
"2558",9585,1,4266,1,74,76,84
"2559",9670,1,3647,1,70,73,78
"2560",9893,1,9037,1,71,72,78
"2561",10125,1,2815,1,71,75,79
"2562",10159,1,10099,1,74,77,81
"2563",10359,1,4464,1,74,77,81
"2564",10444,1,5380,1,70,72,78
"2565",10543,1,1294,1,72,75,81
"2566",10614,1,9562,1,74,77,81
"2567",6,1,6735,1,76,78,84
"2568",46,1,2889,1,73,75,80
"2569",255,1,1559,1,76,77,83
"2570",435,1,3174,1,73,76,80
"2571",444,1,8281,1,76,78,82
"2572",483,1,3819,1,73,76,82
"2573",547,1,4644,1,72,74,79
"2574",1348,1,6033,1,72,73,79
"2575",1761,1,5368,1,71,73,80
"2576",1932,1,3507,1,71,75,80
"2577",2122,1,8881,1,75,77,81
"2578",2193,1,9408,1,72,74,79
"2579",2288,1,9448,1,71,73,80
"2580",2386,1,4464,1,73,75,81
"2581",2580,1,2718,1,73,76,80
"2582",2894,1,47,1,72,74,81
"2583",3213,1,4098,1,75,78,83
"2584",3269,1,2036,1,75,78,85
"2585",3310,1,2894,1,75,77,83
"2586",3555,1,4959,1,75,76,82
"2587",3671,1,6090,1,76,78,83
"2588",3830,1,8319,1,75,76,82
"2589",3910,1,336,1,74,76,80
"2590",4203,1,10616,1,74,76,81
"2591",4217,1,6862,1,73,74,80
"2592",4391,1,6009,1,74,75,81
"2593",4473,1,4602,1,75,77,82
"2594",4481,1,7579,1,74,75,81
"2595",4768,1,2036,1,74,75,79
"2596",4814,1,6341,1,74,76,82
"2597",4898,1,10444,1,74,76,81
"2598",4945,1,3232,1,72,75,80
"2599",4975,1,2681,1,73,75,79
"2600",4995,1,8364,1,76,78,84
"2601",5096,1,3819,1,72,74,79
"2602",5149,1,333,1,76,78,83
"2603",5215,1,6537,1,74,77,81
"2604",5426,1,5350,1,71,73,79
"2605",5806,1,2257,1,75,77,82
"2606",5956,1,7651,1,74,77,83
"2607",5960,1,6197,1,76,78,82
"2608",6047,1,1080,1,74,77,81
"2609",6325,1,8006,1,71,73,80
"2610",6408,1,7208,1,71,74,81
"2611",6536,1,8496,1,70,74,79
"2612",6637,1,4664,1,77,78,84
"2613",6882,1,2342,1,74,77,83
"2614",7013,1,2193,1,75,77,82
"2615",7024,1,1415,1,74,76,83
"2616",7256,1,8319,1,75,78,83
"2617",7378,1,7068,1,73,75,80
"2618",7406,1,4901,1,77,78,82
"2619",7465,1,1212,1,73,74,79
"2620",7479,1,9893,1,73,74,81
"2621",7539,1,6553,1,76,78,85
"2622",7737,1,1776,1,74,75,81
"2623",7772,1,7712,1,71,73,79
"2624",7961,1,9436,1,77,78,82
"2625",8042,1,8684,1,75,77,81
"2626",8161,1,3877,1,73,75,83
"2627",8342,1,2774,1,74,76,80
"2628",8512,1,9559,1,75,77,84
"2629",8713,1,1080,1,73,76,80
"2630",8724,1,2161,1,74,75,81
"2631",8730,1,690,1,75,77,82
"2632",8740,1,9381,1,72,75,80
"2633",8935,1,3645,1,75,77,81
"2634",8997,1,5891,1,76,78,82
"2635",9078,1,7470,1,76,77,84
"2636",9498,1,6634,1,74,77,82
"2637",9900,1,2466,1,73,75,80
"2638",10110,1,7334,1,75,76,82
"2639",10169,1,3555,1,77,78,83
"2640",10173,1,10172,1,72,75,79
"2641",10182,1,5891,1,77,78,85
"2642",10206,1,3079,1,69,72,80
"2643",10320,1,8161,1,76,78,84
"2644",10328,1,456,1,72,73,79
"2645",10491,1,3583,1,75,77,83
"2646",32,1,9891,1,73,74,80
"2647",123,1,1438,1,72,74,80
"2648",149,1,2141,1,77,79,83
"2649",465,1,5365,1,77,78,83
"2650",518,1,305,1,77,79,85
"2651",548,1,8684,1,74,76,81
"2652",726,1,2466,1,74,77,83
"2653",927,1,6098,1,76,77,81
"2654",1444,1,255,1,78,79,85
"2655",1591,1,56,1,77,78,84
"2656",1600,1,7222,1,76,79,84
"2657",1728,1,3553,1,76,77,81
"2658",1843,1,6090,1,76,78,82
"2659",1845,1,5084,1,77,78,85
"2660",2060,1,9256,1,78,79,87
"2661",2141,1,4428,1,75,76,83
"2662",2612,1,4855,1,76,77,81
"2663",3006,1,8384,1,77,79,84
"2664",3018,1,6561,1,78,79,85
"2665",3175,1,10012,1,72,75,80
"2666",3244,1,5673,1,77,79,85
"2667",3285,1,1348,1,74,76,82
"2668",3620,1,7465,1,75,77,84
"2669",3848,1,10528,1,68,76,81
"2670",3865,1,1025,1,72,75,82
"2671",3922,1,3830,1,77,78,82
"2672",3948,1,763,1,72,74,80
"2673",4162,1,5502,1,72,75,80
"2674",4251,1,5921,1,77,78,85
"2675",4693,1,7077,1,74,76,80
"2676",4855,1,7151,1,74,75,81
"2677",5075,1,8483,1,76,78,83
"2678",5417,1,2612,1,78,79,84
"2679",5774,1,9562,1,75,77,84
"2680",6090,1,7937,1,73,75,80
"2681",6100,1,5856,1,77,79,85
"2682",6197,1,3877,1,72,74,80
"2683",6464,1,123,1,75,76,82
"2684",6668,1,1025,1,72,76,81
"2685",6805,1,32,1,75,77,82
"2686",6839,1,7024,1,77,78,83
"2687",6954,1,2242,1,73,75,81
"2688",7221,1,822,1,74,75,81
"2689",7234,1,2121,1,76,79,87
"2690",7366,1,1109,1,72,76,80
"2691",7554,1,4471,1,76,79,86
"2692",7579,1,1755,1,71,73,80
"2693",7843,1,4162,1,77,78,85
"2694",8319,1,1795,1,70,74,81
"2695",8364,1,1556,1,73,75,80
"2696",8515,1,1927,1,78,79,83
"2697",8546,1,7829,1,76,78,83
"2698",8755,1,3583,1,76,78,83
"2699",8853,1,976,1,77,79,87
"2700",8877,1,4932,1,71,74,81
"2701",8953,1,1559,1,77,79,85
"2702",9259,1,9448,1,73,76,80
"2703",9355,1,4471,1,72,75,84
"2704",9532,1,1966,1,73,75,80
"2705",9583,1,1215,1,73,75,81
"2706",9606,1,4412,1,73,76,82
"2707",9671,1,4128,1,76,78,84
"2708",9923,1,9201,1,74,77,83
"2709",10102,1,3739,1,74,75,82
"2710",10139,1,4855,1,77,79,86
"2711",10306,1,904,1,75,77,83
"2712",10412,1,4702,1,76,79,83
"2713",10737,1,2342,1,73,75,82
"2714",80,1,9037,1,71,73,81
"2715",334,1,5056,1,79,80,86
"2716",559,1,5881,1,75,80,86
"2717",648,1,2753,1,78,80,85
"2718",653,1,690,1,75,78,82
"2719",662,1,2331,1,77,79,83
"2720",989,1,3011,1,77,79,83
"2721",1386,1,9583,1,77,79,84
"2722",1693,1,8348,1,76,78,83
"2723",1912,1,10182,1,79,80,85
"2724",2037,1,7737,1,76,77,81
"2725",2110,1,5762,1,74,77,82
"2726",2121,1,10352,1,73,75,81
"2727",2245,1,5774,1,78,79,86
"2728",2562,1,7322,1,77,78,85
"2729",2674,1,8175,1,74,77,82
"2730",2925,1,3175,1,76,79,85
"2731",3161,1,8042,1,78,80,85
"2732",3172,1,4664,1,75,77,83
"2733",3583,1,5990,1,70,74,81
"2734",3909,1,6021,1,74,76,83
"2735",4339,1,10159,1,78,80,87
"2736",4523,1,3948,1,76,78,83
"2737",4633,1,6755,1,76,77,85
"2738",4902,1,7465,1,75,76,82
"2739",5106,1,9786,1,73,78,82
"2740",5163,1,9078,1,78,79,84
"2741",5574,1,7465,1,75,78,87
"2742",5615,1,483,1,77,80,86
"2743",5840,1,4098,1,75,77,82
"2744",6274,1,4234,1,79,80,86
"2745",6561,1,8956,1,74,77,83
"2746",6799,1,7378,1,77,79,83
"2747",7282,1,1966,1,75,78,85
"2748",7333,1,6021,1,74,79,85
"2749",7344,1,3739,1,75,78,82
"2750",7511,1,9182,1,76,77,83
"2751",7596,1,361,1,76,79,84
"2752",7960,1,2386,1,76,79,85
"2753",7984,1,10689,1,79,80,86
"2754",8239,1,10102,1,76,77,81
"2755",8913,1,7558,1,74,75,81
"2756",8970,1,8348,1,76,78,83
"2757",9207,1,3223,1,76,77,81
"2758",9401,1,8175,1,73,77,82
"2759",9496,1,6048,1,75,77,81
"2760",9500,1,6135,1,74,76,82
"2761",9736,1,5096,1,75,78,83
"2762",9918,1,10404,1,73,77,82
"2763",9997,1,735,1,76,79,84
"2764",10010,1,4464,1,74,77,83
"2765",10281,1,5434,1,76,77,84
"2766",10587,1,3865,1,77,78,83
"2767",10689,1,6824,1,76,78,83
"2768",29,1,1115,1,76,77,82
"2769",67,1,4203,1,78,80,85
"2770",259,1,5161,1,78,79,86
"2771",278,1,8977,1,78,80,86
"2772",283,1,7937,1,74,80,86
"2773",303,1,2412,1,78,81,85
"2774",508,1,7737,1,77,78,84
"2775",641,1,7829,1,75,76,82
"2776",1547,1,7873,1,78,80,85
"2777",1586,1,10661,1,75,77,84
"2778",1688,1,1415,1,75,77,82
"2779",1704,1,6464,1,76,80,84
"2780",1723,1,6418,1,77,78,84
"2781",2033,1,174,1,78,79,83
"2782",2062,1,6135,1,73,75,82
"2783",2068,1,1193,1,74,79,83
"2784",2412,1,4162,1,76,77,82
"2785",2603,1,7024,1,77,79,86
"2786",2648,1,6098,1,78,81,86
"2787",2897,1,7322,1,76,77,83
"2788",3226,1,1007,1,75,78,83
"2789",3295,1,9207,1,78,79,85
"2790",3386,1,2036,1,75,76,82
"2791",3747,1,6833,1,76,78,84
"2792",3816,1,7619,1,78,80,88
"2793",3839,1,6862,1,75,77,82
"2794",4108,1,9923,1,78,79,84
"2795",4214,1,5695,1,76,78,84
"2796",4234,1,5856,1,76,77,82
"2797",4265,1,844,1,77,80,86
"2798",4455,1,8935,1,77,78,83
"2799",4758,1,8384,1,77,79,84
"2800",4804,1,5096,1,78,81,86
"2801",4857,1,10671,1,77,79,85
"2802",5036,1,3922,1,79,80,84
"2803",5056,1,435,1,76,78,84
"2804",5084,1,6028,1,72,76,83
"2805",5374,1,1365,1,75,76,82
"2806",5552,1,7334,1,75,77,82
"2807",5792,1,2288,1,74,76,82
"2808",5855,1,5856,1,77,78,82
"2809",6022,1,80,1,76,78,85
"2810",6023,1,2110,1,78,81,85
"2811",6054,1,4945,1,76,78,82
"2812",6203,1,1007,1,75,77,82
"2813",6358,1,6191,1,77,78,82
"2814",6398,1,7068,1,76,79,84
"2815",6494,1,7013,1,78,80,85
"2816",6546,1,6876,1,75,77,82
"2817",6627,1,6979,1,79,80,85
"2818",6642,1,763,1,72,76,83
"2819",6721,1,9182,1,75,77,82
"2820",6946,1,7682,1,78,80,85
"2821",7125,1,6418,1,78,81,89
"2822",7242,1,5084,1,77,78,84
"2823",7507,1,9741,1,76,80,85
"2824",7808,1,3311,1,76,77,83
"2825",7871,1,1421,1,80,81,85
"2826",7923,1,6721,1,80,81,86
"2827",8212,1,2562,1,79,81,89
"2828",8384,1,212,1,72,76,82
"2829",8517,1,5368,1,73,77,82
"2830",8768,1,29,1,78,80,86
"2831",9110,1,5842,1,77,79,84
"2832",9192,1,8109,1,75,77,84
"2833",9989,1,9207,1,78,81,86
"2834",10285,1,6882,1,80,81,86
"2835",10351,1,2753,1,78,79,83
"2836",10509,1,6418,1,77,79,83
"2837",10673,1,8819,1,76,78,84
"2838",920,1,6668,1,78,79,84
"2839",1115,1,9893,1,73,75,83
"2840",1339,1,3295,1,80,81,86
"2841",1342,1,8740,1,78,79,84
"2842",1666,1,10491,1,80,81,85
"2843",1680,1,2038,1,74,78,83
"2844",1682,1,2889,1,74,77,83
"2845",1797,1,10306,1,78,82,88
"2846",1938,1,8169,1,76,79,85
"2847",2042,1,6553,1,77,79,83
"2848",2073,1,6561,1,77,79,85
"2849",2375,1,80,1,74,76,83
"2850",2413,1,3704,1,81,82,89
"2851",2474,1,7214,1,76,78,85
"2852",2837,1,5202,1,77,78,84
"2853",2900,1,7737,1,77,79,84
"2854",3045,1,7282,1,79,81,85
"2855",3129,1,10081,1,79,81,88
"2856",3590,1,1311,1,75,78,83
"2857",3654,1,9553,1,79,82,86
"2858",3704,1,6536,1,76,79,84
"2859",3915,1,2562,1,80,82,87
"2860",4029,1,1781,1,77,79,84
"2861",4075,1,7322,1,76,78,85
"2862",4090,1,10614,1,80,82,89
"2863",4142,1,3555,1,78,80,87
"2864",4345,1,9583,1,79,82,88
"2865",4437,1,2375,1,77,79,84
"2866",4442,1,3671,1,79,80,85
"2867",4491,1,2925,1,81,82,87
"2868",4561,1,8802,1,79,82,87
"2869",4618,1,7808,1,80,82,89
"2870",4900,1,5891,1,77,79,84
"2871",5051,1,2193,1,75,77,83
"2872",5053,1,1168,1,76,80,86
"2873",5077,1,8970,1,80,82,88
"2874",5122,1,7651,1,77,79,84
"2875",5345,1,4855,1,78,80,85
"2876",5480,1,7651,1,76,78,83
"2877",5492,1,8549,1,70,76,83
"2878",5722,1,6054,1,80,81,87
"2879",5929,1,7024,1,76,77,83
"2880",6082,1,9192,1,79,80,85
"2881",6352,1,3876,1,81,82,87
"2882",6418,1,8169,1,72,76,84
"2883",6441,1,8993,1,78,81,86
"2884",7082,1,4251,1,79,82,89
"2885",7135,1,8993,1,78,80,86
"2886",7181,1,7596,1,80,82,88
"2887",7396,1,735,1,76,78,84
"2888",7781,1,5096,1,76,78,83
"2889",7873,1,8496,1,74,76,83
"2890",8031,1,1761,1,74,80,84
"2891",8260,1,2073,1,80,82,87
"2892",8291,1,1728,1,79,81,85
"2893",8569,1,6022,1,80,82,86
"2894",8595,1,2242,1,76,78,83
"2895",8745,1,10182,1,79,80,85
"2896",8802,1,5434,1,77,78,83
"2897",8950,1,2036,1,75,78,83
"2898",8977,1,8684,1,75,77,85
"2899",8993,1,5889,1,75,77,84
"2900",9256,1,4768,1,76,78,84
"2901",9525,1,333,1,76,78,83
"2902",9553,1,3153,1,76,79,84
"2903",9862,1,1912,1,81,82,85
"2904",10081,1,333,1,76,78,83
"2905",10286,1,9671,1,80,82,87
"2906",10338,1,5574,1,80,82,88
"2907",10395,1,8997,1,79,81,86
"2908",10540,1,7219,1,76,77,85
"2909",10541,1,7511,1,79,80,84
"2910",10687,1,2580,1,77,79,86
"2911",83,1,3865,1,76,78,84
"2912",125,1,5929,1,79,80,86
"2913",452,1,7781,1,79,80,88
"2914",608,1,5351,1,80,82,88
"2915",646,1,2386,1,78,79,87
"2916",1340,1,4931,1,81,83,89
"2917",1382,1,9207,1,78,79,84
"2918",1629,1,4730,1,75,77,84
"2919",1794,1,7406,1,79,81,85
"2920",1830,1,3285,1,76,78,84
"2921",2007,1,10540,1,78,80,84
"2922",2634,1,4898,1,78,82,87
"2923",2708,1,1421,1,78,81,85
"2924",2803,1,9256,1,78,81,86
"2925",2823,1,5840,1,77,80,85
"2926",3023,1,278,1,81,82,88
"2927",3611,1,7479,1,76,78,86
"2928",3614,1,6047,1,78,80,86
"2929",3775,1,2441,1,74,77,86
"2930",4232,1,1559,1,77,79,85
"2931",4370,1,5929,1,78,80,85
"2932",4907,1,2897,1,79,82,86
"2933",5351,1,495,1,77,78,85
"2934",5408,1,4898,1,78,80,86
"2935",5729,1,9436,1,77,79,86
"2936",5901,1,5374,1,77,79,85
"2937",5910,1,1547,1,81,82,87
"2938",6110,1,4931,1,80,82,87
"2939",7173,1,8730,1,80,82,87
"2940",7252,1,9500,1,77,79,84
"2941",7544,1,174,1,77,79,85
"2942",8069,1,1629,1,78,79,85
"2943",8333,1,3269,1,80,82,87
"2944",8606,1,646,1,80,82,87
"2945",8654,1,4567,1,74,78,85
"2946",8922,1,4473,1,78,79,84
"2947",9206,1,5084,1,78,82,88
"2948",9226,1,4758,1,80,83,90
"2949",9316,1,5901,1,79,81,85
"2950",9609,1,6647,1,82,83,89
"2951",9695,1,1723,1,81,83,89
"2952",9805,1,6100,1,79,80,87
"2953",9998,1,861,1,80,83,87
"2954",10196,1,4860,1,76,79,84
"2955",10357,1,5426,1,77,78,84
"2956",10600,1,3375,1,79,82,88
"2957",10619,1,1912,1,81,83,89
"2958",308,1,7507,1,81,84,90
"2959",355,1,3620,1,82,83,87
"2960",462,1,9906,1,82,83,89
"2961",861,1,7396,1,79,80,86
"2962",1094,1,6580,1,77,79,85
"2963",1208,1,5452,1,81,82,88
"2964",1226,1,1339,1,82,83,88
"2965",1421,1,3948,1,75,78,85
"2966",1551,1,5774,1,78,80,86
"2967",1564,1,9965,1,82,84,89
"2968",1742,1,8853,1,80,82,87
"2969",1874,1,3172,1,78,81,86
"2970",1890,1,10320,1,80,83,89
"2971",1903,1,10687,1,80,82,86
"2972",1930,1,4857,1,80,82,86
"2973",1996,1,10306,1,78,79,86
"2974",2200,1,303,1,82,84,88
"2975",2220,1,5855,1,79,80,85
"2976",2488,1,6054,1,78,80,86
"2977",2717,1,4075,1,79,81,85
"2978",3233,1,10587,1,79,80,85
"2979",3300,1,7344,1,80,81,86
"2980",3422,1,5122,1,82,84,89
"2981",3461,1,9918,1,80,81,85
"2982",3478,1,1843,1,78,79,87
"2983",3485,1,8069,1,80,81,89
"2984",3608,1,5552,1,78,81,86
"2985",3664,1,3006,1,80,81,86
"2986",3869,1,4804,1,81,84,90
"2987",3886,1,3175,1,77,79,86
"2988",3927,1,3830,1,78,80,86
"2989",4275,1,9583,1,78,82,87
"2990",4606,1,8953,1,81,84,89
"2991",4829,1,334,1,82,84,91
"2992",5256,1,465,1,81,82,86
"2993",5452,1,10182,1,79,80,87
"2994",6115,1,6464,1,77,80,85
"2995",6343,1,8212,1,82,83,89
"2996",6788,1,3704,1,81,83,87
"2997",6825,1,4945,1,77,79,86
"2998",6852,1,2068,1,81,83,89
"2999",6869,1,844,1,79,80,87
"3000",6978,1,4265,1,81,83,88
"3001",7057,1,7602,1,82,84,88
"3002",7349,1,10689,1,80,81,86
"3003",7602,1,7406,1,80,81,87
"3004",7663,1,3830,1,78,79,87
"3005",7738,1,5190,1,78,80,86
"3006",7819,1,4232,1,81,84,88
"3007",7855,1,7511,1,79,80,86
"3008",8233,1,9207,1,80,83,90
"3009",8823,1,2073,1,80,82,88
"3010",8826,1,2717,1,82,84,90
"3011",8934,1,333,1,77,81,86
"3012",9331,1,4029,1,80,82,86
"3013",9373,1,2007,1,82,83,90
"3014",9406,1,2007,1,82,84,89
"3015",9513,1,10351,1,82,84,89
"3016",9581,1,1927,1,80,81,86
"3017",9667,1,6023,1,81,84,92
"3018",9873,1,5053,1,81,84,89
"3019",9965,1,9256,1,79,80,85
"3020",10075,1,9989,1,81,83,89
"3021",10563,1,7554,1,80,82,88
"3022",513,1,5051,1,79,81,86
"3023",761,1,3269,1,82,84,88
"3024",841,1,9997,1,80,82,86
"3025",964,1,2037,1,78,80,86
"3026",1047,1,7135,1,81,83,87
"3027",1322,1,10587,1,79,81,87
"3028",1525,1,1845,1,79,82,86
"3029",1638,1,1618,1,84,85,89
"3030",3054,1,4857,1,80,82,87
"3031",3380,1,7125,1,82,84,90
"3032",3641,1,2708,1,82,83,89
"3033",3644,1,3664,1,82,83,89
"3034",3790,1,9805,1,82,84,88
"3035",3843,1,4214,1,80,82,88
"3036",3876,1,3620,1,78,80,86
"3037",4149,1,444,1,79,81,86
"3038",4269,1,6100,1,81,82,87
"3039",4329,1,7242,1,81,84,88
"3040",4372,1,9965,1,82,84,90
"3041",4931,1,8977,1,78,79,86
"3042",5016,1,7544,1,79,80,86
"3043",5147,1,9923,1,78,80,86
"3044",5516,1,3876,1,82,83,88
"3045",6068,1,10540,1,78,80,86
"3046",6256,1,3018,1,80,83,88
"3047",6647,1,3311,1,76,80,86
"3048",6756,1,2412,1,78,80,87
"3049",6785,1,3654,1,83,84,88
"3050",6997,1,6637,1,83,85,91
"3051",7007,1,1996,1,83,84,89
"3052",7186,1,1728,1,79,81,86
"3053",7203,1,1827,1,84,85,90
"3054",7212,1,9965,1,81,82,88
"3055",7291,1,4251,1,79,80,86
"3056",7418,1,4265,1,81,83,89
"3057",7571,1,3927,1,81,82,87
"3058",7582,1,9331,1,84,85,90
"3059",7597,1,5077,1,82,83,90
"3060",7670,1,2803,1,82,83,88
"3061",7838,1,7282,1,80,82,88
"3062",7965,1,646,1,80,82,87
"3063",8151,1,2037,1,78,81,86
"3064",8208,1,8997,1,79,81,89
"3065",8270,1,5562,1,79,82,88
"3066",8416,1,3611,1,79,81,86
"3067",8417,1,10540,1,78,82,86
"3068",8522,1,2220,1,81,84,88
"3069",8647,1,333,1,80,82,87
"3070",8938,1,9805,1,81,82,88
"3071",9026,1,259,1,82,85,90
"3072",9098,1,8122,1,83,84,89
"3073",9306,1,5901,1,80,82,87
"3074",9522,1,7984,1,81,84,89
"3075",9564,1,7965,1,83,85,89
"3076",9882,1,1600,1,80,82,87
"3077",10142,1,83,1,80,81,88
"3078",10179,1,10093,1,84,85,89
"3079",10670,1,3285,1,80,81,87
"3080",175,1,7437,1,82,84,93
"3081",510,1,2837,1,79,82,87
"3082",787,1,6110,1,84,86,90
"3083",980,1,3045,1,84,85,89
"3084",1127,1,10351,1,82,85,89
"3085",1596,1,334,1,81,83,87
"3086",1628,1,9207,1,80,84,88
"3087",2065,1,1797,1,84,85,89
"3088",2151,1,2803,1,84,86,91
"3089",2309,1,10081,1,80,83,87
"3090",2503,1,518,1,80,82,88
"3091",3117,1,4052,1,80,82,89
"3092",3488,1,6839,1,79,83,87
"3093",3597,1,7984,1,82,83,88
"3094",3633,1,6023,1,83,85,90
"3095",4056,1,6825,1,81,82,87
"3096",5043,1,8606,1,83,85,90
"3097",5120,1,8605,1,84,86,94
"3098",5188,1,6954,1,80,82,88
"3099",5355,1,1704,1,80,82,87
"3100",5504,1,3641,1,84,86,92
"3101",5580,1,2717,1,83,84,88
"3102",5748,1,3300,1,82,84,89
"3103",5749,1,5960,1,81,82,87
"3104",5768,1,1591,1,80,84,92
"3105",5987,1,6022,1,79,81,87
"3106",6045,1,4915,1,84,86,91
"3107",6206,1,4898,1,77,79,88
"3108",6429,1,125,1,81,82,87
"3109",6517,1,1890,1,85,86,90
"3110",6741,1,7378,1,77,80,88
"3111",6916,1,10139,1,80,81,87
"3112",7033,1,259,1,82,84,92
"3113",7297,1,8151,1,81,83,89
"3114",7437,1,7242,1,79,81,87
"3115",7498,1,10139,1,80,82,87
"3116",7600,1,6494,1,81,84,89
"3117",7686,1,8522,1,84,86,90
"3118",7801,1,920,1,81,85,89
"3119",8045,1,5256,1,83,84,89
"3120",8122,1,861,1,81,83,89
"3121",8320,1,8953,1,79,81,87
"3122",8558,1,4618,1,83,85,90
"3123",8605,1,7855,1,81,83,88
"3124",8720,1,4345,1,83,85,89
"3125",8727,1,4900,1,81,82,87
"3126",9137,1,9316,1,83,84,91
"3127",9326,1,4056,1,83,86,92
"3128",9801,1,149,1,80,83,88
"3129",9902,1,1874,1,81,82,88
"3130",9914,1,2036,1,76,79,87
"3131",10093,1,9355,1,81,83,88
"3132",10178,1,9667,1,85,86,90
"3133",10424,1,4149,1,82,84,88
"3134",10667,1,9805,1,81,85,92
"3135",23,1,6825,1,81,82,89
"3136",171,1,4339,1,82,84,89
"3137",178,1,6110,1,84,85,93
"3138",205,1,4142,1,81,83,89
"3139",874,1,1890,1,85,87,93
"3140",885,1,2068,1,80,83,88
"3141",1157,1,8333,1,85,86,91
"3142",1198,1,4200,1,85,86,92
"3143",1618,1,6627,1,81,83,88
"3144",1650,1,3006,1,82,85,88
"3145",1827,1,9553,1,80,82,88
"3146",1925,1,8569,1,84,86,91
"3147",2046,1,7855,1,82,84,90
"3148",2061,1,283,1,81,83,89
"3149",2066,1,3876,1,81,84,88
"3150",2280,1,7670,1,84,86,91
"3151",2875,1,9882,1,82,83,89
"3152",3173,1,5722,1,82,84,91
"3153",3272,1,3654,1,83,85,90
"3154",3444,1,8291,1,82,84,90
"3155",3635,1,8606,1,83,84,88
"3156",3781,1,9226,1,84,85,90
"3157",3993,1,5056,1,81,85,91
"3158",4113,1,6785,1,86,87,92
"3159",4200,1,3213,1,80,85,90
"3160",4209,1,1340,1,84,85,91
"3161",4305,1,4901,1,79,83,88
"3162",4438,1,7323,1,86,87,92
"3163",4532,1,3444,1,85,86,90
"3164",4915,1,648,1,81,83,89
"3165",4981,1,6946,1,81,83,89
"3166",5059,1,10169,1,82,83,88
"3167",5231,1,9513,1,85,87,92
"3168",5309,1,2708,1,83,84,88
"3169",5983,1,3233,1,81,84,88
"3170",6136,1,3664,1,84,85,90
"3171",6227,1,4275,1,85,86,91
"3172",6496,1,6647,1,83,85,90
"3173",6748,1,8546,1,80,83,88
"3174",7176,1,3608,1,82,83,89
"3175",7286,1,6799,1,81,82,89
"3176",7422,1,4758,1,80,83,89
"3177",7500,1,6647,1,81,82,88
"3178",7671,1,8031,1,81,83,88
"3179",7922,1,10563,1,83,84,89
"3180",7947,1,9902,1,83,85,90
"3181",8185,1,8122,1,84,87,93
"3182",8218,1,6817,1,82,84,89
"3183",8400,1,9986,1,84,86,91
"3184",8564,1,10169,1,80,83,88
"3185",9142,1,205,1,83,85,91
"3186",9204,1,3488,1,84,86,94
"3187",9294,1,8270,1,85,86,93
"3188",9445,1,648,1,81,84,88
"3189",9681,1,4149,1,85,87,94
"3190",9711,1,7082,1,82,84,91
"3191",9848,1,4370,1,80,82,88
"3192",9906,1,1382,1,80,82,89
"3193",9986,1,8208,1,81,83,89
"3194",10048,1,4804,1,82,84,88
"3195",10171,1,7923,1,82,84,89
"3196",10428,1,9667,1,84,87,92
"3197",10488,1,6852,1,85,87,91
"3198",10731,1,7500,1,83,86,90
"3199",74,1,8922,1,82,84,90
"3200",276,1,2488,1,83,85,92
"3201",591,1,1816,1,84,87,92
"3202",770,1,6100,1,81,83,89
"3203",810,1,8212,1,81,83,90
"3204",878,1,5043,1,87,88,92
"3205",949,1,452,1,84,85,89
"3206",1195,1,1938,1,82,84,90
"3207",1218,1,3006,1,80,81,89
"3208",1344,1,1830,1,80,85,91
"3209",1458,1,10395,1,82,84,89
"3210",1498,1,7938,1,86,88,95
"3211",1690,1,9652,1,86,87,93
"3212",1910,1,8720,1,87,88,93
"3213",2350,1,10667,1,86,87,91
"3214",2851,1,5748,1,85,86,89
"3215",2909,1,9882,1,84,86,91
"3216",3336,1,10048,1,84,87,92
"3217",3390,1,2066,1,85,86,91
"3218",3495,1,1157,1,87,88,94
"3219",3541,1,6393,1,87,88,92
"3220",3673,1,810,1,84,85,89
"3221",3954,1,9998,1,84,86,93
"3222",4059,1,4455,1,82,84,90
"3223",4808,1,6946,1,82,83,89
"3224",5029,1,8934,1,83,87,93
"3225",5054,1,6496,1,86,88,93
"3226",5216,1,7602,1,82,83,89
"3227",5316,1,9695,1,84,85,92
"3228",5599,1,4370,1,83,84,90
"3229",5823,1,2066,1,85,86,92
"3230",6096,1,8826,1,86,87,94
"3231",6705,1,355,1,85,86,91
"3232",6715,1,303,1,83,84,89
"3233",6817,1,5574,1,80,81,89
"3234",6875,1,1816,1,84,85,90
"3235",7034,1,9667,1,86,88,92
"3236",7238,1,8233,1,86,87,91
"3237",7289,1,6256,1,85,87,92
"3238",7323,1,3876,1,81,85,91
"3239",7506,1,1551,1,81,83,90
"3240",8012,1,8208,1,83,86,91
"3241",8023,1,8233,1,84,85,90
"3242",8126,1,9316,1,82,83,89
"3243",8152,1,3608,1,82,84,90
"3244",9202,1,6274,1,82,85,90
"3245",9218,1,3435,1,87,88,94
"3246",9295,1,9326,1,87,88,92
"3247",9454,1,7838,1,85,88,93
"3248",9652,1,7923,1,83,84,90
"3249",10038,1,6741,1,81,84,90
"3250",10108,1,4345,1,85,87,94
"3251",10245,1,6256,1,84,86,90
"3252",10326,1,5748,1,85,87,94
"3253",10383,1,8045,1,85,87,92
"3254",10663,1,8208,1,84,85,89
"3255",10723,1,5580,1,85,87,92
"3256",15,1,9862,1,83,84,92
"3257",737,1,7600,1,86,87,93
"3258",819,1,7506,1,85,88,95
"3259",826,1,3380,1,85,87,92
"3260",895,1,3664,1,84,87,93
"3261",1165,1,4200,1,86,89,95
"3262",1251,1,1596,1,84,85,92
"3263",1330,1,9652,1,85,87,92
"3264",1400,1,7181,1,84,89,95
"3265",1419,1,3045,1,84,86,90
"3266",1577,1,1339,1,85,87,93
"3267",1816,1,4900,1,81,83,90
"3268",1859,1,3664,1,84,87,91
"3269",1878,1,5599,1,86,88,91
"3270",2041,1,6517,1,86,89,96
"3271",2129,1,2309,1,85,86,90
"3272",2177,1,2669,1,86,87,92
"3273",2248,1,9316,1,82,86,92
"3274",2298,1,4438,1,88,89,93
"3275",2456,1,2068,1,80,83,90
"3276",3435,1,7173,1,84,86,93
"3277",3680,1,9185,1,87,89,94
"3278",3860,1,7600,1,85,88,93
"3279",3871,1,10731,1,88,89,95
"3280",4185,1,2669,1,85,87,92
"3281",4854,1,6978,1,84,85,91
"3282",5121,1,7871,1,82,85,92
"3283",5191,1,10048,1,84,85,91
"3284",5507,1,5274,1,87,89,96
"3285",5576,1,3644,1,84,86,90
"3286",5637,1,8606,1,83,85,90
"3287",5872,1,6627,1,83,84,90
"3288",5894,1,787,1,87,88,95
"3289",6393,1,8218,1,85,86,91
"3290",6428,1,8260,1,86,88,93
"3291",6542,1,3435,1,87,89,98
"3292",6733,1,9115,1,87,89,94
"3293",6909,1,2068,1,80,84,90
"3294",6923,1,9098,1,85,86,91
"3295",7055,1,10245,1,87,88,94
"3296",7104,1,9142,1,86,87,94
"3297",7938,1,10687,1,81,84,90
"3298",7967,1,10160,1,87,88,93
"3299",8305,1,6494,1,82,85,90
"3300",8447,1,9202,1,86,88,91
"3301",8676,1,7922,1,86,87,93
"3302",8710,1,4598,1,87,89,93
"3303",8750,1,5188,1,83,85,90
"3304",8770,1,8122,1,84,87,92
"3305",8876,1,7670,1,84,86,91
"3306",8901,1,1344,1,87,88,93
"3307",9001,1,8564,1,83,85,90
"3308",9034,1,9667,1,85,88,92
"3309",9185,1,205,1,84,86,90
"3310",9395,1,2309,1,84,85,90
"3311",9450,1,841,1,83,86,90
"3312",9563,1,9986,1,85,87,94
"3313",9815,1,1925,1,86,88,93
"3314",10160,1,308,1,85,87,92
"3315",939,1,9667,1,86,88,94
"3316",977,1,7506,1,86,89,94
"3317",1053,1,1218,1,85,87,92
"3318",1231,1,3915,1,84,86,91
"3319",1439,1,3485,1,85,87,92
"3320",1517,1,1208,1,83,85,91
"3321",1724,1,10179,1,87,89,94
"3322",1825,1,10171,1,85,86,93
"3323",1965,1,8212,1,83,87,93
"3324",2776,1,175,1,87,89,95
"3325",3180,1,6136,1,86,88,94
"3326",3526,1,10057,1,87,89,93
"3327",3657,1,819,1,88,90,96
"3328",3663,1,4907,1,83,85,92
"3329",3778,1,10286,1,84,87,93
"3330",4241,1,7498,1,83,85,91
"3331",4807,1,2669,1,85,88,93
"3332",4810,1,3641,1,84,87,91
"3333",4846,1,3778,1,88,89,93
"3334",4908,1,9513,1,87,88,93
"3335",4980,1,5316,1,86,88,92
"3336",5047,1,1628,1,86,89,95
"3337",5144,1,10038,1,85,87,92
"3338",5437,1,3180,1,89,90,95
"3339",5853,1,8951,1,89,90,96
"3340",5866,1,9450,1,87,89,94
"3341",6192,1,4056,1,84,87,92
"3342",6512,1,2851,1,87,88,93
"3343",6513,1,1195,1,86,88,91
"3344",6664,1,5274,1,87,88,93
"3345",6893,1,8558,1,87,88,92
"3346",7088,1,6428,1,88,90,96
"3347",7155,1,9226,1,84,87,93
"3348",7218,1,4442,1,82,85,91
"3349",7532,1,6852,1,84,87,94
"3350",7667,1,9906,1,82,84,91
"3351",8084,1,5216,1,86,88,94
"3352",8283,1,10179,1,86,88,92
"3353",8884,1,7819,1,86,89,95
"3354",9115,1,3488,1,84,86,91
"3355",9229,1,3843,1,83,85,91
"3356",9765,1,1938,1,81,86,92
"3357",9812,1,10663,1,86,88,93
"3358",9839,1,7965,1,83,87,94
"3359",9860,1,9681,1,88,89,94
"3360",9897,1,9563,1,88,90,94
"3361",9913,1,7945,1,88,89,94
"3362",10257,1,8750,1,86,88,92
"3363",10301,1,3173,1,86,89,94
"3364",165,1,3778,1,87,90,94
"3365",299,1,6496,1,86,88,92
"3366",350,1,7422,1,85,87,93
"3367",576,1,4212,1,85,87,92
"3368",1279,1,885,1,84,85,92
"3369",1574,1,8522,1,87,89,96
"3370",1617,1,8023,1,87,88,95
"3371",1848,1,350,1,88,89,94
"3372",2241,1,7938,1,86,89,92
"3373",2393,1,7671,1,84,86,92
"3374",2473,1,9839,1,89,90,95
"3375",2714,1,2309,1,84,87,96
"3376",3026,1,8023,1,86,88,93
"3377",3230,1,7104,1,87,89,95
"3378",3384,1,10488,1,89,91,96
"3379",3551,1,5120,1,87,89,94
"3380",4047,1,6705,1,87,89,93
"3381",4208,1,8676,1,88,89,92
"3382",4212,1,3461,1,82,84,92
"3383",4365,1,8720,1,87,90,96
"3384",4598,1,6852,1,84,86,92
"3385",5274,1,3644,1,84,86,92
"3386",5349,1,175,1,86,88,95
"3387",5590,1,8152,1,85,87,92
"3388",5715,1,7289,1,88,91,99
"3389",5857,1,6227,1,88,90,94
"3390",6298,1,5029,1,88,90,95
"3391",6444,1,7348,1,88,90,99
"3392",6534,1,6227,1,87,89,95
"3393",6564,1,10731,1,87,89,96
"3394",6934,1,1690,1,89,91,96
"3395",6966,1,8185,1,88,90,95
"3396",7030,1,5823,1,87,89,93
"3397",7257,1,7218,1,86,88,96
"3398",7371,1,9609,1,85,88,93
"3399",7407,1,7238,1,87,89,94
"3400",8027,1,3781,1,86,88,94
"3401",8757,1,9306,1,84,87,92
"3402",8951,1,5748,1,85,88,93
"3403",9089,1,826,1,89,90,94
"3404",9118,1,8745,1,83,85,92
"3405",9374,1,9294,1,86,88,93
"3406",9616,1,9563,1,88,89,95
"3407",9797,1,5722,1,83,89,93
"3408",9980,1,8710,1,90,91,97
"3409",10003,1,6192,1,88,89,94
"3410",10367,1,9998,1,84,87,94
"3411",10605,1,4209,1,86,88,93
"3412",18,1,3644,1,86,90,94
"3413",378,1,10257,1,89,90,96
"3414",762,1,885,1,85,88,94
"3415",1445,1,8951,1,89,91,97
"3416",1563,1,6428,1,89,90,93
"3417",2096,1,10619,1,85,88,93
"3418",2140,1,1165,1,90,92,97
"3419",2240,1,8185,1,89,91,95
"3420",2385,1,1925,1,87,89,96
"3421",2653,1,5857,1,91,92,97
"3422",2669,1,9306,1,83,85,94
"3423",2739,1,1650,1,86,89,95
"3424",3092,1,4241,1,88,90,97
"3425",3116,1,4208,1,91,92,97
"3426",3568,1,5073,1,89,91,98
"3427",3796,1,1165,1,91,92,97
"3428",4277,1,895,1,89,92,98
"3429",4605,1,7938,1,85,88,93
"3430",4652,1,2280,1,86,88,95
"3431",4684,1,7872,1,89,90,94
"3432",4723,1,9326,1,87,89,94
"3433",4847,1,2151,1,88,90,95
"3434",5042,1,10245,1,87,90,94
"3435",5429,1,10171,1,84,86,93
"3436",5450,1,8131,1,89,92,97
"3437",5527,1,1053,1,89,92,99
"3438",5914,1,8027,1,89,91,96
"3439",6456,1,5042,1,91,92,96
"3440",7441,1,8710,1,90,92,96
"3441",7516,1,9563,1,88,89,94
"3442",7872,1,5191,1,86,89,96
"3443",7945,1,5722,1,84,86,93
"3444",8145,1,6227,1,88,89,93
"3445",8296,1,5853,1,91,92,97
"3446",9628,1,9812,1,89,90,95
"3447",9732,1,7007,1,85,87,93
"3448",9838,1,3230,1,90,91,95
"3449",10057,1,1047,1,84,87,93
"3450",10470,1,7289,1,88,90,95
"3451",10635,1,165,1,91,92,96
"3452",11,1,350,1,89,91,100
"3453",119,1,9185,1,87,88,94
"3454",511,1,5120,1,87,89,94
"3455",638,1,10667,1,86,87,94
"3456",948,1,3380,1,87,91,97
"3457",1346,1,1053,1,88,90,94
"3458",1590,1,5887,1,92,93,99
"3459",1979,1,4532,1,88,90,95
"3460",2223,1,9373,1,86,89,96
"3461",2420,1,2065,1,86,88,94
"3462",2470,1,5349,1,89,91,97
"3463",2637,1,3871,1,90,91,98
"3464",2884,1,7289,1,90,92,97
"3465",4020,1,8942,1,91,93,99
"3466",4150,1,4208,1,90,92,99
"3467",4290,1,939,1,90,93,97
"3468",4291,1,2298,1,90,92,97
"3469",4315,1,7104,1,88,89,95
"3470",4496,1,6045,1,88,90,96
"3471",4789,1,9395,1,87,89,94
"3472",5070,1,10428,1,88,89,94
"3473",5489,1,885,1,85,87,95
"3474",5756,1,5599,1,86,89,95
"3475",6335,1,10057,1,88,89,94
"3476",6518,1,7801,1,88,89,95
"3477",7117,1,5615,1,84,89,95
"3478",7348,1,3843,1,84,86,95
"3479",8131,1,1628,1,85,87,96
"3480",8275,1,6428,1,90,91,96
"3481",8592,1,6335,1,90,92,97
"3482",8626,1,10178,1,88,90,95
"3483",8653,1,9225,1,91,93,98
"3484",8679,1,3778,1,88,91,98
"3485",9053,1,8305,1,87,90,94
"3486",9225,1,9681,1,89,90,97
"3487",9620,1,5070,1,90,92,96
"3488",9859,1,5437,1,90,92,97
"3489",9969,1,10663,1,86,89,94
"3490",10083,1,7034,1,88,91,97
"3491",10192,1,3384,1,91,93,98
"3492",10439,1,737,1,87,90,95
"3493",10652,1,7532,1,89,90,95
"3494",10728,1,3495,1,91,92,98
"3495",379,1,7371,1,90,92,96
"3496",553,1,5887,1,91,93,99
"3497",1159,1,8275,1,91,93,98
"3498",1437,1,6564,1,91,93,99
"3499",1482,1,5590,1,89,90,96
"3500",1538,1,2041,1,91,92,98
"3501",1760,1,2909,1,88,91,97
"3502",2084,1,5231,1,88,90,96
"3503",2472,1,5504,1,87,90,95
"3504",2588,1,5823,1,87,90,96
"3505",2722,1,3180,1,89,91,96
"3506",2726,1,1617,1,88,89,95
"3507",2787,1,6893,1,89,92,99
"3508",2794,1,3189,1,92,94,97
"3509",3107,1,5437,1,91,92,98
"3510",3189,1,7945,1,88,90,98
"3511",3399,1,3180,1,90,92,98
"3512",3530,1,4807,1,89,90,95
"3513",3725,1,10439,1,91,93,100
"3514",4097,1,2041,1,90,94,101
"3515",4422,1,826,1,88,89,95
"3516",5073,1,5504,1,87,88,96
"3517",5370,1,7238,1,88,90,98
"3518",5692,1,5274,1,88,91,97
"3519",5757,1,5823,1,88,90,95
"3520",6116,1,7289,1,87,90,97
"3521",6224,1,15,1,86,88,96
"3522",6228,1,1574,1,93,94,99
"3523",6604,1,8558,1,88,90,97
"3524",6804,1,8876,1,88,91,97
"3525",7157,1,1093,1,92,94,100
"3526",7211,1,6893,1,90,92,98
"3527",7233,1,4438,1,88,91,95
"3528",7473,1,5054,1,90,92,96
"3529",7588,1,4605,1,90,91,95
"3530",7905,1,8710,1,90,93,99
"3531",8038,1,5853,1,91,93,97
"3532",8899,1,5144,1,90,92,97
"3533",9114,1,6136,1,87,92,97
"3534",9205,1,7218,1,86,88,95
"3535",9462,1,1165,1,90,92,97
"3536",10071,1,819,1,89,92,98
"3537",10393,1,1400,1,90,93,97
"3538",556,1,4723,1,92,93,99
"3539",717,1,9797,1,90,94,101
"3540",944,1,1760,1,92,94,98
"3541",1093,1,8400,1,87,90,97
"3542",1320,1,3680,1,90,93,98
"3543",1566,1,5370,1,91,93,100
"3544",1784,1,8679,1,92,94,99
"3545",1789,1,6456,1,92,93,98
"3546",1916,1,1400,1,90,91,97
"3547",2265,1,7588,1,92,94,98
"3548",2801,1,819,1,90,91,97
"3549",3248,1,2722,1,92,93,97
"3550",3294,1,5887,1,92,93,99
"3551",3549,1,977,1,91,93,98
"3552",3792,1,1445,1,93,95,100
"3553",4560,1,819,1,90,92,98
"3554",5237,1,2726,1,90,91,96
"3555",5251,1,5894,1,91,93,97
"3556",5583,1,8126,1,87,89,96
"3557",5640,1,5853,1,91,94,101
"3558",5887,1,9205,1,90,91,96
"3559",6333,1,7088,1,91,93,97
"3560",6450,1,5576,1,88,91,96
"3561",6501,1,1560,1,93,95,100
"3562",7332,1,7441,1,93,95,99
"3563",7345,1,10424,1,85,87,97
"3564",7518,1,9859,1,92,95,99
"3565",8412,1,8710,1,91,93,97
"3566",8491,1,3189,1,91,92,99
"3567",8550,1,2722,1,93,94,101
"3568",8680,1,5692,1,93,94,99
"3569",8721,1,9292,1,94,95,100
"3570",8818,1,3294,1,94,95,100
"3571",8942,1,5576,1,88,90,96
"3572",9073,1,9620,1,93,95,100
"3573",9292,1,4684,1,91,92,97
"3574",9612,1,5507,1,92,94,101
"3575",9876,1,5583,1,91,93,99
"3576",9963,1,8901,1,89,91,96
"3577",10465,1,5715,1,93,94,100
"3578",10598,1,2298,1,90,92,98
"3579",158,1,1346,1,90,91,97
"3580",243,1,1916,1,93,94,99
"3581",351,1,7030,1,90,92,97
"3582",461,1,2884,1,93,95,99
"3583",687,1,378,1,91,94,99
"3584",756,1,2140,1,93,95,102
"3585",1560,1,9732,1,89,93,100
"3586",1710,1,4365,1,93,95,101
"3587",2043,1,948,1,92,94,100
"3588",2206,1,5370,1,92,94,102
"3589",2284,1,10470,1,91,92,99
"3590",2360,1,5757,1,91,92,99
"3591",2607,1,8300,1,94,96,101
"3592",2917,1,3860,1,89,92,97
"3593",3914,1,9913,1,91,93,99
"3594",3964,1,5120,1,87,91,97
"3595",4033,1,5237,1,92,94,100
"3596",4039,1,8626,1,91,92,97
"3597",4041,1,7441,1,93,95,99
"3598",4161,1,9839,1,89,92,97
"3599",5026,1,6652,1,93,96,101
"3600",6058,1,1445,1,93,95,101
"3601",6432,1,8553,1,91,94,99
"3602",6652,1,2248,1,89,92,97
"3603",6802,1,3551,1,90,93,98
"3604",7107,1,7905,1,93,95,103
"3605",7331,1,9681,1,89,91,97
"3606",7736,1,3026,1,90,92,97
"3607",7912,1,1916,1,92,94,99
"3608",8028,1,762,1,91,92,97
"3609",8158,1,9797,1,90,92,97
"3610",8300,1,6444,1,92,93,99
"3611",8334,1,6224,1,89,91,99
"3612",8404,1,10393,1,95,96,100
"3613",8553,1,4598,1,88,90,97
"3614",8586,1,5231,1,88,91,98
"3615",8778,1,6444,1,91,93,97
"3616",9149,1,3230,1,90,91,97
"3617",9415,1,717,1,94,95,101
"3618",9747,1,10470,1,91,92,99
"3619",9834,1,9115,1,90,93,97
"3620",10288,1,9204,1,90,94,99
"3621",99,1,5715,1,92,96,104
"3622",247,1,7588,1,92,94,98
"3623",1040,1,351,1,94,96,102
"3624",1171,1,3549,1,94,95,100
"3625",1190,1,2726,1,90,91,98
"3626",1205,1,6652,1,93,95,100
"3627",1470,1,10192,1,94,96,101
"3628",1660,1,1538,1,94,95,101
"3629",1902,1,6456,1,94,96,102
"3630",2540,1,2470,1,92,93,98
"3631",2547,1,8275,1,92,93,98
"3632",3331,1,4749,1,95,97,103
"3633",3537,1,7157,1,95,97,101
"3634",3697,1,6934,1,92,94,100
"3635",3718,1,4290,1,95,96,99
"3636",3932,1,4150,1,94,96,101
"3637",4401,1,2722,1,93,96,100
"3638",5468,1,9963,1,92,95,98
"3639",5481,1,1560,1,95,96,102
"3640",5600,1,3116,1,94,96,102
"3641",5846,1,1400,1,92,95,100
"3642",5899,1,379,1,93,95,99
"3643",6016,1,2360,1,93,94,101
"3644",6039,1,1965,1,90,93,98
"3645",6506,1,351,1,93,95,100
"3646",6582,1,8778,1,96,97,102
"3647",6808,1,7905,1,93,95,98
"3648",7002,1,7441,1,93,96,100
"3649",7864,1,379,1,93,95,101
"3650",7916,1,8300,1,94,96,102
"3651",8425,1,9149,1,93,95,102
"3652",8957,1,2241,1,90,92,98
"3653",9668,1,5715,1,92,95,100
"3654",9926,1,1965,1,89,93,98
"3655",10521,1,2917,1,93,94,100
"3656",312,1,8957,1,95,96,100
"3657",1056,1,1300,1,94,98,102
"3658",1300,1,2637,1,91,93,99
"3659",1304,1,9926,1,94,95,100
"3660",1468,1,8899,1,92,93,101
"3661",1725,1,6444,1,92,95,100
"3662",1967,1,7853,1,96,97,102
"3663",1989,1,2722,1,93,95,101
"3664",2255,1,9838,1,93,94,101
"3665",2267,1,1205,1,95,98,103
"3666",2341,1,977,1,91,93,99
"3667",2400,1,3294,1,94,96,103
"3668",2505,1,158,1,94,95,101
"3669",2658,1,556,1,95,96,101
"3670",2696,1,7157,1,95,98,107
"3671",3353,1,4150,1,94,95,100
"3672",3684,1,4847,1,92,94,100
"3673",3866,1,9292,1,93,95,101
"3674",3959,1,8679,1,92,95,101
"3675",4117,1,6542,1,91,93,100
"3676",5520,1,8275,1,92,94,99
"3677",5714,1,3871,1,93,94,99
"3678",5736,1,8957,1,93,94,99
"3679",6015,1,9876,1,96,97,104
"3680",6388,1,8300,1,94,96,100
"3681",6389,1,1482,1,91,95,99
"3682",6608,1,3796,1,94,96,102
"3683",6783,1,3549,1,94,97,104
"3684",6813,1,8884,1,92,95,99
"3685",6937,1,1171,1,97,98,102
"3686",6940,1,7457,1,96,98,103
"3687",7029,1,3189,1,92,94,99
"3688",7354,1,9963,1,92,93,99
"3689",7488,1,6456,1,93,95,102
"3690",7783,1,8810,1,93,94,99
"3691",8190,1,2341,1,96,98,103
"3692",8209,1,2787,1,93,94,99
"3693",8531,1,6608,1,97,98,107
"3694",8589,1,3697,1,95,96,102
"3695",8652,1,1989,1,96,97,100
"3696",8718,1,1660,1,97,98,103
"3697",8810,1,9969,1,91,92,99
"3698",8889,1,5437,1,93,96,100
"3699",9623,1,461,1,96,97,102
"3700",10149,1,3530,1,92,94,100
"3701",10493,1,687,1,94,95,101
"3702",10556,1,9628,1,92,94,100
"3703",63,1,4117,1,94,96,101
"3704",234,1,243,1,96,99,105
"3705",449,1,6802,1,95,97,103
"3706",453,1,10493,1,97,98,103
"3707",706,1,1760,1,92,94,100
"3708",816,1,6228,1,96,98,103
"3709",1335,1,8778,1,95,97,103
"3710",1611,1,1093,1,94,99,102
"3711",1667,1,10393,1,95,97,102
"3712",1770,1,5600,1,97,99,103
"3713",2705,1,556,1,94,96,100
"3714",2805,1,1300,1,96,98,103
"3715",3165,1,247,1,95,97,102
"3716",3328,1,1053,1,89,92,100
"3717",3446,1,3248,1,94,96,101
"3718",3709,1,6664,1,92,93,101
"3719",3787,1,1856,1,97,98,104
"3720",3953,1,9073,1,95,97,101
"3721",4582,1,10556,1,95,98,104
"3722",4749,1,4652,1,90,94,100
"3723",4964,1,7331,1,93,98,102
"3724",5166,1,9724,1,97,99,105
"3725",5172,1,8942,1,92,96,100
"3726",5505,1,1171,1,96,99,103
"3727",5937,1,10655,1,97,99,105
"3728",6246,1,5437,1,91,94,101
"3729",6730,1,3328,1,95,97,103
"3730",8016,1,8721,1,96,98,103
"3731",9319,1,1710,1,96,99,105
"3732",10062,1,9620,1,93,96,102
"3733",10222,1,3288,1,96,99,104
"3734",432,1,2688,1,96,97,104
"3735",585,1,99,1,97,98,103
"3736",1500,1,10288,1,97,99,104
"3737",1856,1,4365,1,93,96,101
"3738",2183,1,7002,1,97,98,103
"3739",2217,1,312,1,96,98,104
"3740",2688,1,247,1,94,95,101
"3741",2751,1,1567,1,97,99,105
"3742",3288,1,10393,1,94,95,101
"3743",3708,1,7905,1,94,96,102
"3744",4695,1,7736,1,93,98,104
"3745",5402,1,6309,1,98,100,105
"3746",5475,1,3684,1,96,97,102
"3747",6029,1,3953,1,98,100,105
"3748",6043,1,8957,1,93,95,101
"3749",6147,1,3725,1,94,96,101
"3750",6309,1,8592,1,93,97,102
"3751",7262,1,687,1,96,99,105
"3752",7455,1,6450,1,93,96,101
"3753",7457,1,6802,1,94,96,101
"3754",7632,1,6802,1,95,97,103
"3755",7811,1,243,1,95,97,103
"3756",7853,1,4020,1,94,95,101
"3757",8801,1,10180,1,97,98,103
"3758",9083,1,9747,1,96,99,104
"3759",9315,1,3792,1,96,98,103
"3760",9631,1,10465,1,96,97,102
"3761",9677,1,8334,1,96,98,104
"3762",10180,1,6228,1,95,97,102
"3763",10452,1,9266,1,96,98,105
"3764",10472,1,3697,1,95,97,103
"3765",44,1,6097,1,100,101,104
"3766",732,1,7157,1,97,98,102
"3767",1199,1,8652,1,98,99,106
"3768",1567,1,2688,1,96,97,103
"3769",1763,1,3914,1,95,99,104
"3770",2251,1,5736,1,96,98,103
"3771",2685,1,6506,1,96,98,104
"3772",3480,1,732,1,99,100,106
"3773",3623,1,461,1,98,100,107
"3774",3700,1,133,1,99,101,106
"3775",4577,1,5846,1,96,99,105
"3776",4872,1,99,1,97,98,102
"3777",5364,1,3959,1,96,99,105
"3778",5726,1,1770,1,99,101,106
"3779",6772,1,4161,1,94,98,102
"3780",7110,1,3537,1,98,99,104
"3781",7589,1,312,1,99,100,107
"3782",7741,1,9126,1,100,101,107
"3783",7990,1,7110,1,100,101,107
"3784",8442,1,5527,1,95,99,104
"3785",8763,1,9623,1,98,99,105
"3786",9266,1,9225,1,91,95,104
"3787",9724,1,3796,1,94,96,102
"3788",10100,1,1660,1,97,99,103
"3789",10677,1,3708,1,97,99,108
"3790",133,1,1468,1,97,98,103
"3791",206,1,7589,1,101,102,108
"3792",622,1,9319,1,99,101,107
"3793",1780,1,2688,1,96,99,105
"3794",1917,1,7632,1,99,101,106
"3795",2001,1,1040,1,98,99,106
"3796",2270,1,7002,1,98,100,105
"3797",2403,1,133,1,99,101,105
"3798",2725,1,1205,1,98,99,103
"3799",2763,1,8818,1,96,98,103
"3800",2779,1,3331,1,98,100,106
"3801",2887,1,944,1,96,99,106
"3802",3366,1,10062,1,98,100,106
"3803",3460,1,7262,1,100,101,105
"3804",3753,1,6043,1,96,98,103
"3805",3802,1,8889,1,97,98,104
"3806",4420,1,717,1,96,99,104
"3807",4575,1,1989,1,98,100,106
"3808",4851,1,1989,1,97,100,105
"3809",5254,1,706,1,97,99,105
"3810",5323,1,3792,1,96,99,103
"3811",5518,1,3642,1,101,102,108
"3812",5629,1,5172,1,99,101,106
"3813",5721,1,2607,1,98,100,106
"3814",6014,1,10192,1,97,98,104
"3815",6097,1,1710,1,97,98,104
"3816",6515,1,2183,1,99,100,105
"3817",6673,1,6501,1,96,100,105
"3818",7012,1,1667,1,98,99,105
"3819",7076,1,7783,1,96,98,105
"3820",7314,1,7912,1,95,96,103
"3821",7412,1,7930,1,101,102,106
"3822",7472,1,3248,1,96,99,104
"3823",7559,1,2887,1,99,102,108
"3824",7865,1,6309,1,99,101,106
"3825",8206,1,2794,1,95,97,103
"3826",8575,1,5254,1,100,101,106
"3827",8963,1,9631,1,99,102,106
"3828",9126,1,6432,1,96,98,104
"3829",9249,1,6388,1,98,100,104
"3830",9762,1,3165,1,98,100,106
"3831",10263,1,6515,1,100,102,105
"3832",189,1,4582,1,100,101,105
"3833",670,1,3802,1,99,101,106
"3834",911,1,453,1,99,100,104
"3835",1738,1,2607,1,97,99,105
"3836",1833,1,670,1,101,102,107
"3837",1940,1,63,1,97,100,105
"3838",2055,1,10149,1,95,101,106
"3839",2269,1,432,1,99,101,105
"3840",2538,1,10222,1,100,102,108
"3841",2548,1,8206,1,98,100,105
"3842",3136,1,1856,1,97,99,105
"3843",3402,1,3537,1,98,101,106
"3844",3428,1,9612,1,95,99,107
"3845",3642,1,5475,1,98,99,105
"3846",4101,1,10100,1,101,103,108
"3847",4330,1,7930,1,102,103,108
"3848",4686,1,6388,1,97,98,104
"3849",5383,1,6772,1,99,101,104
"3850",5466,1,7120,1,99,102,107
"3851",6070,1,6014,1,99,101,109
"3852",6183,1,7120,1,100,103,109
"3853",6255,1,3642,1,100,101,106
"3854",6396,1,6388,1,98,99,104
"3855",6779,1,6783,1,98,101,106
"3856",7036,1,1500,1,100,101,106
"3857",7120,1,8206,1,98,99,105
"3858",7841,1,5364,1,100,101,104
"3859",8171,1,8209,1,95,97,104
"3860",8618,1,7488,1,99,101,106
"3861",8635,1,1437,1,98,99,106
"3862",8725,1,1667,1,99,101,106
"3863",8796,1,3642,1,101,103,107
"3864",9837,1,3932,1,98,101,105
"3865",9851,1,6309,1,98,102,106
"3866",10094,1,1171,1,96,98,104
"3867",10201,1,4964,1,99,101,110
"3868",10632,1,7518,1,96,98,106
"3869",10651,1,6673,1,101,103,109
"3870",10655,1,1159,1,95,97,104
"3871",75,1,9126,1,99,100,105
"3872",407,1,1989,1,97,102,106
"3873",905,1,63,1,98,100,106
"3874",1058,1,133,1,101,102,107
"3875",2006,1,6582,1,98,100,106
"3876",2226,1,8442,1,100,102,108
"3877",2445,1,5629,1,102,103,109
"3878",2632,1,8589,1,98,100,105
"3879",3132,1,1205,1,97,98,105
"3880",3625,1,3136,1,100,102,106
"3881",3894,1,2001,1,101,102,106
"3882",4007,1,9677,1,101,102,106
"3883",4254,1,1710,1,98,101,107
"3884",4458,1,6437,1,102,103,108
"3885",5257,1,247,1,95,98,105
"3886",5353,1,7797,1,102,103,106
"3887",6063,1,461,1,96,99,107
"3888",6437,1,5026,1,98,100,105
"3889",6499,1,7606,1,102,104,109
"3890",6920,1,2805,1,98,101,105
"3891",6932,1,3708,1,99,101,105
"3892",7094,1,7076,1,98,99,105
"3893",7606,1,3165,1,99,101,106
"3894",7607,1,6779,1,102,104,110
"3895",7695,1,9623,1,98,99,105
"3896",8539,1,10655,1,99,101,105
"3897",8604,1,10472,1,100,101,105
"3898",8668,1,44,1,102,103,108
"3899",9341,1,5402,1,100,103,107
"3900",9417,1,7930,1,101,104,109
"3901",10185,1,2725,1,100,102,107
"3902",2080,1,449,1,98,100,106
"3903",2113,1,9668,1,96,102,107
"3904",2438,1,10222,1,101,103,107
"3905",3177,1,1780,1,100,101,107
"3906",3330,1,3828,1,103,104,111
"3907",3828,1,3718,1,97,100,107
"3908",4201,1,8796,1,104,105,110
"3909",4600,1,4254,1,101,102,109
"3910",5435,1,2696,1,99,102,106
"3911",6774,1,6673,1,101,102,107
"3912",6840,1,4686,1,99,102,107
"3913",7584,1,8604,1,103,105,107
"3914",7624,1,8652,1,98,101,106
"3915",7797,1,133,1,100,101,108
"3916",7930,1,9126,1,99,100,106
"3917",8501,1,7455,1,97,100,106
"3918",8580,1,9613,1,104,105,110
"3919",9471,1,3642,1,101,103,109
"3920",10129,1,2763,1,100,103,109
"3921",10742,1,3787,1,99,102,107
"3922",380,1,911,1,101,103,108
"3923",1034,1,5937,1,101,103,110
"3924",1310,1,9341,1,103,105,109
"3925",2173,1,1770,1,100,102,108
"3926",2196,1,4600,1,102,104,110
"3927",2260,1,9623,1,98,100,107
"3928",2429,1,10222,1,102,104,108
"3929",2872,1,10185,1,103,104,109
"3930",3156,1,10129,1,104,106,111
"3931",3237,1,4851,1,101,102,107
"3932",4076,1,6063,1,100,102,107
"3933",4135,1,6183,1,104,105,111
"3934",4714,1,5158,1,104,105,111
"3935",5128,1,6708,1,105,106,111
"3936",5176,1,2403,1,102,105,110
"3937",6618,1,7076,1,99,101,107
"3938",6708,1,1833,1,103,104,110
"3939",6975,1,10677,1,104,105,109
"3940",7790,1,2751,1,102,104,108
"3941",7796,1,1058,1,104,105,113
"3942",8034,1,1567,1,99,103,108
"3943",9015,1,911,1,101,104,109
"3944",9701,1,6437,1,101,103,109
"3945",9944,1,7797,1,103,104,110
"3946",10431,1,7990,1,103,104,109
"3947",10643,1,8501,1,102,105,111
"3948",58,1,4101,1,105,107,113
"3949",227,1,6618,1,102,104,108
"3950",577,1,6708,1,105,106,112
"3951",1787,1,4254,1,102,103,108
"3952",2112,1,2196,1,104,105,111
"3953",2701,1,3237,1,104,105,110
"3954",3200,1,5726,1,101,102,108
"3955",4224,1,3132,1,100,102,111
"3956",4373,1,2270,1,102,103,108
"3957",4844,1,380,1,104,106,109
"3958",5141,1,7262,1,101,103,108
"3959",5158,1,3828,1,100,103,110
"3960",5168,1,5158,1,104,106,111
"3961",5701,1,8725,1,101,103,109
"3962",5926,1,380,1,105,106,112
"3963",6301,1,6975,1,105,106,110
"3964",6440,1,8034,1,105,107,112
"3965",6878,1,4600,1,103,104,109
"3966",7225,1,3828,1,102,105,112
"3967",7572,1,2080,1,102,104,109
"3968",7982,1,10651,1,104,105,110
"3969",8432,1,5402,1,102,103,110
"3970",9349,1,3828,1,103,105,111
"3971",9403,1,9837,1,103,107,114
"3972",9941,1,7559,1,103,104,109
"3973",9985,1,9944,1,106,107,111
"3974",10659,1,1058,1,104,107,113
"3975",10660,1,7606,1,103,105,109
"3976",10669,1,9417,1,105,106,112
"3977",2795,1,3237,1,103,104,110
"3978",3038,1,1058,1,105,106,111
"3979",3039,1,7865,1,104,106,110
"3980",3188,1,4007,1,104,107,113
"3981",3466,1,7790,1,105,106,111
"3982",4010,1,9941,1,106,108,111
"3983",4649,1,6881,1,107,108,113
"3984",6201,1,5141,1,104,105,111
"3985",6690,1,6029,1,101,104,110
"3986",6904,1,1310,1,107,108,114
"3987",7150,1,7797,1,104,105,109
"3988",7825,1,6255,1,105,106,112
"3989",7851,1,2548,1,101,103,110
"3990",8061,1,2226,1,104,107,112
"3991",8313,1,6932,1,102,105,110
"3992",8744,1,5721,1,102,103,109
"3993",9017,1,4007,1,105,107,112
"3994",9125,1,3700,1,102,105,110
"3995",9134,1,6437,1,103,107,112
"3996",9613,1,2183,1,101,103,111
"3997",2026,1,6940,1,99,105,110
"3998",2144,1,9701,1,105,108,114
"3999",3043,1,3642,1,103,105,110
"4000",3571,1,1058,1,103,105,110
"4001",4745,1,2795,1,105,106,111
"4002",5125,1,9613,1,104,106,111
"4003",7568,1,8604,1,102,105,110
"4004",7616,1,9944,1,105,107,111
"4005",8567,1,2887,1,101,105,112
"4006",8674,1,8796,1,106,108,113
"4007",9816,1,2196,1,105,107,111
"4008",263,1,727,1,107,110,114
"4009",727,1,2445,1,104,106,112
"4010",957,1,10227,1,107,110,117
"4011",1334,1,7796,1,107,109,115
"4012",1422,1,9083,1,101,104,111
"4013",3036,1,407,1,103,105,111
"4014",3183,1,4458,1,104,107,114
"4015",4351,1,9403,1,107,109,113
"4016",4874,1,9930,1,108,109,113
"4017",6399,1,4941,1,109,110,116
"4018",6442,1,7572,1,105,107,112
"4019",6681,1,5176,1,106,107,113
"4020",6881,1,9341,1,104,106,111
"4021",7810,1,8061,1,108,110,114
"4022",8555,1,7790,1,107,109,114
"4023",8622,1,7966,1,108,110,116
"4024",9227,1,727,1,108,110,114
"4025",10722,1,8796,1,105,108,115
"4026",376,1,1787,1,104,106,112
"4027",692,1,8580,1,106,107,112
"4028",914,1,3604,1,109,110,115
"4029",1427,1,9349,1,106,108,113
"4030",1448,1,1864,1,109,111,118
"4031",2964,1,577,1,108,111,116
"4032",3157,1,7351,1,109,111,116
"4033",3966,1,9403,1,108,109,114
"4034",4542,1,6618,1,106,110,116
"4035",7313,1,5128,1,109,110,115
"4036",7370,1,9403,1,108,111,115
"4037",7966,1,5701,1,105,107,112
"4038",8349,1,10669,1,107,110,117
"4039",8506,1,9267,1,106,108,112
"4040",9267,1,5466,1,104,105,112
"4041",9930,1,2113,1,104,106,113
"4042",9938,1,10420,1,110,111,116
"4043",10063,1,2429,1,107,109,114
"4044",10128,1,376,1,107,109,113
"4045",223,1,3009,1,110,112,118
"4046",289,1,7584,1,106,108,115
"4047",1595,1,4649,1,110,112,118
"4048",1864,1,10643,1,107,108,113
"4049",3009,1,577,1,106,109,115
"4050",3490,1,3183,1,109,110,115
"4051",3604,1,6183,1,104,106,114
"4052",4262,1,6440,1,109,111,118
"4053",4525,1,6434,1,111,112,117
"4054",6434,1,10129,1,106,109,115
"4055",7351,1,6201,1,107,108,113
"4056",7449,1,3490,1,110,112,117
"4057",7694,1,5176,1,108,110,115
"4058",7792,1,6399,1,111,112,117
"4059",8186,1,4076,1,104,106,113
"4060",8706,1,6774,1,105,107,114
"4061",8741,1,8186,1,109,111,116
"4062",8952,1,4745,1,109,110,114
"4063",9054,1,8580,1,106,107,114
"4064",10227,1,2113,1,104,106,113
"4065",10256,1,7966,1,109,111,116
"4066",10358,1,2489,1,108,111,117
"4067",10420,1,8186,1,108,109,116
"4068",575,1,1427,1,109,110,114
"4069",1035,1,5926,1,109,110,115
"4070",1894,1,10722,1,109,111,118
"4071",2050,1,10420,1,110,112,118
"4072",2236,1,7966,1,108,110,115
"4073",2311,1,7150,1,107,109,114
"4074",2489,1,5141,1,105,108,114
"4075",3714,1,9699,1,109,110,117
"4076",4941,1,2701,1,107,108,114
"4077",5607,1,8706,1,109,113,117
"4078",6151,1,4649,1,109,110,114
"4079",7839,1,1422,1,105,108,114
"4080",8053,1,8741,1,112,113,118
"4081",8063,1,3043,1,105,107,114
"4082",8092,1,6975,1,107,110,115
"4083",8198,1,5125,1,108,109,115
"4084",9020,1,3966,1,109,111,117
"4085",9068,1,3466,1,106,110,116
"4086",9386,1,3604,1,108,110,114
"4087",9726,1,692,1,109,111,117
"4088",1610,1,8506,1,109,112,118
"4089",1616,1,289,1,109,110,116
"4090",2861,1,289,1,109,113,117
"4091",3181,1,4489,1,111,113,118
"4092",3615,1,3183,1,111,112,117
"4093",3618,1,7313,1,111,113,119
"4094",4482,1,10358,1,112,114,120
"4095",4483,1,1864,1,111,112,119
"4096",4489,1,6681,1,108,109,116
"4097",6030,1,9386,1,111,114,118
"4098",7138,1,8896,1,112,113,117
"4099",7495,1,8674,1,110,112,118
"4100",7563,1,6681,1,108,110,115
"4101",9171,1,2,1,113,114,120
"4102",9699,1,7150,1,107,109,115
"4103",2,1,3039,1,107,112,120
"4104",220,1,2964,1,111,112,116
"4105",784,1,6151,1,111,112,118
"4106",1141,1,8349,1,111,113,118
"4107",1315,1,8706,1,110,115,118
"4108",1338,1,2,1,113,115,120
"4109",1508,1,4489,1,112,113,118
"4110",2209,1,7351,1,109,111,117
"4111",2611,1,9020,1,112,115,122
"4112",4367,1,2209,1,112,114,118
"4113",5284,1,8952,1,111,112,116
"4114",5886,1,4010,1,110,111,116
"4115",6941,1,3009,1,111,112,117
"4116",8121,1,6434,1,112,114,118
"4117",8150,1,3009,1,111,113,119
"4118",8776,1,8741,1,112,113,120
"4119",8904,1,1427,1,109,112,119
"4120",10479,1,1610,1,112,113,118
"4121",1036,1,7351,1,110,113,119
"4122",1565,1,4262,1,112,115,121
"4123",2020,1,2050,1,113,115,122
"4124",4355,1,577,1,108,110,117
"4125",5487,1,1508,1,114,115,119
"4126",6745,1,9938,1,112,113,119
"4127",7190,1,1141,1,114,116,124
"4128",9107,1,692,1,110,113,117
"4129",9676,1,8896,1,113,115,119
"4130",10343,1,10420,1,110,113,121
"4131",1597,1,914,1,111,113,118
"4132",1765,1,6745,1,114,116,120
"4133",2831,1,7563,1,112,114,118
"4134",4311,1,3618,1,114,117,121
"4135",4511,1,6434,1,110,112,120
"4136",4638,1,7370,1,112,113,118
"4137",4706,1,6267,1,115,116,119
"4138",5819,1,8506,1,110,114,120
"4139",6154,1,5886,1,112,114,120
"4140",6182,1,3615,1,114,115,122
"4141",6200,1,4482,1,115,116,122
"4142",6315,1,4649,1,110,112,119
"4143",6475,1,3181,1,114,117,121
"4144",7906,1,10128,1,110,112,119
"4145",8216,1,3130,1,115,117,124
"4146",8250,1,10420,1,110,112,119
"4147",8282,1,1595,1,112,113,118
"4148",8896,1,4489,1,110,111,118
"4149",10072,1,4262,1,112,113,119
"4150",10287,1,4525,1,115,117,123
"4151",656,1,3130,1,116,117,123
"4152",780,1,3130,1,116,118,125
"4153",1008,1,223,1,113,116,121
"4154",1103,1,6399,1,111,113,119
"4155",2358,1,9699,1,110,112,119
"4156",2506,1,8250,1,113,115,120
"4157",3352,1,7906,1,115,117,122
"4158",3408,1,7161,1,114,115,121
"4159",3722,1,3130,1,116,117,121
"4160",4170,1,7019,1,115,117,123
"4161",4919,1,4351,1,110,113,119
"4162",5116,1,1616,1,111,115,121
"4163",6267,1,7449,1,113,115,120
"4164",7649,1,6941,1,113,115,120
"4165",7932,1,1035,1,112,116,120
"4166",8411,1,1141,1,114,115,120
"4167",9147,1,1508,1,114,115,121
"4168",10449,1,6030,1,116,118,122
"4169",1069,1,10287,1,118,119,124
"4170",1946,1,5819,1,115,118,124
"4171",3385,1,7660,1,115,116,122
"4172",3493,1,3618,1,116,118,124
"4173",7019,1,1036,1,114,115,121
"4174",7161,1,7495,1,113,114,120
"4175",7520,1,3408,1,117,118,124
"4176",7660,1,9020,1,113,115,121
"4177",9180,1,2050,1,114,115,121
"4178",9485,1,7817,1,117,118,122
"4179",9662,1,3408,1,116,118,124
"4180",10621,1,10256,1,113,116,121
"4181",375,1,7932,1,117,120,124
"4182",840,1,3181,1,116,118,124
"4183",1116,1,4638,1,115,119,126
"4184",1569,1,4483,1,113,115,121
"4185",2723,1,8393,1,116,119,124
"4186",3130,1,2236,1,111,114,121
"4187",4503,1,6154,1,116,117,122
"4188",4549,1,784,1,115,117,121
"4189",5049,1,4638,1,114,116,125
"4190",5148,1,5284,1,114,115,123
"4191",7650,1,7660,1,117,120,126
"4192",7756,1,5148,1,117,119,124
"4193",7817,1,3618,1,113,115,121
"4194",8393,1,9107,1,114,115,122
"4195",10044,1,8250,1,113,115,122
"4196",1217,1,10044,1,115,117,123
"4197",2517,1,7161,1,116,118,122
"4198",3821,1,7161,1,115,116,122
"4199",6599,1,6745,1,115,118,124
"4200",6609,1,1217,1,119,121,127
"4201",6901,1,2831,1,116,118,123
"4202",7904,1,7313,1,111,116,122
"4203",8817,1,1315,1,117,120,127
"4204",168,1,5148,1,117,121,125
"4205",1414,1,9485,1,119,122,126
"4206",2057,1,9171,1,116,119,124
"4207",2601,1,6745,1,115,117,123
"4208",3801,1,10287,1,119,121,128
"4209",5655,1,840,1,119,120,128
"4210",6771,1,2601,1,118,120,124
"4211",6853,1,10044,1,116,119,123
"4212",6906,1,7536,1,119,120,126
"4213",7545,1,6598,1,121,122,127
"4214",7617,1,4482,1,115,119,126
"4215",8473,1,6599,1,119,120,125
"4216",9283,1,3385,1,119,120,124
"4217",9479,1,4503,1,118,119,124
"4218",2132,1,1141,1,115,116,124
"4219",4594,1,7756,1,121,123,128
"4220",5963,1,9477,1,121,123,128
"4221",7154,1,1565,1,117,119,124
"4222",8451,1,1946,1,120,122,127
"4223",8505,1,7650,1,121,123,128
"4224",8594,1,5049,1,117,119,125
"4225",9477,1,7904,1,117,119,124
"4226",9523,1,9485,1,121,122,127
"4227",10153,1,6771,1,121,123,127
"4228",523,1,9485,1,121,124,128
"4229",1622,1,7617,1,119,120,127
"4230",5801,1,6929,1,122,123,128
"4231",6598,1,6475,1,118,120,125
"4232",7312,1,2723,1,121,123,128
"4233",7536,1,9171,1,116,118,126
"4234",7849,1,6200,1,117,121,126
"4235",10086,1,2611,1,118,120,125
"4236",10724,1,9523,1,123,124,128
"4237",451,1,9345,1,123,125,131
"4238",1203,1,9485,1,120,121,126
"4239",1359,1,6929,1,121,122,128
"4240",1425,1,6144,1,124,125,130
"4241",5209,1,7154,1,119,121,127
"4242",6929,1,4549,1,118,121,126
"4243",9240,1,1069,1,122,123,129
"4244",242,1,8451,1,123,125,131
"4245",605,1,9345,1,125,126,131
"4246",1072,1,8594,1,121,122,127
"4247",1545,1,9676,1,116,120,127
"4248",2009,1,1203,1,122,124,129
"4249",2427,1,1414,1,123,125,129
"4250",5167,1,8817,1,122,124,129
"4251",6395,1,10086,1,123,124,130
"4252",755,1,7617,1,121,124,129
"4253",3250,1,7756,1,120,122,128
"4254",4390,1,1203,1,124,126,131
"4255",5603,1,3385,1,119,122,128
"4256",6144,1,6929,1,122,123,130
"4257",6221,1,168,1,122,124,128
"4258",6448,1,9935,1,125,126,132
"4259",7248,1,9479,1,120,124,130
"4260",7805,1,7756,1,122,124,129
"4261",9935,1,8451,1,123,124,128
"4262",10551,1,7805,1,124,127,132
"4263",967,1,8594,1,121,124,129
"4264",1153,1,6609,1,122,123,129
"4265",4258,1,8817,1,121,124,130
"4266",9123,1,9523,1,123,125,131
"4267",9345,1,3722,1,119,122,129
"4268",1380,1,780,1,122,125,131
"4269",7593,1,7545,1,123,125,131
"4270",8939,1,2009,1,125,127,133
"4271",9754,1,10086,1,121,123,130
"4272",6983,1,4390,1,127,130,135
"4273",8165,1,6609,1,122,126,131
"4274",9814,1,5801,1,125,128,132
"4275",1196,1,7593,1,126,128,133
"4276",2325,1,8939,1,128,131,135
"4277",2727,1,9722,1,130,131,137
"4278",2975,1,3801,1,122,126,133
"4279",3062,1,451,1,126,128,135
"4280",5271,1,8165,1,128,130,137
"4281",6550,1,7593,1,126,128,135
"4282",10121,1,10551,1,128,130,134
"4283",2904,1,7213,1,131,132,136
"4284",4112,1,10551,1,129,130,134
"4285",9722,1,8939,1,127,129,134
"4286",5381,1,2427,1,128,131,135
"4287",7722,1,3062,1,129,131,136
"4288",138,1,1380,1,127,130,136
"4289",1466,1,10551,1,128,130,137
"4290",2040,1,7213,1,130,131,136
"4291",2371,1,8939,1,128,130,136
"4292",4670,1,3062,1,128,129,135
"4293",5708,1,2325,1,131,134,138
"4294",7213,1,4258,1,126,129,135
"4295",7512,1,2040,1,132,133,140
"4296",9285,1,9722,1,130,132,137
"4297",237,1,1466,1,131,133,142
"4298",1160,1,3062,1,130,131,136
"4299",7074,1,2727,1,133,135,139
"4300",3436,1,2630,1,133,135,140
"4301",4669,1,2325,1,132,134,139
"4302",7955,1,1160,1,132,135,141
"4303",290,1,4669,1,135,136,142
"4304",1194,1,9722,1,130,133,139
"4305",2492,1,4670,1,130,133,138
"4306",2630,1,2325,1,131,132,138
"4307",4554,1,7213,1,130,133,140
"4308",5193,1,2492,1,134,137,144
"4309",5261,1,6983,1,131,134,141
"4310",5307,1,2630,1,134,135,140
"4311",6848,1,4669,1,136,137,142
"4312",1691,1,237,1,135,137,143
"4313",2513,1,5824,1,136,137,143
"4314",5824,1,2904,1,134,135,143
"4315",8833,1,10121,1,133,136,141
"4316",10642,1,5824,1,135,136,142
"4317",1876,1,4670,1,132,136,142
"4318",2414,1,5824,1,136,138,143
"4319",2859,1,9285,1,133,137,142
"4320",5514,1,1691,1,138,140,145
"4321",5675,1,1876,1,137,139,144
"4322",9096,1,2513,1,138,140,147
"4323",3256,1,3436,1,136,138,143
"4324",7318,1,2859,1,139,140,145
"4325",8689,1,4629,1,139,140,146
"4326",8959,1,290,1,137,139,144
"4327",540,1,5514,1,141,143,148
"4328",1588,1,5675,1,141,143,148
"4329",4629,1,3436,1,136,138,145
"4330",5912,1,8959,1,140,141,149
"4331",6663,1,1194,1,138,140,145
"4332",8871,1,2414,1,140,142,147
"4333",3135,1,5912,1,142,143,146
"4334",3404,1,5514,1,142,144,147
"4335",3900,1,5675,1,140,142,148
"4336",9767,1,5675,1,140,141,145
"4337",2460,1,8689,1,142,144,148
"4338",7913,1,8959,1,141,145,151
"4339",1277,1,2460,1,145,146,152
"4340",2954,1,3404,1,145,146,150
"4341",9464,1,9767,1,143,146,151
"4342",9990,1,8871,1,144,145,150
"4343",8394,1,9767,1,142,143,150
"4344",9038,1,7318,1,141,145,149
"4345",9104,1,5675,1,141,144,150
"4346",3833,1,3135,1,145,147,152
"4347",4180,1,9104,1,145,147,153
"4348",2225,1,9990,1,146,148,153
"4349",9517,1,2225,1,149,150,154
"4350",2159,1,9517,1,151,152,157
"4351",4547,1,7913,1,147,150,157
"4352",2478,1,3833,1,149,151,157
"4353",5171,1,6607,1,158,159,165
"4354",6607,1,2159,1,155,158,164
"4355",2567,1,2159,1,155,158,164
"4356",8637,1,5171,1,164,165,171
