"","host_id","group","infector_id","infector_group","exposure_time","infectious_time","recovery_time"
"1",7175,1,NA,NA,0,0,6
"2",11245,1,NA,NA,0,0,6
"3",6057,1,NA,NA,0,0,6
"4",7592,1,6057,1,1,3,7
"5",12982,1,13537,1,1,3,9
"6",13537,1,NA,NA,0,0,6
"7",7572,1,1095,1,2,3,8
"8",1095,1,NA,NA,0,0,6
"9",3793,1,NA,NA,0,0,6
"10",10353,1,7175,1,2,5,10
"11",6177,1,12982,1,3,5,11
"12",3314,1,7572,1,4,6,13
"13",2466,1,7572,1,5,8,14
"14",8909,1,6177,1,6,8,12
"15",13042,1,7592,1,3,5,11
"16",3637,1,10353,1,6,8,15
"17",709,1,3314,1,10,12,16
"18",5488,1,3637,1,9,11,18
"19",978,1,8909,1,10,11,16
"20",1354,1,709,1,14,15,21
"21",6295,1,709,1,12,13,18
"22",6586,1,2466,1,9,11,18
"23",9331,1,978,1,12,14,20
"24",9154,1,10839,1,14,15,20
"25",10839,1,3637,1,10,13,17
"26",3133,1,6295,1,15,16,20
"27",11817,1,6495,1,19,20,25
"28",5347,1,8230,1,19,20,26
"29",2953,1,9331,1,14,16,24
"30",6495,1,9154,1,16,18,26
"31",8152,1,6495,1,18,21,28
"32",8230,1,9154,1,17,18,24
"33",5258,1,5347,1,23,24,28
"34",12197,1,11817,1,21,23,29
"35",5157,1,9154,1,19,23,28
"36",5268,1,8230,1,23,25,29
"37",10705,1,3212,1,23,25,32
"38",12259,1,6495,1,20,22,27
"39",7578,1,8152,1,23,26,32
"40",8882,1,5347,1,23,25,33
"41",3212,1,11817,1,20,22,30
"42",2960,1,10705,1,27,28,34
"43",8350,1,5157,1,27,28,33
"44",1188,1,7578,1,27,29,33
"45",14431,1,12259,1,24,27,32
"46",353,1,5258,1,26,27,33
"47",427,1,3212,1,23,25,31
"48",5973,1,12840,1,28,30,36
"49",6386,1,5157,1,26,27,33
"50",12840,1,12259,1,23,24,31
"51",13686,1,3212,1,23,25,31
"52",3791,1,5258,1,26,27,34
"53",8870,1,2960,1,29,30,35
"54",10993,1,3212,1,23,27,32
"55",10869,1,12840,1,28,30,36
"56",5331,1,1188,1,30,31,37
"57",6250,1,7578,1,27,30,35
"58",6594,1,12840,1,25,28,35
"59",7660,1,1188,1,31,33,38
"60",10464,1,353,1,29,31,35
"61",12571,1,1188,1,31,33,38
"62",13048,1,1188,1,30,32,37
"63",7452,1,5596,1,32,34,38
"64",9023,1,5258,1,27,30,37
"65",10728,1,1188,1,31,33,39
"66",12327,1,1188,1,32,33,39
"67",14230,1,3791,1,28,31,37
"68",14298,1,10705,1,27,30,35
"69",6419,1,6250,1,31,34,39
"70",9548,1,13048,1,34,35,41
"71",10260,1,7578,1,28,31,37
"72",11858,1,10993,1,29,32,38
"73",5434,1,10869,1,32,34,41
"74",5596,1,14298,1,31,32,40
"75",5771,1,1188,1,30,32,38
"76",13639,1,14230,1,33,34,39
"77",1491,1,13639,1,35,37,44
"78",4897,1,7452,1,36,38,45
"79",7528,1,9548,1,36,38,42
"80",889,1,13048,1,34,36,42
"81",3655,1,184,1,37,39,46
"82",4282,1,6419,1,36,38,42
"83",5218,1,7528,1,39,40,46
"84",14362,1,9548,1,35,36,45
"85",184,1,7452,1,35,36,42
"86",3767,1,6419,1,36,39,45
"87",5172,1,9548,1,35,36,42
"88",7053,1,9548,1,36,39,44
"89",8322,1,5771,1,33,37,42
"90",12190,1,7053,1,39,40,43
"91",2098,1,14362,1,38,40,46
"92",2335,1,7053,1,41,42,47
"93",2604,1,184,1,37,38,45
"94",5640,1,7053,1,40,42,48
"95",5792,1,9548,1,36,37,43
"96",9158,1,9548,1,38,41,47
"97",14160,1,9548,1,37,39,45
"98",2535,1,8322,1,39,41,45
"99",5350,1,12571,1,35,37,44
"100",8961,1,8322,1,38,39,44
"101",9312,1,9548,1,38,39,44
"102",9650,1,2604,1,38,39,45
"103",11904,1,7528,1,39,41,46
"104",387,1,8322,1,39,42,47
"105",5957,1,7528,1,40,42,46
"106",6779,1,7528,1,38,41,47
"107",7005,1,10728,1,37,42,48
"108",7102,1,5640,1,43,44,52
"109",11542,1,8322,1,37,41,45
"110",12182,1,14014,1,42,44,48
"111",12745,1,8322,1,37,41,47
"112",21,1,14362,1,37,39,46
"113",2110,1,1491,1,40,41,47
"114",3295,1,5218,1,41,45,49
"115",6766,1,5218,1,41,44,48
"116",7183,1,8607,1,43,45,49
"117",7240,1,11408,1,41,42,47
"118",7900,1,3655,1,40,41,47
"119",8607,1,12190,1,40,42,46
"120",8878,1,6779,1,42,44,49
"121",11408,1,5172,1,39,40,46
"122",12106,1,11904,1,43,44,49
"123",14014,1,9650,1,40,42,48
"124",512,1,6766,1,45,46,51
"125",618,1,14160,1,41,43,47
"126",2264,1,12190,1,41,44,48
"127",6629,1,2110,1,42,45,53
"128",8117,1,5218,1,41,42,48
"129",8166,1,5640,1,43,45,50
"130",9139,1,11118,1,44,46,50
"131",9236,1,3898,1,45,46,52
"132",10230,1,14014,1,43,45,49
"133",11118,1,12190,1,41,42,49
"134",11244,1,2335,1,43,46,52
"135",13300,1,8322,1,41,44,48
"136",14358,1,7005,1,42,44,48
"137",34,1,618,1,43,45,51
"138",350,1,10902,1,45,46,52
"139",2327,1,618,1,45,47,52
"140",4293,1,2335,1,45,46,51
"141",5156,1,8212,1,45,47,52
"142",9572,1,12745,1,43,44,49
"143",10405,1,7528,1,41,44,50
"144",12889,1,7102,1,46,47,55
"145",13292,1,8117,1,42,45,50
"146",65,1,2110,1,44,46,51
"147",1795,1,9572,1,45,46,52
"148",2928,1,618,1,44,48,53
"149",3898,1,8212,1,44,45,50
"150",4624,1,6766,1,44,46,50
"151",6088,1,10405,1,45,46,51
"152",6462,1,618,1,45,47,52
"153",8212,1,5792,1,42,43,51
"154",9333,1,12182,1,45,47,52
"155",9930,1,8212,1,44,45,50
"156",10753,1,7102,1,46,47,53
"157",10902,1,6779,1,43,45,50
"158",11406,1,2335,1,43,45,50
"159",14254,1,5218,1,41,45,51
"160",80,1,9158,1,44,46,51
"161",660,1,6766,1,45,48,53
"162",1650,1,8607,1,42,46,51
"163",5803,1,6766,1,47,49,55
"164",7601,1,34,1,45,47,52
"165",7606,1,7240,1,43,46,51
"166",9419,1,618,1,44,45,51
"167",9539,1,6766,1,45,47,52
"168",13095,1,1795,1,47,49,54
"169",13234,1,9139,1,47,49,54
"170",2408,1,12214,1,47,50,54
"171",12214,1,2110,1,43,46,51
"172",12823,1,65,1,47,48,51
"173",12851,1,14014,1,44,47,51
"174",820,1,80,1,48,51,54
"175",2450,1,4157,1,49,50,55
"176",2910,1,12745,1,43,46,53
"177",2973,1,9539,1,48,49,55
"178",3405,1,12106,1,45,47,54
"179",4157,1,387,1,45,48,53
"180",5759,1,13234,1,50,51,56
"181",5894,1,14358,1,45,48,52
"182",6640,1,6923,1,50,51,56
"183",6923,1,8212,1,45,49,54
"184",10572,1,8878,1,46,47,52
"185",11551,1,10753,1,49,51,57
"186",12727,1,14358,1,47,49,55
"187",1001,1,618,1,46,50,53
"188",5808,1,12889,1,49,50,54
"189",6461,1,9139,1,47,48,55
"190",8723,1,6088,1,48,50,55
"191",10244,1,3898,1,47,48,53
"192",11241,1,350,1,49,51,56
"193",11604,1,10244,1,49,52,57
"194",11962,1,7283,1,49,50,56
"195",14035,1,5156,1,49,51,59
"196",762,1,2910,1,47,49,54
"197",1939,1,4268,1,50,52,58
"198",4181,1,3898,1,45,49,56
"199",4268,1,5894,1,48,50,54
"200",4423,1,11244,1,48,50,57
"201",4628,1,7606,1,48,51,55
"202",5946,1,5803,1,50,52,59
"203",7283,1,6088,1,46,48,55
"204",10165,1,5894,1,49,51,56
"205",10701,1,4268,1,51,53,57
"206",12332,1,10572,1,49,52,58
"207",415,1,11962,1,51,53,59
"208",1698,1,13095,1,50,52,57
"209",2661,1,5759,1,52,53,59
"210",3279,1,2973,1,50,51,56
"211",3483,1,10244,1,49,51,58
"212",3589,1,4181,1,51,52,56
"213",6685,1,13095,1,51,53,58
"214",7047,1,12889,1,48,50,56
"215",8481,1,4181,1,51,52,59
"216",12254,1,7183,1,46,50,55
"217",14069,1,6462,1,49,51,55
"218",164,1,9419,1,50,51,56
"219",661,1,12823,1,48,50,58
"220",1248,1,661,1,51,53,60
"221",1688,1,3357,1,52,54,58
"222",2792,1,13234,1,50,52,58
"223",3947,1,762,1,50,52,56
"224",4222,1,5394,1,54,55,59
"225",4767,1,2408,1,52,54,59
"226",5458,1,14069,1,52,53,56
"227",7191,1,5156,1,48,51,58
"228",8346,1,5808,1,51,55,62
"229",9403,1,3183,1,53,55,60
"230",10081,1,1698,1,54,55,59
"231",10517,1,4293,1,48,51,57
"232",663,1,3279,1,52,53,60
"233",999,1,2661,1,54,55,63
"234",3183,1,2973,1,49,51,58
"235",4273,1,11406,1,47,50,57
"236",4825,1,11962,1,52,53,59
"237",5491,1,3279,1,53,55,60
"238",5556,1,12727,1,50,52,58
"239",6286,1,5556,1,53,55,62
"240",6498,1,11551,1,52,56,61
"241",7216,1,6462,1,50,53,59
"242",8554,1,8723,1,52,54,58
"243",9091,1,3483,1,52,55,61
"244",9346,1,10572,1,49,54,61
"245",11266,1,11962,1,51,53,60
"246",11887,1,2450,1,52,55,59
"247",14021,1,1939,1,53,54,59
"248",67,1,1144,1,55,57,62
"249",118,1,6685,1,54,55,62
"250",688,1,3279,1,54,57,62
"251",1042,1,820,1,52,54,60
"252",3453,1,820,1,52,54,59
"253",3956,1,8481,1,53,55,62
"254",5394,1,10244,1,50,52,59
"255",6044,1,13095,1,52,54,58
"256",7733,1,164,1,53,54,59
"257",8400,1,7283,1,50,53,58
"258",8467,1,4767,1,54,55,59
"259",10716,1,5803,1,50,53,59
"260",12830,1,6685,1,54,56,61
"261",13832,1,12254,1,52,54,59
"262",712,1,1248,1,55,57,63
"263",2278,1,3357,1,53,54,60
"264",3032,1,5759,1,53,56,62
"265",3357,1,6461,1,50,52,59
"266",3496,1,8400,1,54,56,60
"267",4836,1,2792,1,54,57,65
"268",5579,1,12332,1,53,55,59
"269",9392,1,3483,1,54,56,65
"270",10484,1,8481,1,53,56,62
"271",12080,1,14021,1,55,58,66
"272",14433,1,11551,1,53,56,60
"273",476,1,5458,1,54,56,60
"274",1080,1,3594,1,56,58,64
"275",1794,1,8400,1,54,55,62
"276",3417,1,1716,1,58,59,65
"277",8452,1,3956,1,57,59,62
"278",13254,1,9403,1,56,58,63
"279",14241,1,3594,1,57,58,62
"280",814,1,8540,1,58,60,67
"281",1017,1,6685,1,54,58,62
"282",1144,1,4423,1,52,54,61
"283",1470,1,1244,1,57,58,63
"284",1562,1,5491,1,57,59,65
"285",2100,1,12830,1,57,58,63
"286",2481,1,999,1,56,57,62
"287",3594,1,9346,1,54,56,63
"288",8312,1,9091,1,56,57,63
"289",8540,1,10081,1,56,58,63
"290",8839,1,10716,1,54,56,63
"291",9916,1,415,1,54,57,62
"292",10150,1,4836,1,58,59,65
"293",11013,1,1794,1,57,58,62
"294",11908,1,9346,1,56,58,64
"295",11941,1,13832,1,56,57,61
"296",12536,1,11241,1,52,55,62
"297",13198,1,2481,1,58,60,65
"298",13593,1,9392,1,57,58,63
"299",856,1,1144,1,56,59,65
"300",1244,1,11266,1,54,56,62
"301",1276,1,8452,1,60,61,66
"302",1487,1,3032,1,57,60,65
"303",2978,1,3453,1,56,57,64
"304",3344,1,9091,1,56,57,62
"305",4532,1,3032,1,59,61,67
"306",6149,1,1794,1,57,58,65
"307",6825,1,3956,1,56,57,63
"308",7080,1,10716,1,54,56,63
"309",7467,1,8346,1,57,61,67
"310",8035,1,3947,1,54,57,62
"311",8162,1,1244,1,57,59,65
"312",8591,1,118,1,58,59,65
"313",8938,1,856,1,60,61,67
"314",9462,1,1248,1,55,60,64
"315",9646,1,12080,1,59,60,68
"316",11060,1,67,1,59,60,65
"317",12835,1,8467,1,56,57,64
"318",12905,1,11551,1,56,57,64
"319",13839,1,3032,1,57,60,65
"320",888,1,6113,1,61,62,68
"321",1125,1,8227,1,61,62,66
"322",1716,1,3956,1,56,57,63
"323",2847,1,5465,1,59,61,69
"324",3569,1,11908,1,59,61,67
"325",4308,1,10150,1,61,62,66
"326",5465,1,5491,1,56,58,63
"327",5834,1,1562,1,61,62,69
"328",7210,1,1794,1,59,61,66
"329",7326,1,4222,1,57,58,63
"330",7552,1,3594,1,61,62,68
"331",7985,1,10716,1,56,58,64
"332",8369,1,6044,1,55,58,64
"333",8404,1,7080,1,58,59,64
"334",9494,1,13007,1,61,62,68
"335",9773,1,2978,1,58,61,66
"336",10268,1,8346,1,56,58,65
"337",10342,1,7080,1,59,60,64
"338",11631,1,3032,1,57,59,64
"339",13007,1,3496,1,57,60,64
"340",13202,1,5465,1,61,62,66
"341",14102,1,11941,1,57,58,63
"342",14175,1,8035,1,58,60,67
"343",223,1,3496,1,59,61,69
"344",403,1,8591,1,61,63,68
"345",438,1,6286,1,57,59,65
"346",912,1,7985,1,59,60,65
"347",4058,1,4836,1,59,61,66
"348",6113,1,6044,1,55,59,66
"349",6336,1,3956,1,56,58,64
"350",6962,1,10484,1,58,60,64
"351",7322,1,3594,1,58,60,65
"352",8227,1,2661,1,56,60,65
"353",10243,1,13263,1,61,62,67
"354",10414,1,9403,1,57,60,65
"355",11558,1,11908,1,59,60,64
"356",12300,1,8369,1,59,60,65
"357",13263,1,1716,1,58,59,65
"358",13563,1,6825,1,60,62,70
"359",2781,1,1470,1,59,61,66
"360",3154,1,14495,1,63,64,70
"361",3968,1,7216,1,56,59,65
"362",4334,1,9773,1,62,63,70
"363",4631,1,589,1,61,64,69
"364",4800,1,11047,1,62,63,69
"365",4870,1,8162,1,60,63,68
"366",6587,1,5579,1,57,60,66
"367",6662,1,9916,1,58,60,65
"368",6837,1,9091,1,58,61,67
"369",7343,1,8938,1,62,64,70
"370",8275,1,12080,1,59,63,69
"371",8324,1,2781,1,62,63,68
"372",8387,1,6149,1,60,61,66
"373",8550,1,8452,1,59,60,66
"374",9439,1,8162,1,60,62,68
"375",10083,1,13198,1,60,62,67
"376",10307,1,8452,1,59,61,67
"377",10522,1,999,1,57,60,66
"378",11047,1,6113,1,60,62,66
"379",14563,1,2100,1,61,62,66
"380",14587,1,9916,1,58,60,66
"381",589,1,11604,1,56,59,66
"382",1305,1,14587,1,62,63,69
"383",1865,1,13007,1,61,62,67
"384",2170,1,3344,1,60,63,69
"385",2298,1,4870,1,64,65,70
"386",3077,1,3417,1,61,63,67
"387",3422,1,7552,1,63,65,70
"388",3703,1,912,1,60,62,69
"389",4027,1,10250,1,63,64,71
"390",4209,1,3417,1,61,64,70
"391",4375,1,1345,1,64,65,71
"392",5114,1,11908,1,59,61,66
"393",5523,1,8452,1,61,63,67
"394",6476,1,8162,1,60,62,68
"395",7675,1,476,1,59,61,66
"396",11933,1,9439,1,62,64,69
"397",12395,1,14241,1,59,61,68
"398",12748,1,3344,1,58,60,67
"399",13138,1,6476,1,63,64,69
"400",13270,1,223,1,63,64,70
"401",13950,1,9773,1,63,65,70
"402",14438,1,999,1,58,61,66
"403",611,1,8387,1,63,64,68
"404",790,1,12300,1,63,66,71
"405",1191,1,6113,1,61,63,67
"406",1345,1,10250,1,62,63,67
"407",1653,1,7552,1,63,64,68
"408",2909,1,1125,1,63,65,70
"409",4136,1,2706,1,63,65,72
"410",4943,1,10307,1,62,63,68
"411",6158,1,4532,1,61,63,69
"412",6395,1,1244,1,57,59,67
"413",7537,1,7985,1,59,61,67
"414",8510,1,7985,1,59,63,67
"415",8628,1,13839,1,61,66,70
"416",8921,1,3077,1,64,65,71
"417",9787,1,6962,1,61,63,69
"418",10144,1,6837,1,62,64,71
"419",10415,1,10307,1,62,64,68
"420",10459,1,7322,1,62,64,70
"421",10989,1,4943,1,64,66,72
"422",12037,1,6962,1,61,63,70
"423",12549,1,6962,1,61,62,69
"424",12780,1,2868,1,65,66,72
"425",13355,1,3968,1,62,64,69
"426",2706,1,1080,1,59,61,68
"427",2751,1,6113,1,62,65,72
"428",2868,1,12395,1,62,64,69
"429",3160,1,856,1,60,62,68
"430",5109,1,1244,1,60,61,68
"431",5945,1,11631,1,61,63,70
"432",6513,1,13202,1,63,65,70
"433",8096,1,7343,1,64,65,74
"434",8234,1,3569,1,62,65,72
"435",8595,1,8035,1,60,61,68
"436",8991,1,6837,1,62,63,69
"437",9558,1,6113,1,62,64,70
"438",10082,1,7675,1,62,64,69
"439",10250,1,8369,1,60,62,69
"440",10359,1,3160,1,63,65,70
"441",10612,1,4058,1,63,65,70
"442",10769,1,8540,1,61,64,69
"443",11132,1,10359,1,66,67,74
"444",12289,1,6476,1,64,65,72
"445",13586,1,4209,1,65,66,71
"446",14495,1,12830,1,58,62,69
"447",2022,1,13586,1,67,68,72
"448",2165,1,223,1,62,63,69
"449",2631,1,4308,1,65,68,73
"450",3166,1,7675,1,63,65,72
"451",4041,1,9462,1,62,65,69
"452",4248,1,8324,1,64,66,71
"453",4700,1,1125,1,63,65,71
"454",4890,1,2706,1,62,68,74
"455",5653,1,4631,1,65,67,72
"456",6031,1,3417,1,60,63,69
"457",6188,1,8275,1,64,65,69
"458",7284,1,9819,1,65,67,73
"459",7679,1,2909,1,66,68,72
"460",7803,1,8580,1,66,68,73
"461",8003,1,10415,1,65,66,71
"462",8580,1,7552,1,62,64,70
"463",9819,1,6662,1,61,63,70
"464",10467,1,9819,1,65,67,71
"465",11589,1,5109,1,63,65,69
"466",11650,1,9672,1,67,68,74
"467",12460,1,14563,1,65,66,71
"468",13371,1,10150,1,63,65,70
"469",13714,1,1470,1,60,63,70
"470",14033,1,4058,1,64,66,71
"471",199,1,2165,1,64,65,71
"472",807,1,3422,1,66,69,74
"473",1212,1,10838,1,68,69,73
"474",1603,1,1345,1,65,66,73
"475",2657,1,6113,1,61,63,70
"476",3219,1,4870,1,65,68,72
"477",3835,1,14241,1,60,65,70
"478",5281,1,10989,1,68,69,74
"479",5721,1,1359,1,67,68,73
"480",6130,1,4027,1,65,67,72
"481",6195,1,1359,1,68,69,76
"482",8562,1,13950,1,67,69,75
"483",8644,1,8580,1,65,66,71
"484",8813,1,1276,1,62,66,75
"485",8871,1,7537,1,63,66,70
"486",8962,1,7467,1,62,66,73
"487",9025,1,5945,1,65,66,70
"488",9149,1,8580,1,67,69,73
"489",9644,1,8234,1,66,68,71
"490",9658,1,12395,1,62,66,72
"491",10474,1,8540,1,60,63,70
"492",10799,1,2868,1,66,67,73
"493",10865,1,6188,1,65,66,71
"494",11078,1,6031,1,65,67,71
"495",11330,1,8595,1,65,67,71
"496",11578,1,10769,1,65,66,71
"497",12898,1,6031,1,65,67,73
"498",12959,1,2781,1,63,66,71
"499",14315,1,8921,1,66,68,73
"500",14462,1,10415,1,64,66,74
"501",150,1,9672,1,68,69,77
"502",1012,1,12037,1,66,68,72
"503",1324,1,3160,1,65,68,73
"504",2024,1,13950,1,66,67,71
"505",2037,1,6513,1,65,68,75
"506",2180,1,9864,1,68,70,74
"507",2193,1,199,1,66,68,73
"508",3209,1,2909,1,65,67,72
"509",4089,1,8644,1,66,68,72
"510",4387,1,12530,1,68,70,75
"511",4508,1,14495,1,63,65,71
"512",5386,1,14033,1,67,68,75
"513",5915,1,2657,1,64,67,72
"514",6226,1,9864,1,67,69,75
"515",6861,1,5109,1,64,66,71
"516",7132,1,9937,1,69,70,74
"517",7412,1,790,1,67,69,75
"518",8624,1,14563,1,65,67,72
"519",9038,1,5653,1,68,69,73
"520",9437,1,9025,1,67,69,75
"521",9864,1,2868,1,65,67,72
"522",10134,1,4700,1,67,68,73
"523",10226,1,13270,1,65,67,72
"524",10838,1,3154,1,64,66,71
"525",11073,1,6395,1,62,65,71
"526",11109,1,7699,1,69,70,75
"527",12530,1,5523,1,64,66,72
"528",13632,1,4248,1,68,70,75
"529",14377,1,9558,1,65,67,73
"530",43,1,7552,1,64,68,73
"531",1359,1,7210,1,64,66,72
"532",1391,1,8003,1,68,69,74
"533",1568,1,10134,1,69,71,75
"534",2449,1,7679,1,69,70,76
"535",2810,1,11589,1,67,69,75
"536",3816,1,9558,1,66,68,72
"537",6197,1,5915,1,68,69,73
"538",6468,1,4041,1,66,68,73
"539",6605,1,10467,1,68,70,77
"540",8033,1,9558,1,65,68,73
"541",8134,1,5653,1,69,70,75
"542",8758,1,14175,1,65,67,72
"543",9514,1,11132,1,68,71,77
"544",9687,1,1191,1,66,67,74
"545",11322,1,11078,1,69,70,75
"546",11758,1,8332,1,69,71,77
"547",12986,1,6195,1,70,71,77
"548",13256,1,10082,1,66,68,73
"549",13803,1,4308,1,64,69,74
"550",13889,1,199,1,66,67,74
"551",14527,1,8003,1,67,68,72
"552",181,1,10467,1,68,71,77
"553",581,1,12454,1,70,72,78
"554",874,1,4870,1,64,68,74
"555",1964,1,6861,1,68,69,73
"556",2320,1,1391,1,70,71,79
"557",2541,1,9864,1,69,72,76
"558",2700,1,12454,1,70,72,78
"559",2753,1,10459,1,66,70,77
"560",3495,1,3816,1,70,71,76
"561",3764,1,11073,1,66,69,73
"562",4636,1,10134,1,69,70,76
"563",4758,1,13355,1,66,68,74
"564",5441,1,43,1,69,72,77
"565",5566,1,13803,1,70,72,77
"566",5968,1,2909,1,66,68,73
"567",6224,1,2920,1,68,71,76
"568",6537,1,1324,1,69,72,76
"569",6842,1,8624,1,69,70,75
"570",7699,1,790,1,67,68,73
"571",8332,1,4800,1,64,68,74
"572",8525,1,1012,1,69,71,78
"573",9008,1,11078,1,69,70,74
"574",9672,1,4308,1,63,67,73
"575",9937,1,2298,1,67,68,73
"576",10256,1,4041,1,67,70,74
"577",11474,1,11330,1,70,72,77
"578",11952,1,8758,1,68,69,75
"579",12098,1,9644,1,69,71,78
"580",12454,1,1359,1,67,69,74
"581",14484,1,8813,1,67,70,76
"582",1396,1,9038,1,70,71,75
"583",1538,1,13632,1,71,72,79
"584",1749,1,1568,1,71,72,78
"585",1812,1,3764,1,69,71,76
"586",2196,1,11758,1,71,73,77
"587",2460,1,3764,1,70,72,77
"588",2516,1,9514,1,72,73,77
"589",2703,1,10769,1,67,69,75
"590",3487,1,1964,1,70,73,78
"591",3581,1,4636,1,71,72,78
"592",3872,1,199,1,67,70,74
"593",4071,1,12083,1,71,72,76
"594",5030,1,3209,1,70,72,80
"595",6565,1,7924,1,69,72,77
"596",6578,1,2180,1,71,72,78
"597",6887,1,5915,1,69,73,80
"598",7091,1,12898,1,71,72,77
"599",7924,1,12959,1,67,68,75
"600",9006,1,3872,1,70,72,77
"601",10836,1,5968,1,70,73,79
"602",11411,1,11322,1,71,72,77
"603",12137,1,10226,1,68,72,78
"604",12841,1,13371,1,66,69,74
"605",13244,1,13889,1,69,72,78
"606",314,1,10467,1,68,70,75
"607",541,1,3484,1,72,74,80
"608",573,1,4136,1,66,70,78
"609",891,1,9857,1,72,73,77
"610",1136,1,13568,1,70,71,76
"611",1658,1,6565,1,72,74,78
"612",1804,1,1136,1,72,74,78
"613",2920,1,13950,1,66,68,77
"614",2926,1,10256,1,71,74,79
"615",3673,1,3581,1,73,74,79
"616",4275,1,5915,1,68,69,75
"617",4669,1,13632,1,73,74,81
"618",4718,1,1324,1,71,72,77
"619",5432,1,11109,1,71,73,78
"620",6487,1,5721,1,69,71,77
"621",6815,1,10359,1,67,69,77
"622",8083,1,1359,1,68,71,76
"623",8355,1,8134,1,71,74,79
"624",10766,1,13586,1,68,69,75
"625",11085,1,9008,1,71,72,75
"626",11735,1,6195,1,71,73,79
"627",11756,1,8962,1,69,71,75
"628",11903,1,3209,1,69,71,77
"629",12566,1,7343,1,69,73,79
"630",12894,1,9008,1,71,74,79
"631",13087,1,4508,1,67,70,75
"632",13447,1,2920,1,69,70,76
"633",13568,1,3422,1,66,69,75
"634",13831,1,2753,1,71,72,77
"635",14285,1,9672,1,69,70,77
"636",14507,1,573,1,72,74,80
"637",14570,1,11578,1,67,70,76
"638",286,1,7132,1,71,72,76
"639",1456,1,11952,1,70,72,76
"640",1479,1,11952,1,70,72,76
"641",1847,1,10799,1,68,72,77
"642",2898,1,9644,1,70,73,77
"643",3170,1,2180,1,71,73,79
"644",3484,1,8871,1,68,71,76
"645",3609,1,2024,1,70,73,79
"646",3657,1,9025,1,68,72,77
"647",3865,1,3034,1,74,75,81
"648",5660,1,1538,1,74,75,81
"649",6050,1,2320,1,73,75,79
"650",6400,1,11903,1,73,75,79
"651",7280,1,10467,1,68,70,76
"652",7290,1,3113,1,74,75,80
"653",7746,1,807,1,72,73,79
"654",7908,1,14570,1,72,73,81
"655",8078,1,6224,1,73,74,78
"656",8413,1,2909,1,67,72,78
"657",9080,1,5386,1,71,72,76
"658",9311,1,13371,1,67,70,76
"659",9857,1,6130,1,69,71,76
"660",11573,1,13831,1,73,75,80
"661",12083,1,5653,1,68,70,76
"662",12108,1,11411,1,73,75,81
"663",12271,1,2810,1,72,73,81
"664",12281,1,13447,1,71,73,79
"665",12742,1,9514,1,72,73,79
"666",13142,1,13568,1,70,72,78
"667",14011,1,8033,1,72,74,77
"668",274,1,10134,1,69,72,77
"669",327,1,11903,1,74,75,81
"670",347,1,14484,1,72,74,81
"671",497,1,3219,1,70,72,77
"672",862,1,181,1,72,75,80
"673",3350,1,8525,1,72,74,79
"674",3901,1,10838,1,69,71,79
"675",4022,1,11474,1,73,74,80
"676",4642,1,11735,1,75,76,82
"677",5289,1,14507,1,75,76,82
"678",5621,1,10000,1,75,76,80
"679",5919,1,1568,1,73,74,80
"680",6114,1,12281,1,74,76,82
"681",6179,1,13087,1,72,74,80
"682",7112,1,497,1,74,76,81
"683",8114,1,9008,1,72,73,78
"684",8169,1,5919,1,74,76,82
"685",8767,1,14402,1,74,76,81
"686",8941,1,7924,1,70,72,77
"687",9486,1,2703,1,70,73,77
"688",11239,1,4636,1,72,74,80
"689",11270,1,2024,1,69,74,79
"690",11718,1,891,1,74,76,82
"691",13140,1,8083,1,73,75,80
"692",14402,1,11411,1,73,74,80
"693",125,1,14402,1,75,77,82
"694",130,1,6119,1,75,76,81
"695",330,1,8114,1,74,76,82
"696",725,1,6197,1,71,74,79
"697",942,1,3350,1,75,76,81
"698",1132,1,12455,1,73,76,80
"699",1474,1,6815,1,70,72,78
"700",1599,1,8525,1,72,75,80
"701",2273,1,5030,1,75,77,82
"702",2330,1,8332,1,69,71,79
"703",2578,1,9486,1,74,76,83
"704",2676,1,10256,1,72,74,78
"705",3961,1,11109,1,72,74,80
"706",4224,1,3673,1,75,77,82
"707",4790,1,9486,1,74,76,80
"708",5648,1,11085,1,73,75,81
"709",5752,1,724,1,76,77,82
"710",6467,1,3034,1,74,75,80
"711",6800,1,3709,1,74,76,83
"712",7676,1,10256,1,71,72,79
"713",7754,1,6605,1,71,72,79
"714",8146,1,2320,1,72,74,80
"715",9359,1,6565,1,73,74,79
"716",9366,1,2898,1,74,75,81
"717",10000,1,14570,1,72,73,81
"718",10043,1,1513,1,75,77,83
"719",10534,1,9486,1,75,76,81
"720",10761,1,5648,1,76,77,84
"721",10929,1,1599,1,75,77,84
"722",11115,1,4275,1,73,74,79
"723",11586,1,274,1,72,74,81
"724",12109,1,6224,1,73,77,85
"725",12390,1,3034,1,74,77,84
"726",12455,1,1964,1,71,72,78
"727",12482,1,9687,1,70,73,79
"728",88,1,5030,1,74,76,80
"729",187,1,8134,1,73,76,79
"730",714,1,3487,1,74,75,80
"731",724,1,13831,1,72,74,79
"732",1066,1,10015,1,76,77,82
"733",1423,1,497,1,73,75,80
"734",1513,1,13803,1,72,75,81
"735",2994,1,347,1,75,77,82
"736",3034,1,6195,1,71,73,79
"737",3113,1,4387,1,70,72,79
"738",3402,1,3350,1,75,77,81
"739",3411,1,12098,1,74,76,83
"740",3527,1,14570,1,71,72,79
"741",4944,1,8078,1,76,78,83
"742",5123,1,5566,1,74,76,80
"743",5160,1,2676,1,75,77,81
"744",6757,1,9006,1,73,74,79
"745",6862,1,8413,1,74,76,80
"746",7116,1,12281,1,74,76,82
"747",7471,1,14484,1,71,74,79
"748",8281,1,2180,1,73,75,80
"749",8754,1,1513,1,76,78,82
"750",8900,1,12281,1,74,76,81
"751",9222,1,2516,1,74,76,81
"752",9538,1,6537,1,75,76,80
"753",9559,1,2320,1,73,76,81
"754",9841,1,12986,1,74,76,82
"755",10015,1,4718,1,73,75,79
"756",10190,1,9366,1,76,78,83
"757",10468,1,12482,1,75,78,84
"758",10778,1,12455,1,74,75,79
"759",11380,1,13376,1,75,77,83
"760",12432,1,12482,1,75,77,80
"761",12544,1,2676,1,75,76,81
"762",13905,1,1479,1,73,75,80
"763",14592,1,10015,1,77,78,83
"764",388,1,10015,1,76,78,84
"765",603,1,6050,1,76,78,83
"766",906,1,5660,1,76,79,83
"767",1034,1,10256,1,72,74,80
"768",1190,1,3695,1,77,79,83
"769",2191,1,2196,1,75,78,83
"770",2270,1,2898,1,75,78,84
"771",2818,1,7280,1,72,75,80
"772",2933,1,5660,1,77,79,83
"773",3189,1,9538,1,76,78,83
"774",3695,1,11270,1,75,76,81
"775",3709,1,6195,1,70,73,80
"776",4470,1,1599,1,76,79,86
"777",4502,1,12271,1,74,76,82
"778",4826,1,7112,1,77,79,85
"779",5153,1,541,1,77,78,83
"780",5470,1,12742,1,76,77,81
"781",6613,1,2926,1,75,76,81
"782",6780,1,9080,1,73,74,81
"783",8990,1,10648,1,78,79,85
"784",9345,1,7679,1,69,75,80
"785",10158,1,6578,1,73,75,81
"786",10648,1,9486,1,75,76,83
"787",10983,1,6467,1,75,78,84
"788",11261,1,1396,1,72,76,82
"789",12355,1,2196,1,75,76,80
"790",12962,1,2037,1,74,76,80
"791",13448,1,7908,1,74,76,80
"792",14195,1,14507,1,75,76,81
"793",520,1,12894,1,75,77,83
"794",1413,1,6862,1,78,80,85
"795",1488,1,541,1,76,78,82
"796",1791,1,1538,1,75,79,83
"797",3723,1,5030,1,75,77,82
"798",4346,1,330,1,77,78,82
"799",4393,1,7547,1,78,79,84
"800",4542,1,10836,1,74,77,83
"801",4843,1,14402,1,76,80,86
"802",5253,1,5432,1,76,78,83
"803",5410,1,6467,1,78,80,85
"804",5728,1,5770,1,77,79,84
"805",5770,1,11586,1,74,77,82
"806",6721,1,347,1,76,79,83
"807",7547,1,7746,1,74,77,82
"808",7722,1,6400,1,76,78,83
"809",8698,1,942,1,77,80,84
"810",9092,1,8355,1,77,78,83
"811",9608,1,12544,1,77,79,85
"812",9745,1,2578,1,77,79,86
"813",9953,1,10256,1,72,74,81
"814",10125,1,725,1,75,77,82
"815",10311,1,1066,1,79,80,84
"816",10328,1,8114,1,75,76,83
"817",10368,1,10707,1,77,79,83
"818",10707,1,10000,1,75,76,81
"819",11445,1,2898,1,74,78,87
"820",12337,1,942,1,78,79,86
"821",12417,1,7290,1,76,79,84
"822",13066,1,13831,1,73,78,82
"823",13354,1,6400,1,76,78,84
"824",13376,1,9857,1,72,74,81
"825",13725,1,5470,1,78,80,86
"826",13922,1,3695,1,77,79,84
"827",667,1,5432,1,74,78,83
"828",1208,1,11573,1,77,78,84
"829",1552,1,4642,1,77,79,84
"830",1645,1,10468,1,80,81,86
"831",1767,1,6780,1,75,77,82
"832",2547,1,6862,1,77,79,85
"833",2963,1,11115,1,75,77,82
"834",3046,1,347,1,75,78,84
"835",3746,1,1477,1,78,79,87
"836",3942,1,11457,1,79,81,87
"837",4382,1,4642,1,78,81,84
"838",5477,1,11573,1,77,81,87
"839",6038,1,6050,1,77,79,85
"840",6119,1,12098,1,72,75,83
"841",6617,1,2516,1,75,77,82
"842",7314,1,3865,1,76,78,83
"843",7367,1,9006,1,74,76,83
"844",7531,1,1034,1,76,79,86
"845",8039,1,11261,1,77,78,85
"846",8521,1,2419,1,78,81,85
"847",8611,1,6128,1,79,80,84
"848",8625,1,3673,1,76,77,82
"849",8925,1,11411,1,74,76,84
"850",9328,1,8625,1,79,81,86
"851",9330,1,4790,1,78,80,84
"852",9398,1,3663,1,78,80,85
"853",9630,1,2196,1,74,77,84
"854",10080,1,10983,1,78,81,87
"855",10429,1,7116,1,77,79,83
"856",10487,1,452,1,80,81,85
"857",10530,1,6757,1,75,77,82
"858",10703,1,2818,1,78,79,86
"859",11920,1,6119,1,78,80,84
"860",12142,1,5770,1,78,80,83
"861",13110,1,5335,1,80,81,86
"862",58,1,3495,1,73,76,83
"863",213,1,9366,1,78,79,85
"864",222,1,10778,1,76,80,85
"865",334,1,3723,1,78,82,86
"866",896,1,8281,1,78,80,84
"867",1185,1,10193,1,81,82,87
"868",1332,1,10125,1,78,79,84
"869",1466,1,12108,1,77,78,84
"870",1675,1,9630,1,78,80,85
"871",2169,1,10158,1,77,78,84
"872",2419,1,12390,1,77,78,84
"873",2546,1,4364,1,81,82,87
"874",2791,1,11027,1,80,82,88
"875",3200,1,4022,1,77,79,84
"876",3524,1,13905,1,77,78,84
"877",3603,1,11027,1,81,82,88
"878",3663,1,9366,1,76,78,85
"879",3704,1,6038,1,81,82,87
"880",4194,1,3524,1,79,82,86
"881",4309,1,4346,1,79,81,86
"882",4438,1,10534,1,78,80,85
"883",4461,1,10368,1,80,81,87
"884",5104,1,3034,1,75,80,85
"885",5982,1,2547,1,79,80,84
"886",6162,1,1190,1,80,82,87
"887",7268,1,9837,1,79,80,87
"888",7275,1,7471,1,75,79,85
"889",7757,1,7367,1,78,81,86
"890",8209,1,10125,1,79,80,84
"891",8446,1,5335,1,80,82,85
"892",9184,1,6800,1,78,79,85
"893",9296,1,10534,1,78,80,86
"894",9692,1,10761,1,79,80,85
"895",9866,1,3402,1,77,79,85
"896",10223,1,13905,1,76,77,85
"897",10741,1,6114,1,80,81,87
"898",10782,1,12281,1,76,78,84
"899",10913,1,1599,1,76,77,84
"900",11027,1,4790,1,78,79,84
"901",11457,1,3709,1,75,77,83
"902",11637,1,5648,1,76,78,85
"903",12208,1,9857,1,74,79,84
"904",12964,1,6119,1,76,77,84
"905",13352,1,6780,1,77,79,84
"906",13431,1,1675,1,81,82,88
"907",13779,1,5335,1,80,81,85
"908",13843,1,10205,1,80,82,88
"909",13978,1,6578,1,74,78,83
"910",14393,1,10223,1,78,82,88
"911",253,1,6613,1,78,80,86
"912",313,1,5289,1,77,79,84
"913",910,1,11625,1,81,83,89
"914",1477,1,8900,1,76,77,85
"915",2092,1,3294,1,82,83,89
"916",2404,1,4438,1,82,83,89
"917",3294,1,9359,1,75,79,84
"918",3855,1,13725,1,82,83,86
"919",4256,1,714,1,77,80,84
"920",4783,1,7722,1,80,82,87
"921",4874,1,222,1,81,82,88
"922",5017,1,5104,1,81,82,86
"923",5335,1,4642,1,77,79,84
"924",5681,1,10929,1,82,83,88
"925",5966,1,10534,1,78,80,84
"926",6139,1,8114,1,75,79,84
"927",6938,1,541,1,77,79,84
"928",7625,1,1466,1,79,82,87
"929",8407,1,9692,1,81,83,87
"930",8600,1,9296,1,81,82,88
"931",9015,1,11625,1,81,83,89
"932",9837,1,724,1,76,78,85
"933",9979,1,1332,1,80,82,86
"934",10067,1,13352,1,80,81,86
"935",10205,1,5432,1,74,78,84
"936",11625,1,10913,1,78,80,85
"937",11741,1,603,1,80,82,88
"938",11957,1,4393,1,80,82,86
"939",12498,1,5752,1,78,80,85
"940",13464,1,5253,1,79,80,86
"941",14242,1,714,1,78,82,87
"942",14291,1,313,1,80,81,88
"943",14398,1,9184,1,80,82,87
"944",252,1,213,1,80,82,87
"945",559,1,2547,1,81,83,89
"946",1421,1,8625,1,78,81,86
"947",3016,1,6721,1,81,83,90
"948",3188,1,2092,1,83,84,88
"949",4032,1,10782,1,80,82,88
"950",4478,1,3046,1,80,81,85
"951",4479,1,1552,1,79,82,87
"952",4539,1,5621,1,78,81,86
"953",5846,1,10368,1,80,82,88
"954",5886,1,9979,1,82,83,88
"955",5905,1,8900,1,77,78,85
"956",6960,1,13465,1,81,82,89
"957",7617,1,8281,1,79,81,87
"958",7649,1,10205,1,80,81,85
"959",9454,1,3663,1,80,83,88
"960",10095,1,4346,1,79,80,86
"961",10188,1,2169,1,80,82,88
"962",11076,1,6721,1,80,81,86
"963",11220,1,7746,1,76,79,85
"964",11294,1,11957,1,83,84,90
"965",12010,1,11637,1,81,82,86
"966",12107,1,6898,1,83,84,88
"967",12186,1,9559,1,77,80,85
"968",13035,1,10913,1,78,80,86
"969",13223,1,10311,1,81,82,86
"970",13465,1,1466,1,79,80,87
"971",14017,1,5770,1,78,80,86
"972",14050,1,6721,1,82,83,90
"973",14150,1,4438,1,83,84,89
"974",14261,1,12337,1,80,82,87
"975",14263,1,7617,1,82,83,89
"976",14328,1,4470,1,81,82,87
"977",553,1,8078,1,76,79,87
"978",1171,1,187,1,77,82,88
"979",1259,1,1185,1,83,84,88
"980",1307,1,6128,1,80,84,93
"981",1401,1,5335,1,80,83,87
"982",2395,1,12964,1,78,81,86
"983",3096,1,2963,1,79,81,86
"984",3306,1,14393,1,82,84,89
"985",3322,1,2876,1,82,84,89
"986",3586,1,1645,1,82,84,90
"987",3684,1,896,1,83,84,89
"988",3986,1,3200,1,80,83,86
"989",4364,1,10929,1,78,80,86
"990",4389,1,7649,1,83,85,89
"991",4497,1,8039,1,79,81,86
"992",5273,1,14291,1,82,84,90
"993",6128,1,10223,1,77,78,86
"994",6269,1,6960,1,82,85,91
"995",6491,1,252,1,83,84,90
"996",6511,1,13464,1,82,84,89
"997",6759,1,13228,1,84,85,90
"998",7204,1,8521,1,83,85,90
"999",7352,1,1477,1,78,80,86
"1000",7526,1,8521,1,82,84,90
"1001",7767,1,10368,1,80,82,88
"1002",7822,1,4944,1,79,81,88
"1003",7975,1,1413,1,81,84,90
"1004",8252,1,6721,1,81,82,88
"1005",8359,1,5410,1,82,84,88
"1006",8389,1,1791,1,80,82,87
"1007",8428,1,2547,1,81,83,88
"1008",8460,1,11220,1,81,83,89
"1009",8615,1,9184,1,80,83,88
"1010",8942,1,9608,1,82,84,89
"1011",9037,1,553,1,80,82,88
"1012",9448,1,7822,1,82,85,89
"1013",10193,1,3865,1,77,79,86
"1014",10304,1,4497,1,81,84,88
"1015",10387,1,6617,1,78,81,87
"1016",10448,1,497,1,75,78,86
"1017",10880,1,7226,1,82,83,87
"1018",11499,1,11625,1,81,83,89
"1019",13068,1,5153,1,79,82,88
"1020",13391,1,8209,1,82,83,87
"1021",13404,1,12964,1,79,81,86
"1022",13669,1,11468,1,84,85,90
"1023",14010,1,10190,1,81,83,89
"1024",14086,1,1413,1,81,83,87
"1025",14522,1,8767,1,78,82,87
"1026",549,1,4843,1,81,83,87
"1027",563,1,5153,1,79,82,88
"1028",935,1,3704,1,84,85,88
"1029",1149,1,8615,1,84,86,89
"1030",1213,1,6898,1,83,85,91
"1031",1400,1,906,1,80,84,90
"1032",1725,1,13905,1,78,80,87
"1033",3560,1,5253,1,80,85,90
"1034",4527,1,13404,1,82,85,91
"1035",5151,1,10387,1,82,85,90
"1036",5237,1,9454,1,84,85,89
"1037",5297,1,14592,1,80,83,88
"1038",6566,1,9692,1,81,84,89
"1039",6739,1,11573,1,78,84,90
"1040",6890,1,4478,1,83,85,91
"1041",7226,1,10530,1,79,81,87
"1042",7742,1,9328,1,84,85,89
"1043",8057,1,3942,1,82,84,90
"1044",8082,1,5982,1,82,83,87
"1045",8492,1,6511,1,85,86,92
"1046",8784,1,2933,1,81,82,89
"1047",8964,1,4790,1,77,82,87
"1048",9214,1,11486,1,82,84,89
"1049",9823,1,2515,1,83,86,92
"1050",9924,1,9015,1,84,86,92
"1051",11293,1,4256,1,82,84,88
"1052",11306,1,12539,1,84,86,91
"1053",11381,1,4194,1,83,86,91
"1054",11486,1,12208,1,80,82,88
"1055",12348,1,4224,1,80,83,90
"1056",12844,1,11076,1,82,84,90
"1057",12845,1,5966,1,81,84,90
"1058",13288,1,253,1,81,83,87
"1059",13470,1,13779,1,82,83,88
"1060",13927,1,2395,1,82,84,90
"1061",14221,1,9745,1,82,84,91
"1062",298,1,3704,1,85,86,92
"1063",452,1,1767,1,78,80,88
"1064",731,1,4843,1,81,83,88
"1065",859,1,5846,1,83,84,90
"1066",1176,1,9225,1,85,87,93
"1067",1901,1,8428,1,85,86,90
"1068",1925,1,13465,1,81,85,91
"1069",2186,1,5335,1,82,84,91
"1070",2309,1,14050,1,85,86,90
"1071",3060,1,1401,1,84,87,92
"1072",4238,1,14220,1,84,86,91
"1073",4945,1,6269,1,86,87,92
"1074",5188,1,731,1,84,86,90
"1075",5715,1,14263,1,84,85,90
"1076",6277,1,12844,1,85,87,91
"1077",6656,1,2404,1,84,86,91
"1078",6665,1,6491,1,85,87,93
"1079",6898,1,12186,1,81,82,88
"1080",7320,1,2546,1,83,84,89
"1081",7611,1,6269,1,86,87,93
"1082",8145,1,7352,1,82,85,90
"1083",8864,1,14545,1,85,86,92
"1084",8869,1,3096,1,82,85,90
"1085",9225,1,1725,1,81,83,88
"1086",9334,1,14592,1,81,83,89
"1087",9512,1,9608,1,81,84,90
"1088",11179,1,7822,1,84,86,90
"1089",11468,1,7314,1,79,82,88
"1090",12421,1,11220,1,81,85,89
"1091",13215,1,3252,1,86,87,91
"1092",13428,1,10655,1,86,87,94
"1093",14197,1,10387,1,84,85,91
"1094",14284,1,1767,1,78,81,88
"1095",14294,1,11076,1,82,84,90
"1096",14545,1,9692,1,82,84,90
"1097",770,1,12010,1,84,87,91
"1098",1071,1,14261,1,83,85,89
"1099",2040,1,11027,1,82,83,90
"1100",2464,1,14294,1,85,86,89
"1101",3252,1,7268,1,82,84,90
"1102",3420,1,14545,1,84,86,90
"1103",3642,1,13404,1,82,84,92
"1104",4328,1,859,1,85,86,92
"1105",4913,1,14197,1,86,88,93
"1106",5366,1,5982,1,81,84,90
"1107",5631,1,3318,1,85,87,91
"1108",5976,1,4126,1,86,87,93
"1109",6407,1,10368,1,82,84,92
"1110",8154,1,10454,1,86,88,93
"1111",8208,1,11468,1,82,85,93
"1112",8443,1,3603,1,82,85,90
"1113",8646,1,13725,1,82,85,89
"1114",8653,1,12337,1,84,87,92
"1115",9248,1,2092,1,84,86,91
"1116",9856,1,859,1,86,88,91
"1117",10077,1,7975,1,85,87,92
"1118",10454,1,5846,1,84,85,91
"1119",10635,1,5017,1,83,86,94
"1120",10655,1,452,1,82,85,89
"1121",10762,1,6162,1,84,86,91
"1122",11327,1,2040,1,84,86,92
"1123",11958,1,12902,1,83,86,92
"1124",12016,1,11220,1,80,82,89
"1125",12199,1,4309,1,82,85,91
"1126",12247,1,4557,1,87,88,92
"1127",12334,1,14284,1,83,85,90
"1128",12539,1,6128,1,81,83,90
"1129",12867,1,13465,1,82,83,89
"1130",12902,1,2270,1,80,82,89
"1131",12992,1,5273,1,84,86,90
"1132",13056,1,910,1,84,86,90
"1133",13228,1,4539,1,82,83,89
"1134",13367,1,5966,1,81,84,89
"1135",13418,1,11957,1,83,86,94
"1136",13741,1,11957,1,83,85,89
"1137",13871,1,3188,1,85,86,90
"1138",14089,1,4126,1,86,88,92
"1139",1741,1,7208,1,85,87,94
"1140",2515,1,3723,1,78,82,90
"1141",2519,1,13352,1,82,84,90
"1142",2621,1,12016,1,84,85,90
"1143",2876,1,553,1,80,82,90
"1144",3270,1,12334,1,86,87,94
"1145",3318,1,10387,1,82,85,90
"1146",3428,1,9837,1,84,88,94
"1147",3739,1,3306,1,87,88,92
"1148",3782,1,12421,1,87,89,94
"1149",3890,1,6665,1,88,89,95
"1150",4126,1,14328,1,83,85,91
"1151",4429,1,8460,1,85,87,91
"1152",4557,1,5017,1,83,85,90
"1153",4576,1,8428,1,84,86,91
"1154",4930,1,548,1,88,89,92
"1155",5049,1,5477,1,84,86,91
"1156",5198,1,9248,1,86,87,90
"1157",5385,1,6960,1,84,86,90
"1158",5677,1,8492,1,86,88,92
"1159",5913,1,1725,1,82,84,90
"1160",6569,1,14393,1,83,85,90
"1161",6886,1,8802,1,88,89,96
"1162",7201,1,13056,1,87,88,96
"1163",7208,1,8615,1,84,85,90
"1164",7257,1,3704,1,83,85,90
"1165",7384,1,11468,1,83,86,91
"1166",7650,1,6407,1,86,87,91
"1167",8782,1,12902,1,85,88,92
"1168",8857,1,2092,1,85,88,92
"1169",8875,1,8460,1,85,87,91
"1170",9070,1,8646,1,87,89,94
"1171",9259,1,4420,1,88,89,95
"1172",9422,1,5366,1,85,86,93
"1173",9429,1,9334,1,84,86,91
"1174",9715,1,549,1,85,86,92
"1175",9907,1,10454,1,87,88,93
"1176",10849,1,4389,1,86,87,91
"1177",11880,1,8600,1,84,86,90
"1178",12076,1,6721,1,82,83,90
"1179",12201,1,8646,1,87,88,97
"1180",12450,1,3016,1,85,88,93
"1181",12603,1,5104,1,81,85,90
"1182",13251,1,334,1,82,84,90
"1183",13526,1,910,1,84,86,91
"1184",13658,1,11741,1,85,87,93
"1185",13873,1,9015,1,84,87,92
"1186",13878,1,3684,1,85,87,95
"1187",13882,1,2040,1,84,87,94
"1188",13971,1,13431,1,84,86,91
"1189",13995,1,1213,1,87,89,95
"1190",14131,1,8646,1,87,89,95
"1191",14220,1,11741,1,82,84,90
"1192",287,1,6890,1,86,87,92
"1193",307,1,9692,1,81,83,91
"1194",371,1,4527,1,86,88,92
"1195",1316,1,1925,1,86,89,94
"1196",1785,1,12810,1,88,90,94
"1197",1850,1,8443,1,87,88,93
"1198",2698,1,12539,1,83,86,93
"1199",2851,1,10635,1,88,90,94
"1200",2886,1,11294,1,86,89,93
"1201",3611,1,3060,1,88,89,93
"1202",3790,1,1741,1,88,90,95
"1203",4292,1,3223,1,88,90,95
"1204",4414,1,10454,1,86,88,93
"1205",4526,1,13922,1,83,87,94
"1206",4869,1,7320,1,85,87,93
"1207",5175,1,3603,1,83,86,91
"1208",5208,1,2546,1,84,88,94
"1209",5544,1,935,1,85,87,93
"1210",5925,1,7767,1,85,88,96
"1211",6774,1,10635,1,87,89,95
"1212",6793,1,14086,1,84,86,92
"1213",7026,1,11294,1,86,89,94
"1214",7579,1,11499,1,86,89,93
"1215",8802,1,4309,1,82,87,93
"1216",9336,1,8492,1,87,89,93
"1217",9442,1,585,1,88,90,94
"1218",9637,1,2519,1,87,88,96
"1219",9683,1,9692,1,83,84,91
"1220",9717,1,6665,1,88,90,94
"1221",9844,1,4869,1,88,89,94
"1222",9982,1,334,1,85,86,92
"1223",10330,1,5366,1,85,89,93
"1224",10439,1,9429,1,86,87,94
"1225",10537,1,3586,1,85,86,91
"1226",10680,1,8208,1,87,88,94
"1227",10699,1,549,1,84,86,91
"1228",12810,1,13779,1,83,86,91
"1229",12950,1,1401,1,85,89,95
"1230",12957,1,11179,1,88,90,97
"1231",13188,1,13725,1,85,87,93
"1232",13232,1,12810,1,88,89,96
"1233",13356,1,13683,1,89,90,96
"1234",13396,1,13251,1,87,89,94
"1235",13457,1,6759,1,87,90,95
"1236",13540,1,680,1,88,89,95
"1237",13715,1,2404,1,83,85,91
"1238",13985,1,4126,1,87,88,94
"1239",14205,1,1901,1,87,88,94
"1240",14580,1,8864,1,87,88,93
"1241",7,1,770,1,90,91,96
"1242",23,1,1071,1,86,87,94
"1243",548,1,5681,1,85,87,92
"1244",680,1,549,1,84,86,93
"1245",685,1,9982,1,88,90,96
"1246",879,1,12348,1,85,88,93
"1247",915,1,5906,1,89,91,96
"1248",1704,1,10454,1,86,87,92
"1249",1818,1,6162,1,86,89,93
"1250",2013,1,8864,1,87,90,95
"1251",2207,1,8407,1,85,88,92
"1252",2974,1,13396,1,90,91,95
"1253",3223,1,4539,1,85,87,92
"1254",3548,1,13927,1,86,87,92
"1255",3686,1,10655,1,87,91,96
"1256",4396,1,8443,1,86,88,92
"1257",4441,1,4526,1,89,90,96
"1258",4572,1,289,1,89,91,96
"1259",4605,1,12603,1,87,88,94
"1260",4616,1,12752,1,87,89,95
"1261",5646,1,287,1,88,90,94
"1262",5906,1,2309,1,88,89,95
"1263",6174,1,8145,1,86,88,94
"1264",6194,1,1741,1,89,91,96
"1265",6744,1,9715,1,86,88,92
"1266",6810,1,3586,1,85,87,94
"1267",7109,1,4420,1,87,89,94
"1268",7721,1,7742,1,86,88,93
"1269",8202,1,8208,1,86,88,92
"1270",8240,1,8460,1,87,89,92
"1271",8295,1,23,1,87,88,94
"1272",8694,1,12199,1,86,88,93
"1273",9277,1,12810,1,89,91,96
"1274",9390,1,12603,1,85,86,92
"1275",10358,1,8428,1,86,88,94
"1276",10866,1,1704,1,89,90,94
"1277",11490,1,7201,1,89,91,97
"1278",12752,1,4389,1,86,87,92
"1279",12869,1,8600,1,84,85,92
"1280",12979,1,3586,1,86,88,92
"1281",13616,1,14284,1,83,87,93
"1282",13813,1,5925,1,89,91,99
"1283",57,1,8988,1,91,92,97
"1284",94,1,14150,1,86,88,95
"1285",289,1,8252,1,86,88,94
"1286",333,1,14220,1,86,89,95
"1287",402,1,5273,1,86,87,93
"1288",585,1,12107,1,86,87,93
"1289",1347,1,13188,1,89,90,95
"1290",1356,1,8653,1,88,91,94
"1291",1486,1,8202,1,90,91,95
"1292",1565,1,4414,1,90,91,98
"1293",1824,1,9422,1,86,88,93
"1294",2616,1,10077,1,90,92,96
"1295",2789,1,7617,1,84,86,93
"1296",3116,1,14545,1,87,89,94
"1297",3145,1,11306,1,88,90,96
"1298",3147,1,3318,1,85,88,93
"1299",3253,1,6407,1,86,90,95
"1300",3333,1,2691,1,90,92,98
"1301",3457,1,5677,1,88,89,94
"1302",3567,1,4930,1,90,91,98
"1303",4155,1,2207,1,90,92,99
"1304",4257,1,9259,1,90,91,94
"1305",4385,1,8869,1,88,90,94
"1306",4420,1,8942,1,84,86,93
"1307",4549,1,12201,1,89,91,96
"1308",5964,1,13995,1,90,92,96
"1309",6176,1,5175,1,88,90,94
"1310",6514,1,7579,1,91,92,97
"1311",6709,1,9429,1,87,89,93
"1312",6870,1,9390,1,87,89,95
"1313",6930,1,5273,1,86,89,95
"1314",7051,1,9248,1,90,92,96
"1315",7473,1,2789,1,87,89,93
"1316",7977,1,770,1,90,92,98
"1317",8031,1,3147,1,90,92,98
"1318",8148,1,9448,1,88,91,96
"1319",8470,1,5913,1,85,89,94
"1320",8915,1,2988,1,90,92,97
"1321",9681,1,2404,1,87,89,93
"1322",9759,1,1704,1,88,90,95
"1323",9884,1,4869,1,87,89,96
"1324",9951,1,402,1,90,91,97
"1325",10198,1,13367,1,86,87,93
"1326",10478,1,8802,1,87,88,96
"1327",10748,1,10998,1,90,91,96
"1328",10909,1,4396,1,90,92,95
"1329",11123,1,2789,1,89,92,97
"1330",11383,1,12950,1,90,91,96
"1331",11386,1,2621,1,86,87,95
"1332",12009,1,6930,1,90,92,98
"1333",12723,1,13540,1,90,92,97
"1334",13617,1,14131,1,90,92,96
"1335",14070,1,9259,1,90,91,95
"1336",14110,1,770,1,89,91,95
"1337",1471,1,1925,1,88,90,94
"1338",1825,1,10655,1,87,89,97
"1339",2324,1,14580,1,90,91,95
"1340",2691,1,10077,1,87,89,95
"1341",2988,1,14010,1,84,89,95
"1342",3806,1,4414,1,89,91,98
"1343",4397,1,6870,1,92,93,98
"1344",4614,1,3890,1,90,93,97
"1345",5235,1,4557,1,86,88,94
"1346",5391,1,3686,1,92,93,98
"1347",5712,1,8120,1,90,93,98
"1348",6201,1,6870,1,89,93,97
"1349",6315,1,6277,1,88,89,94
"1350",6718,1,3306,1,88,89,95
"1351",6931,1,1312,1,91,92,98
"1352",7243,1,8653,1,88,92,96
"1353",7502,1,3739,1,88,90,97
"1354",7557,1,1901,1,88,91,96
"1355",8004,1,5681,1,87,89,95
"1356",8645,1,9982,1,91,93,97
"1357",10034,1,23,1,90,93,99
"1358",10392,1,11715,1,89,92,96
"1359",10551,1,2789,1,89,91,96
"1360",10998,1,5175,1,87,88,95
"1361",11095,1,9637,1,89,90,95
"1362",11153,1,2621,1,88,90,95
"1363",11166,1,10680,1,89,91,96
"1364",11335,1,3686,1,92,93,97
"1365",11378,1,12869,1,87,90,96
"1366",11404,1,9924,1,87,89,95
"1367",11407,1,13971,1,88,91,96
"1368",11789,1,4328,1,87,90,95
"1369",11840,1,11880,1,89,92,96
"1370",11876,1,4238,1,88,90,96
"1371",12040,1,9277,1,91,93,99
"1372",12466,1,9512,1,86,88,94
"1373",12602,1,14150,1,85,88,94
"1374",12859,1,11306,1,88,90,96
"1375",13495,1,13526,1,88,90,98
"1376",13610,1,10501,1,91,93,100
"1377",13683,1,11294,1,85,88,94
"1378",14289,1,8145,1,87,90,95
"1379",147,1,7650,1,89,91,95
"1380",201,1,333,1,90,92,95
"1381",420,1,13396,1,90,92,99
"1382",620,1,8347,1,91,92,97
"1383",1052,1,6759,1,88,91,96
"1384",1312,1,23,1,88,90,96
"1385",1504,1,3739,1,90,92,97
"1386",2016,1,11715,1,91,93,101
"1387",2333,1,6774,1,89,91,96
"1388",3139,1,1785,1,91,92,96
"1389",3429,1,289,1,89,91,97
"1390",3550,1,11490,1,92,94,99
"1391",4075,1,9907,1,89,91,95
"1392",4975,1,7502,1,92,93,99
"1393",5039,1,6277,1,90,92,96
"1394",5165,1,7253,1,92,94,99
"1395",5497,1,2698,1,88,91,100
"1396",5683,1,6709,1,90,91,97
"1397",6272,1,94,1,90,92,96
"1398",6704,1,11095,1,91,92,98
"1399",6912,1,6693,1,93,94,100
"1400",8120,1,1925,1,87,89,95
"1401",8486,1,13526,1,88,90,96
"1402",8988,1,6656,1,88,90,95
"1403",9205,1,6117,1,92,93,101
"1404",9834,1,4441,1,91,93,98
"1405",10501,1,7650,1,89,90,96
"1406",10532,1,1565,1,92,93,97
"1407",10594,1,7611,1,88,90,96
"1408",10676,1,6569,1,87,91,95
"1409",10776,1,2889,1,92,94,99
"1410",10894,1,12602,1,90,92,97
"1411",11467,1,9907,1,90,92,98
"1412",11715,1,4527,1,88,89,95
"1413",11928,1,5039,1,93,94,99
"1414",12467,1,9844,1,90,92,97
"1415",12534,1,3333,1,93,94,99
"1416",12622,1,8208,1,89,92,97
"1417",12753,1,7026,1,90,93,99
"1418",13036,1,10551,1,92,93,98
"1419",13193,1,7742,1,87,90,97
"1420",13727,1,3686,1,92,93,99
"1421",14329,1,1704,1,91,92,97
"1422",14536,1,9637,1,89,92,98
"1423",14569,1,6174,1,89,92,100
"1424",186,1,1176,1,90,92,98
"1425",229,1,6117,1,92,94,98
"1426",963,1,8154,1,90,92,97
"1427",1300,1,8202,1,89,91,98
"1428",1440,1,4605,1,89,91,97
"1429",2346,1,2207,1,89,90,97
"1430",2418,1,12467,1,93,95,99
"1431",2889,1,5925,1,89,90,96
"1432",2918,1,10501,1,92,94,97
"1433",4431,1,4614,1,93,95,99
"1434",5211,1,3116,1,91,92,96
"1435",6115,1,13875,1,93,95,100
"1436",6299,1,9336,1,90,92,97
"1437",7253,1,8240,1,90,91,97
"1438",7430,1,6774,1,90,92,98
"1439",7449,1,10555,1,92,94,99
"1440",7905,1,5198,1,89,93,97
"1441",8705,1,5715,1,86,91,96
"1442",8718,1,7201,1,89,92,100
"1443",9133,1,14329,1,93,94,100
"1444",9283,1,13495,1,92,95,101
"1445",9553,1,11501,1,94,95,98
"1446",9910,1,9259,1,92,95,99
"1447",10225,1,9448,1,87,91,96
"1448",10267,1,879,1,90,92,97
"1449",10447,1,1486,1,92,93,99
"1450",10555,1,5208,1,90,92,96
"1451",10715,1,11153,1,94,95,102
"1452",11638,1,9717,1,91,94,100
"1453",12532,1,11378,1,93,94,100
"1454",13001,1,6194,1,92,95,99
"1455",13008,1,10849,1,87,91,97
"1456",13187,1,461,1,91,94,98
"1457",13716,1,5677,1,89,92,99
"1458",13804,1,4526,1,88,90,96
"1459",13874,1,5027,1,94,95,101
"1460",14107,1,4420,1,92,94,99
"1461",14426,1,11153,1,92,93,100
"1462",101,1,11166,1,92,94,99
"1463",475,1,7109,1,90,93,100
"1464",602,1,11293,1,86,89,98
"1465",701,1,13813,1,91,92,97
"1466",1392,1,10074,1,94,95,101
"1467",1465,1,11840,1,93,95,99
"1468",2351,1,8120,1,91,95,98
"1469",2667,1,963,1,93,96,100
"1470",2708,1,8486,1,91,94,99
"1471",3225,1,4075,1,92,93,99
"1472",3693,1,2266,1,94,96,103
"1473",4173,1,7430,1,93,96,102
"1474",4315,1,13396,1,91,92,98
"1475",4763,1,4865,1,94,95,100
"1476",6117,1,3147,1,89,91,97
"1477",6150,1,1347,1,91,95,101
"1478",6303,1,828,1,95,96,101
"1479",6305,1,1312,1,92,94,99
"1480",6412,1,12859,1,92,93,99
"1481",6436,1,2522,1,94,95,101
"1482",6518,1,5039,1,93,95,99
"1483",6917,1,4869,1,89,91,97
"1484",7192,1,9681,1,90,92,99
"1485",7285,1,2691,1,91,93,99
"1486",7829,1,5976,1,90,93,100
"1487",8347,1,2207,1,89,90,97
"1488",8553,1,8694,1,90,94,100
"1489",8612,1,6744,1,90,91,97
"1490",8614,1,11543,1,95,96,100
"1491",9922,1,915,1,94,96,104
"1492",10042,1,1785,1,91,93,98
"1493",10294,1,602,1,92,95,100
"1494",10498,1,9205,1,94,95,99
"1495",10812,1,10551,1,92,94,99
"1496",10830,1,3060,1,89,92,97
"1497",10937,1,4572,1,92,93,100
"1498",11543,1,3686,1,92,94,99
"1499",11798,1,333,1,92,94,99
"1500",11810,1,9884,1,91,93,99
"1501",12158,1,10551,1,92,95,100
"1502",12543,1,7192,1,93,96,100
"1503",13050,1,2693,1,94,95,101
"1504",13378,1,13193,1,91,93,99
"1505",13426,1,2616,1,94,96,100
"1506",13542,1,10640,1,94,96,101
"1507",13935,1,9759,1,91,93,99
"1508",14155,1,9070,1,92,93,99
"1509",14188,1,7,1,92,94,98
"1510",41,1,8080,1,96,97,102
"1511",55,1,11166,1,92,94,98
"1512",461,1,3782,1,90,91,99
"1513",552,1,5039,1,93,94,98
"1514",828,1,4414,1,90,94,102
"1515",876,1,8004,1,93,95,99
"1516",1234,1,8347,1,92,94,100
"1517",1554,1,6931,1,95,96,101
"1518",2056,1,14110,1,93,96,102
"1519",2152,1,14329,1,95,97,101
"1520",2182,1,6704,1,93,95,98
"1521",2348,1,1818,1,91,93,101
"1522",2379,1,6895,1,96,97,102
"1523",2488,1,6272,1,94,96,102
"1524",2522,1,2886,1,91,93,99
"1525",2881,1,2698,1,89,92,98
"1526",2979,1,3145,1,94,95,100
"1527",3367,1,10234,1,95,97,102
"1528",3578,1,13878,1,89,94,101
"1529",3620,1,14155,1,95,96,102
"1530",4295,1,10998,1,90,94,98
"1531",4865,1,13495,1,91,94,98
"1532",5027,1,7026,1,90,91,98
"1533",5416,1,10555,1,95,97,102
"1534",5505,1,2182,1,95,96,101
"1535",5602,1,101,1,95,97,105
"1536",5604,1,9133,1,95,96,102
"1537",6102,1,9759,1,92,94,100
"1538",6580,1,6115,1,95,97,104
"1539",6693,1,8802,1,90,93,98
"1540",6895,1,4155,1,93,95,99
"1541",6937,1,7905,1,95,96,100
"1542",7083,1,11095,1,91,93,99
"1543",7232,1,9205,1,95,97,101
"1544",7494,1,3270,1,90,92,100
"1545",8005,1,14155,1,94,95,100
"1546",8213,1,57,1,92,95,99
"1547",8367,1,2522,1,94,96,100
"1548",8456,1,5027,1,94,96,101
"1549",8508,1,13804,1,92,93,99
"1550",8626,1,10555,1,93,95,101
"1551",9152,1,1081,1,94,96,101
"1552",9379,1,11543,1,94,96,100
"1553",9580,1,10074,1,94,96,101
"1554",9847,1,4385,1,90,93,99
"1555",10074,1,6511,1,87,94,98
"1556",10249,1,333,1,90,93,98
"1557",10556,1,2522,1,94,96,103
"1558",10640,1,4945,1,88,91,98
"1559",11090,1,2333,1,93,95,98
"1560",11501,1,5235,1,92,94,99
"1561",11946,1,10330,1,91,93,99
"1562",12022,1,14188,1,95,96,101
"1563",12304,1,5039,1,93,95,100
"1564",12554,1,10532,1,94,97,102
"1565",12599,1,8213,1,96,97,100
"1566",13123,1,13540,1,91,93,99
"1567",13238,1,4155,1,93,95,100
"1568",13875,1,10478,1,90,93,99
"1569",13982,1,2207,1,90,95,101
"1570",14009,1,6931,1,93,95,99
"1571",14051,1,7051,1,93,95,102
"1572",14166,1,201,1,93,95,99
"1573",9,1,6412,1,95,96,102
"1574",1081,1,3145,1,92,93,99
"1575",1090,1,14426,1,95,96,103
"1576",1102,1,9847,1,94,96,102
"1577",1583,1,2918,1,94,96,101
"1578",1943,1,10074,1,95,96,100
"1579",2067,1,10532,1,94,96,101
"1580",2266,1,8154,1,89,93,100
"1581",2462,1,11787,1,95,96,101
"1582",2596,1,2348,1,97,98,103
"1583",2673,1,6693,1,95,96,101
"1584",2741,1,13251,1,89,94,99
"1585",2935,1,8988,1,92,95,99
"1586",3439,1,10074,1,96,97,101
"1587",3621,1,12954,1,97,98,103
"1588",3843,1,5039,1,93,95,99
"1589",3991,1,4763,1,96,98,102
"1590",4260,1,475,1,93,97,103
"1591",4368,1,14107,1,95,97,100
"1592",5119,1,9847,1,94,96,102
"1593",5351,1,3225,1,97,98,102
"1594",5469,1,9568,1,95,96,101
"1595",5825,1,461,1,94,96,100
"1596",6822,1,2256,1,96,98,104
"1597",8080,1,57,1,93,94,100
"1598",8136,1,420,1,93,94,100
"1599",8750,1,8470,1,92,95,99
"1600",8876,1,14536,1,93,94,99
"1601",8974,1,10556,1,97,98,104
"1602",9098,1,13123,1,95,96,102
"1603",9198,1,8508,1,96,97,102
"1604",9479,1,1347,1,91,94,99
"1605",9568,1,879,1,91,94,100
"1606",10055,1,3890,1,90,91,99
"1607",10234,1,6117,1,93,94,99
"1608",10899,1,14569,1,93,95,101
"1609",11743,1,8136,1,96,98,102
"1610",11779,1,6693,1,95,97,101
"1611",11787,1,8612,1,91,93,99
"1612",11838,1,13875,1,94,96,100
"1613",11998,1,9910,1,96,98,102
"1614",12464,1,13982,1,97,98,103
"1615",13028,1,2182,1,96,98,103
"1616",13347,1,1081,1,94,97,101
"1617",14177,1,10042,1,95,98,103
"1618",732,1,4975,1,95,96,104
"1619",827,1,4397,1,94,97,102
"1620",1076,1,229,1,97,98,102
"1621",1823,1,10034,1,94,97,101
"1622",1931,1,10812,1,96,98,102
"1623",2075,1,7541,1,98,99,104
"1624",2256,1,2324,1,93,95,100
"1625",2336,1,1565,1,92,94,100
"1626",2939,1,8614,1,96,98,103
"1627",3190,1,1392,1,97,99,104
"1628",3529,1,14107,1,95,97,104
"1629",3559,1,828,1,96,99,103
"1630",4200,1,2667,1,97,99,103
"1631",4266,1,8988,1,92,95,101
"1632",4635,1,8508,1,94,97,103
"1633",5510,1,11840,1,94,96,101
"1634",6802,1,10715,1,95,96,100
"1635",6863,1,229,1,94,97,101
"1636",7363,1,6709,1,90,95,101
"1637",7559,1,2741,1,95,96,101
"1638",8423,1,915,1,94,97,100
"1639",8901,1,732,1,97,98,101
"1640",8981,1,828,1,96,97,102
"1641",9233,1,11335,1,95,98,103
"1642",9826,1,11787,1,95,98,101
"1643",10159,1,6693,1,93,96,101
"1644",10850,1,8946,1,97,99,107
"1645",11160,1,10556,1,97,98,102
"1646",11189,1,4616,1,90,92,100
"1647",11414,1,12040,1,94,96,102
"1648",11677,1,8031,1,93,96,100
"1649",11700,1,13874,1,96,98,103
"1650",11837,1,14426,1,95,96,101
"1651",11915,1,9834,1,94,96,102
"1652",12429,1,6201,1,95,98,103
"1653",12501,1,11090,1,96,97,100
"1654",12686,1,11789,1,91,95,100
"1655",12933,1,5165,1,95,98,101
"1656",12954,1,475,1,94,95,100
"1657",13519,1,7977,1,93,95,102
"1658",13957,1,6115,1,95,96,101
"1659",14002,1,13542,1,98,99,103
"1660",14347,1,9379,1,98,99,105
"1661",390,1,11810,1,95,97,103
"1662",487,1,8705,1,93,96,104
"1663",689,1,12534,1,96,97,102
"1664",835,1,2708,1,94,97,103
"1665",1311,1,9052,1,99,100,107
"1666",1919,1,5712,1,95,96,102
"1667",1998,1,9205,1,95,97,103
"1668",2366,1,487,1,97,99,106
"1669",2565,1,3693,1,97,99,105
"1670",2693,1,10055,1,92,93,101
"1671",2731,1,5825,1,98,100,104
"1672",2906,1,9910,1,96,97,102
"1673",2919,1,7559,1,97,100,106
"1674",3143,1,6150,1,97,98,104
"1675",3811,1,7761,1,97,98,103
"1676",4069,1,4441,1,93,95,101
"1677",5240,1,4614,1,95,98,105
"1678",5657,1,5828,1,98,100,105
"1679",5782,1,7541,1,98,99,106
"1680",5909,1,13123,1,94,96,101
"1681",6142,1,4614,1,96,98,104
"1682",6206,1,2418,1,96,99,103
"1683",6457,1,12009,1,94,96,101
"1684",6671,1,10234,1,96,98,104
"1685",6761,1,8988,1,94,96,101
"1686",6808,1,11436,1,97,99,104
"1687",7299,1,13875,1,96,99,103
"1688",7581,1,11467,1,93,95,101
"1689",7811,1,14188,1,97,98,101
"1690",8323,1,7363,1,96,97,101
"1691",8453,1,12009,1,93,94,101
"1692",8791,1,14188,1,96,99,104
"1693",9368,1,4295,1,95,99,104
"1694",9734,1,3333,1,93,95,101
"1695",9804,1,3843,1,97,100,104
"1696",9867,1,9580,1,98,99,106
"1697",10320,1,12933,1,98,99,104
"1698",10431,1,3693,1,98,100,106
"1699",10854,1,4266,1,96,98,104
"1700",11125,1,11928,1,96,97,101
"1701",11793,1,12543,1,97,98,103
"1702",12013,1,11125,1,97,100,104
"1703",12604,1,10498,1,97,99,105
"1704",12829,1,6693,1,94,98,103
"1705",12871,1,13028,1,99,100,107
"1706",13222,1,8915,1,94,96,102
"1707",13509,1,13238,1,96,98,102
"1708",13602,1,11928,1,95,97,101
"1709",13731,1,2016,1,95,98,103
"1710",13879,1,6305,1,97,98,103
"1711",14382,1,9283,1,97,100,105
"1712",1155,1,13378,1,94,97,103
"1713",1521,1,8367,1,97,98,104
"1714",1927,1,9580,1,98,99,103
"1715",2088,1,2351,1,96,98,102
"1716",2341,1,3843,1,96,98,105
"1717",2743,1,2088,1,99,101,104
"1718",3061,1,3929,1,98,99,105
"1719",3672,1,11436,1,99,101,108
"1720",3751,1,5497,1,94,96,102
"1721",3874,1,8946,1,99,101,107
"1722",3929,1,2741,1,96,97,102
"1723",4347,1,2256,1,97,98,102
"1724",4353,1,8136,1,96,97,102
"1725",4498,1,9098,1,98,100,105
"1726",4819,1,1090,1,98,101,105
"1727",5014,1,487,1,98,99,104
"1728",5381,1,6700,1,98,101,107
"1729",5428,1,3225,1,95,97,103
"1730",5774,1,1486,1,93,96,103
"1731",6415,1,8080,1,96,98,102
"1732",6465,1,10899,1,96,99,102
"1733",6700,1,11840,1,94,97,103
"1734",6897,1,6102,1,95,97,102
"1735",6956,1,7449,1,95,97,102
"1736",7907,1,9580,1,96,98,103
"1737",7919,1,12534,1,95,96,102
"1738",8399,1,2341,1,100,101,105
"1739",8635,1,12277,1,99,100,105
"1740",8816,1,11677,1,97,99,103
"1741",8833,1,7363,1,98,99,104
"1742",9340,1,2351,1,96,98,102
"1743",9465,1,9133,1,95,97,102
"1744",9669,1,3693,1,98,99,104
"1745",10154,1,11779,1,98,100,105
"1746",10528,1,10556,1,97,99,105
"1747",11371,1,10498,1,96,98,104
"1748",11436,1,828,1,95,97,102
"1749",12119,1,876,1,97,99,104
"1750",12461,1,4069,1,96,98,103
"1751",12520,1,3550,1,95,98,103
"1752",12720,1,475,1,95,97,102
"1753",12934,1,4353,1,97,99,105
"1754",12946,1,14155,1,96,97,102
"1755",13124,1,8136,1,97,99,105
"1756",13126,1,13935,1,95,99,105
"1757",13225,1,14155,1,95,96,102
"1758",13497,1,475,1,95,98,105
"1759",13748,1,9152,1,97,98,103
"1760",13847,1,6194,1,93,94,102
"1761",14063,1,3439,1,98,100,105
"1762",14126,1,7557,1,92,95,102
"1763",14245,1,11779,1,98,100,104
"1764",14306,1,12267,1,100,101,106
"1765",189,1,1565,1,95,99,104
"1766",376,1,9,1,97,100,103
"1767",529,1,11467,1,93,97,103
"1768",554,1,6436,1,95,99,103
"1769",606,1,11700,1,99,101,106
"1770",1216,1,10899,1,96,97,103
"1771",1426,1,4266,1,96,99,104
"1772",1637,1,5835,1,101,102,107
"1773",2085,1,3529,1,98,100,105
"1774",2143,1,10850,1,100,102,107
"1775",2150,1,13542,1,97,98,104
"1776",2257,1,10447,1,93,97,103
"1777",2259,1,689,1,99,101,105
"1778",2619,1,12013,1,101,102,106
"1779",3065,1,6518,1,96,97,104
"1780",3177,1,9826,1,99,101,105
"1781",3290,1,12720,1,98,99,105
"1782",3383,1,13347,1,99,100,105
"1783",3511,1,2150,1,101,102,107
"1784",3588,1,2088,1,100,102,107
"1785",4167,1,7761,1,97,99,104
"1786",4372,1,11160,1,99,100,104
"1787",4531,1,2596,1,100,102,106
"1788",4840,1,1090,1,97,99,107
"1789",4927,1,11501,1,96,99,104
"1790",5261,1,10556,1,98,100,104
"1791",5338,1,835,1,100,102,108
"1792",5408,1,8323,1,99,100,105
"1793",5452,1,5119,1,98,101,107
"1794",5678,1,7761,1,97,99,105
"1795",5765,1,10547,1,98,99,105
"1796",6443,1,14177,1,99,101,107
"1797",6474,1,12686,1,96,99,104
"1798",7207,1,2257,1,99,101,105
"1799",7219,1,1583,1,98,100,105
"1800",7301,1,9580,1,99,101,105
"1801",7521,1,11743,1,100,102,107
"1802",7541,1,8508,1,95,97,103
"1803",7760,1,6761,1,97,98,105
"1804",7761,1,10034,1,95,96,103
"1805",8256,1,13222,1,97,100,106
"1806",8568,1,12599,1,98,99,103
"1807",8622,1,13982,1,96,98,106
"1808",8707,1,6822,1,100,101,105
"1809",8946,1,8508,1,95,97,105
"1810",9145,1,10854,1,99,100,105
"1811",9832,1,2741,1,96,98,105
"1812",9840,1,13982,1,96,97,104
"1813",10109,1,6115,1,98,100,106
"1814",10471,1,5351,1,99,100,108
"1815",10721,1,689,1,98,99,105
"1816",10772,1,3065,1,98,100,105
"1817",10940,1,2150,1,100,102,107
"1818",10992,1,6142,1,99,101,107
"1819",12299,1,1823,1,99,101,106
"1820",12358,1,13001,1,97,99,105
"1821",12611,1,7760,1,101,102,107
"1822",12722,1,6956,1,98,100,105
"1823",13641,1,8750,1,96,98,103
"1824",13759,1,12464,1,100,102,105
"1825",14042,1,11700,1,98,100,106
"1826",14269,1,1919,1,97,99,104
"1827",14475,1,876,1,96,99,106
"1828",316,1,5657,1,101,103,108
"1829",569,1,6822,1,102,103,108
"1830",950,1,13232,1,95,97,104
"1831",1249,1,13050,1,96,99,104
"1832",1376,1,12753,1,95,100,105
"1833",1713,1,689,1,99,101,106
"1834",2121,1,10687,1,101,102,108
"1835",2513,1,2152,1,99,100,105
"1836",2763,1,4069,1,96,99,105
"1837",2796,1,1311,1,101,102,106
"1838",2853,1,9734,1,97,99,104
"1839",3100,1,5604,1,97,99,105
"1840",3377,1,13833,1,101,102,106
"1841",4472,1,5602,1,98,101,105
"1842",4953,1,1426,1,101,103,109
"1843",4988,1,5825,1,97,99,104
"1844",5257,1,6415,1,99,100,105
"1845",5340,1,2673,1,97,98,106
"1846",5828,1,10776,1,95,97,104
"1847",5835,1,1155,1,98,100,105
"1848",6014,1,5338,1,102,103,109
"1849",6333,1,13982,1,95,98,105
"1850",7644,1,6897,1,98,99,104
"1851",7750,1,11798,1,98,99,106
"1852",8409,1,3811,1,100,103,108
"1853",8444,1,10547,1,99,100,104
"1854",8862,1,6822,1,99,102,106
"1855",9344,1,4347,1,100,102,107
"1856",9413,1,2152,1,99,102,107
"1857",9619,1,487,1,96,98,105
"1858",9969,1,6436,1,98,99,104
"1859",10093,1,11928,1,95,99,105
"1860",10385,1,11090,1,97,100,106
"1861",10524,1,8136,1,96,98,104
"1862",10547,1,3139,1,95,98,104
"1863",10665,1,2918,1,95,97,104
"1864",10687,1,6580,1,98,100,104
"1865",11072,1,11915,1,98,100,106
"1866",11208,1,11798,1,95,99,104
"1867",11248,1,13347,1,98,100,104
"1868",11336,1,8816,1,100,101,106
"1869",11461,1,4173,1,98,100,105
"1870",11479,1,11928,1,98,100,106
"1871",12090,1,163,1,102,103,108
"1872",12267,1,12753,1,95,98,106
"1873",12579,1,5765,1,100,103,109
"1874",12782,1,9867,1,100,102,107
"1875",13609,1,8213,1,97,101,104
"1876",13681,1,2366,1,100,101,107
"1877",14030,1,13497,1,99,100,105
"1878",14078,1,3529,1,100,101,106
"1879",14479,1,13609,1,101,102,108
"1880",32,1,12520,1,100,102,107
"1881",163,1,6465,1,100,101,105
"1882",459,1,2152,1,98,100,107
"1883",684,1,2565,1,99,101,107
"1884",760,1,930,1,103,104,110
"1885",1000,1,8940,1,103,104,110
"1886",1542,1,3061,1,100,102,107
"1887",1685,1,8974,1,99,102,106
"1888",1690,1,14382,1,102,104,109
"1889",1763,1,2979,1,97,98,105
"1890",2872,1,8974,1,99,101,107
"1891",3304,1,13028,1,100,101,108
"1892",4104,1,7207,1,102,103,107
"1893",4512,1,13879,1,99,101,106
"1894",4789,1,10524,1,100,102,108
"1895",4906,1,6465,1,101,103,109
"1896",5459,1,8444,1,102,104,109
"1897",5881,1,5774,1,101,102,106
"1898",6104,1,9052,1,102,103,108
"1899",6500,1,12532,1,97,100,105
"1900",6528,1,7559,1,97,98,107
"1901",6610,1,13126,1,100,103,109
"1902",6762,1,5240,1,100,102,106
"1903",7379,1,1919,1,99,101,107
"1904",7410,1,10524,1,99,102,108
"1905",7709,1,5510,1,98,100,106
"1906",8050,1,8256,1,103,104,109
"1907",8516,1,6671,1,99,101,107
"1908",8846,1,12299,1,102,104,107
"1909",9052,1,13050,1,97,98,105
"1910",9325,1,2596,1,99,101,106
"1911",9689,1,8516,1,102,104,109
"1912",9820,1,5604,1,100,103,108
"1913",9881,1,3065,1,98,102,109
"1914",9999,1,11838,1,99,102,107
"1915",10366,1,9340,1,100,101,105
"1916",10367,1,753,1,103,104,110
"1917",10549,1,14227,1,102,103,109
"1918",10726,1,9233,1,100,102,108
"1919",11242,1,3874,1,102,103,107
"1920",11246,1,6822,1,100,101,106
"1921",11518,1,13982,1,97,99,106
"1922",11681,1,7811,1,99,102,106
"1923",12277,1,5602,1,97,99,105
"1924",12985,1,376,1,101,104,109
"1925",13833,1,6822,1,99,100,105
"1926",14279,1,7140,1,103,104,110
"1927",172,1,1076,1,99,101,106
"1928",180,1,6443,1,102,104,109
"1929",232,1,8940,1,103,105,111
"1930",423,1,12946,1,99,101,106
"1931",905,1,459,1,101,103,108
"1932",930,1,13833,1,101,103,107
"1933",1024,1,10854,1,99,101,106
"1934",1043,1,12013,1,102,103,110
"1935",1151,1,10093,1,101,105,111
"1936",1766,1,3065,1,103,105,109
"1937",1813,1,554,1,99,102,106
"1938",2291,1,12013,1,102,104,108
"1939",2964,1,9832,1,100,103,106
"1940",3162,1,8785,1,103,105,110
"1941",3298,1,10854,1,99,103,109
"1942",3303,1,5835,1,101,103,109
"1943",4265,1,8898,1,102,104,110
"1944",4528,1,1376,1,101,103,110
"1945",4652,1,10471,1,102,104,109
"1946",5047,1,14479,1,103,105,111
"1947",5060,1,13124,1,101,102,107
"1948",5239,1,3304,1,103,104,109
"1949",5329,1,14426,1,98,100,106
"1950",5500,1,6671,1,100,103,107
"1951",5535,1,11336,1,102,104,110
"1952",5564,1,13092,1,103,104,109
"1953",5711,1,14042,1,101,102,107
"1954",5940,1,14078,1,102,103,108
"1955",6055,1,9867,1,100,102,108
"1956",6266,1,7811,1,99,101,106
"1957",6366,1,12013,1,102,103,107
"1958",6425,1,12933,1,99,101,106
"1959",6735,1,3559,1,100,102,107
"1960",6850,1,5329,1,101,103,111
"1961",7140,1,4927,1,101,103,107
"1962",7766,1,1927,1,100,102,109
"1963",7819,1,8622,1,99,101,109
"1964",7980,1,8816,1,101,103,108
"1965",8251,1,2150,1,100,103,110
"1966",8737,1,9867,1,100,103,109
"1967",8785,1,3061,1,100,102,109
"1968",8809,1,13497,1,101,102,108
"1969",8825,1,2513,1,100,104,107
"1970",8898,1,12316,1,100,101,108
"1971",9058,1,3143,1,99,101,107
"1972",9193,1,487,1,99,101,106
"1973",9291,1,11071,1,104,105,111
"1974",9885,1,8816,1,99,104,108
"1975",10331,1,14042,1,102,103,107
"1976",11575,1,10154,1,102,104,108
"1977",11682,1,3690,1,104,105,109
"1978",11824,1,2379,1,99,101,107
"1979",11845,1,7980,1,104,105,109
"1980",12051,1,2152,1,100,102,106
"1981",12322,1,5261,1,101,103,109
"1982",12386,1,12782,1,103,105,110
"1983",12555,1,2763,1,100,103,109
"1984",12577,1,11700,1,100,104,110
"1985",12868,1,11256,1,104,105,110
"1986",12888,1,2853,1,102,104,108
"1987",13092,1,1216,1,99,101,107
"1988",13638,1,12051,1,103,105,110
"1989",13834,1,11743,1,101,105,110
"1990",14428,1,4173,1,100,103,108
"1991",14540,1,3811,1,99,101,108
"1992",753,1,3100,1,101,103,109
"1993",1643,1,10992,1,103,106,111
"1994",1664,1,2056,1,97,98,108
"1995",2342,1,8707,1,102,105,112
"1996",3136,1,13731,1,100,101,112
"1997",3485,1,14479,1,103,106,112
"1998",3644,1,6465,1,99,100,107
"1999",4171,1,12934,1,100,104,109
"2000",4174,1,1927,1,101,103,108
"2001",4546,1,10385,1,101,103,109
"2002",4647,1,8785,1,103,104,108
"2003",4924,1,4531,1,104,105,111
"2004",4940,1,14540,1,103,106,110
"2005",4942,1,9193,1,104,106,110
"2006",5034,1,10109,1,105,106,112
"2007",5209,1,2796,1,104,105,109
"2008",5304,1,3290,1,101,103,108
"2009",5675,1,6415,1,100,102,107
"2010",5889,1,10992,1,103,105,111
"2011",6601,1,7219,1,103,104,109
"2012",6678,1,5835,1,102,104,110
"2013",6961,1,10175,1,103,105,111
"2014",7337,1,5835,1,102,104,111
"2015",8046,1,14279,1,105,106,109
"2016",8420,1,12946,1,98,101,108
"2017",8429,1,14245,1,100,103,107
"2018",8479,1,5257,1,102,103,108
"2019",8547,1,5452,1,102,105,110
"2020",8940,1,5657,1,101,103,107
"2021",9255,1,2067,1,100,101,107
"2022",9591,1,13681,1,102,104,110
"2023",9661,1,4927,1,101,104,109
"2024",9873,1,12871,1,101,104,109
"2025",10706,1,3620,1,98,101,108
"2026",10819,1,3136,1,102,104,109
"2027",11256,1,5678,1,100,103,108
"2028",12055,1,12051,1,104,105,111
"2029",12316,1,2152,1,98,100,107
"2030",12918,1,2565,1,101,103,108
"2031",13109,1,12299,1,101,103,110
"2032",13911,1,5060,1,104,105,110
"2033",13946,1,529,1,99,101,107
"2034",14111,1,13101,1,105,106,111
"2035",14227,1,12464,1,99,101,108
"2036",14543,1,10812,1,97,103,108
"2037",52,1,5624,1,105,107,113
"2038",111,1,163,1,104,105,110
"2039",636,1,2121,1,103,105,110
"2040",806,1,2619,1,105,107,113
"2041",949,1,14030,1,103,105,110
"2042",989,1,8050,1,106,107,112
"2043",1067,1,12611,1,102,104,111
"2044",1119,1,7410,1,104,106,110
"2045",1290,1,7410,1,103,107,113
"2046",1367,1,4365,1,102,104,108
"2047",1888,1,7337,1,105,107,111
"2048",1904,1,3383,1,101,102,111
"2049",1991,1,13947,1,105,107,114
"2050",2239,1,423,1,104,105,111
"2051",2478,1,1024,1,102,103,110
"2052",2704,1,10431,1,101,102,110
"2053",2849,1,6266,1,102,105,110
"2054",3025,1,9344,1,103,104,108
"2055",3111,1,13946,1,102,104,109
"2056",4111,1,14042,1,102,104,111
"2057",4215,1,2619,1,103,105,110
"2058",4221,1,6735,1,102,104,109
"2059",4303,1,11461,1,102,105,112
"2060",4316,1,10665,1,100,102,108
"2061",4365,1,14475,1,100,101,108
"2062",5089,1,1542,1,103,106,110
"2063",5107,1,5452,1,105,106,110
"2064",5455,1,4988,1,99,102,108
"2065",5624,1,459,1,101,104,109
"2066",6021,1,5304,1,105,106,112
"2067",6769,1,5881,1,105,107,113
"2068",6875,1,4171,1,104,106,111
"2069",7235,1,5261,1,102,105,108
"2070",9042,1,8622,1,100,103,110
"2071",9126,1,4819,1,103,104,109
"2072",9286,1,5835,1,102,103,108
"2073",9474,1,12577,1,105,107,112
"2074",9660,1,5835,1,101,104,109
"2075",9967,1,4531,1,103,106,112
"2076",10139,1,4316,1,104,106,110
"2077",10175,1,13497,1,98,101,108
"2078",10871,1,10706,1,104,105,110
"2079",11056,1,5455,1,104,105,110
"2080",11086,1,6850,1,104,105,111
"2081",11163,1,2259,1,102,105,109
"2082",11234,1,3111,1,105,107,113
"2083",11597,1,4265,1,106,107,114
"2084",12256,1,2872,1,102,104,111
"2085",12475,1,606,1,103,104,108
"2086",12574,1,12918,1,104,107,112
"2087",12674,1,8479,1,106,107,111
"2088",12676,1,2143,1,104,107,111
"2089",12856,1,12868,1,106,107,113
"2090",13207,1,8742,1,105,106,111
"2091",13456,1,10772,1,102,104,111
"2092",13895,1,3136,1,103,104,109
"2093",13947,1,13731,1,99,104,109
"2094",14410,1,9255,1,104,106,113
"2095",14535,1,10850,1,100,104,109
"2096",354,1,12871,1,103,106,109
"2097",519,1,3874,1,102,104,109
"2098",645,1,8277,1,107,108,112
"2099",723,1,7207,1,103,105,110
"2100",1158,1,172,1,103,105,109
"2101",1406,1,7641,1,106,108,114
"2102",2214,1,5060,1,103,104,111
"2103",2446,1,4546,1,104,107,110
"2104",2632,1,1521,1,100,104,110
"2105",2636,1,4372,1,101,104,110
"2106",2904,1,5675,1,103,105,111
"2107",2983,1,7379,1,104,105,109
"2108",3127,1,316,1,107,108,113
"2109",3159,1,13456,1,106,108,114
"2110",3690,1,13833,1,102,104,112
"2111",4606,1,1000,1,106,107,111
"2112",4657,1,1542,1,103,106,110
"2113",5117,1,5675,1,103,105,112
"2114",5280,1,10706,1,104,106,112
"2115",5506,1,10819,1,105,107,112
"2116",5554,1,11461,1,102,104,109
"2117",5682,1,5883,1,107,108,115
"2118",5775,1,6415,1,99,103,110
"2119",5857,1,2291,1,105,107,113
"2120",6409,1,11736,1,106,107,113
"2121",6812,1,930,1,105,107,112
"2122",7423,1,1151,1,106,108,112
"2123",7855,1,6762,1,104,108,112
"2124",7925,1,6500,1,102,104,110
"2125",7965,1,5408,1,103,106,113
"2126",8414,1,13049,1,107,108,113
"2127",8676,1,5060,1,104,105,109
"2128",8742,1,9325,1,102,103,109
"2129",8803,1,11071,1,105,107,113
"2130",8835,1,9344,1,104,105,110
"2131",8932,1,1927,1,102,106,112
"2132",9401,1,14078,1,105,107,112
"2133",9504,1,10608,1,106,107,114
"2134",9852,1,6366,1,105,107,111
"2135",10017,1,10935,1,105,107,114
"2136",10660,1,2964,1,104,107,115
"2137",11007,1,7521,1,105,107,112
"2138",11071,1,6808,1,100,103,110
"2139",11346,1,5452,1,102,103,109
"2140",11464,1,5564,1,105,106,112
"2141",11736,1,12782,1,104,105,110
"2142",12148,1,2983,1,106,108,113
"2143",12518,1,535,1,106,107,113
"2144",12850,1,8444,1,101,102,111
"2145",13049,1,8707,1,103,105,110
"2146",13628,1,6415,1,101,103,109
"2147",14557,1,10472,1,107,108,115
"2148",616,1,4265,1,105,107,112
"2149",900,1,9058,1,103,105,112
"2150",1302,1,7337,1,106,108,114
"2151",1923,1,13109,1,107,109,114
"2152",2230,1,5209,1,105,107,113
"2153",2409,1,8181,1,108,109,112
"2154",2440,1,8676,1,106,109,114
"2155",2463,1,5060,1,104,105,110
"2156",2571,1,13834,1,106,107,114
"2157",2997,1,8898,1,103,106,110
"2158",4207,1,3162,1,106,109,113
"2159",4231,1,7766,1,106,108,114
"2160",4253,1,9967,1,106,107,113
"2161",4648,1,9999,1,104,106,110
"2162",4665,1,1637,1,104,107,113
"2163",4911,1,8676,1,106,107,111
"2164",5062,1,13456,1,105,108,114
"2165",5761,1,2143,1,103,106,111
"2166",5850,1,1151,1,106,108,114
"2167",6225,1,8670,1,107,109,118
"2168",6941,1,723,1,106,108,111
"2169",7120,1,4924,1,106,107,111
"2170",7135,1,9084,1,107,108,113
"2171",7195,1,6021,1,107,108,111
"2172",8175,1,9475,1,107,108,112
"2173",8181,1,8670,1,106,108,114
"2174",8375,1,3298,1,105,106,113
"2175",8514,1,13947,1,106,108,114
"2176",8937,1,5455,1,103,105,112
"2177",9153,1,13101,1,105,106,112
"2178",9531,1,1690,1,105,107,112
"2179",9632,1,4927,1,101,104,110
"2180",10472,1,3690,1,105,106,111
"2181",10793,1,4647,1,105,107,112
"2182",11368,1,905,1,105,106,112
"2183",11881,1,12985,1,106,108,113
"2184",11993,1,8742,1,104,106,114
"2185",12239,1,4265,1,105,107,111
"2186",12512,1,5459,1,107,108,113
"2187",12970,1,9873,1,105,107,112
"2188",13101,1,189,1,101,104,110
"2189",13217,1,12090,1,105,106,112
"2190",13368,1,13628,1,107,108,112
"2191",13462,1,14111,1,107,109,113
"2192",13846,1,8479,1,106,107,112
"2193",14083,1,6021,1,106,108,115
"2194",284,1,12090,1,104,106,113
"2195",302,1,13628,1,105,107,111
"2196",473,1,8737,1,104,106,111
"2197",501,1,5117,1,108,110,117
"2198",535,1,1813,1,103,105,111
"2199",811,1,760,1,105,107,115
"2200",826,1,11007,1,108,110,115
"2201",969,1,2694,1,109,110,114
"2202",984,1,12970,1,108,109,114
"2203",1501,1,12579,1,105,107,114
"2204",1585,1,8932,1,107,109,113
"2205",2168,1,11575,1,105,107,113
"2206",2844,1,9873,1,106,108,113
"2207",3336,1,12256,1,105,106,112
"2208",3702,1,8940,1,105,107,112
"2209",3724,1,7641,1,107,108,115
"2210",3933,1,753,1,105,106,111
"2211",4299,1,12055,1,107,110,113
"2212",4504,1,12386,1,107,108,112
"2213",4553,1,2291,1,106,108,114
"2214",4571,1,2463,1,107,108,114
"2215",4656,1,4766,1,108,110,114
"2216",4734,1,13947,1,106,108,112
"2217",4766,1,32,1,103,106,111
"2218",4877,1,35,1,109,110,115
"2219",4979,1,3672,1,102,105,112
"2220",5174,1,4906,1,104,105,112
"2221",5430,1,10608,1,107,108,115
"2222",5707,1,8932,1,108,109,115
"2223",6220,1,2366,1,101,106,111
"2224",6239,1,3511,1,104,107,113
"2225",6253,1,1690,1,105,108,114
"2226",6670,1,14543,1,104,108,114
"2227",6719,1,7766,1,105,107,111
"2228",7381,1,8375,1,108,109,113
"2229",7641,1,7521,1,104,105,111
"2230",7723,1,753,1,104,106,111
"2231",7857,1,2214,1,105,107,113
"2232",8277,1,10431,1,102,106,112
"2233",8318,1,5107,1,107,109,118
"2234",8515,1,12579,1,103,104,111
"2235",8976,1,11256,1,104,105,111
"2236",9084,1,12579,1,104,106,113
"2237",9086,1,14269,1,101,103,112
"2238",9116,1,14479,1,104,105,111
"2239",9272,1,8937,1,106,108,115
"2240",9710,1,10109,1,101,103,111
"2241",9898,1,3162,1,106,110,115
"2242",10056,1,9116,1,107,110,115
"2243",10428,1,232,1,106,108,113
"2244",10608,1,4174,1,104,106,112
"2245",10740,1,9042,1,104,107,112
"2246",10935,1,2341,1,99,105,112
"2247",11231,1,13109,1,105,107,114
"2248",11285,1,6850,1,105,108,112
"2249",11311,1,3485,1,107,109,116
"2250",11649,1,8932,1,107,108,111
"2251",11889,1,8050,1,105,107,112
"2252",12363,1,3276,1,109,110,114
"2253",12513,1,6719,1,108,110,116
"2254",12621,1,10608,1,108,109,114
"2255",12778,1,1501,1,108,109,115
"2256",12800,1,10472,1,107,108,114
"2257",13194,1,7521,1,103,107,112
"2258",13430,1,4953,1,105,106,112
"2259",13635,1,4942,1,107,108,113
"2260",13919,1,14354,1,108,109,113
"2261",13920,1,5047,1,106,108,113
"2262",14193,1,11845,1,106,108,114
"2263",14356,1,5500,1,105,108,113
"2264",35,1,8846,1,106,108,112
"2265",361,1,8803,1,108,110,117
"2266",443,1,10751,1,109,111,116
"2267",1205,1,12386,1,106,108,112
"2268",1246,1,13194,1,108,110,117
"2269",1427,1,9531,1,109,110,117
"2270",1529,1,12985,1,107,109,114
"2271",1544,1,684,1,103,108,112
"2272",1802,1,9531,1,108,111,119
"2273",2367,1,8399,1,104,107,113
"2274",2701,1,11234,1,108,110,116
"2275",2957,1,760,1,105,107,112
"2276",3132,1,6033,1,109,111,116
"2277",3182,1,9153,1,108,110,116
"2278",3276,1,5889,1,108,109,115
"2279",4808,1,8050,1,106,107,112
"2280",5016,1,4221,1,105,109,113
"2281",5020,1,6366,1,104,107,112
"2282",5274,1,302,1,108,110,117
"2283",5411,1,2342,1,106,108,112
"2284",5642,1,7965,1,107,109,114
"2285",5777,1,13911,1,108,110,119
"2286",5985,1,9660,1,106,109,115
"2287",6033,1,12868,1,107,108,112
"2288",6047,1,5642,1,110,111,116
"2289",6907,1,9967,1,108,111,114
"2290",7206,1,5020,1,109,111,116
"2291",7548,1,11231,1,108,109,114
"2292",8097,1,1684,1,110,111,116
"2293",8670,1,12090,1,105,106,114
"2294",8916,1,13846,1,108,110,117
"2295",9349,1,9272,1,109,110,116
"2296",9475,1,13101,1,105,106,113
"2297",9616,1,4652,1,105,107,114
"2298",10065,1,1000,1,106,108,113
"2299",10346,1,5016,1,110,111,115
"2300",10695,1,12386,1,108,109,115
"2301",10806,1,3336,1,108,109,114
"2302",11004,1,11368,1,106,108,113
"2303",11744,1,13834,1,107,109,114
"2304",11856,1,9661,1,105,108,113
"2305",12064,1,8742,1,105,107,112
"2306",12067,1,6409,1,108,110,115
"2307",12136,1,5034,1,107,111,116
"2308",12269,1,6253,1,109,111,116
"2309",12441,1,2983,1,107,109,115
"2310",12556,1,14354,1,109,111,117
"2311",12650,1,11072,1,104,106,113
"2312",12666,1,14177,1,101,106,113
"2313",12914,1,1888,1,108,111,114
"2314",13161,1,9661,1,107,108,116
"2315",13229,1,10022,1,109,111,117
"2316",13983,1,8046,1,108,110,115
"2317",14179,1,11311,1,110,111,114
"2318",14345,1,2239,1,106,107,112
"2319",245,1,7377,1,111,112,116
"2320",335,1,4734,1,109,110,116
"2321",340,1,11464,1,109,111,115
"2322",551,1,1643,1,108,109,113
"2323",1230,1,1888,1,110,112,119
"2324",1588,1,5564,1,106,108,113
"2325",1684,1,2997,1,108,109,113
"2326",2809,1,9401,1,108,112,117
"2327",2956,1,826,1,111,112,116
"2328",3081,1,6225,1,110,111,119
"2329",3750,1,6021,1,107,109,114
"2330",3781,1,11311,1,111,112,117
"2331",3905,1,10751,1,109,110,118
"2332",4001,1,5985,1,110,112,117
"2333",4355,1,4504,1,109,112,119
"2334",4383,1,8514,1,109,111,117
"2335",4643,1,10798,1,111,112,117
"2336",4849,1,12064,1,108,110,116
"2337",4917,1,13207,1,108,110,114
"2338",5098,1,7235,1,107,109,116
"2339",5352,1,5047,1,107,108,114
"2340",5883,1,12611,1,105,107,113
"2341",5974,1,2983,1,107,111,116
"2342",6062,1,5459,1,107,108,113
"2343",6444,1,302,1,110,112,119
"2344",6760,1,10608,1,107,109,114
"2345",7229,1,11483,1,109,111,115
"2346",7279,1,4657,1,107,110,114
"2347",7398,1,12856,1,108,112,115
"2348",7422,1,636,1,107,108,115
"2349",7533,1,11231,1,108,111,116
"2350",7587,1,7980,1,105,107,113
"2351",7672,1,11086,1,108,110,117
"2352",7998,1,7641,1,106,108,113
"2353",8072,1,10608,1,108,109,115
"2354",8210,1,13161,1,110,111,117
"2355",8233,1,12888,1,105,107,115
"2356",8741,1,10806,1,109,111,116
"2357",8761,1,4571,1,109,111,115
"2358",9060,1,3162,1,107,109,116
"2359",9219,1,5850,1,109,110,115
"2360",9476,1,5883,1,108,109,115
"2361",10090,1,8803,1,108,110,115
"2362",10127,1,4940,1,109,111,115
"2363",10586,1,13207,1,107,108,113
"2364",10751,1,12868,1,106,108,116
"2365",10798,1,4215,1,107,110,116
"2366",12072,1,13248,1,111,112,117
"2367",12354,1,4553,1,109,111,116
"2368",12533,1,8409,1,105,108,114
"2369",12593,1,7723,1,107,109,113
"2370",12981,1,4231,1,109,111,117
"2371",13476,1,6941,1,110,112,120
"2372",13673,1,8676,1,107,109,116
"2373",13951,1,535,1,108,110,115
"2374",14068,1,9852,1,108,110,114
"2375",14206,1,13638,1,106,108,114
"2376",14281,1,7857,1,108,109,113
"2377",14508,1,12055,1,109,110,117
"2378",14561,1,3724,1,109,112,116
"2379",239,1,10751,1,109,110,114
"2380",432,1,501,1,111,113,117
"2381",458,1,2904,1,106,108,114
"2382",2065,1,4808,1,109,111,118
"2383",2355,1,12555,1,106,107,115
"2384",2694,1,1367,1,106,108,114
"2385",2984,1,1544,1,110,111,117
"2386",3023,1,3639,1,111,113,119
"2387",3519,1,9349,1,111,113,118
"2388",3627,1,7548,1,110,112,118
"2389",3797,1,11004,1,109,112,119
"2390",4565,1,5089,1,107,109,114
"2391",4595,1,11056,1,106,109,115
"2392",5012,1,2409,1,111,112,116
"2393",5363,1,2121,1,103,109,115
"2394",5420,1,9126,1,106,110,115
"2395",5634,1,13983,1,110,111,114
"2396",5647,1,8676,1,107,109,115
"2397",6539,1,6239,1,108,111,116
"2398",7037,1,12486,1,110,112,116
"2399",7136,1,1406,1,109,111,117
"2400",7377,1,6104,1,107,110,114
"2401",7463,1,5020,1,107,109,114
"2402",7691,1,5062,1,109,110,118
"2403",7861,1,11464,1,107,109,116
"2404",8042,1,5280,1,108,112,118
"2405",8246,1,14083,1,108,109,116
"2406",8271,1,13207,1,109,111,115
"2407",9546,1,1542,1,106,111,117
"2408",9719,1,5647,1,110,112,120
"2409",10022,1,11072,1,104,107,114
"2410",10494,1,6182,1,111,112,119
"2411",10505,1,4877,1,111,112,119
"2412",11059,1,8670,1,107,108,114
"2413",11216,1,6225,1,110,112,117
"2414",11286,1,8862,1,105,109,114
"2415",11516,1,8670,1,109,112,118
"2416",11520,1,6225,1,110,112,120
"2417",12123,1,13430,1,108,109,115
"2418",12237,1,13928,1,110,112,120
"2419",12430,1,4215,1,106,109,116
"2420",12486,1,12888,1,107,108,115
"2421",12669,1,6253,1,109,111,116
"2422",12691,1,10056,1,110,113,118
"2423",13928,1,2997,1,107,109,115
"2424",14095,1,8547,1,106,110,115
"2425",14169,1,13673,1,112,113,117
"2426",14194,1,4665,1,110,113,119
"2427",14309,1,7135,1,109,111,115
"2428",14354,1,8050,1,105,107,114
"2429",87,1,10065,1,109,111,116
"2430",185,1,10608,1,108,109,115
"2431",982,1,10472,1,108,110,116
"2432",1292,1,1302,1,109,110,115
"2433",1295,1,984,1,112,114,119
"2434",1319,1,335,1,111,112,118
"2435",1928,1,3132,1,112,114,119
"2436",2125,1,7398,1,113,114,121
"2437",2411,1,3159,1,110,113,118
"2438",2439,1,7548,1,110,112,117
"2439",2727,1,443,1,112,113,118
"2440",2755,1,4207,1,111,114,120
"2441",3005,1,8799,1,113,114,120
"2442",3286,1,5464,1,113,114,121
"2443",3493,1,11881,1,110,114,119
"2444",3535,1,2239,1,106,110,118
"2445",4004,1,551,1,111,112,117
"2446",4314,1,8916,1,111,113,121
"2447",4482,1,1427,1,111,113,117
"2448",4522,1,87,1,112,113,118
"2449",5139,1,9349,1,111,113,119
"2450",5396,1,8414,1,110,111,117
"2451",5464,1,12512,1,110,112,117
"2452",6242,1,1585,1,111,113,121
"2453",6427,1,1290,1,109,111,117
"2454",7324,1,340,1,111,112,119
"2455",7589,1,13368,1,110,112,116
"2456",7599,1,6769,1,109,112,117
"2457",7608,1,501,1,111,113,117
"2458",8163,1,900,1,108,111,116
"2459",8302,1,335,1,112,114,119
"2460",8385,1,8547,1,107,109,115
"2461",8688,1,6670,1,110,111,119
"2462",8799,1,11285,1,110,112,117
"2463",8867,1,3905,1,111,112,117
"2464",8949,1,10751,1,109,111,117
"2465",9049,1,335,1,111,113,117
"2466",9777,1,12621,1,111,113,116
"2467",11483,1,13101,1,106,108,115
"2468",11591,1,12512,1,110,112,117
"2469",11621,1,12148,1,109,112,117
"2470",11734,1,3724,1,110,111,116
"2471",11922,1,14193,1,109,112,118
"2472",12030,1,8385,1,110,112,117
"2473",12213,1,7463,1,111,114,118
"2474",12573,1,501,1,111,114,120
"2475",13020,1,1427,1,112,114,120
"2476",13157,1,4643,1,113,114,120
"2477",13499,1,12731,1,113,114,119
"2478",527,1,13161,1,109,111,116
"2479",1022,1,14281,1,109,111,117
"2480",1649,1,13635,1,109,112,117
"2481",1714,1,12071,1,114,115,120
"2482",1799,1,2439,1,113,115,119
"2483",1993,1,2168,1,110,112,118
"2484",2709,1,6570,1,112,114,118
"2485",3059,1,8314,1,113,115,120
"2486",3407,1,10127,1,113,115,120
"2487",3639,1,6062,1,109,110,116
"2488",4464,1,6670,1,109,112,116
"2489",4547,1,5430,1,109,111,118
"2490",5246,1,6182,1,112,114,118
"2491",5520,1,1427,1,110,112,119
"2492",5931,1,361,1,111,112,121
"2493",6536,1,5352,1,110,112,116
"2494",6563,1,2440,1,113,115,121
"2495",7300,1,11516,1,113,115,119
"2496",7303,1,12148,1,110,115,120
"2497",7357,1,5020,1,109,112,116
"2498",7472,1,7599,1,113,115,122
"2499",7620,1,1872,1,113,115,120
"2500",7688,1,12981,1,112,113,118
"2501",7948,1,1544,1,110,113,119
"2502",8055,1,7861,1,110,111,116
"2503",8304,1,5396,1,112,114,118
"2504",8411,1,7377,1,112,115,121
"2505",8911,1,5396,1,111,112,116
"2506",9757,1,7998,1,109,113,121
"2507",9833,1,551,1,110,112,116
"2508",10021,1,4917,1,113,115,121
"2509",11138,1,1246,1,111,113,118
"2510",11350,1,3132,1,113,115,121
"2511",11441,1,8688,1,112,115,120
"2512",11624,1,5634,1,113,114,120
"2513",12047,1,1119,1,107,110,116
"2514",12145,1,4877,1,111,112,118
"2515",12731,1,3336,1,108,112,120
"2516",12936,1,2997,1,108,112,117
"2517",13177,1,5642,1,111,112,117
"2518",13248,1,4657,1,108,110,116
"2519",13286,1,12621,1,112,115,120
"2520",13415,1,443,1,113,114,122
"2521",13606,1,8246,1,110,111,117
"2522",13687,1,6242,1,114,115,121
"2523",664,1,11856,1,110,112,118
"2524",677,1,10505,1,113,115,118
"2525",1232,1,5520,1,113,116,121
"2526",1371,1,13958,1,114,116,121
"2527",1514,1,13543,1,115,116,121
"2528",1872,1,13161,1,109,111,117
"2529",2054,1,10740,1,111,116,121
"2530",2402,1,87,1,112,114,118
"2531",2637,1,1427,1,114,116,120
"2532",2812,1,5352,1,110,114,119
"2533",2880,1,7903,1,113,114,120
"2534",3389,1,13049,1,109,111,118
"2535",3465,1,8302,1,115,116,121
"2536",3774,1,11311,1,112,115,120
"2537",4637,1,10127,1,112,115,119
"2538",4685,1,2409,1,111,112,117
"2539",4858,1,12515,1,115,116,120
"2540",5656,1,12047,1,111,113,118
"2541",6182,1,1501,1,109,110,117
"2542",6196,1,982,1,111,113,119
"2543",6801,1,1923,1,110,112,119
"2544",6841,1,4979,1,108,111,117
"2545",6952,1,11734,1,112,114,121
"2546",7401,1,3493,1,114,116,121
"2547",7459,1,9655,1,113,115,119
"2548",7903,1,6033,1,111,112,117
"2549",7972,1,10798,1,111,112,117
"2550",7978,1,830,1,115,116,122
"2551",8196,1,6670,1,109,112,118
"2552",8200,1,2411,1,113,116,123
"2553",8300,1,12513,1,111,113,117
"2554",8314,1,1246,1,111,112,121
"2555",8396,1,7855,1,108,112,117
"2556",8640,1,4488,1,115,116,121
"2557",9339,1,7206,1,113,114,120
"2558",9645,1,9852,1,109,111,117
"2559",9655,1,7135,1,109,112,117
"2560",9743,1,5098,1,110,112,117
"2561",10020,1,9719,1,114,116,121
"2562",10192,1,10798,1,111,113,118
"2563",10689,1,4314,1,115,116,121
"2564",10835,1,1585,1,110,113,117
"2565",11768,1,87,1,112,114,120
"2566",12887,1,12354,1,112,114,117
"2567",13080,1,13635,1,110,112,118
"2568",13543,1,11734,1,113,115,120
"2569",13880,1,969,1,111,113,119
"2570",13958,1,13846,1,110,112,117
"2571",14165,1,9084,1,109,111,117
"2572",194,1,13928,1,112,116,120
"2573",673,1,12136,1,114,116,121
"2574",1163,1,12731,1,114,115,119
"2575",1482,1,13080,1,113,116,122
"2576",1595,1,5647,1,110,113,120
"2577",1835,1,7972,1,113,114,120
"2578",1846,1,14561,1,114,116,120
"2579",2089,1,245,1,114,116,121
"2580",3275,1,3286,1,115,117,121
"2581",3488,1,4482,1,114,116,121
"2582",3651,1,11744,1,110,113,118
"2583",4696,1,4272,1,116,117,121
"2584",4730,1,7159,1,115,117,123
"2585",4757,1,9476,1,111,115,120
"2586",4959,1,3905,1,111,113,120
"2587",5190,1,11624,1,116,117,124
"2588",6236,1,9475,1,110,112,118
"2589",6986,1,8097,1,113,114,118
"2590",7024,1,4685,1,114,117,121
"2591",7465,1,9616,1,110,112,118
"2592",8013,1,10346,1,113,115,120
"2593",8017,1,361,1,113,115,120
"2594",8089,1,11922,1,113,116,120
"2595",8296,1,7136,1,112,114,120
"2596",8585,1,5931,1,113,114,120
"2597",8618,1,4643,1,113,115,121
"2598",8683,1,11860,1,114,116,122
"2599",9343,1,458,1,110,112,118
"2600",9436,1,13673,1,110,113,119
"2601",9908,1,2720,1,116,117,123
"2602",9927,1,1923,1,110,111,118
"2603",10024,1,1427,1,112,115,122
"2604",10664,1,12047,1,111,112,119
"2605",11041,1,4959,1,115,116,121
"2606",11398,1,10056,1,111,113,119
"2607",11686,1,2812,1,115,117,121
"2608",11906,1,6670,1,109,111,118
"2609",11960,1,5443,1,115,116,122
"2610",12025,1,4643,1,114,117,122
"2611",12071,1,501,1,110,113,118
"2612",12940,1,14561,1,115,117,122
"2613",13523,1,3526,1,115,117,124
"2614",13704,1,3182,1,113,114,120
"2615",13756,1,516,1,115,117,122
"2616",14153,1,6841,1,113,116,122
"2617",14218,1,239,1,111,113,118
"2618",30,1,12887,1,116,118,122
"2619",392,1,4849,1,111,117,122
"2620",460,1,5274,1,111,114,119
"2621",683,1,6182,1,112,113,119
"2622",703,1,14169,1,115,117,124
"2623",866,1,3797,1,113,115,120
"2624",1046,1,3465,1,116,117,121
"2625",1164,1,1292,1,113,115,119
"2626",1944,1,3159,1,111,113,119
"2627",2069,1,3276,1,111,114,121
"2628",2277,1,7972,1,114,116,121
"2629",2588,1,12936,1,115,117,121
"2630",2717,1,7608,1,116,118,122
"2631",2878,1,7037,1,115,116,120
"2632",3846,1,12072,1,114,116,122
"2633",4122,1,13476,1,114,116,122
"2634",4272,1,8149,1,113,115,120
"2635",4488,1,12914,1,112,113,119
"2636",4651,1,1944,1,114,117,121
"2637",5736,1,12441,1,110,114,119
"2638",6570,1,616,1,109,112,119
"2639",7351,1,11441,1,115,116,120
"2640",7888,1,11621,1,114,116,121
"2641",8126,1,9645,1,113,115,119
"2642",8149,1,5647,1,112,113,120
"2643",8390,1,8126,1,117,118,123
"2644",8402,1,4696,1,117,118,122
"2645",9213,1,3526,1,116,118,123
"2646",10391,1,5931,1,113,114,121
"2647",10582,1,7206,1,113,115,120
"2648",12356,1,2727,1,114,118,123
"2649",12489,1,11744,1,111,114,119
"2650",12515,1,6841,1,112,114,119
"2651",12809,1,6444,1,113,114,119
"2652",12861,1,6242,1,114,115,121
"2653",12900,1,8761,1,112,114,120
"2654",13000,1,8013,1,115,117,122
"2655",13074,1,7377,1,113,115,121
"2656",13381,1,13983,1,111,113,119
"2657",13611,1,5012,1,114,116,123
"2658",13698,1,1928,1,115,117,122
"2659",13798,1,13880,1,114,118,125
"2660",13849,1,5707,1,111,113,120
"2661",14023,1,3182,1,114,116,121
"2662",14053,1,432,1,115,117,122
"2663",516,1,12430,1,111,114,120
"2664",657,1,3545,1,117,118,123
"2665",705,1,9546,1,113,114,121
"2666",730,1,12887,1,115,116,122
"2667",830,1,14218,1,114,115,121
"2668",1077,1,11591,1,113,115,121
"2669",1584,1,4314,1,114,116,121
"2670",1765,1,3519,1,116,119,123
"2671",2467,1,8296,1,117,119,125
"2672",2520,1,14309,1,113,115,122
"2673",2570,1,8271,1,112,116,120
"2674",3099,1,13849,1,113,115,121
"2675",3361,1,12269,1,113,115,122
"2676",3526,1,6539,1,113,115,121
"2677",3680,1,533,1,118,119,124
"2678",4686,1,4482,1,114,116,121
"2679",5379,1,432,1,114,116,120
"2680",5832,1,6570,1,115,116,122
"2681",6026,1,5736,1,115,116,121
"2682",6479,1,1595,1,114,115,121
"2683",6609,1,10798,1,112,114,120
"2684",7093,1,13286,1,116,117,121
"2685",7237,1,1584,1,116,118,123
"2686",7719,1,7608,1,114,116,120
"2687",7745,1,7978,1,117,118,123
"2688",7798,1,8314,1,115,117,121
"2689",8116,1,11398,1,114,116,121
"2690",8143,1,1799,1,116,117,122
"2691",8164,1,2125,1,115,118,123
"2692",8577,1,12145,1,113,114,122
"2693",9169,1,9339,1,116,118,123
"2694",9289,1,10798,1,111,116,122
"2695",9869,1,13880,1,115,118,124
"2696",10285,1,9645,1,112,116,120
"2697",10336,1,7303,1,116,117,123
"2698",10690,1,2809,1,114,117,122
"2699",10995,1,13983,1,112,115,120
"2700",11005,1,13020,1,116,117,123
"2701",11135,1,9289,1,117,119,123
"2702",12183,1,10024,1,116,117,123
"2703",12424,1,12515,1,115,116,125
"2704",12527,1,3286,1,115,117,121
"2705",12653,1,9049,1,116,119,124
"2706",13517,1,7159,1,114,117,123
"2707",14047,1,7472,1,116,118,123
"2708",140,1,9785,1,118,119,123
"2709",533,1,12071,1,115,117,122
"2710",1625,1,12269,1,113,116,122
"2711",1773,1,13157,1,116,119,124
"2712",1798,1,8374,1,119,120,126
"2713",1886,1,1295,1,116,118,123
"2714",2083,1,1835,1,116,117,122
"2715",2163,1,2812,1,116,118,122
"2716",2720,1,4685,1,113,115,121
"2717",2845,1,14169,1,114,117,121
"2718",3441,1,8017,1,116,118,122
"2719",3475,1,9908,1,118,119,126
"2720",3539,1,3023,1,116,117,122
"2721",3545,1,7159,1,115,116,122
"2722",4125,1,13415,1,115,118,124
"2723",4492,1,1230,1,115,117,121
"2724",5011,1,1230,1,114,118,124
"2725",5033,1,516,1,114,116,122
"2726",5118,1,12573,1,116,118,125
"2727",5376,1,5931,1,112,115,122
"2728",5413,1,3059,1,118,120,125
"2729",5443,1,1993,1,113,114,121
"2730",7159,1,982,1,112,113,121
"2731",7187,1,3441,1,119,120,125
"2732",7598,1,13074,1,118,120,126
"2733",7981,1,6609,1,115,118,123
"2734",8012,1,2812,1,116,120,124
"2735",8223,1,5656,1,114,116,121
"2736",8559,1,9757,1,115,116,122
"2737",8673,1,8296,1,116,118,123
"2738",9299,1,1077,1,117,118,122
"2739",9371,1,432,1,114,116,122
"2740",9729,1,2812,1,116,117,123
"2741",9785,1,10021,1,116,117,122
"2742",10963,1,13020,1,115,117,125
"2743",11325,1,3286,1,117,118,124
"2744",11860,1,9060,1,112,114,121
"2745",12077,1,6986,1,116,118,123
"2746",12600,1,969,1,113,116,122
"2747",12798,1,1292,1,112,115,121
"2748",12828,1,11398,1,114,115,121
"2749",13674,1,703,1,118,120,124
"2750",14005,1,3465,1,117,118,125
"2751",14260,1,10618,1,118,119,123
"2752",14505,1,13611,1,116,118,123
"2753",44,1,1928,1,117,119,125
"2754",505,1,8143,1,118,120,127
"2755",624,1,11960,1,118,119,125
"2756",887,1,13543,1,116,118,122
"2757",966,1,7978,1,117,118,123
"2758",1073,1,13698,1,118,121,128
"2759",1210,1,8116,1,116,119,123
"2760",1402,1,2125,1,115,117,125
"2761",1472,1,10024,1,116,118,122
"2762",1592,1,10336,1,119,120,125
"2763",1593,1,5705,1,117,119,126
"2764",2226,1,5736,1,115,119,124
"2765",2501,1,10280,1,115,118,123
"2766",2768,1,11768,1,116,118,122
"2767",3104,1,10731,1,119,120,124
"2768",3584,1,12600,1,117,120,125
"2769",4064,1,2054,1,117,121,126
"2770",4533,1,5705,1,116,117,122
"2771",5412,1,194,1,117,120,126
"2772",5537,1,13000,1,118,121,126
"2773",5581,1,11686,1,119,120,125
"2774",5649,1,10020,1,118,121,126
"2775",6068,1,5376,1,116,117,122
"2776",6116,1,7978,1,117,118,123
"2777",6175,1,12638,1,120,121,127
"2778",6423,1,2880,1,115,117,123
"2779",6688,1,5705,1,118,120,126
"2780",7692,1,1584,1,118,121,127
"2781",7775,1,1625,1,117,119,125
"2782",7880,1,1799,1,117,118,123
"2783",8058,1,9869,1,119,120,126
"2784",8377,1,8304,1,115,118,123
"2785",9563,1,10280,1,116,117,122
"2786",9674,1,9289,1,118,120,127
"2787",10280,1,8300,1,114,115,122
"2788",10634,1,12527,1,119,120,125
"2789",11020,1,8411,1,115,116,123
"2790",11141,1,1886,1,118,120,127
"2791",11654,1,5033,1,117,120,125
"2792",11669,1,3545,1,117,119,124
"2793",11955,1,7472,1,117,118,123
"2794",12085,1,1163,1,116,118,123
"2795",12138,1,6563,1,118,120,124
"2796",12243,1,3769,1,119,121,126
"2797",12329,1,7688,1,113,115,122
"2798",12345,1,13611,1,118,120,125
"2799",12879,1,6068,1,118,121,126
"2800",12897,1,3493,1,116,117,123
"2801",13015,1,7599,1,113,119,125
"2802",14452,1,13499,1,115,116,122
"2803",749,1,12653,1,120,122,128
"2804",1054,1,9213,1,119,120,125
"2805",1133,1,2768,1,119,121,125
"2806",1873,1,2570,1,116,118,123
"2807",1906,1,1765,1,120,121,127
"2808",1979,1,13772,1,121,122,126
"2809",2267,1,14005,1,120,121,128
"2810",2540,1,392,1,118,120,126
"2811",2695,1,8402,1,119,121,126
"2812",2805,1,14047,1,119,120,123
"2813",3292,1,1163,1,117,119,125
"2814",3334,1,2845,1,119,121,128
"2815",3713,1,3475,1,120,122,127
"2816",3769,1,7599,1,115,118,123
"2817",3925,1,1765,1,120,122,127
"2818",4333,1,7459,1,117,122,127
"2819",4503,1,5736,1,116,118,124
"2820",5705,1,14561,1,113,116,123
"2821",5787,1,7476,1,119,120,125
"2822",5819,1,392,1,118,120,124
"2823",6492,1,2880,1,116,118,123
"2824",6643,1,13756,1,119,121,126
"2825",6754,1,2069,1,116,119,125
"2826",7003,1,12653,1,120,122,126
"2827",7178,1,4686,1,120,122,127
"2828",7310,1,13286,1,117,119,126
"2829",7476,1,5376,1,116,118,124
"2830",7951,1,3099,1,117,119,127
"2831",8326,1,10689,1,117,119,123
"2832",8374,1,12071,1,114,117,123
"2833",8647,1,30,1,119,122,128
"2834",9487,1,12434,1,121,122,127
"2835",9519,1,3774,1,117,118,124
"2836",9805,1,966,1,120,121,124
"2837",10240,1,12138,1,121,122,128
"2838",10432,1,8223,1,117,118,123
"2839",10618,1,3407,1,116,117,123
"2840",10731,1,5736,1,117,118,123
"2841",11091,1,9869,1,119,120,126
"2842",11655,1,2520,1,116,118,123
"2843",11874,1,8223,1,118,121,127
"2844",11959,1,10731,1,119,120,126
"2845",12638,1,1482,1,117,120,127
"2846",13479,1,14153,1,118,119,124
"2847",13772,1,1625,1,117,120,126
"2848",13901,1,8411,1,118,122,127
"2849",14253,1,1886,1,119,121,126
"2850",225,1,12600,1,118,120,125
"2851",368,1,3488,1,119,123,128
"2852",1011,1,9740,1,120,122,127
"2853",1608,1,30,1,119,122,126
"2854",2129,1,3674,1,122,123,129
"2855",2159,1,9563,1,120,121,126
"2856",2512,1,1163,1,118,120,126
"2857",3514,1,9213,1,120,122,127
"2858",4049,1,11141,1,121,122,125
"2859",4150,1,5832,1,117,120,126
"2860",4909,1,13000,1,118,120,126
"2861",5248,1,13756,1,118,120,126
"2862",5533,1,13523,1,118,119,126
"2863",5745,1,11441,1,118,119,125
"2864",5750,1,7978,1,116,118,124
"2865",6321,1,12356,1,119,122,129
"2866",6442,1,3512,1,122,123,127
"2867",6712,1,12653,1,120,122,126
"2868",7039,1,3769,1,118,120,124
"2869",7475,1,1886,1,119,121,126
"2870",8124,1,2226,1,120,123,127
"2871",8165,1,9908,1,120,121,128
"2872",8592,1,14047,1,119,123,129
"2873",8599,1,1944,1,115,118,124
"2874",8999,1,866,1,117,120,124
"2875",9467,1,3292,1,120,123,128
"2876",10091,1,3292,1,120,123,129
"2877",10377,1,10482,1,118,119,124
"2878",10482,1,8017,1,116,117,125
"2879",10569,1,9563,1,118,122,128
"2880",10864,1,516,1,115,118,125
"2881",11017,1,7719,1,118,121,126
"2882",11373,1,3407,1,117,120,127
"2883",11742,1,9785,1,119,122,128
"2884",13054,1,2267,1,122,123,129
"2885",13399,1,13523,1,118,119,125
"2886",13580,1,1514,1,118,120,125
"2887",14062,1,9563,1,118,120,124
"2888",1235,1,2588,1,118,122,128
"2889",1273,1,8326,1,121,123,129
"2890",1759,1,1593,1,120,122,126
"2891",2668,1,9436,1,115,119,125
"2892",3024,1,1418,1,123,124,129
"2893",3555,1,8374,1,118,120,125
"2894",3562,1,5866,1,120,124,128
"2895",3632,1,10864,1,119,121,125
"2896",3777,1,7187,1,121,123,127
"2897",3903,1,5866,1,120,122,127
"2898",4290,1,9371,1,117,119,125
"2899",4561,1,140,1,120,122,127
"2900",5864,1,7880,1,119,122,128
"2901",5866,1,13020,1,117,119,125
"2902",6140,1,9299,1,120,122,126
"2903",6411,1,2505,1,123,124,130
"2904",6654,1,9289,1,118,120,127
"2905",6834,1,7798,1,119,122,128
"2906",7370,1,10641,1,122,123,128
"2907",7456,1,12526,1,121,123,129
"2908",7570,1,7187,1,121,122,128
"2909",8267,1,1593,1,121,124,129
"2910",8354,1,12809,1,116,119,126
"2911",8426,1,9869,1,120,121,127
"2912",8526,1,11017,1,123,124,129
"2913",8715,1,7692,1,122,124,129
"2914",8922,1,8143,1,118,122,128
"2915",9513,1,9729,1,118,120,127
"2916",9530,1,8402,1,119,120,126
"2917",9740,1,392,1,117,119,126
"2918",10641,1,657,1,120,122,129
"2919",10667,1,5866,1,120,122,129
"2920",10773,1,8017,1,117,120,127
"2921",10834,1,13756,1,117,119,125
"2922",10908,1,9674,1,122,123,129
"2923",11102,1,2512,1,121,122,127
"2924",11902,1,14153,1,117,121,127
"2925",11932,1,3545,1,117,120,125
"2926",12434,1,5139,1,114,121,128
"2927",12526,1,3407,1,116,120,127
"2928",12923,1,3674,1,122,124,128
"2929",13141,1,5413,1,121,123,129
"2930",13204,1,12527,1,119,121,127
"2931",13268,1,7300,1,117,120,126
"2932",13385,1,9740,1,120,122,127
"2933",13647,1,3545,1,120,121,125
"2934",13815,1,7692,1,123,124,130
"2935",138,1,6140,1,123,124,129
"2936",254,1,7411,1,124,125,129
"2937",858,1,14005,1,120,123,128
"2938",895,1,1046,1,119,121,126
"2939",1418,1,2845,1,119,122,128
"2940",1441,1,10773,1,122,123,129
"2941",1606,1,2163,1,120,122,127
"2942",1609,1,2712,1,124,125,131
"2943",1779,1,7775,1,122,124,131
"2944",2471,1,13399,1,120,122,128
"2945",3259,1,1906,1,122,124,129
"2946",3283,1,7187,1,121,122,127
"2947",3512,1,7880,1,119,121,126
"2948",3591,1,6754,1,120,122,127
"2949",3743,1,3713,1,122,123,127
"2950",4818,1,13798,1,119,121,127
"2951",5262,1,2467,1,120,122,128
"2952",5355,1,11669,1,120,122,128
"2953",5822,1,12138,1,121,122,128
"2954",6515,1,7187,1,122,123,129
"2955",7064,1,8673,1,119,121,126
"2956",7072,1,10634,1,122,124,129
"2957",7119,1,3407,1,115,121,126
"2958",7327,1,9487,1,123,125,130
"2959",7411,1,9519,1,120,122,127
"2960",8026,1,7024,1,119,120,126
"2961",8092,1,966,1,119,121,127
"2962",8197,1,10908,1,124,125,130
"2963",8218,1,12638,1,122,124,130
"2964",8242,1,13698,1,118,120,127
"2965",9399,1,8242,1,121,122,127
"2966",9424,1,10837,1,122,124,128
"2967",9891,1,7951,1,121,124,129
"2968",9918,1,12324,1,123,125,128
"2969",10166,1,8326,1,120,121,126
"2970",10837,1,13479,1,120,121,126
"2971",10885,1,12940,1,119,120,126
"2972",11951,1,7598,1,120,123,129
"2973",12391,1,3920,1,123,125,132
"2974",13076,1,7880,1,120,121,126
"2975",14322,1,6643,1,122,124,129
"2976",14333,1,13399,1,121,123,129
"2977",14443,1,10731,1,119,121,128
"2978",14565,1,14443,1,123,125,130
"2979",493,1,5018,1,122,124,129
"2980",1223,1,8143,1,118,121,127
"2981",1782,1,8354,1,120,123,129
"2982",2726,1,12573,1,117,119,127
"2983",3172,1,3920,1,122,126,130
"2984",3656,1,8647,1,123,124,132
"2985",3674,1,10336,1,119,120,127
"2986",3780,1,10837,1,122,124,128
"2987",3920,1,3545,1,119,122,128
"2988",4607,1,5456,1,124,126,132
"2989",4661,1,13399,1,120,122,127
"2990",4904,1,2668,1,124,126,129
"2991",5018,1,14047,1,119,121,127
"2992",5456,1,225,1,121,123,127
"2993",5483,1,10091,1,125,126,132
"2994",5893,1,2726,1,122,123,128
"2995",6567,1,1441,1,124,126,133
"2996",6607,1,1054,1,121,124,129
"2997",6699,1,2512,1,123,124,131
"2998",7490,1,1133,1,122,124,128
"2999",8121,1,10995,1,117,120,127
"3000",8732,1,7775,1,121,122,128
"3001",9068,1,5456,1,124,126,131
"3002",9507,1,2512,1,121,123,129
"3003",9803,1,3743,1,124,126,131
"3004",10197,1,1873,1,119,121,128
"3005",10573,1,12526,1,122,124,129
"3006",11178,1,44,1,122,123,128
"3007",11709,1,9487,1,123,124,129
"3008",12375,1,13580,1,121,123,128
"3009",12507,1,8526,1,125,126,131
"3010",12575,1,13901,1,123,125,131
"3011",12717,1,7310,1,121,124,128
"3012",13025,1,9740,1,124,125,131
"3013",13041,1,1210,1,120,125,130
"3014",13117,1,9891,1,124,126,130
"3015",13178,1,1773,1,120,124,128
"3016",13719,1,3920,1,123,125,130
"3017",13736,1,5262,1,124,126,132
"3018",14407,1,7692,1,123,125,133
"3019",467,1,12324,1,122,124,130
"3020",468,1,11102,1,123,125,129
"3021",690,1,10482,1,119,122,128
"3022",913,1,10305,1,125,127,132
"3023",2505,1,12345,1,122,123,129
"3024",3006,1,10837,1,125,127,134
"3025",3479,1,6834,1,124,125,134
"3026",3536,1,13901,1,123,125,129
"3027",4059,1,9891,1,125,127,132
"3028",4866,1,6699,1,125,127,133
"3029",6373,1,8012,1,121,124,129
"3030",6410,1,13744,1,125,127,132
"3031",6504,1,1011,1,123,125,130
"3032",7603,1,5787,1,121,122,128
"3033",8043,1,14053,1,119,124,129
"3034",8398,1,1606,1,124,126,132
"3035",8743,1,140,1,121,123,129
"3036",8787,1,368,1,124,126,132
"3037",8977,1,10773,1,121,123,129
"3038",9358,1,6373,1,125,126,131
"3039",9407,1,8715,1,125,126,132
"3040",12255,1,7981,1,119,121,128
"3041",12324,1,5750,1,120,122,129
"3042",12381,1,12138,1,122,123,128
"3043",12448,1,4661,1,124,126,131
"3044",12718,1,8599,1,120,121,128
"3045",12777,1,14333,1,124,126,132
"3046",13084,1,5181,1,126,127,132
"3047",13211,1,14443,1,122,124,129
"3048",13663,1,5537,1,122,124,130
"3049",14196,1,1782,1,124,125,130
"3050",14308,1,5018,1,121,124,129
"3051",14317,1,5893,1,123,125,132
"3052",14397,1,8326,1,121,122,129
"3053",537,1,10025,1,126,128,132
"3054",656,1,11951,1,123,125,130
"3055",1499,1,3292,1,123,126,131
"3056",1784,1,13211,1,126,128,132
"3057",2712,1,3680,1,121,123,129
"3058",3582,1,2749,1,126,127,131
"3059",4566,1,11813,1,127,128,133
"3060",4795,1,7178,1,124,125,132
"3061",6146,1,1608,1,122,126,131
"3062",6438,1,10377,1,120,123,129
"3063",6694,1,6175,1,124,126,132
"3064",7052,1,10197,1,123,125,130
"3065",7446,1,2845,1,120,123,129
"3066",7711,1,493,1,125,127,133
"3067",8229,1,11325,1,121,124,130
"3068",9047,1,8043,1,126,128,132
"3069",9262,1,12717,1,124,126,131
"3070",9354,1,1223,1,124,126,133
"3071",9676,1,5864,1,123,125,132
"3072",10019,1,7072,1,125,126,131
"3073",10071,1,3555,1,123,125,131
"3074",10259,1,2467,1,121,123,129
"3075",10305,1,8143,1,121,123,129
"3076",11813,1,44,1,121,125,129
"3077",12587,1,7052,1,126,128,133
"3078",12740,1,14062,1,120,123,129
"3079",13119,1,13204,1,123,126,129
"3080",13744,1,9740,1,122,125,130
"3081",13820,1,6504,1,125,127,133
"3082",13977,1,12391,1,127,128,132
"3083",14113,1,13141,1,124,126,132
"3084",14136,1,10156,1,126,127,132
"3085",14492,1,7475,1,122,124,129
"3086",219,1,9891,1,127,129,134
"3087",437,1,10667,1,123,124,130
"3088",845,1,1782,1,124,127,133
"3089",1139,1,7446,1,125,127,131
"3090",1397,1,13744,1,125,127,132
"3091",1411,1,9805,1,123,125,130
"3092",2382,1,1759,1,124,126,130
"3093",2749,1,10837,1,122,124,132
"3094",3067,1,8267,1,125,126,131
"3095",3268,1,8526,1,127,129,134
"3096",4562,1,11813,1,126,127,133
"3097",4677,1,8113,1,128,129,136
"3098",5399,1,3512,1,124,126,131
"3099",5450,1,8715,1,125,126,131
"3100",5699,1,437,1,125,128,131
"3101",6900,1,4607,1,127,129,135
"3102",7553,1,12356,1,120,123,131
"3103",7585,1,7370,1,123,125,131
"3104",7834,1,254,1,126,128,133
"3105",8664,1,5483,1,127,129,134
"3106",8963,1,14196,1,126,127,133
"3107",9010,1,10573,1,125,128,134
"3108",9063,1,3479,1,127,129,135
"3109",9978,1,13025,1,127,129,134
"3110",10595,1,12381,1,124,126,131
"3111",11868,1,11243,1,128,129,134
"3112",12948,1,3536,1,126,128,134
"3113",13044,1,13772,1,122,125,131
"3114",13097,1,6643,1,122,124,132
"3115",13436,1,7411,1,123,126,132
"3116",13455,1,4064,1,124,127,133
"3117",13486,1,11102,1,124,126,131
"3118",13501,1,7692,1,122,124,130
"3119",13665,1,138,1,126,128,135
"3120",117,1,14492,1,125,127,135
"3121",397,1,7003,1,124,126,131
"3122",651,1,10305,1,125,128,133
"3123",1078,1,13141,1,126,129,134
"3124",1123,1,858,1,124,126,131
"3125",1516,1,10227,1,129,130,136
"3126",2832,1,140,1,120,125,132
"3127",3445,1,1397,1,128,130,138
"3128",3447,1,8267,1,126,128,133
"3129",3460,1,6438,1,126,128,134
"3130",3474,1,13455,1,128,130,135
"3131",3738,1,6515,1,125,126,131
"3132",3930,1,12718,1,122,124,131
"3133",3965,1,13455,1,129,130,136
"3134",4010,1,2171,1,129,130,136
"3135",4158,1,6146,1,128,130,134
"3136",4550,1,8526,1,125,128,135
"3137",4645,1,1411,1,126,128,134
"3138",5181,1,11709,1,125,126,132
"3139",5691,1,10019,1,127,130,137
"3140",5849,1,895,1,122,125,133
"3141",6451,1,437,1,127,129,134
"3142",7387,1,8922,1,124,126,133
"3143",7508,1,9213,1,122,123,132
"3144",8113,1,4904,1,126,127,132
"3145",8431,1,3514,1,123,125,132
"3146",8473,1,14333,1,126,128,134
"3147",8619,1,6410,1,128,129,135
"3148",10025,1,10197,1,123,126,131
"3149",10057,1,11243,1,128,130,136
"3150",10156,1,3777,1,124,125,131
"3151",10955,1,7072,1,126,128,134
"3152",11008,1,3479,1,126,129,135
"3153",11606,1,12345,1,122,125,131
"3154",11786,1,3479,1,126,128,131
"3155",12529,1,13277,1,127,129,134
"3156",12967,1,6694,1,127,130,136
"3157",13153,1,13436,1,127,129,134
"3158",13636,1,1411,1,127,129,133
"3159",14339,1,138,1,125,127,132
"3160",14439,1,8267,1,125,126,132
"3161",14566,1,10227,1,129,130,134
"3162",338,1,14113,1,128,131,135
"3163",383,1,8732,1,126,129,134
"3164",796,1,13119,1,128,129,136
"3165",2171,1,7910,1,126,128,133
"3166",4523,1,10908,1,127,128,132
"3167",4995,1,14322,1,127,129,135
"3168",5008,1,10091,1,124,127,132
"3169",5013,1,13736,1,127,130,135
"3170",5021,1,4523,1,129,130,135
"3171",6349,1,9424,1,125,128,132
"3172",7002,1,3283,1,125,128,134
"3173",7057,1,3447,1,129,131,135
"3174",7616,1,656,1,127,131,135
"3175",7793,1,11606,1,126,128,133
"3176",7910,1,1765,1,121,125,132
"3177",8156,1,437,1,125,127,133
"3178",8584,1,3536,1,127,129,134
"3179",8995,1,5490,1,128,131,135
"3180",9611,1,10573,1,126,127,132
"3181",10768,1,4566,1,128,130,139
"3182",11243,1,8218,1,125,127,135
"3183",11583,1,12575,1,126,128,132
"3184",11863,1,14317,1,127,128,133
"3185",12161,1,2832,1,127,131,137
"3186",12741,1,9611,1,128,129,136
"3187",12915,1,8743,1,126,128,133
"3188",13536,1,14509,1,129,131,135
"3189",14090,1,437,1,125,128,132
"3190",14139,1,3891,1,127,129,132
"3191",14533,1,12529,1,130,131,135
"3192",710,1,3447,1,129,132,139
"3193",914,1,8113,1,130,132,137
"3194",1037,1,9676,1,126,129,137
"3195",2433,1,12897,1,119,124,133
"3196",2525,1,12717,1,125,128,133
"3197",2705,1,8156,1,128,130,138
"3198",3438,1,9891,1,126,129,137
"3199",4487,1,7411,1,124,128,133
"3200",4946,1,1397,1,128,129,135
"3201",5101,1,1139,1,128,132,138
"3202",5490,1,10837,1,124,126,133
"3203",6213,1,749,1,126,128,133
"3204",6218,1,10641,1,123,127,133
"3205",6832,1,3006,1,129,130,135
"3206",7095,1,7834,1,129,131,135
"3207",7474,1,12575,1,126,128,135
"3208",7912,1,1779,1,125,128,133
"3209",8073,1,5181,1,130,132,137
"3210",8544,1,656,1,128,129,134
"3211",8597,1,10955,1,129,131,137
"3212",9088,1,13041,1,127,128,133
"3213",9469,1,4904,1,127,128,133
"3214",10227,1,7327,1,126,127,133
"3215",10298,1,5893,1,126,127,134
"3216",10313,1,9068,1,127,130,134
"3217",10379,1,12575,1,126,130,135
"3218",10670,1,12147,1,130,131,136
"3219",11284,1,8619,1,130,131,135
"3220",12147,1,3024,1,125,127,134
"3221",12265,1,11243,1,130,131,138
"3222",12404,1,397,1,128,131,137
"3223",12581,1,219,1,130,132,137
"3224",12757,1,3024,1,125,128,134
"3225",13277,1,13385,1,124,126,133
"3226",13541,1,2302,1,129,130,133
"3227",14411,1,8619,1,130,131,139
"3228",14509,1,6834,1,124,127,133
"3229",14582,1,10156,1,126,128,133
"3230",96,1,2525,1,129,130,135
"3231",323,1,1397,1,130,133,139
"3232",980,1,14509,1,128,130,135
"3233",1490,1,8963,1,129,133,141
"3234",1740,1,12915,1,129,131,136
"3235",1808,1,8496,1,131,133,137
"3236",2734,1,7711,1,128,129,136
"3237",2943,1,8197,1,126,129,135
"3238",3195,1,2734,1,129,132,139
"3239",3317,1,3268,1,131,132,136
"3240",3755,1,9758,1,131,133,140
"3241",3891,1,13385,1,124,126,134
"3242",5605,1,13117,1,127,129,134
"3243",5607,1,12575,1,126,129,136
"3244",5686,1,8664,1,131,133,141
"3245",5807,1,12147,1,128,131,135
"3246",6297,1,10885,1,123,129,136
"3247",6531,1,3445,1,131,132,137
"3248",6749,1,5691,1,130,132,138
"3249",6805,1,1784,1,128,130,135
"3250",6816,1,9354,1,127,128,136
"3251",7027,1,5605,1,130,131,137
"3252",7044,1,8584,1,130,132,137
"3253",7383,1,9803,1,127,130,135
"3254",7405,1,14136,1,127,129,136
"3255",7642,1,5021,1,131,132,137
"3256",7994,1,9803,1,128,130,135
"3257",8063,1,3460,1,129,130,134
"3258",8496,1,6438,1,127,129,135
"3259",8714,1,14509,1,129,131,138
"3260",8775,1,8113,1,129,130,134
"3261",9493,1,7057,1,132,133,140
"3262",9502,1,7994,1,132,133,139
"3263",9536,1,9047,1,129,132,135
"3264",9758,1,6607,1,125,129,135
"3265",10611,1,7912,1,130,131,137
"3266",10686,1,4995,1,130,131,135
"3267",11224,1,12529,1,129,130,136
"3268",11862,1,4523,1,129,131,138
"3269",12955,1,6373,1,128,131,136
"3270",13412,1,11786,1,129,131,135
"3271",13601,1,10057,1,131,133,138
"3272",13751,1,5849,1,126,129,134
"3273",644,1,8775,1,131,132,139
"3274",1297,1,7616,1,132,134,139
"3275",1467,1,12507,1,128,130,135
"3276",1570,1,3195,1,133,134,139
"3277",1598,1,845,1,129,131,137
"3278",1732,1,7642,1,132,134,138
"3279",2302,1,12575,1,126,128,135
"3280",2646,1,6411,1,128,131,135
"3281",2716,1,796,1,131,134,137
"3282",3610,1,2943,1,130,132,137
"3283",3876,1,12147,1,128,130,136
"3284",3926,1,6218,1,132,134,139
"3285",4285,1,3582,1,127,131,138
"3286",5302,1,13665,1,129,131,136
"3287",6125,1,4645,1,129,130,135
"3288",7231,1,12507,1,129,130,136
"3289",7266,1,3445,1,132,134,138
"3290",8459,1,14533,1,132,134,138
"3291",8475,1,2171,1,131,132,137
"3292",8917,1,14533,1,132,133,139
"3293",8958,1,14136,1,130,132,137
"3294",9728,1,12381,1,125,129,135
"3295",9858,1,3438,1,131,132,135
"3296",10112,1,1740,1,131,134,140
"3297",10281,1,11868,1,131,133,138
"3298",10694,1,9407,1,127,130,136
"3299",10736,1,1740,1,132,134,139
"3300",11024,1,8473,1,130,132,137
"3301",11155,1,2171,1,130,133,140
"3302",11237,1,9262,1,127,129,135
"3303",11979,1,4161,1,132,133,138
"3304",14553,1,2525,1,130,132,136
"3305",619,1,5691,1,131,133,137
"3306",745,1,10677,1,133,135,141
"3307",1062,1,4059,1,128,131,136
"3308",1298,1,12741,1,129,131,136
"3309",1937,1,2943,1,131,132,138
"3310",2042,1,9858,1,132,135,138
"3311",2123,1,12079,1,132,134,138
"3312",2430,1,7474,1,130,132,137
"3313",2907,1,9354,1,128,130,136
"3314",3358,1,14533,1,131,133,138
"3315",3969,1,9047,1,129,131,137
"3316",4068,1,12161,1,132,133,137
"3317",4161,1,5008,1,128,131,138
"3318",4178,1,12967,1,131,134,140
"3319",5037,1,14439,1,128,130,136
"3320",5553,1,914,1,133,135,141
"3321",5576,1,710,1,132,133,139
"3322",7075,1,10595,1,128,130,136
"3323",8188,1,7383,1,131,133,138
"3324",8424,1,11583,1,129,132,137
"3325",8841,1,4158,1,131,132,137
"3326",10500,1,13412,1,132,133,138
"3327",10568,1,13636,1,129,131,138
"3328",11524,1,8063,1,131,134,139
"3329",11577,1,10298,1,130,131,138
"3330",11864,1,3876,1,131,134,140
"3331",11977,1,1467,1,131,133,140
"3332",12079,1,9611,1,129,131,137
"3333",12135,1,7027,1,132,134,138
"3334",12184,1,6531,1,133,134,138
"3335",12275,1,12147,1,129,131,139
"3336",12547,1,12581,1,133,134,140
"3337",13322,1,8475,1,132,133,138
"3338",13496,1,9858,1,134,135,138
"3339",13892,1,3965,1,131,133,138
"3340",14178,1,11008,1,130,132,137
"3341",374,1,1298,1,132,133,139
"3342",1150,1,2646,1,133,135,144
"3343",1648,1,8276,1,133,134,139
"3344",1976,1,13489,1,135,136,141
"3345",2406,1,9063,1,130,132,138
"3346",4012,1,8958,1,133,136,143
"3347",4063,1,1037,1,131,133,139
"3348",4358,1,8995,1,132,133,142
"3349",4401,1,4158,1,131,133,140
"3350",4481,1,5008,1,130,133,140
"3351",5146,1,10227,1,128,130,137
"3352",5309,1,1740,1,132,133,139
"3353",5840,1,5101,1,134,135,140
"3354",6075,1,8995,1,133,134,140
"3355",6880,1,3268,1,132,134,138
"3356",7388,1,12587,1,130,132,137
"3357",8276,1,3965,1,131,132,138
"3358",8980,1,9536,1,133,134,138
"3359",9561,1,8424,1,133,134,139
"3360",10106,1,12284,1,135,136,142
"3361",10238,1,9262,1,127,130,137
"3362",10677,1,10227,1,128,131,137
"3363",11683,1,5021,1,131,133,140
"3364",11916,1,7405,1,130,132,138
"3365",12284,1,644,1,133,134,138
"3366",12525,1,13601,1,134,135,142
"3367",13030,1,5699,1,129,131,138
"3368",14134,1,8063,1,131,134,140
"3369",14432,1,9978,1,130,133,138
"3370",15,1,338,1,133,135,140
"3371",251,1,6531,1,134,135,140
"3372",421,1,9758,1,130,131,139
"3373",1199,1,96,1,132,136,141
"3374",1485,1,6531,1,135,136,141
"3375",2099,1,11237,1,130,131,138
"3376",2510,1,3445,1,133,134,138
"3377",3071,1,14533,1,134,135,139
"3378",3837,1,12035,1,135,137,141
"3379",4519,1,8917,1,135,137,142
"3380",5504,1,5101,1,133,135,141
"3381",5665,1,1078,1,130,133,138
"3382",5764,1,374,1,134,136,143
"3383",6919,1,14566,1,132,134,138
"3384",6968,1,2430,1,133,135,141
"3385",7122,1,1490,1,134,136,141
"3386",7350,1,10313,1,133,134,139
"3387",8403,1,1609,1,129,131,140
"3388",8558,1,10670,1,133,136,140
"3389",9862,1,11683,1,135,137,142
"3390",10470,1,1808,1,134,135,140
"3391",11301,1,10281,1,134,135,139
"3392",11851,1,3876,1,131,134,139
"3393",12175,1,8958,1,134,136,140
"3394",12930,1,2497,1,134,136,139
"3395",13061,1,1570,1,135,136,142
"3396",13566,1,12757,1,130,134,139
"3397",14105,1,13489,1,134,136,144
"3398",14277,1,7075,1,132,133,138
"3399",1263,1,12525,1,136,137,141
"3400",1323,1,6968,1,136,137,142
"3401",1780,1,13061,1,136,138,141
"3402",2497,1,12079,1,132,133,139
"3403",2629,1,8073,1,134,135,139
"3404",2783,1,3268,1,131,135,141
"3405",3280,1,2123,1,135,138,144
"3406",3607,1,14178,1,133,135,141
"3407",3842,1,6531,1,134,136,143
"3408",4439,1,4012,1,137,138,144
"3409",4934,1,4057,1,133,135,141
"3410",5247,1,5607,1,132,135,142
"3411",5284,1,8459,1,135,137,141
"3412",7394,1,10238,1,133,136,141
"3413",8036,1,4677,1,131,133,139
"3414",8172,1,4401,1,134,136,140
"3415",9402,1,12362,1,136,137,140
"3416",10479,1,4401,1,135,137,145
"3417",10619,1,14533,1,134,135,141
"3418",10744,1,8063,1,133,135,140
"3419",10921,1,4617,1,137,138,143
"3420",10933,1,1485,1,137,138,143
"3421",10936,1,13186,1,137,138,146
"3422",10960,1,8276,1,135,136,142
"3423",11667,1,1199,1,137,138,142
"3424",12035,1,12147,1,130,134,140
"3425",12362,1,8917,1,134,135,141
"3426",12407,1,2629,1,137,138,144
"3427",13854,1,4063,1,134,137,143
"3428",281,1,11301,1,137,138,143
"3429",1417,1,3195,1,132,134,141
"3430",1624,1,10470,1,135,138,142
"3431",2178,1,14019,1,136,138,144
"3432",2387,1,323,1,135,137,141
"3433",2710,1,8073,1,133,136,142
"3434",2860,1,10313,1,132,134,140
"3435",2946,1,323,1,136,139,142
"3436",3694,1,219,1,132,134,140
"3437",3770,1,8475,1,133,135,140
"3438",3847,1,3755,1,135,138,142
"3439",4057,1,9758,1,131,132,140
"3440",4351,1,6968,1,136,138,145
"3441",4649,1,5247,1,137,139,143
"3442",4864,1,9887,1,136,138,144
"3443",5519,1,1199,1,136,139,145
"3444",5573,1,7266,1,135,138,143
"3445",6579,1,9063,1,131,134,140
"3446",6650,1,1298,1,134,136,140
"3447",7255,1,2406,1,135,136,140
"3448",8060,1,10960,1,137,139,145
"3449",8848,1,8995,1,133,135,143
"3450",9887,1,2302,1,129,134,140
"3451",10276,1,10874,1,136,138,143
"3452",10860,1,5309,1,134,136,143
"3453",10874,1,2497,1,135,136,140
"3454",11420,1,3755,1,134,136,142
"3455",11450,1,7182,1,137,139,144
"3456",11695,1,374,1,133,137,141
"3457",11891,1,10670,1,134,135,141
"3458",12048,1,8073,1,133,136,142
"3459",14019,1,12547,1,135,136,140
"3460",14036,1,4063,1,134,135,142
"3461",79,1,12525,1,137,138,144
"3462",1489,1,9493,1,133,135,144
"3463",2444,1,6919,1,136,138,143
"3464",4868,1,14277,1,136,137,143
"3465",4954,1,11420,1,138,140,145
"3466",6577,1,8172,1,138,139,143
"3467",7182,1,1298,1,133,136,141
"3468",7629,1,8714,1,133,134,143
"3469",7751,1,13854,1,137,139,145
"3470",7892,1,11301,1,135,137,142
"3471",7928,1,3083,1,139,140,145
"3472",8401,1,251,1,139,140,147
"3473",8432,1,5665,1,134,137,143
"3474",9562,1,13601,1,135,137,141
"3475",9905,1,7044,1,136,137,144
"3476",10295,1,7477,1,138,140,145
"3477",10603,1,644,1,133,134,141
"3478",10642,1,12184,1,135,137,141
"3479",11023,1,10860,1,137,139,145
"3480",11821,1,1732,1,135,136,141
"3481",13474,1,7394,1,137,138,143
"3482",13489,1,1516,1,131,134,141
"3483",13539,1,2705,1,131,134,141
"3484",13645,1,11891,1,138,140,146
"3485",14024,1,10860,1,137,139,144
"3486",14164,1,11851,1,135,137,144
"3487",14441,1,11301,1,135,137,144
"3488",1547,1,10106,1,137,140,145
"3489",1742,1,10936,1,139,141,146
"3490",2666,1,12930,1,138,140,146
"3491",2738,1,5284,1,138,141,145
"3492",2987,1,12407,1,139,140,146
"3493",3109,1,14164,1,139,141,147
"3494",3221,1,2497,1,136,137,142
"3495",3300,1,10860,1,137,139,145
"3496",3570,1,4439,1,139,141,146
"3497",3720,1,15,1,138,141,144
"3498",3955,1,11420,1,138,140,145
"3499",4320,1,9502,1,136,138,143
"3500",4577,1,8224,1,139,140,145
"3501",4617,1,2525,1,132,134,142
"3502",5358,1,12175,1,137,139,144
"3503",6032,1,6564,1,139,141,146
"3504",6129,1,11979,1,134,136,142
"3505",6211,1,9502,1,136,139,145
"3506",6215,1,4063,1,134,137,142
"3507",6293,1,12362,1,137,138,142
"3508",6460,1,13496,1,136,139,146
"3509",6955,1,13186,1,137,139,144
"3510",7087,1,4868,1,140,141,146
"3511",7847,1,10874,1,138,141,145
"3512",8224,1,14134,1,135,137,143
"3513",8243,1,8036,1,135,137,143
"3514",8397,1,13489,1,136,138,143
"3515",8524,1,7629,1,135,137,142
"3516",9533,1,7266,1,135,137,143
"3517",9762,1,8459,1,137,140,145
"3518",10384,1,11891,1,137,139,145
"3519",10438,1,8524,1,138,141,148
"3520",10659,1,2947,1,138,139,143
"3521",11781,1,6919,1,135,138,143
"3522",11828,1,6968,1,137,139,143
"3523",12126,1,5686,1,135,139,146
"3524",12511,1,11155,1,136,138,143
"3525",13083,1,8848,1,136,138,143
"3526",13173,1,2279,1,140,141,146
"3527",13186,1,8917,1,135,136,142
"3528",14103,1,4057,1,133,134,142
"3529",246,1,9536,1,134,141,147
"3530",1762,1,14277,1,135,137,144
"3531",2374,1,1199,1,138,140,144
"3532",2824,1,13474,1,139,141,146
"3533",2840,1,1976,1,137,140,145
"3534",3083,1,1976,1,137,138,145
"3535",3094,1,10479,1,138,139,144
"3536",4517,1,11667,1,140,141,146
"3537",4882,1,1780,1,139,140,146
"3538",4918,1,12362,1,136,139,143
"3539",5064,1,3221,1,139,141,148
"3540",5522,1,8224,1,138,140,145
"3541",6072,1,10479,1,137,139,146
"3542",6469,1,5504,1,135,137,143
"3543",6855,1,8243,1,138,140,146
"3544",6997,1,2042,1,136,137,143
"3545",7477,1,12362,1,136,138,143
"3546",8672,1,5504,1,140,141,146
"3547",8797,1,6215,1,138,140,146
"3548",9132,1,9562,1,139,140,145
"3549",10875,1,8848,1,137,140,145
"3550",11323,1,12262,1,139,141,146
"3551",11626,1,14036,1,138,139,146
"3552",11636,1,10470,1,138,139,143
"3553",11716,1,9402,1,138,141,147
"3554",12113,1,4519,1,138,139,144
"3555",12196,1,10470,1,137,139,145
"3556",12262,1,14036,1,136,137,143
"3557",12891,1,3926,1,136,139,143
"3558",13382,1,6469,1,139,141,145
"3559",13413,1,6650,1,137,140,144
"3560",14273,1,3607,1,136,138,143
"3561",14400,1,5519,1,140,141,145
"3562",14444,1,4178,1,137,138,146
"3563",395,1,5095,1,141,143,149
"3564",865,1,1780,1,139,140,145
"3565",1060,1,8558,1,138,140,145
"3566",1355,1,5519,1,140,143,148
"3567",1849,1,1648,1,136,137,145
"3568",2187,1,8432,1,138,140,145
"3569",2268,1,5573,1,139,140,147
"3570",2279,1,11821,1,137,139,144
"3571",2557,1,6855,1,141,142,148
"3572",2672,1,8186,1,140,143,147
"3573",2947,1,2629,1,135,137,144
"3574",4208,1,8060,1,139,143,149
"3575",4246,1,13489,1,136,138,144
"3576",5095,1,12184,1,137,139,144
"3577",5614,1,6215,1,138,141,147
"3578",5735,1,12048,1,137,139,145
"3579",6564,1,10619,1,136,138,144
"3580",6689,1,2387,1,139,143,148
"3581",6750,1,2510,1,135,139,144
"3582",8133,1,10295,1,142,143,148
"3583",8231,1,2178,1,140,143,147
"3584",8320,1,10960,1,137,139,144
"3585",8357,1,12048,1,138,140,145
"3586",9097,1,5247,1,137,140,146
"3587",9396,1,12484,1,138,140,146
"3588",10444,1,9905,1,139,141,145
"3589",10509,1,4954,1,141,142,147
"3590",10628,1,4954,1,141,142,147
"3591",10971,1,10921,1,139,141,145
"3592",11521,1,13489,1,138,140,145
"3593",12484,1,6650,1,136,138,144
"3594",12649,1,12126,1,141,143,147
"3595",13699,1,13322,1,134,137,144
"3596",76,1,14134,1,135,140,146
"3597",1168,1,10384,1,141,143,147
"3598",2542,1,9762,1,141,142,147
"3599",3330,1,5522,1,142,143,150
"3600",4021,1,2161,1,141,142,147
"3601",4694,1,11472,1,143,144,149
"3602",4955,1,6032,1,143,144,150
"3603",5315,1,11626,1,140,142,146
"3604",6765,1,11023,1,141,143,149
"3605",7094,1,13061,1,137,139,145
"3606",7744,1,76,1,141,143,148
"3607",7931,1,5358,1,142,144,149
"3608",8170,1,2666,1,141,144,148
"3609",8729,1,4320,1,140,142,149
"3610",9510,1,6293,1,140,142,145
"3611",10092,1,5095,1,140,142,148
"3612",10848,1,9097,1,141,143,148
"3613",10991,1,2947,1,138,140,147
"3614",11353,1,2946,1,141,143,148
"3615",11376,1,7928,1,141,142,149
"3616",11469,1,10444,1,142,144,148
"3617",11472,1,5735,1,141,142,148
"3618",11487,1,10444,1,142,144,148
"3619",11535,1,11828,1,140,141,147
"3620",11844,1,4351,1,139,144,147
"3621",12118,1,6997,1,139,142,149
"3622",13305,1,4481,1,137,141,146
"3623",14132,1,2987,1,141,142,148
"3624",14412,1,6968,1,136,139,147
"3625",14454,1,4351,1,141,143,148
"3626",877,1,4246,1,139,142,146
"3627",1229,1,4320,1,140,142,146
"3628",1330,1,8186,1,140,142,148
"3629",1510,1,1323,1,140,142,149
"3630",1613,1,11023,1,141,142,148
"3631",2161,1,14105,1,137,140,146
"3632",2839,1,4018,1,143,145,152
"3633",3020,1,1976,1,138,141,148
"3634",3873,1,14273,1,141,142,148
"3635",4018,1,3837,1,140,142,147
"3636",4654,1,3842,1,138,141,147
"3637",5317,1,3020,1,142,145,150
"3638",6284,1,4577,1,142,144,152
"3639",6583,1,2987,1,142,145,151
"3640",7137,1,11420,1,139,140,146
"3641",7591,1,11023,1,141,143,147
"3642",8263,1,8060,1,141,143,148
"3643",8330,1,10659,1,140,142,149
"3644",9752,1,12196,1,140,142,146
"3645",9798,1,79,1,141,143,148
"3646",10126,1,3570,1,143,144,148
"3647",10246,1,6855,1,140,143,148
"3648",10310,1,6750,1,140,143,148
"3649",10649,1,12484,1,139,141,147
"3650",10662,1,6955,1,142,144,149
"3651",11165,1,5735,1,140,144,149
"3652",11333,1,8320,1,139,140,146
"3653",11374,1,8654,1,143,145,150
"3654",11511,1,12484,1,140,142,147
"3655",12447,1,877,1,143,144,150
"3656",12890,1,10649,1,142,144,153
"3657",14383,1,9762,1,141,143,150
"3658",734,1,6855,1,142,144,151
"3659",773,1,2279,1,141,143,147
"3660",1245,1,14400,1,143,145,151
"3661",1636,1,9396,1,143,145,151
"3662",2959,1,1168,1,145,146,153
"3663",3140,1,11511,1,144,146,152
"3664",4205,1,13305,1,142,143,148
"3665",4264,1,4918,1,141,146,150
"3666",4881,1,3837,1,140,144,149
"3667",5233,1,8672,1,142,144,151
"3668",5370,1,8186,1,140,142,147
"3669",5836,1,1849,1,138,140,147
"3670",6981,1,13083,1,139,141,147
"3671",7848,1,8401,1,143,145,150
"3672",8186,1,7266,1,136,139,148
"3673",8250,1,6765,1,144,145,152
"3674",8583,1,7847,1,142,144,150
"3675",8654,1,11023,1,140,142,148
"3676",9420,1,3020,1,142,143,147
"3677",9492,1,2840,1,141,144,150
"3678",9623,1,11323,1,145,146,152
"3679",10951,1,3720,1,141,142,148
"3680",11827,1,1742,1,142,143,149
"3681",11930,1,5064,1,142,144,148
"3682",12801,1,6564,1,140,142,148
"3683",12825,1,4517,1,144,146,151
"3684",13810,1,8654,1,144,145,151
"3685",14390,1,76,1,143,144,151
"3686",14396,1,4455,1,143,145,150
"3687",491,1,4654,1,142,144,148
"3688",886,1,12433,1,145,147,153
"3689",1833,1,5614,1,142,146,152
"3690",1953,1,4882,1,143,145,150
"3691",2511,1,5988,1,145,147,152
"3692",2714,1,8357,1,141,142,148
"3693",3063,1,6072,1,139,142,152
"3694",3073,1,8357,1,142,143,149
"3695",3393,1,8038,1,144,146,153
"3696",3832,1,11511,1,143,146,150
"3697",4193,1,4021,1,144,145,151
"3698",4455,1,4918,1,140,142,150
"3699",4938,1,4882,1,142,145,150
"3700",5617,1,5064,1,143,145,150
"3701",5627,1,4694,1,145,146,151
"3702",5650,1,11450,1,141,143,148
"3703",5725,1,11333,1,142,143,150
"3704",5987,1,13474,1,141,144,148
"3705",5988,1,7928,1,142,144,150
"3706",6313,1,11376,1,143,145,151
"3707",6804,1,9132,1,142,143,148
"3708",6847,1,1060,1,141,142,149
"3709",7150,1,5650,1,144,146,149
"3710",7165,1,5725,1,146,147,152
"3711",7575,1,7928,1,142,145,149
"3712",7640,1,2840,1,141,143,148
"3713",8659,1,13305,1,142,144,149
"3714",9005,1,5725,1,144,147,153
"3715",9451,1,5370,1,143,145,149
"3716",9653,1,12447,1,145,147,152
"3717",10397,1,8060,1,140,142,150
"3718",10435,1,2738,1,143,144,150
"3719",11253,1,1613,1,143,146,152
"3720",11367,1,11472,1,143,145,149
"3721",11663,1,4882,1,141,144,151
"3722",11687,1,10438,1,142,144,151
"3723",11872,1,1245,1,145,146,151
"3724",12087,1,877,1,145,146,152
"3725",12433,1,9396,1,141,144,148
"3726",12675,1,7477,1,142,144,150
"3727",12699,1,11636,1,140,144,148
"3728",13795,1,6981,1,144,146,152
"3729",13967,1,10659,1,142,144,148
"3730",14305,1,1330,1,143,144,150
"3731",14331,1,11487,1,144,147,151
"3732",38,1,14132,1,143,147,151
"3733",220,1,2557,1,143,144,149
"3734",809,1,7137,1,144,146,152
"3735",1615,1,14396,1,146,147,155
"3736",1876,1,7640,1,145,146,152
"3737",2550,1,12118,1,143,145,150
"3738",2813,1,12447,1,144,145,151
"3739",3935,1,6460,1,142,144,149
"3740",4186,1,10310,1,145,146,150
"3741",5806,1,4455,1,143,146,150
"3742",6112,1,14396,1,146,147,152
"3743",6393,1,10659,1,140,141,149
"3744",6516,1,14400,1,142,145,150
"3745",6940,1,4577,1,143,144,149
"3746",8038,1,2161,1,142,143,149
"3747",9167,1,14305,1,144,146,151
"3748",9246,1,1742,1,142,143,149
"3749",9738,1,6032,1,143,145,149
"3750",10135,1,8729,1,144,147,151
"3751",10220,1,12801,1,144,145,150
"3752",10407,1,8583,1,144,146,153
"3753",10544,1,12801,1,144,146,150
"3754",12916,1,6032,1,142,145,149
"3755",13753,1,13645,1,145,147,152
"3756",14080,1,6577,1,141,143,149
"3757",341,1,12675,1,148,149,156
"3758",425,1,11469,1,146,148,153
"3759",448,1,14305,1,144,146,151
"3760",1157,1,12113,1,143,145,150
"3761",1233,1,7575,1,147,149,155
"3762",1692,1,12502,1,147,149,156
"3763",1889,1,3955,1,141,144,150
"3764",2041,1,9246,1,145,147,153
"3765",2671,1,2557,1,144,147,153
"3766",2802,1,7848,1,146,149,155
"3767",2955,1,1953,1,145,149,153
"3768",3413,1,395,1,146,147,153
"3769",4432,1,5315,1,144,145,150
"3770",5944,1,10397,1,144,146,153
"3771",5990,1,11487,1,144,146,151
"3772",6020,1,1168,1,145,146,151
"3773",6024,1,4205,1,144,146,150
"3774",6074,1,9492,1,146,147,153
"3775",7196,1,11687,1,145,148,152
"3776",7448,1,14400,1,142,145,150
"3777",7860,1,12649,1,145,149,154
"3778",7874,1,8697,1,147,149,154
"3779",8571,1,7848,1,146,148,155
"3780",8697,1,10875,1,142,146,151
"3781",9935,1,12623,1,148,149,156
"3782",10900,1,9492,1,145,146,152
"3783",10939,1,7847,1,143,145,150
"3784",11067,1,7931,1,145,146,152
"3785",11209,1,7848,1,147,149,155
"3786",12416,1,11687,1,145,148,153
"3787",12623,1,7640,1,146,147,154
"3788",13156,1,11114,1,147,149,155
"3789",13585,1,7448,1,147,148,155
"3790",13637,1,11844,1,146,148,153
"3791",13707,1,11469,1,147,149,155
"3792",739,1,7448,1,147,148,155
"3793",750,1,11469,1,145,147,152
"3794",2458,1,14080,1,144,147,154
"3795",3019,1,12623,1,147,150,154
"3796",3206,1,5650,1,144,146,152
"3797",3376,1,11535,1,143,146,151
"3798",3480,1,3206,1,147,148,152
"3799",3813,1,11367,1,147,150,156
"3800",3946,1,11487,1,146,148,154
"3801",4467,1,6051,1,149,150,155
"3802",5495,1,11165,1,146,148,153
"3803",7833,1,2672,1,145,150,156
"3804",8394,1,10220,1,146,150,155
"3805",8546,1,12890,1,145,146,151
"3806",8561,1,5317,1,146,150,156
"3807",8807,1,6981,1,142,147,152
"3808",10185,1,5495,1,149,150,154
"3809",10577,1,11827,1,145,147,153
"3810",10796,1,12623,1,147,149,153
"3811",11051,1,10939,1,146,149,153
"3812",11105,1,13810,1,146,148,154
"3813",11114,1,10649,1,144,146,153
"3814",11124,1,3413,1,147,148,154
"3815",12502,1,12890,1,145,147,153
"3816",13130,1,2813,1,147,149,155
"3817",13331,1,10649,1,144,146,152
"3818",13899,1,6765,1,145,147,152
"3819",143,1,11067,1,147,148,153
"3820",358,1,5519,1,141,144,152
"3821",841,1,2813,1,147,148,152
"3822",1112,1,14396,1,148,150,155
"3823",2185,1,734,1,146,148,154
"3824",2300,1,12087,1,148,149,158
"3825",2319,1,8038,1,146,148,152
"3826",2970,1,7448,1,147,149,154
"3827",3443,1,4021,1,144,145,152
"3828",3478,1,5627,1,146,148,154
"3829",4634,1,5806,1,148,150,156
"3830",5538,1,13156,1,150,151,155
"3831",5726,1,11487,1,146,147,152
"3832",6003,1,10092,1,144,147,155
"3833",6126,1,10386,1,149,151,156
"3834",6208,1,11067,1,148,151,156
"3835",6557,1,7189,1,148,150,155
"3836",6672,1,10577,1,148,149,154
"3837",7013,1,7575,1,146,149,154
"3838",7143,1,11511,1,143,146,152
"3839",7184,1,1157,1,146,150,155
"3840",7189,1,7448,1,146,147,153
"3841",7376,1,11253,1,147,149,154
"3842",7509,1,3140,1,147,149,154
"3843",7835,1,3413,1,147,148,153
"3844",8037,1,10220,1,146,149,155
"3845",10516,1,3140,1,147,151,158
"3846",12217,1,14396,1,146,148,153
"3847",14045,1,1157,1,147,149,154
"3848",14435,1,3873,1,144,146,152
"3849",885,1,13795,1,148,149,153
"3850",1040,1,10407,1,148,150,155
"3851",1722,1,2550,1,146,149,155
"3852",1837,1,5617,1,149,151,156
"3853",2380,1,9005,1,148,150,156
"3854",2438,1,10939,1,146,148,153
"3855",2574,1,13331,1,147,149,154
"3856",3033,1,2813,1,147,149,155
"3857",3821,1,7196,1,148,150,154
"3858",4563,1,13637,1,149,151,156
"3859",5067,1,8546,1,148,151,156
"3860",5916,1,4021,1,143,147,153
"3861",7435,1,11367,1,147,148,153
"3862",7690,1,4208,1,146,148,154
"3863",9989,1,6024,1,148,149,154
"3864",10255,1,3478,1,149,151,155
"3865",10282,1,38,1,148,150,156
"3866",10386,1,13753,1,148,149,155
"3867",10437,1,3832,1,147,149,153
"3868",12885,1,10900,1,146,148,153
"3869",13767,1,9167,1,148,150,156
"3870",14446,1,246,1,143,147,153
"3871",697,1,9653,1,150,151,156
"3872",850,1,7640,1,146,150,154
"3873",1154,1,143,1,149,151,157
"3874",1241,1,5050,1,152,153,160
"3875",1870,1,3073,1,146,149,154
"3876",4240,1,358,1,144,148,154
"3877",5737,1,13899,1,148,151,157
"3878",6507,1,2574,1,151,152,156
"3879",7288,1,7143,1,147,151,156
"3880",8032,1,9627,1,150,152,157
"3881",8065,1,1692,1,150,152,157
"3882",8348,1,12623,1,148,149,154
"3883",9621,1,7013,1,152,153,158
"3884",9627,1,7150,1,147,149,154
"3885",10723,1,8394,1,151,152,157
"3886",11181,1,10516,1,152,153,159
"3887",11427,1,3140,1,147,148,154
"3888",11571,1,9653,1,151,153,158
"3889",13016,1,10220,1,147,148,154
"3890",14135,1,2574,1,151,153,159
"3891",14391,1,11105,1,149,151,157
"3892",720,1,12781,1,152,153,159
"3893",741,1,8348,1,151,154,159
"3894",2078,1,5177,1,150,152,156
"3895",2217,1,1040,1,151,154,158
"3896",2778,1,3140,1,147,149,155
"3897",5122,1,5627,1,148,150,157
"3898",5177,1,13795,1,147,150,155
"3899",5229,1,1692,1,151,152,158
"3900",5977,1,7189,1,148,150,156
"3901",6051,1,2813,1,146,148,155
"3902",6538,1,5067,1,152,154,160
"3903",7445,1,8571,1,149,150,156
"3904",7986,1,7445,1,151,152,159
"3905",8022,1,9627,1,150,151,155
"3906",8480,1,7575,1,146,148,156
"3907",8773,1,1722,1,150,153,158
"3908",9352,1,11051,1,151,153,157
"3909",11063,1,10900,1,148,150,155
"3910",11848,1,2511,1,147,150,155
"3911",12209,1,2438,1,149,151,157
"3912",12463,1,3946,1,151,152,157
"3913",12607,1,6557,1,151,153,158
"3914",282,1,7165,1,150,152,158
"3915",1006,1,10282,1,151,152,157
"3916",1147,1,1953,1,148,150,156
"3917",1257,1,8394,1,152,153,158
"3918",2375,1,4563,1,152,154,158
"3919",3035,1,2511,1,150,152,157
"3920",3641,1,6112,1,149,153,158
"3921",4663,1,8697,1,148,151,157
"3922",7651,1,10577,1,149,151,156
"3923",7797,1,4634,1,151,153,158
"3924",7886,1,10297,1,153,155,159
"3925",8437,1,341,1,151,152,156
"3926",10381,1,6208,1,153,154,157
"3927",10958,1,8437,1,154,155,162
"3928",11036,1,1723,1,152,154,160
"3929",11658,1,6126,1,153,154,158
"3930",12399,1,4938,1,146,152,157
"3931",12697,1,10135,1,148,152,159
"3932",12781,1,7013,1,150,152,156
"3933",13392,1,6024,1,147,149,156
"3934",14270,1,10185,1,153,155,159
"3935",14293,1,2380,1,151,155,159
"3936",526,1,5538,1,153,154,160
"3937",546,1,6112,1,149,151,158
"3938",584,1,546,1,152,154,158
"3939",1723,1,14435,1,149,152,159
"3940",3616,1,282,1,154,155,163
"3941",4338,1,8037,1,150,151,157
"3942",5767,1,7986,1,153,154,159
"3943",5854,1,7445,1,151,153,159
"3944",6237,1,12781,1,153,155,161
"3945",6319,1,10723,1,154,156,163
"3946",6394,1,5177,1,151,153,158
"3947",6551,1,1040,1,153,155,160
"3948",6595,1,425,1,149,152,161
"3949",7631,1,5854,1,154,155,160
"3950",8474,1,7651,1,152,153,157
"3951",8652,1,5067,1,152,154,158
"3952",9353,1,5538,1,151,152,158
"3953",9851,1,10685,1,151,153,160
"3954",10111,1,1723,1,153,154,161
"3955",10685,1,7150,1,147,150,157
"3956",10877,1,5495,1,149,151,157
"3957",11613,1,8022,1,154,155,162
"3958",12654,1,3946,1,150,154,159
"3959",12755,1,5067,1,152,156,160
"3960",12860,1,282,1,153,155,159
"3961",12880,1,697,1,153,156,161
"3962",13525,1,885,1,151,152,157
"3963",14072,1,12399,1,153,156,162
"3964",14231,1,10877,1,153,155,161
"3965",577,1,10723,1,154,155,161
"3966",1141,1,14293,1,156,157,162
"3967",1148,1,14135,1,155,156,161
"3968",1270,1,5050,1,153,154,159
"3969",2245,1,5050,1,152,154,160
"3970",3574,1,14391,1,153,155,159
"3971",3963,1,2380,1,154,156,160
"3972",4065,1,8572,1,154,157,162
"3973",5625,1,5067,1,155,157,162
"3974",5687,1,1040,1,151,153,159
"3975",6156,1,8065,1,153,154,159
"3976",7584,1,1154,1,153,155,159
"3977",8024,1,546,1,153,156,162
"3978",8572,1,3821,1,151,153,160
"3979",9110,1,5122,1,156,157,162
"3980",9395,1,2438,1,152,155,162
"3981",9417,1,2078,1,152,155,160
"3982",9503,1,13525,1,153,156,160
"3983",9663,1,5050,1,152,153,159
"3984",11154,1,13899,1,148,154,161
"3985",11925,1,12860,1,156,157,163
"3986",11975,1,11036,1,155,156,162
"3987",11992,1,1154,1,154,155,161
"3988",13079,1,11181,1,155,156,159
"3989",13290,1,7435,1,151,152,160
"3990",1975,1,8773,1,153,155,160
"3991",2825,1,1481,1,156,158,162
"3992",3629,1,12654,1,155,158,161
"3993",3659,1,3838,1,157,158,160
"3994",3850,1,8437,1,154,155,161
"3995",5050,1,3480,1,149,151,159
"3996",5615,1,741,1,155,156,160
"3997",6618,1,10185,1,152,154,159
"3998",7389,1,1006,1,155,156,161
"3999",7633,1,14391,1,152,154,159
"4000",8933,1,1837,1,153,156,161
"4001",12012,1,6156,1,155,157,162
"4002",12181,1,3616,1,157,158,162
"4003",13407,1,4338,1,152,153,160
"4004",14087,1,11209,1,151,153,161
"4005",14355,1,12399,1,153,156,160
"4006",1476,1,5767,1,156,159,165
"4007",1481,1,14087,1,154,155,162
"4008",1832,1,1723,1,156,158,163
"4009",2250,1,11658,1,155,156,162
"4010",2480,1,5229,1,156,158,164
"4011",2924,1,282,1,154,157,162
"4012",3009,1,12181,1,158,159,165
"4013",3364,1,2217,1,154,157,163
"4014",3499,1,12880,1,157,159,164
"4015",3522,1,6595,1,153,155,161
"4016",4903,1,5615,1,157,159,165
"4017",6799,1,12654,1,155,156,161
"4018",8123,1,6618,1,156,158,163
"4019",9001,1,4536,1,158,159,164
"4020",9690,1,6507,1,155,157,160
"4021",9838,1,14087,1,153,156,160
"4022",10181,1,6208,1,153,156,162
"4023",10297,1,2802,1,150,152,160
"4024",10879,1,14072,1,158,159,163
"4025",11556,1,9621,1,154,156,161
"4026",11564,1,3522,1,157,159,163
"4027",11708,1,2300,1,154,156,161
"4028",12820,1,9352,1,154,157,161
"4029",13552,1,5538,1,153,155,161
"4030",2602,1,8024,1,157,159,164
"4031",3080,1,14087,1,155,157,161
"4032",3128,1,1006,1,153,159,164
"4033",3838,1,9353,1,155,157,162
"4034",4536,1,9352,1,154,157,162
"4035",4817,1,11992,1,156,160,166
"4036",4926,1,12781,1,155,156,163
"4037",5487,1,8024,1,158,160,163
"4038",7922,1,3080,1,159,160,165
"4039",10087,1,11658,1,155,157,161
"4040",10219,1,3838,1,158,160,165
"4041",10420,1,3963,1,156,158,163
"4042",10449,1,12654,1,156,158,163
"4043",10651,1,11571,1,154,156,162
"4044",11388,1,11658,1,155,157,164
"4045",12383,1,577,1,156,158,164
"4046",13034,1,7886,1,156,157,161
"4047",13679,1,12880,1,158,159,163
"4048",14259,1,3522,1,156,160,166
"4049",159,1,14231,1,155,158,164
"4050",617,1,3987,1,158,160,165
"4051",1727,1,13525,1,153,156,162
"4052",2370,1,8437,1,153,157,163
"4053",2377,1,11713,1,158,160,167
"4054",2713,1,11713,1,158,159,164
"4055",4899,1,3641,1,155,157,162
"4056",7141,1,6782,1,159,160,165
"4057",7271,1,9851,1,155,159,164
"4058",7771,1,10449,1,159,161,164
"4059",7825,1,12654,1,155,158,162
"4060",9258,1,12880,1,157,159,166
"4061",9423,1,12463,1,154,157,162
"4062",9426,1,11613,1,157,159,164
"4063",9604,1,7886,1,156,158,164
"4064",9808,1,3838,1,158,160,166
"4065",10213,1,10449,1,159,161,166
"4066",11640,1,12654,1,156,158,164
"4067",11713,1,9417,1,156,158,164
"4068",12318,1,9690,1,158,160,166
"4069",12331,1,2480,1,160,161,166
"4070",12920,1,12399,1,155,157,163
"4071",13326,1,7886,1,158,160,166
"4072",13640,1,14355,1,156,158,162
"4073",13791,1,13552,1,156,158,163
"4074",595,1,6156,1,155,158,163
"4075",3155,1,2370,1,159,161,166
"4076",3987,1,3850,1,157,158,164
"4077",4405,1,14259,1,161,162,167
"4078",4466,1,11713,1,160,161,168
"4079",6058,1,3499,1,160,161,168
"4080",6485,1,7389,1,157,158,163
"4081",6782,1,12860,1,157,158,165
"4082",9165,1,10258,1,158,159,164
"4083",11054,1,6319,1,158,160,164
"4084",13327,1,4899,1,159,161,167
"4085",13684,1,9503,1,157,160,166
"4086",13969,1,850,1,153,157,163
"4087",669,1,1723,1,157,159,164
"4088",3051,1,3128,1,162,163,168
"4089",3273,1,2370,1,158,159,166
"4090",3626,1,11556,1,158,161,166
"4091",4081,1,11975,1,158,162,168
"4092",5593,1,9870,1,162,163,168
"4093",5742,1,8123,1,159,162,166
"4094",8520,1,13791,1,160,161,167
"4095",9348,1,14135,1,156,160,164
"4096",9966,1,1141,1,160,161,166
"4097",9977,1,12181,1,160,161,166
"4098",10258,1,2217,1,155,158,164
"4099",10339,1,7141,1,160,162,167
"4100",10696,1,11556,1,159,161,166
"4101",10889,1,13791,1,160,162,165
"4102",12054,1,6782,1,158,160,166
"4103",12248,1,1476,1,160,161,164
"4104",13150,1,12248,1,162,163,168
"4105",13280,1,2480,1,160,161,165
"4106",14511,1,8438,1,162,163,169
"4107",1679,1,4405,1,162,164,169
"4108",1821,1,7631,1,157,161,166
"4109",1960,1,2349,1,162,163,168
"4110",2137,1,10087,1,159,162,167
"4111",2225,1,9165,1,160,161,166
"4112",2595,1,12054,1,162,164,170
"4113",4518,1,11564,1,161,163,170
"4114",4593,1,3838,1,159,161,165
"4115",5794,1,2349,1,163,164,168
"4116",6383,1,4899,1,159,161,167
"4117",6543,1,5685,1,163,164,170
"4118",9035,1,9258,1,161,162,168
"4119",13800,1,9001,1,162,164,169
"4120",2461,1,8520,1,163,165,171
"4121",2670,1,13791,1,161,162,168
"4122",2897,1,9808,1,161,162,168
"4123",3313,1,4903,1,159,160,166
"4124",3354,1,9258,1,161,163,169
"4125",3572,1,12318,1,161,164,170
"4126",3964,1,10423,1,164,165,172
"4127",5266,1,3128,1,161,162,168
"4128",5632,1,2225,1,163,164,168
"4129",5658,1,9426,1,160,163,171
"4130",8438,1,12920,1,158,160,168
"4131",8713,1,5593,1,164,165,171
"4132",10382,1,12820,1,159,162,167
"4133",10423,1,10382,1,163,164,170
"4134",13115,1,617,1,164,165,170
"4135",1275,1,9966,1,161,163,168
"4136",1498,1,13326,1,162,164,169
"4137",1619,1,14235,1,164,166,174
"4138",2141,1,9165,1,159,163,168
"4139",2349,1,14259,1,161,162,168
"4140",3285,1,1498,1,165,166,171
"4141",3575,1,3987,1,158,162,168
"4142",3735,1,13684,1,163,165,171
"4143",4037,1,14511,1,164,165,172
"4144",4811,1,1679,1,165,166,172
"4145",4850,1,3499,1,161,162,169
"4146",5685,1,12331,1,162,163,168
"4147",6942,1,3273,1,160,162,167
"4148",7223,1,9348,1,162,164,169
"4149",9870,1,7813,1,161,162,167
"4150",10944,1,12248,1,161,162,169
"4151",11238,1,3273,1,161,163,169
"4152",12698,1,12054,1,162,164,170
"4153",2807,1,4903,1,160,162,168
"4154",3036,1,3313,1,161,164,168
"4155",3352,1,10696,1,162,164,169
"4156",3922,1,10219,1,162,166,173
"4157",7813,1,14231,1,157,159,169
"4158",9242,1,10889,1,164,165,169
"4159",9537,1,8102,1,166,167,174
"4160",10788,1,7825,1,159,162,168
"4161",11289,1,3626,1,161,163,170
"4162",12034,1,8520,1,162,165,169
"4163",13570,1,7271,1,161,165,170
"4164",1363,1,12331,1,162,164,171
"4165",2076,1,6942,1,163,165,169
"4166",2175,1,11107,1,167,168,173
"4167",4134,1,8102,1,165,167,172
"4168",4336,1,10788,1,163,165,171
"4169",5324,1,5632,1,166,167,173
"4170",7482,1,9966,1,162,163,169
"4171",7832,1,4336,1,166,167,171
"4172",7982,1,2480,1,159,163,170
"4173",9400,1,10382,1,163,164,169
"4174",9481,1,1498,1,165,167,171
"4175",9806,1,1363,1,165,167,174
"4176",11107,1,13280,1,163,166,170
"4177",12919,1,13150,1,164,166,171
"4178",14235,1,10879,1,161,163,170
"4179",370,1,2595,1,165,166,172
"4180",764,1,10469,1,167,169,172
"4181",2931,1,8520,1,163,165,170
"4182",6913,1,8438,1,164,165,171
"4183",7215,1,7982,1,165,168,174
"4184",7434,1,4081,1,166,168,174
"4185",7795,1,1275,1,165,167,173
"4186",8102,1,9165,1,161,164,171
"4187",10148,1,5658,1,166,168,173
"4188",10469,1,12034,1,165,166,171
"4189",13980,1,4903,1,162,164,170
"4190",1053,1,13684,1,165,168,173
"4191",1271,1,4134,1,169,170,175
"4192",1558,1,13800,1,164,166,173
"4193",3114,1,617,1,163,165,172
"4194",5669,1,2461,1,168,169,174
"4195",6287,1,1498,1,165,167,172
"4196",7574,1,9537,1,168,169,175
"4197",8832,1,7223,1,166,168,173
"4198",9332,1,12034,1,167,168,173
"4199",12253,1,13115,1,166,168,172
"4200",13737,1,12054,1,161,167,173
"4201",922,1,3735,1,167,169,174
"4202",1016,1,12919,1,167,169,178
"4203",1469,1,14511,1,165,168,174
"4204",1965,1,12919,1,168,170,175
"4205",2332,1,2141,1,165,167,173
"4206",3771,1,2897,1,164,166,172
"4207",8225,1,12253,1,169,171,176
"4208",9053,1,2295,1,169,170,177
"4209",11050,1,1558,1,169,171,176
"4210",11225,1,13800,1,165,168,174
"4211",12216,1,370,1,168,170,175
"4212",12222,1,4361,1,170,171,177
"4213",1457,1,2595,1,166,169,173
"4214",1507,1,3572,1,166,168,173
"4215",1728,1,3735,1,166,168,173
"4216",1864,1,764,1,171,172,177
"4217",2295,1,7982,1,165,167,173
"4218",4765,1,9808,1,162,164,173
"4219",5183,1,2517,1,169,170,175
"4220",6486,1,1619,1,169,170,175
"4221",6929,1,922,1,170,171,176
"4222",7338,1,3572,1,166,168,173
"4223",9656,1,2897,1,166,170,176
"4224",9725,1,10469,1,167,169,173
"4225",11192,1,2175,1,168,169,174
"4226",11193,1,4811,1,167,168,174
"4227",11739,1,3036,1,165,167,173
"4228",12899,1,12318,1,163,166,173
"4229",13031,1,8881,1,169,170,174
"4230",2192,1,6287,1,168,172,177
"4231",2517,1,370,1,167,168,175
"4232",3039,1,11050,1,172,173,178
"4233",3489,1,9878,1,170,172,175
"4234",5219,1,7338,1,169,172,178
"4235",5760,1,9656,1,171,172,176
"4236",6254,1,9537,1,168,170,174
"4237",6772,1,3285,1,167,169,174
"4238",7073,1,12899,1,166,169,175
"4239",9878,1,13737,1,168,169,174
"4240",10130,1,3771,1,167,169,175
"4241",10335,1,10148,1,169,171,177
"4242",11119,1,3036,1,164,167,174
"4243",11148,1,13115,1,169,170,176
"4244",11387,1,6772,1,170,172,178
"4245",12944,1,6772,1,171,173,178
"4246",1277,1,6772,1,171,173,179
"4247",4361,1,10696,1,164,169,175
"4248",5279,1,1965,1,172,174,179
"4249",7378,1,13737,1,167,169,176
"4250",9176,1,7215,1,171,172,177
"4251",9468,1,6287,1,171,172,177
"4252",9499,1,11050,1,173,174,178
"4253",10797,1,1457,1,170,171,177
"4254",10859,1,5324,1,170,172,178
"4255",12212,1,7153,1,173,174,178
"4256",12408,1,11193,1,168,170,175
"4257",13348,1,11225,1,170,172,179
"4258",351,1,11225,1,169,173,176
"4259",2008,1,9468,1,173,175,181
"4260",3399,1,10130,1,171,173,179
"4261",3760,1,7215,1,169,171,176
"4262",4958,1,9383,1,174,175,181
"4263",5713,1,13737,1,167,169,176
"4264",6153,1,7215,1,171,172,178
"4265",6915,1,9481,1,168,170,176
"4266",7153,1,11739,1,169,171,176
"4267",7828,1,7223,1,168,170,176
"4268",8881,1,13570,1,167,168,176
"4269",9912,1,4361,1,170,171,177
"4270",10002,1,7574,1,171,173,177
"4271",11203,1,5713,1,171,175,180
"4272",12736,1,7215,1,172,173,177
"4273",13893,1,1507,1,171,172,177
"4274",1949,1,8225,1,172,176,181
"4275",2004,1,9053,1,172,175,181
"4276",3307,1,922,1,170,172,179
"4277",4985,1,2192,1,173,175,180
"4278",6690,1,6473,1,174,176,182
"4279",8549,1,2175,1,169,170,178
"4280",10076,1,7574,1,172,173,178
"4281",10697,1,3057,1,175,176,179
"4282",12626,1,1271,1,171,175,179
"4283",1186,1,8225,1,172,174,178
"4284",2077,1,12222,1,173,174,178
"4285",2190,1,9912,1,174,177,180
"4286",2675,1,11225,1,171,173,178
"4287",2862,1,10335,1,174,177,182
"4288",2883,1,9499,1,175,177,183
"4289",3057,1,12216,1,172,174,180
"4290",3289,1,4855,1,175,177,183
"4291",4019,1,6915,1,172,174,178
"4292",4047,1,10535,1,176,177,183
"4293",4725,1,5445,1,173,175,181
"4294",4855,1,5183,1,172,174,179
"4295",6392,1,5445,1,174,175,179
"4296",7213,1,10797,1,172,175,179
"4297",8693,1,8225,1,172,175,181
"4298",9383,1,5669,1,170,172,180
"4299",10275,1,1277,1,174,176,181
"4300",2885,1,10697,1,177,178,183
"4301",3269,1,9468,1,173,175,180
"4302",3403,1,11050,1,173,174,180
"4303",3614,1,1271,1,172,175,180
"4304",5342,1,12944,1,175,177,183
"4305",5445,1,12216,1,171,173,180
"4306",6473,1,12222,1,172,173,183
"4307",6710,1,12408,1,174,177,184
"4308",986,1,1949,1,177,179,184
"4309",3074,1,2190,1,178,179,185
"4310",3092,1,13348,1,174,177,184
"4311",4434,1,3760,1,173,175,183
"4312",4901,1,1186,1,176,177,182
"4313",5723,1,3307,1,173,175,180
"4314",7941,1,1949,1,177,179,183
"4315",8421,1,13348,1,174,176,181
"4316",10535,1,8225,1,171,174,180
"4317",11970,1,10535,1,175,178,184
"4318",13063,1,3403,1,178,179,184
"4319",13560,1,12212,1,175,177,181
"4320",13816,1,9499,1,177,178,183
"4321",570,1,8421,1,177,178,183
"4322",6267,1,6690,1,177,178,183
"4323",7149,1,6690,1,177,179,184
"4324",7737,1,5723,1,176,178,183
"4325",13505,1,3269,1,176,180,186
"4326",115,1,10535,1,177,178,183
"4327",433,1,4725,1,177,178,182
"4328",2784,1,11970,1,179,181,185
"4329",3466,1,4296,1,179,180,186
"4330",3761,1,4958,1,176,177,182
"4331",4296,1,10535,1,176,178,184
"4332",5426,1,12212,1,175,177,185
"4333",5659,1,13491,1,179,180,185
"4334",9239,1,3403,1,175,177,182
"4335",9618,1,8421,1,177,180,186
"4336",10924,1,12944,1,174,178,183
"4337",13033,1,3761,1,178,179,183
"4338",13491,1,11203,1,177,178,185
"4339",590,1,12626,1,176,178,184
"4340",2638,1,2004,1,177,178,184
"4341",3299,1,6254,1,173,175,183
"4342",3737,1,3403,1,175,176,185
"4343",4639,1,9239,1,179,180,184
"4344",5103,1,4019,1,176,178,183
"4345",5259,1,570,1,180,181,187
"4346",6439,1,2190,1,179,180,186
"4347",7974,1,8421,1,177,179,184
"4348",9574,1,5342,1,178,179,184
"4349",11546,1,10924,1,179,181,187
"4350",14244,1,2190,1,179,181,190
"4351",14370,1,6267,1,180,181,186
"4352",778,1,9574,1,181,183,188
"4353",3541,1,9618,1,181,182,187
"4354",4097,1,2862,1,178,179,184
"4355",4191,1,6690,1,177,179,185
"4356",4537,1,8749,1,180,181,185
"4357",4627,1,13033,1,180,182,189
"4358",6401,1,4047,1,178,180,185
"4359",9685,1,5279,1,175,177,186
"4360",11931,1,13816,1,180,183,189
"4361",11935,1,9239,1,177,180,186
"4362",670,1,9574,1,181,182,187
"4363",1567,1,9685,1,178,180,187
"4364",1811,1,5103,1,180,181,186
"4365",3305,1,6439,1,181,184,188
"4366",4083,1,570,1,179,180,186
"4367",4710,1,590,1,180,182,188
"4368",8749,1,13816,1,179,180,186
"4369",9483,1,9685,1,178,180,185
"4370",10184,1,7737,1,180,184,188
"4371",11351,1,9685,1,178,180,186
"4372",12188,1,6710,1,179,180,185
"4373",12683,1,11351,1,181,183,188
"4374",13010,1,8421,1,177,179,185
"4375",13106,1,14370,1,182,184,189
"4376",1788,1,3299,1,176,178,186
"4377",4014,1,13492,1,183,185,191
"4378",6073,1,2885,1,181,183,187
"4379",6234,1,4296,1,179,182,188
"4380",6466,1,986,1,182,184,190
"4381",7706,1,9685,1,180,185,189
"4382",9440,1,9483,1,180,182,187
"4383",10462,1,1284,1,184,185,190
"4384",10981,1,13491,1,179,182,187
"4385",11537,1,590,1,179,181,189
"4386",13085,1,10924,1,181,183,190
"4387",13366,1,13033,1,180,182,186
"4388",14280,1,14370,1,183,185,191
"4389",299,1,1811,1,182,183,187
"4390",3011,1,433,1,181,183,188
"4391",4098,1,4083,1,183,185,191
"4392",4567,1,10078,1,181,184,188
"4393",13492,1,13063,1,180,182,187
"4394",1159,1,1375,1,185,186,191
"4395",1375,1,6439,1,182,184,190
"4396",1686,1,13560,1,179,181,188
"4397",3271,1,6401,1,182,184,189
"4398",3272,1,299,1,184,187,193
"4399",3510,1,13492,1,183,186,192
"4400",4773,1,13818,1,184,187,192
"4401",9848,1,6401,1,183,184,189
"4402",10078,1,13816,1,179,181,188
"4403",10734,1,299,1,183,185,189
"4404",11195,1,4014,1,185,187,191
"4405",11365,1,13560,1,179,181,188
"4406",14337,1,9618,1,182,183,189
"4407",729,1,9103,1,187,188,194
"4408",1461,1,9574,1,180,183,189
"4409",4463,1,13818,1,184,185,190
"4410",6367,1,10078,1,182,184,190
"4411",7115,1,13366,1,182,184,189
"4412",7262,1,13366,1,183,184,189
"4413",10164,1,11931,1,184,186,191
"4414",10652,1,1811,1,183,185,190
"4415",12606,1,299,1,185,186,190
"4416",13818,1,9239,1,180,183,191
"4417",14,1,14370,1,182,184,191
"4418",1284,1,986,1,181,183,190
"4419",1986,1,11546,1,184,187,193
"4420",6059,1,3011,1,184,187,192
"4421",6424,1,10462,1,187,188,193
"4422",9103,1,2784,1,184,186,190
"4423",11332,1,9848,1,186,189,194
"4424",12233,1,11365,1,182,186,191
"4425",3687,1,4098,1,186,189,196
"4426",4198,1,6234,1,184,186,192
"4427",6621,1,10652,1,186,187,193
"4428",10957,1,4098,1,188,190,197
"4429",11500,1,8721,1,187,189,195
"4430",11617,1,8721,1,187,190,195
"4431",11981,1,7115,1,186,188,194
"4432",14332,1,3541,1,183,187,192
"4433",3164,1,13085,1,185,188,193
"4434",3197,1,214,1,188,190,195
"4435",6205,1,729,1,190,191,198
"4436",7853,1,14,1,185,187,192
"4437",8986,1,11935,1,183,188,192
"4438",10380,1,4463,1,188,190,196
"4439",214,1,1159,1,186,187,193
"4440",6365,1,1159,1,187,188,194
"4441",8457,1,14,1,185,188,195
"4442",8721,1,6073,1,185,186,194
"4443",10647,1,10164,1,187,191,195
"4444",12286,1,6365,1,189,191,196
"4445",1079,1,7262,1,186,188,194
"4446",2742,1,6365,1,190,192,196
"4447",2905,1,8627,1,190,192,198
"4448",3909,1,7706,1,186,188,194
"4449",7663,1,6073,1,185,189,195
"4450",8627,1,12683,1,184,189,195
"4451",10533,1,11500,1,190,191,198
"4452",13276,1,7706,1,186,187,195
"4453",14018,1,8627,1,190,192,196
"4454",2311,1,3687,1,190,192,199
"4455",11316,1,11332,1,190,192,198
"4456",11859,1,8627,1,190,193,198
"4457",12818,1,13276,1,188,190,195
"4458",1035,1,10957,1,191,193,200
"4459",2021,1,6621,1,189,191,197
"4460",6013,1,7770,1,194,195,200
"4461",10178,1,1461,1,188,190,196
"4462",14473,1,8721,1,187,193,197
"4463",779,1,11981,1,189,193,198
"4464",981,1,3845,1,194,196,202
"4465",1064,1,1035,1,194,195,199
"4466",3653,1,14018,1,193,195,202
"4467",3825,1,10647,1,192,193,197
"4468",4433,1,3272,1,188,190,197
"4469",10488,1,10957,1,192,195,199
"4470",75,1,779,1,194,196,201
"4471",296,1,10380,1,191,193,198
"4472",3845,1,14018,1,192,194,200
"4473",5924,1,14473,1,194,195,200
"4474",7460,1,12286,1,192,193,200
"4475",7655,1,10178,1,191,193,198
"4476",7770,1,10957,1,191,193,198
"4477",8831,1,2905,1,193,194,199
"4478",11347,1,3825,1,194,195,202
"4479",11433,1,12286,1,192,193,198
"4480",13722,1,3845,1,196,197,201
"4481",1106,1,11859,1,194,195,199
"4482",881,1,3653,1,195,197,202
"4483",890,1,10957,1,193,195,201
"4484",1527,1,12818,1,192,195,202
"4485",2304,1,881,1,197,199,203
"4486",5023,1,10380,1,191,195,201
"4487",5341,1,12074,1,198,199,205
"4488",11988,1,1064,1,197,199,205
"4489",1211,1,7770,1,195,197,201
"4490",2908,1,11688,1,197,200,204
"4491",5061,1,7770,1,194,196,203
"4492",11965,1,75,1,197,199,206
"4493",14490,1,1035,1,195,197,203
"4494",1620,1,3653,1,196,200,205
"4495",4451,1,10533,1,193,195,202
"4496",4991,1,11859,1,195,197,203
"4497",5663,1,1620,1,200,201,206
"4498",10233,1,10488,1,198,200,205
"4499",11688,1,3845,1,196,197,203
"4500",12074,1,3845,1,195,198,203
"4501",13852,1,2304,1,200,201,208
"4502",14084,1,12074,1,199,201,205
"4503",3741,1,6205,1,193,196,203
"4504",8028,1,12251,1,201,202,207
"4505",9754,1,12074,1,200,202,207
"4506",10583,1,3845,1,197,199,205
"4507",13666,1,2304,1,199,200,204
"4508",137,1,12251,1,199,200,205
"4509",7755,1,10488,1,197,198,205
"4510",12251,1,779,1,196,198,208
"4511",14352,1,5061,1,198,200,205
"4512",14394,1,12251,1,199,201,205
"4513",2119,1,5061,1,197,200,205
"4514",2322,1,1532,1,202,203,208
"4515",3030,1,12074,1,200,202,206
"4516",6843,1,137,1,202,204,210
"4517",7055,1,881,1,199,201,207
"4518",9490,1,11965,1,200,203,208
"4519",7801,1,2908,1,201,202,208
"4520",7865,1,5663,1,203,205,210
"4521",12996,1,9640,1,203,204,207
"4522",727,1,11965,1,200,204,209
"4523",1532,1,2304,1,199,200,207
"4524",1855,1,1532,1,202,204,208
"4525",6849,1,7854,1,202,204,210
"4526",7854,1,12251,1,199,200,207
"4527",8085,1,881,1,200,202,208
"4528",9640,1,12074,1,200,203,207
"4529",12994,1,2304,1,200,202,210
"4530",3012,1,5663,1,202,204,209
"4531",6995,1,14084,1,203,204,211
"4532",13728,1,6988,1,206,207,212
"4533",3442,1,9754,1,203,205,209
"4534",9278,1,7854,1,203,205,209
"4535",755,1,14352,1,201,204,210
"4536",6988,1,2322,1,204,205,211
"4537",8021,1,3012,1,205,207,211
"4538",8317,1,11988,1,204,206,210
"4539",9839,1,6995,1,204,206,212
"4540",13304,1,755,1,205,207,211
"4541",13836,1,7865,1,207,209,215
"4542",14076,1,9640,1,204,207,212
"4543",14189,1,9278,1,206,208,215
"4544",3337,1,13728,1,208,210,215
"4545",4842,1,13304,1,208,210,214
"4546",6045,1,8028,1,203,207,213
"4547",1420,1,6988,1,208,211,217
"4548",6459,1,8021,1,208,209,215
"4549",9854,1,14076,1,208,210,214
"4550",4848,1,3442,1,206,209,215
"4551",5111,1,14189,1,209,211,215
"4552",6568,1,9278,1,207,209,213
"4553",7562,1,6459,1,210,212,217
"4554",9500,1,14189,1,210,211,216
"4555",11778,1,3337,1,211,212,217
"4556",8331,1,9839,1,207,210,216
"4557",10927,1,13728,1,208,213,218
"4558",490,1,8331,1,211,213,217
"4559",5793,1,14189,1,210,213,217
"4560",3470,1,6905,1,212,213,218
"4561",5467,1,7562,1,212,213,217
"4562",4602,1,7562,1,213,216,220
"4563",6144,1,8331,1,211,214,219
"4564",6905,1,13728,1,209,211,217
"4565",7062,1,7562,1,214,216,222
"4566",7318,1,4602,1,217,218,222
"4567",8943,1,8331,1,212,217,224
"4568",10063,1,6905,1,212,214,220
"4569",10360,1,1420,1,213,214,221
"4570",6428,1,7562,1,214,215,223
"4571",2017,1,7062,1,217,220,225
"4572",2389,1,3470,1,217,220,225
"4573",3281,1,10927,1,217,218,224
"4574",9667,1,6428,1,216,218,224
"4575",13136,1,8943,1,219,221,226
"4576",4961,1,2017,1,221,223,230
"4577",13825,1,2733,1,221,224,230
"4578",7420,1,13825,1,225,226,232
"4579",9876,1,7318,1,220,221,227
"4580",2733,1,9667,1,219,221,228
"4581",5078,1,2389,1,222,224,229
"4582",5241,1,4961,1,225,227,232
"4583",14531,1,13136,1,223,227,232
"4584",11169,1,7420,1,227,228,233
"4585",13195,1,13825,1,225,227,231
"4586",6455,1,4961,1,223,226,230
"4587",8278,1,2733,1,223,225,230
"4588",5242,1,8278,1,226,228,233
"4589",676,1,7420,1,227,228,233
"4590",9679,1,14531,1,228,231,238
"4591",2643,1,7420,1,228,230,235
"4592",4683,1,5241,1,228,230,236
"4593",13340,1,9679,1,234,235,242
"4594",882,1,13340,1,236,238,243
"4595",1670,1,9679,1,234,237,241
"4596",6288,1,13340,1,238,239,244
"4597",10231,1,6288,1,243,247,254
