"","name","group","host","ref_strain","collection_time","sample_number"
"1","01_5892_0000_01",1,5892,"ref_strain",0,1
"2","01_11091_0000_01",1,11091,"ref_strain",0,1
"3","01_1054_0001_01",1,1054,"ref_strain",1,1
"4","01_6049_0002_01",1,6049,"ref_strain",2,1
"5","01_13185_0002_01",1,13185,"ref_strain",2,1
"6","01_13886_0002_01",1,13886,"ref_strain",2,1
"7","01_5572_0003_01",1,5572,"ref_strain",3,1
"8","01_11075_0003_01",1,11075,"ref_strain",3,1
"9","01_0108_0004_01",1,108,"ref_strain",4,1
"10","01_8085_0004_01",1,8085,"ref_strain",4,1
"11","01_14442_0004_01",1,14442,"ref_strain",4,1
"12","01_8003_0005_01",1,8003,"ref_strain",5,1
"13","01_11084_0005_01",1,11084,"ref_strain",5,1
"14","01_13390_0006_01",1,13390,"ref_strain",6,1
"15","01_3026_0007_01",1,3026,"ref_strain",7,1
"16","01_5727_0008_01",1,5727,"ref_strain",8,1
"17","01_2442_0009_01",1,2442,"ref_strain",9,1
"18","01_4322_0010_01",1,4322,"ref_strain",10,1
"19","01_9483_0010_01",1,9483,"ref_strain",10,1
"20","01_10209_0010_01",1,10209,"ref_strain",10,1
"21","01_11535_0010_01",1,11535,"ref_strain",10,1
"22","01_11733_0010_01",1,11733,"ref_strain",10,1
"23","01_1900_0011_01",1,1900,"ref_strain",11,1
"24","01_8901_0011_01",1,8901,"ref_strain",11,1
"25","01_3719_0012_01",1,3719,"ref_strain",12,1
"26","01_8706_0012_01",1,8706,"ref_strain",12,1
"27","01_12238_0012_01",1,12238,"ref_strain",12,1
"28","01_0637_0013_01",1,637,"ref_strain",13,1
"29","01_1344_0013_01",1,1344,"ref_strain",13,1
"30","01_8682_0013_01",1,8682,"ref_strain",13,1
"31","01_9593_0013_01",1,9593,"ref_strain",13,1
"32","01_12560_0013_01",1,12560,"ref_strain",13,1
"33","01_0728_0014_01",1,728,"ref_strain",14,1
"34","01_0922_0014_01",1,922,"ref_strain",14,1
"35","01_7508_0014_01",1,7508,"ref_strain",14,1
"36","01_12080_0014_01",1,12080,"ref_strain",14,1
"37","01_2339_0015_01",1,2339,"ref_strain",15,1
"38","01_4931_0015_01",1,4931,"ref_strain",15,1
"39","01_7754_0015_01",1,7754,"ref_strain",15,1
"40","01_0394_0016_01",1,394,"ref_strain",16,1
"41","01_6578_0016_01",1,6578,"ref_strain",16,1
"42","01_8253_0016_01",1,8253,"ref_strain",16,1
"43","01_8464_0016_01",1,8464,"ref_strain",16,1
"44","01_3049_0017_01",1,3049,"ref_strain",17,1
"45","01_6239_0017_01",1,6239,"ref_strain",17,1
"46","01_7256_0017_01",1,7256,"ref_strain",17,1
"47","01_9295_0017_01",1,9295,"ref_strain",17,1
"48","01_9988_0017_01",1,9988,"ref_strain",17,1
"49","01_11174_0017_01",1,11174,"ref_strain",17,1
"50","01_13321_0017_01",1,13321,"ref_strain",17,1
"51","01_14207_0017_01",1,14207,"ref_strain",17,1
"52","01_3897_0018_01",1,3897,"ref_strain",18,1
"53","01_6823_0018_01",1,6823,"ref_strain",18,1
"54","01_8600_0018_01",1,8600,"ref_strain",18,1
"55","01_8862_0018_01",1,8862,"ref_strain",18,1
"56","01_1883_0019_01",1,1883,"ref_strain",19,1
"57","01_4686_0019_01",1,4686,"ref_strain",19,1
"58","01_6602_0019_01",1,6602,"ref_strain",19,1
"59","01_6895_0019_01",1,6895,"ref_strain",19,1
"60","01_7202_0019_01",1,7202,"ref_strain",19,1
"61","01_9470_0019_01",1,9470,"ref_strain",19,1
"62","01_13855_0019_01",1,13855,"ref_strain",19,1
"63","01_0091_0020_01",1,91,"ref_strain",20,1
"64","01_2606_0020_01",1,2606,"ref_strain",20,1
"65","01_7257_0020_01",1,7257,"ref_strain",20,1
"66","01_8152_0020_01",1,8152,"ref_strain",20,1
"67","01_8878_0020_01",1,8878,"ref_strain",20,1
"68","01_14495_0020_01",1,14495,"ref_strain",20,1
"69","01_0609_0021_01",1,609,"ref_strain",21,1
"70","01_3107_0021_01",1,3107,"ref_strain",21,1
"71","01_3781_0021_01",1,3781,"ref_strain",21,1
"72","01_5024_0021_01",1,5024,"ref_strain",21,1
"73","01_5878_0021_01",1,5878,"ref_strain",21,1
"74","01_7072_0021_01",1,7072,"ref_strain",21,1
"75","01_9601_0021_01",1,9601,"ref_strain",21,1
"76","01_11079_0021_01",1,11079,"ref_strain",21,1
"77","01_13767_0021_01",1,13767,"ref_strain",21,1
"78","01_0835_0022_01",1,835,"ref_strain",22,1
"79","01_4922_0022_01",1,4922,"ref_strain",22,1
"80","01_6164_0022_01",1,6164,"ref_strain",22,1
"81","01_6415_0022_01",1,6415,"ref_strain",22,1
"82","01_7423_0022_01",1,7423,"ref_strain",22,1
"83","01_8187_0022_01",1,8187,"ref_strain",22,1
"84","01_8454_0022_01",1,8454,"ref_strain",22,1
"85","01_9117_0022_01",1,9117,"ref_strain",22,1
"86","01_10347_0022_01",1,10347,"ref_strain",22,1
"87","01_1357_0023_01",1,1357,"ref_strain",23,1
"88","01_1934_0023_01",1,1934,"ref_strain",23,1
"89","01_2978_0023_01",1,2978,"ref_strain",23,1
"90","01_3972_0023_01",1,3972,"ref_strain",23,1
"91","01_4362_0023_01",1,4362,"ref_strain",23,1
"92","01_8011_0023_01",1,8011,"ref_strain",23,1
"93","01_9976_0023_01",1,9976,"ref_strain",23,1
"94","01_10822_0023_01",1,10822,"ref_strain",23,1
"95","01_14167_0023_01",1,14167,"ref_strain",23,1
"96","01_14489_0023_01",1,14489,"ref_strain",23,1
"97","01_14504_0023_01",1,14504,"ref_strain",23,1
"98","01_3357_0024_01",1,3357,"ref_strain",24,1
"99","01_6938_0024_01",1,6938,"ref_strain",24,1
"100","01_8544_0024_01",1,8544,"ref_strain",24,1
"101","01_9496_0024_01",1,9496,"ref_strain",24,1
"102","01_13606_0024_01",1,13606,"ref_strain",24,1
"103","01_0665_0025_01",1,665,"ref_strain",25,1
"104","01_1087_0025_01",1,1087,"ref_strain",25,1
"105","01_1428_0025_01",1,1428,"ref_strain",25,1
"106","01_1473_0025_01",1,1473,"ref_strain",25,1
"107","01_3662_0025_01",1,3662,"ref_strain",25,1
"108","01_3697_0025_01",1,3697,"ref_strain",25,1
"109","01_5237_0025_01",1,5237,"ref_strain",25,1
"110","01_5267_0025_01",1,5267,"ref_strain",25,1
"111","01_9929_0025_01",1,9929,"ref_strain",25,1
"112","01_11640_0025_01",1,11640,"ref_strain",25,1
"113","01_12970_0025_01",1,12970,"ref_strain",25,1
"114","01_13073_0025_01",1,13073,"ref_strain",25,1
"115","01_14106_0025_01",1,14106,"ref_strain",25,1
"116","01_0878_0026_01",1,878,"ref_strain",26,1
"117","01_4166_0026_01",1,4166,"ref_strain",26,1
"118","01_4557_0026_01",1,4557,"ref_strain",26,1
"119","01_6819_0026_01",1,6819,"ref_strain",26,1
"120","01_7885_0026_01",1,7885,"ref_strain",26,1
"121","01_8441_0026_01",1,8441,"ref_strain",26,1
"122","01_10826_0026_01",1,10826,"ref_strain",26,1
"123","01_10959_0026_01",1,10959,"ref_strain",26,1
"124","01_13049_0026_01",1,13049,"ref_strain",26,1
"125","01_13331_0026_01",1,13331,"ref_strain",26,1
"126","01_13769_0026_01",1,13769,"ref_strain",26,1
"127","01_13849_0026_01",1,13849,"ref_strain",26,1
"128","01_1375_0027_01",1,1375,"ref_strain",27,1
"129","01_3563_0027_01",1,3563,"ref_strain",27,1
"130","01_5471_0027_01",1,5471,"ref_strain",27,1
"131","01_7988_0027_01",1,7988,"ref_strain",27,1
"132","01_8450_0027_01",1,8450,"ref_strain",27,1
"133","01_11147_0027_01",1,11147,"ref_strain",27,1
"134","01_13350_0027_01",1,13350,"ref_strain",27,1
"135","01_13548_0027_01",1,13548,"ref_strain",27,1
"136","01_13816_0027_01",1,13816,"ref_strain",27,1
"137","01_0831_0028_01",1,831,"ref_strain",28,1
"138","01_1648_0028_01",1,1648,"ref_strain",28,1
"139","01_2173_0028_01",1,2173,"ref_strain",28,1
"140","01_4021_0028_01",1,4021,"ref_strain",28,1
"141","01_4493_0028_01",1,4493,"ref_strain",28,1
"142","01_4777_0028_01",1,4777,"ref_strain",28,1
"143","01_6134_0028_01",1,6134,"ref_strain",28,1
"144","01_6866_0028_01",1,6866,"ref_strain",28,1
"145","01_12404_0028_01",1,12404,"ref_strain",28,1
"146","01_13602_0028_01",1,13602,"ref_strain",28,1
"147","01_0686_0029_01",1,686,"ref_strain",29,1
"148","01_1599_0029_01",1,1599,"ref_strain",29,1
"149","01_1786_0029_01",1,1786,"ref_strain",29,1
"150","01_1898_0029_01",1,1898,"ref_strain",29,1
"151","01_2010_0029_01",1,2010,"ref_strain",29,1
"152","01_6685_0029_01",1,6685,"ref_strain",29,1
"153","01_6971_0029_01",1,6971,"ref_strain",29,1
"154","01_7019_0029_01",1,7019,"ref_strain",29,1
"155","01_8175_0029_01",1,8175,"ref_strain",29,1
"156","01_10227_0029_01",1,10227,"ref_strain",29,1
"157","01_10863_0029_01",1,10863,"ref_strain",29,1
"158","01_11455_0029_01",1,11455,"ref_strain",29,1
"159","01_11483_0029_01",1,11483,"ref_strain",29,1
"160","01_12476_0029_01",1,12476,"ref_strain",29,1
"161","01_13470_0029_01",1,13470,"ref_strain",29,1
"162","01_13560_0029_01",1,13560,"ref_strain",29,1
"163","01_13697_0029_01",1,13697,"ref_strain",29,1
"164","01_14155_0029_01",1,14155,"ref_strain",29,1
"165","01_14409_0029_01",1,14409,"ref_strain",29,1
"166","01_14423_0029_01",1,14423,"ref_strain",29,1
"167","01_0286_0030_01",1,286,"ref_strain",30,1
"168","01_0368_0030_01",1,368,"ref_strain",30,1
"169","01_0464_0030_01",1,464,"ref_strain",30,1
"170","01_1869_0030_01",1,1869,"ref_strain",30,1
"171","01_3678_0030_01",1,3678,"ref_strain",30,1
"172","01_5857_0030_01",1,5857,"ref_strain",30,1
"173","01_6772_0030_01",1,6772,"ref_strain",30,1
"174","01_6916_0030_01",1,6916,"ref_strain",30,1
"175","01_7797_0030_01",1,7797,"ref_strain",30,1
"176","01_7987_0030_01",1,7987,"ref_strain",30,1
"177","01_11571_0030_01",1,11571,"ref_strain",30,1
"178","01_0054_0031_01",1,54,"ref_strain",31,1
"179","01_0919_0031_01",1,919,"ref_strain",31,1
"180","01_2281_0031_01",1,2281,"ref_strain",31,1
"181","01_3950_0031_01",1,3950,"ref_strain",31,1
"182","01_4956_0031_01",1,4956,"ref_strain",31,1
"183","01_5464_0031_01",1,5464,"ref_strain",31,1
"184","01_5811_0031_01",1,5811,"ref_strain",31,1
"185","01_8715_0031_01",1,8715,"ref_strain",31,1
"186","01_9291_0031_01",1,9291,"ref_strain",31,1
"187","01_13141_0031_01",1,13141,"ref_strain",31,1
"188","01_1788_0032_01",1,1788,"ref_strain",32,1
"189","01_2114_0032_01",1,2114,"ref_strain",32,1
"190","01_2347_0032_01",1,2347,"ref_strain",32,1
"191","01_3375_0032_01",1,3375,"ref_strain",32,1
"192","01_4624_0032_01",1,4624,"ref_strain",32,1
"193","01_4662_0032_01",1,4662,"ref_strain",32,1
"194","01_6950_0032_01",1,6950,"ref_strain",32,1
"195","01_7410_0032_01",1,7410,"ref_strain",32,1
"196","01_9844_0032_01",1,9844,"ref_strain",32,1
"197","01_10095_0032_01",1,10095,"ref_strain",32,1
"198","01_10658_0032_01",1,10658,"ref_strain",32,1
"199","01_10953_0032_01",1,10953,"ref_strain",32,1
"200","01_13423_0032_01",1,13423,"ref_strain",32,1
"201","01_0645_0033_01",1,645,"ref_strain",33,1
"202","01_0696_0033_01",1,696,"ref_strain",33,1
"203","01_2273_0033_01",1,2273,"ref_strain",33,1
"204","01_3998_0033_01",1,3998,"ref_strain",33,1
"205","01_6884_0033_01",1,6884,"ref_strain",33,1
"206","01_7367_0033_01",1,7367,"ref_strain",33,1
"207","01_8814_0033_01",1,8814,"ref_strain",33,1
"208","01_8915_0033_01",1,8915,"ref_strain",33,1
"209","01_9990_0033_01",1,9990,"ref_strain",33,1
"210","01_10124_0033_01",1,10124,"ref_strain",33,1
"211","01_11353_0033_01",1,11353,"ref_strain",33,1
"212","01_11482_0033_01",1,11482,"ref_strain",33,1
"213","01_12722_0033_01",1,12722,"ref_strain",33,1
"214","01_12785_0033_01",1,12785,"ref_strain",33,1
"215","01_0195_0034_01",1,195,"ref_strain",34,1
"216","01_2732_0034_01",1,2732,"ref_strain",34,1
"217","01_3159_0034_01",1,3159,"ref_strain",34,1
"218","01_4865_0034_01",1,4865,"ref_strain",34,1
"219","01_4945_0034_01",1,4945,"ref_strain",34,1
"220","01_5876_0034_01",1,5876,"ref_strain",34,1
"221","01_6019_0034_01",1,6019,"ref_strain",34,1
"222","01_6483_0034_01",1,6483,"ref_strain",34,1
"223","01_7156_0034_01",1,7156,"ref_strain",34,1
"224","01_7802_0034_01",1,7802,"ref_strain",34,1
"225","01_7889_0034_01",1,7889,"ref_strain",34,1
"226","01_9629_0034_01",1,9629,"ref_strain",34,1
"227","01_10354_0034_01",1,10354,"ref_strain",34,1
"228","01_10695_0034_01",1,10695,"ref_strain",34,1
"229","01_11693_0034_01",1,11693,"ref_strain",34,1
"230","01_14550_0034_01",1,14550,"ref_strain",34,1
"231","01_0635_0035_01",1,635,"ref_strain",35,1
"232","01_1156_0035_01",1,1156,"ref_strain",35,1
"233","01_4752_0035_01",1,4752,"ref_strain",35,1
"234","01_4943_0035_01",1,4943,"ref_strain",35,1
"235","01_5846_0035_01",1,5846,"ref_strain",35,1
"236","01_7179_0035_01",1,7179,"ref_strain",35,1
"237","01_7551_0035_01",1,7551,"ref_strain",35,1
"238","01_7749_0035_01",1,7749,"ref_strain",35,1
"239","01_8774_0035_01",1,8774,"ref_strain",35,1
"240","01_9485_0035_01",1,9485,"ref_strain",35,1
"241","01_10314_0035_01",1,10314,"ref_strain",35,1
"242","01_10324_0035_01",1,10324,"ref_strain",35,1
"243","01_11699_0035_01",1,11699,"ref_strain",35,1
"244","01_13177_0035_01",1,13177,"ref_strain",35,1
"245","01_0121_0036_01",1,121,"ref_strain",36,1
"246","01_1432_0036_01",1,1432,"ref_strain",36,1
"247","01_1499_0036_01",1,1499,"ref_strain",36,1
"248","01_1991_0036_01",1,1991,"ref_strain",36,1
"249","01_3024_0036_01",1,3024,"ref_strain",36,1
"250","01_3152_0036_01",1,3152,"ref_strain",36,1
"251","01_3437_0036_01",1,3437,"ref_strain",36,1
"252","01_3475_0036_01",1,3475,"ref_strain",36,1
"253","01_4607_0036_01",1,4607,"ref_strain",36,1
"254","01_4726_0036_01",1,4726,"ref_strain",36,1
"255","01_4823_0036_01",1,4823,"ref_strain",36,1
"256","01_7054_0036_01",1,7054,"ref_strain",36,1
"257","01_8184_0036_01",1,8184,"ref_strain",36,1
"258","01_8189_0036_01",1,8189,"ref_strain",36,1
"259","01_8229_0036_01",1,8229,"ref_strain",36,1
"260","01_9474_0036_01",1,9474,"ref_strain",36,1
"261","01_9729_0036_01",1,9729,"ref_strain",36,1
"262","01_10516_0036_01",1,10516,"ref_strain",36,1
"263","01_10892_0036_01",1,10892,"ref_strain",36,1
"264","01_12548_0036_01",1,12548,"ref_strain",36,1
"265","01_12901_0036_01",1,12901,"ref_strain",36,1
"266","01_13587_0036_01",1,13587,"ref_strain",36,1
"267","01_14444_0036_01",1,14444,"ref_strain",36,1
"268","01_0660_0037_01",1,660,"ref_strain",37,1
"269","01_1318_0037_01",1,1318,"ref_strain",37,1
"270","01_1469_0037_01",1,1469,"ref_strain",37,1
"271","01_2777_0037_01",1,2777,"ref_strain",37,1
"272","01_4484_0037_01",1,4484,"ref_strain",37,1
"273","01_5546_0037_01",1,5546,"ref_strain",37,1
"274","01_6181_0037_01",1,6181,"ref_strain",37,1
"275","01_6852_0037_01",1,6852,"ref_strain",37,1
"276","01_8146_0037_01",1,8146,"ref_strain",37,1
"277","01_8460_0037_01",1,8460,"ref_strain",37,1
"278","01_9504_0037_01",1,9504,"ref_strain",37,1
"279","01_9966_0037_01",1,9966,"ref_strain",37,1
"280","01_10104_0037_01",1,10104,"ref_strain",37,1
"281","01_10886_0037_01",1,10886,"ref_strain",37,1
"282","01_11310_0037_01",1,11310,"ref_strain",37,1
"283","01_12423_0037_01",1,12423,"ref_strain",37,1
"284","01_13496_0037_01",1,13496,"ref_strain",37,1
"285","01_14383_0037_01",1,14383,"ref_strain",37,1
"286","01_0669_0038_01",1,669,"ref_strain",38,1
"287","01_0962_0038_01",1,962,"ref_strain",38,1
"288","01_1360_0038_01",1,1360,"ref_strain",38,1
"289","01_1637_0038_01",1,1637,"ref_strain",38,1
"290","01_1873_0038_01",1,1873,"ref_strain",38,1
"291","01_2512_0038_01",1,2512,"ref_strain",38,1
"292","01_3654_0038_01",1,3654,"ref_strain",38,1
"293","01_4147_0038_01",1,4147,"ref_strain",38,1
"294","01_4330_0038_01",1,4330,"ref_strain",38,1
"295","01_5322_0038_01",1,5322,"ref_strain",38,1
"296","01_6336_0038_01",1,6336,"ref_strain",38,1
"297","01_6708_0038_01",1,6708,"ref_strain",38,1
"298","01_7687_0038_01",1,7687,"ref_strain",38,1
"299","01_8909_0038_01",1,8909,"ref_strain",38,1
"300","01_9538_0038_01",1,9538,"ref_strain",38,1
"301","01_9837_0038_01",1,9837,"ref_strain",38,1
"302","01_10358_0038_01",1,10358,"ref_strain",38,1
"303","01_10773_0038_01",1,10773,"ref_strain",38,1
"304","01_10900_0038_01",1,10900,"ref_strain",38,1
"305","01_11708_0038_01",1,11708,"ref_strain",38,1
"306","01_13002_0038_01",1,13002,"ref_strain",38,1
"307","01_14257_0038_01",1,14257,"ref_strain",38,1
"308","01_0261_0039_01",1,261,"ref_strain",39,1
"309","01_3601_0039_01",1,3601,"ref_strain",39,1
"310","01_4467_0039_01",1,4467,"ref_strain",39,1
"311","01_4470_0039_01",1,4470,"ref_strain",39,1
"312","01_5302_0039_01",1,5302,"ref_strain",39,1
"313","01_6222_0039_01",1,6222,"ref_strain",39,1
"314","01_6829_0039_01",1,6829,"ref_strain",39,1
"315","01_7228_0039_01",1,7228,"ref_strain",39,1
"316","01_7293_0039_01",1,7293,"ref_strain",39,1
"317","01_9065_0039_01",1,9065,"ref_strain",39,1
"318","01_9115_0039_01",1,9115,"ref_strain",39,1
"319","01_9818_0039_01",1,9818,"ref_strain",39,1
"320","01_11216_0039_01",1,11216,"ref_strain",39,1
"321","01_11606_0039_01",1,11606,"ref_strain",39,1
"322","01_12360_0039_01",1,12360,"ref_strain",39,1
"323","01_12754_0039_01",1,12754,"ref_strain",39,1
"324","01_12912_0039_01",1,12912,"ref_strain",39,1
"325","01_13082_0039_01",1,13082,"ref_strain",39,1
"326","01_13556_0039_01",1,13556,"ref_strain",39,1
"327","01_0069_0040_01",1,69,"ref_strain",40,1
"328","01_1426_0040_01",1,1426,"ref_strain",40,1
"329","01_3560_0040_01",1,3560,"ref_strain",40,1
"330","01_4252_0040_01",1,4252,"ref_strain",40,1
"331","01_4877_0040_01",1,4877,"ref_strain",40,1
"332","01_4881_0040_01",1,4881,"ref_strain",40,1
"333","01_5085_0040_01",1,5085,"ref_strain",40,1
"334","01_5152_0040_01",1,5152,"ref_strain",40,1
"335","01_5603_0040_01",1,5603,"ref_strain",40,1
"336","01_8844_0040_01",1,8844,"ref_strain",40,1
"337","01_9449_0040_01",1,9449,"ref_strain",40,1
"338","01_9604_0040_01",1,9604,"ref_strain",40,1
"339","01_12124_0040_01",1,12124,"ref_strain",40,1
"340","01_12682_0040_01",1,12682,"ref_strain",40,1
"341","01_12818_0040_01",1,12818,"ref_strain",40,1
"342","01_14209_0040_01",1,14209,"ref_strain",40,1
"343","01_1114_0041_01",1,1114,"ref_strain",41,1
"344","01_1749_0041_01",1,1749,"ref_strain",41,1
"345","01_1834_0041_01",1,1834,"ref_strain",41,1
"346","01_2085_0041_01",1,2085,"ref_strain",41,1
"347","01_3005_0041_01",1,3005,"ref_strain",41,1
"348","01_3877_0041_01",1,3877,"ref_strain",41,1
"349","01_4083_0041_01",1,4083,"ref_strain",41,1
"350","01_4702_0041_01",1,4702,"ref_strain",41,1
"351","01_5539_0041_01",1,5539,"ref_strain",41,1
"352","01_5559_0041_01",1,5559,"ref_strain",41,1
"353","01_6218_0041_01",1,6218,"ref_strain",41,1
"354","01_6537_0041_01",1,6537,"ref_strain",41,1
"355","01_6593_0041_01",1,6593,"ref_strain",41,1
"356","01_8016_0041_01",1,8016,"ref_strain",41,1
"357","01_8486_0041_01",1,8486,"ref_strain",41,1
"358","01_10551_0041_01",1,10551,"ref_strain",41,1
"359","01_10772_0041_01",1,10772,"ref_strain",41,1
"360","01_11360_0041_01",1,11360,"ref_strain",41,1
"361","01_13329_0041_01",1,13329,"ref_strain",41,1
"362","01_14075_0041_01",1,14075,"ref_strain",41,1
"363","01_0102_0042_01",1,102,"ref_strain",42,1
"364","01_0218_0042_01",1,218,"ref_strain",42,1
"365","01_0281_0042_01",1,281,"ref_strain",42,1
"366","01_0572_0042_01",1,572,"ref_strain",42,1
"367","01_0694_0042_01",1,694,"ref_strain",42,1
"368","01_0783_0042_01",1,783,"ref_strain",42,1
"369","01_0833_0042_01",1,833,"ref_strain",42,1
"370","01_1261_0042_01",1,1261,"ref_strain",42,1
"371","01_1322_0042_01",1,1322,"ref_strain",42,1
"372","01_1528_0042_01",1,1528,"ref_strain",42,1
"373","01_1926_0042_01",1,1926,"ref_strain",42,1
"374","01_2154_0042_01",1,2154,"ref_strain",42,1
"375","01_2963_0042_01",1,2963,"ref_strain",42,1
"376","01_3196_0042_01",1,3196,"ref_strain",42,1
"377","01_6025_0042_01",1,6025,"ref_strain",42,1
"378","01_6398_0042_01",1,6398,"ref_strain",42,1
"379","01_6987_0042_01",1,6987,"ref_strain",42,1
"380","01_7386_0042_01",1,7386,"ref_strain",42,1
"381","01_7459_0042_01",1,7459,"ref_strain",42,1
"382","01_7592_0042_01",1,7592,"ref_strain",42,1
"383","01_8433_0042_01",1,8433,"ref_strain",42,1
"384","01_8803_0042_01",1,8803,"ref_strain",42,1
"385","01_9900_0042_01",1,9900,"ref_strain",42,1
"386","01_10280_0042_01",1,10280,"ref_strain",42,1
"387","01_11221_0042_01",1,11221,"ref_strain",42,1
"388","01_11905_0042_01",1,11905,"ref_strain",42,1
"389","01_11989_0042_01",1,11989,"ref_strain",42,1
"390","01_12000_0042_01",1,12000,"ref_strain",42,1
"391","01_12134_0042_01",1,12134,"ref_strain",42,1
"392","01_12182_0042_01",1,12182,"ref_strain",42,1
"393","01_13700_0042_01",1,13700,"ref_strain",42,1
"394","01_14342_0042_01",1,14342,"ref_strain",42,1
"395","01_0174_0043_01",1,174,"ref_strain",43,1
"396","01_0205_0043_01",1,205,"ref_strain",43,1
"397","01_1317_0043_01",1,1317,"ref_strain",43,1
"398","01_1429_0043_01",1,1429,"ref_strain",43,1
"399","01_3112_0043_01",1,3112,"ref_strain",43,1
"400","01_3238_0043_01",1,3238,"ref_strain",43,1
"401","01_3716_0043_01",1,3716,"ref_strain",43,1
"402","01_4339_0043_01",1,4339,"ref_strain",43,1
"403","01_5135_0043_01",1,5135,"ref_strain",43,1
"404","01_6258_0043_01",1,6258,"ref_strain",43,1
"405","01_6304_0043_01",1,6304,"ref_strain",43,1
"406","01_6374_0043_01",1,6374,"ref_strain",43,1
"407","01_7742_0043_01",1,7742,"ref_strain",43,1
"408","01_7791_0043_01",1,7791,"ref_strain",43,1
"409","01_8692_0043_01",1,8692,"ref_strain",43,1
"410","01_9177_0043_01",1,9177,"ref_strain",43,1
"411","01_9533_0043_01",1,9533,"ref_strain",43,1
"412","01_9637_0043_01",1,9637,"ref_strain",43,1
"413","01_10179_0043_01",1,10179,"ref_strain",43,1
"414","01_10590_0043_01",1,10590,"ref_strain",43,1
"415","01_10739_0043_01",1,10739,"ref_strain",43,1
"416","01_12141_0043_01",1,12141,"ref_strain",43,1
"417","01_12259_0043_01",1,12259,"ref_strain",43,1
"418","01_12810_0043_01",1,12810,"ref_strain",43,1
"419","01_13617_0043_01",1,13617,"ref_strain",43,1
"420","01_13684_0043_01",1,13684,"ref_strain",43,1
"421","01_0284_0044_01",1,284,"ref_strain",44,1
"422","01_0300_0044_01",1,300,"ref_strain",44,1
"423","01_0403_0044_01",1,403,"ref_strain",44,1
"424","01_0455_0044_01",1,455,"ref_strain",44,1
"425","01_0897_0044_01",1,897,"ref_strain",44,1
"426","01_0942_0044_01",1,942,"ref_strain",44,1
"427","01_1012_0044_01",1,1012,"ref_strain",44,1
"428","01_1219_0044_01",1,1219,"ref_strain",44,1
"429","01_2345_0044_01",1,2345,"ref_strain",44,1
"430","01_3141_0044_01",1,3141,"ref_strain",44,1
"431","01_3609_0044_01",1,3609,"ref_strain",44,1
"432","01_3947_0044_01",1,3947,"ref_strain",44,1
"433","01_4277_0044_01",1,4277,"ref_strain",44,1
"434","01_5008_0044_01",1,5008,"ref_strain",44,1
"435","01_5164_0044_01",1,5164,"ref_strain",44,1
"436","01_6637_0044_01",1,6637,"ref_strain",44,1
"437","01_7632_0044_01",1,7632,"ref_strain",44,1
"438","01_7663_0044_01",1,7663,"ref_strain",44,1
"439","01_7942_0044_01",1,7942,"ref_strain",44,1
"440","01_8268_0044_01",1,8268,"ref_strain",44,1
"441","01_8586_0044_01",1,8586,"ref_strain",44,1
"442","01_8690_0044_01",1,8690,"ref_strain",44,1
"443","01_9486_0044_01",1,9486,"ref_strain",44,1
"444","01_9578_0044_01",1,9578,"ref_strain",44,1
"445","01_9633_0044_01",1,9633,"ref_strain",44,1
"446","01_10336_0044_01",1,10336,"ref_strain",44,1
"447","01_10720_0044_01",1,10720,"ref_strain",44,1
"448","01_10721_0044_01",1,10721,"ref_strain",44,1
"449","01_12087_0044_01",1,12087,"ref_strain",44,1
"450","01_13095_0044_01",1,13095,"ref_strain",44,1
"451","01_13247_0044_01",1,13247,"ref_strain",44,1
"452","01_13411_0044_01",1,13411,"ref_strain",44,1
"453","01_13503_0044_01",1,13503,"ref_strain",44,1
"454","01_14467_0044_01",1,14467,"ref_strain",44,1
"455","01_1053_0045_01",1,1053,"ref_strain",45,1
"456","01_1774_0045_01",1,1774,"ref_strain",45,1
"457","01_1902_0045_01",1,1902,"ref_strain",45,1
"458","01_2596_0045_01",1,2596,"ref_strain",45,1
"459","01_4267_0045_01",1,4267,"ref_strain",45,1
"460","01_4612_0045_01",1,4612,"ref_strain",45,1
"461","01_4929_0045_01",1,4929,"ref_strain",45,1
"462","01_5061_0045_01",1,5061,"ref_strain",45,1
"463","01_5967_0045_01",1,5967,"ref_strain",45,1
"464","01_6514_0045_01",1,6514,"ref_strain",45,1
"465","01_7110_0045_01",1,7110,"ref_strain",45,1
"466","01_7337_0045_01",1,7337,"ref_strain",45,1
"467","01_8763_0045_01",1,8763,"ref_strain",45,1
"468","01_8764_0045_01",1,8764,"ref_strain",45,1
"469","01_8813_0045_01",1,8813,"ref_strain",45,1
"470","01_8912_0045_01",1,8912,"ref_strain",45,1
"471","01_8913_0045_01",1,8913,"ref_strain",45,1
"472","01_9515_0045_01",1,9515,"ref_strain",45,1
"473","01_10366_0045_01",1,10366,"ref_strain",45,1
"474","01_11798_0045_01",1,11798,"ref_strain",45,1
"475","01_12098_0045_01",1,12098,"ref_strain",45,1
"476","01_12541_0045_01",1,12541,"ref_strain",45,1
"477","01_12771_0045_01",1,12771,"ref_strain",45,1
"478","01_13349_0045_01",1,13349,"ref_strain",45,1
"479","01_0378_0046_01",1,378,"ref_strain",46,1
"480","01_0517_0046_01",1,517,"ref_strain",46,1
"481","01_0852_0046_01",1,852,"ref_strain",46,1
"482","01_1191_0046_01",1,1191,"ref_strain",46,1
"483","01_1944_0046_01",1,1944,"ref_strain",46,1
"484","01_3099_0046_01",1,3099,"ref_strain",46,1
"485","01_3698_0046_01",1,3698,"ref_strain",46,1
"486","01_3963_0046_01",1,3963,"ref_strain",46,1
"487","01_4674_0046_01",1,4674,"ref_strain",46,1
"488","01_4744_0046_01",1,4744,"ref_strain",46,1
"489","01_4785_0046_01",1,4785,"ref_strain",46,1
"490","01_5985_0046_01",1,5985,"ref_strain",46,1
"491","01_6557_0046_01",1,6557,"ref_strain",46,1
"492","01_6689_0046_01",1,6689,"ref_strain",46,1
"493","01_9013_0046_01",1,9013,"ref_strain",46,1
"494","01_9940_0046_01",1,9940,"ref_strain",46,1
"495","01_10134_0046_01",1,10134,"ref_strain",46,1
"496","01_10405_0046_01",1,10405,"ref_strain",46,1
"497","01_10503_0046_01",1,10503,"ref_strain",46,1
"498","01_11302_0046_01",1,11302,"ref_strain",46,1
"499","01_11347_0046_01",1,11347,"ref_strain",46,1
"500","01_11398_0046_01",1,11398,"ref_strain",46,1
"501","01_11902_0046_01",1,11902,"ref_strain",46,1
"502","01_12077_0046_01",1,12077,"ref_strain",46,1
"503","01_12673_0046_01",1,12673,"ref_strain",46,1
"504","01_12891_0046_01",1,12891,"ref_strain",46,1
"505","01_0781_0047_01",1,781,"ref_strain",47,1
"506","01_1489_0047_01",1,1489,"ref_strain",47,1
"507","01_1827_0047_01",1,1827,"ref_strain",47,1
"508","01_1984_0047_01",1,1984,"ref_strain",47,1
"509","01_2925_0047_01",1,2925,"ref_strain",47,1
"510","01_3718_0047_01",1,3718,"ref_strain",47,1
"511","01_4121_0047_01",1,4121,"ref_strain",47,1
"512","01_4353_0047_01",1,4353,"ref_strain",47,1
"513","01_4370_0047_01",1,4370,"ref_strain",47,1
"514","01_4391_0047_01",1,4391,"ref_strain",47,1
"515","01_5899_0047_01",1,5899,"ref_strain",47,1
"516","01_6114_0047_01",1,6114,"ref_strain",47,1
"517","01_7003_0047_01",1,7003,"ref_strain",47,1
"518","01_7308_0047_01",1,7308,"ref_strain",47,1
"519","01_7309_0047_01",1,7309,"ref_strain",47,1
"520","01_7953_0047_01",1,7953,"ref_strain",47,1
"521","01_8680_0047_01",1,8680,"ref_strain",47,1
"522","01_9403_0047_01",1,9403,"ref_strain",47,1
"523","01_9871_0047_01",1,9871,"ref_strain",47,1
"524","01_10245_0047_01",1,10245,"ref_strain",47,1
"525","01_10787_0047_01",1,10787,"ref_strain",47,1
"526","01_10975_0047_01",1,10975,"ref_strain",47,1
"527","01_11053_0047_01",1,11053,"ref_strain",47,1
"528","01_11533_0047_01",1,11533,"ref_strain",47,1
"529","01_11706_0047_01",1,11706,"ref_strain",47,1
"530","01_12036_0047_01",1,12036,"ref_strain",47,1
"531","01_12593_0047_01",1,12593,"ref_strain",47,1
"532","01_12933_0047_01",1,12933,"ref_strain",47,1
"533","01_12971_0047_01",1,12971,"ref_strain",47,1
"534","01_13520_0047_01",1,13520,"ref_strain",47,1
"535","01_13654_0047_01",1,13654,"ref_strain",47,1
"536","01_13876_0047_01",1,13876,"ref_strain",47,1
"537","01_14412_0047_01",1,14412,"ref_strain",47,1
"538","01_0287_0048_01",1,287,"ref_strain",48,1
"539","01_0793_0048_01",1,793,"ref_strain",48,1
"540","01_1782_0048_01",1,1782,"ref_strain",48,1
"541","01_1925_0048_01",1,1925,"ref_strain",48,1
"542","01_2165_0048_01",1,2165,"ref_strain",48,1
"543","01_2573_0048_01",1,2573,"ref_strain",48,1
"544","01_3070_0048_01",1,3070,"ref_strain",48,1
"545","01_4067_0048_01",1,4067,"ref_strain",48,1
"546","01_4167_0048_01",1,4167,"ref_strain",48,1
"547","01_4934_0048_01",1,4934,"ref_strain",48,1
"548","01_4937_0048_01",1,4937,"ref_strain",48,1
"549","01_5592_0048_01",1,5592,"ref_strain",48,1
"550","01_5694_0048_01",1,5694,"ref_strain",48,1
"551","01_6060_0048_01",1,6060,"ref_strain",48,1
"552","01_6362_0048_01",1,6362,"ref_strain",48,1
"553","01_6835_0048_01",1,6835,"ref_strain",48,1
"554","01_7406_0048_01",1,7406,"ref_strain",48,1
"555","01_7831_0048_01",1,7831,"ref_strain",48,1
"556","01_8075_0048_01",1,8075,"ref_strain",48,1
"557","01_9012_0048_01",1,9012,"ref_strain",48,1
"558","01_9269_0048_01",1,9269,"ref_strain",48,1
"559","01_9540_0048_01",1,9540,"ref_strain",48,1
"560","01_9647_0048_01",1,9647,"ref_strain",48,1
"561","01_9795_0048_01",1,9795,"ref_strain",48,1
"562","01_10587_0048_01",1,10587,"ref_strain",48,1
"563","01_11164_0048_01",1,11164,"ref_strain",48,1
"564","01_11323_0048_01",1,11323,"ref_strain",48,1
"565","01_11856_0048_01",1,11856,"ref_strain",48,1
"566","01_12042_0048_01",1,12042,"ref_strain",48,1
"567","01_12109_0048_01",1,12109,"ref_strain",48,1
"568","01_13405_0048_01",1,13405,"ref_strain",48,1
"569","01_13823_0048_01",1,13823,"ref_strain",48,1
"570","01_0519_0049_01",1,519,"ref_strain",49,1
"571","01_2230_0049_01",1,2230,"ref_strain",49,1
"572","01_2238_0049_01",1,2238,"ref_strain",49,1
"573","01_2467_0049_01",1,2467,"ref_strain",49,1
"574","01_2623_0049_01",1,2623,"ref_strain",49,1
"575","01_2764_0049_01",1,2764,"ref_strain",49,1
"576","01_2787_0049_01",1,2787,"ref_strain",49,1
"577","01_2909_0049_01",1,2909,"ref_strain",49,1
"578","01_3919_0049_01",1,3919,"ref_strain",49,1
"579","01_4113_0049_01",1,4113,"ref_strain",49,1
"580","01_4776_0049_01",1,4776,"ref_strain",49,1
"581","01_4780_0049_01",1,4780,"ref_strain",49,1
"582","01_5074_0049_01",1,5074,"ref_strain",49,1
"583","01_6733_0049_01",1,6733,"ref_strain",49,1
"584","01_6803_0049_01",1,6803,"ref_strain",49,1
"585","01_6807_0049_01",1,6807,"ref_strain",49,1
"586","01_6992_0049_01",1,6992,"ref_strain",49,1
"587","01_7144_0049_01",1,7144,"ref_strain",49,1
"588","01_7456_0049_01",1,7456,"ref_strain",49,1
"589","01_7505_0049_01",1,7505,"ref_strain",49,1
"590","01_7691_0049_01",1,7691,"ref_strain",49,1
"591","01_7960_0049_01",1,7960,"ref_strain",49,1
"592","01_8284_0049_01",1,8284,"ref_strain",49,1
"593","01_8547_0049_01",1,8547,"ref_strain",49,1
"594","01_10631_0049_01",1,10631,"ref_strain",49,1
"595","01_11580_0049_01",1,11580,"ref_strain",49,1
"596","01_11598_0049_01",1,11598,"ref_strain",49,1
"597","01_11612_0049_01",1,11612,"ref_strain",49,1
"598","01_11740_0049_01",1,11740,"ref_strain",49,1
"599","01_11848_0049_01",1,11848,"ref_strain",49,1
"600","01_11894_0049_01",1,11894,"ref_strain",49,1
"601","01_12045_0049_01",1,12045,"ref_strain",49,1
"602","01_12136_0049_01",1,12136,"ref_strain",49,1
"603","01_12606_0049_01",1,12606,"ref_strain",49,1
"604","01_13392_0049_01",1,13392,"ref_strain",49,1
"605","01_13836_0049_01",1,13836,"ref_strain",49,1
"606","01_14400_0049_01",1,14400,"ref_strain",49,1
"607","01_14515_0049_01",1,14515,"ref_strain",49,1
"608","01_0639_0050_01",1,639,"ref_strain",50,1
"609","01_1305_0050_01",1,1305,"ref_strain",50,1
"610","01_2535_0050_01",1,2535,"ref_strain",50,1
"611","01_2891_0050_01",1,2891,"ref_strain",50,1
"612","01_3272_0050_01",1,3272,"ref_strain",50,1
"613","01_3605_0050_01",1,3605,"ref_strain",50,1
"614","01_3692_0050_01",1,3692,"ref_strain",50,1
"615","01_3878_0050_01",1,3878,"ref_strain",50,1
"616","01_4031_0050_01",1,4031,"ref_strain",50,1
"617","01_4046_0050_01",1,4046,"ref_strain",50,1
"618","01_4261_0050_01",1,4261,"ref_strain",50,1
"619","01_4581_0050_01",1,4581,"ref_strain",50,1
"620","01_4919_0050_01",1,4919,"ref_strain",50,1
"621","01_5178_0050_01",1,5178,"ref_strain",50,1
"622","01_5750_0050_01",1,5750,"ref_strain",50,1
"623","01_5970_0050_01",1,5970,"ref_strain",50,1
"624","01_6253_0050_01",1,6253,"ref_strain",50,1
"625","01_6471_0050_01",1,6471,"ref_strain",50,1
"626","01_6517_0050_01",1,6517,"ref_strain",50,1
"627","01_6974_0050_01",1,6974,"ref_strain",50,1
"628","01_7317_0050_01",1,7317,"ref_strain",50,1
"629","01_8055_0050_01",1,8055,"ref_strain",50,1
"630","01_8773_0050_01",1,8773,"ref_strain",50,1
"631","01_8819_0050_01",1,8819,"ref_strain",50,1
"632","01_9063_0050_01",1,9063,"ref_strain",50,1
"633","01_9160_0050_01",1,9160,"ref_strain",50,1
"634","01_9664_0050_01",1,9664,"ref_strain",50,1
"635","01_10117_0050_01",1,10117,"ref_strain",50,1
"636","01_10488_0050_01",1,10488,"ref_strain",50,1
"637","01_10667_0050_01",1,10667,"ref_strain",50,1
"638","01_11572_0050_01",1,11572,"ref_strain",50,1
"639","01_11787_0050_01",1,11787,"ref_strain",50,1
"640","01_12634_0050_01",1,12634,"ref_strain",50,1
"641","01_12845_0050_01",1,12845,"ref_strain",50,1
"642","01_13198_0050_01",1,13198,"ref_strain",50,1
"643","01_13448_0050_01",1,13448,"ref_strain",50,1
"644","01_13815_0050_01",1,13815,"ref_strain",50,1
"645","01_14103_0050_01",1,14103,"ref_strain",50,1
"646","01_0152_0051_01",1,152,"ref_strain",51,1
"647","01_0396_0051_01",1,396,"ref_strain",51,1
"648","01_0490_0051_01",1,490,"ref_strain",51,1
"649","01_0546_0051_01",1,546,"ref_strain",51,1
"650","01_0672_0051_01",1,672,"ref_strain",51,1
"651","01_1133_0051_01",1,1133,"ref_strain",51,1
"652","01_1252_0051_01",1,1252,"ref_strain",51,1
"653","01_1372_0051_01",1,1372,"ref_strain",51,1
"654","01_1446_0051_01",1,1446,"ref_strain",51,1
"655","01_1508_0051_01",1,1508,"ref_strain",51,1
"656","01_1882_0051_01",1,1882,"ref_strain",51,1
"657","01_2590_0051_01",1,2590,"ref_strain",51,1
"658","01_3253_0051_01",1,3253,"ref_strain",51,1
"659","01_5089_0051_01",1,5089,"ref_strain",51,1
"660","01_5192_0051_01",1,5192,"ref_strain",51,1
"661","01_5260_0051_01",1,5260,"ref_strain",51,1
"662","01_5355_0051_01",1,5355,"ref_strain",51,1
"663","01_5457_0051_01",1,5457,"ref_strain",51,1
"664","01_6006_0051_01",1,6006,"ref_strain",51,1
"665","01_6099_0051_01",1,6099,"ref_strain",51,1
"666","01_6101_0051_01",1,6101,"ref_strain",51,1
"667","01_6431_0051_01",1,6431,"ref_strain",51,1
"668","01_6545_0051_01",1,6545,"ref_strain",51,1
"669","01_7931_0051_01",1,7931,"ref_strain",51,1
"670","01_8136_0051_01",1,8136,"ref_strain",51,1
"671","01_8713_0051_01",1,8713,"ref_strain",51,1
"672","01_9402_0051_01",1,9402,"ref_strain",51,1
"673","01_9615_0051_01",1,9615,"ref_strain",51,1
"674","01_9820_0051_01",1,9820,"ref_strain",51,1
"675","01_9925_0051_01",1,9925,"ref_strain",51,1
"676","01_9937_0051_01",1,9937,"ref_strain",51,1
"677","01_10302_0051_01",1,10302,"ref_strain",51,1
"678","01_10692_0051_01",1,10692,"ref_strain",51,1
"679","01_10847_0051_01",1,10847,"ref_strain",51,1
"680","01_11111_0051_01",1,11111,"ref_strain",51,1
"681","01_11764_0051_01",1,11764,"ref_strain",51,1
"682","01_11846_0051_01",1,11846,"ref_strain",51,1
"683","01_12310_0051_01",1,12310,"ref_strain",51,1
"684","01_12999_0051_01",1,12999,"ref_strain",51,1
"685","01_13793_0051_01",1,13793,"ref_strain",51,1
"686","01_13801_0051_01",1,13801,"ref_strain",51,1
"687","01_14055_0051_01",1,14055,"ref_strain",51,1
"688","01_0180_0052_01",1,180,"ref_strain",52,1
"689","01_0189_0052_01",1,189,"ref_strain",52,1
"690","01_0356_0052_01",1,356,"ref_strain",52,1
"691","01_0898_0052_01",1,898,"ref_strain",52,1
"692","01_1328_0052_01",1,1328,"ref_strain",52,1
"693","01_1346_0052_01",1,1346,"ref_strain",52,1
"694","01_1491_0052_01",1,1491,"ref_strain",52,1
"695","01_1529_0052_01",1,1529,"ref_strain",52,1
"696","01_2079_0052_01",1,2079,"ref_strain",52,1
"697","01_2362_0052_01",1,2362,"ref_strain",52,1
"698","01_2387_0052_01",1,2387,"ref_strain",52,1
"699","01_2710_0052_01",1,2710,"ref_strain",52,1
"700","01_3188_0052_01",1,3188,"ref_strain",52,1
"701","01_3494_0052_01",1,3494,"ref_strain",52,1
"702","01_3571_0052_01",1,3571,"ref_strain",52,1
"703","01_4028_0052_01",1,4028,"ref_strain",52,1
"704","01_4233_0052_01",1,4233,"ref_strain",52,1
"705","01_4688_0052_01",1,4688,"ref_strain",52,1
"706","01_4996_0052_01",1,4996,"ref_strain",52,1
"707","01_6272_0052_01",1,6272,"ref_strain",52,1
"708","01_6653_0052_01",1,6653,"ref_strain",52,1
"709","01_6785_0052_01",1,6785,"ref_strain",52,1
"710","01_7455_0052_01",1,7455,"ref_strain",52,1
"711","01_7732_0052_01",1,7732,"ref_strain",52,1
"712","01_7736_0052_01",1,7736,"ref_strain",52,1
"713","01_7959_0052_01",1,7959,"ref_strain",52,1
"714","01_8601_0052_01",1,8601,"ref_strain",52,1
"715","01_8894_0052_01",1,8894,"ref_strain",52,1
"716","01_9105_0052_01",1,9105,"ref_strain",52,1
"717","01_9717_0052_01",1,9717,"ref_strain",52,1
"718","01_10292_0052_01",1,10292,"ref_strain",52,1
"719","01_10335_0052_01",1,10335,"ref_strain",52,1
"720","01_11090_0052_01",1,11090,"ref_strain",52,1
"721","01_11211_0052_01",1,11211,"ref_strain",52,1
"722","01_11860_0052_01",1,11860,"ref_strain",52,1
"723","01_11962_0052_01",1,11962,"ref_strain",52,1
"724","01_12707_0052_01",1,12707,"ref_strain",52,1
"725","01_12723_0052_01",1,12723,"ref_strain",52,1
"726","01_12944_0052_01",1,12944,"ref_strain",52,1
"727","01_13294_0052_01",1,13294,"ref_strain",52,1
"728","01_14246_0052_01",1,14246,"ref_strain",52,1
"729","01_14518_0052_01",1,14518,"ref_strain",52,1
"730","01_0364_0053_01",1,364,"ref_strain",53,1
"731","01_0862_0053_01",1,862,"ref_strain",53,1
"732","01_1560_0053_01",1,1560,"ref_strain",53,1
"733","01_2446_0053_01",1,2446,"ref_strain",53,1
"734","01_3043_0053_01",1,3043,"ref_strain",53,1
"735","01_3395_0053_01",1,3395,"ref_strain",53,1
"736","01_3708_0053_01",1,3708,"ref_strain",53,1
"737","01_4498_0053_01",1,4498,"ref_strain",53,1
"738","01_4692_0053_01",1,4692,"ref_strain",53,1
"739","01_4779_0053_01",1,4779,"ref_strain",53,1
"740","01_5099_0053_01",1,5099,"ref_strain",53,1
"741","01_5274_0053_01",1,5274,"ref_strain",53,1
"742","01_5461_0053_01",1,5461,"ref_strain",53,1
"743","01_6138_0053_01",1,6138,"ref_strain",53,1
"744","01_6275_0053_01",1,6275,"ref_strain",53,1
"745","01_6315_0053_01",1,6315,"ref_strain",53,1
"746","01_6384_0053_01",1,6384,"ref_strain",53,1
"747","01_6395_0053_01",1,6395,"ref_strain",53,1
"748","01_6585_0053_01",1,6585,"ref_strain",53,1
"749","01_6603_0053_01",1,6603,"ref_strain",53,1
"750","01_6648_0053_01",1,6648,"ref_strain",53,1
"751","01_6908_0053_01",1,6908,"ref_strain",53,1
"752","01_6937_0053_01",1,6937,"ref_strain",53,1
"753","01_6995_0053_01",1,6995,"ref_strain",53,1
"754","01_7851_0053_01",1,7851,"ref_strain",53,1
"755","01_7862_0053_01",1,7862,"ref_strain",53,1
"756","01_8117_0053_01",1,8117,"ref_strain",53,1
"757","01_8327_0053_01",1,8327,"ref_strain",53,1
"758","01_8350_0053_01",1,8350,"ref_strain",53,1
"759","01_8525_0053_01",1,8525,"ref_strain",53,1
"760","01_8626_0053_01",1,8626,"ref_strain",53,1
"761","01_8883_0053_01",1,8883,"ref_strain",53,1
"762","01_9197_0053_01",1,9197,"ref_strain",53,1
"763","01_9484_0053_01",1,9484,"ref_strain",53,1
"764","01_9817_0053_01",1,9817,"ref_strain",53,1
"765","01_10153_0053_01",1,10153,"ref_strain",53,1
"766","01_10211_0053_01",1,10211,"ref_strain",53,1
"767","01_11095_0053_01",1,11095,"ref_strain",53,1
"768","01_11320_0053_01",1,11320,"ref_strain",53,1
"769","01_11594_0053_01",1,11594,"ref_strain",53,1
"770","01_12921_0053_01",1,12921,"ref_strain",53,1
"771","01_13099_0053_01",1,13099,"ref_strain",53,1
"772","01_13184_0053_01",1,13184,"ref_strain",53,1
"773","01_13370_0053_01",1,13370,"ref_strain",53,1
"774","01_13516_0053_01",1,13516,"ref_strain",53,1
"775","01_13531_0053_01",1,13531,"ref_strain",53,1
"776","01_13674_0053_01",1,13674,"ref_strain",53,1
"777","01_13755_0053_01",1,13755,"ref_strain",53,1
"778","01_14036_0053_01",1,14036,"ref_strain",53,1
"779","01_14099_0053_01",1,14099,"ref_strain",53,1
"780","01_14105_0053_01",1,14105,"ref_strain",53,1
"781","01_14524_0053_01",1,14524,"ref_strain",53,1
"782","01_0230_0054_01",1,230,"ref_strain",54,1
"783","01_0625_0054_01",1,625,"ref_strain",54,1
"784","01_0868_0054_01",1,868,"ref_strain",54,1
"785","01_0964_0054_01",1,964,"ref_strain",54,1
"786","01_1451_0054_01",1,1451,"ref_strain",54,1
"787","01_1622_0054_01",1,1622,"ref_strain",54,1
"788","01_2153_0054_01",1,2153,"ref_strain",54,1
"789","01_2684_0054_01",1,2684,"ref_strain",54,1
"790","01_4247_0054_01",1,4247,"ref_strain",54,1
"791","01_4729_0054_01",1,4729,"ref_strain",54,1
"792","01_5028_0054_01",1,5028,"ref_strain",54,1
"793","01_5370_0054_01",1,5370,"ref_strain",54,1
"794","01_5725_0054_01",1,5725,"ref_strain",54,1
"795","01_5820_0054_01",1,5820,"ref_strain",54,1
"796","01_5845_0054_01",1,5845,"ref_strain",54,1
"797","01_5875_0054_01",1,5875,"ref_strain",54,1
"798","01_5996_0054_01",1,5996,"ref_strain",54,1
"799","01_6162_0054_01",1,6162,"ref_strain",54,1
"800","01_6228_0054_01",1,6228,"ref_strain",54,1
"801","01_7589_0054_01",1,7589,"ref_strain",54,1
"802","01_7674_0054_01",1,7674,"ref_strain",54,1
"803","01_7727_0054_01",1,7727,"ref_strain",54,1
"804","01_7758_0054_01",1,7758,"ref_strain",54,1
"805","01_7947_0054_01",1,7947,"ref_strain",54,1
"806","01_8144_0054_01",1,8144,"ref_strain",54,1
"807","01_8476_0054_01",1,8476,"ref_strain",54,1
"808","01_8637_0054_01",1,8637,"ref_strain",54,1
"809","01_9050_0054_01",1,9050,"ref_strain",54,1
"810","01_9127_0054_01",1,9127,"ref_strain",54,1
"811","01_9136_0054_01",1,9136,"ref_strain",54,1
"812","01_9141_0054_01",1,9141,"ref_strain",54,1
"813","01_9147_0054_01",1,9147,"ref_strain",54,1
"814","01_9420_0054_01",1,9420,"ref_strain",54,1
"815","01_9574_0054_01",1,9574,"ref_strain",54,1
"816","01_9789_0054_01",1,9789,"ref_strain",54,1
"817","01_10112_0054_01",1,10112,"ref_strain",54,1
"818","01_10301_0054_01",1,10301,"ref_strain",54,1
"819","01_10364_0054_01",1,10364,"ref_strain",54,1
"820","01_10471_0054_01",1,10471,"ref_strain",54,1
"821","01_10643_0054_01",1,10643,"ref_strain",54,1
"822","01_10938_0054_01",1,10938,"ref_strain",54,1
"823","01_11141_0054_01",1,11141,"ref_strain",54,1
"824","01_11486_0054_01",1,11486,"ref_strain",54,1
"825","01_12035_0054_01",1,12035,"ref_strain",54,1
"826","01_12074_0054_01",1,12074,"ref_strain",54,1
"827","01_12347_0054_01",1,12347,"ref_strain",54,1
"828","01_12372_0054_01",1,12372,"ref_strain",54,1
"829","01_12393_0054_01",1,12393,"ref_strain",54,1
"830","01_12859_0054_01",1,12859,"ref_strain",54,1
"831","01_13113_0054_01",1,13113,"ref_strain",54,1
"832","01_13549_0054_01",1,13549,"ref_strain",54,1
"833","01_14362_0054_01",1,14362,"ref_strain",54,1
"834","01_14445_0054_01",1,14445,"ref_strain",54,1
"835","01_0592_0055_01",1,592,"ref_strain",55,1
"836","01_0978_0055_01",1,978,"ref_strain",55,1
"837","01_1603_0055_01",1,1603,"ref_strain",55,1
"838","01_2460_0055_01",1,2460,"ref_strain",55,1
"839","01_3286_0055_01",1,3286,"ref_strain",55,1
"840","01_3544_0055_01",1,3544,"ref_strain",55,1
"841","01_3934_0055_01",1,3934,"ref_strain",55,1
"842","01_3958_0055_01",1,3958,"ref_strain",55,1
"843","01_4566_0055_01",1,4566,"ref_strain",55,1
"844","01_4897_0055_01",1,4897,"ref_strain",55,1
"845","01_5021_0055_01",1,5021,"ref_strain",55,1
"846","01_5095_0055_01",1,5095,"ref_strain",55,1
"847","01_5238_0055_01",1,5238,"ref_strain",55,1
"848","01_5271_0055_01",1,5271,"ref_strain",55,1
"849","01_5719_0055_01",1,5719,"ref_strain",55,1
"850","01_6115_0055_01",1,6115,"ref_strain",55,1
"851","01_6131_0055_01",1,6131,"ref_strain",55,1
"852","01_6547_0055_01",1,6547,"ref_strain",55,1
"853","01_6883_0055_01",1,6883,"ref_strain",55,1
"854","01_7582_0055_01",1,7582,"ref_strain",55,1
"855","01_7641_0055_01",1,7641,"ref_strain",55,1
"856","01_7819_0055_01",1,7819,"ref_strain",55,1
"857","01_8079_0055_01",1,8079,"ref_strain",55,1
"858","01_8324_0055_01",1,8324,"ref_strain",55,1
"859","01_9089_0055_01",1,9089,"ref_strain",55,1
"860","01_9307_0055_01",1,9307,"ref_strain",55,1
"861","01_9555_0055_01",1,9555,"ref_strain",55,1
"862","01_9605_0055_01",1,9605,"ref_strain",55,1
"863","01_9949_0055_01",1,9949,"ref_strain",55,1
"864","01_10373_0055_01",1,10373,"ref_strain",55,1
"865","01_10645_0055_01",1,10645,"ref_strain",55,1
"866","01_10876_0055_01",1,10876,"ref_strain",55,1
"867","01_11195_0055_01",1,11195,"ref_strain",55,1
"868","01_11375_0055_01",1,11375,"ref_strain",55,1
"869","01_11829_0055_01",1,11829,"ref_strain",55,1
"870","01_12355_0055_01",1,12355,"ref_strain",55,1
"871","01_12468_0055_01",1,12468,"ref_strain",55,1
"872","01_12499_0055_01",1,12499,"ref_strain",55,1
"873","01_12512_0055_01",1,12512,"ref_strain",55,1
"874","01_12708_0055_01",1,12708,"ref_strain",55,1
"875","01_12952_0055_01",1,12952,"ref_strain",55,1
"876","01_13215_0055_01",1,13215,"ref_strain",55,1
"877","01_13327_0055_01",1,13327,"ref_strain",55,1
"878","01_13820_0055_01",1,13820,"ref_strain",55,1
"879","01_13873_0055_01",1,13873,"ref_strain",55,1
"880","01_0021_0056_01",1,21,"ref_strain",56,1
"881","01_0216_0056_01",1,216,"ref_strain",56,1
"882","01_0462_0056_01",1,462,"ref_strain",56,1
"883","01_0562_0056_01",1,562,"ref_strain",56,1
"884","01_0809_0056_01",1,809,"ref_strain",56,1
"885","01_1179_0056_01",1,1179,"ref_strain",56,1
"886","01_2570_0056_01",1,2570,"ref_strain",56,1
"887","01_2724_0056_01",1,2724,"ref_strain",56,1
"888","01_2907_0056_01",1,2907,"ref_strain",56,1
"889","01_2989_0056_01",1,2989,"ref_strain",56,1
"890","01_3061_0056_01",1,3061,"ref_strain",56,1
"891","01_3612_0056_01",1,3612,"ref_strain",56,1
"892","01_4196_0056_01",1,4196,"ref_strain",56,1
"893","01_4203_0056_01",1,4203,"ref_strain",56,1
"894","01_4396_0056_01",1,4396,"ref_strain",56,1
"895","01_4421_0056_01",1,4421,"ref_strain",56,1
"896","01_4514_0056_01",1,4514,"ref_strain",56,1
"897","01_4790_0056_01",1,4790,"ref_strain",56,1
"898","01_4844_0056_01",1,4844,"ref_strain",56,1
"899","01_5289_0056_01",1,5289,"ref_strain",56,1
"900","01_5537_0056_01",1,5537,"ref_strain",56,1
"901","01_5549_0056_01",1,5549,"ref_strain",56,1
"902","01_5594_0056_01",1,5594,"ref_strain",56,1
"903","01_6066_0056_01",1,6066,"ref_strain",56,1
"904","01_6328_0056_01",1,6328,"ref_strain",56,1
"905","01_6387_0056_01",1,6387,"ref_strain",56,1
"906","01_6416_0056_01",1,6416,"ref_strain",56,1
"907","01_6466_0056_01",1,6466,"ref_strain",56,1
"908","01_6527_0056_01",1,6527,"ref_strain",56,1
"909","01_6552_0056_01",1,6552,"ref_strain",56,1
"910","01_6604_0056_01",1,6604,"ref_strain",56,1
"911","01_6681_0056_01",1,6681,"ref_strain",56,1
"912","01_6786_0056_01",1,6786,"ref_strain",56,1
"913","01_6865_0056_01",1,6865,"ref_strain",56,1
"914","01_7429_0056_01",1,7429,"ref_strain",56,1
"915","01_7541_0056_01",1,7541,"ref_strain",56,1
"916","01_8858_0056_01",1,8858,"ref_strain",56,1
"917","01_8927_0056_01",1,8927,"ref_strain",56,1
"918","01_9033_0056_01",1,9033,"ref_strain",56,1
"919","01_9142_0056_01",1,9142,"ref_strain",56,1
"920","01_9219_0056_01",1,9219,"ref_strain",56,1
"921","01_9442_0056_01",1,9442,"ref_strain",56,1
"922","01_9683_0056_01",1,9683,"ref_strain",56,1
"923","01_10225_0056_01",1,10225,"ref_strain",56,1
"924","01_10228_0056_01",1,10228,"ref_strain",56,1
"925","01_10534_0056_01",1,10534,"ref_strain",56,1
"926","01_10636_0056_01",1,10636,"ref_strain",56,1
"927","01_10784_0056_01",1,10784,"ref_strain",56,1
"928","01_10854_0056_01",1,10854,"ref_strain",56,1
"929","01_11036_0056_01",1,11036,"ref_strain",56,1
"930","01_11585_0056_01",1,11585,"ref_strain",56,1
"931","01_11615_0056_01",1,11615,"ref_strain",56,1
"932","01_11695_0056_01",1,11695,"ref_strain",56,1
"933","01_11748_0056_01",1,11748,"ref_strain",56,1
"934","01_11810_0056_01",1,11810,"ref_strain",56,1
"935","01_11930_0056_01",1,11930,"ref_strain",56,1
"936","01_11948_0056_01",1,11948,"ref_strain",56,1
"937","01_12095_0056_01",1,12095,"ref_strain",56,1
"938","01_12139_0056_01",1,12139,"ref_strain",56,1
"939","01_12990_0056_01",1,12990,"ref_strain",56,1
"940","01_12997_0056_01",1,12997,"ref_strain",56,1
"941","01_13377_0056_01",1,13377,"ref_strain",56,1
"942","01_13417_0056_01",1,13417,"ref_strain",56,1
"943","01_13669_0056_01",1,13669,"ref_strain",56,1
"944","01_13899_0056_01",1,13899,"ref_strain",56,1
"945","01_14000_0056_01",1,14000,"ref_strain",56,1
"946","01_14116_0056_01",1,14116,"ref_strain",56,1
"947","01_0020_0057_01",1,20,"ref_strain",57,1
"948","01_0075_0057_01",1,75,"ref_strain",57,1
"949","01_0684_0057_01",1,684,"ref_strain",57,1
"950","01_1351_0057_01",1,1351,"ref_strain",57,1
"951","01_1364_0057_01",1,1364,"ref_strain",57,1
"952","01_1681_0057_01",1,1681,"ref_strain",57,1
"953","01_1803_0057_01",1,1803,"ref_strain",57,1
"954","01_2094_0057_01",1,2094,"ref_strain",57,1
"955","01_2267_0057_01",1,2267,"ref_strain",57,1
"956","01_2290_0057_01",1,2290,"ref_strain",57,1
"957","01_2303_0057_01",1,2303,"ref_strain",57,1
"958","01_2417_0057_01",1,2417,"ref_strain",57,1
"959","01_2457_0057_01",1,2457,"ref_strain",57,1
"960","01_2713_0057_01",1,2713,"ref_strain",57,1
"961","01_3104_0057_01",1,3104,"ref_strain",57,1
"962","01_3905_0057_01",1,3905,"ref_strain",57,1
"963","01_3965_0057_01",1,3965,"ref_strain",57,1
"964","01_4140_0057_01",1,4140,"ref_strain",57,1
"965","01_4181_0057_01",1,4181,"ref_strain",57,1
"966","01_4278_0057_01",1,4278,"ref_strain",57,1
"967","01_4724_0057_01",1,4724,"ref_strain",57,1
"968","01_5265_0057_01",1,5265,"ref_strain",57,1
"969","01_5301_0057_01",1,5301,"ref_strain",57,1
"970","01_5360_0057_01",1,5360,"ref_strain",57,1
"971","01_5438_0057_01",1,5438,"ref_strain",57,1
"972","01_5610_0057_01",1,5610,"ref_strain",57,1
"973","01_5693_0057_01",1,5693,"ref_strain",57,1
"974","01_6028_0057_01",1,6028,"ref_strain",57,1
"975","01_6650_0057_01",1,6650,"ref_strain",57,1
"976","01_7253_0057_01",1,7253,"ref_strain",57,1
"977","01_7280_0057_01",1,7280,"ref_strain",57,1
"978","01_7496_0057_01",1,7496,"ref_strain",57,1
"979","01_7601_0057_01",1,7601,"ref_strain",57,1
"980","01_9730_0057_01",1,9730,"ref_strain",57,1
"981","01_9889_0057_01",1,9889,"ref_strain",57,1
"982","01_10351_0057_01",1,10351,"ref_strain",57,1
"983","01_10656_0057_01",1,10656,"ref_strain",57,1
"984","01_10875_0057_01",1,10875,"ref_strain",57,1
"985","01_11105_0057_01",1,11105,"ref_strain",57,1
"986","01_11172_0057_01",1,11172,"ref_strain",57,1
"987","01_11315_0057_01",1,11315,"ref_strain",57,1
"988","01_11431_0057_01",1,11431,"ref_strain",57,1
"989","01_11724_0057_01",1,11724,"ref_strain",57,1
"990","01_12073_0057_01",1,12073,"ref_strain",57,1
"991","01_12640_0057_01",1,12640,"ref_strain",57,1
"992","01_13486_0057_01",1,13486,"ref_strain",57,1
"993","01_13882_0057_01",1,13882,"ref_strain",57,1
"994","01_13977_0057_01",1,13977,"ref_strain",57,1
"995","01_14008_0057_01",1,14008,"ref_strain",57,1
"996","01_14320_0057_01",1,14320,"ref_strain",57,1
"997","01_14458_0057_01",1,14458,"ref_strain",57,1
"998","01_14475_0057_01",1,14475,"ref_strain",57,1
"999","01_0003_0058_01",1,3,"ref_strain",58,1
"1000","01_0720_0058_01",1,720,"ref_strain",58,1
"1001","01_0945_0058_01",1,945,"ref_strain",58,1
"1002","01_0961_0058_01",1,961,"ref_strain",58,1
"1003","01_1139_0058_01",1,1139,"ref_strain",58,1
"1004","01_1467_0058_01",1,1467,"ref_strain",58,1
"1005","01_1662_0058_01",1,1662,"ref_strain",58,1
"1006","01_1740_0058_01",1,1740,"ref_strain",58,1
"1007","01_1822_0058_01",1,1822,"ref_strain",58,1
"1008","01_2083_0058_01",1,2083,"ref_strain",58,1
"1009","01_2223_0058_01",1,2223,"ref_strain",58,1
"1010","01_2595_0058_01",1,2595,"ref_strain",58,1
"1011","01_2876_0058_01",1,2876,"ref_strain",58,1
"1012","01_3036_0058_01",1,3036,"ref_strain",58,1
"1013","01_3201_0058_01",1,3201,"ref_strain",58,1
"1014","01_3266_0058_01",1,3266,"ref_strain",58,1
"1015","01_3299_0058_01",1,3299,"ref_strain",58,1
"1016","01_3452_0058_01",1,3452,"ref_strain",58,1
"1017","01_3937_0058_01",1,3937,"ref_strain",58,1
"1018","01_4126_0058_01",1,4126,"ref_strain",58,1
"1019","01_4237_0058_01",1,4237,"ref_strain",58,1
"1020","01_4908_0058_01",1,4908,"ref_strain",58,1
"1021","01_5037_0058_01",1,5037,"ref_strain",58,1
"1022","01_5201_0058_01",1,5201,"ref_strain",58,1
"1023","01_5214_0058_01",1,5214,"ref_strain",58,1
"1024","01_5299_0058_01",1,5299,"ref_strain",58,1
"1025","01_5669_0058_01",1,5669,"ref_strain",58,1
"1026","01_5847_0058_01",1,5847,"ref_strain",58,1
"1027","01_6989_0058_01",1,6989,"ref_strain",58,1
"1028","01_7055_0058_01",1,7055,"ref_strain",58,1
"1029","01_7128_0058_01",1,7128,"ref_strain",58,1
"1030","01_7547_0058_01",1,7547,"ref_strain",58,1
"1031","01_7923_0058_01",1,7923,"ref_strain",58,1
"1032","01_8062_0058_01",1,8062,"ref_strain",58,1
"1033","01_8121_0058_01",1,8121,"ref_strain",58,1
"1034","01_8216_0058_01",1,8216,"ref_strain",58,1
"1035","01_8279_0058_01",1,8279,"ref_strain",58,1
"1036","01_8311_0058_01",1,8311,"ref_strain",58,1
"1037","01_8987_0058_01",1,8987,"ref_strain",58,1
"1038","01_9405_0058_01",1,9405,"ref_strain",58,1
"1039","01_9562_0058_01",1,9562,"ref_strain",58,1
"1040","01_9823_0058_01",1,9823,"ref_strain",58,1
"1041","01_9923_0058_01",1,9923,"ref_strain",58,1
"1042","01_10252_0058_01",1,10252,"ref_strain",58,1
"1043","01_10480_0058_01",1,10480,"ref_strain",58,1
"1044","01_10579_0058_01",1,10579,"ref_strain",58,1
"1045","01_10838_0058_01",1,10838,"ref_strain",58,1
"1046","01_11888_0058_01",1,11888,"ref_strain",58,1
"1047","01_12003_0058_01",1,12003,"ref_strain",58,1
"1048","01_12484_0058_01",1,12484,"ref_strain",58,1
"1049","01_12665_0058_01",1,12665,"ref_strain",58,1
"1050","01_12939_0058_01",1,12939,"ref_strain",58,1
"1051","01_13176_0058_01",1,13176,"ref_strain",58,1
"1052","01_13394_0058_01",1,13394,"ref_strain",58,1
"1053","01_13666_0058_01",1,13666,"ref_strain",58,1
"1054","01_13896_0058_01",1,13896,"ref_strain",58,1
"1055","01_13935_0058_01",1,13935,"ref_strain",58,1
"1056","01_0299_0059_01",1,299,"ref_strain",59,1
"1057","01_0386_0059_01",1,386,"ref_strain",59,1
"1058","01_0408_0059_01",1,408,"ref_strain",59,1
"1059","01_0555_0059_01",1,555,"ref_strain",59,1
"1060","01_1237_0059_01",1,1237,"ref_strain",59,1
"1061","01_1658_0059_01",1,1658,"ref_strain",59,1
"1062","01_1865_0059_01",1,1865,"ref_strain",59,1
"1063","01_2014_0059_01",1,2014,"ref_strain",59,1
"1064","01_2336_0059_01",1,2336,"ref_strain",59,1
"1065","01_2360_0059_01",1,2360,"ref_strain",59,1
"1066","01_2371_0059_01",1,2371,"ref_strain",59,1
"1067","01_2394_0059_01",1,2394,"ref_strain",59,1
"1068","01_2434_0059_01",1,2434,"ref_strain",59,1
"1069","01_2490_0059_01",1,2490,"ref_strain",59,1
"1070","01_3247_0059_01",1,3247,"ref_strain",59,1
"1071","01_3316_0059_01",1,3316,"ref_strain",59,1
"1072","01_3648_0059_01",1,3648,"ref_strain",59,1
"1073","01_3875_0059_01",1,3875,"ref_strain",59,1
"1074","01_3892_0059_01",1,3892,"ref_strain",59,1
"1075","01_4029_0059_01",1,4029,"ref_strain",59,1
"1076","01_4068_0059_01",1,4068,"ref_strain",59,1
"1077","01_4161_0059_01",1,4161,"ref_strain",59,1
"1078","01_4231_0059_01",1,4231,"ref_strain",59,1
"1079","01_4512_0059_01",1,4512,"ref_strain",59,1
"1080","01_5144_0059_01",1,5144,"ref_strain",59,1
"1081","01_5432_0059_01",1,5432,"ref_strain",59,1
"1082","01_5702_0059_01",1,5702,"ref_strain",59,1
"1083","01_5844_0059_01",1,5844,"ref_strain",59,1
"1084","01_5855_0059_01",1,5855,"ref_strain",59,1
"1085","01_6069_0059_01",1,6069,"ref_strain",59,1
"1086","01_6081_0059_01",1,6081,"ref_strain",59,1
"1087","01_6163_0059_01",1,6163,"ref_strain",59,1
"1088","01_7415_0059_01",1,7415,"ref_strain",59,1
"1089","01_7427_0059_01",1,7427,"ref_strain",59,1
"1090","01_8202_0059_01",1,8202,"ref_strain",59,1
"1091","01_8265_0059_01",1,8265,"ref_strain",59,1
"1092","01_8515_0059_01",1,8515,"ref_strain",59,1
"1093","01_8645_0059_01",1,8645,"ref_strain",59,1
"1094","01_8652_0059_01",1,8652,"ref_strain",59,1
"1095","01_8799_0059_01",1,8799,"ref_strain",59,1
"1096","01_8829_0059_01",1,8829,"ref_strain",59,1
"1097","01_8884_0059_01",1,8884,"ref_strain",59,1
"1098","01_8958_0059_01",1,8958,"ref_strain",59,1
"1099","01_8970_0059_01",1,8970,"ref_strain",59,1
"1100","01_9032_0059_01",1,9032,"ref_strain",59,1
"1101","01_10122_0059_01",1,10122,"ref_strain",59,1
"1102","01_10214_0059_01",1,10214,"ref_strain",59,1
"1103","01_11402_0059_01",1,11402,"ref_strain",59,1
"1104","01_11526_0059_01",1,11526,"ref_strain",59,1
"1105","01_11734_0059_01",1,11734,"ref_strain",59,1
"1106","01_12030_0059_01",1,12030,"ref_strain",59,1
"1107","01_12038_0059_01",1,12038,"ref_strain",59,1
"1108","01_12317_0059_01",1,12317,"ref_strain",59,1
"1109","01_12405_0059_01",1,12405,"ref_strain",59,1
"1110","01_12472_0059_01",1,12472,"ref_strain",59,1
"1111","01_12678_0059_01",1,12678,"ref_strain",59,1
"1112","01_12888_0059_01",1,12888,"ref_strain",59,1
"1113","01_13104_0059_01",1,13104,"ref_strain",59,1
"1114","01_13317_0059_01",1,13317,"ref_strain",59,1
"1115","01_13621_0059_01",1,13621,"ref_strain",59,1
"1116","01_13672_0059_01",1,13672,"ref_strain",59,1
"1117","01_0169_0060_01",1,169,"ref_strain",60,1
"1118","01_0215_0060_01",1,215,"ref_strain",60,1
"1119","01_0302_0060_01",1,302,"ref_strain",60,1
"1120","01_1041_0060_01",1,1041,"ref_strain",60,1
"1121","01_1155_0060_01",1,1155,"ref_strain",60,1
"1122","01_1362_0060_01",1,1362,"ref_strain",60,1
"1123","01_1479_0060_01",1,1479,"ref_strain",60,1
"1124","01_1520_0060_01",1,1520,"ref_strain",60,1
"1125","01_1748_0060_01",1,1748,"ref_strain",60,1
"1126","01_1765_0060_01",1,1765,"ref_strain",60,1
"1127","01_1844_0060_01",1,1844,"ref_strain",60,1
"1128","01_2048_0060_01",1,2048,"ref_strain",60,1
"1129","01_2399_0060_01",1,2399,"ref_strain",60,1
"1130","01_2556_0060_01",1,2556,"ref_strain",60,1
"1131","01_2879_0060_01",1,2879,"ref_strain",60,1
"1132","01_3348_0060_01",1,3348,"ref_strain",60,1
"1133","01_3483_0060_01",1,3483,"ref_strain",60,1
"1134","01_3550_0060_01",1,3550,"ref_strain",60,1
"1135","01_3627_0060_01",1,3627,"ref_strain",60,1
"1136","01_3707_0060_01",1,3707,"ref_strain",60,1
"1137","01_3842_0060_01",1,3842,"ref_strain",60,1
"1138","01_4042_0060_01",1,4042,"ref_strain",60,1
"1139","01_4537_0060_01",1,4537,"ref_strain",60,1
"1140","01_4546_0060_01",1,4546,"ref_strain",60,1
"1141","01_4869_0060_01",1,4869,"ref_strain",60,1
"1142","01_4968_0060_01",1,4968,"ref_strain",60,1
"1143","01_5029_0060_01",1,5029,"ref_strain",60,1
"1144","01_5330_0060_01",1,5330,"ref_strain",60,1
"1145","01_5428_0060_01",1,5428,"ref_strain",60,1
"1146","01_5562_0060_01",1,5562,"ref_strain",60,1
"1147","01_5762_0060_01",1,5762,"ref_strain",60,1
"1148","01_5941_0060_01",1,5941,"ref_strain",60,1
"1149","01_6056_0060_01",1,6056,"ref_strain",60,1
"1150","01_6248_0060_01",1,6248,"ref_strain",60,1
"1151","01_6456_0060_01",1,6456,"ref_strain",60,1
"1152","01_7028_0060_01",1,7028,"ref_strain",60,1
"1153","01_7101_0060_01",1,7101,"ref_strain",60,1
"1154","01_7760_0060_01",1,7760,"ref_strain",60,1
"1155","01_7905_0060_01",1,7905,"ref_strain",60,1
"1156","01_8319_0060_01",1,8319,"ref_strain",60,1
"1157","01_8360_0060_01",1,8360,"ref_strain",60,1
"1158","01_8370_0060_01",1,8370,"ref_strain",60,1
"1159","01_8570_0060_01",1,8570,"ref_strain",60,1
"1160","01_9805_0060_01",1,9805,"ref_strain",60,1
"1161","01_10089_0060_01",1,10089,"ref_strain",60,1
"1162","01_10571_0060_01",1,10571,"ref_strain",60,1
"1163","01_11488_0060_01",1,11488,"ref_strain",60,1
"1164","01_11507_0060_01",1,11507,"ref_strain",60,1
"1165","01_11652_0060_01",1,11652,"ref_strain",60,1
"1166","01_11937_0060_01",1,11937,"ref_strain",60,1
"1167","01_12537_0060_01",1,12537,"ref_strain",60,1
"1168","01_12799_0060_01",1,12799,"ref_strain",60,1
"1169","01_13723_0060_01",1,13723,"ref_strain",60,1
"1170","01_13818_0060_01",1,13818,"ref_strain",60,1
"1171","01_13832_0060_01",1,13832,"ref_strain",60,1
"1172","01_14138_0060_01",1,14138,"ref_strain",60,1
"1173","01_14214_0060_01",1,14214,"ref_strain",60,1
"1174","01_14314_0060_01",1,14314,"ref_strain",60,1
"1175","01_0119_0061_01",1,119,"ref_strain",61,1
"1176","01_0315_0061_01",1,315,"ref_strain",61,1
"1177","01_0834_0061_01",1,834,"ref_strain",61,1
"1178","01_1943_0061_01",1,1943,"ref_strain",61,1
"1179","01_2124_0061_01",1,2124,"ref_strain",61,1
"1180","01_2681_0061_01",1,2681,"ref_strain",61,1
"1181","01_2712_0061_01",1,2712,"ref_strain",61,1
"1182","01_3204_0061_01",1,3204,"ref_strain",61,1
"1183","01_3832_0061_01",1,3832,"ref_strain",61,1
"1184","01_3935_0061_01",1,3935,"ref_strain",61,1
"1185","01_4214_0061_01",1,4214,"ref_strain",61,1
"1186","01_4216_0061_01",1,4216,"ref_strain",61,1
"1187","01_4375_0061_01",1,4375,"ref_strain",61,1
"1188","01_4837_0061_01",1,4837,"ref_strain",61,1
"1189","01_5131_0061_01",1,5131,"ref_strain",61,1
"1190","01_5218_0061_01",1,5218,"ref_strain",61,1
"1191","01_5351_0061_01",1,5351,"ref_strain",61,1
"1192","01_5476_0061_01",1,5476,"ref_strain",61,1
"1193","01_5628_0061_01",1,5628,"ref_strain",61,1
"1194","01_5744_0061_01",1,5744,"ref_strain",61,1
"1195","01_5930_0061_01",1,5930,"ref_strain",61,1
"1196","01_6303_0061_01",1,6303,"ref_strain",61,1
"1197","01_6344_0061_01",1,6344,"ref_strain",61,1
"1198","01_6516_0061_01",1,6516,"ref_strain",61,1
"1199","01_7177_0061_01",1,7177,"ref_strain",61,1
"1200","01_7189_0061_01",1,7189,"ref_strain",61,1
"1201","01_7246_0061_01",1,7246,"ref_strain",61,1
"1202","01_7346_0061_01",1,7346,"ref_strain",61,1
"1203","01_7492_0061_01",1,7492,"ref_strain",61,1
"1204","01_7722_0061_01",1,7722,"ref_strain",61,1
"1205","01_7922_0061_01",1,7922,"ref_strain",61,1
"1206","01_8212_0061_01",1,8212,"ref_strain",61,1
"1207","01_8322_0061_01",1,8322,"ref_strain",61,1
"1208","01_8376_0061_01",1,8376,"ref_strain",61,1
"1209","01_8520_0061_01",1,8520,"ref_strain",61,1
"1210","01_8654_0061_01",1,8654,"ref_strain",61,1
"1211","01_8780_0061_01",1,8780,"ref_strain",61,1
"1212","01_9099_0061_01",1,9099,"ref_strain",61,1
"1213","01_9184_0061_01",1,9184,"ref_strain",61,1
"1214","01_9393_0061_01",1,9393,"ref_strain",61,1
"1215","01_9558_0061_01",1,9558,"ref_strain",61,1
"1216","01_9697_0061_01",1,9697,"ref_strain",61,1
"1217","01_9830_0061_01",1,9830,"ref_strain",61,1
"1218","01_9848_0061_01",1,9848,"ref_strain",61,1
"1219","01_10066_0061_01",1,10066,"ref_strain",61,1
"1220","01_10120_0061_01",1,10120,"ref_strain",61,1
"1221","01_10180_0061_01",1,10180,"ref_strain",61,1
"1222","01_10450_0061_01",1,10450,"ref_strain",61,1
"1223","01_11066_0061_01",1,11066,"ref_strain",61,1
"1224","01_11305_0061_01",1,11305,"ref_strain",61,1
"1225","01_11389_0061_01",1,11389,"ref_strain",61,1
"1226","01_11588_0061_01",1,11588,"ref_strain",61,1
"1227","01_12315_0061_01",1,12315,"ref_strain",61,1
"1228","01_12977_0061_01",1,12977,"ref_strain",61,1
"1229","01_13070_0061_01",1,13070,"ref_strain",61,1
"1230","01_13233_0061_01",1,13233,"ref_strain",61,1
"1231","01_13540_0061_01",1,13540,"ref_strain",61,1
"1232","01_13721_0061_01",1,13721,"ref_strain",61,1
"1233","01_13744_0061_01",1,13744,"ref_strain",61,1
"1234","01_13850_0061_01",1,13850,"ref_strain",61,1
"1235","01_13954_0061_01",1,13954,"ref_strain",61,1
"1236","01_14093_0061_01",1,14093,"ref_strain",61,1
"1237","01_14244_0061_01",1,14244,"ref_strain",61,1
"1238","01_14364_0061_01",1,14364,"ref_strain",61,1
"1239","01_0115_0062_01",1,115,"ref_strain",62,1
"1240","01_0172_0062_01",1,172,"ref_strain",62,1
"1241","01_0513_0062_01",1,513,"ref_strain",62,1
"1242","01_0791_0062_01",1,791,"ref_strain",62,1
"1243","01_0829_0062_01",1,829,"ref_strain",62,1
"1244","01_0930_0062_01",1,930,"ref_strain",62,1
"1245","01_1052_0062_01",1,1052,"ref_strain",62,1
"1246","01_1378_0062_01",1,1378,"ref_strain",62,1
"1247","01_1585_0062_01",1,1585,"ref_strain",62,1
"1248","01_1881_0062_01",1,1881,"ref_strain",62,1
"1249","01_2140_0062_01",1,2140,"ref_strain",62,1
"1250","01_2335_0062_01",1,2335,"ref_strain",62,1
"1251","01_2504_0062_01",1,2504,"ref_strain",62,1
"1252","01_2678_0062_01",1,2678,"ref_strain",62,1
"1253","01_2838_0062_01",1,2838,"ref_strain",62,1
"1254","01_3467_0062_01",1,3467,"ref_strain",62,1
"1255","01_3520_0062_01",1,3520,"ref_strain",62,1
"1256","01_3611_0062_01",1,3611,"ref_strain",62,1
"1257","01_3909_0062_01",1,3909,"ref_strain",62,1
"1258","01_4225_0062_01",1,4225,"ref_strain",62,1
"1259","01_4230_0062_01",1,4230,"ref_strain",62,1
"1260","01_4428_0062_01",1,4428,"ref_strain",62,1
"1261","01_4648_0062_01",1,4648,"ref_strain",62,1
"1262","01_4833_0062_01",1,4833,"ref_strain",62,1
"1263","01_4970_0062_01",1,4970,"ref_strain",62,1
"1264","01_5116_0062_01",1,5116,"ref_strain",62,1
"1265","01_5179_0062_01",1,5179,"ref_strain",62,1
"1266","01_5418_0062_01",1,5418,"ref_strain",62,1
"1267","01_5644_0062_01",1,5644,"ref_strain",62,1
"1268","01_6447_0062_01",1,6447,"ref_strain",62,1
"1269","01_6757_0062_01",1,6757,"ref_strain",62,1
"1270","01_6836_0062_01",1,6836,"ref_strain",62,1
"1271","01_6934_0062_01",1,6934,"ref_strain",62,1
"1272","01_6976_0062_01",1,6976,"ref_strain",62,1
"1273","01_7534_0062_01",1,7534,"ref_strain",62,1
"1274","01_7588_0062_01",1,7588,"ref_strain",62,1
"1275","01_7629_0062_01",1,7629,"ref_strain",62,1
"1276","01_7666_0062_01",1,7666,"ref_strain",62,1
"1277","01_8412_0062_01",1,8412,"ref_strain",62,1
"1278","01_8491_0062_01",1,8491,"ref_strain",62,1
"1279","01_9103_0062_01",1,9103,"ref_strain",62,1
"1280","01_9199_0062_01",1,9199,"ref_strain",62,1
"1281","01_9544_0062_01",1,9544,"ref_strain",62,1
"1282","01_9612_0062_01",1,9612,"ref_strain",62,1
"1283","01_9627_0062_01",1,9627,"ref_strain",62,1
"1284","01_9705_0062_01",1,9705,"ref_strain",62,1
"1285","01_9892_0062_01",1,9892,"ref_strain",62,1
"1286","01_10594_0062_01",1,10594,"ref_strain",62,1
"1287","01_10917_0062_01",1,10917,"ref_strain",62,1
"1288","01_10950_0062_01",1,10950,"ref_strain",62,1
"1289","01_11046_0062_01",1,11046,"ref_strain",62,1
"1290","01_11153_0062_01",1,11153,"ref_strain",62,1
"1291","01_11200_0062_01",1,11200,"ref_strain",62,1
"1292","01_11257_0062_01",1,11257,"ref_strain",62,1
"1293","01_12685_0062_01",1,12685,"ref_strain",62,1
"1294","01_12815_0062_01",1,12815,"ref_strain",62,1
"1295","01_12883_0062_01",1,12883,"ref_strain",62,1
"1296","01_12899_0062_01",1,12899,"ref_strain",62,1
"1297","01_13237_0062_01",1,13237,"ref_strain",62,1
"1298","01_13305_0062_01",1,13305,"ref_strain",62,1
"1299","01_13416_0062_01",1,13416,"ref_strain",62,1
"1300","01_13807_0062_01",1,13807,"ref_strain",62,1
"1301","01_14044_0062_01",1,14044,"ref_strain",62,1
"1302","01_14403_0062_01",1,14403,"ref_strain",62,1
"1303","01_14434_0062_01",1,14434,"ref_strain",62,1
"1304","01_0204_0063_01",1,204,"ref_strain",63,1
"1305","01_0305_0063_01",1,305,"ref_strain",63,1
"1306","01_0379_0063_01",1,379,"ref_strain",63,1
"1307","01_0699_0063_01",1,699,"ref_strain",63,1
"1308","01_0754_0063_01",1,754,"ref_strain",63,1
"1309","01_0908_0063_01",1,908,"ref_strain",63,1
"1310","01_1303_0063_01",1,1303,"ref_strain",63,1
"1311","01_1683_0063_01",1,1683,"ref_strain",63,1
"1312","01_1773_0063_01",1,1773,"ref_strain",63,1
"1313","01_1871_0063_01",1,1871,"ref_strain",63,1
"1314","01_2217_0063_01",1,2217,"ref_strain",63,1
"1315","01_2293_0063_01",1,2293,"ref_strain",63,1
"1316","01_2636_0063_01",1,2636,"ref_strain",63,1
"1317","01_2765_0063_01",1,2765,"ref_strain",63,1
"1318","01_2800_0063_01",1,2800,"ref_strain",63,1
"1319","01_3076_0063_01",1,3076,"ref_strain",63,1
"1320","01_3426_0063_01",1,3426,"ref_strain",63,1
"1321","01_3457_0063_01",1,3457,"ref_strain",63,1
"1322","01_3545_0063_01",1,3545,"ref_strain",63,1
"1323","01_3659_0063_01",1,3659,"ref_strain",63,1
"1324","01_3736_0063_01",1,3736,"ref_strain",63,1
"1325","01_3773_0063_01",1,3773,"ref_strain",63,1
"1326","01_4034_0063_01",1,4034,"ref_strain",63,1
"1327","01_4390_0063_01",1,4390,"ref_strain",63,1
"1328","01_4573_0063_01",1,4573,"ref_strain",63,1
"1329","01_4653_0063_01",1,4653,"ref_strain",63,1
"1330","01_4896_0063_01",1,4896,"ref_strain",63,1
"1331","01_5334_0063_01",1,5334,"ref_strain",63,1
"1332","01_5634_0063_01",1,5634,"ref_strain",63,1
"1333","01_5937_0063_01",1,5937,"ref_strain",63,1
"1334","01_6365_0063_01",1,6365,"ref_strain",63,1
"1335","01_6436_0063_01",1,6436,"ref_strain",63,1
"1336","01_6534_0063_01",1,6534,"ref_strain",63,1
"1337","01_7105_0063_01",1,7105,"ref_strain",63,1
"1338","01_7475_0063_01",1,7475,"ref_strain",63,1
"1339","01_9694_0063_01",1,9694,"ref_strain",63,1
"1340","01_10125_0063_01",1,10125,"ref_strain",63,1
"1341","01_10425_0063_01",1,10425,"ref_strain",63,1
"1342","01_10615_0063_01",1,10615,"ref_strain",63,1
"1343","01_11033_0063_01",1,11033,"ref_strain",63,1
"1344","01_11439_0063_01",1,11439,"ref_strain",63,1
"1345","01_11514_0063_01",1,11514,"ref_strain",63,1
"1346","01_11986_0063_01",1,11986,"ref_strain",63,1
"1347","01_12765_0063_01",1,12765,"ref_strain",63,1
"1348","01_12831_0063_01",1,12831,"ref_strain",63,1
"1349","01_13000_0063_01",1,13000,"ref_strain",63,1
"1350","01_13004_0063_01",1,13004,"ref_strain",63,1
"1351","01_13051_0063_01",1,13051,"ref_strain",63,1
"1352","01_13861_0063_01",1,13861,"ref_strain",63,1
"1353","01_13965_0063_01",1,13965,"ref_strain",63,1
"1354","01_14014_0063_01",1,14014,"ref_strain",63,1
"1355","01_14237_0063_01",1,14237,"ref_strain",63,1
"1356","01_14522_0063_01",1,14522,"ref_strain",63,1
"1357","01_0606_0064_01",1,606,"ref_strain",64,1
"1358","01_0801_0064_01",1,801,"ref_strain",64,1
"1359","01_0900_0064_01",1,900,"ref_strain",64,1
"1360","01_1076_0064_01",1,1076,"ref_strain",64,1
"1361","01_1262_0064_01",1,1262,"ref_strain",64,1
"1362","01_1389_0064_01",1,1389,"ref_strain",64,1
"1363","01_1442_0064_01",1,1442,"ref_strain",64,1
"1364","01_1907_0064_01",1,1907,"ref_strain",64,1
"1365","01_1935_0064_01",1,1935,"ref_strain",64,1
"1366","01_2206_0064_01",1,2206,"ref_strain",64,1
"1367","01_2427_0064_01",1,2427,"ref_strain",64,1
"1368","01_2567_0064_01",1,2567,"ref_strain",64,1
"1369","01_2872_0064_01",1,2872,"ref_strain",64,1
"1370","01_3355_0064_01",1,3355,"ref_strain",64,1
"1371","01_3371_0064_01",1,3371,"ref_strain",64,1
"1372","01_3455_0064_01",1,3455,"ref_strain",64,1
"1373","01_3596_0064_01",1,3596,"ref_strain",64,1
"1374","01_3696_0064_01",1,3696,"ref_strain",64,1
"1375","01_3714_0064_01",1,3714,"ref_strain",64,1
"1376","01_3776_0064_01",1,3776,"ref_strain",64,1
"1377","01_3780_0064_01",1,3780,"ref_strain",64,1
"1378","01_3912_0064_01",1,3912,"ref_strain",64,1
"1379","01_4155_0064_01",1,4155,"ref_strain",64,1
"1380","01_4160_0064_01",1,4160,"ref_strain",64,1
"1381","01_4342_0064_01",1,4342,"ref_strain",64,1
"1382","01_4850_0064_01",1,4850,"ref_strain",64,1
"1383","01_4866_0064_01",1,4866,"ref_strain",64,1
"1384","01_5264_0064_01",1,5264,"ref_strain",64,1
"1385","01_5576_0064_01",1,5576,"ref_strain",64,1
"1386","01_5723_0064_01",1,5723,"ref_strain",64,1
"1387","01_5903_0064_01",1,5903,"ref_strain",64,1
"1388","01_5927_0064_01",1,5927,"ref_strain",64,1
"1389","01_6236_0064_01",1,6236,"ref_strain",64,1
"1390","01_6280_0064_01",1,6280,"ref_strain",64,1
"1391","01_6703_0064_01",1,6703,"ref_strain",64,1
"1392","01_6750_0064_01",1,6750,"ref_strain",64,1
"1393","01_6791_0064_01",1,6791,"ref_strain",64,1
"1394","01_7002_0064_01",1,7002,"ref_strain",64,1
"1395","01_7041_0064_01",1,7041,"ref_strain",64,1
"1396","01_7134_0064_01",1,7134,"ref_strain",64,1
"1397","01_7152_0064_01",1,7152,"ref_strain",64,1
"1398","01_7628_0064_01",1,7628,"ref_strain",64,1
"1399","01_7918_0064_01",1,7918,"ref_strain",64,1
"1400","01_8116_0064_01",1,8116,"ref_strain",64,1
"1401","01_8213_0064_01",1,8213,"ref_strain",64,1
"1402","01_8522_0064_01",1,8522,"ref_strain",64,1
"1403","01_8742_0064_01",1,8742,"ref_strain",64,1
"1404","01_8766_0064_01",1,8766,"ref_strain",64,1
"1405","01_9125_0064_01",1,9125,"ref_strain",64,1
"1406","01_9271_0064_01",1,9271,"ref_strain",64,1
"1407","01_9568_0064_01",1,9568,"ref_strain",64,1
"1408","01_9651_0064_01",1,9651,"ref_strain",64,1
"1409","01_9808_0064_01",1,9808,"ref_strain",64,1
"1410","01_9856_0064_01",1,9856,"ref_strain",64,1
"1411","01_10064_0064_01",1,10064,"ref_strain",64,1
"1412","01_10428_0064_01",1,10428,"ref_strain",64,1
"1413","01_10693_0064_01",1,10693,"ref_strain",64,1
"1414","01_10981_0064_01",1,10981,"ref_strain",64,1
"1415","01_11341_0064_01",1,11341,"ref_strain",64,1
"1416","01_11362_0064_01",1,11362,"ref_strain",64,1
"1417","01_11377_0064_01",1,11377,"ref_strain",64,1
"1418","01_11393_0064_01",1,11393,"ref_strain",64,1
"1419","01_11412_0064_01",1,11412,"ref_strain",64,1
"1420","01_11470_0064_01",1,11470,"ref_strain",64,1
"1421","01_11738_0064_01",1,11738,"ref_strain",64,1
"1422","01_11897_0064_01",1,11897,"ref_strain",64,1
"1423","01_11968_0064_01",1,11968,"ref_strain",64,1
"1424","01_11982_0064_01",1,11982,"ref_strain",64,1
"1425","01_12265_0064_01",1,12265,"ref_strain",64,1
"1426","01_12838_0064_01",1,12838,"ref_strain",64,1
"1427","01_12908_0064_01",1,12908,"ref_strain",64,1
"1428","01_12947_0064_01",1,12947,"ref_strain",64,1
"1429","01_12978_0064_01",1,12978,"ref_strain",64,1
"1430","01_13171_0064_01",1,13171,"ref_strain",64,1
"1431","01_13293_0064_01",1,13293,"ref_strain",64,1
"1432","01_13391_0064_01",1,13391,"ref_strain",64,1
"1433","01_13605_0064_01",1,13605,"ref_strain",64,1
"1434","01_13778_0064_01",1,13778,"ref_strain",64,1
"1435","01_13814_0064_01",1,13814,"ref_strain",64,1
"1436","01_14163_0064_01",1,14163,"ref_strain",64,1
"1437","01_14305_0064_01",1,14305,"ref_strain",64,1
"1438","01_14492_0064_01",1,14492,"ref_strain",64,1
"1439","01_0034_0065_01",1,34,"ref_strain",65,1
"1440","01_0498_0065_01",1,498,"ref_strain",65,1
"1441","01_0744_0065_01",1,744,"ref_strain",65,1
"1442","01_0788_0065_01",1,788,"ref_strain",65,1
"1443","01_0937_0065_01",1,937,"ref_strain",65,1
"1444","01_1233_0065_01",1,1233,"ref_strain",65,1
"1445","01_1365_0065_01",1,1365,"ref_strain",65,1
"1446","01_1468_0065_01",1,1468,"ref_strain",65,1
"1447","01_1549_0065_01",1,1549,"ref_strain",65,1
"1448","01_1568_0065_01",1,1568,"ref_strain",65,1
"1449","01_2381_0065_01",1,2381,"ref_strain",65,1
"1450","01_2405_0065_01",1,2405,"ref_strain",65,1
"1451","01_2635_0065_01",1,2635,"ref_strain",65,1
"1452","01_2858_0065_01",1,2858,"ref_strain",65,1
"1453","01_3410_0065_01",1,3410,"ref_strain",65,1
"1454","01_3527_0065_01",1,3527,"ref_strain",65,1
"1455","01_3876_0065_01",1,3876,"ref_strain",65,1
"1456","01_3988_0065_01",1,3988,"ref_strain",65,1
"1457","01_4130_0065_01",1,4130,"ref_strain",65,1
"1458","01_4211_0065_01",1,4211,"ref_strain",65,1
"1459","01_4254_0065_01",1,4254,"ref_strain",65,1
"1460","01_4402_0065_01",1,4402,"ref_strain",65,1
"1461","01_4459_0065_01",1,4459,"ref_strain",65,1
"1462","01_4471_0065_01",1,4471,"ref_strain",65,1
"1463","01_4504_0065_01",1,4504,"ref_strain",65,1
"1464","01_4736_0065_01",1,4736,"ref_strain",65,1
"1465","01_5100_0065_01",1,5100,"ref_strain",65,1
"1466","01_5335_0065_01",1,5335,"ref_strain",65,1
"1467","01_5507_0065_01",1,5507,"ref_strain",65,1
"1468","01_5649_0065_01",1,5649,"ref_strain",65,1
"1469","01_5999_0065_01",1,5999,"ref_strain",65,1
"1470","01_6476_0065_01",1,6476,"ref_strain",65,1
"1471","01_6802_0065_01",1,6802,"ref_strain",65,1
"1472","01_7655_0065_01",1,7655,"ref_strain",65,1
"1473","01_7839_0065_01",1,7839,"ref_strain",65,1
"1474","01_7902_0065_01",1,7902,"ref_strain",65,1
"1475","01_8064_0065_01",1,8064,"ref_strain",65,1
"1476","01_8177_0065_01",1,8177,"ref_strain",65,1
"1477","01_8236_0065_01",1,8236,"ref_strain",65,1
"1478","01_8241_0065_01",1,8241,"ref_strain",65,1
"1479","01_8247_0065_01",1,8247,"ref_strain",65,1
"1480","01_8282_0065_01",1,8282,"ref_strain",65,1
"1481","01_8301_0065_01",1,8301,"ref_strain",65,1
"1482","01_8388_0065_01",1,8388,"ref_strain",65,1
"1483","01_8503_0065_01",1,8503,"ref_strain",65,1
"1484","01_8505_0065_01",1,8505,"ref_strain",65,1
"1485","01_8583_0065_01",1,8583,"ref_strain",65,1
"1486","01_8769_0065_01",1,8769,"ref_strain",65,1
"1487","01_9009_0065_01",1,9009,"ref_strain",65,1
"1488","01_9382_0065_01",1,9382,"ref_strain",65,1
"1489","01_9790_0065_01",1,9790,"ref_strain",65,1
"1490","01_9827_0065_01",1,9827,"ref_strain",65,1
"1491","01_9873_0065_01",1,9873,"ref_strain",65,1
"1492","01_9959_0065_01",1,9959,"ref_strain",65,1
"1493","01_10107_0065_01",1,10107,"ref_strain",65,1
"1494","01_10213_0065_01",1,10213,"ref_strain",65,1
"1495","01_10566_0065_01",1,10566,"ref_strain",65,1
"1496","01_11149_0065_01",1,11149,"ref_strain",65,1
"1497","01_11369_0065_01",1,11369,"ref_strain",65,1
"1498","01_11477_0065_01",1,11477,"ref_strain",65,1
"1499","01_11534_0065_01",1,11534,"ref_strain",65,1
"1500","01_11697_0065_01",1,11697,"ref_strain",65,1
"1501","01_11775_0065_01",1,11775,"ref_strain",65,1
"1502","01_11938_0065_01",1,11938,"ref_strain",65,1
"1503","01_12006_0065_01",1,12006,"ref_strain",65,1
"1504","01_12235_0065_01",1,12235,"ref_strain",65,1
"1505","01_12283_0065_01",1,12283,"ref_strain",65,1
"1506","01_12488_0065_01",1,12488,"ref_strain",65,1
"1507","01_12585_0065_01",1,12585,"ref_strain",65,1
"1508","01_12702_0065_01",1,12702,"ref_strain",65,1
"1509","01_12932_0065_01",1,12932,"ref_strain",65,1
"1510","01_13174_0065_01",1,13174,"ref_strain",65,1
"1511","01_13508_0065_01",1,13508,"ref_strain",65,1
"1512","01_13742_0065_01",1,13742,"ref_strain",65,1
"1513","01_13787_0065_01",1,13787,"ref_strain",65,1
"1514","01_13883_0065_01",1,13883,"ref_strain",65,1
"1515","01_13904_0065_01",1,13904,"ref_strain",65,1
"1516","01_14153_0065_01",1,14153,"ref_strain",65,1
"1517","01_14316_0065_01",1,14316,"ref_strain",65,1
"1518","01_14417_0065_01",1,14417,"ref_strain",65,1
"1519","01_0073_0066_01",1,73,"ref_strain",66,1
"1520","01_0074_0066_01",1,74,"ref_strain",66,1
"1521","01_0253_0066_01",1,253,"ref_strain",66,1
"1522","01_0556_0066_01",1,556,"ref_strain",66,1
"1523","01_1095_0066_01",1,1095,"ref_strain",66,1
"1524","01_1098_0066_01",1,1098,"ref_strain",66,1
"1525","01_1182_0066_01",1,1182,"ref_strain",66,1
"1526","01_1633_0066_01",1,1633,"ref_strain",66,1
"1527","01_2354_0066_01",1,2354,"ref_strain",66,1
"1528","01_2523_0066_01",1,2523,"ref_strain",66,1
"1529","01_2569_0066_01",1,2569,"ref_strain",66,1
"1530","01_2662_0066_01",1,2662,"ref_strain",66,1
"1531","01_3139_0066_01",1,3139,"ref_strain",66,1
"1532","01_3404_0066_01",1,3404,"ref_strain",66,1
"1533","01_3602_0066_01",1,3602,"ref_strain",66,1
"1534","01_3636_0066_01",1,3636,"ref_strain",66,1
"1535","01_3690_0066_01",1,3690,"ref_strain",66,1
"1536","01_3788_0066_01",1,3788,"ref_strain",66,1
"1537","01_3811_0066_01",1,3811,"ref_strain",66,1
"1538","01_3964_0066_01",1,3964,"ref_strain",66,1
"1539","01_4095_0066_01",1,4095,"ref_strain",66,1
"1540","01_4456_0066_01",1,4456,"ref_strain",66,1
"1541","01_4553_0066_01",1,4553,"ref_strain",66,1
"1542","01_4861_0066_01",1,4861,"ref_strain",66,1
"1543","01_4962_0066_01",1,4962,"ref_strain",66,1
"1544","01_5049_0066_01",1,5049,"ref_strain",66,1
"1545","01_5075_0066_01",1,5075,"ref_strain",66,1
"1546","01_5389_0066_01",1,5389,"ref_strain",66,1
"1547","01_5466_0066_01",1,5466,"ref_strain",66,1
"1548","01_5487_0066_01",1,5487,"ref_strain",66,1
"1549","01_6050_0066_01",1,6050,"ref_strain",66,1
"1550","01_6182_0066_01",1,6182,"ref_strain",66,1
"1551","01_6255_0066_01",1,6255,"ref_strain",66,1
"1552","01_6372_0066_01",1,6372,"ref_strain",66,1
"1553","01_6414_0066_01",1,6414,"ref_strain",66,1
"1554","01_6443_0066_01",1,6443,"ref_strain",66,1
"1555","01_6481_0066_01",1,6481,"ref_strain",66,1
"1556","01_6725_0066_01",1,6725,"ref_strain",66,1
"1557","01_6870_0066_01",1,6870,"ref_strain",66,1
"1558","01_7319_0066_01",1,7319,"ref_strain",66,1
"1559","01_7331_0066_01",1,7331,"ref_strain",66,1
"1560","01_7894_0066_01",1,7894,"ref_strain",66,1
"1561","01_8007_0066_01",1,8007,"ref_strain",66,1
"1562","01_8061_0066_01",1,8061,"ref_strain",66,1
"1563","01_8854_0066_01",1,8854,"ref_strain",66,1
"1564","01_8900_0066_01",1,8900,"ref_strain",66,1
"1565","01_9045_0066_01",1,9045,"ref_strain",66,1
"1566","01_9155_0066_01",1,9155,"ref_strain",66,1
"1567","01_9229_0066_01",1,9229,"ref_strain",66,1
"1568","01_9657_0066_01",1,9657,"ref_strain",66,1
"1569","01_9756_0066_01",1,9756,"ref_strain",66,1
"1570","01_9843_0066_01",1,9843,"ref_strain",66,1
"1571","01_10350_0066_01",1,10350,"ref_strain",66,1
"1572","01_10392_0066_01",1,10392,"ref_strain",66,1
"1573","01_10397_0066_01",1,10397,"ref_strain",66,1
"1574","01_10520_0066_01",1,10520,"ref_strain",66,1
"1575","01_10604_0066_01",1,10604,"ref_strain",66,1
"1576","01_10747_0066_01",1,10747,"ref_strain",66,1
"1577","01_10881_0066_01",1,10881,"ref_strain",66,1
"1578","01_10912_0066_01",1,10912,"ref_strain",66,1
"1579","01_11012_0066_01",1,11012,"ref_strain",66,1
"1580","01_11054_0066_01",1,11054,"ref_strain",66,1
"1581","01_11202_0066_01",1,11202,"ref_strain",66,1
"1582","01_11755_0066_01",1,11755,"ref_strain",66,1
"1583","01_11795_0066_01",1,11795,"ref_strain",66,1
"1584","01_11847_0066_01",1,11847,"ref_strain",66,1
"1585","01_12441_0066_01",1,12441,"ref_strain",66,1
"1586","01_12511_0066_01",1,12511,"ref_strain",66,1
"1587","01_12518_0066_01",1,12518,"ref_strain",66,1
"1588","01_12861_0066_01",1,12861,"ref_strain",66,1
"1589","01_12943_0066_01",1,12943,"ref_strain",66,1
"1590","01_12961_0066_01",1,12961,"ref_strain",66,1
"1591","01_13203_0066_01",1,13203,"ref_strain",66,1
"1592","01_13438_0066_01",1,13438,"ref_strain",66,1
"1593","01_13498_0066_01",1,13498,"ref_strain",66,1
"1594","01_13746_0066_01",1,13746,"ref_strain",66,1
"1595","01_14217_0066_01",1,14217,"ref_strain",66,1
"1596","01_14407_0066_01",1,14407,"ref_strain",66,1
"1597","01_0776_0067_01",1,776,"ref_strain",67,1
"1598","01_0819_0067_01",1,819,"ref_strain",67,1
"1599","01_0921_0067_01",1,921,"ref_strain",67,1
"1600","01_0929_0067_01",1,929,"ref_strain",67,1
"1601","01_0980_0067_01",1,980,"ref_strain",67,1
"1602","01_1064_0067_01",1,1064,"ref_strain",67,1
"1603","01_1085_0067_01",1,1085,"ref_strain",67,1
"1604","01_1127_0067_01",1,1127,"ref_strain",67,1
"1605","01_1271_0067_01",1,1271,"ref_strain",67,1
"1606","01_1387_0067_01",1,1387,"ref_strain",67,1
"1607","01_1472_0067_01",1,1472,"ref_strain",67,1
"1608","01_1661_0067_01",1,1661,"ref_strain",67,1
"1609","01_1760_0067_01",1,1760,"ref_strain",67,1
"1610","01_2003_0067_01",1,2003,"ref_strain",67,1
"1611","01_2036_0067_01",1,2036,"ref_strain",67,1
"1612","01_2265_0067_01",1,2265,"ref_strain",67,1
"1613","01_2376_0067_01",1,2376,"ref_strain",67,1
"1614","01_2574_0067_01",1,2574,"ref_strain",67,1
"1615","01_2649_0067_01",1,2649,"ref_strain",67,1
"1616","01_2783_0067_01",1,2783,"ref_strain",67,1
"1617","01_2814_0067_01",1,2814,"ref_strain",67,1
"1618","01_2833_0067_01",1,2833,"ref_strain",67,1
"1619","01_3012_0067_01",1,3012,"ref_strain",67,1
"1620","01_3052_0067_01",1,3052,"ref_strain",67,1
"1621","01_3583_0067_01",1,3583,"ref_strain",67,1
"1622","01_3681_0067_01",1,3681,"ref_strain",67,1
"1623","01_4257_0067_01",1,4257,"ref_strain",67,1
"1624","01_4320_0067_01",1,4320,"ref_strain",67,1
"1625","01_4399_0067_01",1,4399,"ref_strain",67,1
"1626","01_4577_0067_01",1,4577,"ref_strain",67,1
"1627","01_4887_0067_01",1,4887,"ref_strain",67,1
"1628","01_5286_0067_01",1,5286,"ref_strain",67,1
"1629","01_5310_0067_01",1,5310,"ref_strain",67,1
"1630","01_5352_0067_01",1,5352,"ref_strain",67,1
"1631","01_5384_0067_01",1,5384,"ref_strain",67,1
"1632","01_5607_0067_01",1,5607,"ref_strain",67,1
"1633","01_5989_0067_01",1,5989,"ref_strain",67,1
"1634","01_5994_0067_01",1,5994,"ref_strain",67,1
"1635","01_6012_0067_01",1,6012,"ref_strain",67,1
"1636","01_6270_0067_01",1,6270,"ref_strain",67,1
"1637","01_6921_0067_01",1,6921,"ref_strain",67,1
"1638","01_7166_0067_01",1,7166,"ref_strain",67,1
"1639","01_7583_0067_01",1,7583,"ref_strain",67,1
"1640","01_7846_0067_01",1,7846,"ref_strain",67,1
"1641","01_7867_0067_01",1,7867,"ref_strain",67,1
"1642","01_8461_0067_01",1,8461,"ref_strain",67,1
"1643","01_8935_0067_01",1,8935,"ref_strain",67,1
"1644","01_9132_0067_01",1,9132,"ref_strain",67,1
"1645","01_9213_0067_01",1,9213,"ref_strain",67,1
"1646","01_10266_0067_01",1,10266,"ref_strain",67,1
"1647","01_10282_0067_01",1,10282,"ref_strain",67,1
"1648","01_10507_0067_01",1,10507,"ref_strain",67,1
"1649","01_10865_0067_01",1,10865,"ref_strain",67,1
"1650","01_10911_0067_01",1,10911,"ref_strain",67,1
"1651","01_10993_0067_01",1,10993,"ref_strain",67,1
"1652","01_11001_0067_01",1,11001,"ref_strain",67,1
"1653","01_11329_0067_01",1,11329,"ref_strain",67,1
"1654","01_11497_0067_01",1,11497,"ref_strain",67,1
"1655","01_11715_0067_01",1,11715,"ref_strain",67,1
"1656","01_11866_0067_01",1,11866,"ref_strain",67,1
"1657","01_11881_0067_01",1,11881,"ref_strain",67,1
"1658","01_11959_0067_01",1,11959,"ref_strain",67,1
"1659","01_12019_0067_01",1,12019,"ref_strain",67,1
"1660","01_12190_0067_01",1,12190,"ref_strain",67,1
"1661","01_12226_0067_01",1,12226,"ref_strain",67,1
"1662","01_12599_0067_01",1,12599,"ref_strain",67,1
"1663","01_12794_0067_01",1,12794,"ref_strain",67,1
"1664","01_12816_0067_01",1,12816,"ref_strain",67,1
"1665","01_12823_0067_01",1,12823,"ref_strain",67,1
"1666","01_13211_0067_01",1,13211,"ref_strain",67,1
"1667","01_13376_0067_01",1,13376,"ref_strain",67,1
"1668","01_13597_0067_01",1,13597,"ref_strain",67,1
"1669","01_13607_0067_01",1,13607,"ref_strain",67,1
"1670","01_13928_0067_01",1,13928,"ref_strain",67,1
"1671","01_13964_0067_01",1,13964,"ref_strain",67,1
"1672","01_14265_0067_01",1,14265,"ref_strain",67,1
"1673","01_14283_0067_01",1,14283,"ref_strain",67,1
"1674","01_14291_0067_01",1,14291,"ref_strain",67,1
"1675","01_0005_0068_01",1,5,"ref_strain",68,1
"1676","01_0224_0068_01",1,224,"ref_strain",68,1
"1677","01_0474_0068_01",1,474,"ref_strain",68,1
"1678","01_0790_0068_01",1,790,"ref_strain",68,1
"1679","01_1240_0068_01",1,1240,"ref_strain",68,1
"1680","01_1257_0068_01",1,1257,"ref_strain",68,1
"1681","01_1570_0068_01",1,1570,"ref_strain",68,1
"1682","01_1670_0068_01",1,1670,"ref_strain",68,1
"1683","01_1695_0068_01",1,1695,"ref_strain",68,1
"1684","01_1790_0068_01",1,1790,"ref_strain",68,1
"1685","01_1863_0068_01",1,1863,"ref_strain",68,1
"1686","01_2107_0068_01",1,2107,"ref_strain",68,1
"1687","01_2646_0068_01",1,2646,"ref_strain",68,1
"1688","01_3353_0068_01",1,3353,"ref_strain",68,1
"1689","01_3369_0068_01",1,3369,"ref_strain",68,1
"1690","01_3414_0068_01",1,3414,"ref_strain",68,1
"1691","01_3440_0068_01",1,3440,"ref_strain",68,1
"1692","01_3525_0068_01",1,3525,"ref_strain",68,1
"1693","01_3541_0068_01",1,3541,"ref_strain",68,1
"1694","01_3790_0068_01",1,3790,"ref_strain",68,1
"1695","01_3920_0068_01",1,3920,"ref_strain",68,1
"1696","01_4008_0068_01",1,4008,"ref_strain",68,1
"1697","01_4109_0068_01",1,4109,"ref_strain",68,1
"1698","01_4210_0068_01",1,4210,"ref_strain",68,1
"1699","01_4336_0068_01",1,4336,"ref_strain",68,1
"1700","01_4372_0068_01",1,4372,"ref_strain",68,1
"1701","01_4751_0068_01",1,4751,"ref_strain",68,1
"1702","01_4831_0068_01",1,4831,"ref_strain",68,1
"1703","01_4835_0068_01",1,4835,"ref_strain",68,1
"1704","01_4905_0068_01",1,4905,"ref_strain",68,1
"1705","01_5018_0068_01",1,5018,"ref_strain",68,1
"1706","01_5027_0068_01",1,5027,"ref_strain",68,1
"1707","01_5460_0068_01",1,5460,"ref_strain",68,1
"1708","01_5584_0068_01",1,5584,"ref_strain",68,1
"1709","01_5621_0068_01",1,5621,"ref_strain",68,1
"1710","01_5862_0068_01",1,5862,"ref_strain",68,1
"1711","01_5921_0068_01",1,5921,"ref_strain",68,1
"1712","01_6260_0068_01",1,6260,"ref_strain",68,1
"1713","01_6284_0068_01",1,6284,"ref_strain",68,1
"1714","01_6340_0068_01",1,6340,"ref_strain",68,1
"1715","01_6484_0068_01",1,6484,"ref_strain",68,1
"1716","01_6769_0068_01",1,6769,"ref_strain",68,1
"1717","01_7048_0068_01",1,7048,"ref_strain",68,1
"1718","01_7057_0068_01",1,7057,"ref_strain",68,1
"1719","01_7441_0068_01",1,7441,"ref_strain",68,1
"1720","01_7533_0068_01",1,7533,"ref_strain",68,1
"1721","01_7536_0068_01",1,7536,"ref_strain",68,1
"1722","01_7740_0068_01",1,7740,"ref_strain",68,1
"1723","01_7893_0068_01",1,7893,"ref_strain",68,1
"1724","01_7928_0068_01",1,7928,"ref_strain",68,1
"1725","01_7968_0068_01",1,7968,"ref_strain",68,1
"1726","01_8105_0068_01",1,8105,"ref_strain",68,1
"1727","01_8260_0068_01",1,8260,"ref_strain",68,1
"1728","01_8499_0068_01",1,8499,"ref_strain",68,1
"1729","01_8864_0068_01",1,8864,"ref_strain",68,1
"1730","01_9123_0068_01",1,9123,"ref_strain",68,1
"1731","01_9306_0068_01",1,9306,"ref_strain",68,1
"1732","01_9437_0068_01",1,9437,"ref_strain",68,1
"1733","01_9521_0068_01",1,9521,"ref_strain",68,1
"1734","01_9917_0068_01",1,9917,"ref_strain",68,1
"1735","01_9969_0068_01",1,9969,"ref_strain",68,1
"1736","01_10299_0068_01",1,10299,"ref_strain",68,1
"1737","01_10337_0068_01",1,10337,"ref_strain",68,1
"1738","01_10529_0068_01",1,10529,"ref_strain",68,1
"1739","01_10582_0068_01",1,10582,"ref_strain",68,1
"1740","01_10764_0068_01",1,10764,"ref_strain",68,1
"1741","01_11162_0068_01",1,11162,"ref_strain",68,1
"1742","01_11276_0068_01",1,11276,"ref_strain",68,1
"1743","01_11332_0068_01",1,11332,"ref_strain",68,1
"1744","01_11339_0068_01",1,11339,"ref_strain",68,1
"1745","01_11410_0068_01",1,11410,"ref_strain",68,1
"1746","01_11542_0068_01",1,11542,"ref_strain",68,1
"1747","01_11961_0068_01",1,11961,"ref_strain",68,1
"1748","01_12248_0068_01",1,12248,"ref_strain",68,1
"1749","01_12652_0068_01",1,12652,"ref_strain",68,1
"1750","01_12690_0068_01",1,12690,"ref_strain",68,1
"1751","01_12846_0068_01",1,12846,"ref_strain",68,1
"1752","01_12973_0068_01",1,12973,"ref_strain",68,1
"1753","01_13024_0068_01",1,13024,"ref_strain",68,1
"1754","01_13079_0068_01",1,13079,"ref_strain",68,1
"1755","01_13489_0068_01",1,13489,"ref_strain",68,1
"1756","01_13779_0068_01",1,13779,"ref_strain",68,1
"1757","01_13783_0068_01",1,13783,"ref_strain",68,1
"1758","01_14032_0068_01",1,14032,"ref_strain",68,1
"1759","01_14073_0068_01",1,14073,"ref_strain",68,1
"1760","01_14191_0068_01",1,14191,"ref_strain",68,1
"1761","01_14232_0068_01",1,14232,"ref_strain",68,1
"1762","01_0150_0069_01",1,150,"ref_strain",69,1
"1763","01_0256_0069_01",1,256,"ref_strain",69,1
"1764","01_0360_0069_01",1,360,"ref_strain",69,1
"1765","01_0565_0069_01",1,565,"ref_strain",69,1
"1766","01_0920_0069_01",1,920,"ref_strain",69,1
"1767","01_0947_0069_01",1,947,"ref_strain",69,1
"1768","01_1101_0069_01",1,1101,"ref_strain",69,1
"1769","01_1124_0069_01",1,1124,"ref_strain",69,1
"1770","01_1522_0069_01",1,1522,"ref_strain",69,1
"1771","01_1533_0069_01",1,1533,"ref_strain",69,1
"1772","01_1669_0069_01",1,1669,"ref_strain",69,1
"1773","01_1801_0069_01",1,1801,"ref_strain",69,1
"1774","01_1915_0069_01",1,1915,"ref_strain",69,1
"1775","01_2449_0069_01",1,2449,"ref_strain",69,1
"1776","01_2474_0069_01",1,2474,"ref_strain",69,1
"1777","01_2507_0069_01",1,2507,"ref_strain",69,1
"1778","01_2653_0069_01",1,2653,"ref_strain",69,1
"1779","01_2984_0069_01",1,2984,"ref_strain",69,1
"1780","01_3039_0069_01",1,3039,"ref_strain",69,1
"1781","01_3185_0069_01",1,3185,"ref_strain",69,1
"1782","01_3703_0069_01",1,3703,"ref_strain",69,1
"1783","01_4043_0069_01",1,4043,"ref_strain",69,1
"1784","01_4104_0069_01",1,4104,"ref_strain",69,1
"1785","01_4273_0069_01",1,4273,"ref_strain",69,1
"1786","01_4293_0069_01",1,4293,"ref_strain",69,1
"1787","01_4429_0069_01",1,4429,"ref_strain",69,1
"1788","01_4492_0069_01",1,4492,"ref_strain",69,1
"1789","01_4638_0069_01",1,4638,"ref_strain",69,1
"1790","01_4942_0069_01",1,4942,"ref_strain",69,1
"1791","01_4976_0069_01",1,4976,"ref_strain",69,1
"1792","01_5416_0069_01",1,5416,"ref_strain",69,1
"1793","01_5490_0069_01",1,5490,"ref_strain",69,1
"1794","01_5569_0069_01",1,5569,"ref_strain",69,1
"1795","01_5728_0069_01",1,5728,"ref_strain",69,1
"1796","01_5782_0069_01",1,5782,"ref_strain",69,1
"1797","01_5784_0069_01",1,5784,"ref_strain",69,1
"1798","01_5841_0069_01",1,5841,"ref_strain",69,1
"1799","01_6089_0069_01",1,6089,"ref_strain",69,1
"1800","01_6148_0069_01",1,6148,"ref_strain",69,1
"1801","01_6316_0069_01",1,6316,"ref_strain",69,1
"1802","01_6346_0069_01",1,6346,"ref_strain",69,1
"1803","01_6486_0069_01",1,6486,"ref_strain",69,1
"1804","01_6697_0069_01",1,6697,"ref_strain",69,1
"1805","01_6792_0069_01",1,6792,"ref_strain",69,1
"1806","01_6889_0069_01",1,6889,"ref_strain",69,1
"1807","01_6901_0069_01",1,6901,"ref_strain",69,1
"1808","01_6972_0069_01",1,6972,"ref_strain",69,1
"1809","01_7046_0069_01",1,7046,"ref_strain",69,1
"1810","01_7148_0069_01",1,7148,"ref_strain",69,1
"1811","01_7669_0069_01",1,7669,"ref_strain",69,1
"1812","01_7875_0069_01",1,7875,"ref_strain",69,1
"1813","01_7897_0069_01",1,7897,"ref_strain",69,1
"1814","01_8196_0069_01",1,8196,"ref_strain",69,1
"1815","01_8211_0069_01",1,8211,"ref_strain",69,1
"1816","01_8969_0069_01",1,8969,"ref_strain",69,1
"1817","01_9258_0069_01",1,9258,"ref_strain",69,1
"1818","01_9551_0069_01",1,9551,"ref_strain",69,1
"1819","01_9703_0069_01",1,9703,"ref_strain",69,1
"1820","01_9857_0069_01",1,9857,"ref_strain",69,1
"1821","01_9963_0069_01",1,9963,"ref_strain",69,1
"1822","01_10111_0069_01",1,10111,"ref_strain",69,1
"1823","01_10141_0069_01",1,10141,"ref_strain",69,1
"1824","01_10326_0069_01",1,10326,"ref_strain",69,1
"1825","01_10375_0069_01",1,10375,"ref_strain",69,1
"1826","01_10553_0069_01",1,10553,"ref_strain",69,1
"1827","01_10568_0069_01",1,10568,"ref_strain",69,1
"1828","01_10765_0069_01",1,10765,"ref_strain",69,1
"1829","01_11057_0069_01",1,11057,"ref_strain",69,1
"1830","01_11201_0069_01",1,11201,"ref_strain",69,1
"1831","01_11234_0069_01",1,11234,"ref_strain",69,1
"1832","01_11244_0069_01",1,11244,"ref_strain",69,1
"1833","01_11335_0069_01",1,11335,"ref_strain",69,1
"1834","01_11400_0069_01",1,11400,"ref_strain",69,1
"1835","01_11502_0069_01",1,11502,"ref_strain",69,1
"1836","01_11871_0069_01",1,11871,"ref_strain",69,1
"1837","01_11960_0069_01",1,11960,"ref_strain",69,1
"1838","01_11963_0069_01",1,11963,"ref_strain",69,1
"1839","01_12018_0069_01",1,12018,"ref_strain",69,1
"1840","01_12062_0069_01",1,12062,"ref_strain",69,1
"1841","01_12122_0069_01",1,12122,"ref_strain",69,1
"1842","01_12298_0069_01",1,12298,"ref_strain",69,1
"1843","01_12319_0069_01",1,12319,"ref_strain",69,1
"1844","01_12354_0069_01",1,12354,"ref_strain",69,1
"1845","01_12373_0069_01",1,12373,"ref_strain",69,1
"1846","01_12698_0069_01",1,12698,"ref_strain",69,1
"1847","01_12902_0069_01",1,12902,"ref_strain",69,1
"1848","01_13018_0069_01",1,13018,"ref_strain",69,1
"1849","01_13155_0069_01",1,13155,"ref_strain",69,1
"1850","01_13311_0069_01",1,13311,"ref_strain",69,1
"1851","01_13505_0069_01",1,13505,"ref_strain",69,1
"1852","01_13543_0069_01",1,13543,"ref_strain",69,1
"1853","01_13614_0069_01",1,13614,"ref_strain",69,1
"1854","01_13618_0069_01",1,13618,"ref_strain",69,1
"1855","01_13682_0069_01",1,13682,"ref_strain",69,1
"1856","01_13770_0069_01",1,13770,"ref_strain",69,1
"1857","01_13856_0069_01",1,13856,"ref_strain",69,1
"1858","01_0080_0070_01",1,80,"ref_strain",70,1
"1859","01_0644_0070_01",1,644,"ref_strain",70,1
"1860","01_0767_0070_01",1,767,"ref_strain",70,1
"1861","01_0906_0070_01",1,906,"ref_strain",70,1
"1862","01_0953_0070_01",1,953,"ref_strain",70,1
"1863","01_1023_0070_01",1,1023,"ref_strain",70,1
"1864","01_1044_0070_01",1,1044,"ref_strain",70,1
"1865","01_1174_0070_01",1,1174,"ref_strain",70,1
"1866","01_1180_0070_01",1,1180,"ref_strain",70,1
"1867","01_1181_0070_01",1,1181,"ref_strain",70,1
"1868","01_1380_0070_01",1,1380,"ref_strain",70,1
"1869","01_1419_0070_01",1,1419,"ref_strain",70,1
"1870","01_1595_0070_01",1,1595,"ref_strain",70,1
"1871","01_1754_0070_01",1,1754,"ref_strain",70,1
"1872","01_1876_0070_01",1,1876,"ref_strain",70,1
"1873","01_1964_0070_01",1,1964,"ref_strain",70,1
"1874","01_2250_0070_01",1,2250,"ref_strain",70,1
"1875","01_2583_0070_01",1,2583,"ref_strain",70,1
"1876","01_2752_0070_01",1,2752,"ref_strain",70,1
"1877","01_2801_0070_01",1,2801,"ref_strain",70,1
"1878","01_2843_0070_01",1,2843,"ref_strain",70,1
"1879","01_3337_0070_01",1,3337,"ref_strain",70,1
"1880","01_3344_0070_01",1,3344,"ref_strain",70,1
"1881","01_3470_0070_01",1,3470,"ref_strain",70,1
"1882","01_3671_0070_01",1,3671,"ref_strain",70,1
"1883","01_3746_0070_01",1,3746,"ref_strain",70,1
"1884","01_3960_0070_01",1,3960,"ref_strain",70,1
"1885","01_4204_0070_01",1,4204,"ref_strain",70,1
"1886","01_4250_0070_01",1,4250,"ref_strain",70,1
"1887","01_4312_0070_01",1,4312,"ref_strain",70,1
"1888","01_4461_0070_01",1,4461,"ref_strain",70,1
"1889","01_4491_0070_01",1,4491,"ref_strain",70,1
"1890","01_4606_0070_01",1,4606,"ref_strain",70,1
"1891","01_5304_0070_01",1,5304,"ref_strain",70,1
"1892","01_5417_0070_01",1,5417,"ref_strain",70,1
"1893","01_5547_0070_01",1,5547,"ref_strain",70,1
"1894","01_5691_0070_01",1,5691,"ref_strain",70,1
"1895","01_5695_0070_01",1,5695,"ref_strain",70,1
"1896","01_5825_0070_01",1,5825,"ref_strain",70,1
"1897","01_6322_0070_01",1,6322,"ref_strain",70,1
"1898","01_6352_0070_01",1,6352,"ref_strain",70,1
"1899","01_6461_0070_01",1,6461,"ref_strain",70,1
"1900","01_6465_0070_01",1,6465,"ref_strain",70,1
"1901","01_6550_0070_01",1,6550,"ref_strain",70,1
"1902","01_6580_0070_01",1,6580,"ref_strain",70,1
"1903","01_7472_0070_01",1,7472,"ref_strain",70,1
"1904","01_7572_0070_01",1,7572,"ref_strain",70,1
"1905","01_7662_0070_01",1,7662,"ref_strain",70,1
"1906","01_7856_0070_01",1,7856,"ref_strain",70,1
"1907","01_7882_0070_01",1,7882,"ref_strain",70,1
"1908","01_8323_0070_01",1,8323,"ref_strain",70,1
"1909","01_8342_0070_01",1,8342,"ref_strain",70,1
"1910","01_8431_0070_01",1,8431,"ref_strain",70,1
"1911","01_8551_0070_01",1,8551,"ref_strain",70,1
"1912","01_8683_0070_01",1,8683,"ref_strain",70,1
"1913","01_9807_0070_01",1,9807,"ref_strain",70,1
"1914","01_9895_0070_01",1,9895,"ref_strain",70,1
"1915","01_10092_0070_01",1,10092,"ref_strain",70,1
"1916","01_10482_0070_01",1,10482,"ref_strain",70,1
"1917","01_11691_0070_01",1,11691,"ref_strain",70,1
"1918","01_11704_0070_01",1,11704,"ref_strain",70,1
"1919","01_11983_0070_01",1,11983,"ref_strain",70,1
"1920","01_12091_0070_01",1,12091,"ref_strain",70,1
"1921","01_12170_0070_01",1,12170,"ref_strain",70,1
"1922","01_12390_0070_01",1,12390,"ref_strain",70,1
"1923","01_12495_0070_01",1,12495,"ref_strain",70,1
"1924","01_12586_0070_01",1,12586,"ref_strain",70,1
"1925","01_12751_0070_01",1,12751,"ref_strain",70,1
"1926","01_13009_0070_01",1,13009,"ref_strain",70,1
"1927","01_13087_0070_01",1,13087,"ref_strain",70,1
"1928","01_13428_0070_01",1,13428,"ref_strain",70,1
"1929","01_13519_0070_01",1,13519,"ref_strain",70,1
"1930","01_13941_0070_01",1,13941,"ref_strain",70,1
"1931","01_13958_0070_01",1,13958,"ref_strain",70,1
"1932","01_14006_0070_01",1,14006,"ref_strain",70,1
"1933","01_14534_0070_01",1,14534,"ref_strain",70,1
"1934","01_0066_0071_01",1,66,"ref_strain",71,1
"1935","01_0423_0071_01",1,423,"ref_strain",71,1
"1936","01_0481_0071_01",1,481,"ref_strain",71,1
"1937","01_1073_0071_01",1,1073,"ref_strain",71,1
"1938","01_1160_0071_01",1,1160,"ref_strain",71,1
"1939","01_1466_0071_01",1,1466,"ref_strain",71,1
"1940","01_1628_0071_01",1,1628,"ref_strain",71,1
"1941","01_1673_0071_01",1,1673,"ref_strain",71,1
"1942","01_1732_0071_01",1,1732,"ref_strain",71,1
"1943","01_2102_0071_01",1,2102,"ref_strain",71,1
"1944","01_2608_0071_01",1,2608,"ref_strain",71,1
"1945","01_2644_0071_01",1,2644,"ref_strain",71,1
"1946","01_3019_0071_01",1,3019,"ref_strain",71,1
"1947","01_3105_0071_01",1,3105,"ref_strain",71,1
"1948","01_3240_0071_01",1,3240,"ref_strain",71,1
"1949","01_3254_0071_01",1,3254,"ref_strain",71,1
"1950","01_3269_0071_01",1,3269,"ref_strain",71,1
"1951","01_3651_0071_01",1,3651,"ref_strain",71,1
"1952","01_3661_0071_01",1,3661,"ref_strain",71,1
"1953","01_3709_0071_01",1,3709,"ref_strain",71,1
"1954","01_4264_0071_01",1,4264,"ref_strain",71,1
"1955","01_4446_0071_01",1,4446,"ref_strain",71,1
"1956","01_4575_0071_01",1,4575,"ref_strain",71,1
"1957","01_4770_0071_01",1,4770,"ref_strain",71,1
"1958","01_5226_0071_01",1,5226,"ref_strain",71,1
"1959","01_5308_0071_01",1,5308,"ref_strain",71,1
"1960","01_5359_0071_01",1,5359,"ref_strain",71,1
"1961","01_5431_0071_01",1,5431,"ref_strain",71,1
"1962","01_5447_0071_01",1,5447,"ref_strain",71,1
"1963","01_5580_0071_01",1,5580,"ref_strain",71,1
"1964","01_5588_0071_01",1,5588,"ref_strain",71,1
"1965","01_5636_0071_01",1,5636,"ref_strain",71,1
"1966","01_5706_0071_01",1,5706,"ref_strain",71,1
"1967","01_5805_0071_01",1,5805,"ref_strain",71,1
"1968","01_6010_0071_01",1,6010,"ref_strain",71,1
"1969","01_6127_0071_01",1,6127,"ref_strain",71,1
"1970","01_6137_0071_01",1,6137,"ref_strain",71,1
"1971","01_6566_0071_01",1,6566,"ref_strain",71,1
"1972","01_6676_0071_01",1,6676,"ref_strain",71,1
"1973","01_6712_0071_01",1,6712,"ref_strain",71,1
"1974","01_6780_0071_01",1,6780,"ref_strain",71,1
"1975","01_7191_0071_01",1,7191,"ref_strain",71,1
"1976","01_7225_0071_01",1,7225,"ref_strain",71,1
"1977","01_7230_0071_01",1,7230,"ref_strain",71,1
"1978","01_7381_0071_01",1,7381,"ref_strain",71,1
"1979","01_7694_0071_01",1,7694,"ref_strain",71,1
"1980","01_7717_0071_01",1,7717,"ref_strain",71,1
"1981","01_8251_0071_01",1,8251,"ref_strain",71,1
"1982","01_8346_0071_01",1,8346,"ref_strain",71,1
"1983","01_8406_0071_01",1,8406,"ref_strain",71,1
"1984","01_8444_0071_01",1,8444,"ref_strain",71,1
"1985","01_8500_0071_01",1,8500,"ref_strain",71,1
"1986","01_8980_0071_01",1,8980,"ref_strain",71,1
"1987","01_9020_0071_01",1,9020,"ref_strain",71,1
"1988","01_9178_0071_01",1,9178,"ref_strain",71,1
"1989","01_9390_0071_01",1,9390,"ref_strain",71,1
"1990","01_9739_0071_01",1,9739,"ref_strain",71,1
"1991","01_9905_0071_01",1,9905,"ref_strain",71,1
"1992","01_9989_0071_01",1,9989,"ref_strain",71,1
"1993","01_10081_0071_01",1,10081,"ref_strain",71,1
"1994","01_10201_0071_01",1,10201,"ref_strain",71,1
"1995","01_10270_0071_01",1,10270,"ref_strain",71,1
"1996","01_10381_0071_01",1,10381,"ref_strain",71,1
"1997","01_10416_0071_01",1,10416,"ref_strain",71,1
"1998","01_10903_0071_01",1,10903,"ref_strain",71,1
"1999","01_11089_0071_01",1,11089,"ref_strain",71,1
"2000","01_11449_0071_01",1,11449,"ref_strain",71,1
"2001","01_11543_0071_01",1,11543,"ref_strain",71,1
"2002","01_11806_0071_01",1,11806,"ref_strain",71,1
"2003","01_11872_0071_01",1,11872,"ref_strain",71,1
"2004","01_12144_0071_01",1,12144,"ref_strain",71,1
"2005","01_12589_0071_01",1,12589,"ref_strain",71,1
"2006","01_12734_0071_01",1,12734,"ref_strain",71,1
"2007","01_12784_0071_01",1,12784,"ref_strain",71,1
"2008","01_13213_0071_01",1,13213,"ref_strain",71,1
"2009","01_13691_0071_01",1,13691,"ref_strain",71,1
"2010","01_13747_0071_01",1,13747,"ref_strain",71,1
"2011","01_13875_0071_01",1,13875,"ref_strain",71,1
"2012","01_13893_0071_01",1,13893,"ref_strain",71,1
"2013","01_13932_0071_01",1,13932,"ref_strain",71,1
"2014","01_14302_0071_01",1,14302,"ref_strain",71,1
"2015","01_14493_0071_01",1,14493,"ref_strain",71,1
"2016","01_14502_0071_01",1,14502,"ref_strain",71,1
"2017","01_0271_0072_01",1,271,"ref_strain",72,1
"2018","01_0343_0072_01",1,343,"ref_strain",72,1
"2019","01_0487_0072_01",1,487,"ref_strain",72,1
"2020","01_0525_0072_01",1,525,"ref_strain",72,1
"2021","01_0619_0072_01",1,619,"ref_strain",72,1
"2022","01_1123_0072_01",1,1123,"ref_strain",72,1
"2023","01_1339_0072_01",1,1339,"ref_strain",72,1
"2024","01_1524_0072_01",1,1524,"ref_strain",72,1
"2025","01_1601_0072_01",1,1601,"ref_strain",72,1
"2026","01_1741_0072_01",1,1741,"ref_strain",72,1
"2027","01_1913_0072_01",1,1913,"ref_strain",72,1
"2028","01_1947_0072_01",1,1947,"ref_strain",72,1
"2029","01_1989_0072_01",1,1989,"ref_strain",72,1
"2030","01_2121_0072_01",1,2121,"ref_strain",72,1
"2031","01_2168_0072_01",1,2168,"ref_strain",72,1
"2032","01_2184_0072_01",1,2184,"ref_strain",72,1
"2033","01_2542_0072_01",1,2542,"ref_strain",72,1
"2034","01_2633_0072_01",1,2633,"ref_strain",72,1
"2035","01_2731_0072_01",1,2731,"ref_strain",72,1
"2036","01_2818_0072_01",1,2818,"ref_strain",72,1
"2037","01_2882_0072_01",1,2882,"ref_strain",72,1
"2038","01_3217_0072_01",1,3217,"ref_strain",72,1
"2039","01_3226_0072_01",1,3226,"ref_strain",72,1
"2040","01_3277_0072_01",1,3277,"ref_strain",72,1
"2041","01_3330_0072_01",1,3330,"ref_strain",72,1
"2042","01_3492_0072_01",1,3492,"ref_strain",72,1
"2043","01_3517_0072_01",1,3517,"ref_strain",72,1
"2044","01_3767_0072_01",1,3767,"ref_strain",72,1
"2045","01_3853_0072_01",1,3853,"ref_strain",72,1
"2046","01_3873_0072_01",1,3873,"ref_strain",72,1
"2047","01_3890_0072_01",1,3890,"ref_strain",72,1
"2048","01_3991_0072_01",1,3991,"ref_strain",72,1
"2049","01_4074_0072_01",1,4074,"ref_strain",72,1
"2050","01_4176_0072_01",1,4176,"ref_strain",72,1
"2051","01_4305_0072_01",1,4305,"ref_strain",72,1
"2052","01_4382_0072_01",1,4382,"ref_strain",72,1
"2053","01_4407_0072_01",1,4407,"ref_strain",72,1
"2054","01_4739_0072_01",1,4739,"ref_strain",72,1
"2055","01_4787_0072_01",1,4787,"ref_strain",72,1
"2056","01_4884_0072_01",1,4884,"ref_strain",72,1
"2057","01_5076_0072_01",1,5076,"ref_strain",72,1
"2058","01_5279_0072_01",1,5279,"ref_strain",72,1
"2059","01_5484_0072_01",1,5484,"ref_strain",72,1
"2060","01_5501_0072_01",1,5501,"ref_strain",72,1
"2061","01_5671_0072_01",1,5671,"ref_strain",72,1
"2062","01_6094_0072_01",1,6094,"ref_strain",72,1
"2063","01_6170_0072_01",1,6170,"ref_strain",72,1
"2064","01_6296_0072_01",1,6296,"ref_strain",72,1
"2065","01_6392_0072_01",1,6392,"ref_strain",72,1
"2066","01_6504_0072_01",1,6504,"ref_strain",72,1
"2067","01_6622_0072_01",1,6622,"ref_strain",72,1
"2068","01_6896_0072_01",1,6896,"ref_strain",72,1
"2069","01_6907_0072_01",1,6907,"ref_strain",72,1
"2070","01_7096_0072_01",1,7096,"ref_strain",72,1
"2071","01_7187_0072_01",1,7187,"ref_strain",72,1
"2072","01_7286_0072_01",1,7286,"ref_strain",72,1
"2073","01_8162_0072_01",1,8162,"ref_strain",72,1
"2074","01_8257_0072_01",1,8257,"ref_strain",72,1
"2075","01_8259_0072_01",1,8259,"ref_strain",72,1
"2076","01_8510_0072_01",1,8510,"ref_strain",72,1
"2077","01_8995_0072_01",1,8995,"ref_strain",72,1
"2078","01_9043_0072_01",1,9043,"ref_strain",72,1
"2079","01_9072_0072_01",1,9072,"ref_strain",72,1
"2080","01_9139_0072_01",1,9139,"ref_strain",72,1
"2081","01_9186_0072_01",1,9186,"ref_strain",72,1
"2082","01_9751_0072_01",1,9751,"ref_strain",72,1
"2083","01_9867_0072_01",1,9867,"ref_strain",72,1
"2084","01_9957_0072_01",1,9957,"ref_strain",72,1
"2085","01_10445_0072_01",1,10445,"ref_strain",72,1
"2086","01_11085_0072_01",1,11085,"ref_strain",72,1
"2087","01_11132_0072_01",1,11132,"ref_strain",72,1
"2088","01_11160_0072_01",1,11160,"ref_strain",72,1
"2089","01_11219_0072_01",1,11219,"ref_strain",72,1
"2090","01_11245_0072_01",1,11245,"ref_strain",72,1
"2091","01_11485_0072_01",1,11485,"ref_strain",72,1
"2092","01_11561_0072_01",1,11561,"ref_strain",72,1
"2093","01_11747_0072_01",1,11747,"ref_strain",72,1
"2094","01_11996_0072_01",1,11996,"ref_strain",72,1
"2095","01_12039_0072_01",1,12039,"ref_strain",72,1
"2096","01_12307_0072_01",1,12307,"ref_strain",72,1
"2097","01_12529_0072_01",1,12529,"ref_strain",72,1
"2098","01_12592_0072_01",1,12592,"ref_strain",72,1
"2099","01_12615_0072_01",1,12615,"ref_strain",72,1
"2100","01_12735_0072_01",1,12735,"ref_strain",72,1
"2101","01_12826_0072_01",1,12826,"ref_strain",72,1
"2102","01_12984_0072_01",1,12984,"ref_strain",72,1
"2103","01_13012_0072_01",1,13012,"ref_strain",72,1
"2104","01_13048_0072_01",1,13048,"ref_strain",72,1
"2105","01_13253_0072_01",1,13253,"ref_strain",72,1
"2106","01_13278_0072_01",1,13278,"ref_strain",72,1
"2107","01_13375_0072_01",1,13375,"ref_strain",72,1
"2108","01_13456_0072_01",1,13456,"ref_strain",72,1
"2109","01_13632_0072_01",1,13632,"ref_strain",72,1
"2110","01_13948_0072_01",1,13948,"ref_strain",72,1
"2111","01_14091_0072_01",1,14091,"ref_strain",72,1
"2112","01_14119_0072_01",1,14119,"ref_strain",72,1
"2113","01_14447_0072_01",1,14447,"ref_strain",72,1
"2114","01_0191_0073_01",1,191,"ref_strain",73,1
"2115","01_0376_0073_01",1,376,"ref_strain",73,1
"2116","01_0402_0073_01",1,402,"ref_strain",73,1
"2117","01_0630_0073_01",1,630,"ref_strain",73,1
"2118","01_0859_0073_01",1,859,"ref_strain",73,1
"2119","01_0870_0073_01",1,870,"ref_strain",73,1
"2120","01_0984_0073_01",1,984,"ref_strain",73,1
"2121","01_1441_0073_01",1,1441,"ref_strain",73,1
"2122","01_1490_0073_01",1,1490,"ref_strain",73,1
"2123","01_1946_0073_01",1,1946,"ref_strain",73,1
"2124","01_2077_0073_01",1,2077,"ref_strain",73,1
"2125","01_2236_0073_01",1,2236,"ref_strain",73,1
"2126","01_2269_0073_01",1,2269,"ref_strain",73,1
"2127","01_2389_0073_01",1,2389,"ref_strain",73,1
"2128","01_2489_0073_01",1,2489,"ref_strain",73,1
"2129","01_2563_0073_01",1,2563,"ref_strain",73,1
"2130","01_2842_0073_01",1,2842,"ref_strain",73,1
"2131","01_2871_0073_01",1,2871,"ref_strain",73,1
"2132","01_3242_0073_01",1,3242,"ref_strain",73,1
"2133","01_3365_0073_01",1,3365,"ref_strain",73,1
"2134","01_3745_0073_01",1,3745,"ref_strain",73,1
"2135","01_4017_0073_01",1,4017,"ref_strain",73,1
"2136","01_4092_0073_01",1,4092,"ref_strain",73,1
"2137","01_4517_0073_01",1,4517,"ref_strain",73,1
"2138","01_4957_0073_01",1,4957,"ref_strain",73,1
"2139","01_5012_0073_01",1,5012,"ref_strain",73,1
"2140","01_5014_0073_01",1,5014,"ref_strain",73,1
"2141","01_5290_0073_01",1,5290,"ref_strain",73,1
"2142","01_5454_0073_01",1,5454,"ref_strain",73,1
"2143","01_5646_0073_01",1,5646,"ref_strain",73,1
"2144","01_5655_0073_01",1,5655,"ref_strain",73,1
"2145","01_5659_0073_01",1,5659,"ref_strain",73,1
"2146","01_6183_0073_01",1,6183,"ref_strain",73,1
"2147","01_6306_0073_01",1,6306,"ref_strain",73,1
"2148","01_6587_0073_01",1,6587,"ref_strain",73,1
"2149","01_6784_0073_01",1,6784,"ref_strain",73,1
"2150","01_6811_0073_01",1,6811,"ref_strain",73,1
"2151","01_7036_0073_01",1,7036,"ref_strain",73,1
"2152","01_7083_0073_01",1,7083,"ref_strain",73,1
"2153","01_7125_0073_01",1,7125,"ref_strain",73,1
"2154","01_7141_0073_01",1,7141,"ref_strain",73,1
"2155","01_7175_0073_01",1,7175,"ref_strain",73,1
"2156","01_7218_0073_01",1,7218,"ref_strain",73,1
"2157","01_7272_0073_01",1,7272,"ref_strain",73,1
"2158","01_7425_0073_01",1,7425,"ref_strain",73,1
"2159","01_8053_0073_01",1,8053,"ref_strain",73,1
"2160","01_8133_0073_01",1,8133,"ref_strain",73,1
"2161","01_8352_0073_01",1,8352,"ref_strain",73,1
"2162","01_8427_0073_01",1,8427,"ref_strain",73,1
"2163","01_8459_0073_01",1,8459,"ref_strain",73,1
"2164","01_8507_0073_01",1,8507,"ref_strain",73,1
"2165","01_8793_0073_01",1,8793,"ref_strain",73,1
"2166","01_8918_0073_01",1,8918,"ref_strain",73,1
"2167","01_9011_0073_01",1,9011,"ref_strain",73,1
"2168","01_9416_0073_01",1,9416,"ref_strain",73,1
"2169","01_9674_0073_01",1,9674,"ref_strain",73,1
"2170","01_9924_0073_01",1,9924,"ref_strain",73,1
"2171","01_10135_0073_01",1,10135,"ref_strain",73,1
"2172","01_10290_0073_01",1,10290,"ref_strain",73,1
"2173","01_10345_0073_01",1,10345,"ref_strain",73,1
"2174","01_10370_0073_01",1,10370,"ref_strain",73,1
"2175","01_10430_0073_01",1,10430,"ref_strain",73,1
"2176","01_10491_0073_01",1,10491,"ref_strain",73,1
"2177","01_10593_0073_01",1,10593,"ref_strain",73,1
"2178","01_10832_0073_01",1,10832,"ref_strain",73,1
"2179","01_11297_0073_01",1,11297,"ref_strain",73,1
"2180","01_11352_0073_01",1,11352,"ref_strain",73,1
"2181","01_11374_0073_01",1,11374,"ref_strain",73,1
"2182","01_11688_0073_01",1,11688,"ref_strain",73,1
"2183","01_11891_0073_01",1,11891,"ref_strain",73,1
"2184","01_12156_0073_01",1,12156,"ref_strain",73,1
"2185","01_12231_0073_01",1,12231,"ref_strain",73,1
"2186","01_12250_0073_01",1,12250,"ref_strain",73,1
"2187","01_12424_0073_01",1,12424,"ref_strain",73,1
"2188","01_12559_0073_01",1,12559,"ref_strain",73,1
"2189","01_12797_0073_01",1,12797,"ref_strain",73,1
"2190","01_13285_0073_01",1,13285,"ref_strain",73,1
"2191","01_13308_0073_01",1,13308,"ref_strain",73,1
"2192","01_13798_0073_01",1,13798,"ref_strain",73,1
"2193","01_14326_0073_01",1,14326,"ref_strain",73,1
"2194","01_14394_0073_01",1,14394,"ref_strain",73,1
"2195","01_14452_0073_01",1,14452,"ref_strain",73,1
"2196","01_0061_0074_01",1,61,"ref_strain",74,1
"2197","01_0087_0074_01",1,87,"ref_strain",74,1
"2198","01_0184_0074_01",1,184,"ref_strain",74,1
"2199","01_0211_0074_01",1,211,"ref_strain",74,1
"2200","01_0274_0074_01",1,274,"ref_strain",74,1
"2201","01_0391_0074_01",1,391,"ref_strain",74,1
"2202","01_0451_0074_01",1,451,"ref_strain",74,1
"2203","01_0582_0074_01",1,582,"ref_strain",74,1
"2204","01_0658_0074_01",1,658,"ref_strain",74,1
"2205","01_0682_0074_01",1,682,"ref_strain",74,1
"2206","01_0695_0074_01",1,695,"ref_strain",74,1
"2207","01_0722_0074_01",1,722,"ref_strain",74,1
"2208","01_0810_0074_01",1,810,"ref_strain",74,1
"2209","01_0970_0074_01",1,970,"ref_strain",74,1
"2210","01_1388_0074_01",1,1388,"ref_strain",74,1
"2211","01_1961_0074_01",1,1961,"ref_strain",74,1
"2212","01_2061_0074_01",1,2061,"ref_strain",74,1
"2213","01_2191_0074_01",1,2191,"ref_strain",74,1
"2214","01_2249_0074_01",1,2249,"ref_strain",74,1
"2215","01_2256_0074_01",1,2256,"ref_strain",74,1
"2216","01_2366_0074_01",1,2366,"ref_strain",74,1
"2217","01_2496_0074_01",1,2496,"ref_strain",74,1
"2218","01_2498_0074_01",1,2498,"ref_strain",74,1
"2219","01_2589_0074_01",1,2589,"ref_strain",74,1
"2220","01_2919_0074_01",1,2919,"ref_strain",74,1
"2221","01_3098_0074_01",1,3098,"ref_strain",74,1
"2222","01_3100_0074_01",1,3100,"ref_strain",74,1
"2223","01_3265_0074_01",1,3265,"ref_strain",74,1
"2224","01_3322_0074_01",1,3322,"ref_strain",74,1
"2225","01_3510_0074_01",1,3510,"ref_strain",74,1
"2226","01_3664_0074_01",1,3664,"ref_strain",74,1
"2227","01_4077_0074_01",1,4077,"ref_strain",74,1
"2228","01_4115_0074_01",1,4115,"ref_strain",74,1
"2229","01_4178_0074_01",1,4178,"ref_strain",74,1
"2230","01_4244_0074_01",1,4244,"ref_strain",74,1
"2231","01_4340_0074_01",1,4340,"ref_strain",74,1
"2232","01_4383_0074_01",1,4383,"ref_strain",74,1
"2233","01_4405_0074_01",1,4405,"ref_strain",74,1
"2234","01_4587_0074_01",1,4587,"ref_strain",74,1
"2235","01_4665_0074_01",1,4665,"ref_strain",74,1
"2236","01_4698_0074_01",1,4698,"ref_strain",74,1
"2237","01_4944_0074_01",1,4944,"ref_strain",74,1
"2238","01_5005_0074_01",1,5005,"ref_strain",74,1
"2239","01_5084_0074_01",1,5084,"ref_strain",74,1
"2240","01_5176_0074_01",1,5176,"ref_strain",74,1
"2241","01_5433_0074_01",1,5433,"ref_strain",74,1
"2242","01_5481_0074_01",1,5481,"ref_strain",74,1
"2243","01_5500_0074_01",1,5500,"ref_strain",74,1
"2244","01_5602_0074_01",1,5602,"ref_strain",74,1
"2245","01_5858_0074_01",1,5858,"ref_strain",74,1
"2246","01_6037_0074_01",1,6037,"ref_strain",74,1
"2247","01_6075_0074_01",1,6075,"ref_strain",74,1
"2248","01_6204_0074_01",1,6204,"ref_strain",74,1
"2249","01_6235_0074_01",1,6235,"ref_strain",74,1
"2250","01_6375_0074_01",1,6375,"ref_strain",74,1
"2251","01_6716_0074_01",1,6716,"ref_strain",74,1
"2252","01_6815_0074_01",1,6815,"ref_strain",74,1
"2253","01_6849_0074_01",1,6849,"ref_strain",74,1
"2254","01_7149_0074_01",1,7149,"ref_strain",74,1
"2255","01_7284_0074_01",1,7284,"ref_strain",74,1
"2256","01_7384_0074_01",1,7384,"ref_strain",74,1
"2257","01_7420_0074_01",1,7420,"ref_strain",74,1
"2258","01_7471_0074_01",1,7471,"ref_strain",74,1
"2259","01_7560_0074_01",1,7560,"ref_strain",74,1
"2260","01_7627_0074_01",1,7627,"ref_strain",74,1
"2261","01_7639_0074_01",1,7639,"ref_strain",74,1
"2262","01_8214_0074_01",1,8214,"ref_strain",74,1
"2263","01_8988_0074_01",1,8988,"ref_strain",74,1
"2264","01_9161_0074_01",1,9161,"ref_strain",74,1
"2265","01_9252_0074_01",1,9252,"ref_strain",74,1
"2266","01_9263_0074_01",1,9263,"ref_strain",74,1
"2267","01_9270_0074_01",1,9270,"ref_strain",74,1
"2268","01_9332_0074_01",1,9332,"ref_strain",74,1
"2269","01_9473_0074_01",1,9473,"ref_strain",74,1
"2270","01_9503_0074_01",1,9503,"ref_strain",74,1
"2271","01_9648_0074_01",1,9648,"ref_strain",74,1
"2272","01_9655_0074_01",1,9655,"ref_strain",74,1
"2273","01_9906_0074_01",1,9906,"ref_strain",74,1
"2274","01_10068_0074_01",1,10068,"ref_strain",74,1
"2275","01_10294_0074_01",1,10294,"ref_strain",74,1
"2276","01_10402_0074_01",1,10402,"ref_strain",74,1
"2277","01_10542_0074_01",1,10542,"ref_strain",74,1
"2278","01_10983_0074_01",1,10983,"ref_strain",74,1
"2279","01_11345_0074_01",1,11345,"ref_strain",74,1
"2280","01_11624_0074_01",1,11624,"ref_strain",74,1
"2281","01_11954_0074_01",1,11954,"ref_strain",74,1
"2282","01_12232_0074_01",1,12232,"ref_strain",74,1
"2283","01_13268_0074_01",1,13268,"ref_strain",74,1
"2284","01_13526_0074_01",1,13526,"ref_strain",74,1
"2285","01_13583_0074_01",1,13583,"ref_strain",74,1
"2286","01_13655_0074_01",1,13655,"ref_strain",74,1
"2287","01_13664_0074_01",1,13664,"ref_strain",74,1
"2288","01_13806_0074_01",1,13806,"ref_strain",74,1
"2289","01_13909_0074_01",1,13909,"ref_strain",74,1
"2290","01_13969_0074_01",1,13969,"ref_strain",74,1
"2291","01_14028_0074_01",1,14028,"ref_strain",74,1
"2292","01_14040_0074_01",1,14040,"ref_strain",74,1
"2293","01_14127_0074_01",1,14127,"ref_strain",74,1
"2294","01_14166_0074_01",1,14166,"ref_strain",74,1
"2295","01_14225_0074_01",1,14225,"ref_strain",74,1
"2296","01_14228_0074_01",1,14228,"ref_strain",74,1
"2297","01_14253_0074_01",1,14253,"ref_strain",74,1
"2298","01_0304_0075_01",1,304,"ref_strain",75,1
"2299","01_0320_0075_01",1,320,"ref_strain",75,1
"2300","01_1061_0075_01",1,1061,"ref_strain",75,1
"2301","01_1310_0075_01",1,1310,"ref_strain",75,1
"2302","01_1409_0075_01",1,1409,"ref_strain",75,1
"2303","01_1504_0075_01",1,1504,"ref_strain",75,1
"2304","01_1776_0075_01",1,1776,"ref_strain",75,1
"2305","01_1921_0075_01",1,1921,"ref_strain",75,1
"2306","01_2110_0075_01",1,2110,"ref_strain",75,1
"2307","01_2143_0075_01",1,2143,"ref_strain",75,1
"2308","01_2171_0075_01",1,2171,"ref_strain",75,1
"2309","01_2313_0075_01",1,2313,"ref_strain",75,1
"2310","01_2956_0075_01",1,2956,"ref_strain",75,1
"2311","01_3165_0075_01",1,3165,"ref_strain",75,1
"2312","01_3522_0075_01",1,3522,"ref_strain",75,1
"2313","01_3647_0075_01",1,3647,"ref_strain",75,1
"2314","01_3771_0075_01",1,3771,"ref_strain",75,1
"2315","01_3849_0075_01",1,3849,"ref_strain",75,1
"2316","01_3884_0075_01",1,3884,"ref_strain",75,1
"2317","01_4186_0075_01",1,4186,"ref_strain",75,1
"2318","01_4289_0075_01",1,4289,"ref_strain",75,1
"2319","01_4486_0075_01",1,4486,"ref_strain",75,1
"2320","01_4531_0075_01",1,4531,"ref_strain",75,1
"2321","01_4710_0075_01",1,4710,"ref_strain",75,1
"2322","01_5064_0075_01",1,5064,"ref_strain",75,1
"2323","01_5411_0075_01",1,5411,"ref_strain",75,1
"2324","01_5504_0075_01",1,5504,"ref_strain",75,1
"2325","01_5540_0075_01",1,5540,"ref_strain",75,1
"2326","01_5551_0075_01",1,5551,"ref_strain",75,1
"2327","01_5674_0075_01",1,5674,"ref_strain",75,1
"2328","01_5889_0075_01",1,5889,"ref_strain",75,1
"2329","01_6233_0075_01",1,6233,"ref_strain",75,1
"2330","01_6487_0075_01",1,6487,"ref_strain",75,1
"2331","01_6874_0075_01",1,6874,"ref_strain",75,1
"2332","01_7035_0075_01",1,7035,"ref_strain",75,1
"2333","01_7040_0075_01",1,7040,"ref_strain",75,1
"2334","01_7562_0075_01",1,7562,"ref_strain",75,1
"2335","01_7599_0075_01",1,7599,"ref_strain",75,1
"2336","01_7766_0075_01",1,7766,"ref_strain",75,1
"2337","01_8024_0075_01",1,8024,"ref_strain",75,1
"2338","01_8163_0075_01",1,8163,"ref_strain",75,1
"2339","01_8201_0075_01",1,8201,"ref_strain",75,1
"2340","01_8218_0075_01",1,8218,"ref_strain",75,1
"2341","01_8382_0075_01",1,8382,"ref_strain",75,1
"2342","01_8542_0075_01",1,8542,"ref_strain",75,1
"2343","01_8546_0075_01",1,8546,"ref_strain",75,1
"2344","01_8720_0075_01",1,8720,"ref_strain",75,1
"2345","01_8840_0075_01",1,8840,"ref_strain",75,1
"2346","01_9149_0075_01",1,9149,"ref_strain",75,1
"2347","01_9154_0075_01",1,9154,"ref_strain",75,1
"2348","01_9259_0075_01",1,9259,"ref_strain",75,1
"2349","01_9274_0075_01",1,9274,"ref_strain",75,1
"2350","01_9282_0075_01",1,9282,"ref_strain",75,1
"2351","01_9289_0075_01",1,9289,"ref_strain",75,1
"2352","01_9543_0075_01",1,9543,"ref_strain",75,1
"2353","01_9554_0075_01",1,9554,"ref_strain",75,1
"2354","01_9569_0075_01",1,9569,"ref_strain",75,1
"2355","01_9896_0075_01",1,9896,"ref_strain",75,1
"2356","01_10103_0075_01",1,10103,"ref_strain",75,1
"2357","01_10183_0075_01",1,10183,"ref_strain",75,1
"2358","01_10371_0075_01",1,10371,"ref_strain",75,1
"2359","01_10618_0075_01",1,10618,"ref_strain",75,1
"2360","01_10812_0075_01",1,10812,"ref_strain",75,1
"2361","01_10852_0075_01",1,10852,"ref_strain",75,1
"2362","01_10994_0075_01",1,10994,"ref_strain",75,1
"2363","01_11207_0075_01",1,11207,"ref_strain",75,1
"2364","01_11391_0075_01",1,11391,"ref_strain",75,1
"2365","01_11446_0075_01",1,11446,"ref_strain",75,1
"2366","01_11551_0075_01",1,11551,"ref_strain",75,1
"2367","01_11567_0075_01",1,11567,"ref_strain",75,1
"2368","01_11680_0075_01",1,11680,"ref_strain",75,1
"2369","01_11814_0075_01",1,11814,"ref_strain",75,1
"2370","01_11858_0075_01",1,11858,"ref_strain",75,1
"2371","01_11884_0075_01",1,11884,"ref_strain",75,1
"2372","01_11992_0075_01",1,11992,"ref_strain",75,1
"2373","01_12178_0075_01",1,12178,"ref_strain",75,1
"2374","01_12270_0075_01",1,12270,"ref_strain",75,1
"2375","01_12292_0075_01",1,12292,"ref_strain",75,1
"2376","01_12426_0075_01",1,12426,"ref_strain",75,1
"2377","01_12521_0075_01",1,12521,"ref_strain",75,1
"2378","01_12906_0075_01",1,12906,"ref_strain",75,1
"2379","01_12938_0075_01",1,12938,"ref_strain",75,1
"2380","01_13005_0075_01",1,13005,"ref_strain",75,1
"2381","01_13241_0075_01",1,13241,"ref_strain",75,1
"2382","01_13623_0075_01",1,13623,"ref_strain",75,1
"2383","01_14312_0075_01",1,14312,"ref_strain",75,1
"2384","01_14464_0075_01",1,14464,"ref_strain",75,1
"2385","01_0128_0076_01",1,128,"ref_strain",76,1
"2386","01_0177_0076_01",1,177,"ref_strain",76,1
"2387","01_0240_0076_01",1,240,"ref_strain",76,1
"2388","01_0269_0076_01",1,269,"ref_strain",76,1
"2389","01_0288_0076_01",1,288,"ref_strain",76,1
"2390","01_0747_0076_01",1,747,"ref_strain",76,1
"2391","01_0892_0076_01",1,892,"ref_strain",76,1
"2392","01_1165_0076_01",1,1165,"ref_strain",76,1
"2393","01_1241_0076_01",1,1241,"ref_strain",76,1
"2394","01_1350_0076_01",1,1350,"ref_strain",76,1
"2395","01_1666_0076_01",1,1666,"ref_strain",76,1
"2396","01_1717_0076_01",1,1717,"ref_strain",76,1
"2397","01_2018_0076_01",1,2018,"ref_strain",76,1
"2398","01_2544_0076_01",1,2544,"ref_strain",76,1
"2399","01_2693_0076_01",1,2693,"ref_strain",76,1
"2400","01_2808_0076_01",1,2808,"ref_strain",76,1
"2401","01_2874_0076_01",1,2874,"ref_strain",76,1
"2402","01_2928_0076_01",1,2928,"ref_strain",76,1
"2403","01_3359_0076_01",1,3359,"ref_strain",76,1
"2404","01_3603_0076_01",1,3603,"ref_strain",76,1
"2405","01_3959_0076_01",1,3959,"ref_strain",76,1
"2406","01_4025_0076_01",1,4025,"ref_strain",76,1
"2407","01_4151_0076_01",1,4151,"ref_strain",76,1
"2408","01_4321_0076_01",1,4321,"ref_strain",76,1
"2409","01_4355_0076_01",1,4355,"ref_strain",76,1
"2410","01_4403_0076_01",1,4403,"ref_strain",76,1
"2411","01_4547_0076_01",1,4547,"ref_strain",76,1
"2412","01_4629_0076_01",1,4629,"ref_strain",76,1
"2413","01_4906_0076_01",1,4906,"ref_strain",76,1
"2414","01_5062_0076_01",1,5062,"ref_strain",76,1
"2415","01_5224_0076_01",1,5224,"ref_strain",76,1
"2416","01_5488_0076_01",1,5488,"ref_strain",76,1
"2417","01_5865_0076_01",1,5865,"ref_strain",76,1
"2418","01_6664_0076_01",1,6664,"ref_strain",76,1
"2419","01_7170_0076_01",1,7170,"ref_strain",76,1
"2420","01_7176_0076_01",1,7176,"ref_strain",76,1
"2421","01_7185_0076_01",1,7185,"ref_strain",76,1
"2422","01_7573_0076_01",1,7573,"ref_strain",76,1
"2423","01_7600_0076_01",1,7600,"ref_strain",76,1
"2424","01_7713_0076_01",1,7713,"ref_strain",76,1
"2425","01_7954_0076_01",1,7954,"ref_strain",76,1
"2426","01_8032_0076_01",1,8032,"ref_strain",76,1
"2427","01_8037_0076_01",1,8037,"ref_strain",76,1
"2428","01_8120_0076_01",1,8120,"ref_strain",76,1
"2429","01_8628_0076_01",1,8628,"ref_strain",76,1
"2430","01_8872_0076_01",1,8872,"ref_strain",76,1
"2431","01_8877_0076_01",1,8877,"ref_strain",76,1
"2432","01_9029_0076_01",1,9029,"ref_strain",76,1
"2433","01_9317_0076_01",1,9317,"ref_strain",76,1
"2434","01_9487_0076_01",1,9487,"ref_strain",76,1
"2435","01_9488_0076_01",1,9488,"ref_strain",76,1
"2436","01_9784_0076_01",1,9784,"ref_strain",76,1
"2437","01_9898_0076_01",1,9898,"ref_strain",76,1
"2438","01_10224_0076_01",1,10224,"ref_strain",76,1
"2439","01_10349_0076_01",1,10349,"ref_strain",76,1
"2440","01_10362_0076_01",1,10362,"ref_strain",76,1
"2441","01_10674_0076_01",1,10674,"ref_strain",76,1
"2442","01_10809_0076_01",1,10809,"ref_strain",76,1
"2443","01_10860_0076_01",1,10860,"ref_strain",76,1
"2444","01_10951_0076_01",1,10951,"ref_strain",76,1
"2445","01_11106_0076_01",1,11106,"ref_strain",76,1
"2446","01_11152_0076_01",1,11152,"ref_strain",76,1
"2447","01_11266_0076_01",1,11266,"ref_strain",76,1
"2448","01_11293_0076_01",1,11293,"ref_strain",76,1
"2449","01_11529_0076_01",1,11529,"ref_strain",76,1
"2450","01_11834_0076_01",1,11834,"ref_strain",76,1
"2451","01_12034_0076_01",1,12034,"ref_strain",76,1
"2452","01_12092_0076_01",1,12092,"ref_strain",76,1
"2453","01_12130_0076_01",1,12130,"ref_strain",76,1
"2454","01_12357_0076_01",1,12357,"ref_strain",76,1
"2455","01_12370_0076_01",1,12370,"ref_strain",76,1
"2456","01_12727_0076_01",1,12727,"ref_strain",76,1
"2457","01_13015_0076_01",1,13015,"ref_strain",76,1
"2458","01_13101_0076_01",1,13101,"ref_strain",76,1
"2459","01_13283_0076_01",1,13283,"ref_strain",76,1
"2460","01_13565_0076_01",1,13565,"ref_strain",76,1
"2461","01_13575_0076_01",1,13575,"ref_strain",76,1
"2462","01_13676_0076_01",1,13676,"ref_strain",76,1
"2463","01_13694_0076_01",1,13694,"ref_strain",76,1
"2464","01_13895_0076_01",1,13895,"ref_strain",76,1
"2465","01_14003_0076_01",1,14003,"ref_strain",76,1
"2466","01_14255_0076_01",1,14255,"ref_strain",76,1
"2467","01_14453_0076_01",1,14453,"ref_strain",76,1
"2468","01_14511_0076_01",1,14511,"ref_strain",76,1
"2469","01_14548_0076_01",1,14548,"ref_strain",76,1
"2470","01_0158_0077_01",1,158,"ref_strain",77,1
"2471","01_0285_0077_01",1,285,"ref_strain",77,1
"2472","01_0657_0077_01",1,657,"ref_strain",77,1
"2473","01_0664_0077_01",1,664,"ref_strain",77,1
"2474","01_0690_0077_01",1,690,"ref_strain",77,1
"2475","01_0885_0077_01",1,885,"ref_strain",77,1
"2476","01_0941_0077_01",1,941,"ref_strain",77,1
"2477","01_1002_0077_01",1,1002,"ref_strain",77,1
"2478","01_1050_0077_01",1,1050,"ref_strain",77,1
"2479","01_1327_0077_01",1,1327,"ref_strain",77,1
"2480","01_1382_0077_01",1,1382,"ref_strain",77,1
"2481","01_1430_0077_01",1,1430,"ref_strain",77,1
"2482","01_1688_0077_01",1,1688,"ref_strain",77,1
"2483","01_1810_0077_01",1,1810,"ref_strain",77,1
"2484","01_2480_0077_01",1,2480,"ref_strain",77,1
"2485","01_2600_0077_01",1,2600,"ref_strain",77,1
"2486","01_2668_0077_01",1,2668,"ref_strain",77,1
"2487","01_2669_0077_01",1,2669,"ref_strain",77,1
"2488","01_2744_0077_01",1,2744,"ref_strain",77,1
"2489","01_2785_0077_01",1,2785,"ref_strain",77,1
"2490","01_3255_0077_01",1,3255,"ref_strain",77,1
"2491","01_3430_0077_01",1,3430,"ref_strain",77,1
"2492","01_3463_0077_01",1,3463,"ref_strain",77,1
"2493","01_3490_0077_01",1,3490,"ref_strain",77,1
"2494","01_3557_0077_01",1,3557,"ref_strain",77,1
"2495","01_3761_0077_01",1,3761,"ref_strain",77,1
"2496","01_4075_0077_01",1,4075,"ref_strain",77,1
"2497","01_4395_0077_01",1,4395,"ref_strain",77,1
"2498","01_4694_0077_01",1,4694,"ref_strain",77,1
"2499","01_4730_0077_01",1,4730,"ref_strain",77,1
"2500","01_5071_0077_01",1,5071,"ref_strain",77,1
"2501","01_5161_0077_01",1,5161,"ref_strain",77,1
"2502","01_5220_0077_01",1,5220,"ref_strain",77,1
"2503","01_5453_0077_01",1,5453,"ref_strain",77,1
"2504","01_5505_0077_01",1,5505,"ref_strain",77,1
"2505","01_5806_0077_01",1,5806,"ref_strain",77,1
"2506","01_5809_0077_01",1,5809,"ref_strain",77,1
"2507","01_6004_0077_01",1,6004,"ref_strain",77,1
"2508","01_6108_0077_01",1,6108,"ref_strain",77,1
"2509","01_6455_0077_01",1,6455,"ref_strain",77,1
"2510","01_6467_0077_01",1,6467,"ref_strain",77,1
"2511","01_6488_0077_01",1,6488,"ref_strain",77,1
"2512","01_6638_0077_01",1,6638,"ref_strain",77,1
"2513","01_6746_0077_01",1,6746,"ref_strain",77,1
"2514","01_6818_0077_01",1,6818,"ref_strain",77,1
"2515","01_6841_0077_01",1,6841,"ref_strain",77,1
"2516","01_7259_0077_01",1,7259,"ref_strain",77,1
"2517","01_7439_0077_01",1,7439,"ref_strain",77,1
"2518","01_7527_0077_01",1,7527,"ref_strain",77,1
"2519","01_7769_0077_01",1,7769,"ref_strain",77,1
"2520","01_7805_0077_01",1,7805,"ref_strain",77,1
"2521","01_7884_0077_01",1,7884,"ref_strain",77,1
"2522","01_7908_0077_01",1,7908,"ref_strain",77,1
"2523","01_8240_0077_01",1,8240,"ref_strain",77,1
"2524","01_8351_0077_01",1,8351,"ref_strain",77,1
"2525","01_8456_0077_01",1,8456,"ref_strain",77,1
"2526","01_8506_0077_01",1,8506,"ref_strain",77,1
"2527","01_8614_0077_01",1,8614,"ref_strain",77,1
"2528","01_8646_0077_01",1,8646,"ref_strain",77,1
"2529","01_8758_0077_01",1,8758,"ref_strain",77,1
"2530","01_8906_0077_01",1,8906,"ref_strain",77,1
"2531","01_9545_0077_01",1,9545,"ref_strain",77,1
"2532","01_9549_0077_01",1,9549,"ref_strain",77,1
"2533","01_9885_0077_01",1,9885,"ref_strain",77,1
"2534","01_10170_0077_01",1,10170,"ref_strain",77,1
"2535","01_10238_0077_01",1,10238,"ref_strain",77,1
"2536","01_10518_0077_01",1,10518,"ref_strain",77,1
"2537","01_10570_0077_01",1,10570,"ref_strain",77,1
"2538","01_10577_0077_01",1,10577,"ref_strain",77,1
"2539","01_10648_0077_01",1,10648,"ref_strain",77,1
"2540","01_10861_0077_01",1,10861,"ref_strain",77,1
"2541","01_10918_0077_01",1,10918,"ref_strain",77,1
"2542","01_10935_0077_01",1,10935,"ref_strain",77,1
"2543","01_10946_0077_01",1,10946,"ref_strain",77,1
"2544","01_10957_0077_01",1,10957,"ref_strain",77,1
"2545","01_11023_0077_01",1,11023,"ref_strain",77,1
"2546","01_11039_0077_01",1,11039,"ref_strain",77,1
"2547","01_11093_0077_01",1,11093,"ref_strain",77,1
"2548","01_11495_0077_01",1,11495,"ref_strain",77,1
"2549","01_11845_0077_01",1,11845,"ref_strain",77,1
"2550","01_11912_0077_01",1,11912,"ref_strain",77,1
"2551","01_12127_0077_01",1,12127,"ref_strain",77,1
"2552","01_12128_0077_01",1,12128,"ref_strain",77,1
"2553","01_12181_0077_01",1,12181,"ref_strain",77,1
"2554","01_12338_0077_01",1,12338,"ref_strain",77,1
"2555","01_12342_0077_01",1,12342,"ref_strain",77,1
"2556","01_12394_0077_01",1,12394,"ref_strain",77,1
"2557","01_12654_0077_01",1,12654,"ref_strain",77,1
"2558","01_12762_0077_01",1,12762,"ref_strain",77,1
"2559","01_12830_0077_01",1,12830,"ref_strain",77,1
"2560","01_12923_0077_01",1,12923,"ref_strain",77,1
"2561","01_13299_0077_01",1,13299,"ref_strain",77,1
"2562","01_13401_0077_01",1,13401,"ref_strain",77,1
"2563","01_14107_0077_01",1,14107,"ref_strain",77,1
"2564","01_14147_0077_01",1,14147,"ref_strain",77,1
"2565","01_0130_0078_01",1,130,"ref_strain",78,1
"2566","01_0494_0078_01",1,494,"ref_strain",78,1
"2567","01_0812_0078_01",1,812,"ref_strain",78,1
"2568","01_0828_0078_01",1,828,"ref_strain",78,1
"2569","01_0855_0078_01",1,855,"ref_strain",78,1
"2570","01_1175_0078_01",1,1175,"ref_strain",78,1
"2571","01_1265_0078_01",1,1265,"ref_strain",78,1
"2572","01_1457_0078_01",1,1457,"ref_strain",78,1
"2573","01_1692_0078_01",1,1692,"ref_strain",78,1
"2574","01_1753_0078_01",1,1753,"ref_strain",78,1
"2575","01_1794_0078_01",1,1794,"ref_strain",78,1
"2576","01_1828_0078_01",1,1828,"ref_strain",78,1
"2577","01_2327_0078_01",1,2327,"ref_strain",78,1
"2578","01_2377_0078_01",1,2377,"ref_strain",78,1
"2579","01_2413_0078_01",1,2413,"ref_strain",78,1
"2580","01_2431_0078_01",1,2431,"ref_strain",78,1
"2581","01_2612_0078_01",1,2612,"ref_strain",78,1
"2582","01_2632_0078_01",1,2632,"ref_strain",78,1
"2583","01_2844_0078_01",1,2844,"ref_strain",78,1
"2584","01_2866_0078_01",1,2866,"ref_strain",78,1
"2585","01_2867_0078_01",1,2867,"ref_strain",78,1
"2586","01_3236_0078_01",1,3236,"ref_strain",78,1
"2587","01_3275_0078_01",1,3275,"ref_strain",78,1
"2588","01_3586_0078_01",1,3586,"ref_strain",78,1
"2589","01_3751_0078_01",1,3751,"ref_strain",78,1
"2590","01_3843_0078_01",1,3843,"ref_strain",78,1
"2591","01_4078_0078_01",1,4078,"ref_strain",78,1
"2592","01_4129_0078_01",1,4129,"ref_strain",78,1
"2593","01_4332_0078_01",1,4332,"ref_strain",78,1
"2594","01_4364_0078_01",1,4364,"ref_strain",78,1
"2595","01_4460_0078_01",1,4460,"ref_strain",78,1
"2596","01_4828_0078_01",1,4828,"ref_strain",78,1
"2597","01_5111_0078_01",1,5111,"ref_strain",78,1
"2598","01_5228_0078_01",1,5228,"ref_strain",78,1
"2599","01_5236_0078_01",1,5236,"ref_strain",78,1
"2600","01_5353_0078_01",1,5353,"ref_strain",78,1
"2601","01_5978_0078_01",1,5978,"ref_strain",78,1
"2602","01_6005_0078_01",1,6005,"ref_strain",78,1
"2603","01_6252_0078_01",1,6252,"ref_strain",78,1
"2604","01_6314_0078_01",1,6314,"ref_strain",78,1
"2605","01_6320_0078_01",1,6320,"ref_strain",78,1
"2606","01_6355_0078_01",1,6355,"ref_strain",78,1
"2607","01_6403_0078_01",1,6403,"ref_strain",78,1
"2608","01_6523_0078_01",1,6523,"ref_strain",78,1
"2609","01_6633_0078_01",1,6633,"ref_strain",78,1
"2610","01_6861_0078_01",1,6861,"ref_strain",78,1
"2611","01_6969_0078_01",1,6969,"ref_strain",78,1
"2612","01_7071_0078_01",1,7071,"ref_strain",78,1
"2613","01_7251_0078_01",1,7251,"ref_strain",78,1
"2614","01_7312_0078_01",1,7312,"ref_strain",78,1
"2615","01_7399_0078_01",1,7399,"ref_strain",78,1
"2616","01_7489_0078_01",1,7489,"ref_strain",78,1
"2617","01_7490_0078_01",1,7490,"ref_strain",78,1
"2618","01_7842_0078_01",1,7842,"ref_strain",78,1
"2619","01_8021_0078_01",1,8021,"ref_strain",78,1
"2620","01_8088_0078_01",1,8088,"ref_strain",78,1
"2621","01_8102_0078_01",1,8102,"ref_strain",78,1
"2622","01_8220_0078_01",1,8220,"ref_strain",78,1
"2623","01_8335_0078_01",1,8335,"ref_strain",78,1
"2624","01_8403_0078_01",1,8403,"ref_strain",78,1
"2625","01_8472_0078_01",1,8472,"ref_strain",78,1
"2626","01_8531_0078_01",1,8531,"ref_strain",78,1
"2627","01_8996_0078_01",1,8996,"ref_strain",78,1
"2628","01_9024_0078_01",1,9024,"ref_strain",78,1
"2629","01_9048_0078_01",1,9048,"ref_strain",78,1
"2630","01_9083_0078_01",1,9083,"ref_strain",78,1
"2631","01_9152_0078_01",1,9152,"ref_strain",78,1
"2632","01_9171_0078_01",1,9171,"ref_strain",78,1
"2633","01_9357_0078_01",1,9357,"ref_strain",78,1
"2634","01_9371_0078_01",1,9371,"ref_strain",78,1
"2635","01_9466_0078_01",1,9466,"ref_strain",78,1
"2636","01_9550_0078_01",1,9550,"ref_strain",78,1
"2637","01_9793_0078_01",1,9793,"ref_strain",78,1
"2638","01_9883_0078_01",1,9883,"ref_strain",78,1
"2639","01_9948_0078_01",1,9948,"ref_strain",78,1
"2640","01_10323_0078_01",1,10323,"ref_strain",78,1
"2641","01_10537_0078_01",1,10537,"ref_strain",78,1
"2642","01_10617_0078_01",1,10617,"ref_strain",78,1
"2643","01_10689_0078_01",1,10689,"ref_strain",78,1
"2644","01_10743_0078_01",1,10743,"ref_strain",78,1
"2645","01_10816_0078_01",1,10816,"ref_strain",78,1
"2646","01_10952_0078_01",1,10952,"ref_strain",78,1
"2647","01_10968_0078_01",1,10968,"ref_strain",78,1
"2648","01_11547_0078_01",1,11547,"ref_strain",78,1
"2649","01_11767_0078_01",1,11767,"ref_strain",78,1
"2650","01_11813_0078_01",1,11813,"ref_strain",78,1
"2651","01_11981_0078_01",1,11981,"ref_strain",78,1
"2652","01_12083_0078_01",1,12083,"ref_strain",78,1
"2653","01_12112_0078_01",1,12112,"ref_strain",78,1
"2654","01_12117_0078_01",1,12117,"ref_strain",78,1
"2655","01_12172_0078_01",1,12172,"ref_strain",78,1
"2656","01_12255_0078_01",1,12255,"ref_strain",78,1
"2657","01_12356_0078_01",1,12356,"ref_strain",78,1
"2658","01_12421_0078_01",1,12421,"ref_strain",78,1
"2659","01_12461_0078_01",1,12461,"ref_strain",78,1
"2660","01_12552_0078_01",1,12552,"ref_strain",78,1
"2661","01_13339_0078_01",1,13339,"ref_strain",78,1
"2662","01_13476_0078_01",1,13476,"ref_strain",78,1
"2663","01_13952_0078_01",1,13952,"ref_strain",78,1
"2664","01_13959_0078_01",1,13959,"ref_strain",78,1
"2665","01_14133_0078_01",1,14133,"ref_strain",78,1
"2666","01_14175_0078_01",1,14175,"ref_strain",78,1
"2667","01_14184_0078_01",1,14184,"ref_strain",78,1
"2668","01_14204_0078_01",1,14204,"ref_strain",78,1
"2669","01_14273_0078_01",1,14273,"ref_strain",78,1
"2670","01_14365_0078_01",1,14365,"ref_strain",78,1
"2671","01_14369_0078_01",1,14369,"ref_strain",78,1
"2672","01_14377_0078_01",1,14377,"ref_strain",78,1
"2673","01_14471_0078_01",1,14471,"ref_strain",78,1
"2674","01_14531_0078_01",1,14531,"ref_strain",78,1
"2675","01_0117_0079_01",1,117,"ref_strain",79,1
"2676","01_0181_0079_01",1,181,"ref_strain",79,1
"2677","01_0426_0079_01",1,426,"ref_strain",79,1
"2678","01_0467_0079_01",1,467,"ref_strain",79,1
"2679","01_0662_0079_01",1,662,"ref_strain",79,1
"2680","01_1045_0079_01",1,1045,"ref_strain",79,1
"2681","01_1285_0079_01",1,1285,"ref_strain",79,1
"2682","01_1293_0079_01",1,1293,"ref_strain",79,1
"2683","01_1297_0079_01",1,1297,"ref_strain",79,1
"2684","01_1919_0079_01",1,1919,"ref_strain",79,1
"2685","01_2075_0079_01",1,2075,"ref_strain",79,1
"2686","01_2108_0079_01",1,2108,"ref_strain",79,1
"2687","01_2309_0079_01",1,2309,"ref_strain",79,1
"2688","01_2461_0079_01",1,2461,"ref_strain",79,1
"2689","01_2463_0079_01",1,2463,"ref_strain",79,1
"2690","01_2592_0079_01",1,2592,"ref_strain",79,1
"2691","01_2703_0079_01",1,2703,"ref_strain",79,1
"2692","01_2730_0079_01",1,2730,"ref_strain",79,1
"2693","01_2738_0079_01",1,2738,"ref_strain",79,1
"2694","01_2991_0079_01",1,2991,"ref_strain",79,1
"2695","01_3078_0079_01",1,3078,"ref_strain",79,1
"2696","01_3137_0079_01",1,3137,"ref_strain",79,1
"2697","01_3227_0079_01",1,3227,"ref_strain",79,1
"2698","01_3595_0079_01",1,3595,"ref_strain",79,1
"2699","01_3667_0079_01",1,3667,"ref_strain",79,1
"2700","01_3885_0079_01",1,3885,"ref_strain",79,1
"2701","01_4302_0079_01",1,4302,"ref_strain",79,1
"2702","01_4544_0079_01",1,4544,"ref_strain",79,1
"2703","01_4616_0079_01",1,4616,"ref_strain",79,1
"2704","01_4991_0079_01",1,4991,"ref_strain",79,1
"2705","01_5066_0079_01",1,5066,"ref_strain",79,1
"2706","01_5126_0079_01",1,5126,"ref_strain",79,1
"2707","01_5155_0079_01",1,5155,"ref_strain",79,1
"2708","01_5358_0079_01",1,5358,"ref_strain",79,1
"2709","01_5498_0079_01",1,5498,"ref_strain",79,1
"2710","01_5749_0079_01",1,5749,"ref_strain",79,1
"2711","01_5757_0079_01",1,5757,"ref_strain",79,1
"2712","01_5802_0079_01",1,5802,"ref_strain",79,1
"2713","01_5919_0079_01",1,5919,"ref_strain",79,1
"2714","01_6300_0079_01",1,6300,"ref_strain",79,1
"2715","01_6420_0079_01",1,6420,"ref_strain",79,1
"2716","01_6632_0079_01",1,6632,"ref_strain",79,1
"2717","01_6738_0079_01",1,6738,"ref_strain",79,1
"2718","01_7009_0079_01",1,7009,"ref_strain",79,1
"2719","01_7163_0079_01",1,7163,"ref_strain",79,1
"2720","01_7314_0079_01",1,7314,"ref_strain",79,1
"2721","01_7358_0079_01",1,7358,"ref_strain",79,1
"2722","01_7393_0079_01",1,7393,"ref_strain",79,1
"2723","01_7526_0079_01",1,7526,"ref_strain",79,1
"2724","01_7684_0079_01",1,7684,"ref_strain",79,1
"2725","01_7825_0079_01",1,7825,"ref_strain",79,1
"2726","01_8005_0079_01",1,8005,"ref_strain",79,1
"2727","01_8081_0079_01",1,8081,"ref_strain",79,1
"2728","01_8312_0079_01",1,8312,"ref_strain",79,1
"2729","01_8404_0079_01",1,8404,"ref_strain",79,1
"2730","01_8681_0079_01",1,8681,"ref_strain",79,1
"2731","01_8688_0079_01",1,8688,"ref_strain",79,1
"2732","01_8731_0079_01",1,8731,"ref_strain",79,1
"2733","01_9017_0079_01",1,9017,"ref_strain",79,1
"2734","01_9158_0079_01",1,9158,"ref_strain",79,1
"2735","01_9231_0079_01",1,9231,"ref_strain",79,1
"2736","01_9418_0079_01",1,9418,"ref_strain",79,1
"2737","01_9462_0079_01",1,9462,"ref_strain",79,1
"2738","01_9525_0079_01",1,9525,"ref_strain",79,1
"2739","01_9598_0079_01",1,9598,"ref_strain",79,1
"2740","01_9642_0079_01",1,9642,"ref_strain",79,1
"2741","01_9826_0079_01",1,9826,"ref_strain",79,1
"2742","01_9971_0079_01",1,9971,"ref_strain",79,1
"2743","01_10154_0079_01",1,10154,"ref_strain",79,1
"2744","01_10505_0079_01",1,10505,"ref_strain",79,1
"2745","01_10624_0079_01",1,10624,"ref_strain",79,1
"2746","01_10634_0079_01",1,10634,"ref_strain",79,1
"2747","01_10869_0079_01",1,10869,"ref_strain",79,1
"2748","01_10896_0079_01",1,10896,"ref_strain",79,1
"2749","01_10898_0079_01",1,10898,"ref_strain",79,1
"2750","01_11212_0079_01",1,11212,"ref_strain",79,1
"2751","01_11454_0079_01",1,11454,"ref_strain",79,1
"2752","01_11597_0079_01",1,11597,"ref_strain",79,1
"2753","01_11779_0079_01",1,11779,"ref_strain",79,1
"2754","01_11909_0079_01",1,11909,"ref_strain",79,1
"2755","01_12132_0079_01",1,12132,"ref_strain",79,1
"2756","01_12428_0079_01",1,12428,"ref_strain",79,1
"2757","01_12571_0079_01",1,12571,"ref_strain",79,1
"2758","01_12596_0079_01",1,12596,"ref_strain",79,1
"2759","01_12622_0079_01",1,12622,"ref_strain",79,1
"2760","01_12737_0079_01",1,12737,"ref_strain",79,1
"2761","01_13083_0079_01",1,13083,"ref_strain",79,1
"2762","01_13200_0079_01",1,13200,"ref_strain",79,1
"2763","01_13430_0079_01",1,13430,"ref_strain",79,1
"2764","01_13515_0079_01",1,13515,"ref_strain",79,1
"2765","01_13647_0079_01",1,13647,"ref_strain",79,1
"2766","01_13730_0079_01",1,13730,"ref_strain",79,1
"2767","01_13915_0079_01",1,13915,"ref_strain",79,1
"2768","01_13925_0079_01",1,13925,"ref_strain",79,1
"2769","01_13984_0079_01",1,13984,"ref_strain",79,1
"2770","01_14094_0079_01",1,14094,"ref_strain",79,1
"2771","01_0029_0080_01",1,29,"ref_strain",80,1
"2772","01_0518_0080_01",1,518,"ref_strain",80,1
"2773","01_0888_0080_01",1,888,"ref_strain",80,1
"2774","01_1161_0080_01",1,1161,"ref_strain",80,1
"2775","01_1288_0080_01",1,1288,"ref_strain",80,1
"2776","01_1390_0080_01",1,1390,"ref_strain",80,1
"2777","01_1455_0080_01",1,1455,"ref_strain",80,1
"2778","01_1458_0080_01",1,1458,"ref_strain",80,1
"2779","01_1563_0080_01",1,1563,"ref_strain",80,1
"2780","01_1646_0080_01",1,1646,"ref_strain",80,1
"2781","01_2008_0080_01",1,2008,"ref_strain",80,1
"2782","01_2034_0080_01",1,2034,"ref_strain",80,1
"2783","01_2304_0080_01",1,2304,"ref_strain",80,1
"2784","01_2396_0080_01",1,2396,"ref_strain",80,1
"2785","01_2424_0080_01",1,2424,"ref_strain",80,1
"2786","01_2568_0080_01",1,2568,"ref_strain",80,1
"2787","01_2661_0080_01",1,2661,"ref_strain",80,1
"2788","01_2915_0080_01",1,2915,"ref_strain",80,1
"2789","01_2936_0080_01",1,2936,"ref_strain",80,1
"2790","01_2974_0080_01",1,2974,"ref_strain",80,1
"2791","01_3095_0080_01",1,3095,"ref_strain",80,1
"2792","01_3290_0080_01",1,3290,"ref_strain",80,1
"2793","01_3573_0080_01",1,3573,"ref_strain",80,1
"2794","01_3870_0080_01",1,3870,"ref_strain",80,1
"2795","01_4133_0080_01",1,4133,"ref_strain",80,1
"2796","01_4309_0080_01",1,4309,"ref_strain",80,1
"2797","01_4394_0080_01",1,4394,"ref_strain",80,1
"2798","01_4677_0080_01",1,4677,"ref_strain",80,1
"2799","01_5092_0080_01",1,5092,"ref_strain",80,1
"2800","01_5373_0080_01",1,5373,"ref_strain",80,1
"2801","01_5468_0080_01",1,5468,"ref_strain",80,1
"2802","01_5566_0080_01",1,5566,"ref_strain",80,1
"2803","01_5939_0080_01",1,5939,"ref_strain",80,1
"2804","01_5949_0080_01",1,5949,"ref_strain",80,1
"2805","01_6141_0080_01",1,6141,"ref_strain",80,1
"2806","01_6201_0080_01",1,6201,"ref_strain",80,1
"2807","01_6335_0080_01",1,6335,"ref_strain",80,1
"2808","01_6592_0080_01",1,6592,"ref_strain",80,1
"2809","01_6616_0080_01",1,6616,"ref_strain",80,1
"2810","01_6904_0080_01",1,6904,"ref_strain",80,1
"2811","01_6918_0080_01",1,6918,"ref_strain",80,1
"2812","01_7016_0080_01",1,7016,"ref_strain",80,1
"2813","01_7181_0080_01",1,7181,"ref_strain",80,1
"2814","01_7335_0080_01",1,7335,"ref_strain",80,1
"2815","01_7411_0080_01",1,7411,"ref_strain",80,1
"2816","01_7731_0080_01",1,7731,"ref_strain",80,1
"2817","01_7743_0080_01",1,7743,"ref_strain",80,1
"2818","01_7747_0080_01",1,7747,"ref_strain",80,1
"2819","01_8209_0080_01",1,8209,"ref_strain",80,1
"2820","01_8256_0080_01",1,8256,"ref_strain",80,1
"2821","01_8336_0080_01",1,8336,"ref_strain",80,1
"2822","01_8424_0080_01",1,8424,"ref_strain",80,1
"2823","01_8434_0080_01",1,8434,"ref_strain",80,1
"2824","01_8529_0080_01",1,8529,"ref_strain",80,1
"2825","01_8732_0080_01",1,8732,"ref_strain",80,1
"2826","01_8801_0080_01",1,8801,"ref_strain",80,1
"2827","01_9006_0080_01",1,9006,"ref_strain",80,1
"2828","01_9700_0080_01",1,9700,"ref_strain",80,1
"2829","01_9706_0080_01",1,9706,"ref_strain",80,1
"2830","01_9775_0080_01",1,9775,"ref_strain",80,1
"2831","01_9928_0080_01",1,9928,"ref_strain",80,1
"2832","01_10049_0080_01",1,10049,"ref_strain",80,1
"2833","01_10056_0080_01",1,10056,"ref_strain",80,1
"2834","01_10163_0080_01",1,10163,"ref_strain",80,1
"2835","01_10216_0080_01",1,10216,"ref_strain",80,1
"2836","01_10269_0080_01",1,10269,"ref_strain",80,1
"2837","01_10352_0080_01",1,10352,"ref_strain",80,1
"2838","01_10934_0080_01",1,10934,"ref_strain",80,1
"2839","01_11037_0080_01",1,11037,"ref_strain",80,1
"2840","01_11161_0080_01",1,11161,"ref_strain",80,1
"2841","01_11326_0080_01",1,11326,"ref_strain",80,1
"2842","01_11330_0080_01",1,11330,"ref_strain",80,1
"2843","01_11334_0080_01",1,11334,"ref_strain",80,1
"2844","01_11481_0080_01",1,11481,"ref_strain",80,1
"2845","01_12068_0080_01",1,12068,"ref_strain",80,1
"2846","01_12330_0080_01",1,12330,"ref_strain",80,1
"2847","01_12470_0080_01",1,12470,"ref_strain",80,1
"2848","01_12567_0080_01",1,12567,"ref_strain",80,1
"2849","01_12675_0080_01",1,12675,"ref_strain",80,1
"2850","01_12881_0080_01",1,12881,"ref_strain",80,1
"2851","01_13031_0080_01",1,13031,"ref_strain",80,1
"2852","01_13332_0080_01",1,13332,"ref_strain",80,1
"2853","01_13380_0080_01",1,13380,"ref_strain",80,1
"2854","01_13385_0080_01",1,13385,"ref_strain",80,1
"2855","01_13386_0080_01",1,13386,"ref_strain",80,1
"2856","01_13514_0080_01",1,13514,"ref_strain",80,1
"2857","01_13709_0080_01",1,13709,"ref_strain",80,1
"2858","01_13722_0080_01",1,13722,"ref_strain",80,1
"2859","01_14298_0080_01",1,14298,"ref_strain",80,1
"2860","01_14332_0080_01",1,14332,"ref_strain",80,1
"2861","01_14497_0080_01",1,14497,"ref_strain",80,1
"2862","01_0036_0081_01",1,36,"ref_strain",81,1
"2863","01_0411_0081_01",1,411,"ref_strain",81,1
"2864","01_0725_0081_01",1,725,"ref_strain",81,1
"2865","01_0760_0081_01",1,760,"ref_strain",81,1
"2866","01_1255_0081_01",1,1255,"ref_strain",81,1
"2867","01_1324_0081_01",1,1324,"ref_strain",81,1
"2868","01_1359_0081_01",1,1359,"ref_strain",81,1
"2869","01_1590_0081_01",1,1590,"ref_strain",81,1
"2870","01_1605_0081_01",1,1605,"ref_strain",81,1
"2871","01_1643_0081_01",1,1643,"ref_strain",81,1
"2872","01_1650_0081_01",1,1650,"ref_strain",81,1
"2873","01_1707_0081_01",1,1707,"ref_strain",81,1
"2874","01_1807_0081_01",1,1807,"ref_strain",81,1
"2875","01_1903_0081_01",1,1903,"ref_strain",81,1
"2876","01_1904_0081_01",1,1904,"ref_strain",81,1
"2877","01_2175_0081_01",1,2175,"ref_strain",81,1
"2878","01_2414_0081_01",1,2414,"ref_strain",81,1
"2879","01_2453_0081_01",1,2453,"ref_strain",81,1
"2880","01_2514_0081_01",1,2514,"ref_strain",81,1
"2881","01_2540_0081_01",1,2540,"ref_strain",81,1
"2882","01_3117_0081_01",1,3117,"ref_strain",81,1
"2883","01_3474_0081_01",1,3474,"ref_strain",81,1
"2884","01_3540_0081_01",1,3540,"ref_strain",81,1
"2885","01_3831_0081_01",1,3831,"ref_strain",81,1
"2886","01_3841_0081_01",1,3841,"ref_strain",81,1
"2887","01_3917_0081_01",1,3917,"ref_strain",81,1
"2888","01_4032_0081_01",1,4032,"ref_strain",81,1
"2889","01_4373_0081_01",1,4373,"ref_strain",81,1
"2890","01_4384_0081_01",1,4384,"ref_strain",81,1
"2891","01_4415_0081_01",1,4415,"ref_strain",81,1
"2892","01_4508_0081_01",1,4508,"ref_strain",81,1
"2893","01_4590_0081_01",1,4590,"ref_strain",81,1
"2894","01_4824_0081_01",1,4824,"ref_strain",81,1
"2895","01_4874_0081_01",1,4874,"ref_strain",81,1
"2896","01_4969_0081_01",1,4969,"ref_strain",81,1
"2897","01_5051_0081_01",1,5051,"ref_strain",81,1
"2898","01_5065_0081_01",1,5065,"ref_strain",81,1
"2899","01_5195_0081_01",1,5195,"ref_strain",81,1
"2900","01_5210_0081_01",1,5210,"ref_strain",81,1
"2901","01_5281_0081_01",1,5281,"ref_strain",81,1
"2902","01_5284_0081_01",1,5284,"ref_strain",81,1
"2903","01_5601_0081_01",1,5601,"ref_strain",81,1
"2904","01_5990_0081_01",1,5990,"ref_strain",81,1
"2905","01_6268_0081_01",1,6268,"ref_strain",81,1
"2906","01_6614_0081_01",1,6614,"ref_strain",81,1
"2907","01_6771_0081_01",1,6771,"ref_strain",81,1
"2908","01_7160_0081_01",1,7160,"ref_strain",81,1
"2909","01_7282_0081_01",1,7282,"ref_strain",81,1
"2910","01_7297_0081_01",1,7297,"ref_strain",81,1
"2911","01_7416_0081_01",1,7416,"ref_strain",81,1
"2912","01_7438_0081_01",1,7438,"ref_strain",81,1
"2913","01_7778_0081_01",1,7778,"ref_strain",81,1
"2914","01_7927_0081_01",1,7927,"ref_strain",81,1
"2915","01_8058_0081_01",1,8058,"ref_strain",81,1
"2916","01_8306_0081_01",1,8306,"ref_strain",81,1
"2917","01_8384_0081_01",1,8384,"ref_strain",81,1
"2918","01_8804_0081_01",1,8804,"ref_strain",81,1
"2919","01_8868_0081_01",1,8868,"ref_strain",81,1
"2920","01_8983_0081_01",1,8983,"ref_strain",81,1
"2921","01_8992_0081_01",1,8992,"ref_strain",81,1
"2922","01_9018_0081_01",1,9018,"ref_strain",81,1
"2923","01_9113_0081_01",1,9113,"ref_strain",81,1
"2924","01_9315_0081_01",1,9315,"ref_strain",81,1
"2925","01_9546_0081_01",1,9546,"ref_strain",81,1
"2926","01_9617_0081_01",1,9617,"ref_strain",81,1
"2927","01_9709_0081_01",1,9709,"ref_strain",81,1
"2928","01_9999_0081_01",1,9999,"ref_strain",81,1
"2929","01_10027_0081_01",1,10027,"ref_strain",81,1
"2930","01_10132_0081_01",1,10132,"ref_strain",81,1
"2931","01_10150_0081_01",1,10150,"ref_strain",81,1
"2932","01_10276_0081_01",1,10276,"ref_strain",81,1
"2933","01_10552_0081_01",1,10552,"ref_strain",81,1
"2934","01_10599_0081_01",1,10599,"ref_strain",81,1
"2935","01_10610_0081_01",1,10610,"ref_strain",81,1
"2936","01_10909_0081_01",1,10909,"ref_strain",81,1
"2937","01_10933_0081_01",1,10933,"ref_strain",81,1
"2938","01_11056_0081_01",1,11056,"ref_strain",81,1
"2939","01_11436_0081_01",1,11436,"ref_strain",81,1
"2940","01_11489_0081_01",1,11489,"ref_strain",81,1
"2941","01_11669_0081_01",1,11669,"ref_strain",81,1
"2942","01_11758_0081_01",1,11758,"ref_strain",81,1
"2943","01_11822_0081_01",1,11822,"ref_strain",81,1
"2944","01_11972_0081_01",1,11972,"ref_strain",81,1
"2945","01_12242_0081_01",1,12242,"ref_strain",81,1
"2946","01_12285_0081_01",1,12285,"ref_strain",81,1
"2947","01_12326_0081_01",1,12326,"ref_strain",81,1
"2948","01_12434_0081_01",1,12434,"ref_strain",81,1
"2949","01_12483_0081_01",1,12483,"ref_strain",81,1
"2950","01_12533_0081_01",1,12533,"ref_strain",81,1
"2951","01_12669_0081_01",1,12669,"ref_strain",81,1
"2952","01_12747_0081_01",1,12747,"ref_strain",81,1
"2953","01_12766_0081_01",1,12766,"ref_strain",81,1
"2954","01_12878_0081_01",1,12878,"ref_strain",81,1
"2955","01_12928_0081_01",1,12928,"ref_strain",81,1
"2956","01_13170_0081_01",1,13170,"ref_strain",81,1
"2957","01_13192_0081_01",1,13192,"ref_strain",81,1
"2958","01_13258_0081_01",1,13258,"ref_strain",81,1
"2959","01_13337_0081_01",1,13337,"ref_strain",81,1
"2960","01_13493_0081_01",1,13493,"ref_strain",81,1
"2961","01_13609_0081_01",1,13609,"ref_strain",81,1
"2962","01_13706_0081_01",1,13706,"ref_strain",81,1
"2963","01_13754_0081_01",1,13754,"ref_strain",81,1
"2964","01_13800_0081_01",1,13800,"ref_strain",81,1
"2965","01_14266_0081_01",1,14266,"ref_strain",81,1
"2966","01_14349_0081_01",1,14349,"ref_strain",81,1
"2967","01_0101_0082_01",1,101,"ref_strain",82,1
"2968","01_0235_0082_01",1,235,"ref_strain",82,1
"2969","01_0310_0082_01",1,310,"ref_strain",82,1
"2970","01_0332_0082_01",1,332,"ref_strain",82,1
"2971","01_0952_0082_01",1,952,"ref_strain",82,1
"2972","01_1071_0082_01",1,1071,"ref_strain",82,1
"2973","01_1584_0082_01",1,1584,"ref_strain",82,1
"2974","01_1716_0082_01",1,1716,"ref_strain",82,1
"2975","01_1730_0082_01",1,1730,"ref_strain",82,1
"2976","01_1912_0082_01",1,1912,"ref_strain",82,1
"2977","01_1918_0082_01",1,1918,"ref_strain",82,1
"2978","01_1974_0082_01",1,1974,"ref_strain",82,1
"2979","01_2047_0082_01",1,2047,"ref_strain",82,1
"2980","01_2326_0082_01",1,2326,"ref_strain",82,1
"2981","01_2631_0082_01",1,2631,"ref_strain",82,1
"2982","01_2652_0082_01",1,2652,"ref_strain",82,1
"2983","01_2733_0082_01",1,2733,"ref_strain",82,1
"2984","01_3066_0082_01",1,3066,"ref_strain",82,1
"2985","01_3328_0082_01",1,3328,"ref_strain",82,1
"2986","01_3449_0082_01",1,3449,"ref_strain",82,1
"2987","01_3521_0082_01",1,3521,"ref_strain",82,1
"2988","01_4256_0082_01",1,4256,"ref_strain",82,1
"2989","01_4270_0082_01",1,4270,"ref_strain",82,1
"2990","01_4582_0082_01",1,4582,"ref_strain",82,1
"2991","01_4924_0082_01",1,4924,"ref_strain",82,1
"2992","01_5430_0082_01",1,5430,"ref_strain",82,1
"2993","01_5528_0082_01",1,5528,"ref_strain",82,1
"2994","01_5545_0082_01",1,5545,"ref_strain",82,1
"2995","01_5653_0082_01",1,5653,"ref_strain",82,1
"2996","01_5776_0082_01",1,5776,"ref_strain",82,1
"2997","01_6158_0082_01",1,6158,"ref_strain",82,1
"2998","01_6263_0082_01",1,6263,"ref_strain",82,1
"2999","01_6357_0082_01",1,6357,"ref_strain",82,1
"3000","01_6430_0082_01",1,6430,"ref_strain",82,1
"3001","01_6444_0082_01",1,6444,"ref_strain",82,1
"3002","01_6450_0082_01",1,6450,"ref_strain",82,1
"3003","01_6503_0082_01",1,6503,"ref_strain",82,1
"3004","01_6610_0082_01",1,6610,"ref_strain",82,1
"3005","01_6724_0082_01",1,6724,"ref_strain",82,1
"3006","01_6844_0082_01",1,6844,"ref_strain",82,1
"3007","01_6933_0082_01",1,6933,"ref_strain",82,1
"3008","01_7095_0082_01",1,7095,"ref_strain",82,1
"3009","01_7327_0082_01",1,7327,"ref_strain",82,1
"3010","01_7372_0082_01",1,7372,"ref_strain",82,1
"3011","01_7476_0082_01",1,7476,"ref_strain",82,1
"3012","01_7789_0082_01",1,7789,"ref_strain",82,1
"3013","01_7815_0082_01",1,7815,"ref_strain",82,1
"3014","01_7901_0082_01",1,7901,"ref_strain",82,1
"3015","01_7912_0082_01",1,7912,"ref_strain",82,1
"3016","01_7999_0082_01",1,7999,"ref_strain",82,1
"3017","01_8045_0082_01",1,8045,"ref_strain",82,1
"3018","01_8466_0082_01",1,8466,"ref_strain",82,1
"3019","01_8667_0082_01",1,8667,"ref_strain",82,1
"3020","01_9026_0082_01",1,9026,"ref_strain",82,1
"3021","01_9173_0082_01",1,9173,"ref_strain",82,1
"3022","01_9851_0082_01",1,9851,"ref_strain",82,1
"3023","01_9916_0082_01",1,9916,"ref_strain",82,1
"3024","01_9992_0082_01",1,9992,"ref_strain",82,1
"3025","01_10008_0082_01",1,10008,"ref_strain",82,1
"3026","01_10035_0082_01",1,10035,"ref_strain",82,1
"3027","01_10251_0082_01",1,10251,"ref_strain",82,1
"3028","01_10261_0082_01",1,10261,"ref_strain",82,1
"3029","01_10586_0082_01",1,10586,"ref_strain",82,1
"3030","01_10731_0082_01",1,10731,"ref_strain",82,1
"3031","01_10777_0082_01",1,10777,"ref_strain",82,1
"3032","01_10978_0082_01",1,10978,"ref_strain",82,1
"3033","01_11414_0082_01",1,11414,"ref_strain",82,1
"3034","01_11568_0082_01",1,11568,"ref_strain",82,1
"3035","01_11667_0082_01",1,11667,"ref_strain",82,1
"3036","01_11949_0082_01",1,11949,"ref_strain",82,1
"3037","01_12005_0082_01",1,12005,"ref_strain",82,1
"3038","01_12104_0082_01",1,12104,"ref_strain",82,1
"3039","01_12113_0082_01",1,12113,"ref_strain",82,1
"3040","01_12173_0082_01",1,12173,"ref_strain",82,1
"3041","01_12210_0082_01",1,12210,"ref_strain",82,1
"3042","01_12368_0082_01",1,12368,"ref_strain",82,1
"3043","01_12651_0082_01",1,12651,"ref_strain",82,1
"3044","01_12780_0082_01",1,12780,"ref_strain",82,1
"3045","01_12955_0082_01",1,12955,"ref_strain",82,1
"3046","01_13084_0082_01",1,13084,"ref_strain",82,1
"3047","01_13153_0082_01",1,13153,"ref_strain",82,1
"3048","01_13290_0082_01",1,13290,"ref_strain",82,1
"3049","01_13547_0082_01",1,13547,"ref_strain",82,1
"3050","01_13572_0082_01",1,13572,"ref_strain",82,1
"3051","01_13646_0082_01",1,13646,"ref_strain",82,1
"3052","01_13692_0082_01",1,13692,"ref_strain",82,1
"3053","01_13749_0082_01",1,13749,"ref_strain",82,1
"3054","01_14098_0082_01",1,14098,"ref_strain",82,1
"3055","01_14170_0082_01",1,14170,"ref_strain",82,1
"3056","01_14193_0082_01",1,14193,"ref_strain",82,1
"3057","01_14406_0082_01",1,14406,"ref_strain",82,1
"3058","01_0033_0083_01",1,33,"ref_strain",83,1
"3059","01_0059_0083_01",1,59,"ref_strain",83,1
"3060","01_0109_0083_01",1,109,"ref_strain",83,1
"3061","01_0122_0083_01",1,122,"ref_strain",83,1
"3062","01_0262_0083_01",1,262,"ref_strain",83,1
"3063","01_0721_0083_01",1,721,"ref_strain",83,1
"3064","01_0946_0083_01",1,946,"ref_strain",83,1
"3065","01_0959_0083_01",1,959,"ref_strain",83,1
"3066","01_1146_0083_01",1,1146,"ref_strain",83,1
"3067","01_1415_0083_01",1,1415,"ref_strain",83,1
"3068","01_1728_0083_01",1,1728,"ref_strain",83,1
"3069","01_2012_0083_01",1,2012,"ref_strain",83,1
"3070","01_2115_0083_01",1,2115,"ref_strain",83,1
"3071","01_2234_0083_01",1,2234,"ref_strain",83,1
"3072","01_2257_0083_01",1,2257,"ref_strain",83,1
"3073","01_2469_0083_01",1,2469,"ref_strain",83,1
"3074","01_2564_0083_01",1,2564,"ref_strain",83,1
"3075","01_2624_0083_01",1,2624,"ref_strain",83,1
"3076","01_2716_0083_01",1,2716,"ref_strain",83,1
"3077","01_2782_0083_01",1,2782,"ref_strain",83,1
"3078","01_3053_0083_01",1,3053,"ref_strain",83,1
"3079","01_3065_0083_01",1,3065,"ref_strain",83,1
"3080","01_3068_0083_01",1,3068,"ref_strain",83,1
"3081","01_3230_0083_01",1,3230,"ref_strain",83,1
"3082","01_3999_0083_01",1,3999,"ref_strain",83,1
"3083","01_4076_0083_01",1,4076,"ref_strain",83,1
"3084","01_4172_0083_01",1,4172,"ref_strain",83,1
"3085","01_4838_0083_01",1,4838,"ref_strain",83,1
"3086","01_5119_0083_01",1,5119,"ref_strain",83,1
"3087","01_5140_0083_01",1,5140,"ref_strain",83,1
"3088","01_5209_0083_01",1,5209,"ref_strain",83,1
"3089","01_5278_0083_01",1,5278,"ref_strain",83,1
"3090","01_5325_0083_01",1,5325,"ref_strain",83,1
"3091","01_5371_0083_01",1,5371,"ref_strain",83,1
"3092","01_5801_0083_01",1,5801,"ref_strain",83,1
"3093","01_6418_0083_01",1,6418,"ref_strain",83,1
"3094","01_6623_0083_01",1,6623,"ref_strain",83,1
"3095","01_6735_0083_01",1,6735,"ref_strain",83,1
"3096","01_7298_0083_01",1,7298,"ref_strain",83,1
"3097","01_7359_0083_01",1,7359,"ref_strain",83,1
"3098","01_7565_0083_01",1,7565,"ref_strain",83,1
"3099","01_7597_0083_01",1,7597,"ref_strain",83,1
"3100","01_7811_0083_01",1,7811,"ref_strain",83,1
"3101","01_7940_0083_01",1,7940,"ref_strain",83,1
"3102","01_8337_0083_01",1,8337,"ref_strain",83,1
"3103","01_8545_0083_01",1,8545,"ref_strain",83,1
"3104","01_8565_0083_01",1,8565,"ref_strain",83,1
"3105","01_8810_0083_01",1,8810,"ref_strain",83,1
"3106","01_8945_0083_01",1,8945,"ref_strain",83,1
"3107","01_8976_0083_01",1,8976,"ref_strain",83,1
"3108","01_9079_0083_01",1,9079,"ref_strain",83,1
"3109","01_9133_0083_01",1,9133,"ref_strain",83,1
"3110","01_9296_0083_01",1,9296,"ref_strain",83,1
"3111","01_9343_0083_01",1,9343,"ref_strain",83,1
"3112","01_9542_0083_01",1,9542,"ref_strain",83,1
"3113","01_9854_0083_01",1,9854,"ref_strain",83,1
"3114","01_10143_0083_01",1,10143,"ref_strain",83,1
"3115","01_10230_0083_01",1,10230,"ref_strain",83,1
"3116","01_10475_0083_01",1,10475,"ref_strain",83,1
"3117","01_10701_0083_01",1,10701,"ref_strain",83,1
"3118","01_11100_0083_01",1,11100,"ref_strain",83,1
"3119","01_11114_0083_01",1,11114,"ref_strain",83,1
"3120","01_11519_0083_01",1,11519,"ref_strain",83,1
"3121","01_11675_0083_01",1,11675,"ref_strain",83,1
"3122","01_11867_0083_01",1,11867,"ref_strain",83,1
"3123","01_11870_0083_01",1,11870,"ref_strain",83,1
"3124","01_12022_0083_01",1,12022,"ref_strain",83,1
"3125","01_12186_0083_01",1,12186,"ref_strain",83,1
"3126","01_12266_0083_01",1,12266,"ref_strain",83,1
"3127","01_12813_0083_01",1,12813,"ref_strain",83,1
"3128","01_12834_0083_01",1,12834,"ref_strain",83,1
"3129","01_13124_0083_01",1,13124,"ref_strain",83,1
"3130","01_13131_0083_01",1,13131,"ref_strain",83,1
"3131","01_13133_0083_01",1,13133,"ref_strain",83,1
"3132","01_13251_0083_01",1,13251,"ref_strain",83,1
"3133","01_13440_0083_01",1,13440,"ref_strain",83,1
"3134","01_13555_0083_01",1,13555,"ref_strain",83,1
"3135","01_13557_0083_01",1,13557,"ref_strain",83,1
"3136","01_13633_0083_01",1,13633,"ref_strain",83,1
"3137","01_13781_0083_01",1,13781,"ref_strain",83,1
"3138","01_14344_0083_01",1,14344,"ref_strain",83,1
"3139","01_0297_0084_01",1,297,"ref_strain",84,1
"3140","01_0311_0084_01",1,311,"ref_strain",84,1
"3141","01_0761_0084_01",1,761,"ref_strain",84,1
"3142","01_0774_0084_01",1,774,"ref_strain",84,1
"3143","01_0832_0084_01",1,832,"ref_strain",84,1
"3144","01_0849_0084_01",1,849,"ref_strain",84,1
"3145","01_0940_0084_01",1,940,"ref_strain",84,1
"3146","01_0997_0084_01",1,997,"ref_strain",84,1
"3147","01_1112_0084_01",1,1112,"ref_strain",84,1
"3148","01_1117_0084_01",1,1117,"ref_strain",84,1
"3149","01_1284_0084_01",1,1284,"ref_strain",84,1
"3150","01_1410_0084_01",1,1410,"ref_strain",84,1
"3151","01_1460_0084_01",1,1460,"ref_strain",84,1
"3152","01_1608_0084_01",1,1608,"ref_strain",84,1
"3153","01_1609_0084_01",1,1609,"ref_strain",84,1
"3154","01_1693_0084_01",1,1693,"ref_strain",84,1
"3155","01_1905_0084_01",1,1905,"ref_strain",84,1
"3156","01_2074_0084_01",1,2074,"ref_strain",84,1
"3157","01_2087_0084_01",1,2087,"ref_strain",84,1
"3158","01_2282_0084_01",1,2282,"ref_strain",84,1
"3159","01_2401_0084_01",1,2401,"ref_strain",84,1
"3160","01_2745_0084_01",1,2745,"ref_strain",84,1
"3161","01_3138_0084_01",1,3138,"ref_strain",84,1
"3162","01_3169_0084_01",1,3169,"ref_strain",84,1
"3163","01_3258_0084_01",1,3258,"ref_strain",84,1
"3164","01_3341_0084_01",1,3341,"ref_strain",84,1
"3165","01_3400_0084_01",1,3400,"ref_strain",84,1
"3166","01_3549_0084_01",1,3549,"ref_strain",84,1
"3167","01_3710_0084_01",1,3710,"ref_strain",84,1
"3168","01_3722_0084_01",1,3722,"ref_strain",84,1
"3169","01_3807_0084_01",1,3807,"ref_strain",84,1
"3170","01_4090_0084_01",1,4090,"ref_strain",84,1
"3171","01_4106_0084_01",1,4106,"ref_strain",84,1
"3172","01_4664_0084_01",1,4664,"ref_strain",84,1
"3173","01_5032_0084_01",1,5032,"ref_strain",84,1
"3174","01_5055_0084_01",1,5055,"ref_strain",84,1
"3175","01_5083_0084_01",1,5083,"ref_strain",84,1
"3176","01_5134_0084_01",1,5134,"ref_strain",84,1
"3177","01_5463_0084_01",1,5463,"ref_strain",84,1
"3178","01_5527_0084_01",1,5527,"ref_strain",84,1
"3179","01_5928_0084_01",1,5928,"ref_strain",84,1
"3180","01_5940_0084_01",1,5940,"ref_strain",84,1
"3181","01_6016_0084_01",1,6016,"ref_strain",84,1
"3182","01_6034_0084_01",1,6034,"ref_strain",84,1
"3183","01_6337_0084_01",1,6337,"ref_strain",84,1
"3184","01_6369_0084_01",1,6369,"ref_strain",84,1
"3185","01_6383_0084_01",1,6383,"ref_strain",84,1
"3186","01_6605_0084_01",1,6605,"ref_strain",84,1
"3187","01_6634_0084_01",1,6634,"ref_strain",84,1
"3188","01_6644_0084_01",1,6644,"ref_strain",84,1
"3189","01_7051_0084_01",1,7051,"ref_strain",84,1
"3190","01_7183_0084_01",1,7183,"ref_strain",84,1
"3191","01_7621_0084_01",1,7621,"ref_strain",84,1
"3192","01_7840_0084_01",1,7840,"ref_strain",84,1
"3193","01_7881_0084_01",1,7881,"ref_strain",84,1
"3194","01_7936_0084_01",1,7936,"ref_strain",84,1
"3195","01_8082_0084_01",1,8082,"ref_strain",84,1
"3196","01_8164_0084_01",1,8164,"ref_strain",84,1
"3197","01_8179_0084_01",1,8179,"ref_strain",84,1
"3198","01_8513_0084_01",1,8513,"ref_strain",84,1
"3199","01_8902_0084_01",1,8902,"ref_strain",84,1
"3200","01_9347_0084_01",1,9347,"ref_strain",84,1
"3201","01_9481_0084_01",1,9481,"ref_strain",84,1
"3202","01_9492_0084_01",1,9492,"ref_strain",84,1
"3203","01_9573_0084_01",1,9573,"ref_strain",84,1
"3204","01_9919_0084_01",1,9919,"ref_strain",84,1
"3205","01_9947_0084_01",1,9947,"ref_strain",84,1
"3206","01_10531_0084_01",1,10531,"ref_strain",84,1
"3207","01_10563_0084_01",1,10563,"ref_strain",84,1
"3208","01_10684_0084_01",1,10684,"ref_strain",84,1
"3209","01_10820_0084_01",1,10820,"ref_strain",84,1
"3210","01_10857_0084_01",1,10857,"ref_strain",84,1
"3211","01_11064_0084_01",1,11064,"ref_strain",84,1
"3212","01_11170_0084_01",1,11170,"ref_strain",84,1
"3213","01_11181_0084_01",1,11181,"ref_strain",84,1
"3214","01_11396_0084_01",1,11396,"ref_strain",84,1
"3215","01_11444_0084_01",1,11444,"ref_strain",84,1
"3216","01_11564_0084_01",1,11564,"ref_strain",84,1
"3217","01_11634_0084_01",1,11634,"ref_strain",84,1
"3218","01_11665_0084_01",1,11665,"ref_strain",84,1
"3219","01_11751_0084_01",1,11751,"ref_strain",84,1
"3220","01_11869_0084_01",1,11869,"ref_strain",84,1
"3221","01_12059_0084_01",1,12059,"ref_strain",84,1
"3222","01_12625_0084_01",1,12625,"ref_strain",84,1
"3223","01_12683_0084_01",1,12683,"ref_strain",84,1
"3224","01_12699_0084_01",1,12699,"ref_strain",84,1
"3225","01_12895_0084_01",1,12895,"ref_strain",84,1
"3226","01_12972_0084_01",1,12972,"ref_strain",84,1
"3227","01_13060_0084_01",1,13060,"ref_strain",84,1
"3228","01_13239_0084_01",1,13239,"ref_strain",84,1
"3229","01_13429_0084_01",1,13429,"ref_strain",84,1
"3230","01_13480_0084_01",1,13480,"ref_strain",84,1
"3231","01_13715_0084_01",1,13715,"ref_strain",84,1
"3232","01_13805_0084_01",1,13805,"ref_strain",84,1
"3233","01_14268_0084_01",1,14268,"ref_strain",84,1
"3234","01_14311_0084_01",1,14311,"ref_strain",84,1
"3235","01_14459_0084_01",1,14459,"ref_strain",84,1
"3236","01_0103_0085_01",1,103,"ref_strain",85,1
"3237","01_0176_0085_01",1,176,"ref_strain",85,1
"3238","01_0638_0085_01",1,638,"ref_strain",85,1
"3239","01_0687_0085_01",1,687,"ref_strain",85,1
"3240","01_0789_0085_01",1,789,"ref_strain",85,1
"3241","01_0838_0085_01",1,838,"ref_strain",85,1
"3242","01_0842_0085_01",1,842,"ref_strain",85,1
"3243","01_0931_0085_01",1,931,"ref_strain",85,1
"3244","01_1068_0085_01",1,1068,"ref_strain",85,1
"3245","01_1253_0085_01",1,1253,"ref_strain",85,1
"3246","01_1298_0085_01",1,1298,"ref_strain",85,1
"3247","01_1337_0085_01",1,1337,"ref_strain",85,1
"3248","01_1348_0085_01",1,1348,"ref_strain",85,1
"3249","01_1471_0085_01",1,1471,"ref_strain",85,1
"3250","01_1597_0085_01",1,1597,"ref_strain",85,1
"3251","01_1691_0085_01",1,1691,"ref_strain",85,1
"3252","01_1868_0085_01",1,1868,"ref_strain",85,1
"3253","01_2053_0085_01",1,2053,"ref_strain",85,1
"3254","01_2095_0085_01",1,2095,"ref_strain",85,1
"3255","01_2398_0085_01",1,2398,"ref_strain",85,1
"3256","01_2837_0085_01",1,2837,"ref_strain",85,1
"3257","01_3132_0085_01",1,3132,"ref_strain",85,1
"3258","01_3264_0085_01",1,3264,"ref_strain",85,1
"3259","01_3575_0085_01",1,3575,"ref_strain",85,1
"3260","01_3693_0085_01",1,3693,"ref_strain",85,1
"3261","01_3756_0085_01",1,3756,"ref_strain",85,1
"3262","01_3868_0085_01",1,3868,"ref_strain",85,1
"3263","01_4087_0085_01",1,4087,"ref_strain",85,1
"3264","01_4422_0085_01",1,4422,"ref_strain",85,1
"3265","01_4567_0085_01",1,4567,"ref_strain",85,1
"3266","01_4591_0085_01",1,4591,"ref_strain",85,1
"3267","01_4644_0085_01",1,4644,"ref_strain",85,1
"3268","01_4917_0085_01",1,4917,"ref_strain",85,1
"3269","01_5109_0085_01",1,5109,"ref_strain",85,1
"3270","01_6202_0085_01",1,6202,"ref_strain",85,1
"3271","01_6259_0085_01",1,6259,"ref_strain",85,1
"3272","01_6522_0085_01",1,6522,"ref_strain",85,1
"3273","01_6686_0085_01",1,6686,"ref_strain",85,1
"3274","01_6923_0085_01",1,6923,"ref_strain",85,1
"3275","01_7063_0085_01",1,7063,"ref_strain",85,1
"3276","01_7307_0085_01",1,7307,"ref_strain",85,1
"3277","01_7604_0085_01",1,7604,"ref_strain",85,1
"3278","01_7634_0085_01",1,7634,"ref_strain",85,1
"3279","01_7748_0085_01",1,7748,"ref_strain",85,1
"3280","01_8199_0085_01",1,8199,"ref_strain",85,1
"3281","01_8246_0085_01",1,8246,"ref_strain",85,1
"3282","01_8281_0085_01",1,8281,"ref_strain",85,1
"3283","01_8514_0085_01",1,8514,"ref_strain",85,1
"3284","01_8561_0085_01",1,8561,"ref_strain",85,1
"3285","01_8802_0085_01",1,8802,"ref_strain",85,1
"3286","01_8899_0085_01",1,8899,"ref_strain",85,1
"3287","01_9067_0085_01",1,9067,"ref_strain",85,1
"3288","01_9630_0085_01",1,9630,"ref_strain",85,1
"3289","01_9698_0085_01",1,9698,"ref_strain",85,1
"3290","01_9878_0085_01",1,9878,"ref_strain",85,1
"3291","01_10119_0085_01",1,10119,"ref_strain",85,1
"3292","01_10368_0085_01",1,10368,"ref_strain",85,1
"3293","01_10412_0085_01",1,10412,"ref_strain",85,1
"3294","01_10649_0085_01",1,10649,"ref_strain",85,1
"3295","01_10932_0085_01",1,10932,"ref_strain",85,1
"3296","01_10967_0085_01",1,10967,"ref_strain",85,1
"3297","01_11102_0085_01",1,11102,"ref_strain",85,1
"3298","01_11596_0085_01",1,11596,"ref_strain",85,1
"3299","01_11616_0085_01",1,11616,"ref_strain",85,1
"3300","01_11649_0085_01",1,11649,"ref_strain",85,1
"3301","01_11833_0085_01",1,11833,"ref_strain",85,1
"3302","01_12145_0085_01",1,12145,"ref_strain",85,1
"3303","01_12262_0085_01",1,12262,"ref_strain",85,1
"3304","01_12306_0085_01",1,12306,"ref_strain",85,1
"3305","01_12408_0085_01",1,12408,"ref_strain",85,1
"3306","01_12588_0085_01",1,12588,"ref_strain",85,1
"3307","01_12752_0085_01",1,12752,"ref_strain",85,1
"3308","01_12836_0085_01",1,12836,"ref_strain",85,1
"3309","01_12950_0085_01",1,12950,"ref_strain",85,1
"3310","01_13014_0085_01",1,13014,"ref_strain",85,1
"3311","01_13021_0085_01",1,13021,"ref_strain",85,1
"3312","01_13038_0085_01",1,13038,"ref_strain",85,1
"3313","01_13216_0085_01",1,13216,"ref_strain",85,1
"3314","01_13696_0085_01",1,13696,"ref_strain",85,1
"3315","01_13753_0085_01",1,13753,"ref_strain",85,1
"3316","01_13774_0085_01",1,13774,"ref_strain",85,1
"3317","01_14092_0085_01",1,14092,"ref_strain",85,1
"3318","01_14134_0085_01",1,14134,"ref_strain",85,1
"3319","01_14149_0085_01",1,14149,"ref_strain",85,1
"3320","01_14197_0085_01",1,14197,"ref_strain",85,1
"3321","01_14363_0085_01",1,14363,"ref_strain",85,1
"3322","01_0012_0086_01",1,12,"ref_strain",86,1
"3323","01_0040_0086_01",1,40,"ref_strain",86,1
"3324","01_0136_0086_01",1,136,"ref_strain",86,1
"3325","01_0166_0086_01",1,166,"ref_strain",86,1
"3326","01_0324_0086_01",1,324,"ref_strain",86,1
"3327","01_0424_0086_01",1,424,"ref_strain",86,1
"3328","01_0434_0086_01",1,434,"ref_strain",86,1
"3329","01_0472_0086_01",1,472,"ref_strain",86,1
"3330","01_0544_0086_01",1,544,"ref_strain",86,1
"3331","01_1025_0086_01",1,1025,"ref_strain",86,1
"3332","01_1100_0086_01",1,1100,"ref_strain",86,1
"3333","01_1228_0086_01",1,1228,"ref_strain",86,1
"3334","01_1273_0086_01",1,1273,"ref_strain",86,1
"3335","01_1349_0086_01",1,1349,"ref_strain",86,1
"3336","01_1514_0086_01",1,1514,"ref_strain",86,1
"3337","01_1723_0086_01",1,1723,"ref_strain",86,1
"3338","01_1781_0086_01",1,1781,"ref_strain",86,1
"3339","01_1953_0086_01",1,1953,"ref_strain",86,1
"3340","01_2526_0086_01",1,2526,"ref_strain",86,1
"3341","01_2835_0086_01",1,2835,"ref_strain",86,1
"3342","01_2893_0086_01",1,2893,"ref_strain",86,1
"3343","01_2965_0086_01",1,2965,"ref_strain",86,1
"3344","01_3035_0086_01",1,3035,"ref_strain",86,1
"3345","01_3409_0086_01",1,3409,"ref_strain",86,1
"3346","01_3461_0086_01",1,3461,"ref_strain",86,1
"3347","01_3558_0086_01",1,3558,"ref_strain",86,1
"3348","01_4344_0086_01",1,4344,"ref_strain",86,1
"3349","01_4439_0086_01",1,4439,"ref_strain",86,1
"3350","01_4715_0086_01",1,4715,"ref_strain",86,1
"3351","01_4731_0086_01",1,4731,"ref_strain",86,1
"3352","01_4748_0086_01",1,4748,"ref_strain",86,1
"3353","01_5300_0086_01",1,5300,"ref_strain",86,1
"3354","01_5311_0086_01",1,5311,"ref_strain",86,1
"3355","01_5469_0086_01",1,5469,"ref_strain",86,1
"3356","01_5771_0086_01",1,5771,"ref_strain",86,1
"3357","01_5779_0086_01",1,5779,"ref_strain",86,1
"3358","01_5896_0086_01",1,5896,"ref_strain",86,1
"3359","01_6087_0086_01",1,6087,"ref_strain",86,1
"3360","01_6190_0086_01",1,6190,"ref_strain",86,1
"3361","01_6237_0086_01",1,6237,"ref_strain",86,1
"3362","01_6298_0086_01",1,6298,"ref_strain",86,1
"3363","01_6454_0086_01",1,6454,"ref_strain",86,1
"3364","01_6830_0086_01",1,6830,"ref_strain",86,1
"3365","01_7010_0086_01",1,7010,"ref_strain",86,1
"3366","01_7111_0086_01",1,7111,"ref_strain",86,1
"3367","01_7117_0086_01",1,7117,"ref_strain",86,1
"3368","01_7180_0086_01",1,7180,"ref_strain",86,1
"3369","01_7208_0086_01",1,7208,"ref_strain",86,1
"3370","01_7250_0086_01",1,7250,"ref_strain",86,1
"3371","01_7365_0086_01",1,7365,"ref_strain",86,1
"3372","01_7405_0086_01",1,7405,"ref_strain",86,1
"3373","01_7450_0086_01",1,7450,"ref_strain",86,1
"3374","01_7704_0086_01",1,7704,"ref_strain",86,1
"3375","01_7762_0086_01",1,7762,"ref_strain",86,1
"3376","01_7806_0086_01",1,7806,"ref_strain",86,1
"3377","01_8073_0086_01",1,8073,"ref_strain",86,1
"3378","01_8100_0086_01",1,8100,"ref_strain",86,1
"3379","01_8168_0086_01",1,8168,"ref_strain",86,1
"3380","01_8422_0086_01",1,8422,"ref_strain",86,1
"3381","01_8771_0086_01",1,8771,"ref_strain",86,1
"3382","01_8823_0086_01",1,8823,"ref_strain",86,1
"3383","01_8841_0086_01",1,8841,"ref_strain",86,1
"3384","01_9172_0086_01",1,9172,"ref_strain",86,1
"3385","01_9267_0086_01",1,9267,"ref_strain",86,1
"3386","01_9338_0086_01",1,9338,"ref_strain",86,1
"3387","01_10060_0086_01",1,10060,"ref_strain",86,1
"3388","01_10197_0086_01",1,10197,"ref_strain",86,1
"3389","01_10332_0086_01",1,10332,"ref_strain",86,1
"3390","01_10519_0086_01",1,10519,"ref_strain",86,1
"3391","01_10679_0086_01",1,10679,"ref_strain",86,1
"3392","01_10798_0086_01",1,10798,"ref_strain",86,1
"3393","01_10906_0086_01",1,10906,"ref_strain",86,1
"3394","01_11067_0086_01",1,11067,"ref_strain",86,1
"3395","01_11168_0086_01",1,11168,"ref_strain",86,1
"3396","01_11711_0086_01",1,11711,"ref_strain",86,1
"3397","01_11794_0086_01",1,11794,"ref_strain",86,1
"3398","01_12277_0086_01",1,12277,"ref_strain",86,1
"3399","01_12406_0086_01",1,12406,"ref_strain",86,1
"3400","01_12856_0086_01",1,12856,"ref_strain",86,1
"3401","01_13718_0086_01",1,13718,"ref_strain",86,1
"3402","01_13869_0086_01",1,13869,"ref_strain",86,1
"3403","01_13881_0086_01",1,13881,"ref_strain",86,1
"3404","01_13982_0086_01",1,13982,"ref_strain",86,1
"3405","01_14067_0086_01",1,14067,"ref_strain",86,1
"3406","01_14179_0086_01",1,14179,"ref_strain",86,1
"3407","01_14516_0086_01",1,14516,"ref_strain",86,1
"3408","01_14517_0086_01",1,14517,"ref_strain",86,1
"3409","01_0010_0087_01",1,10,"ref_strain",87,1
"3410","01_0372_0087_01",1,372,"ref_strain",87,1
"3411","01_0733_0087_01",1,733,"ref_strain",87,1
"3412","01_1151_0087_01",1,1151,"ref_strain",87,1
"3413","01_1436_0087_01",1,1436,"ref_strain",87,1
"3414","01_1496_0087_01",1,1496,"ref_strain",87,1
"3415","01_1805_0087_01",1,1805,"ref_strain",87,1
"3416","01_1886_0087_01",1,1886,"ref_strain",87,1
"3417","01_2329_0087_01",1,2329,"ref_strain",87,1
"3418","01_2904_0087_01",1,2904,"ref_strain",87,1
"3419","01_3027_0087_01",1,3027,"ref_strain",87,1
"3420","01_3184_0087_01",1,3184,"ref_strain",87,1
"3421","01_3282_0087_01",1,3282,"ref_strain",87,1
"3422","01_3303_0087_01",1,3303,"ref_strain",87,1
"3423","01_4057_0087_01",1,4057,"ref_strain",87,1
"3424","01_4209_0087_01",1,4209,"ref_strain",87,1
"3425","01_4427_0087_01",1,4427,"ref_strain",87,1
"3426","01_4515_0087_01",1,4515,"ref_strain",87,1
"3427","01_4519_0087_01",1,4519,"ref_strain",87,1
"3428","01_4601_0087_01",1,4601,"ref_strain",87,1
"3429","01_4656_0087_01",1,4656,"ref_strain",87,1
"3430","01_4719_0087_01",1,4719,"ref_strain",87,1
"3431","01_4822_0087_01",1,4822,"ref_strain",87,1
"3432","01_5198_0087_01",1,5198,"ref_strain",87,1
"3433","01_5230_0087_01",1,5230,"ref_strain",87,1
"3434","01_5315_0087_01",1,5315,"ref_strain",87,1
"3435","01_5458_0087_01",1,5458,"ref_strain",87,1
"3436","01_5720_0087_01",1,5720,"ref_strain",87,1
"3437","01_5907_0087_01",1,5907,"ref_strain",87,1
"3438","01_5911_0087_01",1,5911,"ref_strain",87,1
"3439","01_5960_0087_01",1,5960,"ref_strain",87,1
"3440","01_5973_0087_01",1,5973,"ref_strain",87,1
"3441","01_5997_0087_01",1,5997,"ref_strain",87,1
"3442","01_6229_0087_01",1,6229,"ref_strain",87,1
"3443","01_6231_0087_01",1,6231,"ref_strain",87,1
"3444","01_6474_0087_01",1,6474,"ref_strain",87,1
"3445","01_7045_0087_01",1,7045,"ref_strain",87,1
"3446","01_7543_0087_01",1,7543,"ref_strain",87,1
"3447","01_7545_0087_01",1,7545,"ref_strain",87,1
"3448","01_7613_0087_01",1,7613,"ref_strain",87,1
"3449","01_7681_0087_01",1,7681,"ref_strain",87,1
"3450","01_7705_0087_01",1,7705,"ref_strain",87,1
"3451","01_7777_0087_01",1,7777,"ref_strain",87,1
"3452","01_7822_0087_01",1,7822,"ref_strain",87,1
"3453","01_9054_0087_01",1,9054,"ref_strain",87,1
"3454","01_9435_0087_01",1,9435,"ref_strain",87,1
"3455","01_9439_0087_01",1,9439,"ref_strain",87,1
"3456","01_9632_0087_01",1,9632,"ref_strain",87,1
"3457","01_9939_0087_01",1,9939,"ref_strain",87,1
"3458","01_10595_0087_01",1,10595,"ref_strain",87,1
"3459","01_10722_0087_01",1,10722,"ref_strain",87,1
"3460","01_11663_0087_01",1,11663,"ref_strain",87,1
"3461","01_11720_0087_01",1,11720,"ref_strain",87,1
"3462","01_11743_0087_01",1,11743,"ref_strain",87,1
"3463","01_11882_0087_01",1,11882,"ref_strain",87,1
"3464","01_12007_0087_01",1,12007,"ref_strain",87,1
"3465","01_12016_0087_01",1,12016,"ref_strain",87,1
"3466","01_12212_0087_01",1,12212,"ref_strain",87,1
"3467","01_12358_0087_01",1,12358,"ref_strain",87,1
"3468","01_12623_0087_01",1,12623,"ref_strain",87,1
"3469","01_12728_0087_01",1,12728,"ref_strain",87,1
"3470","01_13032_0087_01",1,13032,"ref_strain",87,1
"3471","01_13128_0087_01",1,13128,"ref_strain",87,1
"3472","01_13234_0087_01",1,13234,"ref_strain",87,1
"3473","01_13260_0087_01",1,13260,"ref_strain",87,1
"3474","01_13477_0087_01",1,13477,"ref_strain",87,1
"3475","01_13986_0087_01",1,13986,"ref_strain",87,1
"3476","01_14060_0087_01",1,14060,"ref_strain",87,1
"3477","01_14065_0087_01",1,14065,"ref_strain",87,1
"3478","01_14160_0087_01",1,14160,"ref_strain",87,1
"3479","01_14234_0087_01",1,14234,"ref_strain",87,1
"3480","01_14402_0087_01",1,14402,"ref_strain",87,1
"3481","01_0266_0088_01",1,266,"ref_strain",88,1
"3482","01_0597_0088_01",1,597,"ref_strain",88,1
"3483","01_0602_0088_01",1,602,"ref_strain",88,1
"3484","01_0647_0088_01",1,647,"ref_strain",88,1
"3485","01_0668_0088_01",1,668,"ref_strain",88,1
"3486","01_0936_0088_01",1,936,"ref_strain",88,1
"3487","01_1153_0088_01",1,1153,"ref_strain",88,1
"3488","01_1212_0088_01",1,1212,"ref_strain",88,1
"3489","01_1330_0088_01",1,1330,"ref_strain",88,1
"3490","01_1478_0088_01",1,1478,"ref_strain",88,1
"3491","01_1495_0088_01",1,1495,"ref_strain",88,1
"3492","01_1538_0088_01",1,1538,"ref_strain",88,1
"3493","01_1579_0088_01",1,1579,"ref_strain",88,1
"3494","01_1812_0088_01",1,1812,"ref_strain",88,1
"3495","01_1955_0088_01",1,1955,"ref_strain",88,1
"3496","01_2058_0088_01",1,2058,"ref_strain",88,1
"3497","01_2450_0088_01",1,2450,"ref_strain",88,1
"3498","01_2715_0088_01",1,2715,"ref_strain",88,1
"3499","01_2768_0088_01",1,2768,"ref_strain",88,1
"3500","01_2771_0088_01",1,2771,"ref_strain",88,1
"3501","01_2997_0088_01",1,2997,"ref_strain",88,1
"3502","01_3154_0088_01",1,3154,"ref_strain",88,1
"3503","01_3250_0088_01",1,3250,"ref_strain",88,1
"3504","01_3617_0088_01",1,3617,"ref_strain",88,1
"3505","01_3786_0088_01",1,3786,"ref_strain",88,1
"3506","01_4187_0088_01",1,4187,"ref_strain",88,1
"3507","01_4341_0088_01",1,4341,"ref_strain",88,1
"3508","01_4435_0088_01",1,4435,"ref_strain",88,1
"3509","01_4436_0088_01",1,4436,"ref_strain",88,1
"3510","01_4608_0088_01",1,4608,"ref_strain",88,1
"3511","01_4809_0088_01",1,4809,"ref_strain",88,1
"3512","01_4853_0088_01",1,4853,"ref_strain",88,1
"3513","01_4889_0088_01",1,4889,"ref_strain",88,1
"3514","01_5003_0088_01",1,5003,"ref_strain",88,1
"3515","01_5137_0088_01",1,5137,"ref_strain",88,1
"3516","01_5451_0088_01",1,5451,"ref_strain",88,1
"3517","01_5730_0088_01",1,5730,"ref_strain",88,1
"3518","01_5770_0088_01",1,5770,"ref_strain",88,1
"3519","01_6166_0088_01",1,6166,"ref_strain",88,1
"3520","01_6187_0088_01",1,6187,"ref_strain",88,1
"3521","01_6266_0088_01",1,6266,"ref_strain",88,1
"3522","01_6704_0088_01",1,6704,"ref_strain",88,1
"3523","01_6748_0088_01",1,6748,"ref_strain",88,1
"3524","01_6898_0088_01",1,6898,"ref_strain",88,1
"3525","01_7255_0088_01",1,7255,"ref_strain",88,1
"3526","01_7519_0088_01",1,7519,"ref_strain",88,1
"3527","01_7622_0088_01",1,7622,"ref_strain",88,1
"3528","01_7683_0088_01",1,7683,"ref_strain",88,1
"3529","01_7753_0088_01",1,7753,"ref_strain",88,1
"3530","01_8108_0088_01",1,8108,"ref_strain",88,1
"3531","01_8192_0088_01",1,8192,"ref_strain",88,1
"3532","01_8402_0088_01",1,8402,"ref_strain",88,1
"3533","01_8548_0088_01",1,8548,"ref_strain",88,1
"3534","01_8589_0088_01",1,8589,"ref_strain",88,1
"3535","01_8662_0088_01",1,8662,"ref_strain",88,1
"3536","01_8710_0088_01",1,8710,"ref_strain",88,1
"3537","01_9051_0088_01",1,9051,"ref_strain",88,1
"3538","01_9490_0088_01",1,9490,"ref_strain",88,1
"3539","01_9754_0088_01",1,9754,"ref_strain",88,1
"3540","01_9891_0088_01",1,9891,"ref_strain",88,1
"3541","01_9920_0088_01",1,9920,"ref_strain",88,1
"3542","01_10010_0088_01",1,10010,"ref_strain",88,1
"3543","01_10439_0088_01",1,10439,"ref_strain",88,1
"3544","01_10584_0088_01",1,10584,"ref_strain",88,1
"3545","01_10616_0088_01",1,10616,"ref_strain",88,1
"3546","01_10666_0088_01",1,10666,"ref_strain",88,1
"3547","01_11124_0088_01",1,11124,"ref_strain",88,1
"3548","01_11193_0088_01",1,11193,"ref_strain",88,1
"3549","01_11206_0088_01",1,11206,"ref_strain",88,1
"3550","01_11231_0088_01",1,11231,"ref_strain",88,1
"3551","01_11277_0088_01",1,11277,"ref_strain",88,1
"3552","01_11417_0088_01",1,11417,"ref_strain",88,1
"3553","01_11524_0088_01",1,11524,"ref_strain",88,1
"3554","01_11554_0088_01",1,11554,"ref_strain",88,1
"3555","01_11788_0088_01",1,11788,"ref_strain",88,1
"3556","01_11924_0088_01",1,11924,"ref_strain",88,1
"3557","01_11935_0088_01",1,11935,"ref_strain",88,1
"3558","01_12188_0088_01",1,12188,"ref_strain",88,1
"3559","01_12219_0088_01",1,12219,"ref_strain",88,1
"3560","01_12230_0088_01",1,12230,"ref_strain",88,1
"3561","01_12444_0088_01",1,12444,"ref_strain",88,1
"3562","01_12486_0088_01",1,12486,"ref_strain",88,1
"3563","01_12514_0088_01",1,12514,"ref_strain",88,1
"3564","01_12563_0088_01",1,12563,"ref_strain",88,1
"3565","01_12820_0088_01",1,12820,"ref_strain",88,1
"3566","01_12929_0088_01",1,12929,"ref_strain",88,1
"3567","01_13076_0088_01",1,13076,"ref_strain",88,1
"3568","01_13208_0088_01",1,13208,"ref_strain",88,1
"3569","01_13400_0088_01",1,13400,"ref_strain",88,1
"3570","01_13453_0088_01",1,13453,"ref_strain",88,1
"3571","01_13539_0088_01",1,13539,"ref_strain",88,1
"3572","01_13564_0088_01",1,13564,"ref_strain",88,1
"3573","01_13658_0088_01",1,13658,"ref_strain",88,1
"3574","01_13835_0088_01",1,13835,"ref_strain",88,1
"3575","01_14230_0088_01",1,14230,"ref_strain",88,1
"3576","01_14275_0088_01",1,14275,"ref_strain",88,1
"3577","01_14428_0088_01",1,14428,"ref_strain",88,1
"3578","01_14443_0088_01",1,14443,"ref_strain",88,1
"3579","01_0182_0089_01",1,182,"ref_strain",89,1
"3580","01_0221_0089_01",1,221,"ref_strain",89,1
"3581","01_0577_0089_01",1,577,"ref_strain",89,1
"3582","01_0583_0089_01",1,583,"ref_strain",89,1
"3583","01_0651_0089_01",1,651,"ref_strain",89,1
"3584","01_1461_0089_01",1,1461,"ref_strain",89,1
"3585","01_1580_0089_01",1,1580,"ref_strain",89,1
"3586","01_1618_0089_01",1,1618,"ref_strain",89,1
"3587","01_1627_0089_01",1,1627,"ref_strain",89,1
"3588","01_1672_0089_01",1,1672,"ref_strain",89,1
"3589","01_2130_0089_01",1,2130,"ref_strain",89,1
"3590","01_2302_0089_01",1,2302,"ref_strain",89,1
"3591","01_2310_0089_01",1,2310,"ref_strain",89,1
"3592","01_2373_0089_01",1,2373,"ref_strain",89,1
"3593","01_2492_0089_01",1,2492,"ref_strain",89,1
"3594","01_2686_0089_01",1,2686,"ref_strain",89,1
"3595","01_2786_0089_01",1,2786,"ref_strain",89,1
"3596","01_2861_0089_01",1,2861,"ref_strain",89,1
"3597","01_2942_0089_01",1,2942,"ref_strain",89,1
"3598","01_3106_0089_01",1,3106,"ref_strain",89,1
"3599","01_3131_0089_01",1,3131,"ref_strain",89,1
"3600","01_3271_0089_01",1,3271,"ref_strain",89,1
"3601","01_3315_0089_01",1,3315,"ref_strain",89,1
"3602","01_3590_0089_01",1,3590,"ref_strain",89,1
"3603","01_3764_0089_01",1,3764,"ref_strain",89,1
"3604","01_3785_0089_01",1,3785,"ref_strain",89,1
"3605","01_3879_0089_01",1,3879,"ref_strain",89,1
"3606","01_3984_0089_01",1,3984,"ref_strain",89,1
"3607","01_3989_0089_01",1,3989,"ref_strain",89,1
"3608","01_4011_0089_01",1,4011,"ref_strain",89,1
"3609","01_4035_0089_01",1,4035,"ref_strain",89,1
"3610","01_4120_0089_01",1,4120,"ref_strain",89,1
"3611","01_4409_0089_01",1,4409,"ref_strain",89,1
"3612","01_4434_0089_01",1,4434,"ref_strain",89,1
"3613","01_4558_0089_01",1,4558,"ref_strain",89,1
"3614","01_5142_0089_01",1,5142,"ref_strain",89,1
"3615","01_5151_0089_01",1,5151,"ref_strain",89,1
"3616","01_5287_0089_01",1,5287,"ref_strain",89,1
"3617","01_5429_0089_01",1,5429,"ref_strain",89,1
"3618","01_5804_0089_01",1,5804,"ref_strain",89,1
"3619","01_6051_0089_01",1,6051,"ref_strain",89,1
"3620","01_6076_0089_01",1,6076,"ref_strain",89,1
"3621","01_6117_0089_01",1,6117,"ref_strain",89,1
"3622","01_6521_0089_01",1,6521,"ref_strain",89,1
"3623","01_6560_0089_01",1,6560,"ref_strain",89,1
"3624","01_6739_0089_01",1,6739,"ref_strain",89,1
"3625","01_7044_0089_01",1,7044,"ref_strain",89,1
"3626","01_7296_0089_01",1,7296,"ref_strain",89,1
"3627","01_7329_0089_01",1,7329,"ref_strain",89,1
"3628","01_7360_0089_01",1,7360,"ref_strain",89,1
"3629","01_7682_0089_01",1,7682,"ref_strain",89,1
"3630","01_7965_0089_01",1,7965,"ref_strain",89,1
"3631","01_8028_0089_01",1,8028,"ref_strain",89,1
"3632","01_8029_0089_01",1,8029,"ref_strain",89,1
"3633","01_8092_0089_01",1,8092,"ref_strain",89,1
"3634","01_8223_0089_01",1,8223,"ref_strain",89,1
"3635","01_8329_0089_01",1,8329,"ref_strain",89,1
"3636","01_8439_0089_01",1,8439,"ref_strain",89,1
"3637","01_8760_0089_01",1,8760,"ref_strain",89,1
"3638","01_8808_0089_01",1,8808,"ref_strain",89,1
"3639","01_8827_0089_01",1,8827,"ref_strain",89,1
"3640","01_8860_0089_01",1,8860,"ref_strain",89,1
"3641","01_9040_0089_01",1,9040,"ref_strain",89,1
"3642","01_9055_0089_01",1,9055,"ref_strain",89,1
"3643","01_9661_0089_01",1,9661,"ref_strain",89,1
"3644","01_9687_0089_01",1,9687,"ref_strain",89,1
"3645","01_9690_0089_01",1,9690,"ref_strain",89,1
"3646","01_10151_0089_01",1,10151,"ref_strain",89,1
"3647","01_10339_0089_01",1,10339,"ref_strain",89,1
"3648","01_10514_0089_01",1,10514,"ref_strain",89,1
"3649","01_10763_0089_01",1,10763,"ref_strain",89,1
"3650","01_10768_0089_01",1,10768,"ref_strain",89,1
"3651","01_10788_0089_01",1,10788,"ref_strain",89,1
"3652","01_11030_0089_01",1,11030,"ref_strain",89,1
"3653","01_11194_0089_01",1,11194,"ref_strain",89,1
"3654","01_11254_0089_01",1,11254,"ref_strain",89,1
"3655","01_11438_0089_01",1,11438,"ref_strain",89,1
"3656","01_11498_0089_01",1,11498,"ref_strain",89,1
"3657","01_11797_0089_01",1,11797,"ref_strain",89,1
"3658","01_11865_0089_01",1,11865,"ref_strain",89,1
"3659","01_11916_0089_01",1,11916,"ref_strain",89,1
"3660","01_11999_0089_01",1,11999,"ref_strain",89,1
"3661","01_12221_0089_01",1,12221,"ref_strain",89,1
"3662","01_12293_0089_01",1,12293,"ref_strain",89,1
"3663","01_12386_0089_01",1,12386,"ref_strain",89,1
"3664","01_12397_0089_01",1,12397,"ref_strain",89,1
"3665","01_12641_0089_01",1,12641,"ref_strain",89,1
"3666","01_12710_0089_01",1,12710,"ref_strain",89,1
"3667","01_12759_0089_01",1,12759,"ref_strain",89,1
"3668","01_12960_0089_01",1,12960,"ref_strain",89,1
"3669","01_12981_0089_01",1,12981,"ref_strain",89,1
"3670","01_13181_0089_01",1,13181,"ref_strain",89,1
"3671","01_13399_0089_01",1,13399,"ref_strain",89,1
"3672","01_13554_0089_01",1,13554,"ref_strain",89,1
"3673","01_13785_0089_01",1,13785,"ref_strain",89,1
"3674","01_13847_0089_01",1,13847,"ref_strain",89,1
"3675","01_14018_0089_01",1,14018,"ref_strain",89,1
"3676","01_0011_0090_01",1,11,"ref_strain",90,1
"3677","01_0039_0090_01",1,39,"ref_strain",90,1
"3678","01_0161_0090_01",1,161,"ref_strain",90,1
"3679","01_0231_0090_01",1,231,"ref_strain",90,1
"3680","01_0401_0090_01",1,401,"ref_strain",90,1
"3681","01_0479_0090_01",1,479,"ref_strain",90,1
"3682","01_0540_0090_01",1,540,"ref_strain",90,1
"3683","01_0600_0090_01",1,600,"ref_strain",90,1
"3684","01_1718_0090_01",1,1718,"ref_strain",90,1
"3685","01_1970_0090_01",1,1970,"ref_strain",90,1
"3686","01_1992_0090_01",1,1992,"ref_strain",90,1
"3687","01_2045_0090_01",1,2045,"ref_strain",90,1
"3688","01_2193_0090_01",1,2193,"ref_strain",90,1
"3689","01_2340_0090_01",1,2340,"ref_strain",90,1
"3690","01_2444_0090_01",1,2444,"ref_strain",90,1
"3691","01_2701_0090_01",1,2701,"ref_strain",90,1
"3692","01_2704_0090_01",1,2704,"ref_strain",90,1
"3693","01_2709_0090_01",1,2709,"ref_strain",90,1
"3694","01_2802_0090_01",1,2802,"ref_strain",90,1
"3695","01_3073_0090_01",1,3073,"ref_strain",90,1
"3696","01_3094_0090_01",1,3094,"ref_strain",90,1
"3697","01_3144_0090_01",1,3144,"ref_strain",90,1
"3698","01_3396_0090_01",1,3396,"ref_strain",90,1
"3699","01_3840_0090_01",1,3840,"ref_strain",90,1
"3700","01_3925_0090_01",1,3925,"ref_strain",90,1
"3701","01_3955_0090_01",1,3955,"ref_strain",90,1
"3702","01_4026_0090_01",1,4026,"ref_strain",90,1
"3703","01_4755_0090_01",1,4755,"ref_strain",90,1
"3704","01_4939_0090_01",1,4939,"ref_strain",90,1
"3705","01_5004_0090_01",1,5004,"ref_strain",90,1
"3706","01_5149_0090_01",1,5149,"ref_strain",90,1
"3707","01_5726_0090_01",1,5726,"ref_strain",90,1
"3708","01_5861_0090_01",1,5861,"ref_strain",90,1
"3709","01_5959_0090_01",1,5959,"ref_strain",90,1
"3710","01_6224_0090_01",1,6224,"ref_strain",90,1
"3711","01_6419_0090_01",1,6419,"ref_strain",90,1
"3712","01_6515_0090_01",1,6515,"ref_strain",90,1
"3713","01_6563_0090_01",1,6563,"ref_strain",90,1
"3714","01_6635_0090_01",1,6635,"ref_strain",90,1
"3715","01_6845_0090_01",1,6845,"ref_strain",90,1
"3716","01_7126_0090_01",1,7126,"ref_strain",90,1
"3717","01_7249_0090_01",1,7249,"ref_strain",90,1
"3718","01_7598_0090_01",1,7598,"ref_strain",90,1
"3719","01_7608_0090_01",1,7608,"ref_strain",90,1
"3720","01_8195_0090_01",1,8195,"ref_strain",90,1
"3721","01_8410_0090_01",1,8410,"ref_strain",90,1
"3722","01_8753_0090_01",1,8753,"ref_strain",90,1
"3723","01_8809_0090_01",1,8809,"ref_strain",90,1
"3724","01_8848_0090_01",1,8848,"ref_strain",90,1
"3725","01_8849_0090_01",1,8849,"ref_strain",90,1
"3726","01_9046_0090_01",1,9046,"ref_strain",90,1
"3727","01_9052_0090_01",1,9052,"ref_strain",90,1
"3728","01_9116_0090_01",1,9116,"ref_strain",90,1
"3729","01_9245_0090_01",1,9245,"ref_strain",90,1
"3730","01_9256_0090_01",1,9256,"ref_strain",90,1
"3731","01_9279_0090_01",1,9279,"ref_strain",90,1
"3732","01_9290_0090_01",1,9290,"ref_strain",90,1
"3733","01_9376_0090_01",1,9376,"ref_strain",90,1
"3734","01_9639_0090_01",1,9639,"ref_strain",90,1
"3735","01_9858_0090_01",1,9858,"ref_strain",90,1
"3736","01_10030_0090_01",1,10030,"ref_strain",90,1
"3737","01_10110_0090_01",1,10110,"ref_strain",90,1
"3738","01_10729_0090_01",1,10729,"ref_strain",90,1
"3739","01_10841_0090_01",1,10841,"ref_strain",90,1
"3740","01_11123_0090_01",1,11123,"ref_strain",90,1
"3741","01_11199_0090_01",1,11199,"ref_strain",90,1
"3742","01_11269_0090_01",1,11269,"ref_strain",90,1
"3743","01_11595_0090_01",1,11595,"ref_strain",90,1
"3744","01_11672_0090_01",1,11672,"ref_strain",90,1
"3745","01_11700_0090_01",1,11700,"ref_strain",90,1
"3746","01_11763_0090_01",1,11763,"ref_strain",90,1
"3747","01_11887_0090_01",1,11887,"ref_strain",90,1
"3748","01_12070_0090_01",1,12070,"ref_strain",90,1
"3749","01_12351_0090_01",1,12351,"ref_strain",90,1
"3750","01_12450_0090_01",1,12450,"ref_strain",90,1
"3751","01_12534_0090_01",1,12534,"ref_strain",90,1
"3752","01_12577_0090_01",1,12577,"ref_strain",90,1
"3753","01_12580_0090_01",1,12580,"ref_strain",90,1
"3754","01_12714_0090_01",1,12714,"ref_strain",90,1
"3755","01_12855_0090_01",1,12855,"ref_strain",90,1
"3756","01_13033_0090_01",1,13033,"ref_strain",90,1
"3757","01_13090_0090_01",1,13090,"ref_strain",90,1
"3758","01_13152_0090_01",1,13152,"ref_strain",90,1
"3759","01_13356_0090_01",1,13356,"ref_strain",90,1
"3760","01_13710_0090_01",1,13710,"ref_strain",90,1
"3761","01_14021_0090_01",1,14021,"ref_strain",90,1
"3762","01_14025_0090_01",1,14025,"ref_strain",90,1
"3763","01_14043_0090_01",1,14043,"ref_strain",90,1
"3764","01_14317_0090_01",1,14317,"ref_strain",90,1
"3765","01_0093_0091_01",1,93,"ref_strain",91,1
"3766","01_0116_0091_01",1,116,"ref_strain",91,1
"3767","01_0480_0091_01",1,480,"ref_strain",91,1
"3768","01_0646_0091_01",1,646,"ref_strain",91,1
"3769","01_0752_0091_01",1,752,"ref_strain",91,1
"3770","01_0840_0091_01",1,840,"ref_strain",91,1
"3771","01_0891_0091_01",1,891,"ref_strain",91,1
"3772","01_0993_0091_01",1,993,"ref_strain",91,1
"3773","01_1150_0091_01",1,1150,"ref_strain",91,1
"3774","01_1384_0091_01",1,1384,"ref_strain",91,1
"3775","01_1397_0091_01",1,1397,"ref_strain",91,1
"3776","01_1498_0091_01",1,1498,"ref_strain",91,1
"3777","01_1761_0091_01",1,1761,"ref_strain",91,1
"3778","01_1978_0091_01",1,1978,"ref_strain",91,1
"3779","01_2392_0091_01",1,2392,"ref_strain",91,1
"3780","01_2517_0091_01",1,2517,"ref_strain",91,1
"3781","01_2981_0091_01",1,2981,"ref_strain",91,1
"3782","01_3088_0091_01",1,3088,"ref_strain",91,1
"3783","01_3181_0091_01",1,3181,"ref_strain",91,1
"3784","01_3302_0091_01",1,3302,"ref_strain",91,1
"3785","01_3346_0091_01",1,3346,"ref_strain",91,1
"3786","01_3366_0091_01",1,3366,"ref_strain",91,1
"3787","01_3489_0091_01",1,3489,"ref_strain",91,1
"3788","01_3943_0091_01",1,3943,"ref_strain",91,1
"3789","01_3962_0091_01",1,3962,"ref_strain",91,1
"3790","01_4168_0091_01",1,4168,"ref_strain",91,1
"3791","01_4286_0091_01",1,4286,"ref_strain",91,1
"3792","01_4331_0091_01",1,4331,"ref_strain",91,1
"3793","01_4406_0091_01",1,4406,"ref_strain",91,1
"3794","01_4468_0091_01",1,4468,"ref_strain",91,1
"3795","01_4543_0091_01",1,4543,"ref_strain",91,1
"3796","01_5563_0091_01",1,5563,"ref_strain",91,1
"3797","01_5568_0091_01",1,5568,"ref_strain",91,1
"3798","01_5648_0091_01",1,5648,"ref_strain",91,1
"3799","01_5697_0091_01",1,5697,"ref_strain",91,1
"3800","01_5788_0091_01",1,5788,"ref_strain",91,1
"3801","01_6031_0091_01",1,6031,"ref_strain",91,1
"3802","01_6047_0091_01",1,6047,"ref_strain",91,1
"3803","01_6180_0091_01",1,6180,"ref_strain",91,1
"3804","01_6186_0091_01",1,6186,"ref_strain",91,1
"3805","01_6194_0091_01",1,6194,"ref_strain",91,1
"3806","01_7220_0091_01",1,7220,"ref_strain",91,1
"3807","01_7264_0091_01",1,7264,"ref_strain",91,1
"3808","01_7828_0091_01",1,7828,"ref_strain",91,1
"3809","01_7869_0091_01",1,7869,"ref_strain",91,1
"3810","01_7877_0091_01",1,7877,"ref_strain",91,1
"3811","01_8014_0091_01",1,8014,"ref_strain",91,1
"3812","01_8154_0091_01",1,8154,"ref_strain",91,1
"3813","01_8224_0091_01",1,8224,"ref_strain",91,1
"3814","01_8263_0091_01",1,8263,"ref_strain",91,1
"3815","01_8297_0091_01",1,8297,"ref_strain",91,1
"3816","01_8354_0091_01",1,8354,"ref_strain",91,1
"3817","01_8624_0091_01",1,8624,"ref_strain",91,1
"3818","01_8875_0091_01",1,8875,"ref_strain",91,1
"3819","01_8977_0091_01",1,8977,"ref_strain",91,1
"3820","01_9019_0091_01",1,9019,"ref_strain",91,1
"3821","01_9096_0091_01",1,9096,"ref_strain",91,1
"3822","01_9215_0091_01",1,9215,"ref_strain",91,1
"3823","01_9480_0091_01",1,9480,"ref_strain",91,1
"3824","01_9725_0091_01",1,9725,"ref_strain",91,1
"3825","01_10093_0091_01",1,10093,"ref_strain",91,1
"3826","01_10109_0091_01",1,10109,"ref_strain",91,1
"3827","01_10215_0091_01",1,10215,"ref_strain",91,1
"3828","01_10377_0091_01",1,10377,"ref_strain",91,1
"3829","01_10603_0091_01",1,10603,"ref_strain",91,1
"3830","01_10921_0091_01",1,10921,"ref_strain",91,1
"3831","01_11409_0091_01",1,11409,"ref_strain",91,1
"3832","01_11558_0091_01",1,11558,"ref_strain",91,1
"3833","01_11926_0091_01",1,11926,"ref_strain",91,1
"3834","01_12375_0091_01",1,12375,"ref_strain",91,1
"3835","01_12388_0091_01",1,12388,"ref_strain",91,1
"3836","01_12525_0091_01",1,12525,"ref_strain",91,1
"3837","01_12709_0091_01",1,12709,"ref_strain",91,1
"3838","01_12843_0091_01",1,12843,"ref_strain",91,1
"3839","01_12880_0091_01",1,12880,"ref_strain",91,1
"3840","01_13190_0091_01",1,13190,"ref_strain",91,1
"3841","01_13325_0091_01",1,13325,"ref_strain",91,1
"3842","01_13593_0091_01",1,13593,"ref_strain",91,1
"3843","01_13966_0091_01",1,13966,"ref_strain",91,1
"3844","01_13974_0091_01",1,13974,"ref_strain",91,1
"3845","01_14002_0091_01",1,14002,"ref_strain",91,1
"3846","01_14542_0091_01",1,14542,"ref_strain",91,1
"3847","01_0056_0092_01",1,56,"ref_strain",92,1
"3848","01_0148_0092_01",1,148,"ref_strain",92,1
"3849","01_0201_0092_01",1,201,"ref_strain",92,1
"3850","01_0275_0092_01",1,275,"ref_strain",92,1
"3851","01_0279_0092_01",1,279,"ref_strain",92,1
"3852","01_0298_0092_01",1,298,"ref_strain",92,1
"3853","01_0749_0092_01",1,749,"ref_strain",92,1
"3854","01_0765_0092_01",1,765,"ref_strain",92,1
"3855","01_0860_0092_01",1,860,"ref_strain",92,1
"3856","01_0976_0092_01",1,976,"ref_strain",92,1
"3857","01_1014_0092_01",1,1014,"ref_strain",92,1
"3858","01_1066_0092_01",1,1066,"ref_strain",92,1
"3859","01_1120_0092_01",1,1120,"ref_strain",92,1
"3860","01_1326_0092_01",1,1326,"ref_strain",92,1
"3861","01_1331_0092_01",1,1331,"ref_strain",92,1
"3862","01_1383_0092_01",1,1383,"ref_strain",92,1
"3863","01_1403_0092_01",1,1403,"ref_strain",92,1
"3864","01_1647_0092_01",1,1647,"ref_strain",92,1
"3865","01_1682_0092_01",1,1682,"ref_strain",92,1
"3866","01_1770_0092_01",1,1770,"ref_strain",92,1
"3867","01_2055_0092_01",1,2055,"ref_strain",92,1
"3868","01_2412_0092_01",1,2412,"ref_strain",92,1
"3869","01_2610_0092_01",1,2610,"ref_strain",92,1
"3870","01_2794_0092_01",1,2794,"ref_strain",92,1
"3871","01_2839_0092_01",1,2839,"ref_strain",92,1
"3872","01_3048_0092_01",1,3048,"ref_strain",92,1
"3873","01_3182_0092_01",1,3182,"ref_strain",92,1
"3874","01_3186_0092_01",1,3186,"ref_strain",92,1
"3875","01_3195_0092_01",1,3195,"ref_strain",92,1
"3876","01_3219_0092_01",1,3219,"ref_strain",92,1
"3877","01_3589_0092_01",1,3589,"ref_strain",92,1
"3878","01_3594_0092_01",1,3594,"ref_strain",92,1
"3879","01_3705_0092_01",1,3705,"ref_strain",92,1
"3880","01_3725_0092_01",1,3725,"ref_strain",92,1
"3881","01_4037_0092_01",1,4037,"ref_strain",92,1
"3882","01_4103_0092_01",1,4103,"ref_strain",92,1
"3883","01_4192_0092_01",1,4192,"ref_strain",92,1
"3884","01_4338_0092_01",1,4338,"ref_strain",92,1
"3885","01_4397_0092_01",1,4397,"ref_strain",92,1
"3886","01_4660_0092_01",1,4660,"ref_strain",92,1
"3887","01_4759_0092_01",1,4759,"ref_strain",92,1
"3888","01_4855_0092_01",1,4855,"ref_strain",92,1
"3889","01_4859_0092_01",1,4859,"ref_strain",92,1
"3890","01_5001_0092_01",1,5001,"ref_strain",92,1
"3891","01_5475_0092_01",1,5475,"ref_strain",92,1
"3892","01_5614_0092_01",1,5614,"ref_strain",92,1
"3893","01_5681_0092_01",1,5681,"ref_strain",92,1
"3894","01_5775_0092_01",1,5775,"ref_strain",92,1
"3895","01_6286_0092_01",1,6286,"ref_strain",92,1
"3896","01_6850_0092_01",1,6850,"ref_strain",92,1
"3897","01_7340_0092_01",1,7340,"ref_strain",92,1
"3898","01_7500_0092_01",1,7500,"ref_strain",92,1
"3899","01_7678_0092_01",1,7678,"ref_strain",92,1
"3900","01_7855_0092_01",1,7855,"ref_strain",92,1
"3901","01_7873_0092_01",1,7873,"ref_strain",92,1
"3902","01_7888_0092_01",1,7888,"ref_strain",92,1
"3903","01_7891_0092_01",1,7891,"ref_strain",92,1
"3904","01_8174_0092_01",1,8174,"ref_strain",92,1
"3905","01_8482_0092_01",1,8482,"ref_strain",92,1
"3906","01_8498_0092_01",1,8498,"ref_strain",92,1
"3907","01_8923_0092_01",1,8923,"ref_strain",92,1
"3908","01_8994_0092_01",1,8994,"ref_strain",92,1
"3909","01_9445_0092_01",1,9445,"ref_strain",92,1
"3910","01_9849_0092_01",1,9849,"ref_strain",92,1
"3911","01_10045_0092_01",1,10045,"ref_strain",92,1
"3912","01_10059_0092_01",1,10059,"ref_strain",92,1
"3913","01_10097_0092_01",1,10097,"ref_strain",92,1
"3914","01_10365_0092_01",1,10365,"ref_strain",92,1
"3915","01_10565_0092_01",1,10565,"ref_strain",92,1
"3916","01_10619_0092_01",1,10619,"ref_strain",92,1
"3917","01_10628_0092_01",1,10628,"ref_strain",92,1
"3918","01_10665_0092_01",1,10665,"ref_strain",92,1
"3919","01_10762_0092_01",1,10762,"ref_strain",92,1
"3920","01_11017_0092_01",1,11017,"ref_strain",92,1
"3921","01_11378_0092_01",1,11378,"ref_strain",92,1
"3922","01_11494_0092_01",1,11494,"ref_strain",92,1
"3923","01_12056_0092_01",1,12056,"ref_strain",92,1
"3924","01_12300_0092_01",1,12300,"ref_strain",92,1
"3925","01_12359_0092_01",1,12359,"ref_strain",92,1
"3926","01_12618_0092_01",1,12618,"ref_strain",92,1
"3927","01_12676_0092_01",1,12676,"ref_strain",92,1
"3928","01_12692_0092_01",1,12692,"ref_strain",92,1
"3929","01_12951_0092_01",1,12951,"ref_strain",92,1
"3930","01_13023_0092_01",1,13023,"ref_strain",92,1
"3931","01_13148_0092_01",1,13148,"ref_strain",92,1
"3932","01_13166_0092_01",1,13166,"ref_strain",92,1
"3933","01_13188_0092_01",1,13188,"ref_strain",92,1
"3934","01_13686_0092_01",1,13686,"ref_strain",92,1
"3935","01_13699_0092_01",1,13699,"ref_strain",92,1
"3936","01_13946_0092_01",1,13946,"ref_strain",92,1
"3937","01_13985_0092_01",1,13985,"ref_strain",92,1
"3938","01_13997_0092_01",1,13997,"ref_strain",92,1
"3939","01_14284_0092_01",1,14284,"ref_strain",92,1
"3940","01_14357_0092_01",1,14357,"ref_strain",92,1
"3941","01_14401_0092_01",1,14401,"ref_strain",92,1
"3942","01_0263_0093_01",1,263,"ref_strain",93,1
"3943","01_0291_0093_01",1,291,"ref_strain",93,1
"3944","01_0337_0093_01",1,337,"ref_strain",93,1
"3945","01_0435_0093_01",1,435,"ref_strain",93,1
"3946","01_0568_0093_01",1,568,"ref_strain",93,1
"3947","01_0715_0093_01",1,715,"ref_strain",93,1
"3948","01_0716_0093_01",1,716,"ref_strain",93,1
"3949","01_0794_0093_01",1,794,"ref_strain",93,1
"3950","01_0875_0093_01",1,875,"ref_strain",93,1
"3951","01_1162_0093_01",1,1162,"ref_strain",93,1
"3952","01_1231_0093_01",1,1231,"ref_strain",93,1
"3953","01_1366_0093_01",1,1366,"ref_strain",93,1
"3954","01_1652_0093_01",1,1652,"ref_strain",93,1
"3955","01_1889_0093_01",1,1889,"ref_strain",93,1
"3956","01_1968_0093_01",1,1968,"ref_strain",93,1
"3957","01_2317_0093_01",1,2317,"ref_strain",93,1
"3958","01_2478_0093_01",1,2478,"ref_strain",93,1
"3959","01_2830_0093_01",1,2830,"ref_strain",93,1
"3960","01_3151_0093_01",1,3151,"ref_strain",93,1
"3961","01_3180_0093_01",1,3180,"ref_strain",93,1
"3962","01_3246_0093_01",1,3246,"ref_strain",93,1
"3963","01_3352_0093_01",1,3352,"ref_strain",93,1
"3964","01_3518_0093_01",1,3518,"ref_strain",93,1
"3965","01_3585_0093_01",1,3585,"ref_strain",93,1
"3966","01_3794_0093_01",1,3794,"ref_strain",93,1
"3967","01_3828_0093_01",1,3828,"ref_strain",93,1
"3968","01_3924_0093_01",1,3924,"ref_strain",93,1
"3969","01_3978_0093_01",1,3978,"ref_strain",93,1
"3970","01_4188_0093_01",1,4188,"ref_strain",93,1
"3971","01_4615_0093_01",1,4615,"ref_strain",93,1
"3972","01_4637_0093_01",1,4637,"ref_strain",93,1
"3973","01_4782_0093_01",1,4782,"ref_strain",93,1
"3974","01_4783_0093_01",1,4783,"ref_strain",93,1
"3975","01_4819_0093_01",1,4819,"ref_strain",93,1
"3976","01_4873_0093_01",1,4873,"ref_strain",93,1
"3977","01_4979_0093_01",1,4979,"ref_strain",93,1
"3978","01_5104_0093_01",1,5104,"ref_strain",93,1
"3979","01_5449_0093_01",1,5449,"ref_strain",93,1
"3980","01_5561_0093_01",1,5561,"ref_strain",93,1
"3981","01_5645_0093_01",1,5645,"ref_strain",93,1
"3982","01_6003_0093_01",1,6003,"ref_strain",93,1
"3983","01_6758_0093_01",1,6758,"ref_strain",93,1
"3984","01_6902_0093_01",1,6902,"ref_strain",93,1
"3985","01_6917_0093_01",1,6917,"ref_strain",93,1
"3986","01_7018_0093_01",1,7018,"ref_strain",93,1
"3987","01_7205_0093_01",1,7205,"ref_strain",93,1
"3988","01_7504_0093_01",1,7504,"ref_strain",93,1
"3989","01_7618_0093_01",1,7618,"ref_strain",93,1
"3990","01_7695_0093_01",1,7695,"ref_strain",93,1
"3991","01_7783_0093_01",1,7783,"ref_strain",93,1
"3992","01_8049_0093_01",1,8049,"ref_strain",93,1
"3993","01_8197_0093_01",1,8197,"ref_strain",93,1
"3994","01_8245_0093_01",1,8245,"ref_strain",93,1
"3995","01_8365_0093_01",1,8365,"ref_strain",93,1
"3996","01_8396_0093_01",1,8396,"ref_strain",93,1
"3997","01_8650_0093_01",1,8650,"ref_strain",93,1
"3998","01_8750_0093_01",1,8750,"ref_strain",93,1
"3999","01_8768_0093_01",1,8768,"ref_strain",93,1
"4000","01_8957_0093_01",1,8957,"ref_strain",93,1
"4001","01_9005_0093_01",1,9005,"ref_strain",93,1
"4002","01_9021_0093_01",1,9021,"ref_strain",93,1
"4003","01_9165_0093_01",1,9165,"ref_strain",93,1
"4004","01_9316_0093_01",1,9316,"ref_strain",93,1
"4005","01_9354_0093_01",1,9354,"ref_strain",93,1
"4006","01_9427_0093_01",1,9427,"ref_strain",93,1
"4007","01_9501_0093_01",1,9501,"ref_strain",93,1
"4008","01_9907_0093_01",1,9907,"ref_strain",93,1
"4009","01_10395_0093_01",1,10395,"ref_strain",93,1
"4010","01_10723_0093_01",1,10723,"ref_strain",93,1
"4011","01_10828_0093_01",1,10828,"ref_strain",93,1
"4012","01_10977_0093_01",1,10977,"ref_strain",93,1
"4013","01_11026_0093_01",1,11026,"ref_strain",93,1
"4014","01_11070_0093_01",1,11070,"ref_strain",93,1
"4015","01_11088_0093_01",1,11088,"ref_strain",93,1
"4016","01_11186_0093_01",1,11186,"ref_strain",93,1
"4017","01_11256_0093_01",1,11256,"ref_strain",93,1
"4018","01_11346_0093_01",1,11346,"ref_strain",93,1
"4019","01_11355_0093_01",1,11355,"ref_strain",93,1
"4020","01_11539_0093_01",1,11539,"ref_strain",93,1
"4021","01_11544_0093_01",1,11544,"ref_strain",93,1
"4022","01_11973_0093_01",1,11973,"ref_strain",93,1
"4023","01_12927_0093_01",1,12927,"ref_strain",93,1
"4024","01_13238_0093_01",1,13238,"ref_strain",93,1
"4025","01_13328_0093_01",1,13328,"ref_strain",93,1
"4026","01_13381_0093_01",1,13381,"ref_strain",93,1
"4027","01_13562_0093_01",1,13562,"ref_strain",93,1
"4028","01_13613_0093_01",1,13613,"ref_strain",93,1
"4029","01_13683_0093_01",1,13683,"ref_strain",93,1
"4030","01_13720_0093_01",1,13720,"ref_strain",93,1
"4031","01_13951_0093_01",1,13951,"ref_strain",93,1
"4032","01_14069_0093_01",1,14069,"ref_strain",93,1
"4033","01_14169_0093_01",1,14169,"ref_strain",93,1
"4034","01_14245_0093_01",1,14245,"ref_strain",93,1
"4035","01_14530_0093_01",1,14530,"ref_strain",93,1
"4036","01_14558_0093_01",1,14558,"ref_strain",93,1
"4037","01_0382_0094_01",1,382,"ref_strain",94,1
"4038","01_0406_0094_01",1,406,"ref_strain",94,1
"4039","01_0412_0094_01",1,412,"ref_strain",94,1
"4040","01_0654_0094_01",1,654,"ref_strain",94,1
"4041","01_0824_0094_01",1,824,"ref_strain",94,1
"4042","01_0856_0094_01",1,856,"ref_strain",94,1
"4043","01_0861_0094_01",1,861,"ref_strain",94,1
"4044","01_1009_0094_01",1,1009,"ref_strain",94,1
"4045","01_1037_0094_01",1,1037,"ref_strain",94,1
"4046","01_1301_0094_01",1,1301,"ref_strain",94,1
"4047","01_1547_0094_01",1,1547,"ref_strain",94,1
"4048","01_1811_0094_01",1,1811,"ref_strain",94,1
"4049","01_1823_0094_01",1,1823,"ref_strain",94,1
"4050","01_1835_0094_01",1,1835,"ref_strain",94,1
"4051","01_1973_0094_01",1,1973,"ref_strain",94,1
"4052","01_2096_0094_01",1,2096,"ref_strain",94,1
"4053","01_2247_0094_01",1,2247,"ref_strain",94,1
"4054","01_2298_0094_01",1,2298,"ref_strain",94,1
"4055","01_2627_0094_01",1,2627,"ref_strain",94,1
"4056","01_2700_0094_01",1,2700,"ref_strain",94,1
"4057","01_2799_0094_01",1,2799,"ref_strain",94,1
"4058","01_2829_0094_01",1,2829,"ref_strain",94,1
"4059","01_2994_0094_01",1,2994,"ref_strain",94,1
"4060","01_3164_0094_01",1,3164,"ref_strain",94,1
"4061","01_3419_0094_01",1,3419,"ref_strain",94,1
"4062","01_3472_0094_01",1,3472,"ref_strain",94,1
"4063","01_3694_0094_01",1,3694,"ref_strain",94,1
"4064","01_3985_0094_01",1,3985,"ref_strain",94,1
"4065","01_4062_0094_01",1,4062,"ref_strain",94,1
"4066","01_4251_0094_01",1,4251,"ref_strain",94,1
"4067","01_4284_0094_01",1,4284,"ref_strain",94,1
"4068","01_4535_0094_01",1,4535,"ref_strain",94,1
"4069","01_4633_0094_01",1,4633,"ref_strain",94,1
"4070","01_4840_0094_01",1,4840,"ref_strain",94,1
"4071","01_4904_0094_01",1,4904,"ref_strain",94,1
"4072","01_4984_0094_01",1,4984,"ref_strain",94,1
"4073","01_5128_0094_01",1,5128,"ref_strain",94,1
"4074","01_5316_0094_01",1,5316,"ref_strain",94,1
"4075","01_5472_0094_01",1,5472,"ref_strain",94,1
"4076","01_5525_0094_01",1,5525,"ref_strain",94,1
"4077","01_5573_0094_01",1,5573,"ref_strain",94,1
"4078","01_5604_0094_01",1,5604,"ref_strain",94,1
"4079","01_5618_0094_01",1,5618,"ref_strain",94,1
"4080","01_5916_0094_01",1,5916,"ref_strain",94,1
"4081","01_5943_0094_01",1,5943,"ref_strain",94,1
"4082","01_6072_0094_01",1,6072,"ref_strain",94,1
"4083","01_6207_0094_01",1,6207,"ref_strain",94,1
"4084","01_6385_0094_01",1,6385,"ref_strain",94,1
"4085","01_6407_0094_01",1,6407,"ref_strain",94,1
"4086","01_6460_0094_01",1,6460,"ref_strain",94,1
"4087","01_6475_0094_01",1,6475,"ref_strain",94,1
"4088","01_6485_0094_01",1,6485,"ref_strain",94,1
"4089","01_6524_0094_01",1,6524,"ref_strain",94,1
"4090","01_6764_0094_01",1,6764,"ref_strain",94,1
"4091","01_6893_0094_01",1,6893,"ref_strain",94,1
"4092","01_7113_0094_01",1,7113,"ref_strain",94,1
"4093","01_7162_0094_01",1,7162,"ref_strain",94,1
"4094","01_7330_0094_01",1,7330,"ref_strain",94,1
"4095","01_7553_0094_01",1,7553,"ref_strain",94,1
"4096","01_7642_0094_01",1,7642,"ref_strain",94,1
"4097","01_7643_0094_01",1,7643,"ref_strain",94,1
"4098","01_8451_0094_01",1,8451,"ref_strain",94,1
"4099","01_8560_0094_01",1,8560,"ref_strain",94,1
"4100","01_8633_0094_01",1,8633,"ref_strain",94,1
"4101","01_8718_0094_01",1,8718,"ref_strain",94,1
"4102","01_9100_0094_01",1,9100,"ref_strain",94,1
"4103","01_9335_0094_01",1,9335,"ref_strain",94,1
"4104","01_9716_0094_01",1,9716,"ref_strain",94,1
"4105","01_9732_0094_01",1,9732,"ref_strain",94,1
"4106","01_9744_0094_01",1,9744,"ref_strain",94,1
"4107","01_9776_0094_01",1,9776,"ref_strain",94,1
"4108","01_9777_0094_01",1,9777,"ref_strain",94,1
"4109","01_9879_0094_01",1,9879,"ref_strain",94,1
"4110","01_9890_0094_01",1,9890,"ref_strain",94,1
"4111","01_9954_0094_01",1,9954,"ref_strain",94,1
"4112","01_10288_0094_01",1,10288,"ref_strain",94,1
"4113","01_10300_0094_01",1,10300,"ref_strain",94,1
"4114","01_10493_0094_01",1,10493,"ref_strain",94,1
"4115","01_10510_0094_01",1,10510,"ref_strain",94,1
"4116","01_10578_0094_01",1,10578,"ref_strain",94,1
"4117","01_11365_0094_01",1,11365,"ref_strain",94,1
"4118","01_11420_0094_01",1,11420,"ref_strain",94,1
"4119","01_11614_0094_01",1,11614,"ref_strain",94,1
"4120","01_11677_0094_01",1,11677,"ref_strain",94,1
"4121","01_11728_0094_01",1,11728,"ref_strain",94,1
"4122","01_11753_0094_01",1,11753,"ref_strain",94,1
"4123","01_11792_0094_01",1,11792,"ref_strain",94,1
"4124","01_11904_0094_01",1,11904,"ref_strain",94,1
"4125","01_12146_0094_01",1,12146,"ref_strain",94,1
"4126","01_12148_0094_01",1,12148,"ref_strain",94,1
"4127","01_12352_0094_01",1,12352,"ref_strain",94,1
"4128","01_12738_0094_01",1,12738,"ref_strain",94,1
"4129","01_12948_0094_01",1,12948,"ref_strain",94,1
"4130","01_13096_0094_01",1,13096,"ref_strain",94,1
"4131","01_13326_0094_01",1,13326,"ref_strain",94,1
"4132","01_13358_0094_01",1,13358,"ref_strain",94,1
"4133","01_13644_0094_01",1,13644,"ref_strain",94,1
"4134","01_13840_0094_01",1,13840,"ref_strain",94,1
"4135","01_13859_0094_01",1,13859,"ref_strain",94,1
"4136","01_14030_0094_01",1,14030,"ref_strain",94,1
"4137","01_14263_0094_01",1,14263,"ref_strain",94,1
"4138","01_14289_0094_01",1,14289,"ref_strain",94,1
"4139","01_14373_0094_01",1,14373,"ref_strain",94,1
"4140","01_14506_0094_01",1,14506,"ref_strain",94,1
"4141","01_14529_0094_01",1,14529,"ref_strain",94,1
"4142","01_0050_0095_01",1,50,"ref_strain",95,1
"4143","01_0060_0095_01",1,60,"ref_strain",95,1
"4144","01_0331_0095_01",1,331,"ref_strain",95,1
"4145","01_0826_0095_01",1,826,"ref_strain",95,1
"4146","01_0979_0095_01",1,979,"ref_strain",95,1
"4147","01_1206_0095_01",1,1206,"ref_strain",95,1
"4148","01_1281_0095_01",1,1281,"ref_strain",95,1
"4149","01_1300_0095_01",1,1300,"ref_strain",95,1
"4150","01_1336_0095_01",1,1336,"ref_strain",95,1
"4151","01_1404_0095_01",1,1404,"ref_strain",95,1
"4152","01_2060_0095_01",1,2060,"ref_strain",95,1
"4153","01_2356_0095_01",1,2356,"ref_strain",95,1
"4154","01_2524_0095_01",1,2524,"ref_strain",95,1
"4155","01_2672_0095_01",1,2672,"ref_strain",95,1
"4156","01_2714_0095_01",1,2714,"ref_strain",95,1
"4157","01_2793_0095_01",1,2793,"ref_strain",95,1
"4158","01_2859_0095_01",1,2859,"ref_strain",95,1
"4159","01_2929_0095_01",1,2929,"ref_strain",95,1
"4160","01_3017_0095_01",1,3017,"ref_strain",95,1
"4161","01_3306_0095_01",1,3306,"ref_strain",95,1
"4162","01_3536_0095_01",1,3536,"ref_strain",95,1
"4163","01_4298_0095_01",1,4298,"ref_strain",95,1
"4164","01_4562_0095_01",1,4562,"ref_strain",95,1
"4165","01_4580_0095_01",1,4580,"ref_strain",95,1
"4166","01_5069_0095_01",1,5069,"ref_strain",95,1
"4167","01_5306_0095_01",1,5306,"ref_strain",95,1
"4168","01_5344_0095_01",1,5344,"ref_strain",95,1
"4169","01_5675_0095_01",1,5675,"ref_strain",95,1
"4170","01_6145_0095_01",1,6145,"ref_strain",95,1
"4171","01_6211_0095_01",1,6211,"ref_strain",95,1
"4172","01_6341_0095_01",1,6341,"ref_strain",95,1
"4173","01_6356_0095_01",1,6356,"ref_strain",95,1
"4174","01_6505_0095_01",1,6505,"ref_strain",95,1
"4175","01_6679_0095_01",1,6679,"ref_strain",95,1
"4176","01_6732_0095_01",1,6732,"ref_strain",95,1
"4177","01_6964_0095_01",1,6964,"ref_strain",95,1
"4178","01_6965_0095_01",1,6965,"ref_strain",95,1
"4179","01_7248_0095_01",1,7248,"ref_strain",95,1
"4180","01_7373_0095_01",1,7373,"ref_strain",95,1
"4181","01_7518_0095_01",1,7518,"ref_strain",95,1
"4182","01_7552_0095_01",1,7552,"ref_strain",95,1
"4183","01_7611_0095_01",1,7611,"ref_strain",95,1
"4184","01_8001_0095_01",1,8001,"ref_strain",95,1
"4185","01_8274_0095_01",1,8274,"ref_strain",95,1
"4186","01_8286_0095_01",1,8286,"ref_strain",95,1
"4187","01_8385_0095_01",1,8385,"ref_strain",95,1
"4188","01_8419_0095_01",1,8419,"ref_strain",95,1
"4189","01_8636_0095_01",1,8636,"ref_strain",95,1
"4190","01_8675_0095_01",1,8675,"ref_strain",95,1
"4191","01_8787_0095_01",1,8787,"ref_strain",95,1
"4192","01_9170_0095_01",1,9170,"ref_strain",95,1
"4193","01_9176_0095_01",1,9176,"ref_strain",95,1
"4194","01_9220_0095_01",1,9220,"ref_strain",95,1
"4195","01_9230_0095_01",1,9230,"ref_strain",95,1
"4196","01_9368_0095_01",1,9368,"ref_strain",95,1
"4197","01_9444_0095_01",1,9444,"ref_strain",95,1
"4198","01_9528_0095_01",1,9528,"ref_strain",95,1
"4199","01_9958_0095_01",1,9958,"ref_strain",95,1
"4200","01_9985_0095_01",1,9985,"ref_strain",95,1
"4201","01_10054_0095_01",1,10054,"ref_strain",95,1
"4202","01_10254_0095_01",1,10254,"ref_strain",95,1
"4203","01_10376_0095_01",1,10376,"ref_strain",95,1
"4204","01_10401_0095_01",1,10401,"ref_strain",95,1
"4205","01_10522_0095_01",1,10522,"ref_strain",95,1
"4206","01_10591_0095_01",1,10591,"ref_strain",95,1
"4207","01_10620_0095_01",1,10620,"ref_strain",95,1
"4208","01_10927_0095_01",1,10927,"ref_strain",95,1
"4209","01_11059_0095_01",1,11059,"ref_strain",95,1
"4210","01_11137_0095_01",1,11137,"ref_strain",95,1
"4211","01_11367_0095_01",1,11367,"ref_strain",95,1
"4212","01_11456_0095_01",1,11456,"ref_strain",95,1
"4213","01_11464_0095_01",1,11464,"ref_strain",95,1
"4214","01_11966_0095_01",1,11966,"ref_strain",95,1
"4215","01_12121_0095_01",1,12121,"ref_strain",95,1
"4216","01_12866_0095_01",1,12866,"ref_strain",95,1
"4217","01_13134_0095_01",1,13134,"ref_strain",95,1
"4218","01_13223_0095_01",1,13223,"ref_strain",95,1
"4219","01_13363_0095_01",1,13363,"ref_strain",95,1
"4220","01_13407_0095_01",1,13407,"ref_strain",95,1
"4221","01_13412_0095_01",1,13412,"ref_strain",95,1
"4222","01_13533_0095_01",1,13533,"ref_strain",95,1
"4223","01_13661_0095_01",1,13661,"ref_strain",95,1
"4224","01_14390_0095_01",1,14390,"ref_strain",95,1
"4225","01_0046_0096_01",1,46,"ref_strain",96,1
"4226","01_0127_0096_01",1,127,"ref_strain",96,1
"4227","01_0155_0096_01",1,155,"ref_strain",96,1
"4228","01_0685_0096_01",1,685,"ref_strain",96,1
"4229","01_0714_0096_01",1,714,"ref_strain",96,1
"4230","01_0935_0096_01",1,935,"ref_strain",96,1
"4231","01_1011_0096_01",1,1011,"ref_strain",96,1
"4232","01_1074_0096_01",1,1074,"ref_strain",96,1
"4233","01_1086_0096_01",1,1086,"ref_strain",96,1
"4234","01_1516_0096_01",1,1516,"ref_strain",96,1
"4235","01_1938_0096_01",1,1938,"ref_strain",96,1
"4236","01_2026_0096_01",1,2026,"ref_strain",96,1
"4237","01_2388_0096_01",1,2388,"ref_strain",96,1
"4238","01_2511_0096_01",1,2511,"ref_strain",96,1
"4239","01_2903_0096_01",1,2903,"ref_strain",96,1
"4240","01_3232_0096_01",1,3232,"ref_strain",96,1
"4241","01_3288_0096_01",1,3288,"ref_strain",96,1
"4242","01_3422_0096_01",1,3422,"ref_strain",96,1
"4243","01_4060_0096_01",1,4060,"ref_strain",96,1
"4244","01_4205_0096_01",1,4205,"ref_strain",96,1
"4245","01_4365_0096_01",1,4365,"ref_strain",96,1
"4246","01_4505_0096_01",1,4505,"ref_strain",96,1
"4247","01_4749_0096_01",1,4749,"ref_strain",96,1
"4248","01_5059_0096_01",1,5059,"ref_strain",96,1
"4249","01_5425_0096_01",1,5425,"ref_strain",96,1
"4250","01_5514_0096_01",1,5514,"ref_strain",96,1
"4251","01_5629_0096_01",1,5629,"ref_strain",96,1
"4252","01_5890_0096_01",1,5890,"ref_strain",96,1
"4253","01_5931_0096_01",1,5931,"ref_strain",96,1
"4254","01_6543_0096_01",1,6543,"ref_strain",96,1
"4255","01_6548_0096_01",1,6548,"ref_strain",96,1
"4256","01_6565_0096_01",1,6565,"ref_strain",96,1
"4257","01_6737_0096_01",1,6737,"ref_strain",96,1
"4258","01_6831_0096_01",1,6831,"ref_strain",96,1
"4259","01_7279_0096_01",1,7279,"ref_strain",96,1
"4260","01_7377_0096_01",1,7377,"ref_strain",96,1
"4261","01_7517_0096_01",1,7517,"ref_strain",96,1
"4262","01_7528_0096_01",1,7528,"ref_strain",96,1
"4263","01_7564_0096_01",1,7564,"ref_strain",96,1
"4264","01_7609_0096_01",1,7609,"ref_strain",96,1
"4265","01_7892_0096_01",1,7892,"ref_strain",96,1
"4266","01_7917_0096_01",1,7917,"ref_strain",96,1
"4267","01_8356_0096_01",1,8356,"ref_strain",96,1
"4268","01_8362_0096_01",1,8362,"ref_strain",96,1
"4269","01_8428_0096_01",1,8428,"ref_strain",96,1
"4270","01_8563_0096_01",1,8563,"ref_strain",96,1
"4271","01_8620_0096_01",1,8620,"ref_strain",96,1
"4272","01_8677_0096_01",1,8677,"ref_strain",96,1
"4273","01_8701_0096_01",1,8701,"ref_strain",96,1
"4274","01_8757_0096_01",1,8757,"ref_strain",96,1
"4275","01_9023_0096_01",1,9023,"ref_strain",96,1
"4276","01_9166_0096_01",1,9166,"ref_strain",96,1
"4277","01_9406_0096_01",1,9406,"ref_strain",96,1
"4278","01_9476_0096_01",1,9476,"ref_strain",96,1
"4279","01_9494_0096_01",1,9494,"ref_strain",96,1
"4280","01_9519_0096_01",1,9519,"ref_strain",96,1
"4281","01_9741_0096_01",1,9741,"ref_strain",96,1
"4282","01_9785_0096_01",1,9785,"ref_strain",96,1
"4283","01_9946_0096_01",1,9946,"ref_strain",96,1
"4284","01_10454_0096_01",1,10454,"ref_strain",96,1
"4285","01_10490_0096_01",1,10490,"ref_strain",96,1
"4286","01_10554_0096_01",1,10554,"ref_strain",96,1
"4287","01_10602_0096_01",1,10602,"ref_strain",96,1
"4288","01_11068_0096_01",1,11068,"ref_strain",96,1
"4289","01_11159_0096_01",1,11159,"ref_strain",96,1
"4290","01_11180_0096_01",1,11180,"ref_strain",96,1
"4291","01_11259_0096_01",1,11259,"ref_strain",96,1
"4292","01_11487_0096_01",1,11487,"ref_strain",96,1
"4293","01_11645_0096_01",1,11645,"ref_strain",96,1
"4294","01_11899_0096_01",1,11899,"ref_strain",96,1
"4295","01_11955_0096_01",1,11955,"ref_strain",96,1
"4296","01_11997_0096_01",1,11997,"ref_strain",96,1
"4297","01_12452_0096_01",1,12452,"ref_strain",96,1
"4298","01_12462_0096_01",1,12462,"ref_strain",96,1
"4299","01_12465_0096_01",1,12465,"ref_strain",96,1
"4300","01_12958_0096_01",1,12958,"ref_strain",96,1
"4301","01_13078_0096_01",1,13078,"ref_strain",96,1
"4302","01_13085_0096_01",1,13085,"ref_strain",96,1
"4303","01_13973_0096_01",1,13973,"ref_strain",96,1
"4304","01_14071_0096_01",1,14071,"ref_strain",96,1
"4305","01_14356_0096_01",1,14356,"ref_strain",96,1
"4306","01_14381_0096_01",1,14381,"ref_strain",96,1
"4307","01_14508_0096_01",1,14508,"ref_strain",96,1
"4308","01_0078_0097_01",1,78,"ref_strain",97,1
"4309","01_0083_0097_01",1,83,"ref_strain",97,1
"4310","01_0280_0097_01",1,280,"ref_strain",97,1
"4311","01_0393_0097_01",1,393,"ref_strain",97,1
"4312","01_0404_0097_01",1,404,"ref_strain",97,1
"4313","01_0661_0097_01",1,661,"ref_strain",97,1
"4314","01_0845_0097_01",1,845,"ref_strain",97,1
"4315","01_0990_0097_01",1,990,"ref_strain",97,1
"4316","01_1235_0097_01",1,1235,"ref_strain",97,1
"4317","01_1394_0097_01",1,1394,"ref_strain",97,1
"4318","01_1399_0097_01",1,1399,"ref_strain",97,1
"4319","01_1910_0097_01",1,1910,"ref_strain",97,1
"4320","01_1990_0097_01",1,1990,"ref_strain",97,1
"4321","01_2117_0097_01",1,2117,"ref_strain",97,1
"4322","01_2176_0097_01",1,2176,"ref_strain",97,1
"4323","01_2448_0097_01",1,2448,"ref_strain",97,1
"4324","01_2754_0097_01",1,2754,"ref_strain",97,1
"4325","01_2779_0097_01",1,2779,"ref_strain",97,1
"4326","01_2982_0097_01",1,2982,"ref_strain",97,1
"4327","01_3397_0097_01",1,3397,"ref_strain",97,1
"4328","01_3851_0097_01",1,3851,"ref_strain",97,1
"4329","01_4094_0097_01",1,4094,"ref_strain",97,1
"4330","01_4175_0097_01",1,4175,"ref_strain",97,1
"4331","01_4294_0097_01",1,4294,"ref_strain",97,1
"4332","01_4522_0097_01",1,4522,"ref_strain",97,1
"4333","01_4639_0097_01",1,4639,"ref_strain",97,1
"4334","01_4689_0097_01",1,4689,"ref_strain",97,1
"4335","01_4959_0097_01",1,4959,"ref_strain",97,1
"4336","01_5374_0097_01",1,5374,"ref_strain",97,1
"4337","01_5542_0097_01",1,5542,"ref_strain",97,1
"4338","01_5747_0097_01",1,5747,"ref_strain",97,1
"4339","01_5768_0097_01",1,5768,"ref_strain",97,1
"4340","01_5791_0097_01",1,5791,"ref_strain",97,1
"4341","01_6043_0097_01",1,6043,"ref_strain",97,1
"4342","01_6062_0097_01",1,6062,"ref_strain",97,1
"4343","01_6213_0097_01",1,6213,"ref_strain",97,1
"4344","01_6627_0097_01",1,6627,"ref_strain",97,1
"4345","01_7056_0097_01",1,7056,"ref_strain",97,1
"4346","01_7194_0097_01",1,7194,"ref_strain",97,1
"4347","01_7260_0097_01",1,7260,"ref_strain",97,1
"4348","01_7388_0097_01",1,7388,"ref_strain",97,1
"4349","01_7392_0097_01",1,7392,"ref_strain",97,1
"4350","01_7750_0097_01",1,7750,"ref_strain",97,1
"4351","01_7989_0097_01",1,7989,"ref_strain",97,1
"4352","01_8332_0097_01",1,8332,"ref_strain",97,1
"4353","01_8471_0097_01",1,8471,"ref_strain",97,1
"4354","01_8665_0097_01",1,8665,"ref_strain",97,1
"4355","01_8749_0097_01",1,8749,"ref_strain",97,1
"4356","01_8965_0097_01",1,8965,"ref_strain",97,1
"4357","01_9066_0097_01",1,9066,"ref_strain",97,1
"4358","01_9303_0097_01",1,9303,"ref_strain",97,1
"4359","01_9463_0097_01",1,9463,"ref_strain",97,1
"4360","01_9472_0097_01",1,9472,"ref_strain",97,1
"4361","01_9497_0097_01",1,9497,"ref_strain",97,1
"4362","01_9536_0097_01",1,9536,"ref_strain",97,1
"4363","01_9757_0097_01",1,9757,"ref_strain",97,1
"4364","01_9759_0097_01",1,9759,"ref_strain",97,1
"4365","01_9792_0097_01",1,9792,"ref_strain",97,1
"4366","01_9842_0097_01",1,9842,"ref_strain",97,1
"4367","01_10084_0097_01",1,10084,"ref_strain",97,1
"4368","01_10190_0097_01",1,10190,"ref_strain",97,1
"4369","01_10382_0097_01",1,10382,"ref_strain",97,1
"4370","01_10394_0097_01",1,10394,"ref_strain",97,1
"4371","01_10447_0097_01",1,10447,"ref_strain",97,1
"4372","01_10502_0097_01",1,10502,"ref_strain",97,1
"4373","01_10995_0097_01",1,10995,"ref_strain",97,1
"4374","01_11379_0097_01",1,11379,"ref_strain",97,1
"4375","01_11413_0097_01",1,11413,"ref_strain",97,1
"4376","01_11553_0097_01",1,11553,"ref_strain",97,1
"4377","01_11819_0097_01",1,11819,"ref_strain",97,1
"4378","01_12040_0097_01",1,12040,"ref_strain",97,1
"4379","01_12106_0097_01",1,12106,"ref_strain",97,1
"4380","01_12180_0097_01",1,12180,"ref_strain",97,1
"4381","01_12600_0097_01",1,12600,"ref_strain",97,1
"4382","01_12697_0097_01",1,12697,"ref_strain",97,1
"4383","01_12770_0097_01",1,12770,"ref_strain",97,1
"4384","01_12925_0097_01",1,12925,"ref_strain",97,1
"4385","01_12975_0097_01",1,12975,"ref_strain",97,1
"4386","01_14189_0097_01",1,14189,"ref_strain",97,1
"4387","01_14336_0097_01",1,14336,"ref_strain",97,1
"4388","01_0025_0098_01",1,25,"ref_strain",98,1
"4389","01_0179_0098_01",1,179,"ref_strain",98,1
"4390","01_0307_0098_01",1,307,"ref_strain",98,1
"4391","01_0469_0098_01",1,469,"ref_strain",98,1
"4392","01_0516_0098_01",1,516,"ref_strain",98,1
"4393","01_0559_0098_01",1,559,"ref_strain",98,1
"4394","01_0732_0098_01",1,732,"ref_strain",98,1
"4395","01_0851_0098_01",1,851,"ref_strain",98,1
"4396","01_0965_0098_01",1,965,"ref_strain",98,1
"4397","01_1039_0098_01",1,1039,"ref_strain",98,1
"4398","01_1077_0098_01",1,1077,"ref_strain",98,1
"4399","01_1750_0098_01",1,1750,"ref_strain",98,1
"4400","01_1845_0098_01",1,1845,"ref_strain",98,1
"4401","01_1932_0098_01",1,1932,"ref_strain",98,1
"4402","01_2062_0098_01",1,2062,"ref_strain",98,1
"4403","01_2106_0098_01",1,2106,"ref_strain",98,1
"4404","01_2163_0098_01",1,2163,"ref_strain",98,1
"4405","01_2334_0098_01",1,2334,"ref_strain",98,1
"4406","01_2470_0098_01",1,2470,"ref_strain",98,1
"4407","01_2513_0098_01",1,2513,"ref_strain",98,1
"4408","01_2621_0098_01",1,2621,"ref_strain",98,1
"4409","01_2658_0098_01",1,2658,"ref_strain",98,1
"4410","01_3008_0098_01",1,3008,"ref_strain",98,1
"4411","01_3183_0098_01",1,3183,"ref_strain",98,1
"4412","01_3211_0098_01",1,3211,"ref_strain",98,1
"4413","01_3268_0098_01",1,3268,"ref_strain",98,1
"4414","01_3292_0098_01",1,3292,"ref_strain",98,1
"4415","01_3385_0098_01",1,3385,"ref_strain",98,1
"4416","01_3712_0098_01",1,3712,"ref_strain",98,1
"4417","01_3863_0098_01",1,3863,"ref_strain",98,1
"4418","01_3948_0098_01",1,3948,"ref_strain",98,1
"4419","01_4047_0098_01",1,4047,"ref_strain",98,1
"4420","01_4849_0098_01",1,4849,"ref_strain",98,1
"4421","01_5382_0098_01",1,5382,"ref_strain",98,1
"4422","01_6088_0098_01",1,6088,"ref_strain",98,1
"4423","01_6665_0098_01",1,6665,"ref_strain",98,1
"4424","01_7236_0098_01",1,7236,"ref_strain",98,1
"4425","01_7315_0098_01",1,7315,"ref_strain",98,1
"4426","01_7324_0098_01",1,7324,"ref_strain",98,1
"4427","01_7407_0098_01",1,7407,"ref_strain",98,1
"4428","01_7466_0098_01",1,7466,"ref_strain",98,1
"4429","01_7521_0098_01",1,7521,"ref_strain",98,1
"4430","01_7569_0098_01",1,7569,"ref_strain",98,1
"4431","01_7768_0098_01",1,7768,"ref_strain",98,1
"4432","01_8185_0098_01",1,8185,"ref_strain",98,1
"4433","01_8359_0098_01",1,8359,"ref_strain",98,1
"4434","01_8363_0098_01",1,8363,"ref_strain",98,1
"4435","01_8494_0098_01",1,8494,"ref_strain",98,1
"4436","01_8557_0098_01",1,8557,"ref_strain",98,1
"4437","01_8562_0098_01",1,8562,"ref_strain",98,1
"4438","01_8726_0098_01",1,8726,"ref_strain",98,1
"4439","01_8855_0098_01",1,8855,"ref_strain",98,1
"4440","01_9358_0098_01",1,9358,"ref_strain",98,1
"4441","01_9396_0098_01",1,9396,"ref_strain",98,1
"4442","01_9915_0098_01",1,9915,"ref_strain",98,1
"4443","01_9972_0098_01",1,9972,"ref_strain",98,1
"4444","01_10023_0098_01",1,10023,"ref_strain",98,1
"4445","01_10048_0098_01",1,10048,"ref_strain",98,1
"4446","01_10285_0098_01",1,10285,"ref_strain",98,1
"4447","01_10344_0098_01",1,10344,"ref_strain",98,1
"4448","01_10456_0098_01",1,10456,"ref_strain",98,1
"4449","01_10678_0098_01",1,10678,"ref_strain",98,1
"4450","01_10879_0098_01",1,10879,"ref_strain",98,1
"4451","01_11280_0098_01",1,11280,"ref_strain",98,1
"4452","01_11306_0098_01",1,11306,"ref_strain",98,1
"4453","01_11503_0098_01",1,11503,"ref_strain",98,1
"4454","01_11565_0098_01",1,11565,"ref_strain",98,1
"4455","01_11619_0098_01",1,11619,"ref_strain",98,1
"4456","01_12008_0098_01",1,12008,"ref_strain",98,1
"4457","01_12090_0098_01",1,12090,"ref_strain",98,1
"4458","01_12161_0098_01",1,12161,"ref_strain",98,1
"4459","01_12229_0098_01",1,12229,"ref_strain",98,1
"4460","01_12261_0098_01",1,12261,"ref_strain",98,1
"4461","01_12288_0098_01",1,12288,"ref_strain",98,1
"4462","01_12348_0098_01",1,12348,"ref_strain",98,1
"4463","01_12398_0098_01",1,12398,"ref_strain",98,1
"4464","01_12547_0098_01",1,12547,"ref_strain",98,1
"4465","01_13007_0098_01",1,13007,"ref_strain",98,1
"4466","01_13034_0098_01",1,13034,"ref_strain",98,1
"4467","01_13074_0098_01",1,13074,"ref_strain",98,1
"4468","01_13273_0098_01",1,13273,"ref_strain",98,1
"4469","01_13474_0098_01",1,13474,"ref_strain",98,1
"4470","01_13604_0098_01",1,13604,"ref_strain",98,1
"4471","01_13782_0098_01",1,13782,"ref_strain",98,1
"4472","01_0250_0099_01",1,250,"ref_strain",99,1
"4473","01_0611_0099_01",1,611,"ref_strain",99,1
"4474","01_0763_0099_01",1,763,"ref_strain",99,1
"4475","01_0830_0099_01",1,830,"ref_strain",99,1
"4476","01_0848_0099_01",1,848,"ref_strain",99,1
"4477","01_0995_0099_01",1,995,"ref_strain",99,1
"4478","01_1202_0099_01",1,1202,"ref_strain",99,1
"4479","01_1323_0099_01",1,1323,"ref_strain",99,1
"4480","01_1345_0099_01",1,1345,"ref_strain",99,1
"4481","01_1356_0099_01",1,1356,"ref_strain",99,1
"4482","01_1370_0099_01",1,1370,"ref_strain",99,1
"4483","01_1379_0099_01",1,1379,"ref_strain",99,1
"4484","01_1553_0099_01",1,1553,"ref_strain",99,1
"4485","01_1600_0099_01",1,1600,"ref_strain",99,1
"4486","01_1986_0099_01",1,1986,"ref_strain",99,1
"4487","01_2006_0099_01",1,2006,"ref_strain",99,1
"4488","01_2023_0099_01",1,2023,"ref_strain",99,1
"4489","01_2174_0099_01",1,2174,"ref_strain",99,1
"4490","01_2211_0099_01",1,2211,"ref_strain",99,1
"4491","01_2308_0099_01",1,2308,"ref_strain",99,1
"4492","01_2924_0099_01",1,2924,"ref_strain",99,1
"4493","01_3038_0099_01",1,3038,"ref_strain",99,1
"4494","01_4325_0099_01",1,4325,"ref_strain",99,1
"4495","01_4940_0099_01",1,4940,"ref_strain",99,1
"4496","01_5200_0099_01",1,5200,"ref_strain",99,1
"4497","01_5253_0099_01",1,5253,"ref_strain",99,1
"4498","01_5450_0099_01",1,5450,"ref_strain",99,1
"4499","01_5506_0099_01",1,5506,"ref_strain",99,1
"4500","01_5713_0099_01",1,5713,"ref_strain",99,1
"4501","01_5731_0099_01",1,5731,"ref_strain",99,1
"4502","01_5734_0099_01",1,5734,"ref_strain",99,1
"4503","01_5758_0099_01",1,5758,"ref_strain",99,1
"4504","01_6199_0099_01",1,6199,"ref_strain",99,1
"4505","01_6302_0099_01",1,6302,"ref_strain",99,1
"4506","01_6629_0099_01",1,6629,"ref_strain",99,1
"4507","01_6877_0099_01",1,6877,"ref_strain",99,1
"4508","01_6903_0099_01",1,6903,"ref_strain",99,1
"4509","01_6931_0099_01",1,6931,"ref_strain",99,1
"4510","01_7078_0099_01",1,7078,"ref_strain",99,1
"4511","01_7109_0099_01",1,7109,"ref_strain",99,1
"4512","01_7299_0099_01",1,7299,"ref_strain",99,1
"4513","01_7571_0099_01",1,7571,"ref_strain",99,1
"4514","01_7651_0099_01",1,7651,"ref_strain",99,1
"4515","01_7690_0099_01",1,7690,"ref_strain",99,1
"4516","01_7886_0099_01",1,7886,"ref_strain",99,1
"4517","01_7973_0099_01",1,7973,"ref_strain",99,1
"4518","01_8289_0099_01",1,8289,"ref_strain",99,1
"4519","01_8355_0099_01",1,8355,"ref_strain",99,1
"4520","01_8400_0099_01",1,8400,"ref_strain",99,1
"4521","01_8455_0099_01",1,8455,"ref_strain",99,1
"4522","01_9030_0099_01",1,9030,"ref_strain",99,1
"4523","01_9321_0099_01",1,9321,"ref_strain",99,1
"4524","01_9336_0099_01",1,9336,"ref_strain",99,1
"4525","01_9812_0099_01",1,9812,"ref_strain",99,1
"4526","01_9945_0099_01",1,9945,"ref_strain",99,1
"4527","01_10029_0099_01",1,10029,"ref_strain",99,1
"4528","01_10116_0099_01",1,10116,"ref_strain",99,1
"4529","01_10272_0099_01",1,10272,"ref_strain",99,1
"4530","01_10486_0099_01",1,10486,"ref_strain",99,1
"4531","01_10498_0099_01",1,10498,"ref_strain",99,1
"4532","01_11002_0099_01",1,11002,"ref_strain",99,1
"4533","01_11633_0099_01",1,11633,"ref_strain",99,1
"4534","01_11722_0099_01",1,11722,"ref_strain",99,1
"4535","01_11803_0099_01",1,11803,"ref_strain",99,1
"4536","01_11893_0099_01",1,11893,"ref_strain",99,1
"4537","01_12096_0099_01",1,12096,"ref_strain",99,1
"4538","01_12451_0099_01",1,12451,"ref_strain",99,1
"4539","01_12490_0099_01",1,12490,"ref_strain",99,1
"4540","01_12804_0099_01",1,12804,"ref_strain",99,1
"4541","01_13089_0099_01",1,13089,"ref_strain",99,1
"4542","01_13510_0099_01",1,13510,"ref_strain",99,1
"4543","01_13525_0099_01",1,13525,"ref_strain",99,1
"4544","01_13725_0099_01",1,13725,"ref_strain",99,1
"4545","01_13822_0099_01",1,13822,"ref_strain",99,1
"4546","01_13955_0099_01",1,13955,"ref_strain",99,1
"4547","01_14012_0099_01",1,14012,"ref_strain",99,1
"4548","01_14546_0099_01",1,14546,"ref_strain",99,1
"4549","01_0053_0100_01",1,53,"ref_strain",100,1
"4550","01_0232_0100_01",1,232,"ref_strain",100,1
"4551","01_0839_0100_01",1,839,"ref_strain",100,1
"4552","01_0880_0100_01",1,880,"ref_strain",100,1
"4553","01_1108_0100_01",1,1108,"ref_strain",100,1
"4554","01_1234_0100_01",1,1234,"ref_strain",100,1
"4555","01_1534_0100_01",1,1534,"ref_strain",100,1
"4556","01_1624_0100_01",1,1624,"ref_strain",100,1
"4557","01_1699_0100_01",1,1699,"ref_strain",100,1
"4558","01_1797_0100_01",1,1797,"ref_strain",100,1
"4559","01_1979_0100_01",1,1979,"ref_strain",100,1
"4560","01_2141_0100_01",1,2141,"ref_strain",100,1
"4561","01_2476_0100_01",1,2476,"ref_strain",100,1
"4562","01_2521_0100_01",1,2521,"ref_strain",100,1
"4563","01_2634_0100_01",1,2634,"ref_strain",100,1
"4564","01_3018_0100_01",1,3018,"ref_strain",100,1
"4565","01_3263_0100_01",1,3263,"ref_strain",100,1
"4566","01_3389_0100_01",1,3389,"ref_strain",100,1
"4567","01_3526_0100_01",1,3526,"ref_strain",100,1
"4568","01_3528_0100_01",1,3528,"ref_strain",100,1
"4569","01_3729_0100_01",1,3729,"ref_strain",100,1
"4570","01_4088_0100_01",1,4088,"ref_strain",100,1
"4571","01_4297_0100_01",1,4297,"ref_strain",100,1
"4572","01_4343_0100_01",1,4343,"ref_strain",100,1
"4573","01_4476_0100_01",1,4476,"ref_strain",100,1
"4574","01_4758_0100_01",1,4758,"ref_strain",100,1
"4575","01_4766_0100_01",1,4766,"ref_strain",100,1
"4576","01_4767_0100_01",1,4767,"ref_strain",100,1
"4577","01_4947_0100_01",1,4947,"ref_strain",100,1
"4578","01_5046_0100_01",1,5046,"ref_strain",100,1
"4579","01_5235_0100_01",1,5235,"ref_strain",100,1
"4580","01_5436_0100_01",1,5436,"ref_strain",100,1
"4581","01_5509_0100_01",1,5509,"ref_strain",100,1
"4582","01_5657_0100_01",1,5657,"ref_strain",100,1
"4583","01_5709_0100_01",1,5709,"ref_strain",100,1
"4584","01_5722_0100_01",1,5722,"ref_strain",100,1
"4585","01_5881_0100_01",1,5881,"ref_strain",100,1
"4586","01_5909_0100_01",1,5909,"ref_strain",100,1
"4587","01_6126_0100_01",1,6126,"ref_strain",100,1
"4588","01_7037_0100_01",1,7037,"ref_strain",100,1
"4589","01_7800_0100_01",1,7800,"ref_strain",100,1
"4590","01_7976_0100_01",1,7976,"ref_strain",100,1
"4591","01_8137_0100_01",1,8137,"ref_strain",100,1
"4592","01_8397_0100_01",1,8397,"ref_strain",100,1
"4593","01_8516_0100_01",1,8516,"ref_strain",100,1
"4594","01_8541_0100_01",1,8541,"ref_strain",100,1
"4595","01_8674_0100_01",1,8674,"ref_strain",100,1
"4596","01_8728_0100_01",1,8728,"ref_strain",100,1
"4597","01_8782_0100_01",1,8782,"ref_strain",100,1
"4598","01_8790_0100_01",1,8790,"ref_strain",100,1
"4599","01_8889_0100_01",1,8889,"ref_strain",100,1
"4600","01_9144_0100_01",1,9144,"ref_strain",100,1
"4601","01_9203_0100_01",1,9203,"ref_strain",100,1
"4602","01_9212_0100_01",1,9212,"ref_strain",100,1
"4603","01_9564_0100_01",1,9564,"ref_strain",100,1
"4604","01_9814_0100_01",1,9814,"ref_strain",100,1
"4605","01_9994_0100_01",1,9994,"ref_strain",100,1
"4606","01_10108_0100_01",1,10108,"ref_strain",100,1
"4607","01_10181_0100_01",1,10181,"ref_strain",100,1
"4608","01_10259_0100_01",1,10259,"ref_strain",100,1
"4609","01_10386_0100_01",1,10386,"ref_strain",100,1
"4610","01_10495_0100_01",1,10495,"ref_strain",100,1
"4611","01_10724_0100_01",1,10724,"ref_strain",100,1
"4612","01_10913_0100_01",1,10913,"ref_strain",100,1
"4613","01_11182_0100_01",1,11182,"ref_strain",100,1
"4614","01_11556_0100_01",1,11556,"ref_strain",100,1
"4615","01_11690_0100_01",1,11690,"ref_strain",100,1
"4616","01_12272_0100_01",1,12272,"ref_strain",100,1
"4617","01_12294_0100_01",1,12294,"ref_strain",100,1
"4618","01_12396_0100_01",1,12396,"ref_strain",100,1
"4619","01_12607_0100_01",1,12607,"ref_strain",100,1
"4620","01_12620_0100_01",1,12620,"ref_strain",100,1
"4621","01_12648_0100_01",1,12648,"ref_strain",100,1
"4622","01_12788_0100_01",1,12788,"ref_strain",100,1
"4623","01_13027_0100_01",1,13027,"ref_strain",100,1
"4624","01_13286_0100_01",1,13286,"ref_strain",100,1
"4625","01_13408_0100_01",1,13408,"ref_strain",100,1
"4626","01_13585_0100_01",1,13585,"ref_strain",100,1
"4627","01_13762_0100_01",1,13762,"ref_strain",100,1
"4628","01_13841_0100_01",1,13841,"ref_strain",100,1
"4629","01_14085_0100_01",1,14085,"ref_strain",100,1
"4630","01_14353_0100_01",1,14353,"ref_strain",100,1
"4631","01_0022_0101_01",1,22,"ref_strain",101,1
"4632","01_0140_0101_01",1,140,"ref_strain",101,1
"4633","01_0334_0101_01",1,334,"ref_strain",101,1
"4634","01_0631_0101_01",1,631,"ref_strain",101,1
"4635","01_0691_0101_01",1,691,"ref_strain",101,1
"4636","01_0739_0101_01",1,739,"ref_strain",101,1
"4637","01_0777_0101_01",1,777,"ref_strain",101,1
"4638","01_1148_0101_01",1,1148,"ref_strain",101,1
"4639","01_1167_0101_01",1,1167,"ref_strain",101,1
"4640","01_1593_0101_01",1,1593,"ref_strain",101,1
"4641","01_1701_0101_01",1,1701,"ref_strain",101,1
"4642","01_1826_0101_01",1,1826,"ref_strain",101,1
"4643","01_1911_0101_01",1,1911,"ref_strain",101,1
"4644","01_1996_0101_01",1,1996,"ref_strain",101,1
"4645","01_2004_0101_01",1,2004,"ref_strain",101,1
"4646","01_2133_0101_01",1,2133,"ref_strain",101,1
"4647","01_2203_0101_01",1,2203,"ref_strain",101,1
"4648","01_2451_0101_01",1,2451,"ref_strain",101,1
"4649","01_2458_0101_01",1,2458,"ref_strain",101,1
"4650","01_2557_0101_01",1,2557,"ref_strain",101,1
"4651","01_2648_0101_01",1,2648,"ref_strain",101,1
"4652","01_2721_0101_01",1,2721,"ref_strain",101,1
"4653","01_2960_0101_01",1,2960,"ref_strain",101,1
"4654","01_2969_0101_01",1,2969,"ref_strain",101,1
"4655","01_3001_0101_01",1,3001,"ref_strain",101,1
"4656","01_3054_0101_01",1,3054,"ref_strain",101,1
"4657","01_3146_0101_01",1,3146,"ref_strain",101,1
"4658","01_3168_0101_01",1,3168,"ref_strain",101,1
"4659","01_3261_0101_01",1,3261,"ref_strain",101,1
"4660","01_3364_0101_01",1,3364,"ref_strain",101,1
"4661","01_3408_0101_01",1,3408,"ref_strain",101,1
"4662","01_3826_0101_01",1,3826,"ref_strain",101,1
"4663","01_4335_0101_01",1,4335,"ref_strain",101,1
"4664","01_4455_0101_01",1,4455,"ref_strain",101,1
"4665","01_4999_0101_01",1,4999,"ref_strain",101,1
"4666","01_5093_0101_01",1,5093,"ref_strain",101,1
"4667","01_5197_0101_01",1,5197,"ref_strain",101,1
"4668","01_5202_0101_01",1,5202,"ref_strain",101,1
"4669","01_5252_0101_01",1,5252,"ref_strain",101,1
"4670","01_5638_0101_01",1,5638,"ref_strain",101,1
"4671","01_5703_0101_01",1,5703,"ref_strain",101,1
"4672","01_6649_0101_01",1,6649,"ref_strain",101,1
"4673","01_6656_0101_01",1,6656,"ref_strain",101,1
"4674","01_6759_0101_01",1,6759,"ref_strain",101,1
"4675","01_6922_0101_01",1,6922,"ref_strain",101,1
"4676","01_7100_0101_01",1,7100,"ref_strain",101,1
"4677","01_7343_0101_01",1,7343,"ref_strain",101,1
"4678","01_7481_0101_01",1,7481,"ref_strain",101,1
"4679","01_7575_0101_01",1,7575,"ref_strain",101,1
"4680","01_7605_0101_01",1,7605,"ref_strain",101,1
"4681","01_7798_0101_01",1,7798,"ref_strain",101,1
"4682","01_7910_0101_01",1,7910,"ref_strain",101,1
"4683","01_8113_0101_01",1,8113,"ref_strain",101,1
"4684","01_8248_0101_01",1,8248,"ref_strain",101,1
"4685","01_8377_0101_01",1,8377,"ref_strain",101,1
"4686","01_8806_0101_01",1,8806,"ref_strain",101,1
"4687","01_9509_0101_01",1,9509,"ref_strain",101,1
"4688","01_9526_0101_01",1,9526,"ref_strain",101,1
"4689","01_10138_0101_01",1,10138,"ref_strain",101,1
"4690","01_10194_0101_01",1,10194,"ref_strain",101,1
"4691","01_10434_0101_01",1,10434,"ref_strain",101,1
"4692","01_10607_0101_01",1,10607,"ref_strain",101,1
"4693","01_10728_0101_01",1,10728,"ref_strain",101,1
"4694","01_11383_0101_01",1,11383,"ref_strain",101,1
"4695","01_11465_0101_01",1,11465,"ref_strain",101,1
"4696","01_11692_0101_01",1,11692,"ref_strain",101,1
"4697","01_11861_0101_01",1,11861,"ref_strain",101,1
"4698","01_13160_0101_01",1,13160,"ref_strain",101,1
"4699","01_13189_0101_01",1,13189,"ref_strain",101,1
"4700","01_13584_0101_01",1,13584,"ref_strain",101,1
"4701","01_13642_0101_01",1,13642,"ref_strain",101,1
"4702","01_13926_0101_01",1,13926,"ref_strain",101,1
"4703","01_14142_0101_01",1,14142,"ref_strain",101,1
"4704","01_14178_0101_01",1,14178,"ref_strain",101,1
"4705","01_0027_0102_01",1,27,"ref_strain",102,1
"4706","01_0032_0102_01",1,32,"ref_strain",102,1
"4707","01_0290_0102_01",1,290,"ref_strain",102,1
"4708","01_0784_0102_01",1,784,"ref_strain",102,1
"4709","01_0886_0102_01",1,886,"ref_strain",102,1
"4710","01_1217_0102_01",1,1217,"ref_strain",102,1
"4711","01_1423_0102_01",1,1423,"ref_strain",102,1
"4712","01_1556_0102_01",1,1556,"ref_strain",102,1
"4713","01_1908_0102_01",1,1908,"ref_strain",102,1
"4714","01_2098_0102_01",1,2098,"ref_strain",102,1
"4715","01_2144_0102_01",1,2144,"ref_strain",102,1
"4716","01_2604_0102_01",1,2604,"ref_strain",102,1
"4717","01_2796_0102_01",1,2796,"ref_strain",102,1
"4718","01_3128_0102_01",1,3128,"ref_strain",102,1
"4719","01_3774_0102_01",1,3774,"ref_strain",102,1
"4720","01_3953_0102_01",1,3953,"ref_strain",102,1
"4721","01_4290_0102_01",1,4290,"ref_strain",102,1
"4722","01_4359_0102_01",1,4359,"ref_strain",102,1
"4723","01_4745_0102_01",1,4745,"ref_strain",102,1
"4724","01_4841_0102_01",1,4841,"ref_strain",102,1
"4725","01_5217_0102_01",1,5217,"ref_strain",102,1
"4726","01_5273_0102_01",1,5273,"ref_strain",102,1
"4727","01_5324_0102_01",1,5324,"ref_strain",102,1
"4728","01_5326_0102_01",1,5326,"ref_strain",102,1
"4729","01_5623_0102_01",1,5623,"ref_strain",102,1
"4730","01_5869_0102_01",1,5869,"ref_strain",102,1
"4731","01_6073_0102_01",1,6073,"ref_strain",102,1
"4732","01_6658_0102_01",1,6658,"ref_strain",102,1
"4733","01_7366_0102_01",1,7366,"ref_strain",102,1
"4734","01_7539_0102_01",1,7539,"ref_strain",102,1
"4735","01_7614_0102_01",1,7614,"ref_strain",102,1
"4736","01_7623_0102_01",1,7623,"ref_strain",102,1
"4737","01_7824_0102_01",1,7824,"ref_strain",102,1
"4738","01_7866_0102_01",1,7866,"ref_strain",102,1
"4739","01_7937_0102_01",1,7937,"ref_strain",102,1
"4740","01_7938_0102_01",1,7938,"ref_strain",102,1
"4741","01_8090_0102_01",1,8090,"ref_strain",102,1
"4742","01_8929_0102_01",1,8929,"ref_strain",102,1
"4743","01_9411_0102_01",1,9411,"ref_strain",102,1
"4744","01_9464_0102_01",1,9464,"ref_strain",102,1
"4745","01_9720_0102_01",1,9720,"ref_strain",102,1
"4746","01_9870_0102_01",1,9870,"ref_strain",102,1
"4747","01_10231_0102_01",1,10231,"ref_strain",102,1
"4748","01_10782_0102_01",1,10782,"ref_strain",102,1
"4749","01_10894_0102_01",1,10894,"ref_strain",102,1
"4750","01_10922_0102_01",1,10922,"ref_strain",102,1
"4751","01_10948_0102_01",1,10948,"ref_strain",102,1
"4752","01_11237_0102_01",1,11237,"ref_strain",102,1
"4753","01_12004_0102_01",1,12004,"ref_strain",102,1
"4754","01_12119_0102_01",1,12119,"ref_strain",102,1
"4755","01_12224_0102_01",1,12224,"ref_strain",102,1
"4756","01_12528_0102_01",1,12528,"ref_strain",102,1
"4757","01_12645_0102_01",1,12645,"ref_strain",102,1
"4758","01_12679_0102_01",1,12679,"ref_strain",102,1
"4759","01_12937_0102_01",1,12937,"ref_strain",102,1
"4760","01_13530_0102_01",1,13530,"ref_strain",102,1
"4761","01_13603_0102_01",1,13603,"ref_strain",102,1
"4762","01_13705_0102_01",1,13705,"ref_strain",102,1
"4763","01_13792_0102_01",1,13792,"ref_strain",102,1
"4764","01_14195_0102_01",1,14195,"ref_strain",102,1
"4765","01_14199_0102_01",1,14199,"ref_strain",102,1
"4766","01_14201_0102_01",1,14201,"ref_strain",102,1
"4767","01_14462_0102_01",1,14462,"ref_strain",102,1
"4768","01_14487_0102_01",1,14487,"ref_strain",102,1
"4769","01_14496_0102_01",1,14496,"ref_strain",102,1
"4770","01_14556_0102_01",1,14556,"ref_strain",102,1
"4771","01_0468_0103_01",1,468,"ref_strain",103,1
"4772","01_0605_0103_01",1,605,"ref_strain",103,1
"4773","01_0666_0103_01",1,666,"ref_strain",103,1
"4774","01_0887_0103_01",1,887,"ref_strain",103,1
"4775","01_0905_0103_01",1,905,"ref_strain",103,1
"4776","01_1107_0103_01",1,1107,"ref_strain",103,1
"4777","01_1282_0103_01",1,1282,"ref_strain",103,1
"4778","01_1314_0103_01",1,1314,"ref_strain",103,1
"4779","01_1660_0103_01",1,1660,"ref_strain",103,1
"4780","01_1726_0103_01",1,1726,"ref_strain",103,1
"4781","01_2066_0103_01",1,2066,"ref_strain",103,1
"4782","01_2508_0103_01",1,2508,"ref_strain",103,1
"4783","01_3014_0103_01",1,3014,"ref_strain",103,1
"4784","01_3386_0103_01",1,3386,"ref_strain",103,1
"4785","01_3871_0103_01",1,3871,"ref_strain",103,1
"4786","01_3908_0103_01",1,3908,"ref_strain",103,1
"4787","01_4334_0103_01",1,4334,"ref_strain",103,1
"4788","01_4524_0103_01",1,4524,"ref_strain",103,1
"4789","01_4712_0103_01",1,4712,"ref_strain",103,1
"4790","01_4723_0103_01",1,4723,"ref_strain",103,1
"4791","01_4802_0103_01",1,4802,"ref_strain",103,1
"4792","01_4971_0103_01",1,4971,"ref_strain",103,1
"4793","01_5023_0103_01",1,5023,"ref_strain",103,1
"4794","01_5096_0103_01",1,5096,"ref_strain",103,1
"4795","01_5292_0103_01",1,5292,"ref_strain",103,1
"4796","01_5367_0103_01",1,5367,"ref_strain",103,1
"4797","01_5419_0103_01",1,5419,"ref_strain",103,1
"4798","01_5716_0103_01",1,5716,"ref_strain",103,1
"4799","01_5972_0103_01",1,5972,"ref_strain",103,1
"4800","01_6208_0103_01",1,6208,"ref_strain",103,1
"4801","01_6364_0103_01",1,6364,"ref_strain",103,1
"4802","01_6376_0103_01",1,6376,"ref_strain",103,1
"4803","01_6663_0103_01",1,6663,"ref_strain",103,1
"4804","01_6720_0103_01",1,6720,"ref_strain",103,1
"4805","01_6926_0103_01",1,6926,"ref_strain",103,1
"4806","01_7644_0103_01",1,7644,"ref_strain",103,1
"4807","01_7671_0103_01",1,7671,"ref_strain",103,1
"4808","01_8182_0103_01",1,8182,"ref_strain",103,1
"4809","01_8222_0103_01",1,8222,"ref_strain",103,1
"4810","01_8437_0103_01",1,8437,"ref_strain",103,1
"4811","01_8567_0103_01",1,8567,"ref_strain",103,1
"4812","01_8599_0103_01",1,8599,"ref_strain",103,1
"4813","01_8627_0103_01",1,8627,"ref_strain",103,1
"4814","01_8711_0103_01",1,8711,"ref_strain",103,1
"4815","01_8956_0103_01",1,8956,"ref_strain",103,1
"4816","01_9129_0103_01",1,9129,"ref_strain",103,1
"4817","01_9297_0103_01",1,9297,"ref_strain",103,1
"4818","01_9482_0103_01",1,9482,"ref_strain",103,1
"4819","01_9529_0103_01",1,9529,"ref_strain",103,1
"4820","01_9991_0103_01",1,9991,"ref_strain",103,1
"4821","01_10001_0103_01",1,10001,"ref_strain",103,1
"4822","01_10437_0103_01",1,10437,"ref_strain",103,1
"4823","01_10635_0103_01",1,10635,"ref_strain",103,1
"4824","01_11281_0103_01",1,11281,"ref_strain",103,1
"4825","01_11356_0103_01",1,11356,"ref_strain",103,1
"4826","01_11611_0103_01",1,11611,"ref_strain",103,1
"4827","01_11756_0103_01",1,11756,"ref_strain",103,1
"4828","01_11791_0103_01",1,11791,"ref_strain",103,1
"4829","01_11928_0103_01",1,11928,"ref_strain",103,1
"4830","01_12418_0103_01",1,12418,"ref_strain",103,1
"4831","01_13081_0103_01",1,13081,"ref_strain",103,1
"4832","01_13109_0103_01",1,13109,"ref_strain",103,1
"4833","01_13196_0103_01",1,13196,"ref_strain",103,1
"4834","01_13254_0103_01",1,13254,"ref_strain",103,1
"4835","01_13342_0103_01",1,13342,"ref_strain",103,1
"4836","01_13653_0103_01",1,13653,"ref_strain",103,1
"4837","01_14011_0103_01",1,14011,"ref_strain",103,1
"4838","01_14270_0103_01",1,14270,"ref_strain",103,1
"4839","01_14404_0103_01",1,14404,"ref_strain",103,1
"4840","01_14482_0103_01",1,14482,"ref_strain",103,1
"4841","01_14537_0103_01",1,14537,"ref_strain",103,1
"4842","01_0458_0104_01",1,458,"ref_strain",104,1
"4843","01_0521_0104_01",1,521,"ref_strain",104,1
"4844","01_0731_0104_01",1,731,"ref_strain",104,1
"4845","01_0746_0104_01",1,746,"ref_strain",104,1
"4846","01_0987_0104_01",1,987,"ref_strain",104,1
"4847","01_1264_0104_01",1,1264,"ref_strain",104,1
"4848","01_1368_0104_01",1,1368,"ref_strain",104,1
"4849","01_1899_0104_01",1,1899,"ref_strain",104,1
"4850","01_1906_0104_01",1,1906,"ref_strain",104,1
"4851","01_2078_0104_01",1,2078,"ref_strain",104,1
"4852","01_2109_0104_01",1,2109,"ref_strain",104,1
"4853","01_2840_0104_01",1,2840,"ref_strain",104,1
"4854","01_2933_0104_01",1,2933,"ref_strain",104,1
"4855","01_3155_0104_01",1,3155,"ref_strain",104,1
"4856","01_3354_0104_01",1,3354,"ref_strain",104,1
"4857","01_3554_0104_01",1,3554,"ref_strain",104,1
"4858","01_3726_0104_01",1,3726,"ref_strain",104,1
"4859","01_3936_0104_01",1,3936,"ref_strain",104,1
"4860","01_4226_0104_01",1,4226,"ref_strain",104,1
"4861","01_4263_0104_01",1,4263,"ref_strain",104,1
"4862","01_4768_0104_01",1,4768,"ref_strain",104,1
"4863","01_4784_0104_01",1,4784,"ref_strain",104,1
"4864","01_4951_0104_01",1,4951,"ref_strain",104,1
"4865","01_5381_0104_01",1,5381,"ref_strain",104,1
"4866","01_5383_0104_01",1,5383,"ref_strain",104,1
"4867","01_5692_0104_01",1,5692,"ref_strain",104,1
"4868","01_5738_0104_01",1,5738,"ref_strain",104,1
"4869","01_5764_0104_01",1,5764,"ref_strain",104,1
"4870","01_5852_0104_01",1,5852,"ref_strain",104,1
"4871","01_6618_0104_01",1,6618,"ref_strain",104,1
"4872","01_6722_0104_01",1,6722,"ref_strain",104,1
"4873","01_6864_0104_01",1,6864,"ref_strain",104,1
"4874","01_7053_0104_01",1,7053,"ref_strain",104,1
"4875","01_7150_0104_01",1,7150,"ref_strain",104,1
"4876","01_7263_0104_01",1,7263,"ref_strain",104,1
"4877","01_7983_0104_01",1,7983,"ref_strain",104,1
"4878","01_8413_0104_01",1,8413,"ref_strain",104,1
"4879","01_8534_0104_01",1,8534,"ref_strain",104,1
"4880","01_8897_0104_01",1,8897,"ref_strain",104,1
"4881","01_9022_0104_01",1,9022,"ref_strain",104,1
"4882","01_9275_0104_01",1,9275,"ref_strain",104,1
"4883","01_9404_0104_01",1,9404,"ref_strain",104,1
"4884","01_9456_0104_01",1,9456,"ref_strain",104,1
"4885","01_9667_0104_01",1,9667,"ref_strain",104,1
"4886","01_9766_0104_01",1,9766,"ref_strain",104,1
"4887","01_10597_0104_01",1,10597,"ref_strain",104,1
"4888","01_10954_0104_01",1,10954,"ref_strain",104,1
"4889","01_10969_0104_01",1,10969,"ref_strain",104,1
"4890","01_11286_0104_01",1,11286,"ref_strain",104,1
"4891","01_11509_0104_01",1,11509,"ref_strain",104,1
"4892","01_11653_0104_01",1,11653,"ref_strain",104,1
"4893","01_12067_0104_01",1,12067,"ref_strain",104,1
"4894","01_12206_0104_01",1,12206,"ref_strain",104,1
"4895","01_12346_0104_01",1,12346,"ref_strain",104,1
"4896","01_12613_0104_01",1,12613,"ref_strain",104,1
"4897","01_12677_0104_01",1,12677,"ref_strain",104,1
"4898","01_12935_0104_01",1,12935,"ref_strain",104,1
"4899","01_12946_0104_01",1,12946,"ref_strain",104,1
"4900","01_13266_0104_01",1,13266,"ref_strain",104,1
"4901","01_13307_0104_01",1,13307,"ref_strain",104,1
"4902","01_13534_0104_01",1,13534,"ref_strain",104,1
"4903","01_13662_0104_01",1,13662,"ref_strain",104,1
"4904","01_14183_0104_01",1,14183,"ref_strain",104,1
"4905","01_14186_0104_01",1,14186,"ref_strain",104,1
"4906","01_14327_0104_01",1,14327,"ref_strain",104,1
"4907","01_0024_0105_01",1,24,"ref_strain",105,1
"4908","01_0096_0105_01",1,96,"ref_strain",105,1
"4909","01_0206_0105_01",1,206,"ref_strain",105,1
"4910","01_0227_0105_01",1,227,"ref_strain",105,1
"4911","01_0778_0105_01",1,778,"ref_strain",105,1
"4912","01_1476_0105_01",1,1476,"ref_strain",105,1
"4913","01_1742_0105_01",1,1742,"ref_strain",105,1
"4914","01_2000_0105_01",1,2000,"ref_strain",105,1
"4915","01_2159_0105_01",1,2159,"ref_strain",105,1
"4916","01_2410_0105_01",1,2410,"ref_strain",105,1
"4917","01_2520_0105_01",1,2520,"ref_strain",105,1
"4918","01_3136_0105_01",1,3136,"ref_strain",105,1
"4919","01_3971_0105_01",1,3971,"ref_strain",105,1
"4920","01_4054_0105_01",1,4054,"ref_strain",105,1
"4921","01_4079_0105_01",1,4079,"ref_strain",105,1
"4922","01_4177_0105_01",1,4177,"ref_strain",105,1
"4923","01_4308_0105_01",1,4308,"ref_strain",105,1
"4924","01_4659_0105_01",1,4659,"ref_strain",105,1
"4925","01_4868_0105_01",1,4868,"ref_strain",105,1
"4926","01_5182_0105_01",1,5182,"ref_strain",105,1
"4927","01_5191_0105_01",1,5191,"ref_strain",105,1
"4928","01_5407_0105_01",1,5407,"ref_strain",105,1
"4929","01_5529_0105_01",1,5529,"ref_strain",105,1
"4930","01_5571_0105_01",1,5571,"ref_strain",105,1
"4931","01_5700_0105_01",1,5700,"ref_strain",105,1
"4932","01_5983_0105_01",1,5983,"ref_strain",105,1
"4933","01_6029_0105_01",1,6029,"ref_strain",105,1
"4934","01_6205_0105_01",1,6205,"ref_strain",105,1
"4935","01_6273_0105_01",1,6273,"ref_strain",105,1
"4936","01_6833_0105_01",1,6833,"ref_strain",105,1
"4937","01_7032_0105_01",1,7032,"ref_strain",105,1
"4938","01_8080_0105_01",1,8080,"ref_strain",105,1
"4939","01_8543_0105_01",1,8543,"ref_strain",105,1
"4940","01_9025_0105_01",1,9025,"ref_strain",105,1
"4941","01_9339_0105_01",1,9339,"ref_strain",105,1
"4942","01_9340_0105_01",1,9340,"ref_strain",105,1
"4943","01_9359_0105_01",1,9359,"ref_strain",105,1
"4944","01_9755_0105_01",1,9755,"ref_strain",105,1
"4945","01_9771_0105_01",1,9771,"ref_strain",105,1
"4946","01_10131_0105_01",1,10131,"ref_strain",105,1
"4947","01_10393_0105_01",1,10393,"ref_strain",105,1
"4948","01_10842_0105_01",1,10842,"ref_strain",105,1
"4949","01_11099_0105_01",1,11099,"ref_strain",105,1
"4950","01_11287_0105_01",1,11287,"ref_strain",105,1
"4951","01_11387_0105_01",1,11387,"ref_strain",105,1
"4952","01_12099_0105_01",1,12099,"ref_strain",105,1
"4953","01_12550_0105_01",1,12550,"ref_strain",105,1
"4954","01_12724_0105_01",1,12724,"ref_strain",105,1
"4955","01_14024_0105_01",1,14024,"ref_strain",105,1
"4956","01_14131_0105_01",1,14131,"ref_strain",105,1
"4957","01_14145_0105_01",1,14145,"ref_strain",105,1
"4958","01_14233_0105_01",1,14233,"ref_strain",105,1
"4959","01_14433_0105_01",1,14433,"ref_strain",105,1
"4960","01_0705_0106_01",1,705,"ref_strain",106,1
"4961","01_0708_0106_01",1,708,"ref_strain",106,1
"4962","01_0894_0106_01",1,894,"ref_strain",106,1
"4963","01_1137_0106_01",1,1137,"ref_strain",106,1
"4964","01_1737_0106_01",1,1737,"ref_strain",106,1
"4965","01_1738_0106_01",1,1738,"ref_strain",106,1
"4966","01_2084_0106_01",1,2084,"ref_strain",106,1
"4967","01_2152_0106_01",1,2152,"ref_strain",106,1
"4968","01_2166_0106_01",1,2166,"ref_strain",106,1
"4969","01_2671_0106_01",1,2671,"ref_strain",106,1
"4970","01_2682_0106_01",1,2682,"ref_strain",106,1
"4971","01_2695_0106_01",1,2695,"ref_strain",106,1
"4972","01_2763_0106_01",1,2763,"ref_strain",106,1
"4973","01_3858_0106_01",1,3858,"ref_strain",106,1
"4974","01_4100_0106_01",1,4100,"ref_strain",106,1
"4975","01_4426_0106_01",1,4426,"ref_strain",106,1
"4976","01_4701_0106_01",1,4701,"ref_strain",106,1
"4977","01_4952_0106_01",1,4952,"ref_strain",106,1
"4978","01_5038_0106_01",1,5038,"ref_strain",106,1
"4979","01_6203_0106_01",1,6203,"ref_strain",106,1
"4980","01_6256_0106_01",1,6256,"ref_strain",106,1
"4981","01_6342_0106_01",1,6342,"ref_strain",106,1
"4982","01_6343_0106_01",1,6343,"ref_strain",106,1
"4983","01_6568_0106_01",1,6568,"ref_strain",106,1
"4984","01_6766_0106_01",1,6766,"ref_strain",106,1
"4985","01_6899_0106_01",1,6899,"ref_strain",106,1
"4986","01_6912_0106_01",1,6912,"ref_strain",106,1
"4987","01_7094_0106_01",1,7094,"ref_strain",106,1
"4988","01_7495_0106_01",1,7495,"ref_strain",106,1
"4989","01_8047_0106_01",1,8047,"ref_strain",106,1
"4990","01_8166_0106_01",1,8166,"ref_strain",106,1
"4991","01_8501_0106_01",1,8501,"ref_strain",106,1
"4992","01_8630_0106_01",1,8630,"ref_strain",106,1
"4993","01_9224_0106_01",1,9224,"ref_strain",106,1
"4994","01_9825_0106_01",1,9825,"ref_strain",106,1
"4995","01_10340_0106_01",1,10340,"ref_strain",106,1
"4996","01_11178_0106_01",1,11178,"ref_strain",106,1
"4997","01_11183_0106_01",1,11183,"ref_strain",106,1
"4998","01_11185_0106_01",1,11185,"ref_strain",106,1
"4999","01_11710_0106_01",1,11710,"ref_strain",106,1
"5000","01_11808_0106_01",1,11808,"ref_strain",106,1
"5001","01_11874_0106_01",1,11874,"ref_strain",106,1
"5002","01_11991_0106_01",1,11991,"ref_strain",106,1
"5003","01_12254_0106_01",1,12254,"ref_strain",106,1
"5004","01_12624_0106_01",1,12624,"ref_strain",106,1
"5005","01_12705_0106_01",1,12705,"ref_strain",106,1
"5006","01_13217_0106_01",1,13217,"ref_strain",106,1
"5007","01_13261_0106_01",1,13261,"ref_strain",106,1
"5008","01_13435_0106_01",1,13435,"ref_strain",106,1
"5009","01_13668_0106_01",1,13668,"ref_strain",106,1
"5010","01_13772_0106_01",1,13772,"ref_strain",106,1
"5011","01_13898_0106_01",1,13898,"ref_strain",106,1
"5012","01_13923_0106_01",1,13923,"ref_strain",106,1
"5013","01_14053_0106_01",1,14053,"ref_strain",106,1
"5014","01_14064_0106_01",1,14064,"ref_strain",106,1
"5015","01_14123_0106_01",1,14123,"ref_strain",106,1
"5016","01_14526_0106_01",1,14526,"ref_strain",106,1
"5017","01_0405_0107_01",1,405,"ref_strain",107,1
"5018","01_0561_0107_01",1,561,"ref_strain",107,1
"5019","01_0709_0107_01",1,709,"ref_strain",107,1
"5020","01_1709_0107_01",1,1709,"ref_strain",107,1
"5021","01_1758_0107_01",1,1758,"ref_strain",107,1
"5022","01_2553_0107_01",1,2553,"ref_strain",107,1
"5023","01_2811_0107_01",1,2811,"ref_strain",107,1
"5024","01_2855_0107_01",1,2855,"ref_strain",107,1
"5025","01_2951_0107_01",1,2951,"ref_strain",107,1
"5026","01_3334_0107_01",1,3334,"ref_strain",107,1
"5027","01_3454_0107_01",1,3454,"ref_strain",107,1
"5028","01_3951_0107_01",1,3951,"ref_strain",107,1
"5029","01_3969_0107_01",1,3969,"ref_strain",107,1
"5030","01_4367_0107_01",1,4367,"ref_strain",107,1
"5031","01_4771_0107_01",1,4771,"ref_strain",107,1
"5032","01_4886_0107_01",1,4886,"ref_strain",107,1
"5033","01_5007_0107_01",1,5007,"ref_strain",107,1
"5034","01_5183_0107_01",1,5183,"ref_strain",107,1
"5035","01_5437_0107_01",1,5437,"ref_strain",107,1
"5036","01_5658_0107_01",1,5658,"ref_strain",107,1
"5037","01_6793_0107_01",1,6793,"ref_strain",107,1
"5038","01_7120_0107_01",1,7120,"ref_strain",107,1
"5039","01_7190_0107_01",1,7190,"ref_strain",107,1
"5040","01_7270_0107_01",1,7270,"ref_strain",107,1
"5041","01_7374_0107_01",1,7374,"ref_strain",107,1
"5042","01_7850_0107_01",1,7850,"ref_strain",107,1
"5043","01_7860_0107_01",1,7860,"ref_strain",107,1
"5044","01_7926_0107_01",1,7926,"ref_strain",107,1
"5045","01_8729_0107_01",1,8729,"ref_strain",107,1
"5046","01_9360_0107_01",1,9360,"ref_strain",107,1
"5047","01_9372_0107_01",1,9372,"ref_strain",107,1
"5048","01_9942_0107_01",1,9942,"ref_strain",107,1
"5049","01_10036_0107_01",1,10036,"ref_strain",107,1
"5050","01_10550_0107_01",1,10550,"ref_strain",107,1
"5051","01_11004_0107_01",1,11004,"ref_strain",107,1
"5052","01_11299_0107_01",1,11299,"ref_strain",107,1
"5053","01_12001_0107_01",1,12001,"ref_strain",107,1
"5054","01_12275_0107_01",1,12275,"ref_strain",107,1
"5055","01_12301_0107_01",1,12301,"ref_strain",107,1
"5056","01_12362_0107_01",1,12362,"ref_strain",107,1
"5057","01_12719_0107_01",1,12719,"ref_strain",107,1
"5058","01_12773_0107_01",1,12773,"ref_strain",107,1
"5059","01_13044_0107_01",1,13044,"ref_strain",107,1
"5060","01_0144_0108_01",1,144,"ref_strain",108,1
"5061","01_0214_0108_01",1,214,"ref_strain",108,1
"5062","01_0636_0108_01",1,636,"ref_strain",108,1
"5063","01_1083_0108_01",1,1083,"ref_strain",108,1
"5064","01_1195_0108_01",1,1195,"ref_strain",108,1
"5065","01_1224_0108_01",1,1224,"ref_strain",108,1
"5066","01_1676_0108_01",1,1676,"ref_strain",108,1
"5067","01_1766_0108_01",1,1766,"ref_strain",108,1
"5068","01_2016_0108_01",1,2016,"ref_strain",108,1
"5069","01_2910_0108_01",1,2910,"ref_strain",108,1
"5070","01_3314_0108_01",1,3314,"ref_strain",108,1
"5071","01_3340_0108_01",1,3340,"ref_strain",108,1
"5072","01_3384_0108_01",1,3384,"ref_strain",108,1
"5073","01_3448_0108_01",1,3448,"ref_strain",108,1
"5074","01_3800_0108_01",1,3800,"ref_strain",108,1
"5075","01_4002_0108_01",1,4002,"ref_strain",108,1
"5076","01_4030_0108_01",1,4030,"ref_strain",108,1
"5077","01_4101_0108_01",1,4101,"ref_strain",108,1
"5078","01_4246_0108_01",1,4246,"ref_strain",108,1
"5079","01_4248_0108_01",1,4248,"ref_strain",108,1
"5080","01_4440_0108_01",1,4440,"ref_strain",108,1
"5081","01_4559_0108_01",1,4559,"ref_strain",108,1
"5082","01_4605_0108_01",1,4605,"ref_strain",108,1
"5083","01_4658_0108_01",1,4658,"ref_strain",108,1
"5084","01_4699_0108_01",1,4699,"ref_strain",108,1
"5085","01_4966_0108_01",1,4966,"ref_strain",108,1
"5086","01_5343_0108_01",1,5343,"ref_strain",108,1
"5087","01_5408_0108_01",1,5408,"ref_strain",108,1
"5088","01_5544_0108_01",1,5544,"ref_strain",108,1
"5089","01_5678_0108_01",1,5678,"ref_strain",108,1
"5090","01_5827_0108_01",1,5827,"ref_strain",108,1
"5091","01_5839_0108_01",1,5839,"ref_strain",108,1
"5092","01_7222_0108_01",1,7222,"ref_strain",108,1
"5093","01_7432_0108_01",1,7432,"ref_strain",108,1
"5094","01_7434_0108_01",1,7434,"ref_strain",108,1
"5095","01_7699_0108_01",1,7699,"ref_strain",108,1
"5096","01_8334_0108_01",1,8334,"ref_strain",108,1
"5097","01_8368_0108_01",1,8368,"ref_strain",108,1
"5098","01_8490_0108_01",1,8490,"ref_strain",108,1
"5099","01_8880_0108_01",1,8880,"ref_strain",108,1
"5100","01_9740_0108_01",1,9740,"ref_strain",108,1
"5101","01_10123_0108_01",1,10123,"ref_strain",108,1
"5102","01_10672_0108_01",1,10672,"ref_strain",108,1
"5103","01_10712_0108_01",1,10712,"ref_strain",108,1
"5104","01_10837_0108_01",1,10837,"ref_strain",108,1
"5105","01_10848_0108_01",1,10848,"ref_strain",108,1
"5106","01_11140_0108_01",1,11140,"ref_strain",108,1
"5107","01_12786_0108_01",1,12786,"ref_strain",108,1
"5108","01_12963_0108_01",1,12963,"ref_strain",108,1
"5109","01_13550_0108_01",1,13550,"ref_strain",108,1
"5110","01_0671_0109_01",1,671,"ref_strain",109,1
"5111","01_0960_0109_01",1,960,"ref_strain",109,1
"5112","01_1031_0109_01",1,1031,"ref_strain",109,1
"5113","01_1329_0109_01",1,1329,"ref_strain",109,1
"5114","01_1713_0109_01",1,1713,"ref_strain",109,1
"5115","01_2209_0109_01",1,2209,"ref_strain",109,1
"5116","01_2561_0109_01",1,2561,"ref_strain",109,1
"5117","01_2665_0109_01",1,2665,"ref_strain",109,1
"5118","01_2849_0109_01",1,2849,"ref_strain",109,1
"5119","01_2884_0109_01",1,2884,"ref_strain",109,1
"5120","01_3347_0109_01",1,3347,"ref_strain",109,1
"5121","01_3762_0109_01",1,3762,"ref_strain",109,1
"5122","01_4158_0109_01",1,4158,"ref_strain",109,1
"5123","01_4510_0109_01",1,4510,"ref_strain",109,1
"5124","01_5796_0109_01",1,5796,"ref_strain",109,1
"5125","01_5873_0109_01",1,5873,"ref_strain",109,1
"5126","01_6157_0109_01",1,6157,"ref_strain",109,1
"5127","01_6497_0109_01",1,6497,"ref_strain",109,1
"5128","01_6860_0109_01",1,6860,"ref_strain",109,1
"5129","01_6867_0109_01",1,6867,"ref_strain",109,1
"5130","01_7336_0109_01",1,7336,"ref_strain",109,1
"5131","01_7507_0109_01",1,7507,"ref_strain",109,1
"5132","01_7914_0109_01",1,7914,"ref_strain",109,1
"5133","01_8023_0109_01",1,8023,"ref_strain",109,1
"5134","01_8130_0109_01",1,8130,"ref_strain",109,1
"5135","01_8474_0109_01",1,8474,"ref_strain",109,1
"5136","01_8635_0109_01",1,8635,"ref_strain",109,1
"5137","01_9008_0109_01",1,9008,"ref_strain",109,1
"5138","01_9106_0109_01",1,9106,"ref_strain",109,1
"5139","01_9324_0109_01",1,9324,"ref_strain",109,1
"5140","01_9457_0109_01",1,9457,"ref_strain",109,1
"5141","01_10198_0109_01",1,10198,"ref_strain",109,1
"5142","01_10239_0109_01",1,10239,"ref_strain",109,1
"5143","01_10992_0109_01",1,10992,"ref_strain",109,1
"5144","01_11604_0109_01",1,11604,"ref_strain",109,1
"5145","01_12366_0109_01",1,12366,"ref_strain",109,1
"5146","01_12557_0109_01",1,12557,"ref_strain",109,1
"5147","01_12871_0109_01",1,12871,"ref_strain",109,1
"5148","01_13204_0109_01",1,13204,"ref_strain",109,1
"5149","01_13310_0109_01",1,13310,"ref_strain",109,1
"5150","01_13366_0109_01",1,13366,"ref_strain",109,1
"5151","01_13586_0109_01",1,13586,"ref_strain",109,1
"5152","01_13991_0109_01",1,13991,"ref_strain",109,1
"5153","01_14231_0109_01",1,14231,"ref_strain",109,1
"5154","01_14520_0109_01",1,14520,"ref_strain",109,1
"5155","01_0001_0110_01",1,1,"ref_strain",110,1
"5156","01_0199_0110_01",1,199,"ref_strain",110,1
"5157","01_0265_0110_01",1,265,"ref_strain",110,1
"5158","01_0433_0110_01",1,433,"ref_strain",110,1
"5159","01_0459_0110_01",1,459,"ref_strain",110,1
"5160","01_0564_0110_01",1,564,"ref_strain",110,1
"5161","01_0934_0110_01",1,934,"ref_strain",110,1
"5162","01_1049_0110_01",1,1049,"ref_strain",110,1
"5163","01_1183_0110_01",1,1183,"ref_strain",110,1
"5164","01_1369_0110_01",1,1369,"ref_strain",110,1
"5165","01_1437_0110_01",1,1437,"ref_strain",110,1
"5166","01_1526_0110_01",1,1526,"ref_strain",110,1
"5167","01_2316_0110_01",1,2316,"ref_strain",110,1
"5168","01_2613_0110_01",1,2613,"ref_strain",110,1
"5169","01_2664_0110_01",1,2664,"ref_strain",110,1
"5170","01_2748_0110_01",1,2748,"ref_strain",110,1
"5171","01_2789_0110_01",1,2789,"ref_strain",110,1
"5172","01_3135_0110_01",1,3135,"ref_strain",110,1
"5173","01_3429_0110_01",1,3429,"ref_strain",110,1
"5174","01_3535_0110_01",1,3535,"ref_strain",110,1
"5175","01_4307_0110_01",1,4307,"ref_strain",110,1
"5176","01_5225_0110_01",1,5225,"ref_strain",110,1
"5177","01_6124_0110_01",1,6124,"ref_strain",110,1
"5178","01_6291_0110_01",1,6291,"ref_strain",110,1
"5179","01_7200_0110_01",1,7200,"ref_strain",110,1
"5180","01_7418_0110_01",1,7418,"ref_strain",110,1
"5181","01_7514_0110_01",1,7514,"ref_strain",110,1
"5182","01_8647_0110_01",1,8647,"ref_strain",110,1
"5183","01_8669_0110_01",1,8669,"ref_strain",110,1
"5184","01_8866_0110_01",1,8866,"ref_strain",110,1
"5185","01_9684_0110_01",1,9684,"ref_strain",110,1
"5186","01_10325_0110_01",1,10325,"ref_strain",110,1
"5187","01_10357_0110_01",1,10357,"ref_strain",110,1
"5188","01_11144_0110_01",1,11144,"ref_strain",110,1
"5189","01_11951_0110_01",1,11951,"ref_strain",110,1
"5190","01_12165_0110_01",1,12165,"ref_strain",110,1
"5191","01_12204_0110_01",1,12204,"ref_strain",110,1
"5192","01_12222_0110_01",1,12222,"ref_strain",110,1
"5193","01_12436_0110_01",1,12436,"ref_strain",110,1
"5194","01_12479_0110_01",1,12479,"ref_strain",110,1
"5195","01_12627_0110_01",1,12627,"ref_strain",110,1
"5196","01_12638_0110_01",1,12638,"ref_strain",110,1
"5197","01_12847_0110_01",1,12847,"ref_strain",110,1
"5198","01_13186_0110_01",1,13186,"ref_strain",110,1
"5199","01_0598_0111_01",1,598,"ref_strain",111,1
"5200","01_0693_0111_01",1,693,"ref_strain",111,1
"5201","01_1236_0111_01",1,1236,"ref_strain",111,1
"5202","01_1813_0111_01",1,1813,"ref_strain",111,1
"5203","01_2049_0111_01",1,2049,"ref_strain",111,1
"5204","01_2283_0111_01",1,2283,"ref_strain",111,1
"5205","01_2342_0111_01",1,2342,"ref_strain",111,1
"5206","01_2500_0111_01",1,2500,"ref_strain",111,1
"5207","01_3118_0111_01",1,3118,"ref_strain",111,1
"5208","01_3284_0111_01",1,3284,"ref_strain",111,1
"5209","01_3331_0111_01",1,3331,"ref_strain",111,1
"5210","01_3599_0111_01",1,3599,"ref_strain",111,1
"5211","01_3666_0111_01",1,3666,"ref_strain",111,1
"5212","01_4007_0111_01",1,4007,"ref_strain",111,1
"5213","01_4194_0111_01",1,4194,"ref_strain",111,1
"5214","01_5733_0111_01",1,5733,"ref_strain",111,1
"5215","01_5824_0111_01",1,5824,"ref_strain",111,1
"5216","01_5880_0111_01",1,5880,"ref_strain",111,1
"5217","01_6886_0111_01",1,6886,"ref_strain",111,1
"5218","01_7226_0111_01",1,7226,"ref_strain",111,1
"5219","01_7239_0111_01",1,7239,"ref_strain",111,1
"5220","01_7385_0111_01",1,7385,"ref_strain",111,1
"5221","01_7787_0111_01",1,7787,"ref_strain",111,1
"5222","01_8141_0111_01",1,8141,"ref_strain",111,1
"5223","01_8420_0111_01",1,8420,"ref_strain",111,1
"5224","01_8468_0111_01",1,8468,"ref_strain",111,1
"5225","01_8655_0111_01",1,8655,"ref_strain",111,1
"5226","01_9440_0111_01",1,9440,"ref_strain",111,1
"5227","01_9587_0111_01",1,9587,"ref_strain",111,1
"5228","01_9654_0111_01",1,9654,"ref_strain",111,1
"5229","01_9660_0111_01",1,9660,"ref_strain",111,1
"5230","01_9961_0111_01",1,9961,"ref_strain",111,1
"5231","01_10033_0111_01",1,10033,"ref_strain",111,1
"5232","01_10187_0111_01",1,10187,"ref_strain",111,1
"5233","01_10385_0111_01",1,10385,"ref_strain",111,1
"5234","01_10859_0111_01",1,10859,"ref_strain",111,1
"5235","01_11290_0111_01",1,11290,"ref_strain",111,1
"5236","01_11638_0111_01",1,11638,"ref_strain",111,1
"5237","01_12268_0111_01",1,12268,"ref_strain",111,1
"5238","01_12538_0111_01",1,12538,"ref_strain",111,1
"5239","01_12614_0111_01",1,12614,"ref_strain",111,1
"5240","01_12996_0111_01",1,12996,"ref_strain",111,1
"5241","01_13043_0111_01",1,13043,"ref_strain",111,1
"5242","01_13151_0111_01",1,13151,"ref_strain",111,1
"5243","01_13187_0111_01",1,13187,"ref_strain",111,1
"5244","01_13406_0111_01",1,13406,"ref_strain",111,1
"5245","01_13693_0111_01",1,13693,"ref_strain",111,1
"5246","01_14272_0111_01",1,14272,"ref_strain",111,1
"5247","01_14338_0111_01",1,14338,"ref_strain",111,1
"5248","01_14494_0111_01",1,14494,"ref_strain",111,1
"5249","01_14513_0111_01",1,14513,"ref_strain",111,1
"5250","01_0306_0112_01",1,306,"ref_strain",112,1
"5251","01_1033_0112_01",1,1033,"ref_strain",112,1
"5252","01_1312_0112_01",1,1312,"ref_strain",112,1
"5253","01_1559_0112_01",1,1559,"ref_strain",112,1
"5254","01_1725_0112_01",1,1725,"ref_strain",112,1
"5255","01_1798_0112_01",1,1798,"ref_strain",112,1
"5256","01_2002_0112_01",1,2002,"ref_strain",112,1
"5257","01_2126_0112_01",1,2126,"ref_strain",112,1
"5258","01_2179_0112_01",1,2179,"ref_strain",112,1
"5259","01_2383_0112_01",1,2383,"ref_strain",112,1
"5260","01_2689_0112_01",1,2689,"ref_strain",112,1
"5261","01_2720_0112_01",1,2720,"ref_strain",112,1
"5262","01_3309_0112_01",1,3309,"ref_strain",112,1
"5263","01_3444_0112_01",1,3444,"ref_strain",112,1
"5264","01_3559_0112_01",1,3559,"ref_strain",112,1
"5265","01_3891_0112_01",1,3891,"ref_strain",112,1
"5266","01_4169_0112_01",1,4169,"ref_strain",112,1
"5267","01_4596_0112_01",1,4596,"ref_strain",112,1
"5268","01_4681_0112_01",1,4681,"ref_strain",112,1
"5269","01_4799_0112_01",1,4799,"ref_strain",112,1
"5270","01_5421_0112_01",1,5421,"ref_strain",112,1
"5271","01_5810_0112_01",1,5810,"ref_strain",112,1
"5272","01_6338_0112_01",1,6338,"ref_strain",112,1
"5273","01_7444_0112_01",1,7444,"ref_strain",112,1
"5274","01_7532_0112_01",1,7532,"ref_strain",112,1
"5275","01_8169_0112_01",1,8169,"ref_strain",112,1
"5276","01_8947_0112_01",1,8947,"ref_strain",112,1
"5277","01_9189_0112_01",1,9189,"ref_strain",112,1
"5278","01_9695_0112_01",1,9695,"ref_strain",112,1
"5279","01_9995_0112_01",1,9995,"ref_strain",112,1
"5280","01_10137_0112_01",1,10137,"ref_strain",112,1
"5281","01_10274_0112_01",1,10274,"ref_strain",112,1
"5282","01_10500_0112_01",1,10500,"ref_strain",112,1
"5283","01_10961_0112_01",1,10961,"ref_strain",112,1
"5284","01_11113_0112_01",1,11113,"ref_strain",112,1
"5285","01_11282_0112_01",1,11282,"ref_strain",112,1
"5286","01_12609_0112_01",1,12609,"ref_strain",112,1
"5287","01_13274_0112_01",1,13274,"ref_strain",112,1
"5288","01_13275_0112_01",1,13275,"ref_strain",112,1
"5289","01_14223_0112_01",1,14223,"ref_strain",112,1
"5290","01_14303_0112_01",1,14303,"ref_strain",112,1
"5291","01_14415_0112_01",1,14415,"ref_strain",112,1
"5292","01_0049_0113_01",1,49,"ref_strain",113,1
"5293","01_0344_0113_01",1,344,"ref_strain",113,1
"5294","01_1177_0113_01",1,1177,"ref_strain",113,1
"5295","01_1582_0113_01",1,1582,"ref_strain",113,1
"5296","01_1638_0113_01",1,1638,"ref_strain",113,1
"5297","01_2429_0113_01",1,2429,"ref_strain",113,1
"5298","01_3743_0113_01",1,3743,"ref_strain",113,1
"5299","01_3926_0113_01",1,3926,"ref_strain",113,1
"5300","01_4059_0113_01",1,4059,"ref_strain",113,1
"5301","01_4419_0113_01",1,4419,"ref_strain",113,1
"5302","01_4595_0113_01",1,4595,"ref_strain",113,1
"5303","01_5097_0113_01",1,5097,"ref_strain",113,1
"5304","01_5219_0113_01",1,5219,"ref_strain",113,1
"5305","01_5445_0113_01",1,5445,"ref_strain",113,1
"5306","01_5534_0113_01",1,5534,"ref_strain",113,1
"5307","01_5774_0113_01",1,5774,"ref_strain",113,1
"5308","01_6017_0113_01",1,6017,"ref_strain",113,1
"5309","01_6120_0113_01",1,6120,"ref_strain",113,1
"5310","01_6271_0113_01",1,6271,"ref_strain",113,1
"5311","01_6583_0113_01",1,6583,"ref_strain",113,1
"5312","01_6876_0113_01",1,6876,"ref_strain",113,1
"5313","01_6967_0113_01",1,6967,"ref_strain",113,1
"5314","01_7145_0113_01",1,7145,"ref_strain",113,1
"5315","01_7197_0113_01",1,7197,"ref_strain",113,1
"5316","01_7345_0113_01",1,7345,"ref_strain",113,1
"5317","01_7401_0113_01",1,7401,"ref_strain",113,1
"5318","01_7689_0113_01",1,7689,"ref_strain",113,1
"5319","01_8462_0113_01",1,8462,"ref_strain",113,1
"5320","01_9770_0113_01",1,9770,"ref_strain",113,1
"5321","01_10199_0113_01",1,10199,"ref_strain",113,1
"5322","01_10406_0113_01",1,10406,"ref_strain",113,1
"5323","01_10688_0113_01",1,10688,"ref_strain",113,1
"5324","01_11560_0113_01",1,11560,"ref_strain",113,1
"5325","01_11844_0113_01",1,11844,"ref_strain",113,1
"5326","01_12055_0113_01",1,12055,"ref_strain",113,1
"5327","01_12349_0113_01",1,12349,"ref_strain",113,1
"5328","01_12540_0113_01",1,12540,"ref_strain",113,1
"5329","01_12936_0113_01",1,12936,"ref_strain",113,1
"5330","01_12965_0113_01",1,12965,"ref_strain",113,1
"5331","01_12976_0113_01",1,12976,"ref_strain",113,1
"5332","01_13345_0113_01",1,13345,"ref_strain",113,1
"5333","01_13450_0113_01",1,13450,"ref_strain",113,1
"5334","01_13459_0113_01",1,13459,"ref_strain",113,1
"5335","01_14473_0113_01",1,14473,"ref_strain",113,1
"5336","01_0090_0114_01",1,90,"ref_strain",114,1
"5337","01_0244_0114_01",1,244,"ref_strain",114,1
"5338","01_0884_0114_01",1,884,"ref_strain",114,1
"5339","01_1572_0114_01",1,1572,"ref_strain",114,1
"5340","01_1891_0114_01",1,1891,"ref_strain",114,1
"5341","01_2332_0114_01",1,2332,"ref_strain",114,1
"5342","01_2687_0114_01",1,2687,"ref_strain",114,1
"5343","01_4533_0114_01",1,4533,"ref_strain",114,1
"5344","01_5741_0114_01",1,5741,"ref_strain",114,1
"5345","01_5882_0114_01",1,5882,"ref_strain",114,1
"5346","01_6217_0114_01",1,6217,"ref_strain",114,1
"5347","01_6730_0114_01",1,6730,"ref_strain",114,1
"5348","01_6954_0114_01",1,6954,"ref_strain",114,1
"5349","01_7138_0114_01",1,7138,"ref_strain",114,1
"5350","01_7326_0114_01",1,7326,"ref_strain",114,1
"5351","01_8389_0114_01",1,8389,"ref_strain",114,1
"5352","01_8587_0114_01",1,8587,"ref_strain",114,1
"5353","01_8598_0114_01",1,8598,"ref_strain",114,1
"5354","01_8716_0114_01",1,8716,"ref_strain",114,1
"5355","01_8748_0114_01",1,8748,"ref_strain",114,1
"5356","01_9426_0114_01",1,9426,"ref_strain",114,1
"5357","01_9585_0114_01",1,9585,"ref_strain",114,1
"5358","01_9938_0114_01",1,9938,"ref_strain",114,1
"5359","01_10611_0114_01",1,10611,"ref_strain",114,1
"5360","01_12014_0114_01",1,12014,"ref_strain",114,1
"5361","01_12028_0114_01",1,12028,"ref_strain",114,1
"5362","01_12308_0114_01",1,12308,"ref_strain",114,1
"5363","01_12437_0114_01",1,12437,"ref_strain",114,1
"5364","01_12739_0114_01",1,12739,"ref_strain",114,1
"5365","01_12904_0114_01",1,12904,"ref_strain",114,1
"5366","01_13093_0114_01",1,13093,"ref_strain",114,1
"5367","01_13625_0114_01",1,13625,"ref_strain",114,1
"5368","01_13871_0114_01",1,13871,"ref_strain",114,1
"5369","01_14310_0114_01",1,14310,"ref_strain",114,1
"5370","01_14315_0114_01",1,14315,"ref_strain",114,1
"5371","01_0850_0115_01",1,850,"ref_strain",115,1
"5372","01_1079_0115_01",1,1079,"ref_strain",115,1
"5373","01_1172_0115_01",1,1172,"ref_strain",115,1
"5374","01_1816_0115_01",1,1816,"ref_strain",115,1
"5375","01_2235_0115_01",1,2235,"ref_strain",115,1
"5376","01_2995_0115_01",1,2995,"ref_strain",115,1
"5377","01_3160_0115_01",1,3160,"ref_strain",115,1
"5378","01_3817_0115_01",1,3817,"ref_strain",115,1
"5379","01_4085_0115_01",1,4085,"ref_strain",115,1
"5380","01_4183_0115_01",1,4183,"ref_strain",115,1
"5381","01_4207_0115_01",1,4207,"ref_strain",115,1
"5382","01_5745_0115_01",1,5745,"ref_strain",115,1
"5383","01_5966_0115_01",1,5966,"ref_strain",115,1
"5384","01_6525_0115_01",1,6525,"ref_strain",115,1
"5385","01_6539_0115_01",1,6539,"ref_strain",115,1
"5386","01_7059_0115_01",1,7059,"ref_strain",115,1
"5387","01_7091_0115_01",1,7091,"ref_strain",115,1
"5388","01_7645_0115_01",1,7645,"ref_strain",115,1
"5389","01_7903_0115_01",1,7903,"ref_strain",115,1
"5390","01_8159_0115_01",1,8159,"ref_strain",115,1
"5391","01_8581_0115_01",1,8581,"ref_strain",115,1
"5392","01_8693_0115_01",1,8693,"ref_strain",115,1
"5393","01_8991_0115_01",1,8991,"ref_strain",115,1
"5394","01_9395_0115_01",1,9395,"ref_strain",115,1
"5395","01_9479_0115_01",1,9479,"ref_strain",115,1
"5396","01_9665_0115_01",1,9665,"ref_strain",115,1
"5397","01_9779_0115_01",1,9779,"ref_strain",115,1
"5398","01_10452_0115_01",1,10452,"ref_strain",115,1
"5399","01_10530_0115_01",1,10530,"ref_strain",115,1
"5400","01_10811_0115_01",1,10811,"ref_strain",115,1
"5401","01_10867_0115_01",1,10867,"ref_strain",115,1
"5402","01_11312_0115_01",1,11312,"ref_strain",115,1
"5403","01_11407_0115_01",1,11407,"ref_strain",115,1
"5404","01_11921_0115_01",1,11921,"ref_strain",115,1
"5405","01_12160_0115_01",1,12160,"ref_strain",115,1
"5406","01_12909_0115_01",1,12909,"ref_strain",115,1
"5407","01_13137_0115_01",1,13137,"ref_strain",115,1
"5408","01_13183_0115_01",1,13183,"ref_strain",115,1
"5409","01_13638_0115_01",1,13638,"ref_strain",115,1
"5410","01_14146_0115_01",1,14146,"ref_strain",115,1
"5411","01_0296_0116_01",1,296,"ref_strain",116,1
"5412","01_0804_0116_01",1,804,"ref_strain",116,1
"5413","01_2603_0116_01",1,2603,"ref_strain",116,1
"5414","01_2860_0116_01",1,2860,"ref_strain",116,1
"5415","01_2906_0116_01",1,2906,"ref_strain",116,1
"5416","01_2932_0116_01",1,2932,"ref_strain",116,1
"5417","01_3578_0116_01",1,3578,"ref_strain",116,1
"5418","01_4369_0116_01",1,4369,"ref_strain",116,1
"5419","01_4561_0116_01",1,4561,"ref_strain",116,1
"5420","01_4791_0116_01",1,4791,"ref_strain",116,1
"5421","01_4845_0116_01",1,4845,"ref_strain",116,1
"5422","01_5188_0116_01",1,5188,"ref_strain",116,1
"5423","01_6226_0116_01",1,6226,"ref_strain",116,1
"5424","01_6244_0116_01",1,6244,"ref_strain",116,1
"5425","01_6519_0116_01",1,6519,"ref_strain",116,1
"5426","01_6804_0116_01",1,6804,"ref_strain",116,1
"5427","01_6919_0116_01",1,6919,"ref_strain",116,1
"5428","01_7488_0116_01",1,7488,"ref_strain",116,1
"5429","01_7916_0116_01",1,7916,"ref_strain",116,1
"5430","01_8101_0116_01",1,8101,"ref_strain",116,1
"5431","01_8613_0116_01",1,8613,"ref_strain",116,1
"5432","01_9753_0116_01",1,9753,"ref_strain",116,1
"5433","01_9828_0116_01",1,9828,"ref_strain",116,1
"5434","01_9888_0116_01",1,9888,"ref_strain",116,1
"5435","01_10229_0116_01",1,10229,"ref_strain",116,1
"5436","01_10308_0116_01",1,10308,"ref_strain",116,1
"5437","01_11478_0116_01",1,11478,"ref_strain",116,1
"5438","01_11892_0116_01",1,11892,"ref_strain",116,1
"5439","01_12801_0116_01",1,12801,"ref_strain",116,1
"5440","01_12853_0116_01",1,12853,"ref_strain",116,1
"5441","01_13214_0116_01",1,13214,"ref_strain",116,1
"5442","01_13368_0116_01",1,13368,"ref_strain",116,1
"5443","01_14319_0116_01",1,14319,"ref_strain",116,1
"5444","01_14544_0116_01",1,14544,"ref_strain",116,1
"5445","01_0014_0117_01",1,14,"ref_strain",117,1
"5446","01_1719_0117_01",1,1719,"ref_strain",117,1
"5447","01_2318_0117_01",1,2318,"ref_strain",117,1
"5448","01_2539_0117_01",1,2539,"ref_strain",117,1
"5449","01_2555_0117_01",1,2555,"ref_strain",117,1
"5450","01_2691_0117_01",1,2691,"ref_strain",117,1
"5451","01_3486_0117_01",1,3486,"ref_strain",117,1
"5452","01_4911_0117_01",1,4911,"ref_strain",117,1
"5453","01_5818_0117_01",1,5818,"ref_strain",117,1
"5454","01_6113_0117_01",1,6113,"ref_strain",117,1
"5455","01_6673_0117_01",1,6673,"ref_strain",117,1
"5456","01_8040_0117_01",1,8040,"ref_strain",117,1
"5457","01_8083_0117_01",1,8083,"ref_strain",117,1
"5458","01_8264_0117_01",1,8264,"ref_strain",117,1
"5459","01_8432_0117_01",1,8432,"ref_strain",117,1
"5460","01_8861_0117_01",1,8861,"ref_strain",117,1
"5461","01_9235_0117_01",1,9235,"ref_strain",117,1
"5462","01_10075_0117_01",1,10075,"ref_strain",117,1
"5463","01_10316_0117_01",1,10316,"ref_strain",117,1
"5464","01_10780_0117_01",1,10780,"ref_strain",117,1
"5465","01_11145_0117_01",1,11145,"ref_strain",117,1
"5466","01_11423_0117_01",1,11423,"ref_strain",117,1
"5467","01_11648_0117_01",1,11648,"ref_strain",117,1
"5468","01_11673_0117_01",1,11673,"ref_strain",117,1
"5469","01_12154_0117_01",1,12154,"ref_strain",117,1
"5470","01_12474_0117_01",1,12474,"ref_strain",117,1
"5471","01_12595_0117_01",1,12595,"ref_strain",117,1
"5472","01_12962_0117_01",1,12962,"ref_strain",117,1
"5473","01_13568_0117_01",1,13568,"ref_strain",117,1
"5474","01_0183_0118_01",1,183,"ref_strain",118,1
"5475","01_0384_0118_01",1,384,"ref_strain",118,1
"5476","01_1980_0118_01",1,1980,"ref_strain",118,1
"5477","01_2706_0118_01",1,2706,"ref_strain",118,1
"5478","01_3278_0118_01",1,3278,"ref_strain",118,1
"5479","01_3427_0118_01",1,3427,"ref_strain",118,1
"5480","01_3701_0118_01",1,3701,"ref_strain",118,1
"5481","01_3818_0118_01",1,3818,"ref_strain",118,1
"5482","01_3844_0118_01",1,3844,"ref_strain",118,1
"5483","01_4255_0118_01",1,4255,"ref_strain",118,1
"5484","01_5979_0118_01",1,5979,"ref_strain",118,1
"5485","01_6636_0118_01",1,6636,"ref_strain",118,1
"5486","01_7203_0118_01",1,7203,"ref_strain",118,1
"5487","01_7252_0118_01",1,7252,"ref_strain",118,1
"5488","01_7397_0118_01",1,7397,"ref_strain",118,1
"5489","01_8200_0118_01",1,8200,"ref_strain",118,1
"5490","01_9234_0118_01",1,9234,"ref_strain",118,1
"5491","01_9305_0118_01",1,9305,"ref_strain",118,1
"5492","01_10208_0118_01",1,10208,"ref_strain",118,1
"5493","01_11358_0118_01",1,11358,"ref_strain",118,1
"5494","01_11655_0118_01",1,11655,"ref_strain",118,1
"5495","01_11726_0118_01",1,11726,"ref_strain",118,1
"5496","01_11875_0118_01",1,11875,"ref_strain",118,1
"5497","01_12401_0118_01",1,12401,"ref_strain",118,1
"5498","01_13175_0118_01",1,13175,"ref_strain",118,1
"5499","01_13455_0118_01",1,13455,"ref_strain",118,1
"5500","01_14379_0118_01",1,14379,"ref_strain",118,1
"5501","01_0145_0119_01",1,145,"ref_strain",119,1
"5502","01_0585_0119_01",1,585,"ref_strain",119,1
"5503","01_0999_0119_01",1,999,"ref_strain",119,1
"5504","01_1226_0119_01",1,1226,"ref_strain",119,1
"5505","01_2864_0119_01",1,2864,"ref_strain",119,1
"5506","01_3023_0119_01",1,3023,"ref_strain",119,1
"5507","01_5010_0119_01",1,5010,"ref_strain",119,1
"5508","01_5058_0119_01",1,5058,"ref_strain",119,1
"5509","01_5769_0119_01",1,5769,"ref_strain",119,1
"5510","01_6787_0119_01",1,6787,"ref_strain",119,1
"5511","01_7469_0119_01",1,7469,"ref_strain",119,1
"5512","01_7738_0119_01",1,7738,"ref_strain",119,1
"5513","01_7833_0119_01",1,7833,"ref_strain",119,1
"5514","01_8885_0119_01",1,8885,"ref_strain",119,1
"5515","01_10161_0119_01",1,10161,"ref_strain",119,1
"5516","01_10244_0119_01",1,10244,"ref_strain",119,1
"5517","01_10675_0119_01",1,10675,"ref_strain",119,1
"5518","01_10717_0119_01",1,10717,"ref_strain",119,1
"5519","01_11274_0119_01",1,11274,"ref_strain",119,1
"5520","01_11618_0119_01",1,11618,"ref_strain",119,1
"5521","01_12667_0119_01",1,12667,"ref_strain",119,1
"5522","01_13164_0119_01",1,13164,"ref_strain",119,1
"5523","01_13195_0119_01",1,13195,"ref_strain",119,1
"5524","01_13927_0119_01",1,13927,"ref_strain",119,1
"5525","01_14076_0119_01",1,14076,"ref_strain",119,1
"5526","01_14111_0119_01",1,14111,"ref_strain",119,1
"5527","01_0755_0120_01",1,755,"ref_strain",120,1
"5528","01_1456_0120_01",1,1456,"ref_strain",120,1
"5529","01_2149_0120_01",1,2149,"ref_strain",120,1
"5530","01_2262_0120_01",1,2262,"ref_strain",120,1
"5531","01_2395_0120_01",1,2395,"ref_strain",120,1
"5532","01_3505_0120_01",1,3505,"ref_strain",120,1
"5533","01_3975_0120_01",1,3975,"ref_strain",120,1
"5534","01_4478_0120_01",1,4478,"ref_strain",120,1
"5535","01_4722_0120_01",1,4722,"ref_strain",120,1
"5536","01_5102_0120_01",1,5102,"ref_strain",120,1
"5537","01_6890_0120_01",1,6890,"ref_strain",120,1
"5538","01_7879_0120_01",1,7879,"ref_strain",120,1
"5539","01_8708_0120_01",1,8708,"ref_strain",120,1
"5540","01_9187_0120_01",1,9187,"ref_strain",120,1
"5541","01_9616_0120_01",1,9616,"ref_strain",120,1
"5542","01_10291_0120_01",1,10291,"ref_strain",120,1
"5543","01_12957_0120_01",1,12957,"ref_strain",120,1
"5544","01_13497_0120_01",1,13497,"ref_strain",120,1
"5545","01_0068_0121_01",1,68,"ref_strain",121,1
"5546","01_0510_0121_01",1,510,"ref_strain",121,1
"5547","01_2314_0121_01",1,2314,"ref_strain",121,1
"5548","01_2722_0121_01",1,2722,"ref_strain",121,1
"5549","01_3825_0121_01",1,3825,"ref_strain",121,1
"5550","01_4111_0121_01",1,4111,"ref_strain",121,1
"5551","01_6386_0121_01",1,6386,"ref_strain",121,1
"5552","01_6574_0121_01",1,6574,"ref_strain",121,1
"5553","01_7241_0121_01",1,7241,"ref_strain",121,1
"5554","01_8358_0121_01",1,8358,"ref_strain",121,1
"5555","01_9112_0121_01",1,9112,"ref_strain",121,1
"5556","01_9131_0121_01",1,9131,"ref_strain",121,1
"5557","01_9621_0121_01",1,9621,"ref_strain",121,1
"5558","01_9656_0121_01",1,9656,"ref_strain",121,1
"5559","01_11811_0121_01",1,11811,"ref_strain",121,1
"5560","01_12395_0121_01",1,12395,"ref_strain",121,1
"5561","01_12694_0121_01",1,12694,"ref_strain",121,1
"5562","01_13598_0121_01",1,13598,"ref_strain",121,1
"5563","01_13794_0121_01",1,13794,"ref_strain",121,1
"5564","01_14295_0121_01",1,14295,"ref_strain",121,1
"5565","01_14536_0121_01",1,14536,"ref_strain",121,1
"5566","01_0623_0122_01",1,623,"ref_strain",122,1
"5567","01_1945_0122_01",1,1945,"ref_strain",122,1
"5568","01_4793_0122_01",1,4793,"ref_strain",122,1
"5569","01_6588_0122_01",1,6588,"ref_strain",122,1
"5570","01_6660_0122_01",1,6660,"ref_strain",122,1
"5571","01_6751_0122_01",1,6751,"ref_strain",122,1
"5572","01_7347_0122_01",1,7347,"ref_strain",122,1
"5573","01_8038_0122_01",1,8038,"ref_strain",122,1
"5574","01_8702_0122_01",1,8702,"ref_strain",122,1
"5575","01_9394_0122_01",1,9394,"ref_strain",122,1
"5576","01_9672_0122_01",1,9672,"ref_strain",122,1
"5577","01_11138_0122_01",1,11138,"ref_strain",122,1
"5578","01_12252_0122_01",1,12252,"ref_strain",122,1
"5579","01_13324_0122_01",1,13324,"ref_strain",122,1
"5580","01_14063_0122_01",1,14063,"ref_strain",122,1
"5581","01_14539_0122_01",1,14539,"ref_strain",122,1
"5582","01_0008_0123_01",1,8,"ref_strain",123,1
"5583","01_1118_0123_01",1,1118,"ref_strain",123,1
"5584","01_1189_0123_01",1,1189,"ref_strain",123,1
"5585","01_2679_0123_01",1,2679,"ref_strain",123,1
"5586","01_2705_0123_01",1,2705,"ref_strain",123,1
"5587","01_2819_0123_01",1,2819,"ref_strain",123,1
"5588","01_2908_0123_01",1,2908,"ref_strain",123,1
"5589","01_3129_0123_01",1,3129,"ref_strain",123,1
"5590","01_3561_0123_01",1,3561,"ref_strain",123,1
"5591","01_4720_0123_01",1,4720,"ref_strain",123,1
"5592","01_4794_0123_01",1,4794,"ref_strain",123,1
"5593","01_4928_0123_01",1,4928,"ref_strain",123,1
"5594","01_5349_0123_01",1,5349,"ref_strain",123,1
"5595","01_6594_0123_01",1,6594,"ref_strain",123,1
"5596","01_6661_0123_01",1,6661,"ref_strain",123,1
"5597","01_7667_0123_01",1,7667,"ref_strain",123,1
"5598","01_7719_0123_01",1,7719,"ref_strain",123,1
"5599","01_7801_0123_01",1,7801,"ref_strain",123,1
"5600","01_9412_0123_01",1,9412,"ref_strain",123,1
"5601","01_9602_0123_01",1,9602,"ref_strain",123,1
"5602","01_9688_0123_01",1,9688,"ref_strain",123,1
"5603","01_11946_0123_01",1,11946,"ref_strain",123,1
"5604","01_12523_0123_01",1,12523,"ref_strain",123,1
"5605","01_12892_0123_01",1,12892,"ref_strain",123,1
"5606","01_12914_0123_01",1,12914,"ref_strain",123,1
"5607","01_14334_0123_01",1,14334,"ref_strain",123,1
"5608","01_0353_0124_01",1,353,"ref_strain",124,1
"5609","01_0438_0124_01",1,438,"ref_strain",124,1
"5610","01_0489_0124_01",1,489,"ref_strain",124,1
"5611","01_1518_0124_01",1,1518,"ref_strain",124,1
"5612","01_1936_0124_01",1,1936,"ref_strain",124,1
"5613","01_2260_0124_01",1,2260,"ref_strain",124,1
"5614","01_3653_0124_01",1,3653,"ref_strain",124,1
"5615","01_4065_0124_01",1,4065,"ref_strain",124,1
"5616","01_4266_0124_01",1,4266,"ref_strain",124,1
"5617","01_4594_0124_01",1,4594,"ref_strain",124,1
"5618","01_4915_0124_01",1,4915,"ref_strain",124,1
"5619","01_6446_0124_01",1,6446,"ref_strain",124,1
"5620","01_7986_0124_01",1,7986,"ref_strain",124,1
"5621","01_8425_0124_01",1,8425,"ref_strain",124,1
"5622","01_10706_0124_01",1,10706,"ref_strain",124,1
"5623","01_12241_0124_01",1,12241,"ref_strain",124,1
"5624","01_12584_0124_01",1,12584,"ref_strain",124,1
"5625","01_13061_0124_01",1,13061,"ref_strain",124,1
"5626","01_0276_0125_01",1,276,"ref_strain",125,1
"5627","01_0388_0125_01",1,388,"ref_strain",125,1
"5628","01_1621_0125_01",1,1621,"ref_strain",125,1
"5629","01_1856_0125_01",1,1856,"ref_strain",125,1
"5630","01_2051_0125_01",1,2051,"ref_strain",125,1
"5631","01_2804_0125_01",1,2804,"ref_strain",125,1
"5632","01_4552_0125_01",1,4552,"ref_strain",125,1
"5633","01_4636_0125_01",1,4636,"ref_strain",125,1
"5634","01_5947_0125_01",1,5947,"ref_strain",125,1
"5635","01_8933_0125_01",1,8933,"ref_strain",125,1
"5636","01_9204_0125_01",1,9204,"ref_strain",125,1
"5637","01_9348_0125_01",1,9348,"ref_strain",125,1
"5638","01_10267_0125_01",1,10267,"ref_strain",125,1
"5639","01_10806_0125_01",1,10806,"ref_strain",125,1
"5640","01_11441_0125_01",1,11441,"ref_strain",125,1
"5641","01_12700_0125_01",1,12700,"ref_strain",125,1
"5642","01_13105_0125_01",1,13105,"ref_strain",125,1
"5643","01_14414_0125_01",1,14414,"ref_strain",125,1
"5644","01_0968_0126_01",1,968,"ref_strain",126,1
"5645","01_1026_0126_01",1,1026,"ref_strain",126,1
"5646","01_2011_0126_01",1,2011,"ref_strain",126,1
"5647","01_2516_0126_01",1,2516,"ref_strain",126,1
"5648","01_5022_0126_01",1,5022,"ref_strain",126,1
"5649","01_5977_0126_01",1,5977,"ref_strain",126,1
"5650","01_6607_0126_01",1,6607,"ref_strain",126,1
"5651","01_7383_0126_01",1,7383,"ref_strain",126,1
"5652","01_7779_0126_01",1,7779,"ref_strain",126,1
"5653","01_8755_0126_01",1,8755,"ref_strain",126,1
"5654","01_9649_0126_01",1,9649,"ref_strain",126,1
"5655","01_11802_0126_01",1,11802,"ref_strain",126,1
"5656","01_12545_0126_01",1,12545,"ref_strain",126,1
"5657","01_12621_0126_01",1,12621,"ref_strain",126,1
"5658","01_13163_0126_01",1,13163,"ref_strain",126,1
"5659","01_13942_0126_01",1,13942,"ref_strain",126,1
"5660","01_0949_0127_01",1,949,"ref_strain",127,1
"5661","01_2022_0127_01",1,2022,"ref_strain",127,1
"5662","01_2072_0127_01",1,2072,"ref_strain",127,1
"5663","01_2472_0127_01",1,2472,"ref_strain",127,1
"5664","01_2475_0127_01",1,2475,"ref_strain",127,1
"5665","01_2881_0127_01",1,2881,"ref_strain",127,1
"5666","01_3476_0127_01",1,3476,"ref_strain",127,1
"5667","01_4843_0127_01",1,4843,"ref_strain",127,1
"5668","01_6778_0127_01",1,6778,"ref_strain",127,1
"5669","01_8036_0127_01",1,8036,"ref_strain",127,1
"5670","01_9421_0127_01",1,9421,"ref_strain",127,1
"5671","01_10257_0127_01",1,10257,"ref_strain",127,1
"5672","01_11849_0127_01",1,11849,"ref_strain",127,1
"5673","01_12157_0127_01",1,12157,"ref_strain",127,1
"5674","01_13714_0127_01",1,13714,"ref_strain",127,1
"5675","01_3113_0128_01",1,3113,"ref_strain",128,1
"5676","01_3598_0128_01",1,3598,"ref_strain",128,1
"5677","01_5714_0128_01",1,5714,"ref_strain",128,1
"5678","01_6421_0128_01",1,6421,"ref_strain",128,1
"5679","01_8666_0128_01",1,8666,"ref_strain",128,1
"5680","01_8832_0128_01",1,8832,"ref_strain",128,1
"5681","01_10889_0128_01",1,10889,"ref_strain",128,1
"5682","01_12228_0128_01",1,12228,"ref_strain",128,1
"5683","01_13120_0128_01",1,13120,"ref_strain",128,1
"5684","01_0004_0129_01",1,4,"ref_strain",129,1
"5685","01_0737_0129_01",1,737,"ref_strain",129,1
"5686","01_1022_0129_01",1,1022,"ref_strain",129,1
"5687","01_2278_0129_01",1,2278,"ref_strain",129,1
"5688","01_2328_0129_01",1,2328,"ref_strain",129,1
"5689","01_3174_0129_01",1,3174,"ref_strain",129,1
"5690","01_5070_0129_01",1,5070,"ref_strain",129,1
"5691","01_6859_0129_01",1,6859,"ref_strain",129,1
"5692","01_7232_0129_01",1,7232,"ref_strain",129,1
"5693","01_7624_0129_01",1,7624,"ref_strain",129,1
"5694","01_8738_0129_01",1,8738,"ref_strain",129,1
"5695","01_9799_0129_01",1,9799,"ref_strain",129,1
"5696","01_9922_0129_01",1,9922,"ref_strain",129,1
"5697","01_10191_0129_01",1,10191,"ref_strain",129,1
"5698","01_2071_0130_01",1,2071,"ref_strain",130,1
"5699","01_3995_0130_01",1,3995,"ref_strain",130,1
"5700","01_4123_0130_01",1,4123,"ref_strain",130,1
"5701","01_6595_0130_01",1,6595,"ref_strain",130,1
"5702","01_8303_0130_01",1,8303,"ref_strain",130,1
"5703","01_8596_0130_01",1,8596,"ref_strain",130,1
"5704","01_8807_0130_01",1,8807,"ref_strain",130,1
"5705","01_11184_0130_01",1,11184,"ref_strain",130,1
"5706","01_12850_0130_01",1,12850,"ref_strain",130,1
"5707","01_14052_0130_01",1,14052,"ref_strain",130,1
"5708","01_2385_0131_01",1,2385,"ref_strain",131,1
"5709","01_3733_0131_01",1,3733,"ref_strain",131,1
"5710","01_5577_0131_01",1,5577,"ref_strain",131,1
"5711","01_6957_0131_01",1,6957,"ref_strain",131,1
"5712","01_7511_0131_01",1,7511,"ref_strain",131,1
"5713","01_9425_0131_01",1,9425,"ref_strain",131,1
"5714","01_9652_0131_01",1,9652,"ref_strain",131,1
"5715","01_10159_0131_01",1,10159,"ref_strain",131,1
"5716","01_11285_0131_01",1,11285,"ref_strain",131,1
"5717","01_12591_0131_01",1,12591,"ref_strain",131,1
"5718","01_12814_0131_01",1,12814,"ref_strain",131,1
"5719","01_1463_0132_01",1,1463,"ref_strain",132,1
"5720","01_1777_0132_01",1,1777,"ref_strain",132,1
"5721","01_2836_0132_01",1,2836,"ref_strain",132,1
"5722","01_3513_0132_01",1,3513,"ref_strain",132,1
"5723","01_5826_0132_01",1,5826,"ref_strain",132,1
"5724","01_6310_0132_01",1,6310,"ref_strain",132,1
"5725","01_6512_0132_01",1,6512,"ref_strain",132,1
"5726","01_7812_0132_01",1,7812,"ref_strain",132,1
"5727","01_7934_0132_01",1,7934,"ref_strain",132,1
"5728","01_9056_0132_01",1,9056,"ref_strain",132,1
"5729","01_9819_0132_01",1,9819,"ref_strain",132,1
"5730","01_9909_0132_01",1,9909,"ref_strain",132,1
"5731","01_0954_0133_01",1,954,"ref_strain",133,1
"5732","01_1013_0133_01",1,1013,"ref_strain",133,1
"5733","01_1846_0133_01",1,1846,"ref_strain",133,1
"5734","01_2922_0133_01",1,2922,"ref_strain",133,1
"5735","01_4040_0133_01",1,4040,"ref_strain",133,1
"5736","01_7904_0133_01",1,7904,"ref_strain",133,1
"5737","01_10830_0133_01",1,10830,"ref_strain",133,1
"5738","01_11031_0133_01",1,11031,"ref_strain",133,1
"5739","01_12576_0133_01",1,12576,"ref_strain",133,1
"5740","01_14374_0133_01",1,14374,"ref_strain",133,1
"5741","01_0640_0134_01",1,640,"ref_strain",134,1
"5742","01_4392_0134_01",1,4392,"ref_strain",134,1
"5743","01_4565_0134_01",1,4565,"ref_strain",134,1
"5744","01_5025_0134_01",1,5025,"ref_strain",134,1
"5745","01_5340_0134_01",1,5340,"ref_strain",134,1
"5746","01_5356_0134_01",1,5356,"ref_strain",134,1
"5747","01_7446_0134_01",1,7446,"ref_strain",134,1
"5748","01_10457_0134_01",1,10457,"ref_strain",134,1
"5749","01_11425_0134_01",1,11425,"ref_strain",134,1
"5750","01_0740_0135_01",1,740,"ref_strain",135,1
"5751","01_7274_0135_01",1,7274,"ref_strain",135,1
"5752","01_8895_0135_01",1,8895,"ref_strain",135,1
"5753","01_8926_0135_01",1,8926,"ref_strain",135,1
"5754","01_10697_0135_01",1,10697,"ref_strain",135,1
"5755","01_10928_0135_01",1,10928,"ref_strain",135,1
"5756","01_11136_0135_01",1,11136,"ref_strain",135,1
"5757","01_13852_0135_01",1,13852,"ref_strain",135,1
"5758","01_0620_0136_01",1,620,"ref_strain",136,1
"5759","01_3051_0136_01",1,3051,"ref_strain",136,1
"5760","01_4049_0136_01",1,4049,"ref_strain",136,1
"5761","01_4182_0136_01",1,4182,"ref_strain",136,1
"5762","01_7721_0136_01",1,7721,"ref_strain",136,1
"5763","01_13843_0136_01",1,13843,"ref_strain",136,1
"5764","01_0375_0137_01",1,375,"ref_strain",137,1
"5765","01_1641_0137_01",1,1641,"ref_strain",137,1
"5766","01_2239_0137_01",1,2239,"ref_strain",137,1
"5767","01_5883_0137_01",1,5883,"ref_strain",137,1
"5768","01_6556_0137_01",1,6556,"ref_strain",137,1
"5769","01_9239_0137_01",1,9239,"ref_strain",137,1
"5770","01_11213_0137_01",1,11213,"ref_strain",137,1
"5771","01_11701_0137_01",1,11701,"ref_strain",137,1
"5772","01_13472_0137_01",1,13472,"ref_strain",137,1
"5773","01_0457_0138_01",1,457,"ref_strain",138,1
"5774","01_1485_0138_01",1,1485,"ref_strain",138,1
"5775","01_5040_0138_01",1,5040,"ref_strain",138,1
"5776","01_5933_0138_01",1,5933,"ref_strain",138,1
"5777","01_6510_0138_01",1,6510,"ref_strain",138,1
"5778","01_9882_0138_01",1,9882,"ref_strain",138,1
"5779","01_13252_0138_01",1,13252,"ref_strain",138,1
"5780","01_1342_0139_01",1,1342,"ref_strain",139,1
"5781","01_6473_0139_01",1,6473,"ref_strain",139,1
"5782","01_9610_0139_01",1,9610,"ref_strain",139,1
"5783","01_10388_0139_01",1,10388,"ref_strain",139,1
"5784","01_13066_0139_01",1,13066,"ref_strain",139,1
"5785","01_13535_0139_01",1,13535,"ref_strain",139,1
"5786","01_0035_0140_01",1,35,"ref_strain",140,1
"5787","01_0210_0140_01",1,210,"ref_strain",140,1
"5788","01_5305_0140_01",1,5305,"ref_strain",140,1
"5789","01_5519_0140_01",1,5519,"ref_strain",140,1
"5790","01_12646_0140_01",1,12646,"ref_strain",140,1
"5791","01_13355_0140_01",1,13355,"ref_strain",140,1
"5792","01_3992_0141_01",1,3992,"ref_strain",141,1
"5793","01_1332_0142_01",1,1332,"ref_strain",142,1
"5794","01_4746_0142_01",1,4746,"ref_strain",142,1
"5795","01_8076_0142_01",1,8076,"ref_strain",142,1
"5796","01_11842_0142_01",1,11842,"ref_strain",142,1
"5797","01_13485_0142_01",1,13485,"ref_strain",142,1
"5798","01_4271_0143_01",1,4271,"ref_strain",143,1
"5799","01_4416_0143_01",1,4416,"ref_strain",143,1
"5800","01_12302_0143_01",1,12302,"ref_strain",143,1
"5801","01_0149_0144_01",1,149,"ref_strain",144,1
"5802","01_8104_0144_01",1,8104,"ref_strain",144,1
"5803","01_9386_0144_01",1,9386,"ref_strain",144,1
"5804","01_14299_0144_01",1,14299,"ref_strain",144,1
"5805","01_5307_0145_01",1,5307,"ref_strain",145,1
"5806","01_8556_0145_01",1,8556,"ref_strain",145,1
"5807","01_11011_0145_01",1,11011,"ref_strain",145,1
"5808","01_13559_0145_01",1,13559,"ref_strain",145,1
"5809","01_9702_0146_01",1,9702,"ref_strain",146,1
"5810","01_11190_0146_01",1,11190,"ref_strain",146,1
"5811","01_2746_0147_01",1,2746,"ref_strain",147,1
"5812","01_6040_0147_01",1,6040,"ref_strain",147,1
"5813","01_0031_0148_01",1,31,"ref_strain",148,1
"5814","01_7013_0148_01",1,7013,"ref_strain",148,1
"5815","01_0642_0149_01",1,642,"ref_strain",149,1
"5816","01_0957_0149_01",1,957,"ref_strain",149,1
"5817","01_1091_0149_01",1,1091,"ref_strain",149,1
"5818","01_4438_0149_01",1,4438,"ref_strain",149,1
"5819","01_7707_0149_01",1,7707,"ref_strain",149,1
"5820","01_12774_0149_01",1,12774,"ref_strain",149,1
"5821","01_1917_0150_01",1,1917,"ref_strain",150,1
"5822","01_1967_0150_01",1,1967,"ref_strain",150,1
"5823","01_2869_0151_01",1,2869,"ref_strain",151,1
"5824","01_5958_0151_01",1,5958,"ref_strain",151,1
"5825","01_10413_0151_01",1,10413,"ref_strain",151,1
"5826","01_11674_0151_01",1,11674,"ref_strain",151,1
"5827","01_14196_0151_01",1,14196,"ref_strain",151,1
"5828","01_1700_0152_01",1,1700,"ref_strain",152,1
"5829","01_4243_0152_01",1,4243,"ref_strain",152,1
"5830","01_6299_0152_01",1,6299,"ref_strain",152,1
"5831","01_2161_0153_01",1,2161,"ref_strain",153,1
"5832","01_7502_0153_01",1,7502,"ref_strain",153,1
"5833","01_4494_0154_01",1,4494,"ref_strain",154,1
"5834","01_12860_0154_01",1,12860,"ref_strain",154,1
"5835","01_2766_0155_01",1,2766,"ref_strain",155,1
"5836","01_1916_0156_01",1,1916,"ref_strain",156,1
"5837","01_4916_0157_01",1,4916,"ref_strain",157,1
"5838","01_8138_0157_01",1,8138,"ref_strain",157,1
"5839","01_5887_0158_01",1,5887,"ref_strain",158,1
"5840","01_2862_0162_01",1,2862,"ref_strain",162,1
"5841","01_12659_0163_01",1,12659,"ref_strain",163,1
"5842","01_0698_0166_01",1,698,"ref_strain",166,1
"5843","01_12792_0170_01",1,12792,"ref_strain",170,1
