"","host_id","group","infector_id","infector_group","exposure_time","infectious_time","recovery_time"
"1",10449,1,NA,NA,0,0,5
"2",6148,1,NA,NA,0,0,7
"3",8428,1,NA,NA,0,0,6
"4",519,1,NA,NA,0,0,4
"5",9531,1,NA,NA,0,0,6
"6",4304,1,NA,NA,0,0,7
"7",9955,1,8428,1,1,3,8
"8",3993,1,9955,1,4,6,11
"9",14282,1,9955,1,5,7,13
"10",12643,1,6148,1,2,4,9
"11",1254,1,12643,1,5,6,11
"12",2113,1,12643,1,5,7,14
"13",5053,1,9955,1,4,5,12
"14",5346,1,5053,1,6,9,14
"15",9753,1,5053,1,7,10,15
"16",731,1,14282,1,10,11,15
"17",2119,1,2113,1,9,11,16
"18",5403,1,14282,1,8,10,16
"19",6215,1,5346,1,10,11,18
"20",4185,1,7689,1,14,15,23
"21",1518,1,9753,1,12,14,20
"22",7689,1,5346,1,10,12,17
"23",6029,1,1518,1,16,17,22
"24",11543,1,7689,1,13,15,21
"25",14517,1,11355,1,18,19,24
"26",366,1,11355,1,17,20,25
"27",847,1,7689,1,15,19,24
"28",2970,1,7689,1,15,18,22
"29",11355,1,7689,1,13,15,21
"30",589,1,11355,1,18,20,28
"31",3843,1,11355,1,17,19,25
"32",7894,1,847,1,20,21,26
"33",11513,1,6029,1,18,22,26
"34",12100,1,14517,1,20,22,28
"35",11915,1,11171,1,22,24,29
"36",527,1,7894,1,22,24,30
"37",2264,1,7894,1,22,23,28
"38",9873,1,2970,1,20,23,28
"39",10832,1,7894,1,23,24,30
"40",5351,1,2264,1,25,27,32
"41",11171,1,3843,1,20,22,28
"42",13815,1,7894,1,22,24,31
"43",6266,1,2970,1,21,24,29
"44",6872,1,13295,1,26,28,33
"45",7804,1,11513,1,24,26,30
"46",11358,1,9873,1,24,26,31
"47",14385,1,11171,1,23,27,32
"48",12340,1,7804,1,28,29,37
"49",13977,1,6266,1,25,27,33
"50",2465,1,7894,1,22,24,31
"51",8231,1,6266,1,27,30,35
"52",7888,1,6872,1,29,30,35
"53",11123,1,13295,1,27,29,34
"54",9827,1,14385,1,28,30,37
"55",13295,1,527,1,25,26,34
"56",897,1,2264,1,25,29,36
"57",2170,1,14385,1,28,30,34
"58",9565,1,11516,1,31,32,37
"59",10031,1,11320,1,32,33,37
"60",14213,1,6872,1,30,31,38
"61",3107,1,897,1,31,32,36
"62",6150,1,11123,1,29,31,37
"63",11516,1,14385,1,28,29,35
"64",12410,1,11123,1,32,33,38
"65",11320,1,10832,1,27,30,37
"66",13580,1,8231,1,31,33,39
"67",6774,1,12340,1,29,32,37
"68",8940,1,12410,1,34,36,41
"69",9995,1,9827,1,31,32,37
"70",10770,1,12410,1,35,36,42
"71",12873,1,6872,1,30,32,40
"72",2098,1,7888,1,31,32,39
"73",5668,1,12410,1,33,34,39
"74",8298,1,14213,1,31,32,38
"75",9047,1,9565,1,34,36,42
"76",7458,1,6150,1,35,37,43
"77",7732,1,10031,1,35,36,40
"78",8223,1,13580,1,33,35,42
"79",9450,1,7888,1,32,35,42
"80",11405,1,12410,1,36,38,44
"81",711,1,10805,1,36,38,43
"82",2992,1,14213,1,34,35,40
"83",3496,1,10096,1,36,37,42
"84",6776,1,897,1,31,35,42
"85",6971,1,11123,1,33,35,41
"86",10096,1,5668,1,35,36,41
"87",10805,1,14213,1,33,35,40
"88",6477,1,10805,1,36,39,45
"89",7260,1,10031,1,34,37,42
"90",7712,1,11684,1,38,39,43
"91",9363,1,5668,1,36,38,43
"92",13336,1,9047,1,36,38,44
"93",2558,1,12410,1,33,37,44
"94",8353,1,13580,1,36,39,44
"95",8734,1,5668,1,35,38,43
"96",11684,1,2992,1,36,38,44
"97",1047,1,7458,1,38,41,46
"98",1134,1,3737,1,37,40,47
"99",3737,1,12873,1,35,37,43
"100",5119,1,8940,1,39,40,47
"101",6104,1,3230,1,41,42,47
"102",6475,1,10805,1,36,38,44
"103",14198,1,10770,1,40,42,47
"104",2418,1,5119,1,41,43,48
"105",4189,1,2558,1,40,42,48
"106",12394,1,6475,1,38,39,44
"107",13916,1,9363,1,39,41,47
"108",2399,1,12394,1,40,41,48
"109",3829,1,3230,1,42,43,48
"110",2363,1,3230,1,42,45,51
"111",3194,1,5119,1,42,45,50
"112",3230,1,6971,1,38,40,46
"113",3853,1,5119,1,42,43,46
"114",4918,1,1134,1,40,42,49
"115",5043,1,1134,1,41,43,50
"116",6182,1,5119,1,40,43,49
"117",9549,1,12394,1,41,43,48
"118",12507,1,3230,1,41,42,49
"119",13226,1,3496,1,39,42,47
"120",6297,1,7712,1,40,42,49
"121",7087,1,2399,1,43,44,49
"122",9595,1,4189,1,43,44,49
"123",10715,1,6475,1,40,42,47
"124",11222,1,5119,1,41,43,49
"125",12545,1,3829,1,45,46,51
"126",468,1,11222,1,45,46,50
"127",3919,1,3230,1,42,46,53
"128",5701,1,7712,1,40,42,48
"129",6915,1,4189,1,43,45,49
"130",8181,1,14198,1,43,45,51
"131",12991,1,10715,1,45,47,53
"132",4472,1,13226,1,43,45,52
"133",6369,1,8467,1,45,48,53
"134",6705,1,13916,1,43,44,49
"135",8467,1,8734,1,41,45,50
"136",12492,1,8353,1,43,45,49
"137",1018,1,5043,1,44,47,54
"138",5313,1,7087,1,46,48,54
"139",7012,1,14198,1,46,49,55
"140",12096,1,4472,1,46,48,53
"141",3143,1,2363,1,46,48,55
"142",4614,1,5313,1,49,50,57
"143",5499,1,9595,1,46,50,54
"144",6300,1,12545,1,47,49,52
"145",7695,1,3919,1,48,50,56
"146",7940,1,6705,1,45,49,52
"147",8151,1,7087,1,47,49,56
"148",10695,1,13314,1,49,50,54
"149",11748,1,6297,1,45,46,52
"150",4138,1,6648,1,49,51,55
"151",5115,1,6369,1,49,51,57
"152",5427,1,3919,1,47,49,54
"153",5752,1,4472,1,46,47,52
"154",6648,1,7087,1,45,47,52
"155",9397,1,9549,1,46,48,52
"156",1632,1,3143,1,49,51,58
"157",2707,1,12096,1,50,52,59
"158",5792,1,13314,1,50,51,57
"159",5842,1,3829,1,46,48,53
"160",7099,1,2430,1,48,50,55
"161",8240,1,5752,1,48,50,56
"162",10100,1,3919,1,47,48,53
"163",13314,1,1018,1,48,49,53
"164",1203,1,9549,1,45,51,56
"165",2123,1,11748,1,48,49,56
"166",2313,1,3910,1,51,52,56
"167",2430,1,6705,1,45,47,55
"168",2679,1,5752,1,49,51,58
"169",3158,1,5752,1,50,51,56
"170",4030,1,11748,1,47,49,55
"171",4807,1,2430,1,48,51,57
"172",7803,1,12545,1,48,49,55
"173",11360,1,7012,1,50,51,55
"174",284,1,7940,1,49,50,55
"175",2651,1,7012,1,50,51,57
"176",3083,1,2313,1,53,54,58
"177",5266,1,10100,1,49,52,57
"178",7290,1,3919,1,48,50,56
"179",11116,1,13314,1,50,52,57
"180",13947,1,3158,1,53,54,60
"181",14022,1,7940,1,51,52,55
"182",14049,1,9595,1,48,50,56
"183",14504,1,6171,1,53,54,59
"184",1747,1,6300,1,50,52,58
"185",2998,1,2707,1,53,55,60
"186",3910,1,6705,1,47,49,56
"187",4663,1,10100,1,50,52,57
"188",5369,1,6300,1,50,52,57
"189",8021,1,4663,1,53,55,60
"190",8642,1,2582,1,53,54,58
"191",10423,1,2707,1,53,54,60
"192",11719,1,7290,1,52,53,57
"193",12348,1,2313,1,53,54,59
"194",14380,1,7099,1,53,55,61
"195",712,1,5318,1,55,56,61
"196",948,1,4807,1,52,53,60
"197",1366,1,5266,1,54,56,61
"198",4552,1,5369,1,53,55,58
"199",5196,1,948,1,54,55,62
"200",6171,1,2707,1,52,53,58
"201",6839,1,948,1,54,55,59
"202",7010,1,948,1,54,56,62
"203",9442,1,4663,1,53,56,62
"204",9523,1,1747,1,53,55,61
"205",12468,1,6171,1,54,56,63
"206",14320,1,5313,1,49,52,57
"207",2381,1,1747,1,52,56,60
"208",2582,1,468,1,48,50,58
"209",2825,1,948,1,55,56,65
"210",3836,1,13314,1,51,52,58
"211",5117,1,5427,1,50,52,60
"212",5348,1,7099,1,52,54,60
"213",5455,1,12700,1,55,56,60
"214",7933,1,6212,1,54,56,63
"215",8022,1,1632,1,52,54,60
"216",9058,1,14049,1,52,54,60
"217",600,1,6839,1,56,58,61
"218",1195,1,12700,1,56,58,63
"219",1759,1,10695,1,52,55,61
"220",4282,1,11116,1,55,58,64
"221",4310,1,11360,1,53,56,61
"222",5731,1,9058,1,55,57,61
"223",6208,1,8240,1,51,54,59
"224",6212,1,1632,1,52,53,59
"225",7833,1,284,1,51,54,60
"226",9525,1,3158,1,53,55,59
"227",9945,1,8151,1,53,56,61
"228",10886,1,1747,1,54,56,62
"229",12258,1,2313,1,54,56,61
"230",12642,1,12348,1,55,56,61
"231",12668,1,5792,1,53,55,60
"232",12700,1,5115,1,53,54,59
"233",738,1,10423,1,56,58,63
"234",1629,1,3479,1,58,59,64
"235",2369,1,9058,1,55,56,62
"236",2709,1,10695,1,53,55,60
"237",4307,1,11116,1,54,57,62
"238",4621,1,6208,1,55,57,65
"239",5318,1,3158,1,53,55,60
"240",5859,1,948,1,56,57,62
"241",8042,1,6212,1,54,57,63
"242",9055,1,11116,1,53,56,61
"243",10437,1,6212,1,54,55,60
"244",10506,1,7933,1,58,59,64
"245",10876,1,5348,1,55,57,61
"246",1714,1,13546,1,59,60,64
"247",2517,1,7010,1,57,58,65
"248",2916,1,5266,1,54,57,61
"249",3479,1,948,1,55,57,62
"250",3574,1,3083,1,56,58,63
"251",3642,1,6171,1,54,56,61
"252",4134,1,12668,1,56,57,62
"253",5466,1,12700,1,56,58,62
"254",7294,1,5859,1,59,60,65
"255",10611,1,13947,1,55,58,61
"256",10910,1,8642,1,57,59,64
"257",12767,1,8021,1,57,58,64
"258",13429,1,12700,1,55,57,62
"259",13708,1,1759,1,56,58,64
"260",14294,1,6212,1,53,58,62
"261",16,1,14294,1,59,60,64
"262",399,1,4134,1,59,60,65
"263",653,1,948,1,55,57,62
"264",871,1,5774,1,60,61,68
"265",999,1,2709,1,57,58,66
"266",2169,1,12642,1,57,58,62
"267",5774,1,12642,1,57,58,63
"268",6099,1,12258,1,58,61,66
"269",11158,1,11719,1,56,58,63
"270",11630,1,9058,1,58,60,65
"271",12714,1,6839,1,57,61,66
"272",755,1,2998,1,56,57,63
"273",1037,1,3083,1,55,58,64
"274",1776,1,3642,1,57,59,64
"275",1857,1,8642,1,57,60,66
"276",7250,1,1366,1,57,59,63
"277",9665,1,2381,1,59,60,65
"278",9672,1,7250,1,60,61,65
"279",10335,1,1195,1,60,61,66
"280",10705,1,3083,1,55,59,64
"281",11729,1,3642,1,57,59,63
"282",11859,1,9525,1,56,57,63
"283",13225,1,4621,1,59,62,68
"284",13546,1,7833,1,55,58,64
"285",13863,1,972,1,60,61,65
"286",14491,1,10592,1,60,61,67
"287",972,1,4310,1,58,60,64
"288",1211,1,1776,1,59,62,67
"289",1263,1,11906,1,61,63,68
"290",1990,1,11158,1,59,61,66
"291",4433,1,653,1,59,61,64
"292",4991,1,11810,1,60,61,66
"293",5320,1,1629,1,60,61,69
"294",5322,1,13429,1,58,60,65
"295",5537,1,13546,1,59,61,67
"296",5962,1,1037,1,60,61,68
"297",8493,1,3479,1,58,61,65
"298",8510,1,12642,1,59,60,64
"299",10104,1,7010,1,58,61,66
"300",10592,1,8042,1,57,59,65
"301",11275,1,5348,1,55,60,65
"302",11415,1,5731,1,58,60,65
"303",11810,1,7833,1,56,59,65
"304",11906,1,7933,1,57,58,67
"305",12908,1,9016,1,62,63,67
"306",13595,1,2916,1,60,62,68
"307",13650,1,11859,1,59,62,66
"308",14254,1,11158,1,60,61,68
"309",866,1,560,1,60,62,70
"310",1452,1,11158,1,59,61,65
"311",1946,1,5560,1,63,64,68
"312",2175,1,5731,1,59,60,66
"313",3183,1,10910,1,61,64,69
"314",5114,1,738,1,59,60,65
"315",5160,1,11810,1,60,62,68
"316",5560,1,2709,1,59,62,67
"317",5956,1,5320,1,62,63,68
"318",6883,1,5774,1,59,60,65
"319",7379,1,4991,1,61,62,67
"320",8183,1,7847,1,61,62,67
"321",8451,1,5196,1,57,59,65
"322",8544,1,11906,1,59,61,68
"323",8759,1,14254,1,62,63,68
"324",9934,1,12348,1,58,60,67
"325",10264,1,3574,1,59,61,67
"326",10484,1,1776,1,60,62,67
"327",10949,1,11415,1,61,62,67
"328",11251,1,14294,1,59,62,67
"329",11668,1,10910,1,61,63,68
"330",12224,1,8451,1,61,62,66
"331",12477,1,3479,1,60,63,68
"332",13218,1,10563,1,62,63,68
"333",560,1,10886,1,57,60,67
"334",2491,1,11729,1,60,63,70
"335",3718,1,6212,1,58,60,67
"336",3991,1,10592,1,63,64,69
"337",5216,1,14294,1,60,62,69
"338",5364,1,1037,1,60,63,69
"339",6329,1,8021,1,58,62,66
"340",6491,1,9031,1,64,65,70
"341",7122,1,8183,1,63,64,69
"342",7262,1,8451,1,63,64,70
"343",7313,1,1195,1,59,61,66
"344",7483,1,7010,1,58,61,66
"345",8809,1,999,1,59,62,67
"346",8893,1,8042,1,58,62,68
"347",9016,1,4549,1,59,61,66
"348",9574,1,972,1,60,63,68
"349",10361,1,5466,1,61,64,69
"350",10563,1,8042,1,58,60,66
"351",11769,1,1452,1,62,65,69
"352",12216,1,4621,1,59,62,66
"353",12527,1,10705,1,60,62,67
"354",13310,1,10910,1,60,62,66
"355",13652,1,10705,1,60,62,68
"356",13975,1,13310,1,63,64,72
"357",14011,1,13218,1,64,65,71
"358",14056,1,5320,1,63,64,70
"359",267,1,5537,1,62,63,69
"360",551,1,1211,1,64,66,70
"361",1885,1,4260,1,64,65,70
"362",2739,1,4549,1,61,63,71
"363",3649,1,10910,1,63,65,71
"364",3807,1,8809,1,63,65,71
"365",3881,1,8893,1,64,66,72
"366",4083,1,7294,1,61,64,71
"367",5185,1,5537,1,62,65,71
"368",5312,1,1776,1,60,63,68
"369",6821,1,5216,1,63,66,72
"370",7111,1,7294,1,62,65,70
"371",7847,1,2709,1,58,60,68
"372",7882,1,11859,1,60,61,67
"373",8597,1,8451,1,59,62,69
"374",9206,1,9016,1,62,64,69
"375",10140,1,13310,1,64,66,73
"376",10356,1,13310,1,64,66,70
"377",10822,1,866,1,63,64,68
"378",11049,1,11729,1,60,64,69
"379",12784,1,10876,1,59,61,67
"380",13111,1,13652,1,64,65,69
"381",13189,1,7379,1,64,65,70
"382",13278,1,13218,1,64,66,72
"383",14134,1,4433,1,62,65,69
"384",288,1,9574,1,64,66,71
"385",1041,1,13650,1,63,66,72
"386",1356,1,9736,1,64,66,71
"387",1903,1,7483,1,65,67,71
"388",3113,1,12086,1,65,66,72
"389",3421,1,13189,1,66,67,72
"390",4123,1,11810,1,60,63,71
"391",4260,1,7379,1,62,63,68
"392",4452,1,4664,1,64,66,72
"393",4549,1,7833,1,55,59,68
"394",6291,1,8759,1,64,65,72
"395",7970,1,4549,1,61,64,69
"396",8595,1,12908,1,64,67,72
"397",8679,1,399,1,62,63,68
"398",9693,1,2175,1,62,65,70
"399",9748,1,10506,1,61,63,70
"400",10188,1,7847,1,61,64,69
"401",10888,1,9748,1,64,66,69
"402",10914,1,5956,1,64,65,70
"403",11444,1,13225,1,65,66,72
"404",11607,1,7817,1,65,67,72
"405",12086,1,11906,1,61,64,70
"406",12092,1,6115,1,64,66,71
"407",12305,1,8544,1,63,64,70
"408",13191,1,7847,1,61,64,68
"409",13322,1,9736,1,65,67,71
"410",13402,1,11251,1,63,65,70
"411",270,1,8544,1,62,64,69
"412",394,1,9665,1,62,64,69
"413",1123,1,3807,1,66,67,72
"414",1952,1,7111,1,66,68,73
"415",4149,1,8183,1,63,66,72
"416",4664,1,8893,1,63,64,69
"417",5795,1,14056,1,65,66,72
"418",5857,1,9218,1,65,68,73
"419",6115,1,10910,1,61,63,71
"420",6132,1,11634,1,65,68,74
"421",6937,1,1990,1,64,66,73
"422",7030,1,12086,1,65,67,71
"423",7817,1,5114,1,62,63,69
"424",8085,1,7145,1,65,66,71
"425",9031,1,755,1,59,63,69
"426",10274,1,8510,1,61,63,69
"427",10339,1,11251,1,63,65,69
"428",11096,1,8597,1,63,67,74
"429",11634,1,972,1,62,63,69
"430",12957,1,8679,1,64,67,72
"431",13058,1,14134,1,65,66,72
"432",13224,1,13191,1,65,66,71
"433",13510,1,8183,1,63,65,70
"434",14510,1,8679,1,64,65,71
"435",470,1,11634,1,64,68,72
"436",941,1,9693,1,66,67,72
"437",1216,1,5185,1,66,68,74
"438",1328,1,7315,1,67,69,73
"439",1821,1,7379,1,65,67,74
"440",2016,1,1990,1,61,63,70
"441",3579,1,9934,1,62,65,71
"442",3721,1,9736,1,66,68,74
"443",3726,1,7970,1,65,67,72
"444",3784,1,5,1,67,69,77
"445",6766,1,4260,1,65,69,73
"446",6792,1,3579,1,66,68,74
"447",7145,1,9672,1,62,64,71
"448",7501,1,8679,1,64,65,73
"449",8214,1,1946,1,66,67,73
"450",8964,1,9218,1,65,68,73
"451",9218,1,8893,1,62,63,70
"452",9532,1,5185,1,67,69,73
"453",9647,1,8759,1,65,66,72
"454",9712,1,6329,1,64,68,73
"455",9736,1,5216,1,63,64,71
"456",9961,1,2739,1,65,66,72
"457",10129,1,2491,1,65,68,73
"458",11694,1,6329,1,62,66,70
"459",11932,1,8520,1,67,69,74
"460",12797,1,6491,1,67,68,72
"461",12962,1,7970,1,64,69,76
"462",14127,1,3183,1,66,68,76
"463",990,1,1263,1,65,68,74
"464",2961,1,5956,1,65,67,71
"465",3858,1,3807,1,65,66,72
"466",3957,1,4083,1,67,69,72
"467",4084,1,10104,1,63,68,72
"468",4338,1,5160,1,63,65,71
"469",4566,1,8476,1,68,70,75
"470",4869,1,5185,1,66,69,75
"471",5814,1,10104,1,63,66,72
"472",6058,1,4123,1,65,68,73
"473",6364,1,7847,1,61,67,72
"474",6746,1,10888,1,67,68,76
"475",7315,1,10335,1,63,66,72
"476",8520,1,9748,1,64,65,71
"477",8576,1,8085,1,69,70,77
"478",8748,1,1062,1,69,70,74
"479",10952,1,12092,1,67,69,75
"480",11154,1,5160,1,64,66,71
"481",11571,1,7145,1,65,70,76
"482",11827,1,12527,1,64,67,72
"483",11856,1,3807,1,67,68,74
"484",14088,1,9748,1,65,66,73
"485",14253,1,2169,1,59,62,71
"486",5,1,10188,1,65,66,73
"487",709,1,13402,1,69,71,76
"488",869,1,11769,1,66,67,72
"489",1062,1,4839,1,67,68,73
"490",1552,1,267,1,67,68,73
"491",1624,1,3726,1,68,69,75
"492",2059,1,8476,1,68,71,75
"493",2330,1,6937,1,69,71,77
"494",2482,1,5364,1,64,68,74
"495",2565,1,3807,1,66,67,73
"496",4066,1,1123,1,70,71,77
"497",5754,1,11444,1,67,68,72
"498",5968,1,5185,1,65,66,72
"499",6811,1,8808,1,69,71,75
"500",7516,1,3807,1,66,69,74
"501",7526,1,338,1,70,71,75
"502",8674,1,926,1,65,67,73
"503",9509,1,13189,1,68,69,73
"504",10828,1,5216,1,64,67,72
"505",11705,1,5,1,69,71,77
"506",11728,1,6491,1,66,70,75
"507",12720,1,990,1,68,69,72
"508",12726,1,12305,1,66,70,74
"509",13079,1,3991,1,66,69,75
"510",13281,1,10743,1,70,71,75
"511",14100,1,3881,1,68,71,75
"512",321,1,14011,1,67,69,74
"513",338,1,7970,1,67,69,73
"514",831,1,7501,1,67,70,73
"515",926,1,5466,1,59,64,73
"516",933,1,5968,1,67,68,73
"517",1766,1,14177,1,71,72,78
"518",2064,1,3106,1,69,71,76
"519",2160,1,3421,1,67,69,75
"520",2197,1,5857,1,70,72,79
"521",2600,1,12086,1,67,71,75
"522",2648,1,7262,1,66,69,74
"523",2772,1,11444,1,68,70,76
"524",3106,1,3183,1,65,68,74
"525",3197,1,338,1,69,70,75
"526",3204,1,1821,1,70,72,77
"527",3583,1,10743,1,70,72,79
"528",3800,1,3721,1,70,72,77
"529",3951,1,14510,1,67,68,75
"530",3960,1,9748,1,65,67,74
"531",4296,1,7501,1,66,67,73
"532",4496,1,551,1,69,70,75
"533",4596,1,6937,1,68,69,76
"534",5938,1,7770,1,68,70,74
"535",6307,1,13111,1,65,67,73
"536",6456,1,5754,1,69,70,74
"537",6614,1,8214,1,68,69,74
"538",6634,1,869,1,69,71,75
"539",6694,1,4566,1,71,72,77
"540",6924,1,8214,1,70,71,76
"541",7770,1,3649,1,66,68,74
"542",8110,1,8085,1,68,71,76
"543",8585,1,2565,1,68,70,75
"544",8782,1,869,1,70,72,79
"545",8960,1,5968,1,67,69,74
"546",8962,1,13395,1,70,71,75
"547",9020,1,2961,1,68,70,77
"548",9334,1,7145,1,69,71,77
"549",10312,1,5185,1,67,70,76
"550",10511,1,13191,1,65,67,75
"551",10855,1,4338,1,66,69,75
"552",11703,1,13975,1,67,71,76
"553",11910,1,3579,1,68,71,75
"554",12004,1,11154,1,67,69,74
"555",12956,1,2648,1,70,72,76
"556",13667,1,11769,1,66,67,73
"557",14412,1,4296,1,69,70,75
"558",237,1,1287,1,70,71,76
"559",269,1,1903,1,70,71,75
"560",429,1,10743,1,70,73,80
"561",599,1,3951,1,68,70,74
"562",1236,1,13986,1,70,72,76
"563",1287,1,4839,1,67,69,74
"564",1565,1,3197,1,71,73,77
"565",1745,1,288,1,70,71,77
"566",1826,1,10511,1,68,70,75
"567",1881,1,1123,1,69,71,75
"568",1957,1,7946,1,70,72,78
"569",2024,1,2772,1,72,73,79
"570",2485,1,12957,1,70,73,77
"571",2687,1,10828,1,68,70,76
"572",3097,1,10511,1,70,71,76
"573",3154,1,6058,1,70,72,77
"574",3513,1,4839,1,67,69,74
"575",3619,1,1885,1,66,69,77
"576",3834,1,13297,1,70,72,78
"577",4128,1,869,1,69,70,75
"578",4705,1,9334,1,72,73,77
"579",4839,1,10822,1,65,66,74
"580",4863,1,3957,1,70,73,77
"581",4980,1,11444,1,66,68,74
"582",5171,1,7378,1,71,73,79
"583",5399,1,4566,1,71,73,78
"584",5655,1,288,1,67,69,75
"585",5923,1,11769,1,68,72,77
"586",6111,1,5201,1,71,72,77
"587",6330,1,8576,1,71,73,80
"588",6551,1,12962,1,70,72,78
"589",6909,1,5754,1,71,72,77
"590",7378,1,3421,1,68,70,75
"591",7424,1,1356,1,69,71,75
"592",7946,1,13111,1,67,69,74
"593",8040,1,8748,1,71,72,79
"594",8090,1,1123,1,68,71,77
"595",8476,1,8893,1,64,66,76
"596",8740,1,8808,1,69,72,78
"597",8808,1,10339,1,66,68,76
"598",9041,1,6058,1,70,72,76
"599",9050,1,926,1,66,69,76
"600",9580,1,6132,1,70,71,75
"601",9658,1,4596,1,71,72,78
"602",9893,1,8674,1,70,72,75
"603",10125,1,13402,1,67,69,75
"604",10743,1,3991,1,66,69,77
"605",10995,1,9952,1,72,73,78
"606",11525,1,8595,1,70,73,80
"607",12623,1,10888,1,68,70,74
"608",12728,1,8520,1,67,69,75
"609",13297,1,270,1,66,68,75
"610",13395,1,3183,1,67,69,75
"611",13597,1,3513,1,70,72,77
"612",13606,1,3960,1,69,71,77
"613",13663,1,11769,1,67,68,74
"614",13986,1,6937,1,66,68,75
"615",14394,1,14011,1,66,67,74
"616",533,1,5624,1,72,74,79
"617",1089,1,7424,1,72,74,80
"618",1522,1,3619,1,69,72,77
"619",1545,1,13058,1,68,69,77
"620",2303,1,14394,1,68,71,77
"621",2350,1,270,1,66,69,75
"622",2585,1,4507,1,70,72,77
"623",2972,1,7111,1,66,70,77
"624",3549,1,4946,1,72,73,77
"625",4507,1,1356,1,67,69,75
"626",4946,1,4869,1,70,71,77
"627",5529,1,4980,1,72,74,81
"628",5624,1,14011,1,67,71,76
"629",5716,1,9409,1,72,74,81
"630",5723,1,3649,1,66,72,78
"631",5806,1,11932,1,70,72,78
"632",6034,1,13189,1,68,69,75
"633",6243,1,2219,1,71,73,78
"634",6837,1,4869,1,70,72,78
"635",7392,1,321,1,69,71,76
"636",7627,1,4128,1,71,73,78
"637",7819,1,2600,1,72,74,81
"638",8474,1,3579,1,66,71,78
"639",8987,1,990,1,69,70,75
"640",9305,1,1545,1,70,72,78
"641",9380,1,1624,1,71,74,79
"642",9700,1,4452,1,68,71,76
"643",10278,1,8740,1,73,74,79
"644",10435,1,8962,1,72,74,78
"645",11107,1,13278,1,69,71,75
"646",11737,1,8987,1,71,72,78
"647",12302,1,13615,1,73,74,78
"648",12674,1,12004,1,71,74,80
"649",12779,1,1533,1,72,74,79
"650",12872,1,6307,1,68,70,77
"651",13615,1,1952,1,69,71,76
"652",13766,1,6132,1,70,71,77
"653",14177,1,10888,1,68,70,75
"654",14247,1,2016,1,66,68,75
"655",544,1,11607,1,68,71,77
"656",572,1,990,1,69,71,77
"657",1160,1,14247,1,69,71,76
"658",1420,1,11856,1,70,72,80
"659",1533,1,5814,1,69,71,76
"660",1605,1,1160,1,72,73,78
"661",2282,1,7378,1,72,73,79
"662",2451,1,2600,1,72,74,80
"663",3423,1,2064,1,72,74,80
"664",3457,1,1766,1,73,74,78
"665",3752,1,10333,1,73,74,79
"666",4266,1,13986,1,70,72,76
"667",4287,1,6821,1,67,70,76
"668",4404,1,5938,1,71,72,78
"669",4971,1,11827,1,69,71,76
"670",4986,1,10926,1,73,74,78
"671",5201,1,9712,1,69,70,76
"672",5245,1,9334,1,74,75,81
"673",5290,1,288,1,68,71,76
"674",5439,1,4827,1,74,75,80
"675",5735,1,1745,1,72,73,78
"676",5917,1,1160,1,72,73,78
"677",6290,1,1952,1,69,74,80
"678",6370,1,4287,1,72,73,77
"679",6373,1,9305,1,73,75,82
"680",6619,1,11956,1,72,73,80
"681",6623,1,2972,1,71,74,79
"682",7158,1,10743,1,70,72,78
"683",7160,1,7378,1,72,74,80
"684",7685,1,10926,1,74,75,79
"685",8098,1,9050,1,71,72,80
"686",8317,1,6034,1,70,72,76
"687",8554,1,13395,1,69,71,77
"688",8891,1,10888,1,67,70,76
"689",8910,1,1624,1,69,72,76
"690",9277,1,1552,1,69,72,77
"691",9409,1,8585,1,70,72,76
"692",9813,1,6034,1,71,74,80
"693",9974,1,5290,1,72,75,79
"694",10333,1,6034,1,70,72,77
"695",10496,1,1624,1,72,74,80
"696",10543,1,8910,1,74,75,82
"697",10757,1,831,1,71,74,79
"698",10799,1,3951,1,69,71,77
"699",11499,1,6291,1,69,71,77
"700",11665,1,4128,1,71,74,78
"701",11902,1,11444,1,68,70,76
"702",12187,1,5624,1,72,73,81
"703",12525,1,1624,1,72,74,80
"704",12825,1,1841,1,73,74,77
"705",12961,1,7946,1,72,74,81
"706",13591,1,9658,1,73,75,80
"707",13635,1,10855,1,70,71,78
"708",13658,1,11932,1,70,74,80
"709",13796,1,8110,1,72,75,81
"710",14238,1,831,1,71,73,78
"711",14445,1,8782,1,73,74,80
"712",536,1,8964,1,70,72,77
"713",760,1,9305,1,73,75,81
"714",1419,1,9532,1,70,72,77
"715",1519,1,6909,1,72,73,77
"716",1841,1,3881,1,69,72,77
"717",2100,1,3951,1,69,71,78
"718",2370,1,9380,1,75,76,80
"719",2502,1,8674,1,71,73,79
"720",2614,1,9409,1,73,75,81
"721",2745,1,6456,1,71,73,77
"722",3082,1,599,1,71,73,80
"723",3266,1,4128,1,73,74,82
"724",3279,1,9580,1,73,74,78
"725",3866,1,5723,1,74,75,79
"726",4212,1,8098,1,73,75,82
"727",4264,1,4066,1,72,74,80
"728",4591,1,5827,1,74,75,80
"729",4827,1,5290,1,71,73,79
"730",5002,1,5723,1,73,75,80
"731",5220,1,12962,1,71,73,79
"732",5574,1,4496,1,71,73,79
"733",5602,1,8098,1,72,74,78
"734",5827,1,2687,1,71,74,79
"735",6063,1,11499,1,72,75,82
"736",6174,1,599,1,72,74,79
"737",6658,1,933,1,70,73,79
"738",7015,1,5624,1,72,74,78
"739",7461,1,6034,1,70,72,77
"740",7476,1,7120,1,74,76,82
"741",9216,1,9828,1,74,76,82
"742",9313,1,5529,1,75,76,83
"743",9501,1,8748,1,71,74,82
"744",9601,1,1419,1,72,73,81
"745",9711,1,11499,1,72,73,78
"746",9952,1,2482,1,68,70,77
"747",10235,1,11737,1,73,75,81
"748",10787,1,11956,1,72,75,80
"749",11970,1,7526,1,74,76,81
"750",11996,1,9882,1,74,76,80
"751",12041,1,1160,1,73,75,79
"752",12278,1,3197,1,72,73,77
"753",12294,1,11499,1,72,73,77
"754",12353,1,8576,1,71,73,77
"755",12712,1,9305,1,73,74,77
"756",12805,1,8576,1,71,72,77
"757",13110,1,5934,1,74,76,82
"758",13213,1,11737,1,73,74,79
"759",13714,1,7461,1,74,76,82
"760",14300,1,8808,1,69,70,77
"761",14360,1,6766,1,70,73,79
"762",7,1,11525,1,75,76,81
"763",58,1,9893,1,74,77,84
"764",397,1,5553,1,75,76,81
"765",479,1,10952,1,71,73,78
"766",719,1,12187,1,74,77,86
"767",823,1,8177,1,76,77,83
"768",974,1,9277,1,73,75,81
"769",1117,1,12825,1,75,76,80
"770",1805,1,7158,1,73,75,82
"771",2219,1,3113,1,67,71,78
"772",2421,1,13615,1,73,75,80
"773",2715,1,10855,1,70,72,79
"774",2801,1,5201,1,72,75,80
"775",3120,1,1419,1,73,75,80
"776",3724,1,5923,1,74,77,83
"777",4293,1,10855,1,71,75,80
"778",4345,1,1160,1,73,76,83
"779",4501,1,6694,1,73,75,80
"780",4858,1,1420,1,73,75,80
"781",5090,1,7819,1,75,77,82
"782",5099,1,6330,1,75,77,81
"783",5207,1,1123,1,68,72,78
"784",5773,1,4287,1,73,74,80
"785",5877,1,2100,1,73,75,80
"786",5934,1,4266,1,72,73,80
"787",6126,1,11932,1,73,75,81
"788",6750,1,8317,1,75,77,81
"789",6995,1,13079,1,71,74,78
"790",7120,1,12726,1,71,73,78
"791",7429,1,2330,1,73,76,81
"792",9385,1,4066,1,71,72,80
"793",9506,1,3858,1,71,73,78
"794",9566,1,1841,1,73,75,79
"795",9882,1,9700,1,72,73,79
"796",10295,1,14300,1,71,72,79
"797",10395,1,3279,1,76,77,84
"798",10462,1,14100,1,73,75,81
"799",10811,1,11728,1,73,75,81
"800",11664,1,11525,1,74,75,82
"801",11956,1,11856,1,69,71,78
"802",12203,1,7120,1,74,76,80
"803",12337,1,8748,1,73,75,80
"804",12505,1,3513,1,73,74,80
"805",12657,1,8891,1,72,76,82
"806",12667,1,6658,1,74,75,80
"807",13190,1,11728,1,71,73,79
"808",13751,1,4869,1,71,73,79
"809",14447,1,6837,1,74,77,81
"810",964,1,12712,1,76,77,81
"811",1403,1,11705,1,72,75,81
"812",1556,1,8962,1,72,74,81
"813",1858,1,5716,1,75,76,80
"814",2210,1,9952,1,72,74,79
"815",2295,1,5934,1,77,78,84
"816",4239,1,4827,1,75,77,83
"817",4281,1,1089,1,75,78,86
"818",4733,1,6614,1,70,74,81
"819",4800,1,9915,1,75,78,82
"820",5079,1,2330,1,74,76,81
"821",5337,1,9041,1,73,76,84
"822",5636,1,5207,1,73,75,83
"823",5927,1,9974,1,76,78,84
"824",6184,1,13190,1,74,76,81
"825",6237,1,4615,1,77,78,85
"826",7161,1,14177,1,72,74,79
"827",7997,1,10757,1,76,77,82
"828",8177,1,9409,1,73,75,80
"829",8182,1,4733,1,76,78,82
"830",8320,1,7461,1,73,75,79
"831",8558,1,9828,1,76,78,81
"832",8568,1,9601,1,75,76,82
"833",9094,1,13187,1,75,78,83
"834",9141,1,1766,1,74,76,81
"835",9664,1,7819,1,75,77,82
"836",9828,1,14127,1,70,73,79
"837",9915,1,1552,1,72,75,82
"838",10037,1,13597,1,74,75,81
"839",10193,1,2648,1,72,73,79
"840",10329,1,2197,1,73,74,81
"841",10402,1,3154,1,73,78,84
"842",10436,1,2796,1,76,78,84
"843",10696,1,8090,1,73,75,80
"844",10958,1,5553,1,75,76,82
"845",10962,1,13190,1,74,75,80
"846",11141,1,5723,1,73,75,81
"847",11155,1,14177,1,72,74,79
"848",11426,1,3583,1,74,76,82
"849",11511,1,2024,1,75,77,82
"850",11868,1,11703,1,74,76,81
"851",12043,1,12582,1,76,78,82
"852",12306,1,4863,1,74,75,79
"853",12503,1,9216,1,77,78,83
"854",12794,1,10995,1,76,77,83
"855",13060,1,429,1,76,78,83
"856",13177,1,12337,1,76,77,82
"857",14409,1,1957,1,73,74,79
"858",14506,1,8090,1,72,74,79
"859",211,1,12582,1,74,78,84
"860",447,1,9506,1,74,76,82
"861",727,1,12041,1,76,78,82
"862",795,1,2024,1,78,79,83
"863",900,1,6174,1,75,79,85
"864",915,1,4863,1,74,75,81
"865",923,1,9658,1,73,75,80
"866",1339,1,12657,1,77,79,84
"867",1823,1,1745,1,74,75,81
"868",1875,1,12955,1,78,79,84
"869",1939,1,4501,1,76,77,84
"870",1954,1,3457,1,76,78,83
"871",2196,1,9305,1,75,79,84
"872",2868,1,12825,1,75,76,82
"873",3059,1,11155,1,76,78,82
"874",3235,1,4858,1,78,79,84
"875",3521,1,6909,1,74,76,80
"876",3613,1,14445,1,75,77,83
"877",3643,1,2421,1,76,79,85
"878",3695,1,2350,1,72,74,80
"879",4500,1,10543,1,76,78,84
"880",4675,1,1519,1,74,75,82
"881",4875,1,11155,1,76,79,83
"882",4876,1,6184,1,78,79,85
"883",5040,1,12041,1,77,78,85
"884",5254,1,974,1,76,79,84
"885",5301,1,2330,1,74,76,80
"886",5368,1,5917,1,75,77,81
"887",5553,1,8585,1,71,74,82
"888",5713,1,2745,1,75,77,81
"889",5898,1,5121,1,78,79,85
"890",6082,1,12353,1,75,79,84
"891",6252,1,4733,1,75,78,84
"892",6493,1,6409,1,78,79,82
"893",6870,1,5207,1,73,76,83
"894",7572,1,7461,1,73,74,81
"895",7881,1,13079,1,73,75,81
"896",7985,1,3082,1,74,76,82
"897",8044,1,6694,1,73,75,81
"898",8261,1,9380,1,75,78,82
"899",8738,1,2801,1,76,77,82
"900",9155,1,2801,1,76,78,84
"901",9503,1,12041,1,76,78,83
"902",9594,1,2614,1,77,79,84
"903",9732,1,10037,1,76,78,84
"904",9981,1,5245,1,76,78,85
"905",10160,1,3457,1,76,77,82
"906",10323,1,1403,1,75,76,82
"907",10418,1,5337,1,77,78,83
"908",10605,1,7476,1,77,78,82
"909",10610,1,14445,1,76,78,81
"910",10768,1,11155,1,75,77,82
"911",10926,1,4066,1,72,73,80
"912",11193,1,4404,1,73,76,82
"913",11562,1,5877,1,75,79,84
"914",12119,1,12805,1,75,77,82
"915",12312,1,5716,1,76,78,82
"916",12557,1,4293,1,76,78,83
"917",12582,1,14100,1,72,74,80
"918",12717,1,6909,1,75,76,82
"919",13187,1,11703,1,72,74,81
"920",13404,1,1556,1,76,78,83
"921",13459,1,5877,1,76,77,82
"922",13659,1,13766,1,72,75,80
"923",13762,1,12337,1,76,77,82
"924",14206,1,237,1,73,76,83
"925",14298,1,13190,1,75,76,82
"926",51,1,5125,1,78,79,83
"927",59,1,7461,1,72,75,82
"928",541,1,5337,1,78,79,84
"929",546,1,5337,1,78,79,84
"930",590,1,9313,1,77,80,83
"931",1437,1,9385,1,74,77,82
"932",1844,1,6270,1,79,80,85
"933",2148,1,4615,1,78,79,84
"934",2336,1,5002,1,76,79,84
"935",2618,1,5716,1,78,79,83
"936",2935,1,5735,1,75,77,84
"937",3069,1,10360,1,79,80,84
"938",3079,1,3834,1,74,75,81
"939",3697,1,5893,1,78,79,84
"940",4195,1,3521,1,77,78,82
"941",4205,1,1565,1,74,76,82
"942",4251,1,974,1,77,79,85
"943",4308,1,10160,1,77,79,84
"944",4318,1,4205,1,76,78,83
"945",4615,1,1533,1,73,76,81
"946",4693,1,9711,1,75,77,82
"947",5085,1,4429,1,78,80,84
"948",5453,1,5125,1,79,80,85
"949",5461,1,14409,1,76,77,85
"950",5497,1,900,1,79,80,85
"951",5860,1,7429,1,78,80,84
"952",6129,1,8674,1,72,76,81
"953",6270,1,9021,1,77,78,84
"954",6348,1,4195,1,79,80,85
"955",6367,1,1519,1,75,77,82
"956",6403,1,13796,1,78,80,84
"957",6409,1,6995,1,75,76,83
"958",6531,1,14506,1,75,77,83
"959",7035,1,10329,1,76,77,82
"960",7049,1,1437,1,78,80,85
"961",7574,1,9580,1,73,75,84
"962",8145,1,7881,1,76,78,83
"963",8283,1,8782,1,74,77,82
"964",8458,1,6370,1,75,76,83
"965",8895,1,13187,1,74,77,81
"966",9021,1,10193,1,75,77,81
"967",9032,1,3521,1,78,80,85
"968",9228,1,9664,1,78,79,85
"969",9691,1,10496,1,75,77,83
"970",10060,1,11525,1,74,76,82
"971",10097,1,14506,1,75,77,83
"972",10492,1,7627,1,75,78,84
"973",11032,1,12582,1,78,80,84
"974",11052,1,11665,1,77,78,83
"975",11250,1,14506,1,75,79,86
"976",11667,1,12657,1,77,80,87
"977",11693,1,3457,1,77,79,85
"978",11786,1,2745,1,75,77,83
"979",12153,1,12712,1,75,77,82
"980",12618,1,1858,1,77,79,84
"981",12710,1,269,1,74,76,83
"982",12955,1,12582,1,76,77,81
"983",13035,1,10197,1,78,80,85
"984",13573,1,8044,1,77,80,85
"985",13921,1,9566,1,76,78,82
"986",14315,1,3521,1,78,79,84
"987",119,1,10323,1,77,79,84
"988",423,1,6623,1,76,78,86
"989",453,1,10496,1,77,79,84
"990",596,1,4429,1,79,80,84
"991",685,1,7160,1,75,76,83
"992",839,1,7138,1,80,81,86
"993",1174,1,5079,1,78,81,86
"994",1442,1,2796,1,78,79,86
"995",1576,1,5097,1,79,81,85
"996",1622,1,12956,1,74,75,82
"997",1743,1,11056,1,79,80,84
"998",2394,1,3266,1,76,77,82
"999",2595,1,4429,1,78,79,83
"1000",2796,1,1605,1,74,76,82
"1001",2859,1,6367,1,79,81,85
"1002",2884,1,4293,1,76,77,83
"1003",3073,1,13177,1,79,80,86
"1004",3206,1,9141,1,77,79,84
"1005",3636,1,12147,1,79,81,85
"1006",3904,1,6290,1,78,81,89
"1007",4021,1,1664,1,80,81,84
"1008",4152,1,13659,1,78,79,85
"1009",4240,1,9566,1,76,79,84
"1010",4322,1,4693,1,78,80,86
"1011",4461,1,8458,1,78,80,86
"1012",4506,1,4281,1,79,80,84
"1013",4510,1,10037,1,76,78,83
"1014",4741,1,10160,1,78,80,86
"1015",4897,1,423,1,79,81,85
"1016",4903,1,1565,1,74,77,82
"1017",4954,1,685,1,78,80,85
"1018",5121,1,8317,1,75,76,82
"1019",5125,1,12674,1,75,76,82
"1020",5540,1,6237,1,79,81,86
"1021",5897,1,12667,1,77,79,82
"1022",5942,1,3204,1,75,77,83
"1023",6246,1,429,1,75,77,82
"1024",6768,1,13324,1,77,79,83
"1025",7138,1,823,1,78,79,84
"1026",8310,1,9021,1,78,80,83
"1027",8695,1,918,1,79,80,86
"1028",9222,1,10329,1,77,78,84
"1029",9255,1,11571,1,72,75,82
"1030",9417,1,12961,1,75,77,82
"1031",9504,1,11191,1,78,80,85
"1032",9741,1,447,1,77,79,86
"1033",9935,1,13573,1,80,81,87
"1034",10192,1,9732,1,79,81,86
"1035",10480,1,397,1,77,79,84
"1036",10718,1,5923,1,74,77,82
"1037",11007,1,6367,1,79,80,85
"1038",11114,1,9503,1,79,80,86
"1039",11191,1,13110,1,77,78,83
"1040",11264,1,12638,1,80,81,86
"1041",11293,1,10060,1,79,81,86
"1042",12239,1,10543,1,77,80,85
"1043",12820,1,6290,1,76,78,83
"1044",13324,1,11499,1,74,76,82
"1045",13637,1,4281,1,79,80,85
"1046",13644,1,1622,1,76,78,85
"1047",13844,1,2935,1,79,81,87
"1048",14108,1,5040,1,79,81,86
"1049",14115,1,9915,1,77,79,85
"1050",14139,1,10962,1,78,80,84
"1051",14313,1,10799,1,74,75,82
"1052",14393,1,7997,1,78,80,85
"1053",6,1,1127,1,81,82,89
"1054",383,1,9836,1,81,82,86
"1055",391,1,423,1,79,80,86
"1056",424,1,12041,1,76,79,85
"1057",508,1,8738,1,78,80,86
"1058",535,1,13459,1,79,81,86
"1059",584,1,9915,1,76,78,84
"1060",908,1,685,1,77,78,84
"1061",1262,1,12717,1,78,80,86
"1062",1804,1,13190,1,75,77,83
"1063",1966,1,12153,1,78,82,86
"1064",2151,1,11426,1,78,79,83
"1065",2226,1,7572,1,75,77,84
"1066",2254,1,59,1,77,80,86
"1067",2283,1,423,1,80,82,88
"1068",2759,1,5245,1,76,79,83
"1069",2839,1,4239,1,79,80,87
"1070",3003,1,2148,1,80,81,88
"1071",3562,1,795,1,80,81,86
"1072",3736,1,12525,1,78,79,84
"1073",4428,1,9700,1,74,77,84
"1074",4429,1,3866,1,76,77,83
"1075",4967,1,10643,1,79,80,84
"1076",5027,1,14315,1,80,82,87
"1077",5230,1,6067,1,78,80,85
"1078",5423,1,5090,1,78,79,84
"1079",5679,1,10323,1,77,80,86
"1080",5697,1,6246,1,78,80,86
"1081",5893,1,4863,1,75,77,83
"1082",5915,1,13324,1,78,79,83
"1083",6067,1,2796,1,77,78,83
"1084",6076,1,4946,1,74,77,83
"1085",6490,1,678,1,79,81,88
"1086",6720,1,4675,1,76,81,89
"1087",6956,1,4205,1,77,81,87
"1088",6985,1,12202,1,80,82,88
"1089",7059,1,900,1,79,81,86
"1090",7081,1,12503,1,79,81,85
"1091",7224,1,6237,1,78,80,87
"1092",7648,1,4239,1,80,81,87
"1093",7696,1,9021,1,77,78,83
"1094",7807,1,9094,1,80,82,87
"1095",7854,1,5368,1,79,82,87
"1096",8371,1,429,1,75,78,83
"1097",8589,1,5679,1,81,82,85
"1098",8606,1,5796,1,80,81,88
"1099",8617,1,13060,1,80,82,87
"1100",9166,1,5574,1,77,78,84
"1101",9248,1,9664,1,80,82,87
"1102",9309,1,11664,1,77,80,86
"1103",9477,1,5301,1,77,79,84
"1104",10075,1,2197,1,74,78,83
"1105",10166,1,9166,1,79,80,87
"1106",10196,1,10435,1,77,81,87
"1107",10322,1,5337,1,78,79,83
"1108",10360,1,6373,1,76,79,85
"1109",10414,1,12794,1,78,82,88
"1110",10472,1,6995,1,75,80,85
"1111",10490,1,11050,1,80,82,86
"1112",10643,1,5636,1,76,77,84
"1113",10683,1,4461,1,81,82,86
"1114",10689,1,423,1,79,81,85
"1115",10966,1,14409,1,76,77,83
"1116",11585,1,915,1,78,80,84
"1117",11593,1,9594,1,80,82,86
"1118",11764,1,1823,1,80,81,86
"1119",11966,1,4675,1,76,78,83
"1120",12147,1,5934,1,74,77,84
"1121",12202,1,5171,1,75,77,83
"1122",12217,1,13110,1,77,79,84
"1123",12437,1,11193,1,77,78,83
"1124",12456,1,1805,1,77,79,84
"1125",12559,1,6063,1,77,78,84
"1126",12638,1,2884,1,77,79,85
"1127",13197,1,9094,1,80,81,86
"1128",13862,1,9417,1,79,80,85
"1129",14165,1,6348,1,81,82,87
"1130",14363,1,1605,1,76,78,83
"1131",14486,1,12557,1,80,82,87
"1132",395,1,11141,1,77,79,84
"1133",401,1,3695,1,79,81,85
"1134",514,1,6067,1,80,82,86
"1135",678,1,10757,1,75,78,85
"1136",978,1,9026,1,81,83,90
"1137",1034,1,8458,1,77,79,86
"1138",1087,1,12456,1,81,82,86
"1139",1127,1,2148,1,79,80,86
"1140",1184,1,10418,1,80,82,87
"1141",1409,1,1522,1,74,78,84
"1142",1664,1,5121,1,77,79,84
"1143",2012,1,8558,1,79,80,87
"1144",2128,1,6242,1,82,83,88
"1145",2389,1,11052,1,80,82,88
"1146",2560,1,915,1,78,80,86
"1147",2735,1,10689,1,82,83,89
"1148",3026,1,3866,1,77,81,87
"1149",3189,1,9255,1,76,79,86
"1150",3199,1,9155,1,80,83,90
"1151",3374,1,9021,1,78,79,84
"1152",3471,1,12559,1,79,81,86
"1153",3516,1,3697,1,80,82,86
"1154",3744,1,2560,1,81,82,86
"1155",3806,1,8458,1,79,81,86
"1156",3835,1,14393,1,81,82,87
"1157",4059,1,8320,1,77,79,84
"1158",4346,1,12437,1,79,80,86
"1159",4358,1,8676,1,81,83,88
"1160",5097,1,1117,1,76,78,84
"1161",5163,1,5777,1,82,83,89
"1162",5256,1,8676,1,80,83,89
"1163",5281,1,4429,1,79,83,88
"1164",5406,1,9228,1,81,83,89
"1165",5545,1,1858,1,78,80,85
"1166",5777,1,11665,1,77,80,87
"1167",6242,1,11056,1,78,80,86
"1168",6278,1,795,1,80,83,88
"1169",6558,1,13645,1,82,83,89
"1170",6605,1,3752,1,77,79,85
"1171",6656,1,10235,1,79,81,85
"1172",6916,1,3235,1,81,83,90
"1173",7042,1,5860,1,81,83,88
"1174",7098,1,13751,1,74,81,88
"1175",7114,1,5636,1,76,77,84
"1176",7125,1,2226,1,79,81,88
"1177",7564,1,10075,1,79,80,86
"1178",7644,1,4675,1,81,82,88
"1179",7659,1,11056,1,80,82,88
"1180",7984,1,3736,1,80,81,84
"1181",8676,1,12879,1,79,80,85
"1182",9184,1,14206,1,78,81,87
"1183",9324,1,4281,1,80,82,88
"1184",9325,1,5099,1,78,80,84
"1185",9499,1,14409,1,75,76,85
"1186",9668,1,211,1,81,83,88
"1187",9765,1,8044,1,77,79,85
"1188",9775,1,5713,1,79,82,89
"1189",9957,1,5656,1,82,83,88
"1190",10124,1,3059,1,79,80,85
"1191",10197,1,9813,1,76,77,84
"1192",10245,1,554,1,82,83,88
"1193",10582,1,5602,1,76,79,84
"1194",10620,1,2740,1,80,83,88
"1195",10654,1,1437,1,79,82,86
"1196",10713,1,4501,1,77,79,84
"1197",10985,1,9166,1,81,82,89
"1198",11333,1,9222,1,80,82,87
"1199",11442,1,3904,1,81,82,89
"1200",11817,1,424,1,80,82,87
"1201",11985,1,4967,1,82,83,87
"1202",12017,1,6270,1,79,81,84
"1203",12212,1,5301,1,78,83,86
"1204",12452,1,5040,1,79,80,88
"1205",12548,1,1939,1,77,79,84
"1206",12662,1,2295,1,79,81,86
"1207",12850,1,964,1,79,81,87
"1208",13255,1,9981,1,79,80,87
"1209",13410,1,11966,1,79,82,88
"1210",13452,1,13465,1,82,83,91
"1211",13455,1,3613,1,79,81,86
"1212",13465,1,5368,1,78,81,86
"1213",13469,1,2295,1,80,82,87
"1214",13481,1,6493,1,79,82,86
"1215",13631,1,4506,1,82,83,87
"1216",13799,1,8177,1,77,78,84
"1217",13870,1,11191,1,81,82,87
"1218",13926,1,11970,1,80,82,85
"1219",14090,1,6367,1,79,80,86
"1220",14418,1,8320,1,77,79,85
"1221",52,1,11442,1,83,84,90
"1222",110,1,2686,1,81,84,90
"1223",318,1,9594,1,80,81,87
"1224",517,1,9228,1,81,83,89
"1225",550,1,12850,1,82,84,90
"1226",786,1,9184,1,81,83,89
"1227",801,1,12153,1,80,82,87
"1228",829,1,11693,1,80,81,85
"1229",918,1,974,1,77,78,88
"1230",1318,1,823,1,78,81,86
"1231",1500,1,11007,1,82,83,88
"1232",1775,1,7160,1,78,79,85
"1233",2035,1,3374,1,81,84,90
"1234",2292,1,9691,1,78,81,87
"1235",2534,1,11868,1,79,80,88
"1236",2626,1,2394,1,78,81,85
"1237",2705,1,3003,1,82,83,91
"1238",2844,1,9503,1,81,82,88
"1239",2939,1,3613,1,78,79,85
"1240",3061,1,541,1,80,82,88
"1241",3085,1,13324,1,78,81,87
"1242",3099,1,12710,1,78,81,85
"1243",3418,1,9175,1,82,84,89
"1244",3508,1,11693,1,80,81,86
"1245",3847,1,2551,1,81,83,87
"1246",4040,1,13921,1,79,80,87
"1247",4120,1,3206,1,82,84,88
"1248",4126,1,9594,1,82,83,87
"1249",4241,1,9166,1,80,83,87
"1250",4535,1,12017,1,82,84,89
"1251",4712,1,13177,1,78,79,87
"1252",4835,1,2148,1,80,81,86
"1253",5062,1,7160,1,76,81,86
"1254",5311,1,14206,1,77,80,86
"1255",5685,1,5927,1,79,83,88
"1256",5796,1,7429,1,77,79,85
"1257",5856,1,8182,1,80,82,89
"1258",5973,1,9094,1,80,82,90
"1259",6003,1,13404,1,79,81,86
"1260",6234,1,3059,1,79,82,86
"1261",6546,1,14090,1,81,84,89
"1262",6885,1,11511,1,80,82,89
"1263",6899,1,5540,1,82,84,89
"1264",6919,1,5311,1,82,83,88
"1265",6998,1,2595,1,80,81,87
"1266",7243,1,13590,1,83,84,89
"1267",7736,1,11562,1,80,82,88
"1268",7840,1,2595,1,81,83,88
"1269",8016,1,10492,1,80,81,87
"1270",8210,1,4152,1,81,83,89
"1271",8230,1,2740,1,81,84,90
"1272",8363,1,12217,1,81,83,88
"1273",8787,1,8371,1,80,81,85
"1274",8814,1,9732,1,79,80,86
"1275",9329,1,12955,1,79,81,87
"1276",9466,1,11726,1,81,83,87
"1277",9550,1,3059,1,80,82,86
"1278",9610,1,4322,1,81,82,86
"1279",10014,1,10124,1,82,84,89
"1280",10062,1,12559,1,80,83,90
"1281",10501,1,12559,1,80,82,89
"1282",10507,1,829,1,82,84,90
"1283",10552,1,1954,1,82,83,90
"1284",10653,1,12202,1,80,82,89
"1285",10746,1,12879,1,81,83,90
"1286",10823,1,12955,1,80,81,86
"1287",11347,1,4876,1,80,81,87
"1288",11370,1,801,1,83,84,91
"1289",11454,1,10713,1,81,83,87
"1290",11726,1,447,1,79,80,87
"1291",11923,1,4506,1,82,84,90
"1292",12033,1,3724,1,79,81,87
"1293",12189,1,2839,1,81,83,88
"1294",12362,1,3026,1,82,83,87
"1295",12363,1,13465,1,82,84,90
"1296",12441,1,5040,1,79,80,87
"1297",12670,1,6082,1,81,83,89
"1298",12879,1,6111,1,75,78,85
"1299",13122,1,12041,1,78,81,87
"1300",13545,1,13806,1,82,83,88
"1301",13806,1,974,1,79,81,89
"1302",14094,1,4205,1,77,81,87
"1303",14430,1,11764,1,82,83,89
"1304",17,1,12850,1,82,83,88
"1305",134,1,10322,1,81,82,86
"1306",161,1,1034,1,81,82,88
"1307",385,1,10480,1,80,83,86
"1308",664,1,9163,1,84,85,90
"1309",1075,1,839,1,83,85,92
"1310",1536,1,11114,1,82,85,92
"1311",1643,1,5679,1,82,84,89
"1312",2441,1,5281,1,84,85,91
"1313",2551,1,8371,1,79,81,87
"1314",2655,1,4040,1,81,83,88
"1315",2672,1,4281,1,81,83,89
"1316",2755,1,9010,1,83,85,91
"1317",2948,1,443,1,84,85,90
"1318",3172,1,4741,1,81,83,87
"1319",3207,1,11817,1,83,85,90
"1320",3332,1,12618,1,80,81,86
"1321",3448,1,5713,1,78,82,90
"1322",3456,1,1089,1,76,79,86
"1323",4000,1,12557,1,79,80,86
"1324",4076,1,1981,1,84,85,90
"1325",4235,1,8182,1,79,81,86
"1326",4464,1,3562,1,83,84,89
"1327",5582,1,3120,1,78,81,88
"1328",5650,1,12931,1,83,85,89
"1329",6360,1,2148,1,81,82,88
"1330",6464,1,6076,1,80,83,87
"1331",6534,1,9184,1,82,83,88
"1332",6944,1,2868,1,78,80,86
"1333",7340,1,12667,1,77,80,86
"1334",7649,1,10062,1,83,85,91
"1335",7896,1,5540,1,82,84,88
"1336",7949,1,5062,1,82,83,87
"1337",8258,1,13060,1,79,81,87
"1338",8488,1,4322,1,81,82,88
"1339",9010,1,4000,1,81,82,89
"1340",9026,1,9216,1,77,80,86
"1341",9612,1,9163,1,83,84,91
"1342",9729,1,14315,1,82,83,88
"1343",9786,1,5125,1,77,78,86
"1344",9836,1,9417,1,78,80,86
"1345",10169,1,3059,1,80,81,87
"1346",10234,1,10768,1,78,81,86
"1347",10238,1,12437,1,79,82,87
"1348",10619,1,7098,1,83,84,88
"1349",10738,1,517,1,84,85,89
"1350",10786,1,590,1,82,83,88
"1351",10883,1,11007,1,81,82,87
"1352",10937,1,10197,1,77,80,86
"1353",11056,1,4293,1,76,78,86
"1354",11078,1,596,1,81,83,87
"1355",11383,1,10472,1,81,84,90
"1356",11401,1,10696,1,79,82,87
"1357",11914,1,10060,1,80,81,87
"1358",12133,1,11052,1,78,79,86
"1359",12378,1,13573,1,81,83,87
"1360",12536,1,11764,1,82,84,89
"1361",12543,1,7081,1,82,85,91
"1362",12568,1,4500,1,79,80,87
"1363",12778,1,9010,1,82,84,91
"1364",12876,1,3026,1,82,83,88
"1365",13248,1,13469,1,82,85,90
"1366",13252,1,3471,1,82,84,89
"1367",13406,1,1576,1,82,84,90
"1368",13466,1,12478,1,84,85,92
"1369",13645,1,1437,1,79,81,88
"1370",13750,1,584,1,80,81,86
"1371",13811,1,1442,1,81,82,88
"1372",13932,1,6985,1,83,84,89
"1373",14367,1,12017,1,82,85,91
"1374",309,1,5545,1,82,84,89
"1375",481,1,10786,1,85,86,91
"1376",554,1,4500,1,80,81,87
"1377",592,1,9729,1,85,86,90
"1378",714,1,6242,1,82,84,90
"1379",1055,1,9550,1,83,85,90
"1380",1692,1,7081,1,82,84,89
"1381",1719,1,4553,1,85,86,94
"1382",1832,1,3199,1,84,86,91
"1383",1945,1,1409,1,81,83,89
"1384",1981,1,3904,1,82,83,87
"1385",2076,1,12548,1,80,82,88
"1386",2209,1,8895,1,79,82,88
"1387",2341,1,11764,1,84,85,90
"1388",2527,1,10245,1,84,86,91
"1389",2538,1,12441,1,82,85,89
"1390",2613,1,9765,1,80,83,88
"1391",2686,1,3059,1,80,81,88
"1392",2740,1,12147,1,78,79,87
"1393",3205,1,11053,1,85,86,91
"1394",3240,1,631,1,83,85,90
"1395",3258,1,14393,1,81,83,89
"1396",3500,1,5040,1,80,83,88
"1397",3687,1,11542,1,82,84,89
"1398",3867,1,9163,1,83,85,90
"1399",4289,1,10713,1,81,83,89
"1400",4532,1,9668,1,84,86,91
"1401",4583,1,12955,1,80,82,89
"1402",4606,1,5254,1,82,84,90
"1403",4649,1,11442,1,83,84,94
"1404",4797,1,10786,1,84,85,90
"1405",4942,1,9369,1,84,86,93
"1406",5059,1,10164,1,84,86,89
"1407",5373,1,541,1,80,83,87
"1408",5375,1,2626,1,82,86,92
"1409",5489,1,1954,1,80,82,87
"1410",5614,1,7997,1,80,83,89
"1411",5656,1,4281,1,79,81,87
"1412",5975,1,2618,1,80,83,89
"1413",6002,1,4428,1,79,83,90
"1414",6065,1,631,1,84,86,94
"1415",6219,1,7840,1,84,85,91
"1416",6283,1,839,1,83,85,90
"1417",6309,1,3172,1,84,86,91
"1418",6399,1,14312,1,85,86,91
"1419",6517,1,12568,1,81,82,88
"1420",6598,1,1174,1,83,84,89
"1421",6680,1,13185,1,84,86,92
"1422",6707,1,11914,1,82,85,88
"1423",6806,1,3332,1,83,86,93
"1424",6854,1,5373,1,83,86,91
"1425",6917,1,6067,1,80,84,90
"1426",6982,1,9248,1,83,86,89
"1427",7257,1,11185,1,83,84,88
"1428",7258,1,4844,1,85,86,92
"1429",7295,1,1643,1,85,86,92
"1430",7422,1,5254,1,82,84,89
"1431",7822,1,4235,1,83,84,89
"1432",8671,1,6517,1,82,86,92
"1433",8834,1,10823,1,82,83,87
"1434",8980,1,4967,1,81,83,88
"1435",9163,1,1844,1,81,82,87
"1436",9369,1,12879,1,80,82,88
"1437",9370,1,6019,1,84,85,89
"1438",9688,1,4835,1,82,83,88
"1439",9707,1,443,1,83,86,92
"1440",9788,1,517,1,84,86,91
"1441",10164,1,3643,1,80,82,87
"1442",10221,1,8980,1,84,86,91
"1443",10549,1,7762,1,84,85,91
"1444",10599,1,13455,1,82,84,89
"1445",10679,1,13060,1,80,83,89
"1446",10833,1,714,1,84,85,90
"1447",10963,1,7340,1,82,84,89
"1448",11028,1,3003,1,82,84,91
"1449",11050,1,9499,1,77,79,88
"1450",11084,1,719,1,78,83,90
"1451",11185,1,5860,1,81,82,87
"1452",11265,1,6019,1,84,86,90
"1453",11542,1,9417,1,80,81,87
"1454",12074,1,6403,1,83,84,88
"1455",12235,1,10653,1,83,84,90
"1456",12317,1,14108,1,82,85,91
"1457",12403,1,2283,1,83,84,88
"1458",12478,1,3516,1,83,84,89
"1459",12519,1,2613,1,84,86,90
"1460",12542,1,4235,1,84,85,90
"1461",12578,1,7042,1,85,86,90
"1462",12931,1,14447,1,79,82,88
"1463",12971,1,1339,1,80,83,87
"1464",13244,1,6360,1,83,85,90
"1465",13475,1,10192,1,81,83,89
"1466",13504,1,2292,1,83,85,92
"1467",13590,1,590,1,81,82,87
"1468",13654,1,2759,1,80,82,87
"1469",13783,1,2295,1,79,85,92
"1470",14181,1,5614,1,84,86,90
"1471",14268,1,11693,1,80,83,89
"1472",14327,1,12618,1,81,83,91
"1473",14389,1,5685,1,83,86,91
"1474",443,1,6126,1,78,82,89
"1475",631,1,3189,1,81,82,88
"1476",790,1,3073,1,81,85,89
"1477",885,1,6916,1,84,86,91
"1478",967,1,8488,1,84,86,90
"1479",1024,1,9155,1,81,84,88
"1480",1311,1,6998,1,83,85,90
"1481",1348,1,1127,1,82,83,89
"1482",1543,1,4021,1,82,84,88
"1483",1569,1,801,1,82,84,90
"1484",1678,1,12452,1,84,87,93
"1485",1862,1,12955,1,79,84,88
"1486",1936,1,14115,1,83,85,89
"1487",2190,1,10164,1,84,85,91
"1488",2488,1,11667,1,82,84,89
"1489",2996,1,7644,1,84,86,92
"1490",3090,1,52,1,85,87,92
"1491",3190,1,1305,1,85,86,90
"1492",3409,1,11007,1,81,84,89
"1493",3509,1,7614,1,83,85,92
"1494",3626,1,8617,1,83,84,90
"1495",3820,1,7675,1,86,87,90
"1496",3940,1,10653,1,82,84,89
"1497",3986,1,13452,1,85,86,92
"1498",4216,1,12478,1,85,87,91
"1499",4325,1,714,1,85,86,92
"1500",4437,1,4120,1,84,86,91
"1501",4553,1,6360,1,83,84,91
"1502",4575,1,4241,1,85,87,93
"1503",4822,1,3867,1,86,87,92
"1504",5039,1,3422,1,83,85,91
"1505",5140,1,13465,1,83,85,91
"1506",5429,1,10164,1,84,86,91
"1507",5445,1,11040,1,84,87,93
"1508",5570,1,11317,1,86,87,93
"1509",5595,1,11914,1,82,85,90
"1510",6019,1,5898,1,80,83,88
"1511",6999,1,12212,1,84,85,90
"1512",7005,1,7840,1,86,87,93
"1513",7021,1,4535,1,86,87,91
"1514",7033,1,1000,1,85,86,91
"1515",7263,1,9836,1,82,86,93
"1516",7416,1,3847,1,84,87,91
"1517",7609,1,10552,1,84,86,91
"1518",7614,1,4040,1,80,81,88
"1519",7675,1,9786,1,81,85,91
"1520",8266,1,1643,1,85,86,92
"1521",8398,1,1184,1,85,86,90
"1522",8540,1,14486,1,82,83,90
"1523",8565,1,11562,1,81,83,88
"1524",8635,1,10402,1,81,83,88
"1525",8667,1,5664,1,86,87,92
"1526",8982,1,3448,1,84,85,89
"1527",9007,1,10963,1,86,87,91
"1528",9123,1,1184,1,84,86,92
"1529",9175,1,6493,1,80,82,88
"1530",9181,1,4339,1,84,86,90
"1531",9299,1,13481,1,84,85,93
"1532",9502,1,610,1,86,87,93
"1533",9755,1,11250,1,81,83,90
"1534",9809,1,5664,1,86,87,92
"1535",10168,1,12452,1,81,86,92
"1536",10208,1,12850,1,82,84,89
"1537",10450,1,4553,1,84,87,91
"1538",10633,1,4059,1,81,83,89
"1539",10759,1,6707,1,85,87,94
"1540",10912,1,110,1,85,87,92
"1541",11015,1,2560,1,83,85,92
"1542",11026,1,12441,1,85,86,92
"1543",11629,1,9612,1,85,86,90
"1544",11900,1,4000,1,83,85,90
"1545",11959,1,11093,1,84,85,89
"1546",12091,1,5615,1,84,86,89
"1547",12973,1,3073,1,82,85,90
"1548",13185,1,4240,1,81,82,89
"1549",13332,1,4649,1,86,87,92
"1550",13345,1,134,1,83,85,90
"1551",13428,1,10620,1,85,87,94
"1552",13473,1,7762,1,84,86,91
"1553",13624,1,1136,1,85,86,91
"1554",13754,1,12153,1,78,82,88
"1555",13791,1,14268,1,84,85,90
"1556",13920,1,5256,1,83,84,92
"1557",14173,1,4241,1,84,86,92
"1558",14209,1,7340,1,81,83,88
"1559",14261,1,373,1,86,87,94
"1560",14312,1,6656,1,82,84,91
"1561",14515,1,2012,1,81,85,89
"1562",208,1,3026,1,84,87,90
"1563",216,1,12662,1,83,85,90
"1564",373,1,10234,1,83,84,90
"1565",405,1,11542,1,81,83,89
"1566",610,1,2209,1,84,85,90
"1567",1000,1,2672,1,83,84,90
"1568",1499,1,8617,1,83,85,89
"1569",1583,1,8488,1,83,84,89
"1570",1650,1,10883,1,85,86,91
"1571",1670,1,1966,1,84,86,91
"1572",1689,1,5615,1,86,88,92
"1573",1993,1,12973,1,87,88,93
"1574",2340,1,9612,1,85,87,92
"1575",2521,1,7840,1,85,87,92
"1576",2591,1,1184,1,84,85,90
"1577",2897,1,10124,1,83,86,91
"1578",3329,1,13466,1,86,88,94
"1579",3422,1,541,1,81,82,89
"1580",3561,1,2254,1,81,83,89
"1581",3616,1,13099,1,86,88,92
"1582",3682,1,6464,1,84,85,90
"1583",3797,1,11383,1,85,87,91
"1584",3816,1,12279,1,86,88,95
"1585",4274,1,3332,1,84,86,90
"1586",4284,1,10208,1,85,87,92
"1587",4519,1,2705,1,84,86,90
"1588",4522,1,4241,1,84,87,92
"1589",4771,1,10234,1,83,84,89
"1590",4776,1,7640,1,84,85,90
"1591",4860,1,7614,1,83,84,89
"1592",4968,1,3207,1,85,87,91
"1593",4976,1,9503,1,79,82,89
"1594",5522,1,7648,1,83,86,91
"1595",5603,1,7854,1,83,85,91
"1596",5615,1,6252,1,79,82,90
"1597",5662,1,2859,1,83,84,90
"1598",5678,1,1000,1,84,86,92
"1599",5733,1,5664,1,85,87,97
"1600",5741,1,7243,1,85,86,90
"1601",5959,1,2613,1,84,86,91
"1602",6098,1,11966,1,81,83,90
"1603",6108,1,5664,1,85,87,92
"1604",6382,1,12033,1,84,86,89
"1605",6533,1,5614,1,84,85,90
"1606",6540,1,13545,1,85,88,93
"1607",6699,1,12973,1,87,88,95
"1608",6772,1,9309,1,83,84,89
"1609",7475,1,5039,1,86,88,94
"1610",7640,1,2292,1,82,84,90
"1611",7762,1,13455,1,82,83,89
"1612",7874,1,3240,1,86,88,91
"1613",7948,1,13645,1,85,87,93
"1614",8029,1,385,1,85,86,92
"1615",8707,1,14094,1,82,84,89
"1616",9000,1,801,1,82,83,90
"1617",9057,1,13844,1,82,85,91
"1618",9274,1,12074,1,86,87,91
"1619",9425,1,5893,1,78,81,89
"1620",9529,1,7422,1,85,87,93
"1621",9611,1,8721,1,86,87,91
"1622",9804,1,8016,1,85,87,91
"1623",9849,1,7659,1,85,86,93
"1624",10098,1,7840,1,84,85,90
"1625",10102,1,12850,1,81,84,89
"1626",10522,1,550,1,85,86,90
"1627",10938,1,5281,1,85,88,94
"1628",10943,1,3626,1,85,87,94
"1629",10997,1,6264,1,86,87,93
"1630",11040,1,4875,1,81,83,89
"1631",11053,1,4583,1,82,84,90
"1632",11093,1,2859,1,82,83,89
"1633",11095,1,3744,1,83,84,89
"1634",11117,1,7243,1,85,86,90
"1635",11213,1,8230,1,85,88,93
"1636",11539,1,13452,1,86,88,91
"1637",11979,1,3258,1,84,86,93
"1638",12227,1,481,1,87,88,92
"1639",12279,1,829,1,83,84,89
"1640",12292,1,6885,1,85,88,92
"1641",12341,1,13345,1,85,86,89
"1642",12819,1,1973,1,87,88,95
"1643",12987,1,1174,1,84,87,92
"1644",13050,1,6002,1,85,87,93
"1645",13099,1,13811,1,83,85,91
"1646",13143,1,12189,1,85,87,92
"1647",13427,1,11370,1,86,87,92
"1648",13450,1,6098,1,84,85,90
"1649",13618,1,2672,1,84,85,90
"1650",13804,1,8291,1,86,88,93
"1651",13846,1,3847,1,85,86,92
"1652",14010,1,7854,1,84,87,92
"1653",14013,1,11383,1,85,87,93
"1654",14016,1,2341,1,86,88,94
"1655",14458,1,8589,1,83,84,89
"1656",303,1,550,1,86,88,94
"1657",434,1,4797,1,86,87,91
"1658",505,1,14312,1,86,87,92
"1659",511,1,4284,1,87,89,95
"1660",772,1,1500,1,84,86,93
"1661",1136,1,3059,1,81,83,90
"1662",1155,1,2655,1,84,86,90
"1663",1294,1,10098,1,86,87,93
"1664",1377,1,9299,1,86,88,93
"1665",1514,1,383,1,83,84,91
"1666",1535,1,4522,1,88,89,93
"1667",1713,1,5777,1,81,85,90
"1668",1864,1,2172,1,86,87,90
"1669",1872,1,9299,1,85,87,93
"1670",1896,1,8363,1,84,86,92
"1671",1907,1,2928,1,87,88,93
"1672",1989,1,246,1,87,89,93
"1673",2014,1,14312,1,85,86,91
"1674",2236,1,12033,1,85,86,93
"1675",2510,1,3418,1,85,87,92
"1676",2731,1,10654,1,83,87,92
"1677",2749,1,11985,1,86,89,95
"1678",2843,1,7258,1,88,89,96
"1679",2873,1,13473,1,87,89,96
"1680",2958,1,6019,1,84,86,91
"1681",3054,1,5664,1,85,87,92
"1682",3238,1,13631,1,84,86,92
"1683",3528,1,978,1,84,87,92
"1684",3641,1,10245,1,85,87,91
"1685",3913,1,5662,1,87,88,92
"1686",4037,1,1743,1,83,84,93
"1687",4137,1,12543,1,85,86,93
"1688",4174,1,3207,1,88,89,95
"1689",4321,1,5406,1,84,86,92
"1690",4335,1,1936,1,86,88,93
"1691",4339,1,2151,1,80,84,90
"1692",4444,1,3003,1,83,85,91
"1693",4505,1,1500,1,85,87,93
"1694",4635,1,3867,1,86,87,91
"1695",4812,1,385,1,84,87,92
"1696",5363,1,3422,1,85,86,90
"1697",5409,1,110,1,85,87,93
"1698",5467,1,13932,1,87,89,94
"1699",5708,1,12778,1,86,87,92
"1700",6245,1,550,1,85,87,92
"1701",6263,1,12536,1,84,86,93
"1702",6264,1,4000,1,81,84,90
"1703",6788,1,8266,1,87,89,94
"1704",6963,1,1643,1,87,89,96
"1705",7092,1,5522,1,88,89,95
"1706",7246,1,2441,1,86,87,92
"1707",7255,1,3682,1,86,88,93
"1708",7583,1,443,1,83,85,90
"1709",7684,1,9493,1,87,88,94
"1710",7693,1,6,1,84,87,96
"1711",7726,1,7098,1,82,84,90
"1712",7735,1,13671,1,87,89,94
"1713",7737,1,1896,1,86,87,91
"1714",8038,1,13844,1,83,85,90
"1715",8168,1,9504,1,82,85,90
"1716",8208,1,7822,1,86,88,93
"1717",8335,1,7257,1,85,87,90
"1718",8370,1,8980,1,85,86,92
"1719",8505,1,52,1,85,87,93
"1720",8721,1,5085,1,82,84,90
"1721",8857,1,13846,1,87,89,94
"1722",9066,1,2591,1,88,89,97
"1723",9293,1,7422,1,86,88,93
"1724",9372,1,14367,1,86,87,93
"1725",9408,1,9000,1,85,88,94
"1726",9439,1,12033,1,82,85,90
"1727",9596,1,3682,1,85,88,94
"1728",9714,1,9439,1,86,87,95
"1729",9943,1,12403,1,86,87,91
"1730",9965,1,11095,1,86,87,93
"1731",10036,1,13252,1,85,87,92
"1732",10127,1,10689,1,84,86,93
"1733",10390,1,12222,1,87,89,94
"1734",10443,1,2613,1,85,87,94
"1735",10478,1,4635,1,87,89,93
"1736",10854,1,4860,1,87,88,95
"1737",10889,1,12778,1,87,89,92
"1738",10947,1,4532,1,87,89,93
"1739",11029,1,2341,1,87,89,95
"1740",11065,1,11383,1,84,88,94
"1741",11110,1,14013,1,87,89,93
"1742",11267,1,2731,1,88,89,94
"1743",11317,1,443,1,84,86,91
"1744",11477,1,2488,1,85,87,93
"1745",11510,1,10245,1,85,88,95
"1746",11546,1,4771,1,85,87,92
"1747",11575,1,6399,1,86,88,94
"1748",11597,1,1536,1,86,87,92
"1749",11605,1,14209,1,85,87,91
"1750",11624,1,13844,1,82,85,91
"1751",11734,1,2755,1,86,87,91
"1752",11752,1,1305,1,87,89,95
"1753",11772,1,9299,1,86,88,95
"1754",11823,1,9714,1,88,89,95
"1755",12002,1,3847,1,86,87,94
"1756",12011,1,1569,1,86,88,93
"1757",12222,1,6558,1,83,85,91
"1758",12407,1,1500,1,85,86,92
"1759",12659,1,6707,1,87,89,93
"1760",12888,1,2796,1,78,84,90
"1761",12946,1,11542,1,84,87,91
"1762",13019,1,1692,1,85,86,91
"1763",13774,1,11383,1,86,87,90
"1764",13790,1,12543,1,86,88,93
"1765",13993,1,4822,1,87,89,94
"1766",14302,1,10746,1,85,86,91
"1767",22,1,7042,1,84,86,92
"1768",132,1,11900,1,88,89,94
"1769",416,1,3867,1,86,88,96
"1770",907,1,4120,1,87,89,94
"1771",910,1,550,1,86,87,92
"1772",932,1,4844,1,86,88,93
"1773",1224,1,7675,1,88,90,97
"1774",1305,1,2844,1,84,85,93
"1775",1558,1,1305,1,86,88,93
"1776",1636,1,9123,1,88,90,94
"1777",1700,1,3682,1,87,88,91
"1778",1708,1,6399,1,87,89,95
"1779",1770,1,6283,1,87,89,92
"1780",1780,1,11401,1,84,86,91
"1781",1931,1,7896,1,85,89,93
"1782",2025,1,1500,1,84,86,91
"1783",2077,1,1692,1,86,88,93
"1784",2133,1,11597,1,88,90,95
"1785",2161,1,8363,1,83,86,91
"1786",2163,1,1311,1,85,88,92
"1787",2172,1,10238,1,83,85,92
"1788",2366,1,9957,1,85,88,91
"1789",2603,1,11185,1,85,86,91
"1790",2663,1,10963,1,84,89,93
"1791",2688,1,7257,1,85,87,92
"1792",2864,1,6917,1,87,90,95
"1793",2928,1,13248,1,86,87,91
"1794",2988,1,1543,1,85,87,92
"1795",3136,1,2341,1,86,88,93
"1796",3536,1,1678,1,88,90,96
"1797",3611,1,2209,1,83,85,92
"1798",3654,1,9166,1,80,87,92
"1799",3933,1,550,1,87,89,93
"1800",4075,1,4575,1,89,90,96
"1801",4261,1,7257,1,86,87,93
"1802",4397,1,11629,1,87,89,95
"1803",4410,1,885,1,87,88,93
"1804",4607,1,7256,1,88,90,96
"1805",4667,1,10098,1,86,87,92
"1806",4844,1,1583,1,84,85,91
"1807",4912,1,14165,1,83,86,91
"1808",4997,1,5039,1,86,87,93
"1809",5044,1,5375,1,87,89,94
"1810",5332,1,4325,1,87,88,95
"1811",5475,1,3240,1,86,89,96
"1812",5496,1,9755,1,86,89,96
"1813",5510,1,179,1,87,90,94
"1814",5664,1,1775,1,83,84,93
"1815",5930,1,12222,1,86,89,96
"1816",6054,1,1352,1,88,90,95
"1817",6059,1,8707,1,86,89,95
"1818",6312,1,3409,1,85,87,93
"1819",6486,1,4040,1,83,86,91
"1820",6701,1,6917,1,85,87,93
"1821",6795,1,14108,1,84,86,91
"1822",6816,1,6312,1,87,89,94
"1823",6861,1,550,1,84,87,92
"1824",6908,1,9707,1,89,90,95
"1825",7117,1,10127,1,87,89,95
"1826",7198,1,13932,1,85,88,95
"1827",7227,1,14367,1,85,88,92
"1828",7256,1,14312,1,85,87,91
"1829",7733,1,9408,1,89,90,95
"1830",7846,1,1543,1,85,86,93
"1831",7873,1,7380,1,89,90,94
"1832",8087,1,3509,1,86,88,92
"1833",8130,1,4776,1,86,88,92
"1834",8291,1,5697,1,83,85,91
"1835",8456,1,10599,1,87,88,94
"1836",8529,1,10464,1,89,90,94
"1837",8650,1,10507,1,87,89,94
"1838",8836,1,12987,1,88,89,93
"1839",9482,1,1713,1,87,90,97
"1840",9493,1,1981,1,83,86,94
"1841",9498,1,6982,1,88,90,94
"1842",9697,1,4771,1,85,87,93
"1843",10001,1,10522,1,88,89,92
"1844",10167,1,5059,1,87,89,95
"1845",10262,1,1087,1,84,87,92
"1846",10347,1,1907,1,88,90,95
"1847",10447,1,3797,1,88,89,95
"1848",10636,1,556,1,89,90,95
"1849",10707,1,12235,1,86,88,94
"1850",11097,1,9755,1,84,87,93
"1851",11247,1,5570,1,88,89,94
"1852",11395,1,12973,1,88,90,95
"1853",11428,1,1973,1,88,90,95
"1854",11487,1,11593,1,83,86,91
"1855",11540,1,3867,1,86,87,93
"1856",11631,1,10490,1,83,85,91
"1857",11692,1,12292,1,89,90,96
"1858",11743,1,6772,1,85,86,91
"1859",11977,1,13406,1,85,87,91
"1860",12937,1,3422,1,83,85,92
"1861",12947,1,10823,1,85,86,92
"1862",13419,1,11752,1,89,90,94
"1863",13446,1,6263,1,87,90,94
"1864",13456,1,6699,1,89,90,97
"1865",13548,1,2996,1,88,89,94
"1866",13551,1,1055,1,86,87,93
"1867",13556,1,6772,1,85,87,94
"1868",13664,1,373,1,86,87,91
"1869",13707,1,1743,1,82,84,91
"1870",13810,1,4571,1,88,89,99
"1871",13976,1,9101,1,88,90,95
"1872",14030,1,7295,1,87,89,96
"1873",14196,1,14010,1,88,90,95
"1874",14267,1,13618,1,87,88,94
"1875",14392,1,9101,1,87,90,94
"1876",14478,1,9439,1,86,88,93
"1877",179,1,2035,1,85,87,92
"1878",246,1,13469,1,83,86,93
"1879",266,1,7583,1,87,89,95
"1880",390,1,6002,1,85,89,94
"1881",455,1,11317,1,86,88,95
"1882",672,1,550,1,85,86,93
"1883",698,1,22,1,87,89,93
"1884",706,1,1055,1,86,89,96
"1885",961,1,2958,1,87,88,93
"1886",962,1,2190,1,86,88,94
"1887",1157,1,1692,1,87,88,92
"1888",1221,1,11631,1,86,87,92
"1889",1317,1,5930,1,90,91,96
"1890",1352,1,7659,1,84,86,92
"1891",1579,1,9372,1,87,89,95
"1892",1606,1,6382,1,88,90,95
"1893",2027,1,11265,1,88,90,96
"1894",2554,1,5664,1,85,88,93
"1895",2757,1,10454,1,90,91,97
"1896",2888,1,8208,1,89,90,94
"1897",2963,1,8363,1,85,87,92
"1898",3031,1,631,1,84,86,92
"1899",3219,1,9293,1,89,90,97
"1900",3234,1,1569,1,85,88,94
"1901",3367,1,5540,1,83,88,93
"1902",3451,1,6,1,86,89,97
"1903",3498,1,9502,1,88,91,95
"1904",3621,1,4553,1,85,88,93
"1905",3748,1,2527,1,86,88,93
"1906",3927,1,7640,1,85,87,94
"1907",4071,1,505,1,88,90,96
"1908",4355,1,590,1,82,84,92
"1909",4425,1,14430,1,84,86,93
"1910",4435,1,9611,1,88,90,95
"1911",4521,1,10238,1,83,86,92
"1912",4571,1,1945,1,86,88,93
"1913",4670,1,1569,1,87,89,94
"1914",4692,1,932,1,88,91,97
"1915",4915,1,10208,1,88,90,96
"1916",5297,1,12403,1,87,91,99
"1917",5325,1,246,1,87,88,92
"1918",5361,1,13143,1,89,91,97
"1919",5696,1,11597,1,88,89,94
"1920",5790,1,7117,1,90,91,94
"1921",5884,1,13122,1,84,87,93
"1922",6001,1,5959,1,88,90,97
"1923",6209,1,2996,1,87,89,94
"1924",6389,1,11028,1,85,86,92
"1925",6794,1,11977,1,88,89,95
"1926",6991,1,12317,1,86,89,95
"1927",7215,1,7243,1,85,86,92
"1928",7230,1,2958,1,87,89,93
"1929",7234,1,3616,1,89,90,95
"1930",7254,1,2014,1,87,89,96
"1931",7333,1,5190,1,89,91,96
"1932",7354,1,17,1,85,88,94
"1933",7915,1,13244,1,86,87,92
"1934",8251,1,6278,1,85,88,94
"1935",8533,1,4321,1,89,91,97
"1936",8664,1,11631,1,87,89,92
"1937",9077,1,10036,1,88,89,94
"1938",9101,1,4797,1,86,87,94
"1939",9106,1,6795,1,87,88,94
"1940",9631,1,7258,1,86,88,92
"1941",9699,1,12987,1,88,90,95
"1942",9988,1,2538,1,87,89,94
"1943",10178,1,2731,1,88,90,96
"1944",10227,1,13332,1,89,91,97
"1945",10454,1,10476,1,87,89,95
"1946",10464,1,4289,1,85,88,94
"1947",10476,1,10238,1,83,85,92
"1948",10650,1,9775,1,84,88,92
"1949",11044,1,2731,1,87,88,95
"1950",11677,1,1583,1,85,90,96
"1951",11717,1,1155,1,88,91,97
"1952",11749,1,9775,1,83,88,92
"1953",11792,1,3054,1,89,90,96
"1954",11997,1,13654,1,86,88,93
"1955",12081,1,3626,1,86,88,95
"1956",12115,1,12888,1,85,87,92
"1957",12242,1,7416,1,88,89,94
"1958",12280,1,13590,1,83,86,92
"1959",12315,1,13345,1,87,88,93
"1960",12373,1,4120,1,85,86,93
"1961",12417,1,8258,1,83,85,93
"1962",12430,1,6899,1,87,89,94
"1963",12435,1,14327,1,86,88,92
"1964",12472,1,6382,1,87,88,92
"1965",12475,1,6278,1,83,86,92
"1966",12584,1,6534,1,86,87,93
"1967",12741,1,13406,1,85,87,93
"1968",12801,1,7246,1,88,90,97
"1969",13037,1,11477,1,88,91,96
"1970",13152,1,14261,1,88,90,96
"1971",13265,1,9248,1,83,86,92
"1972",13601,1,12946,1,89,90,95
"1973",13671,1,2844,1,85,87,92
"1974",13710,1,7684,1,89,90,94
"1975",14114,1,13811,1,86,88,92
"1976",14167,1,1311,1,86,87,95
"1977",14214,1,14515,1,88,90,96
"1978",14415,1,5595,1,86,89,97
"1979",90,1,1713,1,87,90,96
"1980",127,1,2755,1,86,89,94
"1981",308,1,6065,1,87,89,95
"1982",425,1,4812,1,89,90,95
"1983",474,1,8370,1,87,89,95
"1984",528,1,11114,1,84,86,93
"1985",556,1,9057,1,87,89,96
"1986",925,1,9849,1,87,90,94
"1987",1007,1,10746,1,85,87,93
"1988",1054,1,1677,1,89,91,96
"1989",1574,1,5650,1,87,89,94
"1990",1677,1,1713,1,86,88,93
"1991",1866,1,4261,1,88,89,95
"1992",1893,1,9493,1,87,90,97
"1993",1973,1,6002,1,85,87,93
"1994",2094,1,2236,1,87,89,94
"1995",2189,1,12946,1,88,89,95
"1996",2301,1,5696,1,90,92,97
"1997",2319,1,1907,1,90,91,96
"1998",2323,1,4677,1,90,92,97
"1999",2404,1,13871,1,90,92,96
"2000",3017,1,12403,1,86,89,93
"2001",3101,1,3769,1,90,92,97
"2002",3170,1,7532,1,89,90,97
"2003",3769,1,5140,1,86,88,93
"2004",3774,1,9596,1,90,92,97
"2005",3813,1,13019,1,88,90,94
"2006",4242,1,1872,1,88,90,95
"2007",4568,1,1536,1,86,88,94
"2008",4578,1,7880,1,88,91,95
"2009",4631,1,10707,1,88,90,95
"2010",4677,1,11095,1,86,89,96
"2011",4711,1,9066,1,91,92,96
"2012",4715,1,445,1,91,92,98
"2013",4859,1,7117,1,90,91,96
"2014",4877,1,8335,1,88,90,98
"2015",4920,1,14013,1,88,90,96
"2016",4951,1,12478,1,87,89,96
"2017",5016,1,13346,1,89,91,97
"2018",5133,1,481,1,87,89,95
"2019",5189,1,11575,1,90,91,97
"2020",5221,1,10454,1,90,92,98
"2021",5394,1,9611,1,89,91,96
"2022",5407,1,9943,1,90,92,98
"2023",5463,1,6861,1,90,92,97
"2024",5750,1,7532,1,90,91,97
"2025",5765,1,6108,1,89,92,98
"2026",5798,1,2688,1,89,91,96
"2027",6175,1,8664,1,89,90,97
"2028",6303,1,4444,1,86,88,94
"2029",6384,1,14389,1,88,90,95
"2030",6452,1,10001,1,90,92,99
"2031",6835,1,9274,1,88,90,96
"2032",6973,1,13871,1,91,92,98
"2033",6976,1,7263,1,89,91,97
"2034",7060,1,14013,1,90,91,97
"2035",7268,1,12167,1,90,92,98
"2036",7380,1,11317,1,87,88,94
"2037",7413,1,1864,1,88,90,95
"2038",7426,1,3626,1,85,88,95
"2039",7519,1,12973,1,87,90,95
"2040",7532,1,7215,1,87,88,94
"2041",7550,1,12741,1,88,89,95
"2042",7567,1,9123,1,87,88,95
"2043",7591,1,9612,1,85,87,93
"2044",7715,1,961,1,89,91,99
"2045",7764,1,1713,1,87,90,95
"2046",7886,1,4822,1,88,90,94
"2047",7983,1,416,1,89,91,96
"2048",8025,1,2996,1,88,89,94
"2049",8052,1,12091,1,87,89,94
"2050",8218,1,3409,1,86,87,94
"2051",8224,1,2342,1,89,91,96
"2052",8276,1,14261,1,89,91,95
"2053",8288,1,6416,1,90,92,97
"2054",8644,1,592,1,88,91,95
"2055",8653,1,11015,1,87,89,94
"2056",9080,1,4335,1,90,92,95
"2057",9117,1,8168,1,88,90,95
"2058",9177,1,3358,1,89,91,99
"2059",9395,1,1007,1,88,90,94
"2060",9449,1,13671,1,88,90,96
"2061",9705,1,5163,1,85,89,97
"2062",9909,1,2521,1,90,91,95
"2063",9933,1,13664,1,88,91,94
"2064",10302,1,3927,1,89,91,97
"2065",10651,1,1872,1,89,90,93
"2066",10661,1,4284,1,88,91,96
"2067",10998,1,2094,1,90,91,97
"2068",11057,1,13143,1,88,92,98
"2069",11140,1,12543,1,88,91,95
"2070",11351,1,11029,1,90,92,97
"2071",11429,1,6546,1,87,89,93
"2072",11595,1,706,1,90,91,96
"2073",11635,1,2958,1,87,89,93
"2074",11682,1,6861,1,89,90,94
"2075",11813,1,525,1,89,91,99
"2076",11988,1,7675,1,87,90,95
"2077",11992,1,13475,1,85,88,95
"2078",12167,1,7726,1,86,88,93
"2079",12218,1,309,1,87,91,96
"2080",12220,1,3409,1,84,88,93
"2081",12389,1,12317,1,87,89,93
"2082",12481,1,10707,1,89,92,99
"2083",12554,1,2688,1,88,89,93
"2084",12677,1,9965,1,88,91,95
"2085",13003,1,6806,1,87,89,96
"2086",13164,1,3867,1,87,89,94
"2087",13298,1,14389,1,88,90,96
"2088",13697,1,10127,1,89,90,95
"2089",13785,1,6517,1,85,89,96
"2090",13789,1,5325,1,90,92,97
"2091",14089,1,1872,1,88,90,94
"2092",14091,1,7949,1,86,88,93
"2093",14180,1,13774,1,88,91,98
"2094",14273,1,2705,1,88,92,96
"2095",14293,1,7475,1,89,91,98
"2096",14405,1,7861,1,89,92,99
"2097",14408,1,8980,1,86,87,93
"2098",14410,1,11540,1,88,90,94
"2099",98,1,5603,1,88,91,95
"2100",193,1,12578,1,88,90,96
"2101",222,1,1780,1,87,89,95
"2102",445,1,5595,1,87,90,96
"2103",525,1,2161,1,87,88,94
"2104",570,1,4425,1,87,90,95
"2105",683,1,8291,1,88,89,94
"2106",928,1,14478,1,89,92,98
"2107",1073,1,13710,1,91,92,100
"2108",1208,1,4522,1,87,89,94
"2109",1370,1,4274,1,88,90,94
"2110",1834,1,4522,1,88,89,95
"2111",2290,1,12373,1,89,90,95
"2112",2315,1,11631,1,86,89,95
"2113",2342,1,12189,1,86,88,95
"2114",2746,1,5039,1,88,90,95
"2115",2915,1,222,1,90,93,98
"2116",2968,1,9705,1,92,93,99
"2117",3000,1,12220,1,89,92,96
"2118",3023,1,967,1,88,89,94
"2119",3118,1,2897,1,88,90,95
"2120",3358,1,2958,1,88,89,94
"2121",3624,1,8456,1,89,90,94
"2122",3956,1,6276,1,90,92,98
"2123",4017,1,11823,1,91,93,99
"2124",4055,1,5016,1,92,93,98
"2125",4157,1,4620,1,91,93,99
"2126",4177,1,14302,1,88,90,94
"2127",4213,1,6351,1,91,92,95
"2128",4326,1,11487,1,89,92,96
"2129",4620,1,961,1,89,90,94
"2130",4659,1,8208,1,89,91,96
"2131",4809,1,9065,1,91,93,98
"2132",4930,1,10947,1,90,92,97
"2133",5021,1,12819,1,91,93,96
"2134",5190,1,11383,1,86,88,94
"2135",5288,1,1579,1,90,92,99
"2136",5295,1,1866,1,89,91,96
"2137",5449,1,2521,1,88,90,95
"2138",5468,1,6827,1,91,93,98
"2139",5572,1,1708,1,91,92,95
"2140",5832,1,1075,1,86,90,97
"2141",5847,1,12389,1,90,92,97
"2142",6047,1,3741,1,92,93,98
"2143",6127,1,11395,1,92,93,99
"2144",6141,1,13618,1,87,90,96
"2145",6188,1,216,1,88,90,97
"2146",6272,1,12292,1,89,92,97
"2147",6276,1,12519,1,87,89,96
"2148",6299,1,3063,1,92,93,99
"2149",6416,1,4942,1,87,89,94
"2150",6439,1,7908,1,91,92,97
"2151",6495,1,1317,1,92,93,99
"2152",7027,1,14114,1,89,90,94
"2153",7123,1,2746,1,91,93,98
"2154",7129,1,932,1,89,93,99
"2155",7293,1,9395,1,91,92,98
"2156",7401,1,7475,1,89,92,98
"2157",7594,1,2554,1,89,90,95
"2158",7857,1,13993,1,90,91,97
"2159",7880,1,4771,1,86,88,94
"2160",8460,1,610,1,88,90,97
"2161",8592,1,528,1,87,89,95
"2162",8639,1,2888,1,91,92,98
"2163",8816,1,10938,1,89,91,96
"2164",8929,1,2290,1,91,92,97
"2165",9061,1,12315,1,91,93,98
"2166",9065,1,4355,1,86,89,95
"2167",9151,1,14030,1,91,93,99
"2168",9585,1,11900,1,86,89,95
"2169",9643,1,2663,1,90,92,97
"2170",9939,1,3536,1,92,93,97
"2171",9976,1,4631,1,90,92,95
"2172",10101,1,3621,1,89,90,96
"2173",10116,1,5696,1,90,93,99
"2174",10133,1,1579,1,91,93,98
"2175",10324,1,6835,1,92,93,99
"2176",10327,1,10683,1,84,89,94
"2177",10717,1,7413,1,91,93,97
"2178",11064,1,9699,1,92,93,98
"2179",11149,1,14091,1,89,92,99
"2180",11226,1,3797,1,89,92,99
"2181",11424,1,481,1,88,91,98
"2182",11949,1,13993,1,90,91,96
"2183",12030,1,5458,1,90,92,99
"2184",12066,1,4692,1,92,93,99
"2185",12077,1,1989,1,91,92,96
"2186",12103,1,434,1,88,91,98
"2187",12122,1,8667,1,89,91,102
"2188",12200,1,12973,1,87,90,96
"2189",12238,1,303,1,89,90,95
"2190",12275,1,2554,1,88,91,97
"2191",12333,1,7594,1,91,93,98
"2192",12640,1,8230,1,85,88,94
"2193",12704,1,7257,1,87,90,94
"2194",12756,1,6486,1,89,90,94
"2195",12785,1,4321,1,87,89,95
"2196",12831,1,14010,1,89,91,96
"2197",12960,1,7227,1,88,91,96
"2198",13346,1,13846,1,87,89,94
"2199",13728,1,179,1,88,89,95
"2200",13827,1,12341,1,87,89,94
"2201",13871,1,10619,1,86,89,95
"2202",14058,1,910,1,89,91,95
"2203",14113,1,4216,1,88,90,96
"2204",14280,1,5044,1,91,92,97
"2205",14498,1,9502,1,88,90,95
"2206",14516,1,7857,1,91,93,97
"2207",57,1,11317,1,87,89,95
"2208",89,1,12103,1,92,94,99
"2209",106,1,13993,1,90,91,97
"2210",207,1,13164,1,90,92,98
"2211",259,1,4915,1,91,93,97
"2212",343,1,8907,1,93,94,99
"2213",530,1,4812,1,89,90,95
"2214",591,1,10227,1,92,94,98
"2215",686,1,425,1,91,93,98
"2216",699,1,7766,1,92,93,97
"2217",769,1,1075,1,86,90,95
"2218",1099,1,6835,1,92,94,100
"2219",1158,1,7416,1,89,91,98
"2220",1164,1,11772,1,91,93,97
"2221",1350,1,7475,1,89,94,99
"2222",1351,1,4284,1,88,92,99
"2223",1408,1,1157,1,91,93,99
"2224",1901,1,8163,1,93,94,100
"2225",1960,1,13664,1,88,90,96
"2226",2041,1,14293,1,92,93,99
"2227",2216,1,10968,1,92,94,100
"2228",2704,1,6143,1,92,94,101
"2229",2795,1,7908,1,92,94,99
"2230",2835,1,425,1,92,93,98
"2231",2848,1,14267,1,89,91,97
"2232",2934,1,12011,1,89,91,98
"2233",3038,1,10998,1,93,94,99
"2234",3063,1,6303,1,89,91,95
"2235",3217,1,7852,1,93,94,98
"2236",3227,1,216,1,87,90,96
"2237",3259,1,1558,1,89,91,95
"2238",3328,1,5708,1,88,91,95
"2239",3335,1,7705,1,93,94,100
"2240",3461,1,5959,1,88,89,95
"2241",3472,1,13783,1,87,88,95
"2242",3627,1,4735,1,91,93,98
"2243",3707,1,13446,1,91,92,96
"2244",3741,1,10390,1,90,91,95
"2245",3758,1,10759,1,91,92,98
"2246",3812,1,9065,1,90,92,96
"2247",3823,1,5733,1,91,92,96
"2248",3984,1,12831,1,93,94,100
"2249",3998,1,7380,1,91,94,99
"2250",4209,1,11539,1,89,90,98
"2251",4408,1,6299,1,93,94,99
"2252",4414,1,11267,1,91,94,99
"2253",4559,1,13710,1,91,92,99
"2254",4573,1,11997,1,91,94,100
"2255",4916,1,11677,1,92,93,97
"2256",4921,1,13446,1,92,94,100
"2257",4972,1,4659,1,91,93,97
"2258",5159,1,4735,1,92,94,101
"2259",5330,1,6384,1,91,94,100
"2260",5533,1,127,1,90,93,97
"2261",5543,1,7764,1,91,93,97
"2262",5591,1,6194,1,91,93,100
"2263",5875,1,11597,1,89,90,96
"2264",6020,1,1907,1,89,92,96
"2265",6038,1,5692,1,92,94,99
"2266",6292,1,2077,1,89,92,97
"2267",6325,1,2315,1,90,91,96
"2268",6351,1,6209,1,89,91,96
"2269",6642,1,7230,1,90,93,99
"2270",6758,1,5039,1,86,89,98
"2271",6879,1,10650,1,89,91,96
"2272",6940,1,2199,1,93,94,99
"2273",7061,1,12659,1,91,93,101
"2274",7197,1,11772,1,90,92,97
"2275",7362,1,3624,1,91,93,100
"2276",7417,1,7519,1,92,93,97
"2277",7623,1,11140,1,91,93,97
"2278",7761,1,12659,1,90,92,98
"2279",7852,1,1579,1,90,91,95
"2280",7861,1,13450,1,86,88,96
"2281",7869,1,1423,1,93,94,99
"2282",7908,1,3528,1,89,90,95
"2283",8082,1,4505,1,88,91,96
"2284",8163,1,3023,1,90,91,97
"2285",8227,1,13164,1,91,93,97
"2286",8408,1,13548,1,91,93,101
"2287",8447,1,1700,1,90,91,96
"2288",8555,1,1224,1,91,92,97
"2289",8845,1,7948,1,88,91,96
"2290",8916,1,3063,1,92,94,100
"2291",8985,1,10390,1,90,92,97
"2292",9387,1,10583,1,93,94,97
"2293",9393,1,5798,1,93,94,98
"2294",9480,1,7591,1,88,91,95
"2295",9722,1,9007,1,89,91,95
"2296",9968,1,13871,1,91,93,98
"2297",10107,1,14478,1,90,94,99
"2298",10521,1,8130,1,89,91,96
"2299",10901,1,11629,1,88,90,97
"2300",11046,1,6533,1,88,90,96
"2301",11215,1,1678,1,88,90,96
"2302",11375,1,6098,1,84,86,95
"2303",11530,1,6188,1,91,92,95
"2304",11930,1,12275,1,92,93,99
"2305",12206,1,14302,1,87,89,96
"2306",12343,1,5449,1,91,93,98
"2307",12499,1,12292,1,89,92,97
"2308",12656,1,5044,1,90,93,98
"2309",12774,1,6059,1,91,93,98
"2310",12887,1,11791,1,93,94,98
"2311",13083,1,1535,1,89,91,96
"2312",13240,1,2014,1,87,89,96
"2313",13294,1,9408,1,88,90,95
"2314",13493,1,14180,1,92,94,99
"2315",13598,1,907,1,92,94,99
"2316",13681,1,5133,1,91,92,98
"2317",13700,1,11375,1,89,91,95
"2318",13835,1,4677,1,90,92,97
"2319",13875,1,14114,1,90,94,99
"2320",14212,1,1689,1,90,94,100
"2321",14318,1,11429,1,90,93,98
"2322",14342,1,12677,1,92,94,102
"2323",14359,1,10833,1,86,88,95
"2324",14429,1,5394,1,92,93,97
"2325",12,1,1689,1,90,91,97
"2326",34,1,10968,1,92,94,100
"2327",66,1,12213,1,93,95,101
"2328",172,1,12011,1,90,91,98
"2329",191,1,5467,1,91,94,99
"2330",361,1,3136,1,89,92,98
"2331",615,1,4711,1,93,95,99
"2332",1039,1,8857,1,91,94,98
"2333",1214,1,513,1,94,95,100
"2334",1405,1,11389,1,92,93,100
"2335",1423,1,11988,1,91,92,97
"2336",1428,1,2077,1,91,95,98
"2337",1788,1,13710,1,91,95,101
"2338",1925,1,10661,1,92,93,96
"2339",1987,1,8447,1,92,94,99
"2340",2114,1,4715,1,93,95,100
"2341",2141,1,9632,1,94,95,100
"2342",2149,1,3118,1,91,92,97
"2343",2199,1,1574,1,90,91,96
"2344",2287,1,3913,1,90,93,98
"2345",2335,1,1073,1,93,95,101
"2346",2362,1,12853,1,93,94,101
"2347",2479,1,5288,1,92,94,100
"2348",2529,1,1351,1,93,95,103
"2349",2690,1,10998,1,92,93,99
"2350",2797,1,8447,1,92,93,98
"2351",3407,1,2658,1,94,95,100
"2352",3458,1,207,1,93,95,102
"2353",3477,1,5543,1,93,95,101
"2354",3507,1,9699,1,91,93,98
"2355",3588,1,6027,1,93,95,98
"2356",3832,1,12251,1,93,94,99
"2357",3842,1,9643,1,93,95,99
"2358",3880,1,14261,1,90,91,97
"2359",4020,1,3259,1,92,95,100
"2360",4082,1,10447,1,90,94,101
"2361",4100,1,6642,1,94,95,100
"2362",4207,1,7198,1,89,90,96
"2363",4390,1,11772,1,91,92,96
"2364",4730,1,445,1,92,95,99
"2365",4735,1,9631,1,90,91,96
"2366",4753,1,530,1,91,94,101
"2367",4934,1,4435,1,91,94,100
"2368",5003,1,4920,1,92,94,101
"2369",5074,1,7254,1,90,92,97
"2370",5233,1,5765,1,93,94,100
"2371",5263,1,1931,1,91,94,99
"2372",5316,1,6312,1,88,90,98
"2373",5359,1,4410,1,90,92,98
"2374",5448,1,7227,1,89,91,99
"2375",5458,1,6399,1,88,89,96
"2376",5720,1,7861,1,89,92,98
"2377",6041,1,10619,1,85,90,97
"2378",6143,1,13790,1,90,91,98
"2379",6157,1,12275,1,93,94,101
"2380",6194,1,2077,1,89,91,98
"2381",6296,1,3616,1,89,92,97
"2382",6301,1,9600,1,94,95,99
"2383",6310,1,3219,1,92,94,97
"2384",6539,1,9707,1,87,92,98
"2385",6728,1,11057,1,93,94,99
"2386",6739,1,6065,1,89,91,97
"2387",6826,1,11252,1,92,94,101
"2388",6827,1,10854,1,89,90,97
"2389",6840,1,10327,1,90,93,98
"2390",6868,1,10450,1,88,92,96
"2391",6873,1,6795,1,87,88,96
"2392",6931,1,3219,1,91,92,98
"2393",7288,1,7380,1,90,94,98
"2394",7350,1,12744,1,93,95,100
"2395",7510,1,5959,1,88,91,96
"2396",7705,1,11979,1,88,91,96
"2397",7766,1,14359,1,89,91,96
"2398",8117,1,11752,1,90,91,97
"2399",8124,1,5475,1,90,92,97
"2400",8146,1,10651,1,91,93,98
"2401",8147,1,7609,1,88,92,98
"2402",8299,1,5133,1,90,92,98
"2403",8636,1,5039,1,87,91,97
"2404",8647,1,7475,1,89,94,99
"2405",8702,1,12030,1,93,95,100
"2406",8885,1,7945,1,93,94,99
"2407",8907,1,10443,1,87,92,98
"2408",8924,1,4735,1,92,94,101
"2409",9338,1,4177,1,92,94,100
"2410",9632,1,2077,1,89,91,97
"2411",9644,1,5021,1,93,94,99
"2412",9706,1,7693,1,90,92,98
"2413",9818,1,6141,1,90,92,97
"2414",9838,1,7873,1,92,93,100
"2415",9853,1,4692,1,93,95,100
"2416",9855,1,11734,1,88,93,97
"2417",10028,1,13681,1,93,95,102
"2418",10446,1,5359,1,93,94,98
"2419",10583,1,8816,1,92,93,98
"2420",10687,1,481,1,87,89,96
"2421",10804,1,13664,1,90,93,97
"2422",10849,1,1708,1,91,92,96
"2423",10851,1,11575,1,89,91,98
"2424",10858,1,5133,1,91,93,99
"2425",11252,1,1294,1,90,92,97
"2426",11361,1,10707,1,89,90,97
"2427",11389,1,3472,1,89,90,97
"2428",11464,1,199,1,94,95,103
"2429",11592,1,11743,1,87,90,96
"2430",11611,1,14392,1,92,93,98
"2431",12059,1,7117,1,92,94,99
"2432",12134,1,10650,1,91,93,99
"2433",12427,1,12475,1,90,91,96
"2434",12429,1,2691,1,94,95,100
"2435",12457,1,14273,1,93,95,99
"2436",12550,1,13083,1,92,95,99
"2437",12709,1,106,1,92,95,101
"2438",12769,1,8982,1,88,91,96
"2439",12853,1,12472,1,90,92,97
"2440",12995,1,8636,1,93,94,99
"2441",13025,1,7268,1,93,95,102
"2442",13055,1,10521,1,92,94,98
"2443",13168,1,2848,1,93,95,102
"2444",13377,1,7234,1,92,95,99
"2445",13640,1,11635,1,91,94,101
"2446",13824,1,7764,1,91,93,100
"2447",14297,1,252,1,94,95,101
"2448",14400,1,3682,1,88,91,96
"2449",14407,1,11646,1,91,93,98
"2450",18,1,5195,1,94,95,100
"2451",114,1,10717,1,94,95,100
"2452",199,1,127,1,91,93,97
"2453",317,1,9976,1,93,94,100
"2454",512,1,8592,1,90,92,99
"2455",582,1,10854,1,92,94,100
"2456",675,1,1208,1,92,94,99
"2457",687,1,10227,1,92,94,100
"2458",799,1,7417,1,94,96,102
"2459",888,1,12547,1,92,94,98
"2460",901,1,6495,1,95,96,101
"2461",1101,1,3101,1,94,96,101
"2462",1165,1,11110,1,91,93,98
"2463",1166,1,9395,1,91,93,99
"2464",1169,1,13037,1,91,93,98
"2465",1213,1,13548,1,91,93,97
"2466",1415,1,13055,1,94,96,101
"2467",1433,1,3451,1,90,93,97
"2468",1447,1,13804,1,90,92,98
"2469",1472,1,11509,1,94,95,99
"2470",1812,1,13914,1,94,96,98
"2471",1813,1,106,1,92,95,101
"2472",1911,1,7123,1,95,96,101
"2473",2023,1,9855,1,94,95,98
"2474",2146,1,5334,1,93,96,101
"2475",2253,1,12127,1,95,96,102
"2476",2293,1,308,1,92,93,97
"2477",2306,1,5572,1,93,95,101
"2478",2344,1,591,1,94,96,104
"2479",2392,1,4547,1,94,95,100
"2480",2571,1,11696,1,92,94,99
"2481",2658,1,4505,1,88,93,100
"2482",2716,1,3259,1,92,93,99
"2483",2894,1,8836,1,90,93,98
"2484",3028,1,14089,1,92,93,97
"2485",3416,1,5458,1,91,93,98
"2486",3655,1,1370,1,91,93,98
"2487",3713,1,8124,1,93,94,99
"2488",3999,1,14180,1,93,95,99
"2489",4043,1,8251,1,90,94,102
"2490",4067,1,11510,1,90,93,98
"2491",4136,1,3328,1,92,93,97
"2492",4320,1,5215,1,93,96,101
"2493",4547,1,10650,1,90,92,97
"2494",4703,1,10167,1,91,92,98
"2495",4870,1,361,1,94,95,99
"2496",5042,1,3023,1,90,91,97
"2497",5100,1,2306,1,95,96,102
"2498",5184,1,4692,1,92,94,98
"2499",5195,1,12011,1,89,93,99
"2500",5215,1,885,1,90,92,97
"2501",5267,1,11226,1,93,94,98
"2502",5371,1,4165,1,94,96,100
"2503",5401,1,8633,1,93,95,101
"2504",5503,1,1834,1,91,93,97
"2505",5692,1,14415,1,91,92,98
"2506",5920,1,725,1,94,95,101
"2507",6008,1,172,1,92,95,101
"2508",6185,1,5875,1,91,94,100
"2509",6255,1,4571,1,91,94,99
"2510",6529,1,511,1,90,92,99
"2511",6662,1,6540,1,90,91,98
"2512",6771,1,22,1,87,90,97
"2513",6992,1,1155,1,88,90,97
"2514",7037,1,932,1,90,92,98
"2515",7047,1,3063,1,92,93,99
"2516",7171,1,5021,1,94,95,99
"2517",7175,1,11575,1,89,91,97
"2518",7212,1,6626,1,95,96,102
"2519",7410,1,14113,1,92,93,98
"2520",7462,1,4631,1,92,94,99
"2521",7508,1,2554,1,91,94,99
"2522",7650,1,9007,1,89,94,99
"2523",7721,1,11611,1,94,95,100
"2524",7773,1,98,1,92,95,99
"2525",7837,1,6794,1,91,94,99
"2526",7973,1,5195,1,94,95,101
"2527",8032,1,3984,1,94,96,104
"2528",8068,1,8592,1,91,94,100
"2529",8074,1,8505,1,89,91,98
"2530",8144,1,1157,1,91,93,98
"2531",8148,1,14516,1,94,95,100
"2532",8272,1,2915,1,94,95,100
"2533",8434,1,13050,1,91,92,98
"2534",8580,1,10302,1,92,96,102
"2535",8611,1,12206,1,90,92,97
"2536",8633,1,11743,1,88,91,97
"2537",9038,1,6194,1,93,95,101
"2538",9396,1,13728,1,93,95,101
"2539",9433,1,6816,1,91,93,97
"2540",9438,1,8985,1,93,95,101
"2541",9454,1,7766,1,92,94,97
"2542",9558,1,12435,1,90,92,97
"2543",9606,1,8074,1,93,94,100
"2544",9746,1,10854,1,90,92,98
"2545",9749,1,3367,1,90,92,97
"2546",9812,1,12227,1,89,92,97
"2547",9990,1,2915,1,94,96,100
"2548",10517,1,6272,1,92,94,99
"2549",10865,1,1678,1,88,92,98
"2550",10968,1,6992,1,90,91,98
"2551",11042,1,10717,1,94,95,99
"2552",11180,1,14429,1,95,96,103
"2553",11636,1,6771,1,92,93,98
"2554",11646,1,4216,1,89,91,97
"2555",11696,1,9707,1,90,91,97
"2556",11713,1,8434,1,94,95,100
"2557",11791,1,10661,1,91,92,101
"2558",11972,1,4177,1,92,94,98
"2559",12062,1,8555,1,93,96,101
"2560",12082,1,13809,1,93,95,99
"2561",12083,1,7475,1,90,92,97
"2562",12213,1,8052,1,90,92,98
"2563",12247,1,14359,1,89,91,97
"2564",12251,1,9697,1,90,92,98
"2565",12405,1,207,1,93,94,99
"2566",12731,1,8816,1,92,94,100
"2567",12759,1,13785,1,90,93,101
"2568",12816,1,6452,1,95,96,101
"2569",12899,1,8288,1,93,95,99
"2570",12930,1,4055,1,93,94,101
"2571",13065,1,5288,1,93,95,102
"2572",13144,1,2510,1,89,92,98
"2573",13353,1,3748,1,92,96,102
"2574",13426,1,7146,1,93,95,100
"2575",13809,1,525,1,91,93,98
"2576",13821,1,6906,1,93,96,101
"2577",13850,1,11540,1,88,92,98
"2578",13911,1,2757,1,93,95,101
"2579",13939,1,513,1,94,96,103
"2580",14029,1,6439,1,94,95,100
"2581",14116,1,12083,1,94,95,99
"2582",14323,1,525,1,90,92,98
"2583",178,1,4997,1,88,91,98
"2584",513,1,8251,1,90,93,98
"2585",516,1,2479,1,95,97,101
"2586",574,1,4207,1,91,92,100
"2587",607,1,13446,1,92,93,98
"2588",725,1,4859,1,92,94,101
"2589",739,1,5394,1,94,96,100
"2590",811,1,7060,1,93,95,102
"2591",853,1,416,1,91,94,101
"2592",912,1,14124,1,94,96,100
"2593",1045,1,8276,1,94,96,102
"2594",1060,1,10968,1,92,93,98
"2595",1083,1,12030,1,95,96,100
"2596",1299,1,9065,1,90,92,98
"2597",1732,1,9976,1,93,94,100
"2598",2034,1,8636,1,93,95,102
"2599",2259,1,9449,1,91,94,99
"2600",2530,1,3063,1,92,94,99
"2601",2553,1,675,1,94,97,103
"2602",2632,1,6879,1,92,94,99
"2603",2691,1,512,1,92,93,99
"2604",2908,1,12218,1,92,95,101
"2605",2967,1,7146,1,94,97,105
"2606",2976,1,4571,1,90,94,98
"2607",3008,1,8533,1,93,95,100
"2608",3281,1,11351,1,94,95,99
"2609",3304,1,10302,1,92,93,99
"2610",3326,1,2027,1,94,96,101
"2611",3475,1,1447,1,94,97,104
"2612",3494,1,10168,1,88,94,99
"2613",3520,1,4915,1,92,95,101
"2614",3684,1,11530,1,94,95,100
"2615",3885,1,1925,1,95,97,103
"2616",3995,1,9393,1,95,97,102
"2617",4008,1,9939,1,94,95,101
"2618",4165,1,12547,1,92,94,101
"2619",4172,1,12831,1,92,93,100
"2620",4193,1,5159,1,95,97,100
"2621",4211,1,8533,1,92,94,100
"2622",4311,1,1350,1,95,96,100
"2623",4440,1,2835,1,94,95,99
"2624",4561,1,11946,1,95,97,101
"2625",4732,1,14058,1,92,94,103
"2626",4834,1,9707,1,90,93,101
"2627",4908,1,2404,1,93,94,98
"2628",4985,1,12744,1,93,95,100
"2629",4999,1,6175,1,92,95,102
"2630",5024,1,8288,1,93,97,103
"2631",5334,1,13294,1,91,92,98
"2632",5430,1,9408,1,93,95,100
"2633",5434,1,11464,1,95,97,102
"2634",5564,1,2362,1,95,96,100
"2635",5612,1,421,1,95,96,103
"2636",5876,1,7401,1,94,95,100
"2637",5912,1,3507,1,94,96,102
"2638",6077,1,11611,1,94,96,101
"2639",6123,1,5847,1,94,95,101
"2640",6144,1,11696,1,92,94,99
"2641",6302,1,769,1,92,95,101
"2642",6434,1,10716,1,94,97,103
"2643",6468,1,7333,1,93,95,98
"2644",6535,1,3038,1,96,97,102
"2645",6543,1,7333,1,92,94,100
"2646",6626,1,8639,1,93,95,101
"2647",6652,1,2259,1,95,96,100
"2648",6752,1,12550,1,95,97,102
"2649",6892,1,9449,1,94,96,101
"2650",6906,1,266,1,91,93,98
"2651",6938,1,8650,1,91,94,100
"2652",6979,1,18,1,96,97,102
"2653",7046,1,4607,1,92,93,102
"2654",7137,1,11510,1,90,92,98
"2655",7146,1,4174,1,90,92,98
"2656",7221,1,12206,1,93,95,101
"2657",7272,1,12227,1,89,92,98
"2658",7393,1,3498,1,94,95,100
"2659",7403,1,3616,1,90,92,98
"2660",7625,1,932,1,90,94,99
"2661",7711,1,2027,1,93,95,99
"2662",7785,1,11823,1,91,93,98
"2663",7801,1,5263,1,94,95,100
"2664",7945,1,3769,1,89,91,98
"2665",7988,1,2404,1,93,94,100
"2666",8026,1,2690,1,94,96,101
"2667",8150,1,5184,1,95,97,102
"2668",8222,1,6027,1,94,97,102
"2669",8232,1,5884,1,90,92,98
"2670",8265,1,6931,1,93,94,99
"2671",8321,1,12218,1,94,96,100
"2672",8486,1,5798,1,93,95,100
"2673",8562,1,361,1,94,97,101
"2674",8723,1,6561,1,95,96,101
"2675",8931,1,10849,1,93,95,99
"2676",9096,1,2757,1,92,93,98
"2677",9115,1,6771,1,92,94,99
"2678",9464,1,13809,1,94,97,102
"2679",9600,1,8639,1,92,93,99
"2680",9638,1,6188,1,91,93,99
"2681",9744,1,7857,1,92,94,99
"2682",9790,1,9838,1,95,97,102
"2683",9801,1,5288,1,96,97,102
"2684",9867,1,14498,1,92,95,99
"2685",9991,1,3494,1,95,96,103
"2686",10176,1,511,1,91,95,100
"2687",10181,1,9643,1,93,94,99
"2688",10475,1,1606,1,92,93,101
"2689",10503,1,9909,1,93,95,101
"2690",10628,1,8208,1,88,90,98
"2691",10739,1,5467,1,90,92,99
"2692",10808,1,11592,1,91,93,98
"2693",10925,1,8276,1,92,94,101
"2694",11311,1,5750,1,93,94,100
"2695",11327,1,9909,1,92,96,99
"2696",11330,1,9567,1,95,96,101
"2697",11371,1,14280,1,93,95,100
"2698",11509,1,5316,1,91,93,98
"2699",11678,1,10851,1,95,97,103
"2700",11699,1,5074,1,93,95,99
"2701",11706,1,3633,1,96,97,103
"2702",11708,1,10450,1,90,94,98
"2703",11825,1,4440,1,96,97,103
"2704",11847,1,4916,1,95,96,99
"2705",11866,1,7705,1,92,95,102
"2706",12036,1,9744,1,95,97,100
"2707",12127,1,511,1,90,94,100
"2708",12257,1,2968,1,95,97,102
"2709",12518,1,8671,1,88,91,98
"2710",12547,1,6059,1,89,90,98
"2711",12744,1,7733,1,91,92,101
"2712",13125,1,11972,1,94,96,103
"2713",13219,1,8653,1,90,94,98
"2714",13604,1,12547,1,91,93,99
"2715",13641,1,12247,1,92,94,99
"2716",13670,1,6416,1,90,94,100
"2717",13914,1,6141,1,91,93,99
"2718",13964,1,12547,1,91,94,100
"2719",14150,1,13346,1,91,94,99
"2720",14190,1,14273,1,93,94,99
"2721",14306,1,3304,1,94,95,100
"2722",14345,1,8117,1,93,95,99
"2723",14362,1,5720,1,92,94,98
"2724",14446,1,10302,1,92,93,98
"2725",8,1,10651,1,91,93,101
"2726",100,1,3741,1,93,95,100
"2727",162,1,7908,1,91,93,99
"2728",181,1,2287,1,96,98,104
"2729",293,1,2287,1,94,96,101
"2730",332,1,13144,1,94,96,101
"2731",347,1,928,1,95,98,102
"2732",442,1,1158,1,92,95,101
"2733",611,1,11215,1,92,94,99
"2734",628,1,1423,1,95,97,101
"2735",676,1,11367,1,93,95,100
"2736",684,1,12853,1,93,95,101
"2737",855,1,5074,1,95,96,100
"2738",856,1,2934,1,93,95,101
"2739",903,1,127,1,90,92,99
"2740",957,1,8884,1,96,98,104
"2741",1109,1,4172,1,94,96,100
"2742",1135,1,2720,1,97,98,104
"2743",1170,1,9393,1,96,98,103
"2744",1210,1,5875,1,92,96,100
"2745",1252,1,7047,1,95,97,102
"2746",1634,1,7857,1,92,94,100
"2747",1787,1,4209,1,92,94,100
"2748",2298,1,2114,1,96,98,103
"2749",2466,1,3028,1,94,97,102
"2750",2533,1,1925,1,93,95,100
"2751",2677,1,4165,1,95,97,103
"2752",2808,1,9151,1,95,96,101
"2753",2821,1,11866,1,96,98,102
"2754",2829,1,2141,1,96,98,102
"2755",2945,1,7350,1,96,98,103
"2756",3009,1,12481,1,94,96,99
"2757",3492,1,3101,1,94,96,101
"2758",3553,1,7577,1,96,98,103
"2759",3563,1,5533,1,94,96,102
"2760",3640,1,9038,1,96,98,102
"2761",3733,1,3112,1,97,98,104
"2762",3879,1,8845,1,92,95,101
"2763",4183,1,11595,1,92,94,99
"2764",4262,1,3880,1,93,95,99
"2765",4302,1,1596,1,97,98,106
"2766",4328,1,6417,1,96,98,103
"2767",4383,1,7426,1,90,92,99
"2768",4564,1,9638,1,95,97,100
"2769",4775,1,13123,1,96,97,103
"2770",4795,1,11371,1,95,96,102
"2771",5134,1,10651,1,91,92,99
"2772",5298,1,4834,1,95,97,102
"2773",5500,1,12457,1,96,98,104
"2774",5661,1,3227,1,91,93,99
"2775",5835,1,1158,1,92,94,99
"2776",6027,1,172,1,92,93,100
"2777",6031,1,2027,1,92,96,102
"2778",6146,1,5334,1,94,95,101
"2779",6258,1,769,1,92,94,100
"2780",6449,1,3217,1,95,97,101
"2781",6526,1,13810,1,92,94,100
"2782",6537,1,11592,1,95,96,102
"2783",6561,1,7594,1,91,94,101
"2784",6602,1,13598,1,96,97,101
"2785",6761,1,9838,1,94,95,100
"2786",7068,1,13835,1,93,95,100
"2787",7118,1,7785,1,95,97,102
"2788",7181,1,12292,1,90,93,100
"2789",7235,1,442,1,96,98,103
"2790",7264,1,6008,1,96,98,103
"2791",7302,1,6127,1,94,95,99
"2792",7322,1,2691,1,94,98,103
"2793",7355,1,7175,1,92,93,102
"2794",7541,1,14345,1,96,97,101
"2795",7611,1,10650,1,90,91,99
"2796",7765,1,6143,1,92,95,100
"2797",7829,1,3118,1,91,93,99
"2798",7914,1,6047,1,93,95,100
"2799",8072,1,769,1,93,96,101
"2800",8216,1,7403,1,93,95,99
"2801",8245,1,13964,1,96,97,103
"2802",8372,1,132,1,91,96,102
"2803",8416,1,9096,1,94,96,100
"2804",8523,1,5875,1,92,94,99
"2805",8826,1,6015,1,97,98,104
"2806",8884,1,11311,1,95,96,101
"2807",9146,1,11699,1,97,98,104
"2808",9278,1,1634,1,95,96,104
"2809",9479,1,9080,1,93,95,99
"2810",9567,1,4055,1,94,95,101
"2811",10013,1,13426,1,95,96,100
"2812",10172,1,12227,1,90,95,99
"2813",10303,1,11351,1,93,96,102
"2814",10372,1,1158,1,92,95,101
"2815",10381,1,3842,1,96,97,103
"2816",10796,1,252,1,95,97,104
"2817",10801,1,6439,1,95,97,103
"2818",11034,1,7650,1,94,96,103
"2819",11063,1,8653,1,93,95,100
"2820",11204,1,3927,1,91,94,99
"2821",11248,1,9744,1,95,96,102
"2822",11301,1,10446,1,97,98,104
"2823",11364,1,5215,1,95,96,104
"2824",11367,1,11813,1,92,93,100
"2825",11410,1,8924,1,95,96,101
"2826",11626,1,3328,1,92,95,100
"2827",11627,1,10446,1,96,97,102
"2828",11700,1,9746,1,93,94,99
"2829",11818,1,6652,1,97,98,103
"2830",11886,1,5233,1,96,97,102
"2831",11899,1,2141,1,96,98,104
"2832",12215,1,9818,1,93,94,99
"2833",12246,1,4071,1,92,96,100
"2834",12464,1,14029,1,96,98,105
"2835",12588,1,4414,1,96,97,101
"2836",12589,1,3498,1,92,93,100
"2837",12593,1,4136,1,94,95,101
"2838",12808,1,6325,1,93,95,100
"2839",13063,1,7037,1,93,95,100
"2840",13123,1,3451,1,92,95,102
"2841",13211,1,8611,1,93,95,101
"2842",13341,1,11429,1,92,94,100
"2843",13447,1,12317,1,89,96,102
"2844",13599,1,5790,1,92,94,99
"2845",13743,1,1925,1,95,97,102
"2846",13899,1,6020,1,93,95,100
"2847",14003,1,1700,1,90,93,99
"2848",14121,1,12030,1,93,94,99
"2849",14124,1,10943,1,89,92,99
"2850",14246,1,7255,1,89,92,99
"2851",14326,1,13055,1,95,96,101
"2852",14349,1,8639,1,94,97,103
"2853",14493,1,13240,1,90,92,99
"2854",79,1,11854,1,97,99,105
"2855",86,1,10172,1,97,99,104
"2856",252,1,416,1,93,94,101
"2857",358,1,1039,1,96,98,104
"2858",410,1,7410,1,94,96,102
"2859",651,1,8916,1,96,97,101
"2860",705,1,9606,1,96,97,102
"2861",734,1,7761,1,93,95,100
"2862",784,1,5875,1,92,94,100
"2863",805,1,6047,1,94,96,101
"2864",836,1,361,1,94,96,102
"2865",844,1,9795,1,97,98,102
"2866",1040,1,5419,1,98,99,104
"2867",1302,1,13014,1,98,99,106
"2868",1324,1,6826,1,95,96,101
"2869",1417,1,2323,1,93,96,102
"2870",1446,1,739,1,98,99,104
"2871",1498,1,9278,1,96,97,102
"2872",1691,1,4870,1,97,98,104
"2873",1920,1,9638,1,96,97,104
"2874",2276,1,10849,1,93,96,101
"2875",2405,1,8048,1,95,97,103
"2876",2584,1,6434,1,98,99,103
"2877",2670,1,7596,1,97,98,102
"2878",2840,1,3633,1,96,97,102
"2879",2885,1,684,1,96,98,105
"2880",3159,1,13165,1,97,98,103
"2881",3315,1,9253,1,97,98,103
"2882",3385,1,10925,1,95,97,103
"2883",3515,1,13168,1,96,98,102
"2884",3662,1,199,1,95,97,101
"2885",3772,1,6127,1,95,98,103
"2886",3917,1,6292,1,93,96,100
"2887",4042,1,7333,1,92,94,100
"2888",4081,1,7181,1,95,98,102
"2889",4231,1,3998,1,95,97,102
"2890",4254,1,5434,1,98,99,105
"2891",4362,1,14516,1,94,96,101
"2892",4725,1,6301,1,96,98,104
"2893",5175,1,2034,1,96,97,102
"2894",5353,1,13341,1,95,98,102
"2895",5388,1,12,1,93,94,100
"2896",5646,1,13065,1,96,98,102
"2897",5757,1,9991,1,97,99,104
"2898",5846,1,3758,1,93,95,100
"2899",5862,1,7533,1,97,99,104
"2900",6089,1,11429,1,91,92,100
"2901",6094,1,6733,1,97,98,104
"2902",6196,1,7508,1,95,96,101
"2903",6324,1,11854,1,97,99,105
"2904",6417,1,14273,1,93,95,102
"2905",6568,1,1428,1,95,97,103
"2906",6730,1,4136,1,95,98,103
"2907",6921,1,3684,1,96,98,104
"2908",6927,1,9643,1,93,96,102
"2909",7001,1,13918,1,96,98,102
"2910",7286,1,5692,1,92,97,102
"2911",7533,1,4154,1,94,96,100
"2912",7577,1,10661,1,92,95,102
"2913",7716,1,6927,1,97,99,103
"2914",8048,1,474,1,91,94,101
"2915",8178,1,722,1,97,99,103
"2916",8185,1,8026,1,97,98,103
"2917",8346,1,6906,1,95,96,101
"2918",8459,1,1169,1,95,99,105
"2919",8577,1,1125,1,97,99,104
"2920",8591,1,14323,1,95,97,103
"2921",8880,1,12550,1,97,99,103
"2922",8947,1,9080,1,92,97,102
"2923",8995,1,12588,1,98,99,105
"2924",9009,1,4183,1,94,97,105
"2925",9220,1,5189,1,92,95,101
"2926",9250,1,6077,1,97,98,105
"2927",9253,1,10804,1,93,95,101
"2928",9272,1,8072,1,98,99,104
"2929",9428,1,9749,1,95,98,103
"2930",9465,1,3624,1,93,95,100
"2931",9522,1,3832,1,95,96,101
"2932",9627,1,2301,1,93,94,101
"2933",9791,1,1812,1,97,99,104
"2934",9795,1,10938,1,93,95,101
"2935",9900,1,837,1,98,99,107
"2936",9969,1,5190,1,90,94,100
"2937",9997,1,2808,1,96,99,102
"2938",10266,1,10968,1,94,96,101
"2939",10355,1,3498,1,93,95,100
"2940",10369,1,9096,1,95,97,103
"2941",10581,1,14342,1,96,97,105
"2942",10622,1,8,1,95,96,101
"2943",10716,1,3170,1,92,93,100
"2944",10856,1,5912,1,97,99,104
"2945",11022,1,12464,1,98,99,103
"2946",11041,1,5419,1,97,98,102
"2947",11092,1,12399,1,97,98,103
"2948",11122,1,2608,1,95,96,100
"2949",11259,1,1045,1,97,98,104
"2950",11483,1,8144,1,95,96,101
"2951",11547,1,9606,1,94,96,101
"2952",11566,1,4921,1,96,98,104
"2953",11580,1,1351,1,93,96,102
"2954",11598,1,12427,1,95,96,102
"2955",11618,1,421,1,96,98,103
"2956",11650,1,100,1,96,97,104
"2957",11690,1,12246,1,97,98,104
"2958",11759,1,7650,1,96,98,102
"2959",11790,1,4017,1,94,97,103
"2960",11853,1,7333,1,92,94,101
"2961",11854,1,12774,1,95,96,101
"2962",12046,1,2315,1,91,95,101
"2963",12052,1,4067,1,94,95,100
"2964",12099,1,12816,1,98,99,105
"2965",12245,1,2533,1,97,98,103
"2966",12382,1,6840,1,95,98,102
"2967",12386,1,8224,1,94,96,102
"2968",12399,1,13599,1,95,96,102
"2969",12651,1,2253,1,97,99,102
"2970",12775,1,11825,1,97,98,102
"2971",12812,1,574,1,93,95,101
"2972",12841,1,8117,1,93,96,101
"2973",13031,1,888,1,95,97,103
"2974",13205,1,207,1,93,95,103
"2975",13217,1,4692,1,92,94,100
"2976",13243,1,615,1,97,99,106
"2977",13256,1,1423,1,94,95,101
"2978",13257,1,14373,1,98,99,104
"2979",13327,1,9278,1,97,98,105
"2980",13338,1,5074,1,93,95,100
"2981",13351,1,114,1,98,99,104
"2982",13490,1,7577,1,95,98,103
"2983",13651,1,7393,1,97,98,104
"2984",13695,1,6175,1,91,93,100
"2985",13717,1,2716,1,94,98,105
"2986",13780,1,9393,1,97,98,104
"2987",13803,1,8916,1,95,97,102
"2988",13855,1,7462,1,97,98,102
"2989",13876,1,9968,1,95,97,102
"2990",13918,1,5692,1,94,95,100
"2991",13936,1,11330,1,96,98,103
"2992",13990,1,1596,1,97,99,103
"2993",14002,1,6761,1,97,98,103
"2994",14439,1,14003,1,94,97,101
"2995",14443,1,4410,1,89,95,100
"2996",55,1,7785,1,95,100,107
"2997",94,1,715,1,99,100,106
"2998",280,1,5500,1,99,100,108
"2999",421,1,4703,1,93,95,101
"3000",439,1,3917,1,98,99,105
"3001",450,1,6140,1,98,100,105
"3002",464,1,645,1,98,100,106
"3003",575,1,9990,1,97,100,103
"3004",722,1,4735,1,93,95,101
"3005",778,1,10525,1,97,98,103
"3006",939,1,2530,1,95,97,103
"3007",1080,1,4475,1,98,99,104
"3008",1125,1,6127,1,95,97,103
"3009",1304,1,2276,1,97,98,104
"3010",1321,1,1101,1,97,100,104
"3011",1364,1,687,1,95,98,104
"3012",1384,1,8026,1,97,98,105
"3013",1454,1,10446,1,95,97,104
"3014",1457,1,7417,1,94,97,103
"3015",1596,1,1350,1,95,96,102
"3016",2198,1,6626,1,96,99,105
"3017",2304,1,10858,1,95,98,103
"3018",2357,1,8591,1,98,99,104
"3019",2382,1,11838,1,98,100,105
"3020",2586,1,191,1,95,98,104
"3021",2661,1,516,1,98,99,104
"3022",2720,1,13824,1,94,95,102
"3023",2789,1,8148,1,97,98,105
"3024",2799,1,13353,1,97,99,105
"3025",3114,1,5419,1,98,99,104
"3026",3117,1,9331,1,99,100,106
"3027",3547,1,6652,1,97,98,105
"3028",3592,1,2894,1,96,98,103
"3029",3598,1,9396,1,97,99,103
"3030",3633,1,10739,1,93,95,102
"3031",3647,1,1417,1,98,99,104
"3032",3878,1,11708,1,96,98,103
"3033",4072,1,4207,1,92,95,102
"3034",4113,1,2915,1,94,96,106
"3035",4222,1,6292,1,94,96,101
"3036",4394,1,836,1,98,100,106
"3037",4470,1,5187,1,99,100,107
"3038",4475,1,901,1,97,98,102
"3039",4543,1,6031,1,97,99,103
"3040",4762,1,1911,1,99,100,105
"3041",4838,1,9338,1,96,97,101
"3042",4926,1,6543,1,96,98,105
"3043",4943,1,5765,1,93,96,102
"3044",5104,1,11700,1,96,97,102
"3045",5107,1,9746,1,93,96,102
"3046",5143,1,12774,1,94,96,101
"3047",5152,1,3684,1,99,100,106
"3048",5179,1,11790,1,98,100,105
"3049",5247,1,1788,1,96,98,103
"3050",5274,1,9454,1,95,99,104
"3051",5341,1,7650,1,95,97,103
"3052",5345,1,6868,1,94,95,102
"3053",5381,1,4921,1,95,98,103
"3054",5419,1,4136,1,94,96,101
"3055",5443,1,14345,1,97,98,103
"3056",5504,1,2608,1,95,96,101
"3057",5605,1,12808,1,97,99,105
"3058",5767,1,7715,1,97,99,103
"3059",5794,1,4008,1,97,99,105
"3060",5804,1,6417,1,97,99,102
"3061",6015,1,9498,1,92,94,102
"3062",6168,1,4262,1,96,98,103
"3063",6180,1,2276,1,97,99,104
"3064",6267,1,5143,1,97,100,104
"3065",6358,1,6827,1,93,95,103
"3066",6459,1,7381,1,99,100,109
"3067",6715,1,12593,1,96,99,103
"3068",7025,1,11678,1,98,100,109
"3069",7086,1,2849,1,97,98,103
"3070",7119,1,11311,1,94,95,101
"3071",7143,1,12887,1,95,96,101
"3072",7244,1,14342,1,95,97,102
"3073",7363,1,8486,1,99,100,105
"3074",7638,1,10013,1,97,99,103
"3075",7845,1,1788,1,96,98,103
"3076",8024,1,4063,1,98,100,104
"3077",8055,1,207,1,95,99,106
"3078",8234,1,2908,1,98,99,102
"3079",8348,1,5345,1,97,99,106
"3080",8424,1,6561,1,95,97,102
"3081",8527,1,11157,1,98,99,104
"3082",8625,1,191,1,96,97,102
"3083",8696,1,12731,1,96,99,104
"3084",8706,1,722,1,97,98,102
"3085",8781,1,162,1,95,97,103
"3086",8794,1,4320,1,97,99,105
"3087",8835,1,1813,1,96,98,104
"3088",8868,1,699,1,93,95,101
"3089",9024,1,855,1,97,98,102
"3090",9159,1,13641,1,94,97,102
"3091",9207,1,13025,1,96,97,102
"3092",9265,1,11402,1,98,100,106
"3093",9331,1,191,1,96,98,101
"3094",9982,1,10493,1,98,100,104
"3095",10029,1,7047,1,97,98,102
"3096",10099,1,13211,1,96,97,104
"3097",10121,1,7171,1,96,98,103
"3098",10144,1,8026,1,98,100,106
"3099",10441,1,4999,1,97,98,104
"3100",10969,1,1210,1,97,98,105
"3101",11085,1,2253,1,97,99,105
"3102",11157,1,3328,1,93,97,101
"3103",11181,1,6239,1,98,100,105
"3104",11194,1,725,1,96,98,104
"3105",11238,1,9482,1,94,96,102
"3106",11372,1,2797,1,94,97,101
"3107",11402,1,9338,1,95,97,102
"3108",11756,1,2034,1,97,100,107
"3109",11779,1,11790,1,98,100,106
"3110",11946,1,7175,1,92,93,101
"3111",12128,1,1214,1,96,100,104
"3112",12249,1,11791,1,96,98,104
"3113",12374,1,3832,1,95,97,101
"3114",12455,1,8222,1,98,100,105
"3115",12489,1,836,1,98,100,105
"3116",12560,1,5920,1,97,99,104
"3117",12632,1,14003,1,95,99,106
"3118",12649,1,4908,1,96,98,103
"3119",13081,1,4840,1,98,100,107
"3120",13165,1,8533,1,94,97,103
"3121",13307,1,5835,1,97,98,103
"3122",13382,1,5419,1,97,99,102
"3123",13445,1,1911,1,97,99,103
"3124",13463,1,9706,1,95,96,102
"3125",13713,1,4390,1,93,96,101
"3126",13722,1,14124,1,98,100,105
"3127",13898,1,9338,1,96,99,103
"3128",14186,1,12127,1,96,97,102
"3129",14287,1,7129,1,95,99,104
"3130",14341,1,2216,1,95,98,103
"3131",184,1,3492,1,98,99,105
"3132",233,1,6144,1,95,97,102
"3133",244,1,1812,1,96,97,102
"3134",256,1,11402,1,98,99,104
"3135",356,1,1911,1,98,99,104
"3136",433,1,4561,1,98,99,103
"3137",462,1,2967,1,98,100,106
"3138",642,1,6826,1,96,97,104
"3139",645,1,5359,1,94,96,104
"3140",707,1,11853,1,98,99,104
"3141",715,1,1423,1,95,97,104
"3142",753,1,11324,1,98,100,105
"3143",837,1,13875,1,95,97,102
"3144",860,1,11122,1,98,99,102
"3145",882,1,8781,1,98,100,105
"3146",1272,1,8424,1,98,100,105
"3147",1354,1,8835,1,99,100,105
"3148",1383,1,9754,1,100,101,105
"3149",1426,1,705,1,98,101,106
"3150",1485,1,13298,1,94,96,102
"3151",1506,1,3633,1,96,98,102
"3152",1564,1,11204,1,97,100,106
"3153",2078,1,10365,1,98,99,105
"3154",2164,1,2405,1,99,101,105
"3155",2411,1,11972,1,95,97,104
"3156",2432,1,513,1,94,98,105
"3157",2435,1,11286,1,100,101,105
"3158",2459,1,11253,1,99,100,105
"3159",2490,1,3662,1,99,100,105
"3160",2542,1,8555,1,95,99,103
"3161",2608,1,7272,1,92,94,104
"3162",2624,1,4408,1,95,96,102
"3163",2635,1,739,1,97,99,104
"3164",2904,1,11122,1,97,98,103
"3165",2984,1,13835,1,93,96,102
"3166",3035,1,5443,1,100,101,105
"3167",3036,1,4043,1,97,99,104
"3168",3055,1,928,1,94,99,106
"3169",3112,1,3823,1,93,96,102
"3170",3300,1,12801,1,95,97,102
"3171",3439,1,11618,1,99,101,106
"3172",3505,1,2658,1,94,98,104
"3173",3639,1,13171,1,98,99,104
"3174",3656,1,7086,1,98,99,105
"3175",3657,1,5609,1,99,101,106
"3176",3672,1,11180,1,97,99,106
"3177",3747,1,2808,1,98,99,104
"3178",3760,1,13315,1,98,101,106
"3179",4003,1,8346,1,97,100,104
"3180",4063,1,3494,1,95,96,102
"3181",4087,1,837,1,99,101,106
"3182",4154,1,6283,1,89,93,102
"3183",4166,1,6927,1,97,98,102
"3184",4361,1,12066,1,96,98,102
"3185",4459,1,4543,1,100,101,106
"3186",4698,1,13552,1,100,101,107
"3187",4840,1,11699,1,96,97,102
"3188",5127,1,7761,1,95,96,102
"3189",5182,1,5371,1,97,98,103
"3190",5563,1,715,1,99,101,106
"3191",5580,1,3110,1,99,101,107
"3192",5711,1,3517,1,98,99,104
"3193",6177,1,4573,1,97,99,103
"3194",6313,1,3639,1,99,100,104
"3195",6339,1,5443,1,99,101,106
"3196",6555,1,2808,1,97,99,105
"3197",6591,1,1045,1,97,99,104
"3198",6595,1,1925,1,95,97,102
"3199",6708,1,6193,1,99,101,106
"3200",6733,1,1447,1,93,96,103
"3201",6797,1,13821,1,100,101,106
"3202",6836,1,8826,1,99,101,107
"3203",6862,1,13307,1,99,101,106
"3204",6882,1,9433,1,94,96,102
"3205",7024,1,2691,1,95,97,103
"3206",7038,1,5184,1,96,98,104
"3207",7166,1,9096,1,95,98,103
"3208",7381,1,8147,1,94,98,104
"3209",7490,1,2690,1,96,100,106
"3210",7555,1,10968,1,94,98,102
"3211",7596,1,9061,1,96,97,103
"3212",7608,1,1101,1,97,99,104
"3213",7636,1,2984,1,98,100,108
"3214",7824,1,2392,1,97,99,104
"3215",7904,1,14443,1,96,98,103
"3216",8176,1,9791,1,100,101,108
"3217",8423,1,5692,1,95,98,102
"3218",8463,1,12677,1,94,97,104
"3219",8780,1,3458,1,96,99,103
"3220",8788,1,8907,1,95,97,102
"3221",9103,1,6602,1,98,100,106
"3222",9107,1,6733,1,99,100,105
"3223",9156,1,12841,1,97,99,104
"3224",9199,1,4870,1,98,99,105
"3225",9205,1,7404,1,99,100,104
"3226",9238,1,9115,1,95,97,103
"3227",9599,1,2849,1,98,101,104
"3228",9754,1,13063,1,96,98,104
"3229",9761,1,11180,1,96,100,107
"3230",9794,1,13899,1,98,99,102
"3231",10092,1,8924,1,95,98,104
"3232",10158,1,13447,1,98,101,106
"3233",10177,1,7181,1,95,97,102
"3234",10213,1,13651,1,100,101,107
"3235",10365,1,11204,1,96,97,103
"3236",10439,1,5175,1,98,100,105
"3237",10493,1,12134,1,95,97,102
"3238",10541,1,4193,1,98,100,106
"3239",10586,1,13972,1,98,100,105
"3240",10728,1,7773,1,98,100,103
"3241",10731,1,10969,1,98,100,107
"3242",10863,1,8216,1,95,96,102
"3243",11253,1,2894,1,95,98,103
"3244",11286,1,722,1,96,99,105
"3245",11324,1,5159,1,96,97,102
"3246",11398,1,12419,1,100,101,106
"3247",11433,1,2838,1,98,101,107
"3248",11435,1,10628,1,93,96,103
"3249",11615,1,6302,1,96,99,106
"3250",11679,1,2821,1,100,101,106
"3251",11745,1,1045,1,97,99,104
"3252",11788,1,1813,1,97,100,106
"3253",11884,1,10624,1,99,100,105
"3254",12176,1,6144,1,96,98,103
"3255",12358,1,8780,1,100,101,106
"3256",12419,1,1214,1,96,98,103
"3257",12446,1,5443,1,99,100,105
"3258",12675,1,12812,1,96,97,104
"3259",12687,1,4370,1,99,100,105
"3260",12688,1,8222,1,99,100,106
"3261",12701,1,13532,1,99,101,106
"3262",12706,1,9331,1,99,100,106
"3263",12848,1,5107,1,98,99,103
"3264",12907,1,6302,1,97,100,104
"3265",12916,1,9250,1,99,100,106
"3266",13014,1,14212,1,96,97,103
"3267",13053,1,6258,1,95,96,103
"3268",13171,1,5263,1,96,97,102
"3269",13315,1,1351,1,94,96,102
"3270",13393,1,6255,1,95,100,103
"3271",13501,1,8788,1,98,99,105
"3272",13534,1,1651,1,99,101,106
"3273",13547,1,674,1,98,99,103
"3274",13555,1,1364,1,99,101,105
"3275",13819,1,8032,1,98,100,104
"3276",13944,1,4775,1,99,101,105
"3277",13972,1,11464,1,97,98,103
"3278",13985,1,4934,1,97,101,105
"3279",14233,1,10804,1,95,98,105
"3280",11,1,9220,1,97,102,107
"3281",122,1,8880,1,100,101,107
"3282",197,1,11618,1,98,100,104
"3283",465,1,5862,1,100,102,107
"3284",674,1,1812,1,97,98,104
"3285",713,1,12981,1,98,100,104
"3286",780,1,9522,1,97,99,104
"3287",781,1,2411,1,99,101,108
"3288",977,1,8562,1,99,101,107
"3289",984,1,8625,1,100,101,105
"3290",1078,1,12052,1,96,98,103
"3291",1137,1,9853,1,97,99,103
"3292",1144,1,4686,1,101,102,107
"3293",1189,1,1920,1,99,101,105
"3294",1223,1,6715,1,99,100,105
"3295",1400,1,6388,1,99,101,107
"3296",1422,1,9744,1,97,101,107
"3297",1471,1,6752,1,98,101,107
"3298",1591,1,6938,1,97,99,105
"3299",1638,1,3458,1,98,99,104
"3300",1651,1,7197,1,95,98,104
"3301",1734,1,1428,1,97,99,103
"3302",1746,1,8781,1,98,101,108
"3303",1856,1,1920,1,98,101,106
"3304",1914,1,805,1,98,100,107
"3305",1956,1,6146,1,95,97,105
"3306",2047,1,12995,1,96,97,103
"3307",2167,1,8580,1,97,99,105
"3308",2192,1,3335,1,96,99,103
"3309",2643,1,13532,1,99,100,105
"3310",2743,1,13065,1,96,97,104
"3311",2819,1,13876,1,98,101,108
"3312",2833,1,3633,1,96,98,103
"3313",2838,1,2146,1,97,98,103
"3314",2849,1,4753,1,95,97,103
"3315",2886,1,10441,1,99,100,105
"3316",3033,1,9262,1,99,100,104
"3317",3110,1,12134,1,94,98,103
"3318",3202,1,7410,1,95,97,103
"3319",3215,1,3747,1,100,101,107
"3320",3249,1,12082,1,96,98,103
"3321",3411,1,1812,1,97,99,106
"3322",3529,1,10369,1,98,100,104
"3323",3795,1,13755,1,101,102,106
"3324",3840,1,13171,1,98,99,103
"3325",4004,1,12419,1,100,101,107
"3326",4323,1,9156,1,101,102,107
"3327",4370,1,1054,1,95,98,103
"3328",4686,1,8416,1,98,100,106
"3329",4843,1,5434,1,99,100,106
"3330",4874,1,12696,1,100,102,109
"3331",4929,1,5846,1,98,99,105
"3332",5054,1,12995,1,95,101,108
"3333",5055,1,7824,1,100,101,106
"3334",5120,1,11085,1,101,102,107
"3335",5142,1,9853,1,96,98,104
"3336",5187,1,684,1,96,97,104
"3337",5285,1,13211,1,97,99,105
"3338",5377,1,12688,1,101,102,108
"3339",5438,1,2304,1,100,101,104
"3340",5550,1,674,1,100,102,106
"3341",5609,1,13256,1,96,98,103
"3342",5715,1,2716,1,95,97,103
"3343",5879,1,6146,1,97,100,104
"3344",5881,1,1354,1,101,102,106
"3345",5997,1,8797,1,101,102,106
"3346",6140,1,8931,1,96,97,103
"3347",6149,1,8321,1,97,100,103
"3348",6281,1,11690,1,99,101,106
"3349",6357,1,6526,1,96,98,103
"3350",6388,1,1166,1,96,98,103
"3351",6423,1,5184,1,97,100,104
"3352",6530,1,11330,1,97,99,106
"3353",6725,1,5862,1,101,102,109
"3354",7116,1,4943,1,97,98,103
"3355",7404,1,5533,1,94,98,104
"3356",7463,1,9791,1,100,102,107
"3357",7467,1,13327,1,98,100,106
"3358",7616,1,3477,1,97,100,106
"3359",7656,1,1591,1,101,102,106
"3360",7744,1,11324,1,98,99,103
"3361",7778,1,11714,1,100,101,106
"3362",7944,1,14038,1,100,102,107
"3363",8143,1,8463,1,100,101,104
"3364",8376,1,11238,1,97,98,104
"3365",8470,1,1040,1,100,101,108
"3366",8631,1,3028,1,95,97,103
"3367",8662,1,1384,1,98,99,107
"3368",8677,1,4564,1,98,100,104
"3369",8689,1,7068,1,97,98,104
"3370",8754,1,1428,1,97,99,104
"3371",8797,1,11790,1,99,100,105
"3372",8815,1,12816,1,98,100,107
"3373",8951,1,1651,1,99,101,106
"3374",8986,1,7286,1,99,101,106
"3375",9051,1,3774,1,94,97,103
"3376",9144,1,6357,1,98,102,108
"3377",9267,1,8591,1,99,101,105
"3378",9469,1,7904,1,98,99,105
"3379",9639,1,13480,1,100,102,108
"3380",9662,1,9627,1,96,98,104
"3381",9710,1,3917,1,97,100,104
"3382",9764,1,11435,1,98,100,105
"3383",9879,1,912,1,98,101,106
"3384",10024,1,6143,1,92,97,103
"3385",10231,1,3772,1,100,101,106
"3386",10304,1,9220,1,97,100,106
"3387",10465,1,1364,1,99,100,105
"3388",10624,1,10863,1,97,98,103
"3389",10666,1,8416,1,98,100,106
"3390",10724,1,9438,1,96,98,104
"3391",10764,1,10266,1,97,98,103
"3392",10788,1,4332,1,99,101,108
"3393",10810,1,9522,1,98,99,107
"3394",10920,1,3598,1,100,102,106
"3395",10980,1,3002,1,101,102,106
"3396",11179,1,6388,1,99,102,106
"3397",11581,1,8348,1,100,102,107
"3398",11617,1,2670,1,99,101,104
"3399",11714,1,2624,1,98,100,103
"3400",11732,1,8924,1,96,99,106
"3401",11760,1,13875,1,95,96,103
"3402",11793,1,11732,1,100,101,106
"3403",11802,1,686,1,96,97,103
"3404",11838,1,4999,1,97,98,103
"3405",11839,1,11678,1,98,100,106
"3406",12105,1,2743,1,98,100,104
"3407",12138,1,4081,1,99,101,106
"3408",12287,1,4843,1,101,102,107
"3409",12288,1,2405,1,98,100,105
"3410",12318,1,10369,1,99,101,106
"3411",12442,1,3477,1,97,99,104
"3412",12448,1,739,1,97,98,105
"3413",12479,1,12775,1,99,101,106
"3414",12654,1,12567,1,101,102,108
"3415",12736,1,3520,1,96,100,105
"3416",12802,1,1901,1,96,98,103
"3417",12861,1,10849,1,95,97,103
"3418",12945,1,9997,1,99,101,106
"3419",12981,1,6310,1,95,97,103
"3420",12999,1,6449,1,99,102,107
"3421",13076,1,1506,1,99,101,105
"3422",13198,1,10028,1,96,100,105
"3423",13210,1,2167,1,101,102,106
"3424",13296,1,1083,1,97,98,103
"3425",13461,1,2298,1,100,102,107
"3426",13513,1,12249,1,99,101,106
"3427",13532,1,13205,1,96,98,104
"3428",13583,1,1040,1,100,101,105
"3429",13776,1,11364,1,97,100,106
"3430",13872,1,7123,1,95,99,104
"3431",13874,1,5263,1,98,100,104
"3432",13883,1,12134,1,94,98,105
"3433",14038,1,1457,1,98,99,103
"3434",14109,1,4470,1,100,102,107
"3435",14132,1,7235,1,99,100,105
"3436",14236,1,5187,1,99,100,106
"3437",14270,1,2691,1,96,99,106
"3438",14373,1,5104,1,97,98,104
"3439",14442,1,9220,1,97,99,103
"3440",14461,1,11253,1,98,100,105
"3441",15,1,10788,1,101,102,108
"3442",23,1,8321,1,97,100,107
"3443",44,1,5100,1,96,99,104
"3444",236,1,2809,1,100,103,107
"3445",307,1,1901,1,97,101,106
"3446",472,1,1956,1,98,101,109
"3447",503,1,4926,1,100,103,110
"3448",529,1,8562,1,100,102,108
"3449",571,1,14287,1,100,103,108
"3450",873,1,3477,1,98,100,105
"3451",965,1,2799,1,101,103,109
"3452",1071,1,3110,1,99,100,106
"3453",1103,1,4795,1,97,99,108
"3454",1206,1,12128,1,101,103,108
"3455",1286,1,13426,1,96,98,105
"3456",1319,1,9024,1,99,102,107
"3457",1489,1,13722,1,100,102,107
"3458",1508,1,9267,1,101,102,108
"3459",1595,1,6140,1,99,101,104
"3460",1720,1,197,1,101,103,108
"3461",1908,1,6568,1,98,100,108
"3462",1909,1,13171,1,99,102,107
"3463",2068,1,11686,1,98,100,105
"3464",2183,1,11085,1,100,102,107
"3465",2228,1,12176,1,100,102,107
"3466",2541,1,5298,1,99,101,105
"3467",2616,1,9764,1,101,103,111
"3468",2910,1,2466,1,98,101,106
"3469",2914,1,1634,1,99,101,107
"3470",2923,1,5715,1,98,101,107
"3471",2941,1,6862,1,102,103,110
"3472",3076,1,3733,1,99,101,107
"3473",3119,1,8426,1,101,103,110
"3474",3193,1,4840,1,99,101,110
"3475",3247,1,9159,1,99,101,105
"3476",3317,1,1101,1,98,100,105
"3477",3333,1,9710,1,101,103,108
"3478",3361,1,9969,1,98,99,105
"3479",3476,1,715,1,98,102,108
"3480",3517,1,9705,1,93,96,104
"3481",3548,1,8866,1,102,103,107
"3482",3581,1,14270,1,100,102,106
"3483",3605,1,734,1,96,100,106
"3484",3691,1,3515,1,100,103,108
"3485",3868,1,10369,1,98,100,104
"3486",3997,1,4394,1,101,103,111
"3487",4122,1,11493,1,100,102,105
"3488",4332,1,1901,1,96,98,104
"3489",4356,1,4475,1,98,100,105
"3490",4402,1,9720,1,101,102,107
"3491",4431,1,9769,1,100,101,110
"3492",4528,1,14349,1,100,102,108
"3493",4745,1,1103,1,100,101,107
"3494",4772,1,122,1,101,103,108
"3495",4779,1,3440,1,101,103,108
"3496",5067,1,4921,1,96,98,105
"3497",5095,1,11598,1,97,100,104
"3498",5396,1,9205,1,101,103,107
"3499",5433,1,3517,1,101,102,110
"3500",5705,1,11034,1,97,100,106
"3501",5808,1,13393,1,101,103,109
"3502",5831,1,2466,1,101,103,109
"3503",6028,1,9522,1,98,101,107
"3504",6044,1,957,1,99,100,107
"3505",6096,1,10925,1,95,98,105
"3506",6130,1,7118,1,100,101,106
"3507",6193,1,5003,1,94,98,104
"3508",6211,1,11372,1,99,101,107
"3509",6265,1,1457,1,99,101,105
"3510",6346,1,6882,1,101,103,108
"3511",6460,1,5353,1,100,103,108
"3512",6564,1,4320,1,98,99,104
"3513",6581,1,1384,1,100,102,106
"3514",6589,1,10266,1,98,100,104
"3515",6592,1,2984,1,97,99,105
"3516",6665,1,11238,1,99,100,105
"3517",6784,1,6595,1,101,103,108
"3518",6803,1,5443,1,98,100,105
"3519",6834,1,7541,1,98,101,108
"3520",6856,1,1920,1,99,101,105
"3521",7130,1,6906,1,95,98,104
"3522",7479,1,8868,1,96,99,105
"3523",7595,1,7404,1,98,101,105
"3524",7655,1,6537,1,98,100,105
"3525",7672,1,5175,1,99,100,106
"3526",7871,1,10172,1,96,100,104
"3527",7917,1,11092,1,100,101,108
"3528",7939,1,11788,1,101,102,107
"3529",8039,1,13447,1,97,100,105
"3530",8091,1,4043,1,96,98,104
"3531",8169,1,1137,1,100,102,108
"3532",8263,1,2344,1,97,99,107
"3533",8304,1,23,1,101,103,108
"3534",8382,1,5371,1,98,99,104
"3535",8694,1,10459,1,99,101,107
"3536",8830,1,4231,1,98,101,106
"3537",8866,1,13125,1,97,99,104
"3538",9302,1,4100,1,97,103,108
"3539",9413,1,2357,1,101,102,107
"3540",9461,1,8382,1,101,103,107
"3541",9535,1,6940,1,96,98,105
"3542",9769,1,4838,1,98,100,106
"3543",9797,1,9997,1,101,103,112
"3544",9832,1,3407,1,97,100,107
"3545",9922,1,12382,1,100,102,109
"3546",9984,1,7479,1,99,103,107
"3547",10042,1,1454,1,99,100,105
"3548",10076,1,1454,1,99,100,105
"3549",10183,1,6459,1,101,103,108
"3550",10370,1,10076,1,101,103,108
"3551",10385,1,8880,1,102,103,108
"3552",10459,1,5388,1,97,99,104
"3553",10525,1,199,1,95,96,105
"3554",10646,1,12176,1,99,103,109
"3555",10686,1,3605,1,101,102,110
"3556",10712,1,10413,1,101,103,108
"3557",10773,1,10028,1,97,99,104
"3558",10917,1,3885,1,99,102,106
"3559",11086,1,3563,1,96,99,104
"3560",11249,1,11181,1,101,103,110
"3561",11268,1,12687,1,101,103,110
"3562",11446,1,12696,1,100,102,107
"3563",11493,1,5100,1,97,99,104
"3564",11589,1,13552,1,101,102,109
"3565",11685,1,1417,1,98,100,106
"3566",11686,1,3304,1,94,96,104
"3567",11841,1,12257,1,97,100,104
"3568",12014,1,4004,1,102,103,108
"3569",12142,1,8830,1,101,103,108
"3570",12259,1,8706,1,99,101,108
"3571",12266,1,7141,1,102,103,108
"3572",12313,1,332,1,98,100,106
"3573",12347,1,12593,1,97,99,105
"3574",12415,1,332,1,98,100,105
"3575",12491,1,651,1,100,101,107
"3576",12500,1,2411,1,98,99,104
"3577",12512,1,12588,1,99,102,108
"3578",12530,1,11854,1,100,103,110
"3579",12686,1,13883,1,99,102,106
"3580",12839,1,1078,1,99,100,105
"3581",12864,1,4211,1,96,99,105
"3582",12890,1,433,1,100,103,109
"3583",12911,1,2047,1,99,102,106
"3584",13148,1,5067,1,100,102,108
"3585",13480,1,6146,1,97,99,104
"3586",13552,1,10863,1,98,99,105
"3587",13572,1,837,1,99,101,108
"3588",13588,1,739,1,97,99,105
"3589",13626,1,10266,1,100,102,105
"3590",13755,1,9853,1,96,99,104
"3591",14188,1,753,1,102,103,109
"3592",14354,1,5430,1,96,99,104
"3593",14423,1,739,1,98,99,104
"3594",21,1,642,1,98,100,106
"3595",75,1,1078,1,98,100,109
"3596",217,1,5178,1,102,104,109
"3597",471,1,181,1,99,101,107
"3598",658,1,6927,1,98,100,106
"3599",660,1,7716,1,100,101,109
"3600",943,1,713,1,101,103,110
"3601",952,1,4394,1,102,104,108
"3602",1217,1,13171,1,99,100,105
"3603",1273,1,7636,1,101,102,107
"3604",1608,1,2078,1,100,102,108
"3605",1808,1,3492,1,96,98,106
"3606",1817,1,8947,1,98,100,105
"3607",1876,1,13855,1,100,103,109
"3608",1921,1,2911,1,103,104,109
"3609",1923,1,5888,1,100,102,109
"3610",2080,1,13171,1,98,101,106
"3611",2107,1,12981,1,99,101,109
"3612",2769,1,9144,1,103,104,110
"3613",3002,1,12082,1,98,100,107
"3614",3004,1,4756,1,102,104,111
"3615",3081,1,2411,1,99,100,106
"3616",3196,1,4004,1,102,103,108
"3617",3212,1,5055,1,102,103,108
"3618",3294,1,2141,1,97,99,105
"3619",3425,1,11847,1,98,100,105
"3620",3440,1,6185,1,96,99,106
"3621",3499,1,11384,1,102,104,109
"3622",3580,1,7141,1,102,103,110
"3623",3596,1,4370,1,99,101,108
"3624",3650,1,12257,1,100,102,107
"3625",3743,1,7286,1,98,100,105
"3626",3788,1,6921,1,99,100,105
"3627",3828,1,256,1,101,103,108
"3628",3891,1,13447,1,97,99,105
"3629",4011,1,11917,1,101,103,109
"3630",4023,1,1324,1,99,101,108
"3631",4121,1,12105,1,101,104,109
"3632",4200,1,9009,1,98,101,106
"3633",4258,1,9267,1,102,104,112
"3634",4288,1,8185,1,99,100,106
"3635",4295,1,2435,1,101,102,106
"3636",4354,1,13547,1,99,102,108
"3637",4432,1,11617,1,102,103,107
"3638",4497,1,13876,1,98,100,106
"3639",4572,1,2643,1,101,103,109
"3640",4662,1,1508,1,103,104,108
"3641",4957,1,3117,1,100,103,109
"3642",5029,1,7001,1,101,102,110
"3643",5178,1,8527,1,99,101,107
"3644",5342,1,12259,1,102,103,110
"3645",5344,1,12246,1,97,100,105
"3646",5366,1,280,1,101,103,108
"3647",5552,1,2849,1,98,101,107
"3648",5555,1,778,1,99,102,106
"3649",5567,1,12775,1,99,102,106
"3650",5644,1,13377,1,97,99,106
"3651",5691,1,3110,1,100,102,106
"3652",5707,1,2677,1,99,103,107
"3653",5888,1,11372,1,98,99,105
"3654",5950,1,2586,1,101,102,109
"3655",6000,1,9790,1,99,102,107
"3656",6039,1,10186,1,100,101,105
"3657",6200,1,5298,1,99,100,105
"3658",6239,1,10324,1,94,97,106
"3659",6380,1,6921,1,99,102,106
"3660",6433,1,5757,1,102,103,109
"3661",6473,1,4725,1,99,101,107
"3662",6525,1,1734,1,100,102,108
"3663",6576,1,14442,1,101,104,108
"3664",6620,1,7939,1,103,104,109
"3665",6643,1,2382,1,101,103,112
"3666",6657,1,11598,1,98,101,107
"3667",6663,1,11372,1,98,99,105
"3668",6977,1,464,1,101,102,106
"3669",7141,1,9522,1,99,100,107
"3670",7190,1,5879,1,101,102,108
"3671",7192,1,8815,1,101,103,109
"3672",7373,1,13883,1,100,102,106
"3673",7499,1,13552,1,101,102,108
"3674",7598,1,11759,1,99,101,108
"3675",7612,1,10581,1,98,102,106
"3676",7641,1,11960,1,103,104,108
"3677",7777,1,11746,1,102,104,111
"3678",7891,1,4579,1,103,104,108
"3679",8257,1,9599,1,102,104,110
"3680",8294,1,12945,1,102,104,109
"3681",8318,1,5341,1,98,100,105
"3682",8324,1,4725,1,100,101,107
"3683",8406,1,11181,1,101,103,110
"3684",8496,1,4921,1,97,98,105
"3685",8660,1,13501,1,100,102,108
"3686",8741,1,13651,1,99,103,110
"3687",8860,1,6302,1,98,101,106
"3688",8883,1,11756,1,101,103,108
"3689",8899,1,11248,1,99,100,106
"3690",8944,1,4543,1,100,102,106
"3691",9040,1,3439,1,102,103,108
"3692",9139,1,13803,1,99,102,109
"3693",9202,1,8591,1,99,102,108
"3694",9262,1,615,1,97,99,105
"3695",9720,1,1638,1,99,100,107
"3696",9817,1,9464,1,100,101,105
"3697",9912,1,1302,1,100,103,106
"3698",10340,1,4762,1,101,102,107
"3699",10413,1,2885,1,99,100,106
"3700",10468,1,8631,1,98,100,106
"3701",10669,1,4497,1,101,103,110
"3702",10684,1,12736,1,102,104,110
"3703",10818,1,6611,1,102,104,111
"3704",10835,1,6730,1,100,104,110
"3705",10842,1,11286,1,100,101,107
"3706",11068,1,11714,1,101,104,108
"3707",11144,1,2300,1,101,103,108
"3708",11243,1,5274,1,99,102,107
"3709",11295,1,7636,1,101,103,109
"3710",11384,1,14373,1,99,100,105
"3711",11390,1,11732,1,102,104,109
"3712",11404,1,7089,1,103,104,111
"3713",11413,1,3995,1,98,101,106
"3714",11789,1,3033,1,101,104,109
"3715",11840,1,7765,1,97,100,105
"3716",12114,1,13936,1,100,102,107
"3717",12174,1,2047,1,99,101,105
"3718",12284,1,3515,1,100,102,105
"3719",12364,1,2886,1,101,102,109
"3720",12502,1,7118,1,99,101,105
"3721",12567,1,11327,1,98,100,105
"3722",12658,1,6180,1,100,102,107
"3723",12865,1,12831,1,95,98,106
"3724",12889,1,5912,1,97,100,105
"3725",12929,1,7541,1,99,101,106
"3726",12953,1,8625,1,101,104,110
"3727",12990,1,4328,1,101,103,108
"3728",12993,1,9207,1,99,102,108
"3729",13149,1,2586,1,99,101,108
"3730",13160,1,2838,1,100,102,109
"3731",13276,1,1272,1,100,102,107
"3732",13302,1,12654,1,103,104,108
"3733",13303,1,9278,1,98,99,105
"3734",13319,1,805,1,98,101,106
"3735",13585,1,3317,1,102,104,110
"3736",13686,1,13552,1,101,103,109
"3737",13924,1,1446,1,99,101,105
"3738",14142,1,6940,1,96,98,105
"3739",14264,1,8178,1,100,102,109
"3740",14271,1,9205,1,103,104,107
"3741",14303,1,9541,1,102,103,109
"3742",14472,1,1080,1,101,102,111
"3743",77,1,9199,1,101,102,107
"3744",145,1,1734,1,101,102,106
"3745",209,1,439,1,100,103,108
"3746",243,1,14264,1,103,104,110
"3747",311,1,781,1,102,104,109
"3748",499,1,2639,1,104,105,110
"3749",601,1,6130,1,102,104,111
"3750",633,1,10624,1,99,101,107
"3751",776,1,7636,1,102,105,110
"3752",789,1,7508,1,97,102,108
"3753",985,1,13883,1,101,103,108
"3754",1178,1,13661,1,103,104,110
"3755",1215,1,13552,1,100,102,107
"3756",1248,1,2670,1,100,101,106
"3757",1374,1,3425,1,102,103,109
"3758",1661,1,11566,1,99,100,106
"3759",1802,1,11301,1,102,104,109
"3760",2069,1,8324,1,103,105,109
"3761",2213,1,12586,1,104,105,110
"3762",2261,1,4459,1,101,102,109
"3763",2299,1,11756,1,102,104,109
"3764",2300,1,1788,1,97,100,107
"3765",2333,1,3598,1,102,104,110
"3766",2440,1,10622,1,98,102,110
"3767",2639,1,7001,1,100,103,109
"3768",2809,1,6196,1,98,100,107
"3769",3109,1,12911,1,103,105,110
"3770",3150,1,977,1,102,104,109
"3771",3178,1,6180,1,101,105,110
"3772",3252,1,8781,1,98,100,106
"3773",3275,1,4356,1,100,102,109
"3774",3319,1,6336,1,104,105,110
"3775",3321,1,1321,1,101,102,108
"3776",3348,1,10666,1,101,103,107
"3777",3512,1,12632,1,102,104,110
"3778",3525,1,7802,1,101,103,106
"3779",3573,1,1859,1,103,105,110
"3780",3709,1,12775,1,99,102,107
"3781",3856,1,8426,1,102,103,109
"3782",3899,1,10864,1,104,105,108
"3783",3958,1,10810,1,102,105,110
"3784",3972,1,6663,1,99,100,106
"3785",3985,1,4470,1,102,103,108
"3786",4377,1,9265,1,101,102,108
"3787",4384,1,12567,1,102,103,107
"3788",4406,1,5647,1,103,104,108
"3789",4413,1,805,1,98,100,106
"3790",4423,1,7638,1,101,103,108
"3791",4483,1,13445,1,101,103,107
"3792",4516,1,433,1,101,102,107
"3793",4623,1,11063,1,97,101,107
"3794",4648,1,9009,1,99,100,107
"3795",4710,1,9139,1,103,104,111
"3796",4756,1,8577,1,100,101,108
"3797",4887,1,12560,1,100,102,109
"3798",4950,1,1415,1,99,102,108
"3799",4990,1,419,1,104,105,112
"3800",5172,1,5881,1,103,105,111
"3801",5378,1,12907,1,101,102,107
"3802",5647,1,2382,1,101,102,107
"3803",5649,1,3076,1,102,104,108
"3804",5770,1,6555,1,100,103,110
"3805",6467,1,8382,1,100,103,107
"3806",6471,1,8677,1,101,102,108
"3807",6532,1,9267,1,102,104,111
"3808",6548,1,10316,1,102,105,109
"3809",6567,1,4698,1,102,103,107
"3810",6601,1,10581,1,98,99,106
"3811",6611,1,5715,1,100,102,107
"3812",6697,1,7141,1,102,103,108
"3813",6755,1,9331,1,100,103,108
"3814",6947,1,55,1,101,103,108
"3815",6986,1,11041,1,99,100,107
"3816",7154,1,2068,1,101,103,109
"3817",7155,1,10917,1,103,105,108
"3818",7157,1,13972,1,99,101,106
"3819",7384,1,2840,1,99,101,106
"3820",7559,1,789,1,103,105,110
"3821",7629,1,713,1,101,104,107
"3822",7664,1,6357,1,100,102,107
"3823",7756,1,5950,1,103,104,109
"3824",7779,1,8039,1,102,105,109
"3825",7823,1,4362,1,100,101,106
"3826",7838,1,6044,1,101,103,110
"3827",7995,1,1248,1,102,104,109
"3828",8019,1,8459,1,101,102,106
"3829",8259,1,3076,1,101,103,107
"3830",8262,1,6140,1,98,102,108
"3831",8327,1,12062,1,97,102,108
"3832",8426,1,4564,1,98,100,106
"3833",8516,1,14326,1,98,101,106
"3834",8528,1,2833,1,101,103,108
"3835",8683,1,77,1,103,104,109
"3836",8715,1,1746,1,103,105,111
"3837",8717,1,13351,1,102,103,108
"3838",9135,1,6643,1,103,105,110
"3839",9491,1,11041,1,99,101,107
"3840",9524,1,4943,1,97,98,106
"3841",9541,1,5804,1,100,101,107
"3842",9667,1,4356,1,100,101,106
"3843",9718,1,6000,1,103,105,110
"3844",10141,1,7664,1,103,104,110
"3845",10163,1,7598,1,102,105,109
"3846",10186,1,901,1,97,99,106
"3847",10199,1,14341,1,100,104,109
"3848",10268,1,2192,1,100,104,111
"3849",10308,1,9535,1,99,100,106
"3850",10316,1,1078,1,99,101,106
"3851",10343,1,1215,1,103,104,108
"3852",10595,1,10581,1,98,100,106
"3853",10645,1,12647,1,103,104,109
"3854",10767,1,1354,1,101,104,111
"3855",10890,1,8024,1,102,105,110
"3856",10940,1,3650,1,103,104,109
"3857",11101,1,6288,1,101,102,107
"3858",11102,1,5054,1,103,105,111
"3859",11236,1,6752,1,98,100,106
"3860",11258,1,2799,1,100,102,106
"3861",11325,1,3515,1,99,101,107
"3862",11350,1,7716,1,101,103,110
"3863",11495,1,433,1,101,102,108
"3864",11564,1,11584,1,104,105,109
"3865",11622,1,5888,1,100,103,108
"3866",11746,1,6180,1,100,101,106
"3867",11816,1,10773,1,101,104,109
"3868",11843,1,1817,1,102,105,110
"3869",11917,1,3315,1,99,100,106
"3870",11927,1,6589,1,101,103,106
"3871",11960,1,11732,1,101,102,106
"3872",11990,1,1422,1,103,104,109
"3873",12109,1,5381,1,100,103,108
"3874",12380,1,6140,1,99,101,108
"3875",12586,1,12442,1,101,104,112
"3876",12696,1,11371,1,97,99,106
"3877",12723,1,3300,1,100,102,106
"3878",12906,1,4295,1,103,104,112
"3879",13086,1,6123,1,98,99,106
"3880",13300,1,6449,1,98,102,106
"3881",13492,1,4497,1,101,104,108
"3882",13512,1,8527,1,101,103,107
"3883",13661,1,9524,1,101,102,107
"3884",13693,1,13990,1,100,102,108
"3885",13767,1,10144,1,101,103,108
"3886",13777,1,332,1,97,100,106
"3887",13779,1,12099,1,100,103,109
"3888",13795,1,12358,1,103,105,110
"3889",13805,1,2910,1,103,104,110
"3890",13880,1,7612,1,102,104,110
"3891",13970,1,7141,1,102,104,108
"3892",14231,1,11788,1,103,104,110
"3893",14325,1,4361,1,100,101,106
"3894",14495,1,5504,1,99,101,106
"3895",76,1,3499,1,105,106,111
"3896",348,1,8176,1,102,106,113
"3897",477,1,1992,1,104,106,111
"3898",814,1,13628,1,105,106,112
"3899",872,1,419,1,102,105,110
"3900",953,1,4843,1,101,102,107
"3901",1016,1,12415,1,101,103,109
"3902",1023,1,1661,1,101,102,108
"3903",1052,1,2490,1,102,104,110
"3904",1146,1,5178,1,102,104,110
"3905",1402,1,11372,1,98,100,107
"3906",1859,1,8055,1,101,102,107
"3907",1879,1,11589,1,104,105,111
"3908",1944,1,8304,1,104,105,110
"3909",1992,1,8234,1,101,103,109
"3910",2043,1,4087,1,103,105,110
"3911",2060,1,1417,1,99,103,108
"3912",2312,1,86,1,101,103,109
"3913",2519,1,10042,1,101,104,109
"3914",2523,1,3856,1,104,105,109
"3915",2652,1,3036,1,100,105,109
"3916",2683,1,14264,1,104,106,110
"3917",2692,1,8263,1,101,103,107
"3918",2758,1,3657,1,103,104,109
"3919",2774,1,13583,1,101,103,109
"3920",2911,1,4725,1,99,101,108
"3921",2933,1,5552,1,103,105,110
"3922",3053,1,2440,1,103,105,110
"3923",3253,1,1426,1,103,104,110
"3924",3362,1,8318,1,102,104,109
"3925",3405,1,12512,1,103,104,110
"3926",3410,1,8835,1,101,103,108
"3927",3470,1,12176,1,101,102,107
"3928",3575,1,4004,1,102,105,110
"3929",3706,1,9070,1,105,106,111
"3930",3771,1,5024,1,98,101,107
"3931",3809,1,12429,1,96,100,107
"3932",3892,1,3657,1,102,105,111
"3933",3981,1,6665,1,101,105,110
"3934",3990,1,8382,1,101,103,109
"3935",4089,1,10459,1,99,101,108
"3936",4114,1,984,1,104,106,111
"3937",4124,1,6417,1,96,100,107
"3938",4192,1,7778,1,101,103,107
"3939",4794,1,1223,1,100,102,107
"3940",4816,1,11398,1,102,105,112
"3941",4832,1,6986,1,101,104,110
"3942",4867,1,6537,1,99,101,107
"3943",4910,1,3247,1,102,104,109
"3944",5047,1,12318,1,103,105,109
"3945",5340,1,5770,1,104,106,113
"3946",5456,1,7917,1,104,105,109
"3947",5532,1,12701,1,102,104,109
"3948",5688,1,8660,1,103,104,109
"3949",5727,1,44,1,103,106,111
"3950",5812,1,5378,1,105,106,110
"3951",5913,1,10340,1,103,105,108
"3952",6021,1,11615,1,100,106,109
"3953",6091,1,1921,1,105,106,111
"3954",6181,1,12567,1,101,104,107
"3955",6288,1,14186,1,98,101,107
"3956",6336,1,11384,1,101,104,108
"3957",6376,1,11051,1,102,103,108
"3958",6392,1,1856,1,102,105,112
"3959",6512,1,13628,1,105,106,113
"3960",6516,1,6567,1,103,105,112
"3961",6572,1,12464,1,101,103,109
"3962",6573,1,13171,1,99,102,108
"3963",6604,1,5555,1,103,104,108
"3964",6688,1,10728,1,102,104,109
"3965",6764,1,1103,1,101,103,107
"3966",6900,1,3317,1,101,103,108
"3967",7089,1,433,1,100,102,107
"3968",7112,1,601,1,105,106,111
"3969",7184,1,1103,1,99,101,107
"3970",7274,1,13414,1,104,106,110
"3971",7299,1,10183,1,104,106,114
"3972",7307,1,11679,1,103,104,110
"3973",7338,1,1803,1,105,106,112
"3974",7507,1,7927,1,104,105,111
"3975",7601,1,8372,1,98,102,107
"3976",7639,1,2886,1,101,104,109
"3977",7647,1,12686,1,103,104,109
"3978",7658,1,1364,1,100,102,108
"3979",7802,1,6602,1,99,100,108
"3980",7820,1,10076,1,101,104,110
"3981",7898,1,11960,1,103,104,108
"3982",7931,1,8055,1,100,102,107
"3983",8296,1,14472,1,104,105,110
"3984",8328,1,6200,1,102,104,108
"3985",8387,1,8528,1,104,105,109
"3986",8761,1,8423,1,99,104,109
"3987",8783,1,6039,1,102,103,108
"3988",8802,1,1302,1,100,102,108
"3989",8837,1,6797,1,101,104,110
"3990",8882,1,7479,1,100,102,108
"3991",8915,1,3119,1,105,106,111
"3992",9126,1,7467,1,101,102,109
"3993",9414,1,953,1,103,105,110
"3994",9427,1,2080,1,103,104,108
"3995",9429,1,9794,1,101,105,111
"3996",9436,1,6177,1,101,105,109
"3997",9547,1,12259,1,102,104,110
"3998",9721,1,12930,1,96,101,107
"3999",9771,1,4830,1,105,106,113
"4000",9871,1,11678,1,99,101,107
"4001",10187,1,6589,1,102,104,109
"4002",10341,1,1402,1,101,103,107
"4003",10352,1,12382,1,99,101,107
"4004",10367,1,6130,1,104,106,111
"4005",10672,1,197,1,102,103,109
"4006",10749,1,3529,1,101,103,108
"4007",10769,1,12686,1,104,106,111
"4008",10785,1,8944,1,103,105,110
"4009",10869,1,2808,1,98,102,107
"4010",10877,1,5715,1,99,101,107
"4011",10878,1,9761,1,100,102,107
"4012",10897,1,882,1,102,104,111
"4013",10951,1,6708,1,102,105,112
"4014",11339,1,280,1,101,103,109
"4015",11369,1,11495,1,103,104,110
"4016",11418,1,6388,1,101,105,111
"4017",11814,1,6555,1,102,105,110
"4018",12141,1,8826,1,100,101,107
"4019",12172,1,615,1,98,100,109
"4020",12298,1,1400,1,103,104,109
"4021",12546,1,7636,1,102,103,110
"4022",12569,1,5580,1,102,104,109
"4023",12577,1,957,1,102,105,112
"4024",12671,1,14038,1,102,103,109
"4025",12690,1,13148,1,103,105,110
"4026",12791,1,5808,1,105,106,109
"4027",12806,1,7638,1,100,102,107
"4028",13114,1,5029,1,103,105,109
"4029",13146,1,9103,1,101,104,108
"4030",13202,1,2440,1,103,105,113
"4031",13247,1,5152,1,101,103,108
"4032",13399,1,780,1,102,103,109
"4033",13503,1,8262,1,104,105,111
"4034",13731,1,10355,1,98,102,108
"4035",13772,1,9817,1,103,105,111
"4036",13894,1,4254,1,103,104,108
"4037",13895,1,14233,1,100,103,109
"4038",13942,1,9639,1,103,105,110
"4039",13978,1,12380,1,105,106,114
"4040",14035,1,5257,1,103,105,110
"4041",14072,1,6532,1,105,106,111
"4042",14184,1,1206,1,105,106,112
"4043",14265,1,12072,1,103,105,111
"4044",14364,1,3788,1,102,103,108
"4045",14431,1,10024,1,99,102,107
"4046",14485,1,7744,1,102,104,111
"4047",32,1,3640,1,101,103,109
"4048",67,1,13777,1,102,103,108
"4049",171,1,8304,1,104,106,109
"4050",419,1,5100,1,98,102,109
"4051",568,1,13779,1,104,107,111
"4052",887,1,12020,1,105,107,112
"4053",1297,1,13731,1,102,103,108
"4054",1300,1,1040,1,102,106,111
"4055",1380,1,10842,1,103,104,110
"4056",1464,1,8696,1,101,103,108
"4057",1613,1,8638,1,102,104,110
"4058",1756,1,11446,1,104,105,111
"4059",2036,1,4794,1,103,105,111
"4060",2628,1,4874,1,104,106,112
"4061",2737,1,2432,1,100,102,108
"4062",2753,1,13036,1,104,107,112
"4063",3049,1,1802,1,106,107,111
"4064",3179,1,12929,1,102,104,110
"4065",3200,1,12415,1,102,104,109
"4066",3918,1,12865,1,100,101,108
"4067",3966,1,12654,1,103,105,112
"4068",3988,1,1125,1,98,101,108
"4069",3994,1,4707,1,105,106,111
"4070",4360,1,7716,1,100,103,109
"4071",4550,1,5381,1,100,102,110
"4072",4554,1,7612,1,105,106,112
"4073",4597,1,67,1,104,106,110
"4074",4658,1,13898,1,100,101,108
"4075",4697,1,3795,1,103,104,110
"4076",4708,1,5943,1,105,106,111
"4077",4804,1,3840,1,101,103,108
"4078",4898,1,4710,1,105,106,110
"4079",4925,1,13399,1,105,106,110
"4080",5082,1,10788,1,103,105,109
"4081",5251,1,11580,1,100,102,109
"4082",5257,1,3772,1,99,102,108
"4083",5392,1,3596,1,101,104,109
"4084",5517,1,13880,1,105,107,111
"4085",5547,1,7927,1,102,103,109
"4086",5673,1,2299,1,105,106,111
"4087",5766,1,6592,1,101,102,108
"4088",5929,1,4394,1,101,104,113
"4089",5943,1,11413,1,103,105,111
"4090",6250,1,5770,1,105,107,113
"4091",6279,1,11746,1,104,107,112
"4092",6494,1,1651,1,100,101,108
"4093",6560,1,4810,1,105,107,112
"4094",6597,1,3548,1,104,106,111
"4095",6753,1,465,1,104,106,112
"4096",6910,1,8424,1,100,102,108
"4097",6923,1,11793,1,105,107,114
"4098",7284,1,3317,1,102,104,110
"4099",7365,1,8837,1,105,107,113
"4100",7466,1,3650,1,104,107,113
"4101",7563,1,11259,1,100,104,108
"4102",7575,1,11207,1,106,107,112
"4103",7704,1,9413,1,105,107,113
"4104",7740,1,11756,1,102,104,109
"4105",7752,1,5179,1,104,106,110
"4106",7768,1,9761,1,101,106,111
"4107",7814,1,2821,1,100,101,108
"4108",7836,1,75,1,102,105,111
"4109",7927,1,6591,1,100,101,108
"4110",7935,1,13866,1,105,106,111
"4111",7963,1,571,1,104,106,112
"4112",7990,1,2541,1,104,106,112
"4113",8209,1,985,1,104,107,115
"4114",8312,1,1374,1,104,106,111
"4115",8556,1,8426,1,102,105,112
"4116",8567,1,13693,1,103,106,110
"4117",8638,1,6168,1,101,102,108
"4118",8652,1,3252,1,103,105,110
"4119",8777,1,1909,1,105,106,112
"4120",9105,1,9984,1,104,105,111
"4121",9223,1,778,1,101,104,110
"4122",9581,1,2228,1,103,106,111
"4123",9583,1,4406,1,104,106,112
"4124",9621,1,4122,1,103,105,110
"4125",9820,1,11622,1,103,106,112
"4126",9964,1,13547,1,100,102,110
"4127",10200,1,10144,1,102,104,112
"4128",10240,1,12701,1,103,105,110
"4129",10286,1,3598,1,102,105,112
"4130",10318,1,5555,1,103,105,110
"4131",10461,1,11566,1,99,102,108
"4132",10473,1,4093,1,105,106,110
"4133",10566,1,7373,1,103,106,111
"4134",10676,1,6697,1,104,105,109
"4135",10730,1,5344,1,100,102,108
"4136",10864,1,13876,1,101,103,109
"4137",11051,1,1304,1,99,101,108
"4138",11118,1,1923,1,104,107,112
"4139",11164,1,11617,1,103,106,111
"4140",11452,1,2809,1,102,105,109
"4141",11485,1,13880,1,105,106,112
"4142",11584,1,5298,1,101,103,110
"4143",11612,1,8406,1,104,105,111
"4144",11643,1,15,1,104,106,110
"4145",11744,1,14354,1,101,103,109
"4146",11826,1,8631,1,98,101,108
"4147",11860,1,9667,1,103,106,112
"4148",11991,1,4550,1,104,105,110
"4149",12021,1,10749,1,104,105,112
"4150",12072,1,8318,1,101,102,108
"4151",12199,1,12890,1,104,105,110
"4152",12210,1,3743,1,102,104,109
"4153",12230,1,1489,1,103,105,111
"4154",12422,1,13276,1,104,106,114
"4155",12438,1,7190,1,103,106,111
"4156",12601,1,13944,1,102,103,108
"4157",12631,1,6657,1,105,107,110
"4158",12647,1,256,1,100,102,108
"4159",12757,1,8951,1,103,105,110
"4160",12852,1,356,1,101,103,109
"4161",12939,1,8951,1,104,106,109
"4162",12966,1,4528,1,103,106,111
"4163",13036,1,8860,1,101,103,108
"4164",13151,1,1016,1,105,107,113
"4165",13176,1,5107,1,99,102,109
"4166",13199,1,11622,1,103,104,108
"4167",13287,1,9302,1,103,105,112
"4168",13293,1,1746,1,102,103,109
"4169",13331,1,9982,1,101,103,108
"4170",13359,1,3795,1,103,106,112
"4171",13381,1,12907,1,103,104,111
"4172",13398,1,13382,1,101,103,108
"4173",13508,1,4874,1,103,105,110
"4174",13541,1,3512,1,105,107,114
"4175",13584,1,6581,1,104,105,111
"4176",13629,1,7404,1,99,103,108
"4177",13690,1,9156,1,101,105,111
"4178",13822,1,4658,1,102,104,109
"4179",13861,1,10684,1,104,106,111
"4180",14463,1,4572,1,104,105,111
"4181",185,1,11010,1,105,107,113
"4182",354,1,3319,1,106,107,111
"4183",400,1,9265,1,104,106,112
"4184",501,1,13585,1,105,107,113
"4185",561,1,10141,1,105,108,111
"4186",595,1,13805,1,106,108,111
"4187",608,1,6265,1,102,105,112
"4188",617,1,8677,1,102,103,109
"4189",742,1,471,1,102,106,111
"4190",817,1,9199,1,101,103,109
"4191",950,1,3990,1,104,107,112
"4192",1076,1,2107,1,103,105,110
"4193",1126,1,8262,1,103,104,109
"4194",1201,1,10920,1,103,106,112
"4195",1275,1,9038,1,98,102,110
"4196",1310,1,3333,1,105,108,114
"4197",1401,1,6487,1,106,107,113
"4198",1554,1,7284,1,104,106,112
"4199",1731,1,10769,1,107,108,113
"4200",1790,1,3348,1,104,106,112
"4201",1975,1,1489,1,104,105,110
"4202",2179,1,9797,1,105,107,114
"4203",2351,1,12601,1,105,106,111
"4204",2387,1,11493,1,101,104,109
"4205",2678,1,8292,1,103,105,111
"4206",2701,1,5054,1,105,107,112
"4207",2783,1,6581,1,103,105,109
"4208",2876,1,13572,1,103,104,111
"4209",2906,1,14265,1,106,107,111
"4210",2964,1,12512,1,104,106,111
"4211",3213,1,6376,1,105,106,112
"4212",3372,1,7931,1,103,104,111
"4213",3523,1,3771,1,103,106,110
"4214",3845,1,38,1,107,108,112
"4215",3922,1,3109,1,105,107,112
"4216",3977,1,12105,1,102,104,112
"4217",4088,1,4233,1,107,108,114
"4218",4140,1,77,1,102,105,109
"4219",4197,1,13199,1,106,108,113
"4220",4201,1,7155,1,106,107,111
"4221",4233,1,13492,1,104,105,109
"4222",4234,1,8376,1,99,103,111
"4223",4257,1,13866,1,105,107,111
"4224",4562,1,6532,1,105,106,112
"4225",4599,1,7995,1,105,106,113
"4226",4749,1,10992,1,106,107,112
"4227",4810,1,10595,1,101,103,109
"4228",4830,1,4648,1,103,104,109
"4229",4831,1,2304,1,100,103,109
"4230",4932,1,2198,1,100,105,112
"4231",5093,1,11433,1,103,104,109
"4232",5447,1,13512,1,105,107,114
"4233",5452,1,4288,1,104,107,113
"4234",5454,1,1275,1,103,106,111
"4235",5551,1,4234,1,105,107,112
"4236",5566,1,1400,1,102,104,109
"4237",5717,1,6834,1,103,105,113
"4238",5758,1,3892,1,106,107,112
"4239",5868,1,6803,1,101,105,111
"4240",6030,1,5438,1,102,104,109
"4241",6178,1,5649,1,105,107,113
"4242",6426,1,10213,1,105,107,113
"4243",6487,1,13795,1,105,106,112
"4244",6556,1,2941,1,104,105,111
"4245",6562,1,2198,1,102,103,109
"4246",6640,1,3300,1,99,101,109
"4247",6970,1,6836,1,103,106,110
"4248",7151,1,10940,1,105,107,110
"4249",7369,1,7904,1,100,102,110
"4250",7442,1,6196,1,98,102,109
"4251",7522,1,4779,1,105,107,113
"4252",7694,1,13949,1,106,108,114
"4253",7866,1,12489,1,101,105,110
"4254",7918,1,13076,1,102,104,111
"4255",7920,1,7641,1,106,107,113
"4256",7989,1,11589,1,105,106,110
"4257",8089,1,9427,1,105,108,114
"4258",8187,1,12993,1,103,105,109
"4259",8292,1,3193,1,102,103,109
"4260",8329,1,753,1,102,104,109
"4261",8407,1,12890,1,105,106,110
"4262",8454,1,10864,1,105,106,110
"4263",8475,1,2841,1,106,108,113
"4264",8489,1,10128,1,105,107,112
"4265",8805,1,6725,1,105,107,112
"4266",9030,1,8406,1,103,105,113
"4267",9128,1,6708,1,102,105,111
"4268",9153,1,6834,1,103,104,111
"4269",9178,1,3977,1,105,107,113
"4270",9189,1,937,1,107,108,113
"4271",9208,1,6460,1,104,105,111
"4272",9242,1,11482,1,106,108,116
"4273",9246,1,3580,1,104,108,113
"4274",9326,1,2941,1,104,105,112
"4275",9335,1,7641,1,105,108,112
"4276",9374,1,9912,1,104,105,111
"4277",9445,1,13146,1,105,107,111
"4278",9805,1,9144,1,102,104,109
"4279",9881,1,10141,1,106,107,112
"4280",9947,1,13777,1,102,103,109
"4281",10043,1,4406,1,104,106,112
"4282",10128,1,2060,1,103,104,109
"4283",10143,1,5550,1,103,105,110
"4284",10190,1,5688,1,105,107,110
"4285",10251,1,12199,1,106,108,113
"4286",10292,1,1802,1,104,106,112
"4287",10535,1,6525,1,103,105,110
"4288",10598,1,12907,1,102,105,109
"4289",10640,1,13805,1,105,107,112
"4290",10668,1,217,1,106,108,112
"4291",10729,1,1802,1,105,106,110
"4292",10745,1,8187,1,106,107,112
"4293",10763,1,4406,1,104,106,113
"4294",10771,1,5824,1,107,108,113
"4295",10829,1,1464,1,105,106,112
"4296",11006,1,10666,1,102,105,110
"4297",11010,1,8577,1,102,104,110
"4298",11016,1,1489,1,103,104,110
"4299",11035,1,12601,1,105,107,113
"4300",11125,1,3362,1,107,108,115
"4301",11227,1,7038,1,99,101,109
"4302",11472,1,4140,1,106,108,114
"4303",11482,1,12259,1,102,105,110
"4304",11561,1,13795,1,106,108,112
"4305",11774,1,8470,1,103,106,111
"4306",11895,1,13749,1,107,108,112
"4307",11919,1,67,1,107,108,113
"4308",12020,1,12479,1,102,104,109
"4309",12063,1,10187,1,105,106,112
"4310",12371,1,12654,1,104,106,111
"4311",12431,1,3119,1,105,108,113
"4312",12449,1,4360,1,105,107,114
"4313",12509,1,13492,1,106,108,114
"4314",12810,1,6314,1,106,107,113
"4315",12893,1,8176,1,106,108,114
"4316",13409,1,1688,1,106,107,114
"4317",13414,1,4361,1,100,102,109
"4318",13420,1,10645,1,105,106,110
"4319",13499,1,8367,1,106,108,113
"4320",13566,1,7601,1,105,107,113
"4321",13628,1,7141,1,101,103,110
"4322",13698,1,6611,1,103,105,110
"4323",13833,1,2692,1,104,107,115
"4324",13900,1,9135,1,106,107,111
"4325",13949,1,13081,1,102,104,110
"4326",14033,1,10922,1,107,108,115
"4327",14279,1,8883,1,105,106,111
"4328",14369,1,13198,1,101,102,109
"4329",14413,1,471,1,101,104,109
"4330",14440,1,9756,1,107,108,113
"4331",14444,1,12266,1,104,106,112
"4332",13,1,9761,1,101,104,110
"4333",151,1,6755,1,105,107,112
"4334",234,1,8556,1,108,109,118
"4335",265,1,151,1,108,109,116
"4336",300,1,11816,1,108,109,114
"4337",548,1,7777,1,104,107,112
"4338",562,1,1803,1,105,106,111
"4339",752,1,11960,1,105,107,112
"4340",937,1,11617,1,102,106,111
"4341",1271,1,9797,1,105,106,112
"4342",1379,1,9030,1,106,109,114
"4343",1598,1,3117,1,101,104,111
"4344",1603,1,4554,1,107,109,115
"4345",1659,1,11987,1,106,108,112
"4346",1688,1,13693,1,104,105,110
"4347",1750,1,5340,1,107,109,112
"4348",1773,1,9223,1,106,108,114
"4349",1845,1,6643,1,105,107,112
"4350",2367,1,8883,1,104,107,113
"4351",2450,1,10640,1,107,109,115
"4352",2828,1,11789,1,106,108,114
"4353",3037,1,10400,1,106,107,115
"4354",3354,1,4990,1,106,109,114
"4355",3408,1,13287,1,106,108,112
"4356",3483,1,11035,1,108,109,116
"4357",3551,1,3405,1,105,106,113
"4358",3600,1,10897,1,106,109,115
"4359",3780,1,5757,1,103,107,113
"4360",3817,1,11588,1,108,109,115
"4361",3839,1,10343,1,106,108,111
"4362",3963,1,7891,1,105,107,111
"4363",4009,1,6200,1,101,104,111
"4364",4019,1,12953,1,105,107,112
"4365",4029,1,14369,1,104,105,111
"4366",4034,1,4885,1,108,109,113
"4367",4093,1,1422,1,102,104,110
"4368",4175,1,2841,1,108,109,116
"4369",4226,1,12489,1,101,104,110
"4370",4232,1,571,1,107,108,113
"4371",4334,1,13331,1,107,108,115
"4372",4385,1,10286,1,105,107,111
"4373",4418,1,2783,1,105,108,113
"4374",4430,1,3788,1,101,105,111
"4375",4563,1,10143,1,106,108,113
"4376",4579,1,2904,1,100,102,110
"4377",4598,1,13036,1,104,107,111
"4378",4707,1,11756,1,101,104,110
"4379",4754,1,8797,1,103,105,110
"4380",5061,1,4423,1,103,106,111
"4381",5380,1,14485,1,106,107,112
"4382",6114,1,13698,1,107,109,113
"4383",6154,1,14109,1,103,105,110
"4384",6162,1,6487,1,107,109,116
"4385",6233,1,2964,1,106,108,113
"4386",6482,1,4830,1,105,108,114
"4387",6503,1,3253,1,106,107,111
"4388",6667,1,12530,1,103,106,110
"4389",6819,1,8367,1,108,109,115
"4390",6901,1,11390,1,107,109,114
"4391",7052,1,5061,1,107,109,113
"4392",7240,1,13512,1,105,106,113
"4393",7279,1,6862,1,103,109,114
"4394",7301,1,11016,1,107,108,112
"4395",7396,1,12906,1,104,107,112
"4396",7451,1,4804,1,104,107,114
"4397",7494,1,12230,1,105,106,113
"4398",7589,1,6487,1,106,108,114
"4399",7643,1,12142,1,104,106,110
"4400",7654,1,14109,1,105,107,114
"4401",7730,1,7777,1,104,105,111
"4402",7784,1,12287,1,103,104,110
"4403",7864,1,9326,1,107,108,115
"4404",7966,1,7307,1,104,106,112
"4405",8229,1,5707,1,104,107,113
"4406",8367,1,10595,1,102,105,110
"4407",8429,1,7995,1,105,107,113
"4408",8431,1,4115,1,108,109,114
"4409",8477,1,13585,1,105,106,111
"4410",8599,1,12631,1,108,109,115
"4411",8756,1,1506,1,101,104,110
"4412",8832,1,2387,1,105,107,114
"4413",9070,1,462,1,102,104,110
"4414",9150,1,8327,1,103,105,110
"4415",9350,1,5392,1,106,108,112
"4416",9362,1,4867,1,101,105,113
"4417",9368,1,1671,1,107,108,115
"4418",9411,1,7756,1,105,107,111
"4419",9434,1,13508,1,107,109,116
"4420",9448,1,6764,1,105,106,110
"4421",9458,1,5532,1,105,106,111
"4422",9497,1,2737,1,103,106,110
"4423",9510,1,6154,1,106,108,112
"4424",9572,1,4779,1,104,106,110
"4425",9666,1,67,1,104,107,113
"4426",9907,1,4707,1,105,106,111
"4427",9971,1,4562,1,107,108,113
"4428",10064,1,10187,1,105,106,110
"4429",10093,1,10076,1,101,105,110
"4430",10136,1,9153,1,105,108,113
"4431",10331,1,3213,1,107,109,114
"4432",10375,1,10268,1,105,108,113
"4433",10479,1,922,1,106,107,113
"4434",10488,1,5862,1,102,105,112
"4435",10565,1,7463,1,104,106,113
"4436",10797,1,12671,1,105,106,111
"4437",10977,1,13583,1,102,105,111
"4438",10992,1,7838,1,104,105,110
"4439",11153,1,7777,1,104,106,112
"4440",11447,1,465,1,103,105,111
"4441",11610,1,12014,1,105,109,115
"4442",11662,1,12063,1,108,109,113
"4443",11754,1,608,1,106,108,116
"4444",11757,1,8830,1,103,107,113
"4445",11770,1,13327,1,99,105,110
"4446",11957,1,7779,1,106,108,112
"4447",11987,1,8348,1,100,105,111
"4448",12042,1,3639,1,100,102,111
"4449",12194,1,3470,1,104,106,110
"4450",12319,1,7513,1,107,108,113
"4451",12408,1,2652,1,107,108,115
"4452",12633,1,5257,1,103,104,110
"4453",12673,1,465,1,105,107,111
"4454",12729,1,5566,1,105,108,115
"4455",12912,1,5047,1,107,109,114
"4456",12942,1,13626,1,103,106,110
"4457",12984,1,7784,1,105,107,114
"4458",13222,1,6643,1,103,106,110
"4459",13522,1,12014,1,104,106,110
"4460",13540,1,13894,1,105,107,112
"4461",13638,1,11584,1,105,107,113
"4462",13642,1,13779,1,105,108,115
"4463",13694,1,9139,1,103,105,110
"4464",13749,1,6567,1,105,106,110
"4465",13792,1,2107,1,102,104,110
"4466",13866,1,6339,1,102,104,110
"4467",14063,1,4423,1,104,105,110
"4468",14372,1,2652,1,107,109,114
"4469",38,1,12546,1,104,106,111
"4470",47,1,9362,1,106,107,114
"4471",135,1,10878,1,104,106,111
"4472",153,1,9771,1,108,110,117
"4473",198,1,10818,1,106,107,111
"4474",218,1,3317,1,103,106,112
"4475",290,1,562,1,106,107,113
"4476",427,1,9458,1,107,109,113
"4477",449,1,1300,1,107,109,113
"4478",456,1,4816,1,107,108,113
"4479",469,1,4898,1,107,110,116
"4480",476,1,11569,1,107,109,114
"4481",637,1,7192,1,104,106,112
"4482",650,1,10163,1,106,108,112
"4483",765,1,10535,1,105,107,111
"4484",884,1,7826,1,107,108,112
"4485",1036,1,12577,1,106,109,115
"4486",1192,1,7891,1,106,107,111
"4487",1238,1,6494,1,103,106,113
"4488",1261,1,5977,1,106,108,112
"4489",1414,1,6503,1,108,109,114
"4490",1443,1,568,1,108,109,117
"4491",1630,1,9528,1,108,109,114
"4492",1744,1,7299,1,108,110,115
"4493",1803,1,4113,1,103,104,111
"4494",1915,1,8329,1,106,107,114
"4495",2000,1,12929,1,102,104,112
"4496",2116,1,9429,1,107,109,113
"4497",2297,1,7299,1,107,108,112
"4498",2579,1,3405,1,105,106,111
"4499",2602,1,10190,1,108,109,114
"4500",2668,1,13805,1,105,107,112
"4501",2754,1,11843,1,106,107,113
"4502",2974,1,77,1,104,105,111
"4503",3180,1,11770,1,106,108,114
"4504",3273,1,617,1,105,107,112
"4505",3291,1,1915,1,107,110,115
"4506",3967,1,9105,1,105,107,114
"4507",3996,1,5532,1,104,106,113
"4508",4077,1,1401,1,108,110,114
"4509",4115,1,10286,1,107,108,114
"4510",4119,1,2579,1,106,108,113
"4511",4324,1,14231,1,108,110,116
"4512",4752,1,13772,1,107,109,113
"4513",4884,1,9718,1,107,109,115
"4514",4919,1,3499,1,105,106,111
"4515",5162,1,13317,1,107,109,114
"4516",5169,1,10729,1,107,108,113
"4517",5223,1,12102,1,109,110,116
"4518",5235,1,5093,1,106,107,112
"4519",5250,1,13746,1,107,109,113
"4520",5681,1,12658,1,104,106,112
"4521",5810,1,11164,1,107,108,113
"4522",5848,1,8089,1,109,110,118
"4523",5872,1,5711,1,101,107,112
"4524",5977,1,4200,1,103,105,112
"4525",6195,1,9153,1,106,109,114
"4526",6221,1,6467,1,105,107,113
"4527",6314,1,7601,1,103,105,111
"4528",6408,1,2783,1,106,107,112
"4529",6413,1,12109,1,104,105,112
"4530",6630,1,4122,1,103,106,111
"4531",6713,1,6640,1,104,108,113
"4532",6719,1,9040,1,105,107,112
"4533",6734,1,7639,1,104,107,112
"4534",7002,1,10187,1,104,107,111
"4535",7048,1,14325,1,104,106,112
"4536",7074,1,13492,1,107,108,114
"4537",7304,1,4200,1,102,104,111
"4538",7602,1,4925,1,108,110,115
"4539",7613,1,11990,1,106,108,111
"4540",7669,1,7917,1,107,110,116
"4541",7708,1,8660,1,103,105,112
"4542",7826,1,4550,1,104,106,111
"4543",7928,1,12586,1,106,110,115
"4544",7955,1,11584,1,105,106,111
"4545",8015,1,4925,1,107,109,113
"4546",8033,1,10541,1,102,105,112
"4547",8057,1,10488,1,107,108,113
"4548",8084,1,937,1,107,109,116
"4549",8381,1,13331,1,105,106,112
"4550",8432,1,197,1,103,105,111
"4551",8455,1,10864,1,107,108,114
"4552",8503,1,637,1,107,109,113
"4553",8563,1,3650,1,103,106,112
"4554",8583,1,6000,1,103,105,111
"4555",8654,1,7918,1,105,107,115
"4556",8659,1,3004,1,106,107,113
"4557",8724,1,4572,1,104,107,111
"4558",8773,1,4885,1,108,110,115
"4559",8810,1,1671,1,108,110,115
"4560",9063,1,8387,1,107,109,113
"4561",9426,1,7989,1,108,110,115
"4562",9447,1,5742,1,109,110,115
"4563",9528,1,14035,1,106,108,116
"4564",9663,1,953,1,103,105,111
"4565",9756,1,2440,1,104,106,112
"4566",10016,1,4662,1,105,108,113
"4567",10044,1,5593,1,109,110,115
"4568",10069,1,10769,1,107,108,112
"4569",10131,1,10676,1,107,108,113
"4570",10201,1,10141,1,104,106,111
"4571",10225,1,13151,1,108,110,117
"4572",10421,1,7494,1,107,110,115
"4573",10458,1,3922,1,108,109,113
"4574",10758,1,13583,1,104,106,112
"4575",11108,1,3333,1,105,106,113
"4576",11207,1,6459,1,101,105,112
"4577",11461,1,10992,1,106,109,115
"4578",11515,1,3771,1,101,103,111
"4579",11588,1,10318,1,105,106,112
"4580",11691,1,13772,1,106,107,112
"4581",11767,1,13822,1,107,108,116
"4582",11873,1,4121,1,107,109,114
"4583",11973,1,10684,1,105,106,112
"4584",12027,1,571,1,105,108,114
"4585",12177,1,8832,1,108,110,113
"4586",12264,1,6947,1,106,108,115
"4587",12796,1,12266,1,105,108,114
"4588",12833,1,6346,1,104,107,111
"4589",12976,1,9984,1,104,105,113
"4590",13073,1,10598,1,106,107,111
"4591",13102,1,9771,1,107,109,114
"4592",13131,1,12577,1,108,110,114
"4593",13150,1,650,1,108,109,113
"4594",13317,1,3321,1,103,106,112
"4595",13486,1,14033,1,108,110,116
"4596",13712,1,12577,1,107,110,115
"4597",13744,1,7304,1,105,107,113
"4598",13746,1,13629,1,104,106,111
"4599",13865,1,5047,1,108,110,114
"4600",13923,1,6621,1,109,110,115
"4601",14069,1,10788,1,105,108,113
"4602",14087,1,6560,1,109,110,114
"4603",14136,1,6376,1,105,109,115
"4604",14248,1,4597,1,107,109,115
"4605",14501,1,7074,1,109,110,114
"4606",144,1,7777,1,106,109,113
"4607",189,1,7989,1,108,110,116
"4608",220,1,7935,1,107,110,115
"4609",398,1,4114,1,107,108,112
"4610",500,1,10286,1,106,107,112
"4611",787,1,10431,1,109,111,116
"4612",983,1,10385,1,106,107,112
"4613",1010,1,12692,1,108,110,114
"4614",1033,1,3200,1,106,107,113
"4615",1077,1,9374,1,107,109,113
"4616",1082,1,7639,1,106,108,114
"4617",1425,1,5831,1,104,107,113
"4618",1501,1,12109,1,106,110,114
"4619",1628,1,3512,1,106,108,112
"4620",1671,1,2519,1,105,106,112
"4621",1679,1,10818,1,106,109,115
"4622",1705,1,6336,1,107,109,114
"4623",1730,1,9756,1,107,109,115
"4624",1970,1,2774,1,106,108,113
"4625",2091,1,135,1,107,109,115
"4626",2184,1,6901,1,110,111,115
"4627",2225,1,1201,1,109,111,117
"4628",2240,1,7365,1,109,111,116
"4629",2291,1,4879,1,110,111,118
"4630",2417,1,11068,1,105,107,114
"4631",2841,1,10143,1,105,106,113
"4632",2957,1,11643,1,106,108,113
"4633",2994,1,9797,1,105,107,113
"4634",3164,1,14109,1,103,106,112
"4635",3208,1,1540,1,109,111,116
"4636",3271,1,10537,1,110,111,118
"4637",3349,1,7784,1,106,107,113
"4638",3365,1,10158,1,103,105,112
"4639",3394,1,1628,1,109,111,117
"4640",3645,1,7708,1,106,109,114
"4641",3786,1,13949,1,105,106,112
"4642",3837,1,2523,1,107,109,114
"4643",4108,1,7995,1,105,107,113
"4644",4125,1,3786,1,107,110,115
"4645",4217,1,7647,1,106,108,113
"4646",4224,1,1033,1,108,111,116
"4647",4255,1,1628,1,109,111,114
"4648",4337,1,290,1,108,109,114
"4649",4411,1,6970,1,107,108,114
"4650",4451,1,11940,1,105,106,112
"4651",4678,1,13772,1,106,107,114
"4652",4817,1,11179,1,105,106,112
"4653",4885,1,4779,1,104,106,113
"4654",5026,1,13822,1,107,109,112
"4655",5105,1,5717,1,106,107,112
"4656",5135,1,3119,1,104,107,113
"4657",5354,1,7304,1,104,107,113
"4658",5431,1,3573,1,106,108,114
"4659",5462,1,14248,1,110,111,116
"4660",5525,1,13585,1,106,107,112
"4661",5687,1,12102,1,109,110,116
"4662",5784,1,6046,1,108,110,115
"4663",5824,1,8528,1,104,106,113
"4664",5909,1,290,1,108,109,115
"4665",5957,1,3349,1,109,110,115
"4666",6046,1,12479,1,104,108,113
"4667",6192,1,3212,1,104,107,112
"4668",6226,1,765,1,108,109,116
"4669",6398,1,9368,1,109,110,115
"4670",6684,1,6030,1,105,107,114
"4671",6757,1,6532,1,106,108,114
"4672",6809,1,10240,1,106,108,113
"4673",6824,1,6154,1,105,108,112
"4674",6867,1,2783,1,108,110,115
"4675",6939,1,1146,1,106,108,114
"4676",6955,1,9510,1,109,110,114
"4677",6964,1,3349,1,108,110,115
"4678",7513,1,12020,1,105,106,113
"4679",7798,1,11418,1,109,111,116
"4680",7855,1,814,1,106,108,113
"4681",7942,1,13584,1,107,108,112
"4682",8179,1,13499,1,109,111,115
"4683",8197,1,6503,1,109,111,116
"4684",8239,1,13287,1,108,110,116
"4685",8269,1,8741,1,104,106,112
"4686",8281,1,4257,1,109,110,115
"4687",8315,1,13767,1,105,107,113
"4688",8586,1,3985,1,106,111,115
"4689",8665,1,8883,1,105,108,113
"4690",8718,1,571,1,104,107,112
"4691",8719,1,4108,1,108,111,117
"4692",8925,1,4572,1,105,107,112
"4693",8927,1,2579,1,109,110,115
"4694",8976,1,7089,1,106,108,113
"4695",9012,1,13522,1,106,109,113
"4696",9088,1,12210,1,106,108,112
"4697",9114,1,10286,1,109,111,118
"4698",9164,1,2417,1,108,111,116
"4699",9186,1,47,1,108,110,116
"4700",9234,1,11016,1,106,107,112
"4701",9321,1,2754,1,108,109,114
"4702",9496,1,13642,1,109,110,115
"4703",9530,1,12102,1,109,111,115
"4704",9659,1,6753,1,107,109,113
"4705",9704,1,7918,1,106,108,113
"4706",9766,1,2450,1,110,111,117
"4707",10123,1,9458,1,107,109,115
"4708",10366,1,5593,1,109,111,116
"4709",10400,1,4950,1,104,105,112
"4710",10431,1,11990,1,107,108,114
"4711",10463,1,13688,1,108,109,114
"4712",10537,1,8915,1,107,108,113
"4713",10545,1,4295,1,105,107,112
"4714",10800,1,5673,1,107,108,112
"4715",10922,1,965,1,104,106,113
"4716",10973,1,5380,1,109,111,116
"4717",10988,1,3580,1,105,106,113
"4718",11062,1,13081,1,105,108,112
"4719",11239,1,13861,1,107,109,113
"4720",11306,1,13210,1,103,105,112
"4721",11356,1,5929,1,105,107,113
"4722",11569,1,5378,1,103,105,112
"4723",11796,1,10731,1,105,106,112
"4724",11804,1,9063,1,110,111,117
"4725",11940,1,660,1,103,105,113
"4726",12094,1,4697,1,107,109,115
"4727",12136,1,1756,1,106,109,114
"4728",12390,1,10669,1,105,107,112
"4729",12506,1,10777,1,110,111,115
"4730",12594,1,5342,1,104,109,114
"4731",12616,1,4932,1,106,108,115
"4732",12692,1,2941,1,105,107,112
"4733",12886,1,7836,1,107,109,114
"4734",13024,1,171,1,107,110,116
"4735",13306,1,8683,1,105,108,115
"4736",13392,1,13698,1,106,109,113
"4737",13425,1,484,1,109,110,117
"4738",13550,1,7451,1,108,109,116
"4739",13688,1,10316,1,102,108,112
"4740",13692,1,6091,1,107,109,113
"4741",13818,1,8715,1,106,109,114
"4742",14028,1,3253,1,107,111,116
"4743",14382,1,9881,1,110,111,115
"4744",14414,1,2043,1,106,108,113
"4745",14432,1,9445,1,107,108,113
"4746",155,1,3786,1,108,110,115
"4747",302,1,13880,1,106,108,117
"4748",545,1,2390,1,110,112,116
"4749",783,1,8432,1,105,107,113
"4750",922,1,943,1,105,106,115
"4751",1004,1,7522,1,109,110,114
"4752",1276,1,6091,1,108,110,117
"4753",1381,1,5340,1,107,110,114
"4754",1461,1,7155,1,107,108,114
"4755",1537,1,6114,1,110,111,116
"4756",1540,1,11789,1,106,108,114
"4757",1633,1,12833,1,108,110,115
"4758",1905,1,9448,1,107,108,113
"4759",1979,1,2367,1,108,110,116
"4760",2020,1,13746,1,108,110,116
"4761",2037,1,14348,1,110,112,119
"4762",2090,1,10668,1,110,111,116
"4763",2131,1,3573,1,107,108,114
"4764",2217,1,922,1,108,110,116
"4765",2248,1,3163,1,110,111,116
"4766",2256,1,11369,1,105,107,114
"4767",2270,1,11447,1,107,109,115
"4768",2353,1,9547,1,105,107,114
"4769",2356,1,6532,1,106,110,116
"4770",2390,1,6900,1,105,108,114
"4771",2617,1,10545,1,109,110,116
"4772",2918,1,1461,1,109,111,116
"4773",3077,1,463,1,109,112,118
"4774",3163,1,499,1,106,109,114
"4775",3210,1,9427,1,106,108,114
"4776",3211,1,9971,1,110,111,115
"4777",3256,1,8229,1,109,111,116
"4778",3331,1,11704,1,108,110,115
"4779",3530,1,4754,1,106,108,114
"4780",3700,1,4337,1,109,111,117
"4781",3742,1,484,1,108,109,114
"4782",3989,1,7023,1,110,111,117
"4783",4038,1,6597,1,109,110,115
"4784",4305,1,3349,1,108,110,115
"4785",4493,1,11843,1,108,110,115
"4786",4498,1,11239,1,110,112,117
"4787",4551,1,595,1,109,111,116
"4788",4611,1,2297,1,109,112,118
"4789",4650,1,13114,1,106,109,115
"4790",4680,1,9368,1,109,111,116
"4791",4722,1,8665,1,109,111,119
"4792",4879,1,2652,1,107,109,114
"4793",4974,1,11390,1,105,107,113
"4794",5300,1,1694,1,111,112,118
"4795",5393,1,6603,1,110,112,116
"4796",5483,1,14348,1,110,112,117
"4797",5742,1,8563,1,106,108,114
"4798",5761,1,8426,1,104,108,113
"4799",5780,1,11062,1,109,111,115
"4800",5791,1,4831,1,104,106,113
"4801",5895,1,9105,1,107,108,114
"4802",5911,1,5761,1,109,111,116
"4803",5986,1,8269,1,108,110,117
"4804",6204,1,5868,1,106,108,113
"4805",6438,1,2701,1,108,111,117
"4806",6584,1,13923,1,111,112,117
"4807",6621,1,11418,1,107,108,113
"4808",6636,1,3575,1,108,109,116
"4809",6686,1,8257,1,106,108,114
"4810",6711,1,4598,1,107,109,117
"4811",6791,1,12449,1,109,111,116
"4812",7023,1,13792,1,107,109,115
"4813",7133,1,12577,1,106,109,116
"4814",7162,1,265,1,110,112,117
"4815",7523,1,13356,1,111,112,118
"4816",7805,1,11249,1,105,107,113
"4817",7815,1,9940,1,111,112,117
"4818",7957,1,6734,1,108,110,115
"4819",8160,1,6091,1,107,110,115
"4820",8369,1,5392,1,106,108,113
"4821",8465,1,7494,1,109,111,117
"4822",8519,1,13102,1,110,111,117
"4823",8579,1,10043,1,107,110,115
"4824",8687,1,943,1,106,109,114
"4825",8745,1,3365,1,108,110,115
"4826",8746,1,7654,1,108,111,116
"4827",8749,1,1905,1,109,111,116
"4828",8922,1,8293,1,111,112,117
"4829",9183,1,8187,1,108,109,114
"4830",9237,1,10785,1,108,110,115
"4831",9332,1,13694,1,108,111,116
"4832",9615,1,9012,1,110,112,118
"4833",9784,1,10400,1,105,108,113
"4834",10022,1,3731,1,109,111,115
"4835",10039,1,12631,1,109,110,115
"4836",10317,1,245,1,109,112,116
"4837",10357,1,12319,1,109,111,116
"4838",10359,1,5758,1,109,111,116
"4839",10495,1,4411,1,110,112,116
"4840",10502,1,12833,1,107,108,116
"4841",10630,1,12408,1,110,112,117
"4842",10844,1,8431,1,110,112,117
"4843",10894,1,12631,1,109,110,114
"4844",10960,1,10136,1,109,112,117
"4845",11060,1,5727,1,107,110,116
"4846",11074,1,11406,1,110,112,116
"4847",11115,1,2020,1,111,112,117
"4848",11220,1,3967,1,107,109,115
"4849",11289,1,12810,1,108,110,115
"4850",11527,1,6221,1,109,111,118
"4851",11704,1,7190,1,105,107,113
"4852",11924,1,1297,1,103,107,113
"4853",12073,1,3200,1,107,108,114
"4854",12234,1,9497,1,109,110,115
"4855",12260,1,6487,1,107,108,113
"4856",12587,1,13540,1,109,110,114
"4857",12605,1,7002,1,108,111,117
"4858",12639,1,9448,1,107,109,114
"4859",12699,1,11754,1,109,111,118
"4860",13015,1,13409,1,108,109,115
"4861",13095,1,245,1,109,111,119
"4862",13113,1,2351,1,108,109,114
"4863",13288,1,3049,1,110,111,116
"4864",13356,1,400,1,107,111,118
"4865",13649,1,11754,1,109,111,117
"4866",13917,1,10545,1,109,110,116
"4867",13945,1,7989,1,107,110,115
"4868",14163,1,8718,1,109,110,114
"4869",14240,1,4175,1,110,112,118
"4870",14340,1,1879,1,109,111,116
"4871",14348,1,10992,1,107,109,114
"4872",174,1,2299,1,106,109,115
"4873",177,1,10064,1,107,110,114
"4874",245,1,8756,1,107,108,115
"4875",566,1,12964,1,111,112,117
"4876",720,1,3963,1,108,110,115
"4877",736,1,2974,1,106,108,116
"4878",946,1,13833,1,109,110,114
"4879",994,1,783,1,108,110,117
"4880",1032,1,4884,1,111,112,117
"4881",1084,1,7891,1,105,107,116
"4882",1131,1,4990,1,106,110,115
"4883",1292,1,6482,1,109,110,116
"4884",1548,1,10895,1,111,113,117
"4885",1615,1,9860,1,111,113,118
"4886",1725,1,9411,1,108,110,117
"4887",2140,1,5651,1,109,113,117
"4888",2593,1,171,1,108,110,115
"4889",2893,1,8369,1,108,110,116
"4890",3001,1,7805,1,107,110,115
"4891",3052,1,4550,1,103,107,114
"4892",3412,1,476,1,111,112,118
"4893",3540,1,13866,1,107,110,115
"4894",3692,1,12260,1,110,112,117
"4895",3731,1,7963,1,107,108,116
"4896",3764,1,500,1,108,111,114
"4897",3871,1,2356,1,111,113,118
"4898",4033,1,1554,1,107,110,114
"4899",4129,1,1199,1,112,113,118
"4900",4141,1,8687,1,110,112,120
"4901",4299,1,5250,1,109,112,118
"4902",4526,1,11919,1,109,112,116
"4903",4529,1,13749,1,108,110,115
"4904",4653,1,2043,1,106,108,114
"4905",4748,1,7989,1,107,108,115
"4906",4793,1,6233,1,109,111,117
"4907",4878,1,13222,1,108,110,115
"4908",4992,1,8810,1,110,111,114
"4909",5279,1,13119,1,112,113,119
"4910",5310,1,7540,1,111,112,116
"4911",5408,1,13392,1,109,111,115
"4912",5482,1,10894,1,111,113,118
"4913",5586,1,11108,1,107,110,117
"4914",5593,1,1076,1,106,108,114
"4915",5626,1,10463,1,110,112,118
"4916",5651,1,1146,1,105,107,114
"4917",5964,1,13584,1,107,110,117
"4918",5992,1,10069,1,108,110,114
"4919",6087,1,2668,1,108,110,117
"4920",6183,1,5340,1,107,110,117
"4921",6224,1,11704,1,109,111,116
"4922",6262,1,2291,1,112,113,117
"4923",6340,1,5895,1,109,111,116
"4924",6421,1,6686,1,111,112,118
"4925",6428,1,10922,1,107,110,114
"4926",6693,1,9434,1,111,113,117
"4927",6706,1,9133,1,112,113,118
"4928",6762,1,7920,1,108,110,114
"4929",6815,1,13471,1,111,113,119
"4930",6890,1,10676,1,107,109,116
"4931",6891,1,7864,1,110,111,115
"4932",7090,1,5047,1,108,111,118
"4933",7266,1,10251,1,109,111,116
"4934",7291,1,3651,1,112,113,117
"4935",7481,1,5517,1,109,110,117
"4936",7565,1,2225,1,112,113,117
"4937",7593,1,6421,1,112,113,119
"4938",7887,1,11860,1,107,109,115
"4939",7972,1,10502,1,109,111,116
"4940",8108,1,2783,1,107,110,115
"4941",8253,1,13113,1,111,112,118
"4942",8279,1,5032,1,112,113,119
"4943",8293,1,1144,1,106,110,115
"4944",8339,1,1379,1,110,113,118
"4945",8587,1,11447,1,108,109,114
"4946",8858,1,13584,1,107,109,115
"4947",8859,1,5784,1,111,113,118
"4948",8954,1,501,1,108,109,116
"4949",9455,1,2270,1,110,112,119
"4950",9467,1,1628,1,109,111,115
"4951",9488,1,7866,1,107,110,115
"4952",9586,1,7048,1,107,109,115
"4953",9835,1,3483,1,110,113,118
"4954",9918,1,965,1,107,109,115
"4955",10138,1,1310,1,108,109,115
"4956",10429,1,11306,1,107,109,114
"4957",10569,1,3990,1,107,109,114
"4958",10588,1,783,1,109,112,118
"4959",10632,1,7559,1,107,112,116
"4960",10803,1,11612,1,107,109,115
"4961",10820,1,10745,1,108,112,117
"4962",10841,1,4114,1,107,109,116
"4963",10885,1,4291,1,110,112,116
"4964",11005,1,3273,1,108,109,115
"4965",11109,1,650,1,111,112,117
"4966",11124,1,13359,1,107,109,117
"4967",11170,1,752,1,108,110,116
"4968",11237,1,4430,1,106,109,115
"4969",11280,1,11237,1,110,112,117
"4970",11322,1,1688,1,106,110,116
"4971",11473,1,8429,1,108,110,116
"4972",11534,1,3499,1,106,108,117
"4973",11784,1,11534,1,109,111,117
"4974",11795,1,3996,1,107,110,115
"4975",11858,1,5727,1,108,109,114
"4976",11862,1,10458,1,111,113,116
"4977",11939,1,10064,1,108,110,115
"4978",12056,1,5456,1,106,110,116
"4979",12149,1,8749,1,112,113,117
"4980",12159,1,12673,1,108,111,115
"4981",12269,1,12390,1,109,111,115
"4982",12352,1,1975,1,107,112,117
"4983",12473,1,3963,1,108,110,117
"4984",12508,1,814,1,108,110,116
"4985",12528,1,5769,1,112,113,120
"4986",12641,1,8304,1,106,109,116
"4987",12653,1,14248,1,110,111,117
"4988",12964,1,11704,1,108,110,116
"4989",13032,1,2964,1,110,112,116
"4990",13085,1,14028,1,111,112,117
"4991",13119,1,6890,1,109,111,116
"4992",13259,1,13585,1,105,109,116
"4993",13471,1,6548,1,107,110,117
"4994",13676,1,3839,1,109,111,116
"4995",13956,1,12509,1,109,111,117
"4996",13989,1,5169,1,110,111,116
"4997",14021,1,12390,1,108,110,115
"4998",14096,1,8229,1,108,110,114
"4999",14130,1,14444,1,107,111,118
"5000",19,1,5338,1,111,112,117
"5001",327,1,3981,1,107,109,116
"5002",420,1,5593,1,109,110,116
"5003",463,1,9820,1,107,109,115
"5004",484,1,10183,1,105,107,116
"5005",619,1,2593,1,111,112,117
"5006",737,1,9246,1,110,112,117
"5007",757,1,2351,1,109,112,117
"5008",773,1,6087,1,111,112,118
"5009",936,1,12194,1,108,110,115
"5010",1026,1,7451,1,108,110,118
"5011",1067,1,4793,1,112,113,119
"5012",1694,1,5758,1,108,110,116
"5013",1698,1,9434,1,110,112,117
"5014",1712,1,4125,1,111,112,116
"5015",1853,1,5812,1,108,110,117
"5016",2117,1,3899,1,106,108,117
"5017",2137,1,14248,1,110,113,119
"5018",2222,1,420,1,112,114,119
"5019",2233,1,6114,1,109,110,116
"5020",2352,1,12906,1,106,111,117
"5021",2364,1,327,1,111,113,118
"5022",2375,1,6636,1,110,112,116
"5023",2526,1,9467,1,111,113,117
"5024",2528,1,7023,1,111,113,119
"5025",2545,1,8315,1,110,113,116
"5026",2798,1,10255,1,112,114,120
"5027",2929,1,501,1,108,111,116
"5028",2989,1,10767,1,106,108,116
"5029",3046,1,3530,1,110,111,116
"5030",3084,1,13566,1,110,112,118
"5031",3218,1,6923,1,109,112,116
"5032",3392,1,11754,1,109,112,119
"5033",3568,1,6824,1,109,112,118
"5034",3673,1,10429,1,111,113,118
"5035",4272,1,566,1,112,113,118
"5036",4368,1,1628,1,109,112,119
"5037",4546,1,3137,1,112,113,118
"5038",4570,1,9321,1,110,113,118
"5039",4836,1,12264,1,110,111,115
"5040",4895,1,9608,1,111,114,121
"5041",4896,1,11919,1,109,110,115
"5042",5077,1,2091,1,111,112,116
"5043",5136,1,13579,1,112,114,117
"5044",5231,1,8089,1,110,114,120
"5045",5259,1,6314,1,107,109,115
"5046",5304,1,13625,1,112,113,120
"5047",5324,1,510,1,112,114,121
"5048",5539,1,10895,1,112,113,117
"5049",5573,1,2628,1,107,109,115
"5050",5719,1,1679,1,110,111,117
"5051",5769,1,8583,1,106,109,115
"5052",5878,1,4749,1,109,110,115
"5053",5991,1,12431,1,110,114,120
"5054",6036,1,7563,1,107,110,116
"5055",6478,1,4114,1,107,109,115
"5056",6603,1,13942,1,108,109,115
"5057",6751,1,13359,1,110,112,118
"5058",6994,1,8387,1,106,111,116
"5059",7031,1,2090,1,112,114,118
"5060",7323,1,11926,1,111,113,117
"5061",7453,1,13698,1,109,110,115
"5062",7979,1,3817,1,109,111,118
"5063",8116,1,11924,1,108,111,118
"5064",8158,1,354,1,108,110,115
"5065",8404,1,11108,1,107,110,116
"5066",8512,1,10777,1,109,110,116
"5067",8601,1,7864,1,109,112,119
"5068",8898,1,11919,1,108,110,117
"5069",9133,1,1033,1,109,110,116
"5070",9485,1,4291,1,111,113,118
"5071",9495,1,1845,1,110,113,118
"5072",9608,1,13359,1,109,110,115
"5073",9650,1,10429,1,110,113,117
"5074",9669,1,555,1,110,113,122
"5075",9774,1,6548,1,107,109,115
"5076",9777,1,6970,1,107,111,115
"5077",9905,1,1052,1,107,109,115
"5078",9940,1,6314,1,106,111,115
"5079",9962,1,5517,1,109,111,118
"5080",10002,1,8805,1,108,110,116
"5081",10248,1,13579,1,111,113,118
"5082",10255,1,5651,1,110,111,116
"5083",10277,1,922,1,108,110,115
"5084",10279,1,14279,1,107,110,117
"5085",10457,1,3211,1,112,114,119
"5086",10555,1,3731,1,108,110,115
"5087",10591,1,1097,1,113,114,117
"5088",10777,1,13522,1,107,109,116
"5089",10793,1,13688,1,110,112,116
"5090",10895,1,11924,1,110,111,117
"5091",11406,1,9832,1,103,109,115
"5092",11926,1,9242,1,109,111,116
"5093",12102,1,5172,1,106,108,115
"5094",12192,1,1750,1,111,113,119
"5095",12514,1,1077,1,110,111,115
"5096",12517,1,10502,1,108,110,116
"5097",12521,1,2580,1,112,114,121
"5098",12570,1,4430,1,107,109,115
"5099",12629,1,8733,1,113,114,120
"5100",12821,1,8160,1,112,113,117
"5101",12846,1,8315,1,109,111,117
"5102",12866,1,9321,1,109,110,115
"5103",12979,1,4038,1,112,114,119
"5104",13026,1,12587,1,111,112,120
"5105",13135,1,10479,1,109,111,115
"5106",13153,1,6428,1,111,113,119
"5107",13174,1,2918,1,112,114,118
"5108",13232,1,12352,1,113,114,120
"5109",13320,1,9844,1,113,114,118
"5110",13516,1,8805,1,107,110,115
"5111",13798,1,9063,1,111,113,118
"5112",14046,1,8724,1,110,112,117
"5113",14187,1,11588,1,107,110,115
"5114",14437,1,3899,1,106,112,118
"5115",14513,1,185,1,108,112,118
"5116",255,1,936,1,111,112,117
"5117",426,1,5586,1,112,114,118
"5118",555,1,1671,1,107,109,116
"5119",677,1,7074,1,111,112,117
"5120",704,1,1659,1,109,112,118
"5121",889,1,12352,1,113,115,120
"5122",1014,1,13306,1,109,113,118
"5123",1042,1,5687,1,112,113,119
"5124",1097,1,8659,1,109,112,116
"5125",1113,1,10421,1,111,113,118
"5126",1199,1,302,1,109,111,118
"5127",1207,1,6250,1,108,110,116
"5128",1227,1,555,1,111,113,118
"5129",1347,1,4093,1,108,110,116
"5130",1483,1,3742,1,111,112,117
"5131",1937,1,10421,1,111,112,116
"5132",2044,1,1289,1,113,115,122
"5133",2145,1,7279,1,110,113,117
"5134",2273,1,6428,1,110,112,118
"5135",2460,1,6684,1,108,111,116
"5136",2580,1,12431,1,109,110,116
"5137",2845,1,8749,1,113,115,119
"5138",3104,1,2367,1,110,112,118
"5139",3116,1,11124,1,110,112,117
"5140",3137,1,6630,1,108,111,117
"5141",3634,1,4526,1,113,114,119
"5142",3651,1,5848,1,111,112,116
"5143",3719,1,3037,1,113,114,119
"5144",4144,1,6890,1,110,114,120
"5145",4291,1,501,1,108,110,116
"5146",4369,1,12757,1,108,112,116
"5147",4388,1,1712,1,114,115,122
"5148",4399,1,10022,1,114,115,120
"5149",4556,1,3077,1,113,115,119
"5150",4738,1,13032,1,113,114,122
"5151",4763,1,8922,1,113,115,121
"5152",5338,1,1730,1,109,110,117
"5153",5669,1,4493,1,111,113,117
"5154",5672,1,10367,1,108,111,117
"5155",6035,1,11804,1,112,114,119
"5156",6109,1,5462,1,111,112,118
"5157",6125,1,3742,1,110,111,118
"5158",6918,1,3706,1,107,108,116
"5159",6934,1,1628,1,109,113,118
"5160",7108,1,9905,1,110,114,119
"5161",7131,1,946,1,111,112,118
"5162",7344,1,6603,1,111,115,119
"5163",7411,1,9190,1,112,114,118
"5164",7460,1,14046,1,113,114,122
"5165",7540,1,13642,1,109,111,117
"5166",7671,1,3523,1,108,110,118
"5167",7702,1,4305,1,111,114,117
"5168",7725,1,5525,1,108,111,116
"5169",7783,1,12234,1,111,113,119
"5170",8193,1,13945,1,111,115,120
"5171",8358,1,6478,1,111,112,117
"5172",8705,1,5643,1,112,114,117
"5173",8733,1,2043,1,107,112,117
"5174",8743,1,12267,1,112,113,121
"5175",8831,1,13114,1,106,108,118
"5176",8851,1,12269,1,112,114,119
"5177",9152,1,10277,1,112,113,119
"5178",9190,1,937,1,109,111,118
"5179",9390,1,14485,1,105,110,116
"5180",9538,1,484,1,108,109,117
"5181",9617,1,155,1,112,114,120
"5182",9767,1,5717,1,107,109,117
"5183",9860,1,5452,1,108,110,116
"5184",9975,1,13579,1,113,115,120
"5185",10018,1,4932,1,109,111,119
"5186",10147,1,300,1,111,114,120
"5187",10261,1,12073,1,110,112,118
"5188",10551,1,13956,1,113,115,121
"5189",10560,1,6226,1,110,112,117
"5190",10604,1,10357,1,113,115,121
"5191",10613,1,11939,1,112,114,119
"5192",10644,1,11239,1,111,113,118
"5193",10879,1,3256,1,112,115,119
"5194",11017,1,10729,1,107,111,117
"5195",11037,1,10357,1,112,113,117
"5196",11188,1,14382,1,112,113,119
"5197",11233,1,13015,1,110,112,117
"5198",11558,1,11754,1,110,111,117
"5199",11651,1,3483,1,110,112,116
"5200",12144,1,4411,1,113,114,118
"5201",12252,1,11202,1,113,114,118
"5202",12421,1,5957,1,111,113,118
"5203",12562,1,8719,1,112,113,118
"5204",12746,1,12260,1,109,113,118
"5205",12843,1,12833,1,110,111,116
"5206",12934,1,9905,1,111,112,118
"5207",13103,1,5780,1,113,115,123
"5208",13565,1,4611,1,113,114,120
"5209",13579,1,4932,1,108,110,116
"5210",13609,1,6556,1,106,109,116
"5211",13915,1,5026,1,110,112,116
"5212",13979,1,4217,1,110,112,117
"5213",14039,1,6392,1,108,112,118
"5214",14314,1,7540,1,112,115,120
"5215",14397,1,8239,1,111,113,118
"5216",14433,1,7133,1,109,111,116
"5217",14450,1,1537,1,113,115,121
"5218",466,1,13540,1,110,115,120
"5219",473,1,1347,1,111,112,118
"5220",510,1,2957,1,109,112,117
"5221",534,1,9189,1,110,113,117
"5222",1100,1,6340,1,112,113,117
"5223",1159,1,12267,1,112,113,118
"5224",1264,1,6226,1,112,115,121
"5225",1316,1,8954,1,109,112,117
"5226",1342,1,6881,1,112,114,118
"5227",1371,1,2137,1,114,116,121
"5228",1455,1,12431,1,110,112,117
"5229",1550,1,3631,1,113,114,119
"5230",1723,1,11017,1,113,115,119
"5231",1765,1,14130,1,113,114,119
"5232",1928,1,11957,1,110,112,117
"5233",2057,1,19,1,113,115,122
"5234",2345,1,7815,1,113,114,117
"5235",2596,1,11940,1,107,114,121
"5236",2619,1,8687,1,112,113,117
"5237",2727,1,1033,1,108,113,119
"5238",2771,1,6757,1,109,113,117
"5239",2818,1,994,1,112,115,120
"5240",2930,1,7603,1,114,116,121
"5241",2978,1,9069,1,113,115,122
"5242",3145,1,3837,1,112,115,121
"5243",3152,1,4257,1,109,112,117
"5244",3318,1,12269,1,113,114,120
"5245",3432,1,2367,1,109,112,117
"5246",3438,1,11873,1,109,113,118
"5247",3589,1,9530,1,113,114,119
"5248",3620,1,1067,1,114,115,123
"5249",3663,1,9350,1,111,113,119
"5250",3699,1,3673,1,114,116,121
"5251",3921,1,8714,1,115,116,119
"5252",3950,1,6734,1,110,113,118
"5253",4010,1,2090,1,113,114,119
"5254",4032,1,6087,1,111,112,119
"5255",4460,1,11233,1,114,116,120
"5256",4471,1,1033,1,108,111,117
"5257",4640,1,4034,1,110,114,120
"5258",4652,1,6939,1,111,113,119
"5259",4911,1,8209,1,108,110,117
"5260",5009,1,10080,1,114,116,120
"5261",5208,1,3849,1,115,116,120
"5262",5261,1,5310,1,113,115,119
"5263",5333,1,12796,1,109,113,120
"5264",5548,1,11287,1,114,116,120
"5265",5643,1,476,1,110,112,118
"5266",5645,1,12843,1,113,115,119
"5267",5759,1,510,1,112,114,119
"5268",5891,1,11610,1,110,112,118
"5269",6048,1,13915,1,113,115,122
"5270",6092,1,5911,1,113,115,120
"5271",6203,1,5462,1,112,114,119
"5272",6741,1,9971,1,109,110,117
"5273",6793,1,1425,1,109,111,118
"5274",6881,1,6686,1,110,111,117
"5275",7096,1,14240,1,114,115,119
"5276",7370,1,11017,1,113,116,123
"5277",7428,1,6679,1,114,115,120
"5278",7666,1,11704,1,109,115,120
"5279",8128,1,10147,1,114,115,120
"5280",8135,1,6428,1,112,114,118
"5281",8271,1,11564,1,106,109,118
"5282",8521,1,10261,1,113,116,124
"5283",8551,1,8089,1,110,112,118
"5284",8714,1,12269,1,112,114,120
"5285",8765,1,2145,1,114,115,121
"5286",8804,1,5431,1,109,112,118
"5287",8879,1,10366,1,112,115,121
"5288",8887,1,5780,1,112,115,121
"5289",8905,1,9586,1,111,115,120
"5290",9006,1,4115,1,112,113,121
"5291",9526,1,4255,1,112,113,117
"5292",9880,1,8773,1,111,115,120
"5293",9941,1,3600,1,111,112,117
"5294",10038,1,7855,1,111,114,121
"5295",10080,1,4563,1,112,114,120
"5296",10325,1,11558,1,114,116,122
"5297",10405,1,9048,1,112,115,121
"5298",10816,1,6482,1,110,113,118
"5299",11112,1,4299,1,114,116,120
"5300",11292,1,10069,1,111,112,118
"5301",11465,1,9164,1,112,114,120
"5302",11676,1,2460,1,111,112,120
"5303",11805,1,12796,1,110,112,118
"5304",11824,1,4493,1,114,116,124
"5305",11875,1,255,1,113,114,120
"5306",11893,1,12319,1,110,112,118
"5307",11901,1,4498,1,114,115,120
"5308",12267,1,6046,1,109,111,117
"5309",12321,1,2256,1,111,113,118
"5310",12406,1,12461,1,113,115,120
"5311",12461,1,5586,1,111,113,117
"5312",12533,1,4217,1,110,113,119
"5313",12737,1,12408,1,112,114,120
"5314",12792,1,2131,1,110,112,118
"5315",13043,1,9048,1,113,116,120
"5316",13237,1,2526,1,113,116,120
"5317",13273,1,11651,1,114,116,121
"5318",13325,1,5848,1,111,112,118
"5319",13385,1,13818,1,110,113,120
"5320",13430,1,887,1,109,111,117
"5321",13483,1,4471,1,114,116,122
"5322",13538,1,10366,1,112,113,118
"5323",13625,1,185,1,109,111,118
"5324",13907,1,463,1,111,113,118
"5325",13959,1,6224,1,112,115,120
"5326",13962,1,5769,1,110,112,120
"5327",14027,1,12912,1,110,113,117
"5328",14095,1,8425,1,114,116,122
"5329",14379,1,6125,1,114,115,120
"5330",14456,1,13085,1,113,115,120
"5331",14473,1,153,1,111,113,119
"5332",14481,1,327,1,111,113,120
"5333",73,1,8116,1,111,112,119
"5334",268,1,10841,1,112,117,123
"5335",370,1,3950,1,115,116,124
"5336",380,1,7266,1,112,114,120
"5337",480,1,5593,1,110,113,118
"5338",491,1,11005,1,110,114,120
"5339",620,1,6226,1,110,114,118
"5340",732,1,13725,1,114,115,120
"5341",1053,1,14102,1,113,114,120
"5342",1096,1,234,1,110,113,118
"5343",1289,1,9784,1,110,112,118
"5344",1353,1,9814,1,115,116,122
"5345",1529,1,13150,1,110,112,118
"5346",1621,1,7279,1,111,112,119
"5347",1707,1,1379,1,111,112,118
"5348",1850,1,2222,1,115,116,121
"5349",1886,1,13095,1,112,113,119
"5350",1968,1,2450,1,111,113,121
"5351",1972,1,12616,1,111,115,121
"5352",2053,1,12295,1,115,117,123
"5353",2207,1,6109,1,115,116,121
"5354",2588,1,4570,1,114,115,122
"5355",2675,1,11124,1,109,111,118
"5356",2860,1,6340,1,112,114,119
"5357",2942,1,6183,1,112,114,119
"5358",3203,1,5911,1,114,115,120
"5359",3214,1,14513,1,113,115,120
"5360",3225,1,3663,1,115,116,120
"5361",3311,1,11721,1,116,117,121
"5362",3364,1,12408,1,110,112,119
"5363",3538,1,1004,1,112,114,118
"5364",3631,1,3837,1,110,112,118
"5365",3667,1,14437,1,113,114,120
"5366",3705,1,9650,1,114,115,121
"5367",3785,1,11943,1,115,117,124
"5368",3888,1,5141,1,116,117,121
"5369",4147,1,9088,1,110,112,118
"5370",4196,1,4201,1,109,113,120
"5371",4244,1,10816,1,113,115,119
"5372",4277,1,10039,1,111,112,120
"5373",4367,1,4257,1,109,117,121
"5374",4479,1,4640,1,115,117,122
"5375",4818,1,1036,1,111,112,119
"5376",4886,1,174,1,113,114,119
"5377",4963,1,13498,1,114,117,123
"5378",5081,1,3538,1,115,116,121
"5379",5131,1,11767,1,110,114,119
"5380",5141,1,6421,1,113,115,120
"5381",5370,1,2588,1,115,116,120
"5382",5523,1,5539,1,113,115,120
"5383",5584,1,5131,1,115,117,122
"5384",5802,1,3645,1,111,113,118
"5385",5902,1,486,1,115,117,123
"5386",6050,1,56,1,115,116,123
"5387",6437,1,7928,1,112,114,119
"5388",6443,1,13085,1,113,116,122
"5389",6617,1,10632,1,113,115,119
"5390",6645,1,8239,1,111,114,120
"5391",6676,1,14240,1,114,116,121
"5392",6810,1,12846,1,115,117,123
"5393",6876,1,6114,1,111,115,119
"5394",6926,1,11188,1,114,115,120
"5395",7113,1,5669,1,114,116,120
"5396",7335,1,5338,1,113,116,124
"5397",7553,1,2580,1,113,116,123
"5398",7603,1,9918,1,111,112,118
"5399",7903,1,9526,1,114,116,121
"5400",8206,1,13408,1,115,117,122
"5401",8377,1,10841,1,112,114,121
"5402",8425,1,13989,1,112,113,121
"5403",8500,1,6813,1,115,116,121
"5404",8612,1,9455,1,113,116,121
"5405",8918,1,708,1,115,117,124
"5406",9048,1,10016,1,110,112,118
"5407",9069,1,6955,1,110,112,118
"5408",9104,1,10632,1,114,116,121
"5409",9108,1,8179,1,113,114,120
"5410",9137,1,10331,1,112,114,119
"5411",9310,1,887,1,108,110,120
"5412",9646,1,10463,1,110,114,119
"5413",9779,1,144,1,111,112,118
"5414",9782,1,12843,1,112,115,120
"5415",9844,1,11662,1,110,112,118
"5416",9851,1,6891,1,112,113,119
"5417",10085,1,12144,1,115,116,120
"5418",10215,1,11721,1,116,117,123
"5419",10309,1,11292,1,113,114,119
"5420",10530,1,12517,1,111,112,118
"5421",10553,1,8832,1,109,114,120
"5422",10559,1,449,1,110,114,119
"5423",10570,1,13917,1,112,115,120
"5424",10648,1,12421,1,114,116,123
"5425",10821,1,177,1,111,114,119
"5426",10907,1,6398,1,112,113,119
"5427",11087,1,4125,1,111,113,119
"5428",11138,1,9608,1,111,113,119
"5429",11156,1,889,1,116,117,123
"5430",11202,1,12508,1,112,113,120
"5431",11416,1,6819,1,112,114,119
"5432",11456,1,1199,1,112,115,119
"5433",11502,1,2994,1,110,112,119
"5434",11753,1,426,1,115,117,121
"5435",11943,1,1199,1,112,113,119
"5436",11995,1,220,1,112,115,119
"5437",12065,1,1425,1,110,113,119
"5438",12118,1,13649,1,112,114,120
"5439",12129,1,5032,1,112,113,118
"5440",13005,1,473,1,115,117,122
"5441",13154,1,9779,1,113,115,122
"5442",13233,1,4418,1,110,111,118
"5443",13249,1,11754,1,109,112,119
"5444",13478,1,13962,1,115,116,122
"5445",13491,1,6891,1,114,116,123
"5446",13578,1,5669,1,114,115,121
"5447",13696,1,5136,1,115,116,121
"5448",13725,1,9659,1,111,113,119
"5449",14006,1,8733,1,113,115,121
"5450",14334,1,5784,1,113,116,122
"5451",14459,1,548,1,110,114,122
"5452",56,1,4836,1,113,114,122
"5453",74,1,14187,1,112,114,119
"5454",104,1,463,1,112,114,120
"5455",126,1,11188,1,115,117,122
"5456",152,1,1483,1,114,116,121
"5457",287,1,994,1,111,115,122
"5458",368,1,10973,1,113,116,121
"5459",522,1,19,1,113,115,119
"5460",621,1,13430,1,112,113,119
"5461",708,1,10463,1,112,114,119
"5462",1029,1,12533,1,114,116,120
"5463",1120,1,7460,1,116,117,123
"5464",1488,1,5333,1,114,118,121
"5465",1561,1,4702,1,113,114,119
"5466",1627,1,10002,1,113,115,119
"5467",1642,1,1014,1,115,116,123
"5468",1782,1,74,1,115,117,124
"5469",2045,1,1550,1,115,117,122
"5470",2058,1,2617,1,113,117,123
"5471",2062,1,1712,1,114,117,122
"5472",2070,1,4129,1,114,115,120
"5473",2127,1,5891,1,115,116,121
"5474",2272,1,757,1,114,118,123
"5475",2764,1,6645,1,115,118,123
"5476",2946,1,9048,1,113,115,120
"5477",3020,1,13026,1,114,115,119
"5478",3088,1,1053,1,115,117,121
"5479",3151,1,7815,1,113,114,119
"5480",3182,1,11074,1,114,116,121
"5481",3224,1,7074,1,111,115,121
"5482",3413,1,5780,1,113,115,120
"5483",3526,1,2137,1,114,115,120
"5484",3546,1,9485,1,114,116,122
"5485",3560,1,2233,1,115,116,121
"5486",3717,1,7702,1,115,116,122
"5487",3738,1,13103,1,116,118,127
"5488",3759,1,6279,1,109,112,119
"5489",3819,1,10895,1,113,115,121
"5490",3849,1,4224,1,112,114,120
"5491",3971,1,9608,1,112,114,120
"5492",4161,1,2860,1,115,117,122
"5493",4210,1,7323,1,114,116,123
"5494",4466,1,14340,1,112,115,122
"5495",4785,1,4058,1,116,117,122
"5496",5032,1,245,1,109,111,119
"5497",5289,1,6584,1,114,116,121
"5498",5534,1,1937,1,114,115,120
"5499",5660,1,6617,1,116,118,123
"5500",5706,1,8128,1,116,118,123
"5501",5817,1,11502,1,113,115,119
"5502",5822,1,3438,1,114,118,122
"5503",5845,1,10530,1,114,115,120
"5504",6268,1,7002,1,110,113,119
"5505",6319,1,13032,1,113,115,120
"5506",6588,1,6645,1,116,118,123
"5507",6731,1,9586,1,112,115,121
"5508",6813,1,7798,1,112,113,119
"5509",6983,1,3354,1,112,114,119
"5510",7233,1,13088,1,115,117,120
"5511",7548,1,9012,1,112,114,119
"5512",7930,1,1928,1,113,115,121
"5513",8081,1,9310,1,114,116,119
"5514",8237,1,1199,1,112,115,120
"5515",8282,1,8905,1,116,118,122
"5516",8422,1,9152,1,115,117,123
"5517",8464,1,2545,1,114,116,123
"5518",8469,1,2845,1,117,118,124
"5519",8545,1,6964,1,111,114,121
"5520",8613,1,4818,1,114,115,121
"5521",8657,1,2273,1,114,115,123
"5522",8828,1,9190,1,114,116,120
"5523",9129,1,10336,1,116,118,123
"5524",9257,1,1694,1,113,116,121
"5525",9280,1,14102,1,114,118,123
"5526",10137,1,8905,1,116,117,124
"5527",10220,1,1100,1,114,115,119
"5528",10531,1,3084,1,113,114,119
"5529",10727,1,9941,1,113,115,119
"5530",10754,1,9189,1,109,113,120
"5531",10807,1,12737,1,116,118,124
"5532",10911,1,9779,1,113,114,119
"5533",11045,1,510,1,114,115,119
"5534",11287,1,11754,1,109,112,120
"5535",11337,1,1042,1,114,116,122
"5536",11411,1,5672,1,113,115,120
"5537",11596,1,4277,1,113,115,120
"5538",11645,1,7783,1,114,116,122
"5539",11675,1,3568,1,114,115,120
"5540",11781,1,9870,1,117,118,122
"5541",11851,1,4793,1,112,114,119
"5542",11892,1,2352,1,113,114,119
"5543",12113,1,10551,1,116,118,123
"5544",12157,1,4129,1,114,116,120
"5545",12170,1,12473,1,113,117,124
"5546",12286,1,737,1,113,115,121
"5547",12303,1,1548,1,114,116,121
"5548",12307,1,2929,1,112,115,119
"5549",12354,1,5324,1,115,117,121
"5550",12497,1,9669,1,114,116,121
"5551",12535,1,12846,1,112,116,120
"5552",12571,1,10613,1,115,116,120
"5553",12573,1,8135,1,115,116,121
"5554",12713,1,3116,1,113,115,121
"5555",12877,1,6012,1,116,117,122
"5556",13088,1,1730,1,110,114,119
"5557",13093,1,1730,1,110,112,119
"5558",13180,1,255,1,114,115,120
"5559",13181,1,1100,1,114,117,123
"5560",13209,1,11411,1,116,118,124
"5561",13223,1,7702,1,115,117,123
"5562",13472,1,12979,1,115,118,123
"5563",13494,1,621,1,114,116,122
"5564",13682,1,486,1,116,118,123
"5565",13723,1,11188,1,114,116,122
"5566",13745,1,8551,1,113,117,122
"5567",13860,1,8828,1,117,118,123
"5568",14077,1,5304,1,115,117,122
"5569",14102,1,2580,1,110,111,119
"5570",14222,1,11473,1,112,115,120
"5571",159,1,2605,1,117,119,123
"5572",333,1,5249,1,117,119,124
"5573",422,1,5261,1,116,119,123
"5574",461,1,12283,1,114,116,122
"5575",478,1,9137,1,115,118,123
"5576",486,1,9447,1,113,115,121
"5577",792,1,461,1,117,119,126
"5578",797,1,12157,1,117,119,123
"5579",876,1,9779,1,113,115,121
"5580",1179,1,10604,1,117,119,124
"5581",1257,1,13232,1,115,117,124
"5582",1291,1,2989,1,110,113,120
"5583",1355,1,13979,1,115,116,122
"5584",1386,1,7798,1,112,113,121
"5585",1710,1,2345,1,116,117,122
"5586",1783,1,6955,1,112,114,120
"5587",1824,1,1615,1,114,115,122
"5588",2074,1,13131,1,112,114,120
"5589",2079,1,6035,1,116,118,121
"5590",2102,1,3182,1,117,119,125
"5591",2274,1,12979,1,116,119,122
"5592",2393,1,4536,1,118,119,125
"5593",2863,1,13491,1,116,118,121
"5594",3429,1,12533,1,114,115,120
"5595",3452,1,5231,1,116,118,124
"5596",3484,1,3631,1,114,115,120
"5597",3503,1,9941,1,113,116,120
"5598",3664,1,4722,1,112,114,120
"5599",3677,1,3526,1,117,119,126
"5600",3712,1,8237,1,116,118,123
"5601",3894,1,144,1,111,113,121
"5602",4018,1,13066,1,117,119,127
"5603",4058,1,10894,1,112,114,120
"5604",4143,1,9851,1,114,117,122
"5605",4181,1,2091,1,112,114,120
"5606",4188,1,11795,1,113,115,121
"5607",4536,1,10165,1,115,117,124
"5608",4702,1,6183,1,112,113,120
"5609",5109,1,1032,1,113,116,123
"5610",5249,1,1548,1,114,116,123
"5611",5488,1,11280,1,113,114,121
"5612",5718,1,13807,1,118,119,124
"5613",5982,1,14027,1,114,116,123
"5614",6103,1,6224,1,113,115,122
"5615",6155,1,3331,1,112,114,120
"5616",6311,1,12065,1,114,116,121
"5617",6447,1,1928,1,113,115,123
"5618",6583,1,14136,1,114,116,122
"5619",6848,1,7815,1,114,115,120
"5620",7103,1,787,1,112,115,120
"5621",7150,1,3634,1,116,118,122
"5622",7241,1,1765,1,116,118,122
"5623",7296,1,5488,1,114,115,120
"5624",7459,1,13026,1,113,117,121
"5625",7747,1,12629,1,115,118,123
"5626",7781,1,5584,1,118,119,124
"5627",7991,1,12286,1,116,117,121
"5628",8141,1,11742,1,116,118,122
"5629",8220,1,12846,1,113,116,121
"5630",8538,1,8586,1,113,116,121
"5631",8692,1,708,1,116,118,122
"5632",8722,1,8253,1,114,117,125
"5633",8864,1,12737,1,115,116,121
"5634",8956,1,14334,1,116,118,122
"5635",9268,1,11805,1,113,115,121
"5636",9311,1,7291,1,114,116,122
"5637",9560,1,14379,1,116,118,121
"5638",9629,1,3145,1,116,117,124
"5639",9757,1,9851,1,114,117,121
"5640",9814,1,8512,1,112,114,120
"5641",9870,1,7798,1,114,116,124
"5642",10114,1,10591,1,115,117,122
"5643",10165,1,4272,1,113,114,120
"5644",10336,1,13249,1,114,116,121
"5645",10466,1,4196,1,115,117,122
"5646",10836,1,8879,1,117,119,124
"5647",11263,1,13095,1,113,115,122
"5648",11407,1,8220,1,117,119,125
"5649",11467,1,1342,1,115,117,123
"5650",11507,1,3011,1,116,118,123
"5651",11978,1,6262,1,113,114,121
"5652",11982,1,3759,1,116,118,124
"5653",12039,1,6203,1,114,116,121
"5654",12283,1,1633,1,111,113,120
"5655",12295,1,3163,1,113,115,120
"5656",12453,1,13408,1,114,116,120
"5657",12493,1,6617,1,115,118,123
"5658",12551,1,13725,1,115,117,123
"5659",12919,1,12699,1,112,114,120
"5660",13408,1,6636,1,111,114,121
"5661",13498,1,4334,1,110,114,121
"5662",13596,1,7453,1,113,114,120
"5663",13610,1,7593,1,115,117,123
"5664",14064,1,12572,1,117,119,123
"5665",14068,1,13135,1,113,115,121
"5666",14420,1,12616,1,110,116,120
"5667",14422,1,12453,1,117,118,123
"5668",108,1,4738,1,115,116,121
"5669",168,1,9650,1,114,116,123
"5670",224,1,11596,1,116,118,121
"5671",240,1,11461,1,112,117,124
"5672",451,1,12065,1,115,117,124
"5673",746,1,11939,1,114,115,121
"5674",944,1,11939,1,112,115,121
"5675",1326,1,9390,1,112,116,121
"5676",1434,1,12283,1,115,118,124
"5677",2082,1,1386,1,116,119,125
"5678",2202,1,4210,1,117,118,122
"5679",2721,1,12571,1,117,119,125
"5680",2750,1,737,1,113,117,122
"5681",2811,1,6617,1,116,118,124
"5682",2955,1,7582,1,119,120,126
"5683",3223,1,7323,1,115,118,124
"5684",3473,1,3224,1,117,118,124
"5685",3599,1,8206,1,119,120,127
"5686",3767,1,13103,1,116,118,122
"5687",3896,1,8282,1,119,120,125
"5688",4104,1,741,1,119,120,125
"5689",4139,1,11045,1,116,118,122
"5690",4146,1,6881,1,115,117,121
"5691",4434,1,368,1,117,118,125
"5692",4441,1,566,1,115,117,122
"5693",4558,1,9975,1,117,118,123
"5694",4948,1,6125,1,113,116,121
"5695",4982,1,8237,1,117,118,125
"5696",5103,1,10644,1,114,116,122
"5697",5183,1,8613,1,116,118,122
"5698",5613,1,10604,1,115,117,126
"5699",5630,1,5982,1,116,118,121
"5700",5726,1,9975,1,117,120,125
"5701",5821,1,7233,1,118,119,122
"5702",5994,1,1029,1,117,120,124
"5703",6012,1,12269,1,113,116,121
"5704",6205,1,13066,1,118,119,123
"5705",6855,1,12708,1,118,119,125
"5706",7064,1,4879,1,110,116,121
"5707",7232,1,461,1,118,120,125
"5708",7245,1,12354,1,118,119,123
"5709",7364,1,11465,1,116,118,123
"5710",7582,1,14334,1,117,119,123
"5711",7776,1,5289,1,117,119,124
"5712",8501,1,13610,1,119,120,125
"5713",8656,1,12406,1,116,118,123
"5714",8824,1,56,1,115,118,125
"5715",9083,1,7370,1,118,119,125
"5716",9102,1,13288,1,112,116,121
"5717",9224,1,11109,1,114,117,122
"5718",9389,1,3717,1,117,119,123
"5719",9471,1,10911,1,115,117,122
"5720",9577,1,7323,1,115,117,123
"5721",9635,1,10632,1,112,116,121
"5722",9678,1,13596,1,118,119,124
"5723",10015,1,7296,1,117,119,124
"5724",10023,1,14340,1,112,116,124
"5725",10057,1,5719,1,113,116,121
"5726",10207,1,2617,1,112,114,121
"5727",10499,1,3888,1,118,120,125
"5728",10817,1,9268,1,117,118,123
"5729",10837,1,268,1,118,120,126
"5730",11143,1,9426,1,113,116,122
"5731",11214,1,14437,1,114,117,123
"5732",11414,1,12307,1,117,119,126
"5733",11721,1,7702,1,115,116,121
"5734",11739,1,3586,1,119,120,127
"5735",11742,1,11893,1,114,116,121
"5736",11809,1,3540,1,112,115,122
"5737",11821,1,8422,1,118,120,125
"5738",11935,1,12307,1,116,119,124
"5739",12391,1,14397,1,114,116,122
"5740",12572,1,1627,1,116,117,123
"5741",12666,1,2225,1,112,116,121
"5742",12708,1,1765,1,116,117,122
"5743",12782,1,14473,1,115,118,126
"5744",13066,1,8551,1,114,116,121
"5745",13386,1,2771,1,115,117,121
"5746",13467,1,9371,1,118,119,124
"5747",13529,1,2044,1,116,118,123
"5748",13807,1,12729,1,114,116,121
"5749",13829,1,7428,1,116,119,125
"5750",13839,1,10531,1,115,117,122
"5751",13842,1,3116,1,112,117,123
"5752",14004,1,12113,1,118,120,126
"5753",14112,1,14459,1,115,118,123
"5754",14119,1,8824,1,118,119,126
"5755",14255,1,1642,1,119,120,125
"5756",14263,1,704,1,115,116,122
"5757",14371,1,14456,1,116,119,124
"5758",14386,1,1561,1,116,118,121
"5759",9,1,10754,1,114,117,124
"5760",129,1,11188,1,115,118,124
"5761",235,1,7903,1,118,120,126
"5762",276,1,10727,1,116,120,125
"5763",537,1,2222,1,116,119,123
"5764",597,1,3699,1,120,121,125
"5765",840,1,8733,1,113,115,122
"5766",1450,1,9104,1,117,119,124
"5767",1480,1,5523,1,115,116,122
"5768",1601,1,13209,1,118,121,127
"5769",1609,1,13483,1,118,120,126
"5770",1658,1,13807,1,117,119,125
"5771",1668,1,3745,1,120,121,126
"5772",1793,1,10207,1,117,121,127
"5773",1847,1,1707,1,114,118,125
"5774",1994,1,757,1,113,116,123
"5775",2349,1,2750,1,119,121,130
"5776",2555,1,4010,1,115,117,122
"5777",2597,1,13088,1,116,118,123
"5778",2605,1,13649,1,112,116,122
"5779",2752,1,13153,1,114,117,122
"5780",2889,1,11742,1,118,119,126
"5781",3011,1,10022,1,113,115,122
"5782",3216,1,2660,1,119,121,126
"5783",3222,1,3318,1,118,119,126
"5784",3293,1,8538,1,117,120,126
"5785",3435,1,7150,1,119,120,125
"5786",3586,1,13153,1,115,118,124
"5787",3745,1,2057,1,117,119,123
"5788",3846,1,14077,1,118,119,124
"5789",3862,1,3214,1,117,118,126
"5790",4007,1,4058,1,114,116,122
"5791",4012,1,3560,1,118,119,124
"5792",4051,1,10457,1,115,117,123
"5793",4079,1,1342,1,115,118,122
"5794",4376,1,10255,1,114,118,122
"5795",4531,1,11456,1,117,121,126
"5796",4787,1,11883,1,116,117,122
"5797",4899,1,4399,1,116,117,122
"5798",5277,1,3151,1,117,119,124
"5799",5568,1,7603,1,115,117,123
"5800",5611,1,3526,1,116,118,122
"5801",5852,1,7411,1,115,116,122
"5802",6152,1,13005,1,119,120,124
"5803",6489,1,9577,1,119,120,126
"5804",6596,1,9311,1,117,119,125
"5805",6679,1,2352,1,112,114,122
"5806",6703,1,792,1,120,121,126
"5807",6737,1,3618,1,119,121,126
"5808",6743,1,876,1,116,117,122
"5809",6822,1,13610,1,119,120,124
"5810",7084,1,13682,1,120,121,127
"5811",7372,1,13088,1,116,118,123
"5812",7745,1,2946,1,116,121,128
"5813",7813,1,5606,1,118,121,127
"5814",7971,1,8128,1,116,117,123
"5815",7987,1,10820,1,115,117,122
"5816",8393,1,4388,1,116,118,122
"5817",8440,1,8879,1,117,119,124
"5818",8803,1,13576,1,119,121,127
"5819",8821,1,10954,1,118,120,125
"5820",9260,1,2345,1,116,117,126
"5821",9287,1,8918,1,117,120,125
"5822",9371,1,2942,1,115,117,123
"5823",9381,1,3151,1,116,119,126
"5824",9584,1,7370,1,117,119,123
"5825",9713,1,9371,1,118,119,125
"5826",9972,1,5845,1,117,118,123
"5827",10794,1,704,1,113,116,122
"5828",10954,1,6751,1,113,116,122
"5829",11211,1,10727,1,116,117,125
"5830",11300,1,4818,1,114,116,122
"5831",11400,1,14437,1,114,118,124
"5832",11430,1,1968,1,116,117,123
"5833",11481,1,3546,1,117,118,122
"5834",11505,1,224,1,119,120,126
"5835",11663,1,380,1,116,118,124
"5836",11755,1,10207,1,117,120,126
"5837",11912,1,9257,1,116,117,123
"5838",11981,1,12129,1,114,118,123
"5839",12051,1,10421,1,113,115,122
"5840",12219,1,8612,1,117,119,123
"5841",12480,1,1765,1,116,120,125
"5842",12815,1,1100,1,115,118,124
"5843",12985,1,10531,1,116,118,123
"5844",13329,1,2273,1,114,116,123
"5845",13421,1,3538,1,115,118,122
"5846",13576,1,732,1,116,118,123
"5847",13647,1,2588,1,116,117,123
"5848",13668,1,10309,1,117,118,125
"5849",13699,1,6876,1,117,119,124
"5850",13759,1,2364,1,114,117,122
"5851",13851,1,9617,1,114,119,124
"5852",14234,1,11982,1,118,119,123
"5853",14395,1,10644,1,116,119,124
"5854",14483,1,2359,1,119,120,123
"5855",69,1,621,1,115,117,123
"5856",248,1,12039,1,117,118,123
"5857",679,1,8521,1,117,120,125
"5858",688,1,3738,1,119,122,130
"5859",741,1,11112,1,117,118,123
"5860",971,1,3896,1,121,122,128
"5861",1152,1,11414,1,120,121,127
"5862",1306,1,3546,1,117,120,125
"5863",1542,1,7344,1,116,117,123
"5864",1618,1,1710,1,118,121,126
"5865",1653,1,2750,1,119,121,129
"5866",1726,1,3871,1,115,118,123
"5867",1995,1,4585,1,120,122,126
"5868",2038,1,11890,1,120,122,126
"5869",2359,1,12653,1,113,116,124
"5870",2660,1,3077,1,114,118,123
"5871",2723,1,5141,1,116,118,124
"5872",2822,1,10023,1,117,119,128
"5873",3047,1,5183,1,120,121,125
"5874",3122,1,3088,1,118,120,126
"5875",3555,1,1013,1,121,122,128
"5876",3618,1,10147,1,116,118,124
"5877",3690,1,4441,1,119,121,127
"5878",4380,1,7987,1,118,121,126
"5879",4585,1,6437,1,116,118,124
"5880",4629,1,8887,1,117,119,126
"5881",4739,1,7364,1,118,121,124
"5882",4782,1,287,1,116,119,124
"5883",4880,1,14077,1,118,121,126
"5884",4931,1,9281,1,119,120,127
"5885",5386,1,126,1,117,120,127
"5886",5513,1,13273,1,116,118,123
"5887",5606,1,10907,1,115,118,124
"5888",5608,1,2058,1,118,119,124
"5889",5887,1,9617,1,116,118,123
"5890",6158,1,2420,1,121,122,129
"5891",6496,1,1013,1,120,122,126
"5892",6510,1,7372,1,119,122,126
"5893",6904,1,2978,1,117,119,126
"5894",7159,1,11456,1,117,119,125
"5895",7359,1,2053,1,118,120,124
"5896",7412,1,6424,1,121,122,127
"5897",7464,1,7865,1,120,121,126
"5898",7877,1,2752,1,120,122,129
"5899",8071,1,5513,1,119,120,125
"5900",8156,1,11202,1,114,118,123
"5901",8228,1,12746,1,116,118,124
"5902",8384,1,7233,1,119,121,125
"5903",8569,1,13223,1,120,121,126
"5904",8669,1,4963,1,118,121,128
"5905",8770,1,9650,1,116,120,125
"5906",8822,1,7930,1,116,118,124
"5907",8865,1,5568,1,118,120,125
"5908",9034,1,3589,1,117,119,123
"5909",9261,1,13798,1,114,117,124
"5910",9264,1,2750,1,119,121,125
"5911",9342,1,732,1,116,117,123
"5912",9399,1,9371,1,117,119,123
"5913",9655,1,9389,1,119,121,126
"5914",9762,1,13154,1,116,119,126
"5915",9793,1,3634,1,116,118,124
"5916",10257,1,2764,1,119,121,128
"5917",10670,1,10114,1,118,119,127
"5918",10680,1,746,1,116,119,123
"5919",10726,1,7370,1,119,120,127
"5920",10853,1,2137,1,118,120,125
"5921",11137,1,7903,1,118,119,125
"5922",11475,1,8141,1,119,121,128
"5923",11594,1,56,1,116,119,124
"5924",11644,1,3438,1,115,119,124
"5925",11776,1,12985,1,119,122,127
"5926",12183,1,14112,1,120,122,127
"5927",12316,1,4556,1,117,120,125
"5928",12862,1,2419,1,118,121,127
"5929",13407,1,11645,1,118,121,124
"5930",13589,1,13860,1,119,122,128
"5931",13703,1,4007,1,118,120,126
"5932",13889,1,5141,1,116,118,123
"5933",14070,1,8956,1,119,120,125
"5934",14272,1,4139,1,119,121,124
"5935",14455,1,2202,1,120,121,126
"5936",154,1,3452,1,119,120,125
"5937",360,1,2863,1,119,121,127
"5938",643,1,12979,1,116,118,124
"5939",826,1,11981,1,120,122,128
"5940",891,1,9104,1,117,121,126
"5941",1013,1,13668,1,118,120,125
"5942",1253,1,5236,1,121,122,129
"5943",1298,1,12350,1,121,122,126
"5944",1470,1,8669,1,122,123,129
"5945",1711,1,5892,1,121,123,128
"5946",2017,1,2082,1,120,121,124
"5947",2051,1,2597,1,120,123,127
"5948",2406,1,2079,1,118,120,127
"5949",2420,1,4144,1,116,118,124
"5950",2710,1,2764,1,119,120,127
"5951",2770,1,3862,1,119,121,126
"5952",3125,1,13232,1,115,117,124
"5953",3376,1,11809,1,118,119,125
"5954",3670,1,104,1,115,118,124
"5955",4145,1,8822,1,119,120,126
"5956",4228,1,11400,1,121,123,127
"5957",4415,1,2349,1,122,123,128
"5958",4426,1,2070,1,118,121,128
"5959",5236,1,2723,1,119,120,127
"5960",5512,1,11329,1,121,123,127
"5961",5783,1,159,1,120,123,128
"5962",5951,1,12157,1,117,120,125
"5963",6024,1,12572,1,119,121,130
"5964",6056,1,1120,1,120,121,124
"5965",6086,1,10670,1,120,121,126
"5966",6424,1,944,1,117,119,124
"5967",6523,1,13237,1,117,119,124
"5968",6889,1,3145,1,116,119,125
"5969",6953,1,4104,1,122,123,129
"5970",7016,1,154,1,121,123,128
"5971",7218,1,14234,1,120,122,128
"5972",7390,1,13723,1,117,120,124
"5973",7635,1,8228,1,119,120,126
"5974",7842,1,5821,1,121,122,127
"5975",7865,1,14334,1,117,119,124
"5976",8491,1,159,1,121,123,130
"5977",8838,1,14112,1,120,122,127
"5978",8984,1,478,1,119,122,128
"5979",9022,1,5249,1,117,119,124
"5980",9209,1,14422,1,119,121,126
"5981",9254,1,1561,1,117,119,124
"5982",9281,1,4277,1,114,117,124
"5983",9556,1,3546,1,117,121,128
"5984",9670,1,6424,1,120,122,128
"5985",9709,1,9629,1,119,122,126
"5986",9923,1,11112,1,119,121,129
"5987",10482,1,5081,1,117,120,124
"5988",10681,1,8765,1,116,117,124
"5989",10839,1,14387,1,120,121,128
"5990",10923,1,1658,1,120,122,126
"5991",11024,1,3225,1,118,122,129
"5992",11490,1,9713,1,120,122,126
"5993",11551,1,13745,1,118,119,124
"5994",11709,1,12521,1,115,117,124
"5995",11822,1,1642,1,118,120,124
"5996",11852,1,4181,1,116,119,125
"5997",11890,1,10879,1,117,120,125
"5998",12090,1,3862,1,119,122,128
"5999",12148,1,9870,1,118,120,126
"6000",12566,1,12877,1,118,120,125
"6001",12644,1,746,1,116,118,124
"6002",12902,1,510,1,115,118,124
"6003",13017,1,2528,1,115,119,124
"6004",13145,1,2605,1,118,122,126
"6005",13208,1,13180,1,115,119,124
"6006",13627,1,6152,1,121,123,126
"6007",13683,1,5718,1,120,122,127
"6008",13995,1,1013,1,121,123,128
"6009",14197,1,792,1,120,122,127
"6010",14284,1,8692,1,119,121,125
"6011",14353,1,14176,1,121,123,129
"6012",120,1,7464,1,123,124,130
"6013",279,1,11809,1,116,118,126
"6014",322,1,5081,1,117,119,125
"6015",407,1,12551,1,118,120,125
"6016",594,1,10648,1,118,121,125
"6017",644,1,9311,1,119,122,128
"6018",1704,1,7232,1,121,124,129
"6019",2009,1,2053,1,121,122,127
"6020",2108,1,10670,1,120,123,127
"6021",2205,1,7781,1,121,123,128
"6022",2234,1,9213,1,118,122,128
"6023",2269,1,8879,1,117,120,125
"6024",2371,1,6086,1,122,123,130
"6025",2419,1,14314,1,116,117,125
"6026",2436,1,13017,1,120,121,127
"6027",2641,1,11781,1,120,122,127
"6028",3157,1,11809,1,117,120,125
"6029",3941,1,4051,1,117,122,127
"6030",4094,1,2062,1,119,121,128
"6031",4135,1,4963,1,120,121,126
"6032",4162,1,14176,1,121,124,126
"6033",4729,1,14234,1,120,122,127
"6034",4924,1,1560,1,123,124,129
"6035",5168,1,248,1,120,124,129
"6036",5556,1,10807,1,120,122,128
"6037",5892,1,13807,1,117,120,126
"6038",5904,1,4763,1,119,120,126
"6039",6375,1,8339,1,114,116,125
"6040",6387,1,732,1,118,123,129
"6041",6470,1,2058,1,118,121,125
"6042",6960,1,8282,1,121,124,129
"6043",7121,1,422,1,120,123,128
"6044",7473,1,1353,1,118,120,126
"6045",7477,1,478,1,120,122,129
"6046",7662,1,3819,1,117,119,126
"6047",7670,1,5919,1,122,124,130
"6048",7760,1,14112,1,119,122,129
"6049",7774,1,8384,1,122,124,128
"6050",8127,1,12170,1,119,122,128
"6051",8174,1,2349,1,122,124,131
"6052",8378,1,13892,1,122,123,127
"6053",9213,1,12979,1,115,117,125
"6054",9243,1,2045,1,119,120,125
"6055",9256,1,10015,1,120,122,127
"6056",9487,1,8569,1,122,124,131
"6057",9846,1,14070,1,121,122,127
"6058",9946,1,11112,1,118,120,125
"6059",10204,1,10670,1,120,122,127
"6060",10409,1,12571,1,118,121,126
"6061",10494,1,422,1,121,123,126
"6062",10532,1,10137,1,120,123,128
"6063",10782,1,11981,1,120,121,127
"6064",11329,1,10215,1,118,120,126
"6065",11586,1,1995,1,123,124,128
"6066",11653,1,8071,1,121,123,128
"6067",11800,1,4380,1,122,124,129
"6068",11883,1,2526,1,114,116,125
"6069",12342,1,12708,1,120,122,127
"6070",12350,1,8765,1,116,120,125
"6071",13033,1,12286,1,118,120,126
"6072",13112,1,6596,1,120,123,129
"6073",13267,1,14387,1,120,121,125
"6074",13349,1,11935,1,120,121,125
"6075",13902,1,13696,1,118,121,127
"6076",14008,1,7877,1,122,124,128
"6077",14057,1,4387,1,122,124,130
"6078",14176,1,13889,1,119,120,126
"6079",14317,1,4558,1,119,120,125
"6080",14387,1,10457,1,117,119,125
"6081",14406,1,14371,1,121,123,126
"6082",200,1,3745,1,121,123,128
"6083",232,1,8879,1,117,119,126
"6084",365,1,9287,1,121,122,127
"6085",482,1,6470,1,122,123,128
"6086",606,1,12271,1,124,125,130
"6087",682,1,13017,1,120,123,127
"6088",959,1,5630,1,120,121,126
"6089",1064,1,3745,1,121,122,128
"6090",1341,1,3125,1,120,122,127
"6091",1560,1,1618,1,121,122,127
"6092",1647,1,3222,1,122,123,129
"6093",1842,1,13842,1,119,121,129
"6094",2168,1,6904,1,122,124,129
"6095",2266,1,2272,1,120,121,127
"6096",2524,1,12493,1,119,120,126
"6097",2711,1,7064,1,118,120,126
"6098",2728,1,7473,1,121,124,130
"6099",2761,1,9243,1,122,123,129
"6100",2993,1,2127,1,118,120,126
"6101",3039,1,876,1,118,120,126
"6102",4651,1,9972,1,120,122,127
"6103",4671,1,1120,1,119,121,127
"6104",4949,1,12551,1,119,121,127
"6105",4962,1,3157,1,121,125,129
"6106",5056,1,3473,1,120,123,126
"6107",5068,1,6608,1,124,125,130
"6108",5094,1,2269,1,121,124,130
"6109",5238,1,7747,1,119,122,127
"6110",5577,1,11475,1,122,125,131
"6111",5779,1,360,1,122,123,128
"6112",5919,1,11594,1,120,121,127
"6113",6049,1,1710,1,118,120,126
"6114",6377,1,679,1,121,123,130
"6115",6465,1,9577,1,118,121,127
"6116",6748,1,6855,1,120,123,128
"6117",7153,1,11845,1,123,125,130
"6118",7164,1,3047,1,122,125,130
"6119",7440,1,10853,1,121,124,131
"6120",7502,1,11739,1,121,123,128
"6121",7566,1,8282,1,120,124,128
"6122",7642,1,7372,1,121,122,126
"6123",8023,1,1601,1,122,124,130
"6124",8031,1,10015,1,120,124,130
"6125",8482,1,13610,1,118,120,126
"6126",8513,1,2764,1,119,121,126
"6127",8630,1,11982,1,119,121,126
"6128",8774,1,5513,1,119,121,126
"6129",8786,1,4479,1,120,124,128
"6130",8812,1,14095,1,118,121,127
"6131",9172,1,2889,1,121,123,128
"6132",9217,1,3690,1,122,123,129
"6133",9872,1,4079,1,121,123,129
"6134",10259,1,9280,1,120,122,127
"6135",10328,1,2419,1,119,125,130
"6136",10362,1,13494,1,118,120,126
"6137",10857,1,5556,1,124,125,130
"6138",10860,1,13112,1,124,125,129
"6139",11002,1,8513,1,122,123,129
"6140",11105,1,9243,1,121,125,129
"6141",11294,1,12183,1,124,125,129
"6142",11374,1,2257,1,123,124,131
"6143",11845,1,2274,1,120,121,126
"6144",12139,1,6103,1,116,117,126
"6145",12574,1,7865,1,120,122,127
"6146",13608,1,12113,1,120,121,126
"6147",13892,1,5081,1,118,120,126
"6148",13930,1,3293,1,121,122,129
"6149",14045,1,6703,1,122,124,130
"6150",14080,1,14395,1,120,122,127
"6151",14333,1,7760,1,123,125,129
"6152",14453,1,826,1,123,125,130
"6153",141,1,9260,1,120,121,127
"6154",353,1,9172,1,124,125,131
"6155",630,1,7642,1,124,126,132
"6156",1497,1,7760,1,124,126,132
"6157",2563,1,9762,1,120,122,128
"6158",2566,1,7582,1,121,122,128
"6159",2587,1,4387,1,122,124,129
"6160",2647,1,7971,1,119,121,129
"6161",2924,1,6470,1,124,125,130
"6162",2947,1,6158,1,124,125,129
"6163",3174,1,2822,1,122,124,130
"6164",3305,1,5726,1,121,122,127
"6165",3693,1,1298,1,123,126,131
"6166",3929,1,12902,1,121,123,129
"6167",4511,1,6424,1,121,123,128
"6168",4512,1,11824,1,117,119,127
"6169",4901,1,5236,1,121,122,127
"6170",4938,1,9213,1,121,126,131
"6171",4944,1,12919,1,117,119,127
"6172",5413,1,5779,1,124,126,133
"6173",5493,1,10807,1,119,120,127
"6174",5725,1,4426,1,123,125,130
"6175",6161,1,14255,1,121,124,129
"6176",6549,1,6496,1,123,125,130
"6177",6608,1,4931,1,121,123,129
"6178",6678,1,12350,1,122,123,128
"6179",6729,1,11094,1,123,125,132
"6180",7163,1,6447,1,122,124,131
"6181",7194,1,14353,1,124,126,130
"6182",7444,1,8482,1,122,123,129
"6183",7895,1,2266,1,123,125,130
"6184",8065,1,14284,1,123,125,130
"6185",8309,1,9034,1,121,124,132
"6186",8445,1,11414,1,121,125,130
"6187",8727,1,2102,1,120,124,129
"6188",8801,1,3336,1,123,125,129
"6189",9328,1,11137,1,121,123,127
"6190",9494,1,14070,1,122,124,129
"6191",9776,1,2009,1,123,124,130
"6192",10291,1,8378,1,125,126,131
"6193",10579,1,3677,1,119,121,128
"6194",10606,1,6205,1,121,124,128
"6195",10934,1,8812,1,123,125,130
"6196",11094,1,6588,1,120,123,128
"6197",12106,1,3738,1,121,122,128
"6198",12599,1,2349,1,122,124,128
"6199",13634,1,3214,1,117,121,127
"6200",13761,1,6387,1,124,126,132
"6201",14332,1,7459,1,120,123,129
"6202",206,1,10726,1,122,124,128
"6203",1110,1,14455,1,121,124,131
"6204",1394,1,12646,1,124,126,132
"6205",1477,1,7582,1,122,125,132
"6206",1492,1,2272,1,119,122,129
"6207",1511,1,5177,1,124,126,130
"6208",1641,1,13851,1,121,123,129
"6209",1964,1,13851,1,120,122,129
"6210",2030,1,14070,1,122,124,130
"6211",2150,1,8727,1,125,126,132
"6212",2235,1,6928,1,126,127,131
"6213",2246,1,6889,1,120,124,130
"6214",2718,1,4058,1,119,124,128
"6215",3336,1,7245,1,120,122,128
"6216",3454,1,4739,1,122,124,129
"6217",3644,1,7159,1,122,124,128
"6218",3983,1,6103,1,117,120,128
"6219",4238,1,1847,1,121,123,130
"6220",4387,1,6596,1,119,121,128
"6221",4580,1,8228,1,119,121,128
"6222",4590,1,11374,1,125,127,132
"6223",4617,1,6377,1,124,127,131
"6224",4637,1,4739,1,123,125,131
"6225",4719,1,10837,1,120,122,129
"6226",5102,1,5238,1,124,127,133
"6227",5211,1,2721,1,124,126,132
"6228",5214,1,13067,1,124,127,133
"6229",5530,1,11024,1,126,127,133
"6230",5581,1,8071,1,121,124,129
"6231",5807,1,4512,1,121,124,129
"6232",5974,1,763,1,125,127,132
"6233",5983,1,11094,1,124,126,133
"6234",6135,1,11845,1,123,125,132
"6235",6432,1,8669,1,122,123,128
"6236",6569,1,3305,1,123,124,129
"6237",6702,1,13033,1,121,122,128
"6238",6928,1,11024,1,123,125,131
"6239",7189,1,2723,1,119,121,128
"6240",7309,1,8984,1,123,124,130
"6241",7856,1,4739,1,123,127,133
"6242",7909,1,9923,1,123,126,132
"6243",8418,1,4901,1,124,125,130
"6244",8534,1,5238,1,124,126,132
"6245",8930,1,5493,1,121,124,128
"6246",8963,1,12090,1,123,125,130
"6247",9145,1,3216,1,123,125,129
"6248",9197,1,13145,1,123,126,132
"6249",9728,1,6489,1,122,124,130
"6250",9842,1,6024,1,123,127,132
"6251",9903,1,11475,1,122,124,128
"6252",10004,1,2889,1,125,126,132
"6253",10072,1,11002,1,124,125,132
"6254",10368,1,482,1,123,124,128
"6255",10748,1,1341,1,123,125,130
"6256",11436,1,8282,1,119,121,128
"6257",12271,1,3846,1,121,123,129
"6258",12325,1,10368,1,125,126,130
"6259",12646,1,2710,1,121,123,130
"6260",12924,1,8822,1,119,122,129
"6261",13067,1,1450,1,120,123,129
"6262",13318,1,9846,1,124,125,130
"6263",14288,1,11400,1,120,123,129
"6264",14299,1,6904,1,121,124,129
"6265",165,1,482,1,125,128,134
"6266",701,1,13995,1,124,125,131
"6267",763,1,5556,1,123,124,129
"6268",802,1,1618,1,122,124,130
"6269",808,1,1394,1,127,128,132
"6270",1049,1,12342,1,123,125,132
"6271",1473,1,9903,1,125,127,131
"6272",1619,1,11490,1,123,124,130
"6273",1655,1,9709,1,124,125,131
"6274",1735,1,6523,1,120,124,130
"6275",1906,1,5386,1,122,124,129
"6276",2203,1,11436,1,122,124,129
"6277",2257,1,5236,1,121,123,130
"6278",2396,1,14422,1,121,124,130
"6279",2842,1,1492,1,123,125,129
"6280",2858,1,4238,1,124,125,130
"6281",2944,1,7241,1,119,122,129
"6282",3366,1,4094,1,125,127,132
"6283",3466,1,9556,1,122,124,129
"6284",3606,1,14004,1,121,125,130
"6285",5177,1,12644,1,119,122,129
"6286",5282,1,6377,1,125,127,131
"6287",5569,1,7502,1,124,126,133
"6288",5620,1,7241,1,120,124,130
"6289",5787,1,7016,1,125,126,132
"6290",6343,1,14057,1,124,125,131
"6291",6431,1,2257,1,124,128,134
"6292",6524,1,12901,1,126,127,131
"6293",6817,1,9256,1,124,127,131
"6294",7076,1,3941,1,124,125,130
"6295",7183,1,14387,1,120,124,129
"6296",7360,1,9209,1,123,125,130
"6297",7383,1,7813,1,123,126,130
"6298",7710,1,4580,1,122,124,130
"6299",7975,1,3557,1,126,128,134
"6300",8238,1,10836,1,120,122,129
"6301",8250,1,7016,1,125,126,132
"6302",8351,1,1704,1,126,127,132
"6303",8366,1,2103,1,126,128,134
"6304",9054,1,9858,1,127,128,131
"6305",9398,1,6158,1,122,125,129
"6306",9540,1,2246,1,127,128,135
"6307",9542,1,2257,1,125,127,133
"6308",9656,1,7642,1,123,126,130
"6309",9730,1,4228,1,124,126,132
"6310",9977,1,9709,1,123,126,129
"6311",10074,1,5386,1,124,127,134
"6312",10150,1,4511,1,124,125,130
"6313",10427,1,9846,1,123,126,132
"6314",10453,1,10427,1,126,128,134
"6315",10523,1,11436,1,123,125,131
"6316",10725,1,11709,1,118,121,129
"6317",11009,1,5632,1,123,126,131
"6318",11058,1,5056,1,125,127,131
"6319",11242,1,14353,1,125,127,130
"6320",11270,1,7502,1,125,127,133
"6321",11504,1,3738,1,121,123,129
"6322",12901,1,9709,1,122,124,129
"6323",13270,1,2108,1,124,126,132
"6324",13411,1,7218,1,123,125,129
"6325",14054,1,10725,1,123,125,131
"6326",14183,1,4739,1,122,124,130
"6327",14424,1,154,1,120,125,130
"6328",203,1,2234,1,124,127,131
"6329",251,1,5214,1,128,129,135
"6330",667,1,6960,1,126,128,134
"6331",1424,1,6363,1,127,129,136
"6332",1429,1,14057,1,126,127,131
"6333",1991,1,12106,1,124,129,135
"6334",2103,1,2038,1,124,126,133
"6335",2578,1,13627,1,124,126,131
"6336",3147,1,1306,1,123,126,130
"6337",3382,1,4580,1,124,126,133
"6338",3557,1,11739,1,123,125,132
"6339",4156,1,9946,1,123,124,131
"6340",4353,1,1995,1,123,125,131
"6341",4424,1,11009,1,126,128,133
"6342",4442,1,12924,1,124,127,132
"6343",5270,1,6703,1,123,125,130
"6344",5632,1,12644,1,119,121,130
"6345",5680,1,7444,1,125,128,133
"6346",6463,1,2647,1,122,124,130
"6347",6871,1,11024,1,125,127,132
"6348",6888,1,482,1,125,126,134
"6349",6967,1,3147,1,127,129,135
"6350",7446,1,2038,1,122,126,136
"6351",7492,1,8174,1,127,129,133
"6352",8194,1,1668,1,122,126,130
"6353",8833,1,9846,1,123,124,131
"6354",9304,1,826,1,123,126,131
"6355",9410,1,4931,1,120,123,130
"6356",9735,1,5901,1,127,129,135
"6357",10297,1,7153,1,126,129,133
"6358",10354,1,2150,1,126,127,132
"6359",10655,1,4353,1,126,128,134
"6360",10983,1,10494,1,124,127,131
"6361",11849,1,4426,1,122,126,130
"6362",11918,1,2269,1,123,125,132
"6363",12596,1,14008,1,126,128,132
"6364",12883,1,3454,1,125,128,132
"6365",13011,1,3466,1,125,127,131
"6366",13204,1,1013,1,121,124,131
"6367",13275,1,9730,1,128,129,134
"6368",13563,1,5951,1,121,123,130
"6369",13753,1,14395,1,121,124,131
"6370",13814,1,2563,1,125,127,133
"6371",13982,1,6432,1,125,127,133
"6372",14084,1,14333,1,126,128,132
"6373",14086,1,2234,1,124,127,133
"6374",14093,1,7670,1,124,126,131
"6375",357,1,14008,1,125,126,131
"6376",543,1,13204,1,126,128,135
"6377",634,1,826,1,126,129,135
"6378",771,1,11490,1,123,124,132
"6379",2084,1,3601,1,127,129,134
"6380",2557,1,3382,1,127,129,134
"6381",2576,1,14332,1,125,128,133
"6382",2673,1,8351,1,128,129,135
"6383",3379,1,13864,1,126,130,136
"6384",3393,1,8833,1,125,127,134
"6385",3433,1,13995,1,124,128,135
"6386",3614,1,6385,1,127,128,132
"6387",4489,1,10934,1,126,127,133
"6388",4981,1,10606,1,125,129,134
"6389",5072,1,3147,1,127,128,134
"6390",5360,1,1511,1,127,128,132
"6391",5390,1,10427,1,126,128,133
"6392",5963,1,7842,1,124,125,131
"6393",6232,1,13703,1,122,125,133
"6394",6415,1,1341,1,123,125,135
"6395",6527,1,11653,1,124,126,133
"6396",6675,1,6363,1,126,128,133
"6397",6907,1,2947,1,126,128,133
"6398",7058,1,2728,1,125,128,134
"6399",7578,1,3147,1,126,128,131
"6400",7816,1,3039,1,122,124,131
"6401",7923,1,5803,1,128,130,135
"6402",7954,1,4162,1,125,127,132
"6403",8945,1,5056,1,123,128,133
"6404",9100,1,8963,1,128,129,135
"6405",9405,1,14333,1,127,128,133
"6406",9726,1,10934,1,125,127,134
"6407",9810,1,8418,1,126,128,133
"6408",9858,1,11739,1,122,126,131
"6409",9894,1,6232,1,126,128,135
"6410",10117,1,2051,1,125,129,136
"6411",10315,1,5901,1,127,128,133
"6412",10334,1,8833,1,126,129,136
"6413",10918,1,9054,1,128,130,134
"6414",11014,1,9304,1,128,129,134
"6415",11363,1,1935,1,128,129,133
"6416",11425,1,5211,1,128,130,134
"6417",11724,1,5901,1,127,130,136
"6418",12803,1,6463,1,128,129,135
"6419",12969,1,2203,1,125,127,132
"6420",13157,1,8833,1,127,128,133
"6421",13864,1,11504,1,124,125,132
"6422",13984,1,12646,1,123,125,133
"6423",13998,1,357,1,127,129,136
"6424",170,1,2235,1,129,131,136
"6425",563,1,5168,1,124,125,132
"6426",1487,1,7566,1,125,128,134
"6427",1935,1,12090,1,125,127,134
"6428",2408,1,9217,1,125,127,134
"6429",2484,1,6377,1,125,128,134
"6430",2623,1,7076,1,129,131,137
"6431",2664,1,4617,1,129,131,136
"6432",2756,1,10923,1,124,128,132
"6433",3601,1,6703,1,122,126,132
"6434",3660,1,5787,1,128,130,135
"6435",3751,1,7710,1,126,131,137
"6436",4301,1,5803,1,127,128,133
"6437",4316,1,6729,1,126,128,133
"6438",4669,1,8833,1,125,128,133
"6439",4953,1,3305,1,123,125,132
"6440",5036,1,10334,1,129,131,135
"6441",5217,1,2371,1,124,125,132
"6442",5414,1,14045,1,127,129,134
"6443",5709,1,2005,1,129,131,136
"6444",5803,1,9776,1,126,127,133
"6445",5901,1,5238,1,124,126,132
"6446",5921,1,6675,1,129,131,137
"6447",6273,1,5168,1,126,128,132
"6448",6363,1,2108,1,124,126,132
"6449",6385,1,2051,1,124,125,132
"6450",6501,1,10860,1,126,127,132
"6451",6786,1,9398,1,126,127,132
"6452",7418,1,2578,1,127,129,136
"6453",7924,1,7909,1,127,128,132
"6454",8394,1,2203,1,126,129,136
"6455",8619,1,8963,1,126,129,137
"6456",8877,1,9728,1,129,131,135
"6457",8923,1,2842,1,127,128,135
"6458",9075,1,8309,1,124,128,133
"6459",9090,1,5068,1,127,128,132
"6460",10007,1,3393,1,128,129,134
"6461",10455,1,13845,1,128,130,134
"6462",10663,1,8513,1,125,126,132
"6463",11192,1,11849,1,127,129,136
"6464",11196,1,2246,1,125,127,132
"6465",11273,1,5360,1,129,131,135
"6466",11480,1,5217,1,126,128,132
"6467",12330,1,3557,1,127,129,136
"6468",12625,1,2587,1,126,127,132
"6469",12817,1,9728,1,126,127,133
"6470",12827,1,5211,1,127,129,135
"6471",13117,1,2194,1,129,131,136
"6472",13241,1,7444,1,126,128,133
"6473",13367,1,14057,1,126,131,137
"6474",13470,1,14054,1,125,127,134
"6475",13787,1,8065,1,126,128,133
"6476",13868,1,8534,1,127,130,134
"6477",49,1,11270,1,128,130,134
"6478",520,1,5680,1,129,132,139
"6479",564,1,13011,1,129,131,139
"6480",1296,1,6158,1,125,127,133
"6481",1722,1,9728,1,127,129,134
"6482",1890,1,8619,1,130,132,136
"6483",2005,1,4238,1,125,127,133
"6484",2194,1,9494,1,125,127,134
"6485",2965,1,4719,1,124,127,134
"6486",3078,1,10204,1,124,128,133
"6487",3165,1,10046,1,130,132,139
"6488",3263,1,7578,1,130,132,138
"6489",3541,1,6524,1,128,129,134
"6490",3578,1,10291,1,127,129,135
"6491",4170,1,11671,1,129,130,136
"6492",4393,1,10072,1,126,129,133
"6493",5049,1,12817,1,129,130,135
"6494",5076,1,5569,1,126,131,137
"6495",5148,1,14333,1,126,129,133
"6496",5244,1,7895,1,126,130,136
"6497",5450,1,8984,1,125,127,133
"6498",6101,1,6524,1,129,131,136
"6499",6156,1,8378,1,124,126,133
"6500",6323,1,7163,1,126,128,133
"6501",6520,1,8337,1,130,131,140
"6502",6618,1,10427,1,126,127,133
"6503",6629,1,7954,1,130,131,137
"6504",7200,1,14057,1,128,131,138
"6505",7242,1,2030,1,127,129,134
"6506",7261,1,2578,1,127,129,134
"6507",7645,1,9109,1,129,132,138
"6508",7678,1,6928,1,127,128,135
"6509",8337,1,9109,1,129,130,136
"6510",8343,1,2711,1,123,127,133
"6511",8541,1,6928,1,125,128,133
"6512",8766,1,630,1,129,131,136
"6513",9005,1,7183,1,126,128,134
"6514",9109,1,2150,1,126,128,135
"6515",9780,1,5787,1,126,128,134
"6516",9852,1,2924,1,126,129,136
"6517",9899,1,6232,1,128,131,137
"6518",10087,1,2005,1,128,130,133
"6519",10548,1,11002,1,125,127,134
"6520",10866,1,7383,1,127,129,137
"6521",11099,1,13470,1,129,132,138
"6522",11303,1,9075,1,130,132,137
"6523",11478,1,10663,1,127,128,135
"6524",11921,1,13887,1,130,132,137
"6525",11952,1,6385,1,126,129,134
"6526",12006,1,1964,1,125,130,135
"6527",12058,1,10368,1,126,129,134
"6528",13845,1,11294,1,126,127,133
"6529",13887,1,8250,1,128,129,134
"6530",396,1,10427,1,127,128,134
"6531",743,1,3541,1,131,132,135
"6532",1061,1,14099,1,130,133,138
"6533",1279,1,11478,1,129,131,137
"6534",1870,1,9405,1,131,132,138
"6535",3123,1,6156,1,127,130,136
"6536",3604,1,3932,1,131,132,138
"6537",3897,1,13787,1,129,133,137
"6538",3932,1,8541,1,128,130,138
"6539",3944,1,11671,1,129,130,135
"6540",4164,1,14093,1,126,130,138
"6541",4744,1,4094,1,127,130,134
"6542",5395,1,13537,1,129,131,135
"6543",6874,1,7923,1,131,133,141
"6544",8651,1,12365,1,131,132,136
"6545",9555,1,13814,1,129,130,135
"6546",9979,1,9075,1,129,130,134
"6547",10046,1,4156,1,127,129,134
"6548",10155,1,667,1,130,131,135
"6549",10301,1,6527,1,127,129,135
"6550",10550,1,10748,1,127,129,134
"6551",10984,1,6967,1,129,131,136
"6552",11262,1,1497,1,128,131,135
"6553",11671,1,10150,1,126,127,134
"6554",11834,1,5974,1,128,129,136
"6555",12009,1,7446,1,127,129,134
"6556",12201,1,6928,1,127,128,134
"6557",13537,1,1711,1,125,127,135
"6558",13685,1,2030,1,128,129,134
"6559",13843,1,12330,1,130,131,137
"6560",14099,1,9656,1,127,129,137
"6561",812,1,12330,1,131,133,139
"6562",1133,1,4981,1,130,132,135
"6563",1375,1,13948,1,131,134,138
"6564",2095,1,8343,1,128,131,139
"6565",3051,1,4301,1,130,131,136
"6566",3060,1,6431,1,131,132,138
"6567",3720,1,9109,1,129,132,137
"6568",6241,1,12201,1,129,131,137
"6569",6590,1,5102,1,129,130,135
"6570",6869,1,12817,1,130,132,137
"6571",7269,1,8414,1,130,131,136
"6572",8414,1,4953,1,126,129,135
"6573",8726,1,1487,1,129,131,136
"6574",8785,1,11945,1,132,134,139
"6575",8853,1,9542,1,129,131,135
"6576",8965,1,10007,1,131,133,137
"6577",9404,1,6618,1,128,131,136
"6578",9698,1,8923,1,130,132,138
"6579",10397,1,4511,1,125,129,137
"6580",10657,1,7492,1,131,134,137
"6581",11187,1,4590,1,128,131,136
"6582",11962,1,6675,1,130,132,138
"6583",11989,1,11196,1,128,129,136
"6584",12164,1,6675,1,131,132,137
"6585",12365,1,3693,1,128,130,135
"6586",12445,1,7578,1,129,134,140
"6587",12755,1,10453,1,129,131,136
"6588",12903,1,11478,1,129,133,140
"6589",13071,1,4744,1,131,134,139
"6590",13214,1,11834,1,130,132,137
"6591",13333,1,808,1,129,131,138
"6592",13334,1,2235,1,128,130,136
"6593",13388,1,2095,1,133,134,141
"6594",13506,1,49,1,132,133,138
"6595",13838,1,5390,1,130,132,138
"6596",13886,1,9979,1,131,132,139
"6597",13951,1,5577,1,126,130,137
"6598",890,1,9894,1,132,134,138
"6599",1017,1,11425,1,131,133,137
"6600",1365,1,9090,1,128,132,138
"6601",1430,1,9735,1,133,135,140
"6602",2511,1,6273,1,129,132,137
"6603",2543,1,13868,1,131,133,137
"6604",2726,1,1133,1,133,135,141
"6605",3065,1,6524,1,128,129,138
"6606",3313,1,7058,1,129,131,137
"6607",3371,1,4938,1,128,129,136
"6608",3628,1,7242,1,130,132,137
"6609",3646,1,10046,1,130,132,138
"6610",4350,1,13241,1,132,133,138
"6611",4357,1,10984,1,132,134,139
"6612",6864,1,4669,1,129,131,137
"6613",7739,1,2543,1,134,135,141
"6614",8079,1,5270,1,128,131,136
"6615",8969,1,11724,1,131,134,139
"6616",8975,1,7242,1,130,135,140
"6617",9023,1,8343,1,128,132,137
"6618",9343,1,10866,1,130,132,138
"6619",10211,1,3646,1,133,135,140
"6620",10536,1,11192,1,130,131,138
"6621",10626,1,7261,1,131,133,137
"6622",11501,1,3932,1,131,132,138
"6623",11929,1,3604,1,134,135,139
"6624",11945,1,3601,1,128,131,140
"6625",12031,1,10354,1,129,132,138
"6626",12754,1,4170,1,132,134,139
"6627",12788,1,12009,1,132,133,138
"6628",12859,1,4442,1,128,131,137
"6629",12936,1,8801,1,126,131,136
"6630",13018,1,11058,1,129,131,137
"6631",13221,1,13838,1,132,134,139
"6632",13948,1,9858,1,128,130,136
"6633",415,1,12006,1,132,134,138
"6634",612,1,2850,1,133,134,141
"6635",766,1,12903,1,135,136,140
"6636",851,1,8337,1,132,135,141
"6637",1237,1,13948,1,131,132,137
"6638",1314,1,8766,1,133,135,141
"6639",1332,1,5270,1,128,130,137
"6640",2503,1,12936,1,133,136,142
"6641",2850,1,3379,1,131,132,137
"6642",3278,1,4744,1,132,135,141
"6643",4344,1,2673,1,131,134,141
"6644",4743,1,11187,1,132,134,139
"6645",5498,1,9555,1,131,133,138
"6646",6554,1,1375,1,135,136,141
"6647",6624,1,49,1,132,135,142
"6648",7471,1,4164,1,131,133,137
"6649",7872,1,4164,1,131,132,138
"6650",8574,1,9698,1,133,135,140
"6651",8904,1,3263,1,132,134,140
"6652",10438,1,10397,1,132,135,138
"6653",10779,1,11962,1,133,136,141
"6654",10824,1,6967,1,130,131,137
"6655",11291,1,13886,1,133,135,143
"6656",12711,1,11363,1,130,132,139
"6657",13184,1,1332,1,131,132,138
"6658",13335,1,3065,1,131,133,139
"6659",14020,1,13388,1,135,136,141
"6660",14260,1,12006,1,131,135,140
"6661",1188,1,4617,1,130,132,138
"6662",2223,1,2095,1,131,133,139
"6663",2403,1,10866,1,129,133,139
"6664",3558,1,10918,1,131,133,139
"6665",3728,1,11921,1,135,137,141
"6666",3964,1,1890,1,132,134,139
"6667",4061,1,9894,1,129,131,138
"6668",5426,1,11273,1,132,133,138
"6669",6014,1,3628,1,133,135,139
"6670",7339,1,5244,1,132,134,138
"6671",8287,1,3165,1,134,137,141
"6672",8330,1,5244,1,131,133,139
"6673",9165,1,12755,1,134,137,142
"6674",9544,1,12006,1,132,134,140
"6675",9785,1,5921,1,132,137,141
"6676",10212,1,5395,1,133,136,139
"6677",10900,1,12006,1,132,134,141
"6678",10924,1,5426,1,134,137,143
"6679",11609,1,3720,1,134,136,140
"6680",11936,1,4357,1,134,135,139
"6681",11944,1,5076,1,132,137,142
"6682",12289,1,13868,1,133,135,139
"6683",969,1,1935,1,132,134,139
"6684",1330,1,7787,1,137,138,144
"6685",1626,1,8785,1,136,138,142
"6686",1811,1,2850,1,135,136,142
"6687",2703,1,766,1,137,138,147
"6688",3306,1,11113,1,137,138,143
"6689",3877,1,3897,1,134,135,140
"6690",5486,1,3278,1,135,137,142
"6691",5583,1,3558,1,135,137,144
"6692",6042,1,3604,1,133,135,139
"6693",6169,1,7746,1,136,137,143
"6694",7029,1,3646,1,134,138,143
"6695",7787,1,969,1,135,136,141
"6696",8602,1,5444,1,136,137,142
"6697",8909,1,8965,1,134,137,141
"6698",9044,1,5244,1,131,134,139
"6699",9130,1,3877,1,136,138,144
"6700",9869,1,7923,1,132,136,142
"6701",10033,1,1934,1,136,138,144
"6702",10090,1,6101,1,132,134,139
"6703",11131,1,8651,1,133,135,140
"6704",11373,1,10297,1,130,133,139
"6705",11887,1,812,1,135,137,142
"6706",1830,1,2726,1,136,139,143
"6707",4395,1,13951,1,133,135,142
"6708",4917,1,4357,1,135,136,142
"6709",5091,1,13184,1,133,135,141
"6710",5181,1,1279,1,132,134,140
"6711",5226,1,11291,1,136,139,144
"6712",5385,1,8337,1,131,134,141
"6713",5444,1,12445,1,135,136,141
"6714",6664,1,6014,1,135,137,141
"6715",6669,1,11187,1,132,134,142
"6716",8934,1,11609,1,137,139,145
"6717",9140,1,612,1,135,137,142
"6718",9200,1,13221,1,136,139,144
"6719",9468,1,12809,1,135,137,143
"6720",9884,1,10626,1,136,137,142
"6721",10564,1,9979,1,131,133,140
"6722",11321,1,12289,1,136,137,142
"6723",11379,1,5049,1,131,134,141
"6724",12809,1,2673,1,131,133,141
"6725",13161,1,1811,1,137,139,146
"6726",306,1,10779,1,137,138,143
"6727",1880,1,12788,1,135,137,141
"6728",3188,1,7739,1,136,138,145
"6729",3502,1,11131,1,137,138,143
"6730",3510,1,12445,1,135,137,144
"6731",3678,1,8965,1,134,138,144
"6732",3935,1,10779,1,137,140,145
"6733",4624,1,11379,1,134,135,142
"6734",4923,1,4841,1,136,137,142
"6735",7551,1,273,1,139,140,145
"6736",7746,1,7645,1,134,135,141
"6737",7750,1,6664,1,139,140,146
"6738",8549,1,13998,1,133,135,141
"6739",8648,1,9056,1,138,140,146
"6740",8713,1,11303,1,134,137,142
"6741",10111,1,13948,1,131,135,142
"6742",10594,1,1934,1,137,140,144
"6743",11387,1,7645,1,134,137,142
"6744",11794,1,11113,1,137,139,143
"6745",12028,1,4917,1,137,140,147
"6746",12121,1,812,1,134,137,141
"6747",13062,1,8975,1,138,139,143
"6748",14484,1,8795,1,136,137,142
"6749",273,1,5498,1,136,138,142
"6750",1934,1,2664,1,134,136,143
"6751",2191,1,9056,1,138,141,145
"6752",2325,1,3877,1,136,138,143
"6753",2434,1,3584,1,137,138,142
"6754",3481,1,306,1,138,141,146
"6755",3552,1,9544,1,136,138,143
"6756",3584,1,12164,1,134,136,142
"6757",4070,1,2511,1,134,137,143
"6758",4841,1,13018,1,133,135,143
"6759",8772,1,11715,1,137,138,143
"6760",8795,1,520,1,133,136,143
"6761",8862,1,2395,1,139,141,147
"6762",9259,1,1017,1,135,138,143
"6763",9359,1,5486,1,138,139,143
"6764",9863,1,8785,1,137,138,145
"6765",9942,1,8766,1,135,138,144
"6766",10254,1,1934,1,139,141,148
"6767",10734,1,4917,1,137,138,144
"6768",11130,1,8795,1,137,139,144
"6769",11715,1,11099,1,132,135,142
"6770",12104,1,8853,1,133,136,142
"6771",13853,1,812,1,135,139,143
"6772",2204,1,1365,1,134,137,143
"6773",2395,1,7746,1,136,139,143
"6774",4605,1,12755,1,133,137,143
"6775",6575,1,3502,1,139,141,146
"6776",7850,1,8975,1,138,139,145
"6777",10032,1,5226,1,139,141,149
"6778",10363,1,4923,1,138,139,146
"6779",10723,1,2434,1,139,140,146
"6780",11003,1,3306,1,139,141,146
"6781",11113,1,1017,1,134,136,143
"6782",11224,1,11113,1,138,139,144
"6783",11463,1,3877,1,137,138,144
"6784",11785,1,9884,1,139,140,145
"6785",12926,1,10033,1,139,141,147
"6786",335,1,5343,1,142,143,147
"6787",728,1,11131,1,139,140,146
"6788",2775,1,9869,1,137,141,147
"6789",3265,1,3678,1,139,140,145
"6790",4248,1,11794,1,140,143,147
"6791",5343,1,2726,1,139,141,145
"6792",5840,1,10438,1,136,139,144
"6793",6164,1,11130,1,140,141,147
"6794",7634,1,7750,1,142,143,149
"6795",8202,1,9056,1,138,141,148
"6796",8607,1,6169,1,138,140,145
"6797",9056,1,890,1,135,137,144
"6798",9511,1,1365,1,133,136,144
"6799",9579,1,9140,1,141,143,147
"6800",10609,1,10212,1,138,141,145
"6801",11783,1,9869,1,137,140,145
"6802",12552,1,3188,1,140,142,148
"6803",1065,1,2325,1,139,140,146
"6804",1478,1,11130,1,140,141,147
"6805",1612,1,3510,1,137,140,146
"6806",2088,1,624,1,142,144,152
"6807",2462,1,14171,1,141,142,145
"6808",2730,1,10032,1,142,143,148
"6809",3342,1,11794,1,140,142,147
"6810",3886,1,766,1,137,138,145
"6811",4117,1,9044,1,135,139,146
"6812",4685,1,7850,1,141,142,148
"6813",4690,1,1934,1,138,139,146
"6814",4799,1,11131,1,137,140,146
"6815",5825,1,851,1,140,143,148
"6816",6004,1,4799,1,141,143,148
"6817",6018,1,6014,1,136,138,145
"6818",7109,1,4685,1,143,144,148
"6819",7187,1,8202,1,143,144,149
"6820",7368,1,3728,1,138,140,146
"6821",7397,1,7750,1,142,143,147
"6822",8850,1,2403,1,135,138,145
"6823",8942,1,7630,1,143,144,150
"6824",9341,1,10734,1,139,140,145
"6825",10077,1,9511,1,138,140,146
"6826",10486,1,3188,1,138,141,146
"6827",10673,1,11113,1,138,140,145
"6828",12168,1,11609,1,136,138,145
"6829",12748,1,10734,1,141,143,148
"6830",12915,1,6164,1,143,144,148
"6831",13672,1,6664,1,138,140,146
"6832",14171,1,9884,1,139,140,146
"6833",277,1,8050,1,143,145,151
"6834",2803,1,7850,1,140,145,150
"6835",2921,1,11794,1,140,141,147
"6836",3282,1,2434,1,140,142,148
"6837",3698,1,624,1,142,145,150
"6838",4409,1,4117,1,140,143,148
"6839",4509,1,7630,1,143,144,148
"6840",6345,1,8602,1,138,142,146
"6841",6401,1,8648,1,141,144,149
"6842",7630,1,11130,1,140,142,149
"6843",8050,1,2395,1,139,142,149
"6844",8771,1,4799,1,141,144,147
"6845",9911,1,8602,1,139,141,146
"6846",11352,1,4117,1,142,145,149
"6847",12320,1,10673,1,141,142,148
"6848",12529,1,2921,1,141,142,146
"6849",13509,1,6624,1,137,140,146
"6850",14023,1,7368,1,141,143,149
"6851",14449,1,5226,1,140,141,146
"6852",624,1,6169,1,140,141,148
"6853",2368,1,3935,1,141,142,147
"6854",6578,1,3935,1,141,143,147
"6855",7676,1,335,1,144,146,152
"6856",8716,1,2395,1,140,143,147
"6857",9772,1,4917,1,137,138,147
"6858",10892,1,11794,1,142,143,150
"6859",11697,1,2368,1,144,145,151
"6860",828,1,9579,1,143,145,149
"6861",1566,1,9911,1,142,143,150
"6862",2360,1,10673,1,141,142,148
"6863",2896,1,7368,1,141,144,150
"6864",2966,1,13853,1,140,142,148
"6865",4618,1,2921,1,143,145,149
"6866",7789,1,14316,1,145,146,151
"6867",11011,1,14171,1,141,142,149
"6868",11803,1,8050,1,143,146,150
"6869",12263,1,1478,1,143,145,149
"6870",13570,1,2462,1,143,145,149
"6871",14316,1,10609,1,142,144,150
"6872",854,1,6401,1,146,147,152
"6873",7144,1,11266,1,145,148,152
"6874",11266,1,8713,1,141,144,151
"6875",11541,1,7634,1,145,147,151
"6876",11722,1,335,1,144,146,151
"6877",11844,1,728,1,142,145,151
"6878",12620,1,11224,1,140,143,149
"6879",12707,1,6575,1,143,144,152
"6880",13231,1,8607,1,142,144,150
"6881",2186,1,8202,1,143,147,152
"6882",4215,1,7789,1,148,149,153
"6883",5243,1,2730,1,145,146,151
"6884",6685,1,7634,1,143,147,153
"6885",9440,1,2088,1,146,147,151
"6886",9727,1,12320,1,145,148,152
"6887",12255,1,8607,1,143,145,151
"6888",12881,1,828,1,147,149,155
"6889",14244,1,2966,1,143,147,151
"6890",4313,1,10892,1,143,146,152
"6891",5712,1,828,1,146,148,153
"6892",5916,1,8952,1,148,150,155
"6893",7943,1,14316,1,145,148,154
"6894",8952,1,12320,1,143,147,153
"6895",9353,1,2462,1,143,145,152
"6896",10422,1,4313,1,148,149,155
"6897",10487,1,4248,1,143,145,152
"6898",11986,1,2896,1,145,148,153
"6899",13536,1,9440,1,149,150,155
"6900",958,1,2462,1,143,146,153
"6901",1493,1,7109,1,145,149,154
"6902",2506,1,5712,1,150,151,157
"6903",2780,1,1566,1,146,149,153
"6904",8932,1,14244,1,148,150,157
"6905",378,1,7634,1,146,149,159
"6906",1407,1,12707,1,145,148,154
"6907",1941,1,11697,1,149,151,155
"6908",2241,1,9440,1,147,148,153
"6909",3005,1,12255,1,148,149,154
"6910",3566,1,9353,1,146,149,154
"6911",5459,1,8952,1,148,149,156
"6912",5610,1,14244,1,148,152,157
"6913",6660,1,11844,1,148,150,153
"6914",7220,1,12255,1,146,148,154
"6915",7700,1,3698,1,145,147,153
"6916",9536,1,7368,1,143,146,154
"6917",9623,1,3005,1,150,152,159
"6918",11625,1,13231,1,147,148,156
"6919",11725,1,1493,1,150,151,160
"6920",13051,1,4313,1,147,149,153
"6921",547,1,6685,1,148,151,156
"6922",1779,1,7943,1,149,151,154
"6923",8998,1,9727,1,150,152,155
"6924",10593,1,828,1,147,151,156
"6925",13286,1,5916,1,151,153,157
"6926",14208,1,12881,1,150,152,156
"6927",14497,1,6685,1,149,150,157
"6928",963,1,9440,1,149,150,155
"6929",1427,1,5048,1,150,151,158
"6930",5048,1,11266,1,146,149,157
"6931",5782,1,2186,1,150,151,156
"6932",6016,1,5243,1,148,150,157
"6933",9351,1,11541,1,148,151,157
"6934",2907,1,7943,1,149,152,157
"6935",3161,1,2506,1,152,155,161
"6936",6235,1,5459,1,150,152,159
"6937",8043,1,9440,1,148,149,156
"6938",9557,1,10422,1,151,153,158
"6939",10276,1,6660,1,152,154,159
"6940",11004,1,8932,1,152,155,160
"6941",11469,1,14404,1,153,155,160
"6942",12171,1,378,1,150,151,156
"6943",29,1,11625,1,152,154,158
"6944",1194,1,9351,1,152,153,158
"6945",2518,1,10422,1,149,152,158
"6946",8760,1,5916,1,152,153,157
"6947",9569,1,13051,1,150,152,158
"6948",14404,1,11986,1,150,152,158
"6949",1241,1,6660,1,151,153,159
"6950",6368,1,2506,1,152,155,161
"6951",6996,1,29,1,154,155,161
"6952",7070,1,3566,1,152,154,161
"6953",11168,1,6235,1,153,156,160
"6954",12891,1,6368,1,156,157,163
"6955",13823,1,6235,1,153,154,161
"6956",409,1,6368,1,155,158,165
"6957",779,1,1779,1,152,156,161
"6958",2089,1,13286,1,154,156,161
"6959",11850,1,13536,1,154,157,162
"6960",13955,1,5782,1,152,155,160
"6961",6374,1,13286,1,154,156,162
"6962",7539,1,12891,1,157,160,164
"6963",8672,1,11469,1,156,158,167
"6964",11366,1,6016,1,151,154,161
"6965",12494,1,1241,1,154,157,161
"6966",2882,1,6235,1,155,156,162
"6967",2919,1,6368,1,156,158,165
"6968",8525,1,5610,1,154,156,163
"6969",9378,1,11366,1,155,157,162
"6970",11199,1,11366,1,155,157,163
"6971",791,1,779,1,158,160,165
"6972",1068,1,10929,1,160,162,168
"6973",1367,1,9557,1,154,156,164
"6974",5775,1,10929,1,160,161,166
"6975",7443,1,12494,1,158,161,169
"6976",14140,1,11199,1,158,160,165
"6977",14202,1,1241,1,158,160,166
"6978",5400,1,409,1,159,160,167
"6979",14381,1,7443,1,161,162,168
"6980",3094,1,7070,1,156,159,165
"6981",7191,1,11850,1,158,161,166
"6982",10346,1,7539,1,161,164,170
"6983",10929,1,1367,1,157,159,166
"6984",12008,1,409,1,159,161,165
"6985",7441,1,7191,1,162,163,167
"6986",7899,1,7191,1,162,163,166
"6987",14245,1,14202,1,161,162,169
"6988",5473,1,791,1,160,163,169
"6989",8305,1,5400,1,161,163,168
"6990",8593,1,6374,1,158,161,168
"6991",8827,1,409,1,161,163,169
"6992",8992,1,3094,1,160,162,167
"6993",10561,1,7191,1,162,163,168
"6994",14308,1,5775,1,163,165,173
"6995",9211,1,2919,1,161,163,168
"6996",5063,1,12008,1,162,166,171
"6997",12789,1,7191,1,162,167,172
"6998",661,1,8992,1,165,168,175
"6999",5966,1,8593,1,162,165,170
"7000",9973,1,12008,1,163,166,171
"7001",11448,1,8711,1,169,170,176
"7002",859,1,7443,1,166,169,174
"7003",4263,1,14245,1,166,167,172
"7004",8711,1,10346,1,166,168,173
"7005",10025,1,9876,1,169,171,175
"7006",11069,1,14245,1,163,166,172
"7007",13526,1,12789,1,169,171,178
"7008",9876,1,7191,1,164,167,175
"7009",11476,1,5966,1,166,171,175
"7010",231,1,13526,1,172,175,181
"7011",3980,1,859,1,170,172,178
"7012",13366,1,12474,1,173,175,179
"7013",1182,1,5219,1,173,175,180
"7014",12474,1,859,1,171,172,177
"7015",13639,1,1507,1,174,176,182
"7016",1507,1,3980,1,172,173,179
"7017",4538,1,3980,1,176,178,184
"7018",5219,1,859,1,172,173,180
"7019",8578,1,11448,1,171,172,180
"7020",10760,1,1182,1,176,177,181
"7021",10539,1,1507,1,178,179,185
"7022",3095,1,13366,1,176,178,184
"7023",11365,1,3095,1,179,182,187
"7024",8564,1,11365,1,182,183,189
"7025",10338,1,11365,1,183,185,191
"7026",6742,1,11365,1,183,186,194
"7027",12169,1,10338,1,186,187,191
"7028",2426,1,6742,1,189,190,194
"7029",4584,1,2426,1,190,191,195
"7030",2489,1,4584,1,193,194,198
