"","name","group","host","ref_strain","collection_time","sample_number"
"1","01_1017_0000_01",1,1017,"ref_strain",0,1
"2","01_2185_0000_01",1,2185,"ref_strain",0,1
"3","01_5841_0001_01",1,5841,"ref_strain",1,1
"4","01_2080_0002_01",1,2080,"ref_strain",2,1
"5","01_2354_0002_01",1,2354,"ref_strain",2,1
"6","01_0947_0004_01",1,947,"ref_strain",4,1
"7","01_5077_0004_01",1,5077,"ref_strain",4,1
"8","01_0936_0005_01",1,936,"ref_strain",5,1
"9","01_9865_0005_01",1,9865,"ref_strain",5,1
"10","01_11763_0007_01",1,11763,"ref_strain",7,1
"11","01_2653_0008_01",1,2653,"ref_strain",8,1
"12","01_7734_0008_01",1,7734,"ref_strain",8,1
"13","01_4774_0009_01",1,4774,"ref_strain",9,1
"14","01_11784_0009_01",1,11784,"ref_strain",9,1
"15","01_0847_0010_01",1,847,"ref_strain",10,1
"16","01_4626_0010_01",1,4626,"ref_strain",10,1
"17","01_2829_0011_01",1,2829,"ref_strain",11,1
"18","01_6438_0011_01",1,6438,"ref_strain",11,1
"19","01_11849_0011_01",1,11849,"ref_strain",11,1
"20","01_3481_0012_01",1,3481,"ref_strain",12,1
"21","01_7905_0012_01",1,7905,"ref_strain",12,1
"22","01_11238_0012_01",1,11238,"ref_strain",12,1
"23","01_12076_0012_01",1,12076,"ref_strain",12,1
"24","01_4426_0013_01",1,4426,"ref_strain",13,1
"25","01_9867_0013_01",1,9867,"ref_strain",13,1
"26","01_11041_0013_01",1,11041,"ref_strain",13,1
"27","01_12588_0013_01",1,12588,"ref_strain",13,1
"28","01_0917_0014_01",1,917,"ref_strain",14,1
"29","01_1150_0014_01",1,1150,"ref_strain",14,1
"30","01_2663_0014_01",1,2663,"ref_strain",14,1
"31","01_11633_0014_01",1,11633,"ref_strain",14,1
"32","01_12091_0014_01",1,12091,"ref_strain",14,1
"33","01_1769_0015_01",1,1769,"ref_strain",15,1
"34","01_2164_0015_01",1,2164,"ref_strain",15,1
"35","01_10761_0015_01",1,10761,"ref_strain",15,1
"36","01_1697_0016_01",1,1697,"ref_strain",16,1
"37","01_8747_0016_01",1,8747,"ref_strain",16,1
"38","01_9417_0016_01",1,9417,"ref_strain",16,1
"39","01_9996_0016_01",1,9996,"ref_strain",16,1
"40","01_0339_0017_01",1,339,"ref_strain",17,1
"41","01_0871_0017_01",1,871,"ref_strain",17,1
"42","01_6456_0017_01",1,6456,"ref_strain",17,1
"43","01_11641_0017_01",1,11641,"ref_strain",17,1
"44","01_12986_0017_01",1,12986,"ref_strain",17,1
"45","01_4678_0018_01",1,4678,"ref_strain",18,1
"46","01_7621_0018_01",1,7621,"ref_strain",18,1
"47","01_8685_0018_01",1,8685,"ref_strain",18,1
"48","01_2282_0019_01",1,2282,"ref_strain",19,1
"49","01_2902_0019_01",1,2902,"ref_strain",19,1
"50","01_3099_0019_01",1,3099,"ref_strain",19,1
"51","01_5129_0019_01",1,5129,"ref_strain",19,1
"52","01_6098_0019_01",1,6098,"ref_strain",19,1
"53","01_1901_0020_01",1,1901,"ref_strain",20,1
"54","01_9313_0020_01",1,9313,"ref_strain",20,1
"55","01_9411_0020_01",1,9411,"ref_strain",20,1
"56","01_10300_0020_01",1,10300,"ref_strain",20,1
"57","01_11137_0020_01",1,11137,"ref_strain",20,1
"58","01_12341_0020_01",1,12341,"ref_strain",20,1
"59","01_12408_0020_01",1,12408,"ref_strain",20,1
"60","01_0195_0021_01",1,195,"ref_strain",21,1
"61","01_0635_0021_01",1,635,"ref_strain",21,1
"62","01_0705_0021_01",1,705,"ref_strain",21,1
"63","01_3300_0021_01",1,3300,"ref_strain",21,1
"64","01_4492_0021_01",1,4492,"ref_strain",21,1
"65","01_12363_0021_01",1,12363,"ref_strain",21,1
"66","01_12617_0021_01",1,12617,"ref_strain",21,1
"67","01_1386_0022_01",1,1386,"ref_strain",22,1
"68","01_6600_0022_01",1,6600,"ref_strain",22,1
"69","01_8937_0022_01",1,8937,"ref_strain",22,1
"70","01_1579_0023_01",1,1579,"ref_strain",23,1
"71","01_4169_0023_01",1,4169,"ref_strain",23,1
"72","01_5106_0023_01",1,5106,"ref_strain",23,1
"73","01_6015_0023_01",1,6015,"ref_strain",23,1
"74","01_7367_0023_01",1,7367,"ref_strain",23,1
"75","01_8545_0023_01",1,8545,"ref_strain",23,1
"76","01_10193_0023_01",1,10193,"ref_strain",23,1
"77","01_11246_0023_01",1,11246,"ref_strain",23,1
"78","01_12077_0023_01",1,12077,"ref_strain",23,1
"79","01_12210_0023_01",1,12210,"ref_strain",23,1
"80","01_0822_0024_01",1,822,"ref_strain",24,1
"81","01_3439_0024_01",1,3439,"ref_strain",24,1
"82","01_4556_0024_01",1,4556,"ref_strain",24,1
"83","01_5388_0024_01",1,5388,"ref_strain",24,1
"84","01_5685_0024_01",1,5685,"ref_strain",24,1
"85","01_6065_0024_01",1,6065,"ref_strain",24,1
"86","01_7774_0024_01",1,7774,"ref_strain",24,1
"87","01_8106_0024_01",1,8106,"ref_strain",24,1
"88","01_9314_0024_01",1,9314,"ref_strain",24,1
"89","01_9796_0024_01",1,9796,"ref_strain",24,1
"90","01_10422_0024_01",1,10422,"ref_strain",24,1
"91","01_0779_0025_01",1,779,"ref_strain",25,1
"92","01_1237_0025_01",1,1237,"ref_strain",25,1
"93","01_2760_0025_01",1,2760,"ref_strain",25,1
"94","01_5357_0025_01",1,5357,"ref_strain",25,1
"95","01_5528_0025_01",1,5528,"ref_strain",25,1
"96","01_7275_0025_01",1,7275,"ref_strain",25,1
"97","01_9756_0025_01",1,9756,"ref_strain",25,1
"98","01_10315_0025_01",1,10315,"ref_strain",25,1
"99","01_10392_0025_01",1,10392,"ref_strain",25,1
"100","01_10682_0025_01",1,10682,"ref_strain",25,1
"101","01_10839_0025_01",1,10839,"ref_strain",25,1
"102","01_11783_0025_01",1,11783,"ref_strain",25,1
"103","01_0356_0026_01",1,356,"ref_strain",26,1
"104","01_1332_0026_01",1,1332,"ref_strain",26,1
"105","01_1528_0026_01",1,1528,"ref_strain",26,1
"106","01_2598_0026_01",1,2598,"ref_strain",26,1
"107","01_2941_0026_01",1,2941,"ref_strain",26,1
"108","01_6763_0026_01",1,6763,"ref_strain",26,1
"109","01_7109_0026_01",1,7109,"ref_strain",26,1
"110","01_8847_0026_01",1,8847,"ref_strain",26,1
"111","01_10172_0026_01",1,10172,"ref_strain",26,1
"112","01_11575_0026_01",1,11575,"ref_strain",26,1
"113","01_11683_0026_01",1,11683,"ref_strain",26,1
"114","01_0835_0027_01",1,835,"ref_strain",27,1
"115","01_1746_0027_01",1,1746,"ref_strain",27,1
"116","01_7413_0027_01",1,7413,"ref_strain",27,1
"117","01_7933_0027_01",1,7933,"ref_strain",27,1
"118","01_9332_0027_01",1,9332,"ref_strain",27,1
"119","01_9916_0027_01",1,9916,"ref_strain",27,1
"120","01_10580_0027_01",1,10580,"ref_strain",27,1
"121","01_11419_0027_01",1,11419,"ref_strain",27,1
"122","01_1302_0028_01",1,1302,"ref_strain",28,1
"123","01_1321_0028_01",1,1321,"ref_strain",28,1
"124","01_1598_0028_01",1,1598,"ref_strain",28,1
"125","01_2075_0028_01",1,2075,"ref_strain",28,1
"126","01_5689_0028_01",1,5689,"ref_strain",28,1
"127","01_10123_0028_01",1,10123,"ref_strain",28,1
"128","01_10910_0028_01",1,10910,"ref_strain",28,1
"129","01_11179_0028_01",1,11179,"ref_strain",28,1
"130","01_11451_0028_01",1,11451,"ref_strain",28,1
"131","01_12870_0028_01",1,12870,"ref_strain",28,1
"132","01_12950_0028_01",1,12950,"ref_strain",28,1
"133","01_0991_0029_01",1,991,"ref_strain",29,1
"134","01_1389_0029_01",1,1389,"ref_strain",29,1
"135","01_4292_0029_01",1,4292,"ref_strain",29,1
"136","01_4585_0029_01",1,4585,"ref_strain",29,1
"137","01_6082_0029_01",1,6082,"ref_strain",29,1
"138","01_8696_0029_01",1,8696,"ref_strain",29,1
"139","01_11285_0029_01",1,11285,"ref_strain",29,1
"140","01_11619_0029_01",1,11619,"ref_strain",29,1
"141","01_11868_0029_01",1,11868,"ref_strain",29,1
"142","01_12395_0029_01",1,12395,"ref_strain",29,1
"143","01_12735_0029_01",1,12735,"ref_strain",29,1
"144","01_12797_0029_01",1,12797,"ref_strain",29,1
"145","01_0208_0030_01",1,208,"ref_strain",30,1
"146","01_0488_0030_01",1,488,"ref_strain",30,1
"147","01_3148_0030_01",1,3148,"ref_strain",30,1
"148","01_3768_0030_01",1,3768,"ref_strain",30,1
"149","01_4833_0030_01",1,4833,"ref_strain",30,1
"150","01_5187_0030_01",1,5187,"ref_strain",30,1
"151","01_6233_0030_01",1,6233,"ref_strain",30,1
"152","01_9204_0030_01",1,9204,"ref_strain",30,1
"153","01_10636_0030_01",1,10636,"ref_strain",30,1
"154","01_11576_0030_01",1,11576,"ref_strain",30,1
"155","01_1591_0031_01",1,1591,"ref_strain",31,1
"156","01_2477_0031_01",1,2477,"ref_strain",31,1
"157","01_5091_0031_01",1,5091,"ref_strain",31,1
"158","01_7426_0031_01",1,7426,"ref_strain",31,1
"159","01_7643_0031_01",1,7643,"ref_strain",31,1
"160","01_9548_0031_01",1,9548,"ref_strain",31,1
"161","01_10585_0031_01",1,10585,"ref_strain",31,1
"162","01_13026_0031_01",1,13026,"ref_strain",31,1
"163","01_13041_0031_01",1,13041,"ref_strain",31,1
"164","01_2195_0032_01",1,2195,"ref_strain",32,1
"165","01_2958_0032_01",1,2958,"ref_strain",32,1
"166","01_3191_0032_01",1,3191,"ref_strain",32,1
"167","01_3467_0032_01",1,3467,"ref_strain",32,1
"168","01_4089_0032_01",1,4089,"ref_strain",32,1
"169","01_5287_0032_01",1,5287,"ref_strain",32,1
"170","01_5529_0032_01",1,5529,"ref_strain",32,1
"171","01_6290_0032_01",1,6290,"ref_strain",32,1
"172","01_7136_0032_01",1,7136,"ref_strain",32,1
"173","01_8275_0032_01",1,8275,"ref_strain",32,1
"174","01_8785_0032_01",1,8785,"ref_strain",32,1
"175","01_9096_0032_01",1,9096,"ref_strain",32,1
"176","01_9156_0032_01",1,9156,"ref_strain",32,1
"177","01_9704_0032_01",1,9704,"ref_strain",32,1
"178","01_12379_0032_01",1,12379,"ref_strain",32,1
"179","01_0747_0033_01",1,747,"ref_strain",33,1
"180","01_1063_0033_01",1,1063,"ref_strain",33,1
"181","01_1720_0033_01",1,1720,"ref_strain",33,1
"182","01_3297_0033_01",1,3297,"ref_strain",33,1
"183","01_3860_0033_01",1,3860,"ref_strain",33,1
"184","01_5089_0033_01",1,5089,"ref_strain",33,1
"185","01_6420_0033_01",1,6420,"ref_strain",33,1
"186","01_8109_0033_01",1,8109,"ref_strain",33,1
"187","01_8130_0033_01",1,8130,"ref_strain",33,1
"188","01_8971_0033_01",1,8971,"ref_strain",33,1
"189","01_10189_0033_01",1,10189,"ref_strain",33,1
"190","01_10685_0033_01",1,10685,"ref_strain",33,1
"191","01_10747_0033_01",1,10747,"ref_strain",33,1
"192","01_10892_0033_01",1,10892,"ref_strain",33,1
"193","01_12311_0033_01",1,12311,"ref_strain",33,1
"194","01_0939_0034_01",1,939,"ref_strain",34,1
"195","01_1173_0034_01",1,1173,"ref_strain",34,1
"196","01_1281_0034_01",1,1281,"ref_strain",34,1
"197","01_1578_0034_01",1,1578,"ref_strain",34,1
"198","01_1961_0034_01",1,1961,"ref_strain",34,1
"199","01_2572_0034_01",1,2572,"ref_strain",34,1
"200","01_2676_0034_01",1,2676,"ref_strain",34,1
"201","01_3014_0034_01",1,3014,"ref_strain",34,1
"202","01_4469_0034_01",1,4469,"ref_strain",34,1
"203","01_4750_0034_01",1,4750,"ref_strain",34,1
"204","01_4775_0034_01",1,4775,"ref_strain",34,1
"205","01_5698_0034_01",1,5698,"ref_strain",34,1
"206","01_6716_0034_01",1,6716,"ref_strain",34,1
"207","01_7975_0034_01",1,7975,"ref_strain",34,1
"208","01_8282_0034_01",1,8282,"ref_strain",34,1
"209","01_8957_0034_01",1,8957,"ref_strain",34,1
"210","01_9038_0034_01",1,9038,"ref_strain",34,1
"211","01_9201_0034_01",1,9201,"ref_strain",34,1
"212","01_10506_0034_01",1,10506,"ref_strain",34,1
"213","01_10835_0034_01",1,10835,"ref_strain",34,1
"214","01_12772_0034_01",1,12772,"ref_strain",34,1
"215","01_12994_0034_01",1,12994,"ref_strain",34,1
"216","01_0739_0035_01",1,739,"ref_strain",35,1
"217","01_0844_0035_01",1,844,"ref_strain",35,1
"218","01_1093_0035_01",1,1093,"ref_strain",35,1
"219","01_1673_0035_01",1,1673,"ref_strain",35,1
"220","01_2456_0035_01",1,2456,"ref_strain",35,1
"221","01_2751_0035_01",1,2751,"ref_strain",35,1
"222","01_2874_0035_01",1,2874,"ref_strain",35,1
"223","01_3431_0035_01",1,3431,"ref_strain",35,1
"224","01_3796_0035_01",1,3796,"ref_strain",35,1
"225","01_4268_0035_01",1,4268,"ref_strain",35,1
"226","01_4465_0035_01",1,4465,"ref_strain",35,1
"227","01_4669_0035_01",1,4669,"ref_strain",35,1
"228","01_6124_0035_01",1,6124,"ref_strain",35,1
"229","01_6611_0035_01",1,6611,"ref_strain",35,1
"230","01_8830_0035_01",1,8830,"ref_strain",35,1
"231","01_9708_0035_01",1,9708,"ref_strain",35,1
"232","01_10924_0035_01",1,10924,"ref_strain",35,1
"233","01_11694_0035_01",1,11694,"ref_strain",35,1
"234","01_11922_0035_01",1,11922,"ref_strain",35,1
"235","01_12010_0035_01",1,12010,"ref_strain",35,1
"236","01_0360_0036_01",1,360,"ref_strain",36,1
"237","01_0992_0036_01",1,992,"ref_strain",36,1
"238","01_1823_0036_01",1,1823,"ref_strain",36,1
"239","01_2291_0036_01",1,2291,"ref_strain",36,1
"240","01_3469_0036_01",1,3469,"ref_strain",36,1
"241","01_4254_0036_01",1,4254,"ref_strain",36,1
"242","01_4961_0036_01",1,4961,"ref_strain",36,1
"243","01_6582_0036_01",1,6582,"ref_strain",36,1
"244","01_7033_0036_01",1,7033,"ref_strain",36,1
"245","01_7380_0036_01",1,7380,"ref_strain",36,1
"246","01_9247_0036_01",1,9247,"ref_strain",36,1
"247","01_9389_0036_01",1,9389,"ref_strain",36,1
"248","01_9546_0036_01",1,9546,"ref_strain",36,1
"249","01_9774_0036_01",1,9774,"ref_strain",36,1
"250","01_10706_0036_01",1,10706,"ref_strain",36,1
"251","01_11300_0036_01",1,11300,"ref_strain",36,1
"252","01_12383_0036_01",1,12383,"ref_strain",36,1
"253","01_12657_0036_01",1,12657,"ref_strain",36,1
"254","01_0272_0037_01",1,272,"ref_strain",37,1
"255","01_1335_0037_01",1,1335,"ref_strain",37,1
"256","01_1380_0037_01",1,1380,"ref_strain",37,1
"257","01_2025_0037_01",1,2025,"ref_strain",37,1
"258","01_2570_0037_01",1,2570,"ref_strain",37,1
"259","01_3830_0037_01",1,3830,"ref_strain",37,1
"260","01_4210_0037_01",1,4210,"ref_strain",37,1
"261","01_6894_0037_01",1,6894,"ref_strain",37,1
"262","01_7757_0037_01",1,7757,"ref_strain",37,1
"263","01_8023_0037_01",1,8023,"ref_strain",37,1
"264","01_8024_0037_01",1,8024,"ref_strain",37,1
"265","01_9175_0037_01",1,9175,"ref_strain",37,1
"266","01_9506_0037_01",1,9506,"ref_strain",37,1
"267","01_9783_0037_01",1,9783,"ref_strain",37,1
"268","01_10073_0037_01",1,10073,"ref_strain",37,1
"269","01_10398_0037_01",1,10398,"ref_strain",37,1
"270","01_10479_0037_01",1,10479,"ref_strain",37,1
"271","01_0283_0038_01",1,283,"ref_strain",38,1
"272","01_1973_0038_01",1,1973,"ref_strain",38,1
"273","01_2385_0038_01",1,2385,"ref_strain",38,1
"274","01_3102_0038_01",1,3102,"ref_strain",38,1
"275","01_4418_0038_01",1,4418,"ref_strain",38,1
"276","01_4534_0038_01",1,4534,"ref_strain",38,1
"277","01_4856_0038_01",1,4856,"ref_strain",38,1
"278","01_5281_0038_01",1,5281,"ref_strain",38,1
"279","01_5798_0038_01",1,5798,"ref_strain",38,1
"280","01_5989_0038_01",1,5989,"ref_strain",38,1
"281","01_7159_0038_01",1,7159,"ref_strain",38,1
"282","01_7618_0038_01",1,7618,"ref_strain",38,1
"283","01_8230_0038_01",1,8230,"ref_strain",38,1
"284","01_8841_0038_01",1,8841,"ref_strain",38,1
"285","01_9456_0038_01",1,9456,"ref_strain",38,1
"286","01_9847_0038_01",1,9847,"ref_strain",38,1
"287","01_10974_0038_01",1,10974,"ref_strain",38,1
"288","01_10994_0038_01",1,10994,"ref_strain",38,1
"289","01_11502_0038_01",1,11502,"ref_strain",38,1
"290","01_11898_0038_01",1,11898,"ref_strain",38,1
"291","01_11986_0038_01",1,11986,"ref_strain",38,1
"292","01_12089_0038_01",1,12089,"ref_strain",38,1
"293","01_12217_0038_01",1,12217,"ref_strain",38,1
"294","01_12284_0038_01",1,12284,"ref_strain",38,1
"295","01_12506_0038_01",1,12506,"ref_strain",38,1
"296","01_0373_0039_01",1,373,"ref_strain",39,1
"297","01_0432_0039_01",1,432,"ref_strain",39,1
"298","01_1484_0039_01",1,1484,"ref_strain",39,1
"299","01_1538_0039_01",1,1538,"ref_strain",39,1
"300","01_3556_0039_01",1,3556,"ref_strain",39,1
"301","01_3878_0039_01",1,3878,"ref_strain",39,1
"302","01_4185_0039_01",1,4185,"ref_strain",39,1
"303","01_4656_0039_01",1,4656,"ref_strain",39,1
"304","01_5207_0039_01",1,5207,"ref_strain",39,1
"305","01_5408_0039_01",1,5408,"ref_strain",39,1
"306","01_6191_0039_01",1,6191,"ref_strain",39,1
"307","01_6360_0039_01",1,6360,"ref_strain",39,1
"308","01_7211_0039_01",1,7211,"ref_strain",39,1
"309","01_7698_0039_01",1,7698,"ref_strain",39,1
"310","01_8071_0039_01",1,8071,"ref_strain",39,1
"311","01_8880_0039_01",1,8880,"ref_strain",39,1
"312","01_9944_0039_01",1,9944,"ref_strain",39,1
"313","01_10397_0039_01",1,10397,"ref_strain",39,1
"314","01_11184_0039_01",1,11184,"ref_strain",39,1
"315","01_11332_0039_01",1,11332,"ref_strain",39,1
"316","01_11336_0039_01",1,11336,"ref_strain",39,1
"317","01_11479_0039_01",1,11479,"ref_strain",39,1
"318","01_12086_0039_01",1,12086,"ref_strain",39,1
"319","01_12312_0039_01",1,12312,"ref_strain",39,1
"320","01_12394_0039_01",1,12394,"ref_strain",39,1
"321","01_12709_0039_01",1,12709,"ref_strain",39,1
"322","01_0932_0040_01",1,932,"ref_strain",40,1
"323","01_1226_0040_01",1,1226,"ref_strain",40,1
"324","01_1379_0040_01",1,1379,"ref_strain",40,1
"325","01_3281_0040_01",1,3281,"ref_strain",40,1
"326","01_4035_0040_01",1,4035,"ref_strain",40,1
"327","01_4036_0040_01",1,4036,"ref_strain",40,1
"328","01_4439_0040_01",1,4439,"ref_strain",40,1
"329","01_4574_0040_01",1,4574,"ref_strain",40,1
"330","01_5464_0040_01",1,5464,"ref_strain",40,1
"331","01_5667_0040_01",1,5667,"ref_strain",40,1
"332","01_5840_0040_01",1,5840,"ref_strain",40,1
"333","01_6150_0040_01",1,6150,"ref_strain",40,1
"334","01_6319_0040_01",1,6319,"ref_strain",40,1
"335","01_6370_0040_01",1,6370,"ref_strain",40,1
"336","01_7051_0040_01",1,7051,"ref_strain",40,1
"337","01_7984_0040_01",1,7984,"ref_strain",40,1
"338","01_8144_0040_01",1,8144,"ref_strain",40,1
"339","01_8178_0040_01",1,8178,"ref_strain",40,1
"340","01_8927_0040_01",1,8927,"ref_strain",40,1
"341","01_9039_0040_01",1,9039,"ref_strain",40,1
"342","01_10279_0040_01",1,10279,"ref_strain",40,1
"343","01_11543_0040_01",1,11543,"ref_strain",40,1
"344","01_11563_0040_01",1,11563,"ref_strain",40,1
"345","01_11861_0040_01",1,11861,"ref_strain",40,1
"346","01_12009_0040_01",1,12009,"ref_strain",40,1
"347","01_12158_0040_01",1,12158,"ref_strain",40,1
"348","01_12245_0040_01",1,12245,"ref_strain",40,1
"349","01_0079_0041_01",1,79,"ref_strain",41,1
"350","01_1030_0041_01",1,1030,"ref_strain",41,1
"351","01_1537_0041_01",1,1537,"ref_strain",41,1
"352","01_1801_0041_01",1,1801,"ref_strain",41,1
"353","01_2149_0041_01",1,2149,"ref_strain",41,1
"354","01_2509_0041_01",1,2509,"ref_strain",41,1
"355","01_3130_0041_01",1,3130,"ref_strain",41,1
"356","01_3486_0041_01",1,3486,"ref_strain",41,1
"357","01_3769_0041_01",1,3769,"ref_strain",41,1
"358","01_3954_0041_01",1,3954,"ref_strain",41,1
"359","01_4333_0041_01",1,4333,"ref_strain",41,1
"360","01_4339_0041_01",1,4339,"ref_strain",41,1
"361","01_5004_0041_01",1,5004,"ref_strain",41,1
"362","01_5180_0041_01",1,5180,"ref_strain",41,1
"363","01_5607_0041_01",1,5607,"ref_strain",41,1
"364","01_6212_0041_01",1,6212,"ref_strain",41,1
"365","01_6225_0041_01",1,6225,"ref_strain",41,1
"366","01_6391_0041_01",1,6391,"ref_strain",41,1
"367","01_7423_0041_01",1,7423,"ref_strain",41,1
"368","01_8948_0041_01",1,8948,"ref_strain",41,1
"369","01_9245_0041_01",1,9245,"ref_strain",41,1
"370","01_9328_0041_01",1,9328,"ref_strain",41,1
"371","01_9755_0041_01",1,9755,"ref_strain",41,1
"372","01_9876_0041_01",1,9876,"ref_strain",41,1
"373","01_10248_0041_01",1,10248,"ref_strain",41,1
"374","01_10302_0041_01",1,10302,"ref_strain",41,1
"375","01_11121_0041_01",1,11121,"ref_strain",41,1
"376","01_11146_0041_01",1,11146,"ref_strain",41,1
"377","01_11854_0041_01",1,11854,"ref_strain",41,1
"378","01_11955_0041_01",1,11955,"ref_strain",41,1
"379","01_12231_0041_01",1,12231,"ref_strain",41,1
"380","01_12523_0041_01",1,12523,"ref_strain",41,1
"381","01_12527_0041_01",1,12527,"ref_strain",41,1
"382","01_0094_0042_01",1,94,"ref_strain",42,1
"383","01_0122_0042_01",1,122,"ref_strain",42,1
"384","01_0128_0042_01",1,128,"ref_strain",42,1
"385","01_0204_0042_01",1,204,"ref_strain",42,1
"386","01_0869_0042_01",1,869,"ref_strain",42,1
"387","01_1251_0042_01",1,1251,"ref_strain",42,1
"388","01_1808_0042_01",1,1808,"ref_strain",42,1
"389","01_2634_0042_01",1,2634,"ref_strain",42,1
"390","01_2674_0042_01",1,2674,"ref_strain",42,1
"391","01_3113_0042_01",1,3113,"ref_strain",42,1
"392","01_3929_0042_01",1,3929,"ref_strain",42,1
"393","01_3960_0042_01",1,3960,"ref_strain",42,1
"394","01_4129_0042_01",1,4129,"ref_strain",42,1
"395","01_5008_0042_01",1,5008,"ref_strain",42,1
"396","01_5337_0042_01",1,5337,"ref_strain",42,1
"397","01_5744_0042_01",1,5744,"ref_strain",42,1
"398","01_5891_0042_01",1,5891,"ref_strain",42,1
"399","01_5966_0042_01",1,5966,"ref_strain",42,1
"400","01_6123_0042_01",1,6123,"ref_strain",42,1
"401","01_6294_0042_01",1,6294,"ref_strain",42,1
"402","01_6309_0042_01",1,6309,"ref_strain",42,1
"403","01_6515_0042_01",1,6515,"ref_strain",42,1
"404","01_6674_0042_01",1,6674,"ref_strain",42,1
"405","01_9448_0042_01",1,9448,"ref_strain",42,1
"406","01_10260_0042_01",1,10260,"ref_strain",42,1
"407","01_10337_0042_01",1,10337,"ref_strain",42,1
"408","01_10541_0042_01",1,10541,"ref_strain",42,1
"409","01_11291_0042_01",1,11291,"ref_strain",42,1
"410","01_11302_0042_01",1,11302,"ref_strain",42,1
"411","01_11491_0042_01",1,11491,"ref_strain",42,1
"412","01_12620_0042_01",1,12620,"ref_strain",42,1
"413","01_12806_0042_01",1,12806,"ref_strain",42,1
"414","01_12855_0042_01",1,12855,"ref_strain",42,1
"415","01_0151_0043_01",1,151,"ref_strain",43,1
"416","01_0197_0043_01",1,197,"ref_strain",43,1
"417","01_0367_0043_01",1,367,"ref_strain",43,1
"418","01_0659_0043_01",1,659,"ref_strain",43,1
"419","01_1181_0043_01",1,1181,"ref_strain",43,1
"420","01_1669_0043_01",1,1669,"ref_strain",43,1
"421","01_1705_0043_01",1,1705,"ref_strain",43,1
"422","01_1832_0043_01",1,1832,"ref_strain",43,1
"423","01_2060_0043_01",1,2060,"ref_strain",43,1
"424","01_2482_0043_01",1,2482,"ref_strain",43,1
"425","01_2628_0043_01",1,2628,"ref_strain",43,1
"426","01_3013_0043_01",1,3013,"ref_strain",43,1
"427","01_3892_0043_01",1,3892,"ref_strain",43,1
"428","01_3918_0043_01",1,3918,"ref_strain",43,1
"429","01_3925_0043_01",1,3925,"ref_strain",43,1
"430","01_4159_0043_01",1,4159,"ref_strain",43,1
"431","01_4355_0043_01",1,4355,"ref_strain",43,1
"432","01_4375_0043_01",1,4375,"ref_strain",43,1
"433","01_4420_0043_01",1,4420,"ref_strain",43,1
"434","01_4828_0043_01",1,4828,"ref_strain",43,1
"435","01_4861_0043_01",1,4861,"ref_strain",43,1
"436","01_5626_0043_01",1,5626,"ref_strain",43,1
"437","01_6634_0043_01",1,6634,"ref_strain",43,1
"438","01_6869_0043_01",1,6869,"ref_strain",43,1
"439","01_6941_0043_01",1,6941,"ref_strain",43,1
"440","01_7005_0043_01",1,7005,"ref_strain",43,1
"441","01_7509_0043_01",1,7509,"ref_strain",43,1
"442","01_7962_0043_01",1,7962,"ref_strain",43,1
"443","01_8236_0043_01",1,8236,"ref_strain",43,1
"444","01_8297_0043_01",1,8297,"ref_strain",43,1
"445","01_9236_0043_01",1,9236,"ref_strain",43,1
"446","01_9241_0043_01",1,9241,"ref_strain",43,1
"447","01_9946_0043_01",1,9946,"ref_strain",43,1
"448","01_11021_0043_01",1,11021,"ref_strain",43,1
"449","01_11733_0043_01",1,11733,"ref_strain",43,1
"450","01_11830_0043_01",1,11830,"ref_strain",43,1
"451","01_12075_0043_01",1,12075,"ref_strain",43,1
"452","01_12241_0043_01",1,12241,"ref_strain",43,1
"453","01_12244_0043_01",1,12244,"ref_strain",43,1
"454","01_12776_0043_01",1,12776,"ref_strain",43,1
"455","01_0784_0044_01",1,784,"ref_strain",44,1
"456","01_3019_0044_01",1,3019,"ref_strain",44,1
"457","01_3567_0044_01",1,3567,"ref_strain",44,1
"458","01_3599_0044_01",1,3599,"ref_strain",44,1
"459","01_3904_0044_01",1,3904,"ref_strain",44,1
"460","01_4811_0044_01",1,4811,"ref_strain",44,1
"461","01_5418_0044_01",1,5418,"ref_strain",44,1
"462","01_5747_0044_01",1,5747,"ref_strain",44,1
"463","01_6573_0044_01",1,6573,"ref_strain",44,1
"464","01_6705_0044_01",1,6705,"ref_strain",44,1
"465","01_7089_0044_01",1,7089,"ref_strain",44,1
"466","01_7188_0044_01",1,7188,"ref_strain",44,1
"467","01_8628_0044_01",1,8628,"ref_strain",44,1
"468","01_8641_0044_01",1,8641,"ref_strain",44,1
"469","01_9871_0044_01",1,9871,"ref_strain",44,1
"470","01_10545_0044_01",1,10545,"ref_strain",44,1
"471","01_10936_0044_01",1,10936,"ref_strain",44,1
"472","01_11147_0044_01",1,11147,"ref_strain",44,1
"473","01_11214_0044_01",1,11214,"ref_strain",44,1
"474","01_11417_0044_01",1,11417,"ref_strain",44,1
"475","01_11863_0044_01",1,11863,"ref_strain",44,1
"476","01_12856_0044_01",1,12856,"ref_strain",44,1
"477","01_0883_0045_01",1,883,"ref_strain",45,1
"478","01_1184_0045_01",1,1184,"ref_strain",45,1
"479","01_1473_0045_01",1,1473,"ref_strain",45,1
"480","01_2204_0045_01",1,2204,"ref_strain",45,1
"481","01_2522_0045_01",1,2522,"ref_strain",45,1
"482","01_3394_0045_01",1,3394,"ref_strain",45,1
"483","01_3626_0045_01",1,3626,"ref_strain",45,1
"484","01_4319_0045_01",1,4319,"ref_strain",45,1
"485","01_4864_0045_01",1,4864,"ref_strain",45,1
"486","01_5868_0045_01",1,5868,"ref_strain",45,1
"487","01_6252_0045_01",1,6252,"ref_strain",45,1
"488","01_6926_0045_01",1,6926,"ref_strain",45,1
"489","01_7469_0045_01",1,7469,"ref_strain",45,1
"490","01_7654_0045_01",1,7654,"ref_strain",45,1
"491","01_8280_0045_01",1,8280,"ref_strain",45,1
"492","01_8470_0045_01",1,8470,"ref_strain",45,1
"493","01_8902_0045_01",1,8902,"ref_strain",45,1
"494","01_9273_0045_01",1,9273,"ref_strain",45,1
"495","01_9380_0045_01",1,9380,"ref_strain",45,1
"496","01_9563_0045_01",1,9563,"ref_strain",45,1
"497","01_9729_0045_01",1,9729,"ref_strain",45,1
"498","01_10375_0045_01",1,10375,"ref_strain",45,1
"499","01_10692_0045_01",1,10692,"ref_strain",45,1
"500","01_10711_0045_01",1,10711,"ref_strain",45,1
"501","01_11519_0045_01",1,11519,"ref_strain",45,1
"502","01_11638_0045_01",1,11638,"ref_strain",45,1
"503","01_0348_0046_01",1,348,"ref_strain",46,1
"504","01_0709_0046_01",1,709,"ref_strain",46,1
"505","01_1045_0046_01",1,1045,"ref_strain",46,1
"506","01_1054_0046_01",1,1054,"ref_strain",46,1
"507","01_1731_0046_01",1,1731,"ref_strain",46,1
"508","01_1933_0046_01",1,1933,"ref_strain",46,1
"509","01_2439_0046_01",1,2439,"ref_strain",46,1
"510","01_3215_0046_01",1,3215,"ref_strain",46,1
"511","01_3330_0046_01",1,3330,"ref_strain",46,1
"512","01_3780_0046_01",1,3780,"ref_strain",46,1
"513","01_3933_0046_01",1,3933,"ref_strain",46,1
"514","01_4026_0046_01",1,4026,"ref_strain",46,1
"515","01_4499_0046_01",1,4499,"ref_strain",46,1
"516","01_4530_0046_01",1,4530,"ref_strain",46,1
"517","01_5665_0046_01",1,5665,"ref_strain",46,1
"518","01_5775_0046_01",1,5775,"ref_strain",46,1
"519","01_6144_0046_01",1,6144,"ref_strain",46,1
"520","01_6748_0046_01",1,6748,"ref_strain",46,1
"521","01_7377_0046_01",1,7377,"ref_strain",46,1
"522","01_8295_0046_01",1,8295,"ref_strain",46,1
"523","01_8674_0046_01",1,8674,"ref_strain",46,1
"524","01_9447_0046_01",1,9447,"ref_strain",46,1
"525","01_10330_0046_01",1,10330,"ref_strain",46,1
"526","01_10673_0046_01",1,10673,"ref_strain",46,1
"527","01_10720_0046_01",1,10720,"ref_strain",46,1
"528","01_11310_0046_01",1,11310,"ref_strain",46,1
"529","01_12242_0046_01",1,12242,"ref_strain",46,1
"530","01_12636_0046_01",1,12636,"ref_strain",46,1
"531","01_0264_0047_01",1,264,"ref_strain",47,1
"532","01_0725_0047_01",1,725,"ref_strain",47,1
"533","01_2042_0047_01",1,2042,"ref_strain",47,1
"534","01_2046_0047_01",1,2046,"ref_strain",47,1
"535","01_2241_0047_01",1,2241,"ref_strain",47,1
"536","01_2311_0047_01",1,2311,"ref_strain",47,1
"537","01_2313_0047_01",1,2313,"ref_strain",47,1
"538","01_2461_0047_01",1,2461,"ref_strain",47,1
"539","01_3174_0047_01",1,3174,"ref_strain",47,1
"540","01_3570_0047_01",1,3570,"ref_strain",47,1
"541","01_3832_0047_01",1,3832,"ref_strain",47,1
"542","01_4062_0047_01",1,4062,"ref_strain",47,1
"543","01_4260_0047_01",1,4260,"ref_strain",47,1
"544","01_4365_0047_01",1,4365,"ref_strain",47,1
"545","01_5035_0047_01",1,5035,"ref_strain",47,1
"546","01_5269_0047_01",1,5269,"ref_strain",47,1
"547","01_5924_0047_01",1,5924,"ref_strain",47,1
"548","01_6457_0047_01",1,6457,"ref_strain",47,1
"549","01_6648_0047_01",1,6648,"ref_strain",47,1
"550","01_6787_0047_01",1,6787,"ref_strain",47,1
"551","01_7472_0047_01",1,7472,"ref_strain",47,1
"552","01_7526_0047_01",1,7526,"ref_strain",47,1
"553","01_8432_0047_01",1,8432,"ref_strain",47,1
"554","01_8630_0047_01",1,8630,"ref_strain",47,1
"555","01_8797_0047_01",1,8797,"ref_strain",47,1
"556","01_8864_0047_01",1,8864,"ref_strain",47,1
"557","01_9077_0047_01",1,9077,"ref_strain",47,1
"558","01_9732_0047_01",1,9732,"ref_strain",47,1
"559","01_10455_0047_01",1,10455,"ref_strain",47,1
"560","01_10529_0047_01",1,10529,"ref_strain",47,1
"561","01_11390_0047_01",1,11390,"ref_strain",47,1
"562","01_11404_0047_01",1,11404,"ref_strain",47,1
"563","01_11589_0047_01",1,11589,"ref_strain",47,1
"564","01_11765_0047_01",1,11765,"ref_strain",47,1
"565","01_12166_0047_01",1,12166,"ref_strain",47,1
"566","01_12172_0047_01",1,12172,"ref_strain",47,1
"567","01_12364_0047_01",1,12364,"ref_strain",47,1
"568","01_12407_0047_01",1,12407,"ref_strain",47,1
"569","01_12978_0047_01",1,12978,"ref_strain",47,1
"570","01_0015_0048_01",1,15,"ref_strain",48,1
"571","01_0133_0048_01",1,133,"ref_strain",48,1
"572","01_0196_0048_01",1,196,"ref_strain",48,1
"573","01_0266_0048_01",1,266,"ref_strain",48,1
"574","01_0513_0048_01",1,513,"ref_strain",48,1
"575","01_0603_0048_01",1,603,"ref_strain",48,1
"576","01_0711_0048_01",1,711,"ref_strain",48,1
"577","01_0727_0048_01",1,727,"ref_strain",48,1
"578","01_1255_0048_01",1,1255,"ref_strain",48,1
"579","01_1991_0048_01",1,1991,"ref_strain",48,1
"580","01_2062_0048_01",1,2062,"ref_strain",48,1
"581","01_3335_0048_01",1,3335,"ref_strain",48,1
"582","01_4257_0048_01",1,4257,"ref_strain",48,1
"583","01_4512_0048_01",1,4512,"ref_strain",48,1
"584","01_5398_0048_01",1,5398,"ref_strain",48,1
"585","01_5749_0048_01",1,5749,"ref_strain",48,1
"586","01_5806_0048_01",1,5806,"ref_strain",48,1
"587","01_6047_0048_01",1,6047,"ref_strain",48,1
"588","01_7037_0048_01",1,7037,"ref_strain",48,1
"589","01_7104_0048_01",1,7104,"ref_strain",48,1
"590","01_7420_0048_01",1,7420,"ref_strain",48,1
"591","01_7502_0048_01",1,7502,"ref_strain",48,1
"592","01_7614_0048_01",1,7614,"ref_strain",48,1
"593","01_8616_0048_01",1,8616,"ref_strain",48,1
"594","01_8944_0048_01",1,8944,"ref_strain",48,1
"595","01_9504_0048_01",1,9504,"ref_strain",48,1
"596","01_9554_0048_01",1,9554,"ref_strain",48,1
"597","01_9696_0048_01",1,9696,"ref_strain",48,1
"598","01_11046_0048_01",1,11046,"ref_strain",48,1
"599","01_11335_0048_01",1,11335,"ref_strain",48,1
"600","01_11667_0048_01",1,11667,"ref_strain",48,1
"601","01_11723_0048_01",1,11723,"ref_strain",48,1
"602","01_12297_0048_01",1,12297,"ref_strain",48,1
"603","01_12601_0048_01",1,12601,"ref_strain",48,1
"604","01_12679_0048_01",1,12679,"ref_strain",48,1
"605","01_0370_0049_01",1,370,"ref_strain",49,1
"606","01_1315_0049_01",1,1315,"ref_strain",49,1
"607","01_2339_0049_01",1,2339,"ref_strain",49,1
"608","01_2921_0049_01",1,2921,"ref_strain",49,1
"609","01_3031_0049_01",1,3031,"ref_strain",49,1
"610","01_3033_0049_01",1,3033,"ref_strain",49,1
"611","01_3210_0049_01",1,3210,"ref_strain",49,1
"612","01_4042_0049_01",1,4042,"ref_strain",49,1
"613","01_5679_0049_01",1,5679,"ref_strain",49,1
"614","01_5774_0049_01",1,5774,"ref_strain",49,1
"615","01_6116_0049_01",1,6116,"ref_strain",49,1
"616","01_6219_0049_01",1,6219,"ref_strain",49,1
"617","01_6465_0049_01",1,6465,"ref_strain",49,1
"618","01_6487_0049_01",1,6487,"ref_strain",49,1
"619","01_6963_0049_01",1,6963,"ref_strain",49,1
"620","01_7011_0049_01",1,7011,"ref_strain",49,1
"621","01_7213_0049_01",1,7213,"ref_strain",49,1
"622","01_8520_0049_01",1,8520,"ref_strain",49,1
"623","01_8884_0049_01",1,8884,"ref_strain",49,1
"624","01_9651_0049_01",1,9651,"ref_strain",49,1
"625","01_9705_0049_01",1,9705,"ref_strain",49,1
"626","01_10030_0049_01",1,10030,"ref_strain",49,1
"627","01_10515_0049_01",1,10515,"ref_strain",49,1
"628","01_10571_0049_01",1,10571,"ref_strain",49,1
"629","01_11034_0049_01",1,11034,"ref_strain",49,1
"630","01_11327_0049_01",1,11327,"ref_strain",49,1
"631","01_11757_0049_01",1,11757,"ref_strain",49,1
"632","01_11935_0049_01",1,11935,"ref_strain",49,1
"633","01_11985_0049_01",1,11985,"ref_strain",49,1
"634","01_12442_0049_01",1,12442,"ref_strain",49,1
"635","01_12580_0049_01",1,12580,"ref_strain",49,1
"636","01_0080_0050_01",1,80,"ref_strain",50,1
"637","01_0141_0050_01",1,141,"ref_strain",50,1
"638","01_0188_0050_01",1,188,"ref_strain",50,1
"639","01_0540_0050_01",1,540,"ref_strain",50,1
"640","01_0658_0050_01",1,658,"ref_strain",50,1
"641","01_0745_0050_01",1,745,"ref_strain",50,1
"642","01_1355_0050_01",1,1355,"ref_strain",50,1
"643","01_1654_0050_01",1,1654,"ref_strain",50,1
"644","01_2208_0050_01",1,2208,"ref_strain",50,1
"645","01_3217_0050_01",1,3217,"ref_strain",50,1
"646","01_3251_0050_01",1,3251,"ref_strain",50,1
"647","01_3319_0050_01",1,3319,"ref_strain",50,1
"648","01_3761_0050_01",1,3761,"ref_strain",50,1
"649","01_4141_0050_01",1,4141,"ref_strain",50,1
"650","01_4237_0050_01",1,4237,"ref_strain",50,1
"651","01_4371_0050_01",1,4371,"ref_strain",50,1
"652","01_4527_0050_01",1,4527,"ref_strain",50,1
"653","01_5173_0050_01",1,5173,"ref_strain",50,1
"654","01_5227_0050_01",1,5227,"ref_strain",50,1
"655","01_5871_0050_01",1,5871,"ref_strain",50,1
"656","01_5888_0050_01",1,5888,"ref_strain",50,1
"657","01_6287_0050_01",1,6287,"ref_strain",50,1
"658","01_6327_0050_01",1,6327,"ref_strain",50,1
"659","01_6537_0050_01",1,6537,"ref_strain",50,1
"660","01_7266_0050_01",1,7266,"ref_strain",50,1
"661","01_7645_0050_01",1,7645,"ref_strain",50,1
"662","01_8447_0050_01",1,8447,"ref_strain",50,1
"663","01_8968_0050_01",1,8968,"ref_strain",50,1
"664","01_9304_0050_01",1,9304,"ref_strain",50,1
"665","01_9464_0050_01",1,9464,"ref_strain",50,1
"666","01_9908_0050_01",1,9908,"ref_strain",50,1
"667","01_10399_0050_01",1,10399,"ref_strain",50,1
"668","01_10508_0050_01",1,10508,"ref_strain",50,1
"669","01_12630_0050_01",1,12630,"ref_strain",50,1
"670","01_12639_0050_01",1,12639,"ref_strain",50,1
"671","01_12754_0050_01",1,12754,"ref_strain",50,1
"672","01_0593_0051_01",1,593,"ref_strain",51,1
"673","01_0597_0051_01",1,597,"ref_strain",51,1
"674","01_1119_0051_01",1,1119,"ref_strain",51,1
"675","01_1158_0051_01",1,1158,"ref_strain",51,1
"676","01_1696_0051_01",1,1696,"ref_strain",51,1
"677","01_2851_0051_01",1,2851,"ref_strain",51,1
"678","01_3270_0051_01",1,3270,"ref_strain",51,1
"679","01_3391_0051_01",1,3391,"ref_strain",51,1
"680","01_3730_0051_01",1,3730,"ref_strain",51,1
"681","01_3958_0051_01",1,3958,"ref_strain",51,1
"682","01_4999_0051_01",1,4999,"ref_strain",51,1
"683","01_5163_0051_01",1,5163,"ref_strain",51,1
"684","01_5226_0051_01",1,5226,"ref_strain",51,1
"685","01_5322_0051_01",1,5322,"ref_strain",51,1
"686","01_5361_0051_01",1,5361,"ref_strain",51,1
"687","01_5907_0051_01",1,5907,"ref_strain",51,1
"688","01_5937_0051_01",1,5937,"ref_strain",51,1
"689","01_6627_0051_01",1,6627,"ref_strain",51,1
"690","01_6693_0051_01",1,6693,"ref_strain",51,1
"691","01_6843_0051_01",1,6843,"ref_strain",51,1
"692","01_7242_0051_01",1,7242,"ref_strain",51,1
"693","01_9120_0051_01",1,9120,"ref_strain",51,1
"694","01_9271_0051_01",1,9271,"ref_strain",51,1
"695","01_9627_0051_01",1,9627,"ref_strain",51,1
"696","01_9662_0051_01",1,9662,"ref_strain",51,1
"697","01_9930_0051_01",1,9930,"ref_strain",51,1
"698","01_10194_0051_01",1,10194,"ref_strain",51,1
"699","01_10214_0051_01",1,10214,"ref_strain",51,1
"700","01_10733_0051_01",1,10733,"ref_strain",51,1
"701","01_10770_0051_01",1,10770,"ref_strain",51,1
"702","01_10832_0051_01",1,10832,"ref_strain",51,1
"703","01_11016_0051_01",1,11016,"ref_strain",51,1
"704","01_11031_0051_01",1,11031,"ref_strain",51,1
"705","01_11224_0051_01",1,11224,"ref_strain",51,1
"706","01_11338_0051_01",1,11338,"ref_strain",51,1
"707","01_11434_0051_01",1,11434,"ref_strain",51,1
"708","01_11472_0051_01",1,11472,"ref_strain",51,1
"709","01_12498_0051_01",1,12498,"ref_strain",51,1
"710","01_12674_0051_01",1,12674,"ref_strain",51,1
"711","01_12747_0051_01",1,12747,"ref_strain",51,1
"712","01_13015_0051_01",1,13015,"ref_strain",51,1
"713","01_0300_0052_01",1,300,"ref_strain",52,1
"714","01_0884_0052_01",1,884,"ref_strain",52,1
"715","01_1212_0052_01",1,1212,"ref_strain",52,1
"716","01_1599_0052_01",1,1599,"ref_strain",52,1
"717","01_1641_0052_01",1,1641,"ref_strain",52,1
"718","01_1936_0052_01",1,1936,"ref_strain",52,1
"719","01_2309_0052_01",1,2309,"ref_strain",52,1
"720","01_2350_0052_01",1,2350,"ref_strain",52,1
"721","01_2827_0052_01",1,2827,"ref_strain",52,1
"722","01_3177_0052_01",1,3177,"ref_strain",52,1
"723","01_3652_0052_01",1,3652,"ref_strain",52,1
"724","01_4468_0052_01",1,4468,"ref_strain",52,1
"725","01_5030_0052_01",1,5030,"ref_strain",52,1
"726","01_5179_0052_01",1,5179,"ref_strain",52,1
"727","01_6214_0052_01",1,6214,"ref_strain",52,1
"728","01_6527_0052_01",1,6527,"ref_strain",52,1
"729","01_6839_0052_01",1,6839,"ref_strain",52,1
"730","01_6956_0052_01",1,6956,"ref_strain",52,1
"731","01_7026_0052_01",1,7026,"ref_strain",52,1
"732","01_7027_0052_01",1,7027,"ref_strain",52,1
"733","01_7437_0052_01",1,7437,"ref_strain",52,1
"734","01_8066_0052_01",1,8066,"ref_strain",52,1
"735","01_8453_0052_01",1,8453,"ref_strain",52,1
"736","01_9004_0052_01",1,9004,"ref_strain",52,1
"737","01_9211_0052_01",1,9211,"ref_strain",52,1
"738","01_11518_0052_01",1,11518,"ref_strain",52,1
"739","01_11809_0052_01",1,11809,"ref_strain",52,1
"740","01_12159_0052_01",1,12159,"ref_strain",52,1
"741","01_12587_0052_01",1,12587,"ref_strain",52,1
"742","01_12646_0052_01",1,12646,"ref_strain",52,1
"743","01_12923_0052_01",1,12923,"ref_strain",52,1
"744","01_0950_0053_01",1,950,"ref_strain",53,1
"745","01_1507_0053_01",1,1507,"ref_strain",53,1
"746","01_1979_0053_01",1,1979,"ref_strain",53,1
"747","01_2199_0053_01",1,2199,"ref_strain",53,1
"748","01_2666_0053_01",1,2666,"ref_strain",53,1
"749","01_3412_0053_01",1,3412,"ref_strain",53,1
"750","01_3930_0053_01",1,3930,"ref_strain",53,1
"751","01_4109_0053_01",1,4109,"ref_strain",53,1
"752","01_4616_0053_01",1,4616,"ref_strain",53,1
"753","01_4756_0053_01",1,4756,"ref_strain",53,1
"754","01_4812_0053_01",1,4812,"ref_strain",53,1
"755","01_5072_0053_01",1,5072,"ref_strain",53,1
"756","01_5886_0053_01",1,5886,"ref_strain",53,1
"757","01_6018_0053_01",1,6018,"ref_strain",53,1
"758","01_6051_0053_01",1,6051,"ref_strain",53,1
"759","01_6072_0053_01",1,6072,"ref_strain",53,1
"760","01_6298_0053_01",1,6298,"ref_strain",53,1
"761","01_6662_0053_01",1,6662,"ref_strain",53,1
"762","01_6930_0053_01",1,6930,"ref_strain",53,1
"763","01_7133_0053_01",1,7133,"ref_strain",53,1
"764","01_7262_0053_01",1,7262,"ref_strain",53,1
"765","01_7709_0053_01",1,7709,"ref_strain",53,1
"766","01_7760_0053_01",1,7760,"ref_strain",53,1
"767","01_7939_0053_01",1,7939,"ref_strain",53,1
"768","01_8108_0053_01",1,8108,"ref_strain",53,1
"769","01_8386_0053_01",1,8386,"ref_strain",53,1
"770","01_8693_0053_01",1,8693,"ref_strain",53,1
"771","01_8714_0053_01",1,8714,"ref_strain",53,1
"772","01_9162_0053_01",1,9162,"ref_strain",53,1
"773","01_9400_0053_01",1,9400,"ref_strain",53,1
"774","01_9408_0053_01",1,9408,"ref_strain",53,1
"775","01_9591_0053_01",1,9591,"ref_strain",53,1
"776","01_10112_0053_01",1,10112,"ref_strain",53,1
"777","01_10225_0053_01",1,10225,"ref_strain",53,1
"778","01_10292_0053_01",1,10292,"ref_strain",53,1
"779","01_10771_0053_01",1,10771,"ref_strain",53,1
"780","01_10784_0053_01",1,10784,"ref_strain",53,1
"781","01_10816_0053_01",1,10816,"ref_strain",53,1
"782","01_11737_0053_01",1,11737,"ref_strain",53,1
"783","01_11953_0053_01",1,11953,"ref_strain",53,1
"784","01_12097_0053_01",1,12097,"ref_strain",53,1
"785","01_12099_0053_01",1,12099,"ref_strain",53,1
"786","01_12414_0053_01",1,12414,"ref_strain",53,1
"787","01_12566_0053_01",1,12566,"ref_strain",53,1
"788","01_0405_0054_01",1,405,"ref_strain",54,1
"789","01_0796_0054_01",1,796,"ref_strain",54,1
"790","01_1013_0054_01",1,1013,"ref_strain",54,1
"791","01_1094_0054_01",1,1094,"ref_strain",54,1
"792","01_1403_0054_01",1,1403,"ref_strain",54,1
"793","01_2112_0054_01",1,2112,"ref_strain",54,1
"794","01_2453_0054_01",1,2453,"ref_strain",54,1
"795","01_3180_0054_01",1,3180,"ref_strain",54,1
"796","01_3364_0054_01",1,3364,"ref_strain",54,1
"797","01_3455_0054_01",1,3455,"ref_strain",54,1
"798","01_3465_0054_01",1,3465,"ref_strain",54,1
"799","01_3580_0054_01",1,3580,"ref_strain",54,1
"800","01_3806_0054_01",1,3806,"ref_strain",54,1
"801","01_4323_0054_01",1,4323,"ref_strain",54,1
"802","01_4605_0054_01",1,4605,"ref_strain",54,1
"803","01_4743_0054_01",1,4743,"ref_strain",54,1
"804","01_4831_0054_01",1,4831,"ref_strain",54,1
"805","01_4840_0054_01",1,4840,"ref_strain",54,1
"806","01_5058_0054_01",1,5058,"ref_strain",54,1
"807","01_5094_0054_01",1,5094,"ref_strain",54,1
"808","01_5358_0054_01",1,5358,"ref_strain",54,1
"809","01_5382_0054_01",1,5382,"ref_strain",54,1
"810","01_5711_0054_01",1,5711,"ref_strain",54,1
"811","01_5743_0054_01",1,5743,"ref_strain",54,1
"812","01_5998_0054_01",1,5998,"ref_strain",54,1
"813","01_6007_0054_01",1,6007,"ref_strain",54,1
"814","01_6097_0054_01",1,6097,"ref_strain",54,1
"815","01_6134_0054_01",1,6134,"ref_strain",54,1
"816","01_6226_0054_01",1,6226,"ref_strain",54,1
"817","01_6408_0054_01",1,6408,"ref_strain",54,1
"818","01_6931_0054_01",1,6931,"ref_strain",54,1
"819","01_7500_0054_01",1,7500,"ref_strain",54,1
"820","01_7558_0054_01",1,7558,"ref_strain",54,1
"821","01_7823_0054_01",1,7823,"ref_strain",54,1
"822","01_7864_0054_01",1,7864,"ref_strain",54,1
"823","01_8382_0054_01",1,8382,"ref_strain",54,1
"824","01_8828_0054_01",1,8828,"ref_strain",54,1
"825","01_9133_0054_01",1,9133,"ref_strain",54,1
"826","01_9394_0054_01",1,9394,"ref_strain",54,1
"827","01_9567_0054_01",1,9567,"ref_strain",54,1
"828","01_9737_0054_01",1,9737,"ref_strain",54,1
"829","01_10004_0054_01",1,10004,"ref_strain",54,1
"830","01_10103_0054_01",1,10103,"ref_strain",54,1
"831","01_10914_0054_01",1,10914,"ref_strain",54,1
"832","01_11468_0054_01",1,11468,"ref_strain",54,1
"833","01_11628_0054_01",1,11628,"ref_strain",54,1
"834","01_11676_0054_01",1,11676,"ref_strain",54,1
"835","01_12060_0054_01",1,12060,"ref_strain",54,1
"836","01_12255_0054_01",1,12255,"ref_strain",54,1
"837","01_12276_0054_01",1,12276,"ref_strain",54,1
"838","01_12405_0054_01",1,12405,"ref_strain",54,1
"839","01_12716_0054_01",1,12716,"ref_strain",54,1
"840","01_0776_0055_01",1,776,"ref_strain",55,1
"841","01_0931_0055_01",1,931,"ref_strain",55,1
"842","01_1880_0055_01",1,1880,"ref_strain",55,1
"843","01_1916_0055_01",1,1916,"ref_strain",55,1
"844","01_2076_0055_01",1,2076,"ref_strain",55,1
"845","01_2408_0055_01",1,2408,"ref_strain",55,1
"846","01_2592_0055_01",1,2592,"ref_strain",55,1
"847","01_3267_0055_01",1,3267,"ref_strain",55,1
"848","01_3343_0055_01",1,3343,"ref_strain",55,1
"849","01_3756_0055_01",1,3756,"ref_strain",55,1
"850","01_4455_0055_01",1,4455,"ref_strain",55,1
"851","01_4565_0055_01",1,4565,"ref_strain",55,1
"852","01_4941_0055_01",1,4941,"ref_strain",55,1
"853","01_5197_0055_01",1,5197,"ref_strain",55,1
"854","01_5707_0055_01",1,5707,"ref_strain",55,1
"855","01_6079_0055_01",1,6079,"ref_strain",55,1
"856","01_6584_0055_01",1,6584,"ref_strain",55,1
"857","01_6603_0055_01",1,6603,"ref_strain",55,1
"858","01_6804_0055_01",1,6804,"ref_strain",55,1
"859","01_7131_0055_01",1,7131,"ref_strain",55,1
"860","01_7172_0055_01",1,7172,"ref_strain",55,1
"861","01_8307_0055_01",1,8307,"ref_strain",55,1
"862","01_8405_0055_01",1,8405,"ref_strain",55,1
"863","01_8691_0055_01",1,8691,"ref_strain",55,1
"864","01_8720_0055_01",1,8720,"ref_strain",55,1
"865","01_8875_0055_01",1,8875,"ref_strain",55,1
"866","01_9866_0055_01",1,9866,"ref_strain",55,1
"867","01_9906_0055_01",1,9906,"ref_strain",55,1
"868","01_9972_0055_01",1,9972,"ref_strain",55,1
"869","01_10259_0055_01",1,10259,"ref_strain",55,1
"870","01_10552_0055_01",1,10552,"ref_strain",55,1
"871","01_10941_0055_01",1,10941,"ref_strain",55,1
"872","01_11051_0055_01",1,11051,"ref_strain",55,1
"873","01_11196_0055_01",1,11196,"ref_strain",55,1
"874","01_11212_0055_01",1,11212,"ref_strain",55,1
"875","01_11274_0055_01",1,11274,"ref_strain",55,1
"876","01_11607_0055_01",1,11607,"ref_strain",55,1
"877","01_11709_0055_01",1,11709,"ref_strain",55,1
"878","01_12021_0055_01",1,12021,"ref_strain",55,1
"879","01_12188_0055_01",1,12188,"ref_strain",55,1
"880","01_12531_0055_01",1,12531,"ref_strain",55,1
"881","01_12786_0055_01",1,12786,"ref_strain",55,1
"882","01_12949_0055_01",1,12949,"ref_strain",55,1
"883","01_0126_0056_01",1,126,"ref_strain",56,1
"884","01_0270_0056_01",1,270,"ref_strain",56,1
"885","01_0437_0056_01",1,437,"ref_strain",56,1
"886","01_0974_0056_01",1,974,"ref_strain",56,1
"887","01_1160_0056_01",1,1160,"ref_strain",56,1
"888","01_1192_0056_01",1,1192,"ref_strain",56,1
"889","01_1253_0056_01",1,1253,"ref_strain",56,1
"890","01_2312_0056_01",1,2312,"ref_strain",56,1
"891","01_2332_0056_01",1,2332,"ref_strain",56,1
"892","01_3044_0056_01",1,3044,"ref_strain",56,1
"893","01_3192_0056_01",1,3192,"ref_strain",56,1
"894","01_3852_0056_01",1,3852,"ref_strain",56,1
"895","01_3955_0056_01",1,3955,"ref_strain",56,1
"896","01_4253_0056_01",1,4253,"ref_strain",56,1
"897","01_4503_0056_01",1,4503,"ref_strain",56,1
"898","01_4563_0056_01",1,4563,"ref_strain",56,1
"899","01_4586_0056_01",1,4586,"ref_strain",56,1
"900","01_4589_0056_01",1,4589,"ref_strain",56,1
"901","01_4773_0056_01",1,4773,"ref_strain",56,1
"902","01_5194_0056_01",1,5194,"ref_strain",56,1
"903","01_5639_0056_01",1,5639,"ref_strain",56,1
"904","01_5854_0056_01",1,5854,"ref_strain",56,1
"905","01_6683_0056_01",1,6683,"ref_strain",56,1
"906","01_7276_0056_01",1,7276,"ref_strain",56,1
"907","01_7431_0056_01",1,7431,"ref_strain",56,1
"908","01_7949_0056_01",1,7949,"ref_strain",56,1
"909","01_8184_0056_01",1,8184,"ref_strain",56,1
"910","01_8224_0056_01",1,8224,"ref_strain",56,1
"911","01_8508_0056_01",1,8508,"ref_strain",56,1
"912","01_9051_0056_01",1,9051,"ref_strain",56,1
"913","01_9342_0056_01",1,9342,"ref_strain",56,1
"914","01_9395_0056_01",1,9395,"ref_strain",56,1
"915","01_9581_0056_01",1,9581,"ref_strain",56,1
"916","01_9892_0056_01",1,9892,"ref_strain",56,1
"917","01_9960_0056_01",1,9960,"ref_strain",56,1
"918","01_9965_0056_01",1,9965,"ref_strain",56,1
"919","01_10018_0056_01",1,10018,"ref_strain",56,1
"920","01_10841_0056_01",1,10841,"ref_strain",56,1
"921","01_10848_0056_01",1,10848,"ref_strain",56,1
"922","01_11018_0056_01",1,11018,"ref_strain",56,1
"923","01_11127_0056_01",1,11127,"ref_strain",56,1
"924","01_11188_0056_01",1,11188,"ref_strain",56,1
"925","01_12256_0056_01",1,12256,"ref_strain",56,1
"926","01_12404_0056_01",1,12404,"ref_strain",56,1
"927","01_12583_0056_01",1,12583,"ref_strain",56,1
"928","01_12675_0056_01",1,12675,"ref_strain",56,1
"929","01_12857_0056_01",1,12857,"ref_strain",56,1
"930","01_12979_0056_01",1,12979,"ref_strain",56,1
"931","01_1177_0057_01",1,1177,"ref_strain",57,1
"932","01_1587_0057_01",1,1587,"ref_strain",57,1
"933","01_1633_0057_01",1,1633,"ref_strain",57,1
"934","01_1937_0057_01",1,1937,"ref_strain",57,1
"935","01_2162_0057_01",1,2162,"ref_strain",57,1
"936","01_2391_0057_01",1,2391,"ref_strain",57,1
"937","01_2430_0057_01",1,2430,"ref_strain",57,1
"938","01_2644_0057_01",1,2644,"ref_strain",57,1
"939","01_2833_0057_01",1,2833,"ref_strain",57,1
"940","01_3021_0057_01",1,3021,"ref_strain",57,1
"941","01_3114_0057_01",1,3114,"ref_strain",57,1
"942","01_3206_0057_01",1,3206,"ref_strain",57,1
"943","01_3819_0057_01",1,3819,"ref_strain",57,1
"944","01_3913_0057_01",1,3913,"ref_strain",57,1
"945","01_4392_0057_01",1,4392,"ref_strain",57,1
"946","01_4507_0057_01",1,4507,"ref_strain",57,1
"947","01_4575_0057_01",1,4575,"ref_strain",57,1
"948","01_4603_0057_01",1,4603,"ref_strain",57,1
"949","01_4697_0057_01",1,4697,"ref_strain",57,1
"950","01_4758_0057_01",1,4758,"ref_strain",57,1
"951","01_5399_0057_01",1,5399,"ref_strain",57,1
"952","01_5699_0057_01",1,5699,"ref_strain",57,1
"953","01_5902_0057_01",1,5902,"ref_strain",57,1
"954","01_6041_0057_01",1,6041,"ref_strain",57,1
"955","01_6145_0057_01",1,6145,"ref_strain",57,1
"956","01_6185_0057_01",1,6185,"ref_strain",57,1
"957","01_6529_0057_01",1,6529,"ref_strain",57,1
"958","01_6893_0057_01",1,6893,"ref_strain",57,1
"959","01_7145_0057_01",1,7145,"ref_strain",57,1
"960","01_7160_0057_01",1,7160,"ref_strain",57,1
"961","01_7662_0057_01",1,7662,"ref_strain",57,1
"962","01_7694_0057_01",1,7694,"ref_strain",57,1
"963","01_7712_0057_01",1,7712,"ref_strain",57,1
"964","01_8692_0057_01",1,8692,"ref_strain",57,1
"965","01_8771_0057_01",1,8771,"ref_strain",57,1
"966","01_8833_0057_01",1,8833,"ref_strain",57,1
"967","01_8952_0057_01",1,8952,"ref_strain",57,1
"968","01_9154_0057_01",1,9154,"ref_strain",57,1
"969","01_9176_0057_01",1,9176,"ref_strain",57,1
"970","01_9805_0057_01",1,9805,"ref_strain",57,1
"971","01_9812_0057_01",1,9812,"ref_strain",57,1
"972","01_10342_0057_01",1,10342,"ref_strain",57,1
"973","01_10683_0057_01",1,10683,"ref_strain",57,1
"974","01_10777_0057_01",1,10777,"ref_strain",57,1
"975","01_11189_0057_01",1,11189,"ref_strain",57,1
"976","01_11248_0057_01",1,11248,"ref_strain",57,1
"977","01_11328_0057_01",1,11328,"ref_strain",57,1
"978","01_11357_0057_01",1,11357,"ref_strain",57,1
"979","01_11469_0057_01",1,11469,"ref_strain",57,1
"980","01_11937_0057_01",1,11937,"ref_strain",57,1
"981","01_12131_0057_01",1,12131,"ref_strain",57,1
"982","01_12834_0057_01",1,12834,"ref_strain",57,1
"983","01_12842_0057_01",1,12842,"ref_strain",57,1
"984","01_0101_0058_01",1,101,"ref_strain",58,1
"985","01_0324_0058_01",1,324,"ref_strain",58,1
"986","01_0483_0058_01",1,483,"ref_strain",58,1
"987","01_1008_0058_01",1,1008,"ref_strain",58,1
"988","01_1478_0058_01",1,1478,"ref_strain",58,1
"989","01_1740_0058_01",1,1740,"ref_strain",58,1
"990","01_1853_0058_01",1,1853,"ref_strain",58,1
"991","01_2473_0058_01",1,2473,"ref_strain",58,1
"992","01_2659_0058_01",1,2659,"ref_strain",58,1
"993","01_2699_0058_01",1,2699,"ref_strain",58,1
"994","01_2820_0058_01",1,2820,"ref_strain",58,1
"995","01_3042_0058_01",1,3042,"ref_strain",58,1
"996","01_3150_0058_01",1,3150,"ref_strain",58,1
"997","01_3202_0058_01",1,3202,"ref_strain",58,1
"998","01_3262_0058_01",1,3262,"ref_strain",58,1
"999","01_3301_0058_01",1,3301,"ref_strain",58,1
"1000","01_4160_0058_01",1,4160,"ref_strain",58,1
"1001","01_4373_0058_01",1,4373,"ref_strain",58,1
"1002","01_4537_0058_01",1,4537,"ref_strain",58,1
"1003","01_4542_0058_01",1,4542,"ref_strain",58,1
"1004","01_4553_0058_01",1,4553,"ref_strain",58,1
"1005","01_4891_0058_01",1,4891,"ref_strain",58,1
"1006","01_4928_0058_01",1,4928,"ref_strain",58,1
"1007","01_5024_0058_01",1,5024,"ref_strain",58,1
"1008","01_5146_0058_01",1,5146,"ref_strain",58,1
"1009","01_5157_0058_01",1,5157,"ref_strain",58,1
"1010","01_5293_0058_01",1,5293,"ref_strain",58,1
"1011","01_5314_0058_01",1,5314,"ref_strain",58,1
"1012","01_5542_0058_01",1,5542,"ref_strain",58,1
"1013","01_5573_0058_01",1,5573,"ref_strain",58,1
"1014","01_5879_0058_01",1,5879,"ref_strain",58,1
"1015","01_6245_0058_01",1,6245,"ref_strain",58,1
"1016","01_6376_0058_01",1,6376,"ref_strain",58,1
"1017","01_6728_0058_01",1,6728,"ref_strain",58,1
"1018","01_6836_0058_01",1,6836,"ref_strain",58,1
"1019","01_7196_0058_01",1,7196,"ref_strain",58,1
"1020","01_7198_0058_01",1,7198,"ref_strain",58,1
"1021","01_7588_0058_01",1,7588,"ref_strain",58,1
"1022","01_7747_0058_01",1,7747,"ref_strain",58,1
"1023","01_7872_0058_01",1,7872,"ref_strain",58,1
"1024","01_7930_0058_01",1,7930,"ref_strain",58,1
"1025","01_8293_0058_01",1,8293,"ref_strain",58,1
"1026","01_8365_0058_01",1,8365,"ref_strain",58,1
"1027","01_8788_0058_01",1,8788,"ref_strain",58,1
"1028","01_8872_0058_01",1,8872,"ref_strain",58,1
"1029","01_9350_0058_01",1,9350,"ref_strain",58,1
"1030","01_9503_0058_01",1,9503,"ref_strain",58,1
"1031","01_9826_0058_01",1,9826,"ref_strain",58,1
"1032","01_9953_0058_01",1,9953,"ref_strain",58,1
"1033","01_11003_0058_01",1,11003,"ref_strain",58,1
"1034","01_11105_0058_01",1,11105,"ref_strain",58,1
"1035","01_11494_0058_01",1,11494,"ref_strain",58,1
"1036","01_11717_0058_01",1,11717,"ref_strain",58,1
"1037","01_11748_0058_01",1,11748,"ref_strain",58,1
"1038","01_12029_0058_01",1,12029,"ref_strain",58,1
"1039","01_12271_0058_01",1,12271,"ref_strain",58,1
"1040","01_12375_0058_01",1,12375,"ref_strain",58,1
"1041","01_12632_0058_01",1,12632,"ref_strain",58,1
"1042","01_12954_0058_01",1,12954,"ref_strain",58,1
"1043","01_0098_0059_01",1,98,"ref_strain",59,1
"1044","01_0229_0059_01",1,229,"ref_strain",59,1
"1045","01_0257_0059_01",1,257,"ref_strain",59,1
"1046","01_0282_0059_01",1,282,"ref_strain",59,1
"1047","01_0327_0059_01",1,327,"ref_strain",59,1
"1048","01_0377_0059_01",1,377,"ref_strain",59,1
"1049","01_0693_0059_01",1,693,"ref_strain",59,1
"1050","01_1108_0059_01",1,1108,"ref_strain",59,1
"1051","01_1250_0059_01",1,1250,"ref_strain",59,1
"1052","01_1394_0059_01",1,1394,"ref_strain",59,1
"1053","01_2050_0059_01",1,2050,"ref_strain",59,1
"1054","01_2568_0059_01",1,2568,"ref_strain",59,1
"1055","01_3324_0059_01",1,3324,"ref_strain",59,1
"1056","01_3491_0059_01",1,3491,"ref_strain",59,1
"1057","01_3577_0059_01",1,3577,"ref_strain",59,1
"1058","01_4019_0059_01",1,4019,"ref_strain",59,1
"1059","01_4302_0059_01",1,4302,"ref_strain",59,1
"1060","01_4436_0059_01",1,4436,"ref_strain",59,1
"1061","01_4488_0059_01",1,4488,"ref_strain",59,1
"1062","01_4515_0059_01",1,4515,"ref_strain",59,1
"1063","01_4679_0059_01",1,4679,"ref_strain",59,1
"1064","01_4684_0059_01",1,4684,"ref_strain",59,1
"1065","01_4705_0059_01",1,4705,"ref_strain",59,1
"1066","01_4721_0059_01",1,4721,"ref_strain",59,1
"1067","01_5036_0059_01",1,5036,"ref_strain",59,1
"1068","01_5069_0059_01",1,5069,"ref_strain",59,1
"1069","01_5113_0059_01",1,5113,"ref_strain",59,1
"1070","01_6025_0059_01",1,6025,"ref_strain",59,1
"1071","01_6516_0059_01",1,6516,"ref_strain",59,1
"1072","01_6587_0059_01",1,6587,"ref_strain",59,1
"1073","01_6598_0059_01",1,6598,"ref_strain",59,1
"1074","01_7129_0059_01",1,7129,"ref_strain",59,1
"1075","01_7528_0059_01",1,7528,"ref_strain",59,1
"1076","01_7613_0059_01",1,7613,"ref_strain",59,1
"1077","01_7635_0059_01",1,7635,"ref_strain",59,1
"1078","01_7711_0059_01",1,7711,"ref_strain",59,1
"1079","01_8043_0059_01",1,8043,"ref_strain",59,1
"1080","01_8069_0059_01",1,8069,"ref_strain",59,1
"1081","01_8634_0059_01",1,8634,"ref_strain",59,1
"1082","01_8886_0059_01",1,8886,"ref_strain",59,1
"1083","01_9010_0059_01",1,9010,"ref_strain",59,1
"1084","01_9431_0059_01",1,9431,"ref_strain",59,1
"1085","01_9688_0059_01",1,9688,"ref_strain",59,1
"1086","01_10013_0059_01",1,10013,"ref_strain",59,1
"1087","01_10264_0059_01",1,10264,"ref_strain",59,1
"1088","01_10364_0059_01",1,10364,"ref_strain",59,1
"1089","01_10878_0059_01",1,10878,"ref_strain",59,1
"1090","01_10968_0059_01",1,10968,"ref_strain",59,1
"1091","01_11154_0059_01",1,11154,"ref_strain",59,1
"1092","01_11185_0059_01",1,11185,"ref_strain",59,1
"1093","01_11693_0059_01",1,11693,"ref_strain",59,1
"1094","01_11774_0059_01",1,11774,"ref_strain",59,1
"1095","01_12279_0059_01",1,12279,"ref_strain",59,1
"1096","01_12343_0059_01",1,12343,"ref_strain",59,1
"1097","01_12419_0059_01",1,12419,"ref_strain",59,1
"1098","01_12470_0059_01",1,12470,"ref_strain",59,1
"1099","01_12584_0059_01",1,12584,"ref_strain",59,1
"1100","01_12593_0059_01",1,12593,"ref_strain",59,1
"1101","01_12649_0059_01",1,12649,"ref_strain",59,1
"1102","01_12992_0059_01",1,12992,"ref_strain",59,1
"1103","01_0055_0060_01",1,55,"ref_strain",60,1
"1104","01_0156_0060_01",1,156,"ref_strain",60,1
"1105","01_0427_0060_01",1,427,"ref_strain",60,1
"1106","01_0531_0060_01",1,531,"ref_strain",60,1
"1107","01_0683_0060_01",1,683,"ref_strain",60,1
"1108","01_0700_0060_01",1,700,"ref_strain",60,1
"1109","01_0722_0060_01",1,722,"ref_strain",60,1
"1110","01_0803_0060_01",1,803,"ref_strain",60,1
"1111","01_1413_0060_01",1,1413,"ref_strain",60,1
"1112","01_1681_0060_01",1,1681,"ref_strain",60,1
"1113","01_1953_0060_01",1,1953,"ref_strain",60,1
"1114","01_2079_0060_01",1,2079,"ref_strain",60,1
"1115","01_2142_0060_01",1,2142,"ref_strain",60,1
"1116","01_2203_0060_01",1,2203,"ref_strain",60,1
"1117","01_2227_0060_01",1,2227,"ref_strain",60,1
"1118","01_2256_0060_01",1,2256,"ref_strain",60,1
"1119","01_3036_0060_01",1,3036,"ref_strain",60,1
"1120","01_3172_0060_01",1,3172,"ref_strain",60,1
"1121","01_3315_0060_01",1,3315,"ref_strain",60,1
"1122","01_3395_0060_01",1,3395,"ref_strain",60,1
"1123","01_3759_0060_01",1,3759,"ref_strain",60,1
"1124","01_4080_0060_01",1,4080,"ref_strain",60,1
"1125","01_4314_0060_01",1,4314,"ref_strain",60,1
"1126","01_4343_0060_01",1,4343,"ref_strain",60,1
"1127","01_4710_0060_01",1,4710,"ref_strain",60,1
"1128","01_5114_0060_01",1,5114,"ref_strain",60,1
"1129","01_5359_0060_01",1,5359,"ref_strain",60,1
"1130","01_5376_0060_01",1,5376,"ref_strain",60,1
"1131","01_5574_0060_01",1,5574,"ref_strain",60,1
"1132","01_5577_0060_01",1,5577,"ref_strain",60,1
"1133","01_5580_0060_01",1,5580,"ref_strain",60,1
"1134","01_5643_0060_01",1,5643,"ref_strain",60,1
"1135","01_5675_0060_01",1,5675,"ref_strain",60,1
"1136","01_6040_0060_01",1,6040,"ref_strain",60,1
"1137","01_6511_0060_01",1,6511,"ref_strain",60,1
"1138","01_6826_0060_01",1,6826,"ref_strain",60,1
"1139","01_7165_0060_01",1,7165,"ref_strain",60,1
"1140","01_7193_0060_01",1,7193,"ref_strain",60,1
"1141","01_7215_0060_01",1,7215,"ref_strain",60,1
"1142","01_7294_0060_01",1,7294,"ref_strain",60,1
"1143","01_7333_0060_01",1,7333,"ref_strain",60,1
"1144","01_7434_0060_01",1,7434,"ref_strain",60,1
"1145","01_7778_0060_01",1,7778,"ref_strain",60,1
"1146","01_8356_0060_01",1,8356,"ref_strain",60,1
"1147","01_8760_0060_01",1,8760,"ref_strain",60,1
"1148","01_9050_0060_01",1,9050,"ref_strain",60,1
"1149","01_9347_0060_01",1,9347,"ref_strain",60,1
"1150","01_9423_0060_01",1,9423,"ref_strain",60,1
"1151","01_9492_0060_01",1,9492,"ref_strain",60,1
"1152","01_9555_0060_01",1,9555,"ref_strain",60,1
"1153","01_9754_0060_01",1,9754,"ref_strain",60,1
"1154","01_9786_0060_01",1,9786,"ref_strain",60,1
"1155","01_9896_0060_01",1,9896,"ref_strain",60,1
"1156","01_10201_0060_01",1,10201,"ref_strain",60,1
"1157","01_10223_0060_01",1,10223,"ref_strain",60,1
"1158","01_10232_0060_01",1,10232,"ref_strain",60,1
"1159","01_10270_0060_01",1,10270,"ref_strain",60,1
"1160","01_10320_0060_01",1,10320,"ref_strain",60,1
"1161","01_10874_0060_01",1,10874,"ref_strain",60,1
"1162","01_11085_0060_01",1,11085,"ref_strain",60,1
"1163","01_11102_0060_01",1,11102,"ref_strain",60,1
"1164","01_11151_0060_01",1,11151,"ref_strain",60,1
"1165","01_11161_0060_01",1,11161,"ref_strain",60,1
"1166","01_11447_0060_01",1,11447,"ref_strain",60,1
"1167","01_11643_0060_01",1,11643,"ref_strain",60,1
"1168","01_11788_0060_01",1,11788,"ref_strain",60,1
"1169","01_12147_0060_01",1,12147,"ref_strain",60,1
"1170","01_12226_0060_01",1,12226,"ref_strain",60,1
"1171","01_12403_0060_01",1,12403,"ref_strain",60,1
"1172","01_12458_0060_01",1,12458,"ref_strain",60,1
"1173","01_13017_0060_01",1,13017,"ref_strain",60,1
"1174","01_0413_0061_01",1,413,"ref_strain",61,1
"1175","01_0824_0061_01",1,824,"ref_strain",61,1
"1176","01_1031_0061_01",1,1031,"ref_strain",61,1
"1177","01_1080_0061_01",1,1080,"ref_strain",61,1
"1178","01_1197_0061_01",1,1197,"ref_strain",61,1
"1179","01_1385_0061_01",1,1385,"ref_strain",61,1
"1180","01_2067_0061_01",1,2067,"ref_strain",61,1
"1181","01_2155_0061_01",1,2155,"ref_strain",61,1
"1182","01_2365_0061_01",1,2365,"ref_strain",61,1
"1183","01_2479_0061_01",1,2479,"ref_strain",61,1
"1184","01_2723_0061_01",1,2723,"ref_strain",61,1
"1185","01_3035_0061_01",1,3035,"ref_strain",61,1
"1186","01_3358_0061_01",1,3358,"ref_strain",61,1
"1187","01_3531_0061_01",1,3531,"ref_strain",61,1
"1188","01_3559_0061_01",1,3559,"ref_strain",61,1
"1189","01_3565_0061_01",1,3565,"ref_strain",61,1
"1190","01_3602_0061_01",1,3602,"ref_strain",61,1
"1191","01_3697_0061_01",1,3697,"ref_strain",61,1
"1192","01_4161_0061_01",1,4161,"ref_strain",61,1
"1193","01_4307_0061_01",1,4307,"ref_strain",61,1
"1194","01_4308_0061_01",1,4308,"ref_strain",61,1
"1195","01_4595_0061_01",1,4595,"ref_strain",61,1
"1196","01_4973_0061_01",1,4973,"ref_strain",61,1
"1197","01_5191_0061_01",1,5191,"ref_strain",61,1
"1198","01_5753_0061_01",1,5753,"ref_strain",61,1
"1199","01_6037_0061_01",1,6037,"ref_strain",61,1
"1200","01_6162_0061_01",1,6162,"ref_strain",61,1
"1201","01_6323_0061_01",1,6323,"ref_strain",61,1
"1202","01_6447_0061_01",1,6447,"ref_strain",61,1
"1203","01_6495_0061_01",1,6495,"ref_strain",61,1
"1204","01_6710_0061_01",1,6710,"ref_strain",61,1
"1205","01_6863_0061_01",1,6863,"ref_strain",61,1
"1206","01_6880_0061_01",1,6880,"ref_strain",61,1
"1207","01_6975_0061_01",1,6975,"ref_strain",61,1
"1208","01_7068_0061_01",1,7068,"ref_strain",61,1
"1209","01_7447_0061_01",1,7447,"ref_strain",61,1
"1210","01_7968_0061_01",1,7968,"ref_strain",61,1
"1211","01_9194_0061_01",1,9194,"ref_strain",61,1
"1212","01_9430_0061_01",1,9430,"ref_strain",61,1
"1213","01_9432_0061_01",1,9432,"ref_strain",61,1
"1214","01_9709_0061_01",1,9709,"ref_strain",61,1
"1215","01_9757_0061_01",1,9757,"ref_strain",61,1
"1216","01_9758_0061_01",1,9758,"ref_strain",61,1
"1217","01_9937_0061_01",1,9937,"ref_strain",61,1
"1218","01_10124_0061_01",1,10124,"ref_strain",61,1
"1219","01_10217_0061_01",1,10217,"ref_strain",61,1
"1220","01_10451_0061_01",1,10451,"ref_strain",61,1
"1221","01_10827_0061_01",1,10827,"ref_strain",61,1
"1222","01_10934_0061_01",1,10934,"ref_strain",61,1
"1223","01_10945_0061_01",1,10945,"ref_strain",61,1
"1224","01_10987_0061_01",1,10987,"ref_strain",61,1
"1225","01_11078_0061_01",1,11078,"ref_strain",61,1
"1226","01_11334_0061_01",1,11334,"ref_strain",61,1
"1227","01_11488_0061_01",1,11488,"ref_strain",61,1
"1228","01_11493_0061_01",1,11493,"ref_strain",61,1
"1229","01_11942_0061_01",1,11942,"ref_strain",61,1
"1230","01_12134_0061_01",1,12134,"ref_strain",61,1
"1231","01_12169_0061_01",1,12169,"ref_strain",61,1
"1232","01_12443_0061_01",1,12443,"ref_strain",61,1
"1233","01_12515_0061_01",1,12515,"ref_strain",61,1
"1234","01_12807_0061_01",1,12807,"ref_strain",61,1
"1235","01_12973_0061_01",1,12973,"ref_strain",61,1
"1236","01_0029_0062_01",1,29,"ref_strain",62,1
"1237","01_0244_0062_01",1,244,"ref_strain",62,1
"1238","01_0562_0062_01",1,562,"ref_strain",62,1
"1239","01_0681_0062_01",1,681,"ref_strain",62,1
"1240","01_0783_0062_01",1,783,"ref_strain",62,1
"1241","01_0930_0062_01",1,930,"ref_strain",62,1
"1242","01_1127_0062_01",1,1127,"ref_strain",62,1
"1243","01_1745_0062_01",1,1745,"ref_strain",62,1
"1244","01_2033_0062_01",1,2033,"ref_strain",62,1
"1245","01_2136_0062_01",1,2136,"ref_strain",62,1
"1246","01_2153_0062_01",1,2153,"ref_strain",62,1
"1247","01_2567_0062_01",1,2567,"ref_strain",62,1
"1248","01_2605_0062_01",1,2605,"ref_strain",62,1
"1249","01_2809_0062_01",1,2809,"ref_strain",62,1
"1250","01_2816_0062_01",1,2816,"ref_strain",62,1
"1251","01_2836_0062_01",1,2836,"ref_strain",62,1
"1252","01_3007_0062_01",1,3007,"ref_strain",62,1
"1253","01_3344_0062_01",1,3344,"ref_strain",62,1
"1254","01_3408_0062_01",1,3408,"ref_strain",62,1
"1255","01_3499_0062_01",1,3499,"ref_strain",62,1
"1256","01_3795_0062_01",1,3795,"ref_strain",62,1
"1257","01_4360_0062_01",1,4360,"ref_strain",62,1
"1258","01_4384_0062_01",1,4384,"ref_strain",62,1
"1259","01_4396_0062_01",1,4396,"ref_strain",62,1
"1260","01_4728_0062_01",1,4728,"ref_strain",62,1
"1261","01_4752_0062_01",1,4752,"ref_strain",62,1
"1262","01_4903_0062_01",1,4903,"ref_strain",62,1
"1263","01_5116_0062_01",1,5116,"ref_strain",62,1
"1264","01_5246_0062_01",1,5246,"ref_strain",62,1
"1265","01_5291_0062_01",1,5291,"ref_strain",62,1
"1266","01_5372_0062_01",1,5372,"ref_strain",62,1
"1267","01_5533_0062_01",1,5533,"ref_strain",62,1
"1268","01_5609_0062_01",1,5609,"ref_strain",62,1
"1269","01_5610_0062_01",1,5610,"ref_strain",62,1
"1270","01_5927_0062_01",1,5927,"ref_strain",62,1
"1271","01_5930_0062_01",1,5930,"ref_strain",62,1
"1272","01_6187_0062_01",1,6187,"ref_strain",62,1
"1273","01_6293_0062_01",1,6293,"ref_strain",62,1
"1274","01_6703_0062_01",1,6703,"ref_strain",62,1
"1275","01_6812_0062_01",1,6812,"ref_strain",62,1
"1276","01_6819_0062_01",1,6819,"ref_strain",62,1
"1277","01_7128_0062_01",1,7128,"ref_strain",62,1
"1278","01_7419_0062_01",1,7419,"ref_strain",62,1
"1279","01_7772_0062_01",1,7772,"ref_strain",62,1
"1280","01_7928_0062_01",1,7928,"ref_strain",62,1
"1281","01_8084_0062_01",1,8084,"ref_strain",62,1
"1282","01_8154_0062_01",1,8154,"ref_strain",62,1
"1283","01_8260_0062_01",1,8260,"ref_strain",62,1
"1284","01_8290_0062_01",1,8290,"ref_strain",62,1
"1285","01_8379_0062_01",1,8379,"ref_strain",62,1
"1286","01_8554_0062_01",1,8554,"ref_strain",62,1
"1287","01_8671_0062_01",1,8671,"ref_strain",62,1
"1288","01_8717_0062_01",1,8717,"ref_strain",62,1
"1289","01_8990_0062_01",1,8990,"ref_strain",62,1
"1290","01_9291_0062_01",1,9291,"ref_strain",62,1
"1291","01_9583_0062_01",1,9583,"ref_strain",62,1
"1292","01_9780_0062_01",1,9780,"ref_strain",62,1
"1293","01_10012_0062_01",1,10012,"ref_strain",62,1
"1294","01_10031_0062_01",1,10031,"ref_strain",62,1
"1295","01_10296_0062_01",1,10296,"ref_strain",62,1
"1296","01_10412_0062_01",1,10412,"ref_strain",62,1
"1297","01_11059_0062_01",1,11059,"ref_strain",62,1
"1298","01_11313_0062_01",1,11313,"ref_strain",62,1
"1299","01_11603_0062_01",1,11603,"ref_strain",62,1
"1300","01_11872_0062_01",1,11872,"ref_strain",62,1
"1301","01_12238_0062_01",1,12238,"ref_strain",62,1
"1302","01_12288_0062_01",1,12288,"ref_strain",62,1
"1303","01_12327_0062_01",1,12327,"ref_strain",62,1
"1304","01_12331_0062_01",1,12331,"ref_strain",62,1
"1305","01_12457_0062_01",1,12457,"ref_strain",62,1
"1306","01_12526_0062_01",1,12526,"ref_strain",62,1
"1307","01_12590_0062_01",1,12590,"ref_strain",62,1
"1308","01_12725_0062_01",1,12725,"ref_strain",62,1
"1309","01_12766_0062_01",1,12766,"ref_strain",62,1
"1310","01_12858_0062_01",1,12858,"ref_strain",62,1
"1311","01_0243_0063_01",1,243,"ref_strain",63,1
"1312","01_0633_0063_01",1,633,"ref_strain",63,1
"1313","01_0695_0063_01",1,695,"ref_strain",63,1
"1314","01_0770_0063_01",1,770,"ref_strain",63,1
"1315","01_0941_0063_01",1,941,"ref_strain",63,1
"1316","01_1313_0063_01",1,1313,"ref_strain",63,1
"1317","01_1447_0063_01",1,1447,"ref_strain",63,1
"1318","01_1840_0063_01",1,1840,"ref_strain",63,1
"1319","01_1927_0063_01",1,1927,"ref_strain",63,1
"1320","01_2141_0063_01",1,2141,"ref_strain",63,1
"1321","01_2230_0063_01",1,2230,"ref_strain",63,1
"1322","01_2380_0063_01",1,2380,"ref_strain",63,1
"1323","01_2686_0063_01",1,2686,"ref_strain",63,1
"1324","01_2752_0063_01",1,2752,"ref_strain",63,1
"1325","01_3100_0063_01",1,3100,"ref_strain",63,1
"1326","01_3198_0063_01",1,3198,"ref_strain",63,1
"1327","01_3415_0063_01",1,3415,"ref_strain",63,1
"1328","01_3426_0063_01",1,3426,"ref_strain",63,1
"1329","01_3581_0063_01",1,3581,"ref_strain",63,1
"1330","01_3591_0063_01",1,3591,"ref_strain",63,1
"1331","01_3803_0063_01",1,3803,"ref_strain",63,1
"1332","01_4087_0063_01",1,4087,"ref_strain",63,1
"1333","01_4235_0063_01",1,4235,"ref_strain",63,1
"1334","01_4240_0063_01",1,4240,"ref_strain",63,1
"1335","01_4267_0063_01",1,4267,"ref_strain",63,1
"1336","01_4321_0063_01",1,4321,"ref_strain",63,1
"1337","01_4402_0063_01",1,4402,"ref_strain",63,1
"1338","01_4711_0063_01",1,4711,"ref_strain",63,1
"1339","01_4850_0063_01",1,4850,"ref_strain",63,1
"1340","01_4863_0063_01",1,4863,"ref_strain",63,1
"1341","01_4875_0063_01",1,4875,"ref_strain",63,1
"1342","01_5038_0063_01",1,5038,"ref_strain",63,1
"1343","01_5054_0063_01",1,5054,"ref_strain",63,1
"1344","01_5479_0063_01",1,5479,"ref_strain",63,1
"1345","01_5691_0063_01",1,5691,"ref_strain",63,1
"1346","01_5702_0063_01",1,5702,"ref_strain",63,1
"1347","01_5920_0063_01",1,5920,"ref_strain",63,1
"1348","01_6046_0063_01",1,6046,"ref_strain",63,1
"1349","01_6052_0063_01",1,6052,"ref_strain",63,1
"1350","01_6972_0063_01",1,6972,"ref_strain",63,1
"1351","01_7012_0063_01",1,7012,"ref_strain",63,1
"1352","01_7412_0063_01",1,7412,"ref_strain",63,1
"1353","01_7713_0063_01",1,7713,"ref_strain",63,1
"1354","01_8028_0063_01",1,8028,"ref_strain",63,1
"1355","01_8082_0063_01",1,8082,"ref_strain",63,1
"1356","01_8413_0063_01",1,8413,"ref_strain",63,1
"1357","01_9173_0063_01",1,9173,"ref_strain",63,1
"1358","01_9493_0063_01",1,9493,"ref_strain",63,1
"1359","01_9616_0063_01",1,9616,"ref_strain",63,1
"1360","01_9663_0063_01",1,9663,"ref_strain",63,1
"1361","01_9693_0063_01",1,9693,"ref_strain",63,1
"1362","01_9926_0063_01",1,9926,"ref_strain",63,1
"1363","01_9982_0063_01",1,9982,"ref_strain",63,1
"1364","01_10285_0063_01",1,10285,"ref_strain",63,1
"1365","01_10431_0063_01",1,10431,"ref_strain",63,1
"1366","01_10441_0063_01",1,10441,"ref_strain",63,1
"1367","01_10908_0063_01",1,10908,"ref_strain",63,1
"1368","01_10953_0063_01",1,10953,"ref_strain",63,1
"1369","01_10990_0063_01",1,10990,"ref_strain",63,1
"1370","01_11100_0063_01",1,11100,"ref_strain",63,1
"1371","01_11280_0063_01",1,11280,"ref_strain",63,1
"1372","01_11366_0063_01",1,11366,"ref_strain",63,1
"1373","01_11401_0063_01",1,11401,"ref_strain",63,1
"1374","01_11781_0063_01",1,11781,"ref_strain",63,1
"1375","01_11790_0063_01",1,11790,"ref_strain",63,1
"1376","01_11883_0063_01",1,11883,"ref_strain",63,1
"1377","01_12035_0063_01",1,12035,"ref_strain",63,1
"1378","01_12121_0063_01",1,12121,"ref_strain",63,1
"1379","01_12572_0063_01",1,12572,"ref_strain",63,1
"1380","01_12599_0063_01",1,12599,"ref_strain",63,1
"1381","01_12865_0063_01",1,12865,"ref_strain",63,1
"1382","01_12874_0063_01",1,12874,"ref_strain",63,1
"1383","01_0402_0064_01",1,402,"ref_strain",64,1
"1384","01_0431_0064_01",1,431,"ref_strain",64,1
"1385","01_0630_0064_01",1,630,"ref_strain",64,1
"1386","01_0688_0064_01",1,688,"ref_strain",64,1
"1387","01_0990_0064_01",1,990,"ref_strain",64,1
"1388","01_1140_0064_01",1,1140,"ref_strain",64,1
"1389","01_2011_0064_01",1,2011,"ref_strain",64,1
"1390","01_2054_0064_01",1,2054,"ref_strain",64,1
"1391","01_2197_0064_01",1,2197,"ref_strain",64,1
"1392","01_2225_0064_01",1,2225,"ref_strain",64,1
"1393","01_2326_0064_01",1,2326,"ref_strain",64,1
"1394","01_2348_0064_01",1,2348,"ref_strain",64,1
"1395","01_2458_0064_01",1,2458,"ref_strain",64,1
"1396","01_2510_0064_01",1,2510,"ref_strain",64,1
"1397","01_2622_0064_01",1,2622,"ref_strain",64,1
"1398","01_2682_0064_01",1,2682,"ref_strain",64,1
"1399","01_2782_0064_01",1,2782,"ref_strain",64,1
"1400","01_3175_0064_01",1,3175,"ref_strain",64,1
"1401","01_3290_0064_01",1,3290,"ref_strain",64,1
"1402","01_3306_0064_01",1,3306,"ref_strain",64,1
"1403","01_3323_0064_01",1,3323,"ref_strain",64,1
"1404","01_3428_0064_01",1,3428,"ref_strain",64,1
"1405","01_3447_0064_01",1,3447,"ref_strain",64,1
"1406","01_3944_0064_01",1,3944,"ref_strain",64,1
"1407","01_4105_0064_01",1,4105,"ref_strain",64,1
"1408","01_4155_0064_01",1,4155,"ref_strain",64,1
"1409","01_4299_0064_01",1,4299,"ref_strain",64,1
"1410","01_4316_0064_01",1,4316,"ref_strain",64,1
"1411","01_4387_0064_01",1,4387,"ref_strain",64,1
"1412","01_4433_0064_01",1,4433,"ref_strain",64,1
"1413","01_4493_0064_01",1,4493,"ref_strain",64,1
"1414","01_4593_0064_01",1,4593,"ref_strain",64,1
"1415","01_4867_0064_01",1,4867,"ref_strain",64,1
"1416","01_4920_0064_01",1,4920,"ref_strain",64,1
"1417","01_4960_0064_01",1,4960,"ref_strain",64,1
"1418","01_5070_0064_01",1,5070,"ref_strain",64,1
"1419","01_5288_0064_01",1,5288,"ref_strain",64,1
"1420","01_5429_0064_01",1,5429,"ref_strain",64,1
"1421","01_5502_0064_01",1,5502,"ref_strain",64,1
"1422","01_5759_0064_01",1,5759,"ref_strain",64,1
"1423","01_5805_0064_01",1,5805,"ref_strain",64,1
"1424","01_5965_0064_01",1,5965,"ref_strain",64,1
"1425","01_6258_0064_01",1,6258,"ref_strain",64,1
"1426","01_6828_0064_01",1,6828,"ref_strain",64,1
"1427","01_6891_0064_01",1,6891,"ref_strain",64,1
"1428","01_7030_0064_01",1,7030,"ref_strain",64,1
"1429","01_7404_0064_01",1,7404,"ref_strain",64,1
"1430","01_7477_0064_01",1,7477,"ref_strain",64,1
"1431","01_7742_0064_01",1,7742,"ref_strain",64,1
"1432","01_7796_0064_01",1,7796,"ref_strain",64,1
"1433","01_8014_0064_01",1,8014,"ref_strain",64,1
"1434","01_8099_0064_01",1,8099,"ref_strain",64,1
"1435","01_8181_0064_01",1,8181,"ref_strain",64,1
"1436","01_8300_0064_01",1,8300,"ref_strain",64,1
"1437","01_8461_0064_01",1,8461,"ref_strain",64,1
"1438","01_8566_0064_01",1,8566,"ref_strain",64,1
"1439","01_8774_0064_01",1,8774,"ref_strain",64,1
"1440","01_8806_0064_01",1,8806,"ref_strain",64,1
"1441","01_8876_0064_01",1,8876,"ref_strain",64,1
"1442","01_8896_0064_01",1,8896,"ref_strain",64,1
"1443","01_8940_0064_01",1,8940,"ref_strain",64,1
"1444","01_9253_0064_01",1,9253,"ref_strain",64,1
"1445","01_9370_0064_01",1,9370,"ref_strain",64,1
"1446","01_9993_0064_01",1,9993,"ref_strain",64,1
"1447","01_10256_0064_01",1,10256,"ref_strain",64,1
"1448","01_10470_0064_01",1,10470,"ref_strain",64,1
"1449","01_10641_0064_01",1,10641,"ref_strain",64,1
"1450","01_10651_0064_01",1,10651,"ref_strain",64,1
"1451","01_11013_0064_01",1,11013,"ref_strain",64,1
"1452","01_11116_0064_01",1,11116,"ref_strain",64,1
"1453","01_11209_0064_01",1,11209,"ref_strain",64,1
"1454","01_11217_0064_01",1,11217,"ref_strain",64,1
"1455","01_11492_0064_01",1,11492,"ref_strain",64,1
"1456","01_11584_0064_01",1,11584,"ref_strain",64,1
"1457","01_11762_0064_01",1,11762,"ref_strain",64,1
"1458","01_11813_0064_01",1,11813,"ref_strain",64,1
"1459","01_11862_0064_01",1,11862,"ref_strain",64,1
"1460","01_11865_0064_01",1,11865,"ref_strain",64,1
"1461","01_11930_0064_01",1,11930,"ref_strain",64,1
"1462","01_12032_0064_01",1,12032,"ref_strain",64,1
"1463","01_12196_0064_01",1,12196,"ref_strain",64,1
"1464","01_12552_0064_01",1,12552,"ref_strain",64,1
"1465","01_12621_0064_01",1,12621,"ref_strain",64,1
"1466","01_12901_0064_01",1,12901,"ref_strain",64,1
"1467","01_12911_0064_01",1,12911,"ref_strain",64,1
"1468","01_12938_0064_01",1,12938,"ref_strain",64,1
"1469","01_0020_0065_01",1,20,"ref_strain",65,1
"1470","01_0162_0065_01",1,162,"ref_strain",65,1
"1471","01_0729_0065_01",1,729,"ref_strain",65,1
"1472","01_0853_0065_01",1,853,"ref_strain",65,1
"1473","01_1169_0065_01",1,1169,"ref_strain",65,1
"1474","01_1271_0065_01",1,1271,"ref_strain",65,1
"1475","01_1708_0065_01",1,1708,"ref_strain",65,1
"1476","01_1845_0065_01",1,1845,"ref_strain",65,1
"1477","01_1847_0065_01",1,1847,"ref_strain",65,1
"1478","01_1905_0065_01",1,1905,"ref_strain",65,1
"1479","01_1957_0065_01",1,1957,"ref_strain",65,1
"1480","01_2013_0065_01",1,2013,"ref_strain",65,1
"1481","01_2828_0065_01",1,2828,"ref_strain",65,1
"1482","01_2904_0065_01",1,2904,"ref_strain",65,1
"1483","01_3117_0065_01",1,3117,"ref_strain",65,1
"1484","01_3181_0065_01",1,3181,"ref_strain",65,1
"1485","01_3288_0065_01",1,3288,"ref_strain",65,1
"1486","01_4189_0065_01",1,4189,"ref_strain",65,1
"1487","01_4248_0065_01",1,4248,"ref_strain",65,1
"1488","01_4381_0065_01",1,4381,"ref_strain",65,1
"1489","01_4772_0065_01",1,4772,"ref_strain",65,1
"1490","01_5053_0065_01",1,5053,"ref_strain",65,1
"1491","01_5211_0065_01",1,5211,"ref_strain",65,1
"1492","01_5539_0065_01",1,5539,"ref_strain",65,1
"1493","01_5606_0065_01",1,5606,"ref_strain",65,1
"1494","01_5694_0065_01",1,5694,"ref_strain",65,1
"1495","01_5860_0065_01",1,5860,"ref_strain",65,1
"1496","01_6161_0065_01",1,6161,"ref_strain",65,1
"1497","01_6506_0065_01",1,6506,"ref_strain",65,1
"1498","01_6695_0065_01",1,6695,"ref_strain",65,1
"1499","01_7062_0065_01",1,7062,"ref_strain",65,1
"1500","01_7069_0065_01",1,7069,"ref_strain",65,1
"1501","01_7107_0065_01",1,7107,"ref_strain",65,1
"1502","01_7520_0065_01",1,7520,"ref_strain",65,1
"1503","01_7936_0065_01",1,7936,"ref_strain",65,1
"1504","01_8089_0065_01",1,8089,"ref_strain",65,1
"1505","01_8137_0065_01",1,8137,"ref_strain",65,1
"1506","01_8147_0065_01",1,8147,"ref_strain",65,1
"1507","01_8252_0065_01",1,8252,"ref_strain",65,1
"1508","01_8480_0065_01",1,8480,"ref_strain",65,1
"1509","01_8558_0065_01",1,8558,"ref_strain",65,1
"1510","01_8575_0065_01",1,8575,"ref_strain",65,1
"1511","01_8764_0065_01",1,8764,"ref_strain",65,1
"1512","01_8973_0065_01",1,8973,"ref_strain",65,1
"1513","01_9023_0065_01",1,9023,"ref_strain",65,1
"1514","01_9084_0065_01",1,9084,"ref_strain",65,1
"1515","01_9087_0065_01",1,9087,"ref_strain",65,1
"1516","01_9141_0065_01",1,9141,"ref_strain",65,1
"1517","01_9753_0065_01",1,9753,"ref_strain",65,1
"1518","01_9942_0065_01",1,9942,"ref_strain",65,1
"1519","01_10035_0065_01",1,10035,"ref_strain",65,1
"1520","01_10222_0065_01",1,10222,"ref_strain",65,1
"1521","01_10947_0065_01",1,10947,"ref_strain",65,1
"1522","01_11396_0065_01",1,11396,"ref_strain",65,1
"1523","01_11436_0065_01",1,11436,"ref_strain",65,1
"1524","01_11968_0065_01",1,11968,"ref_strain",65,1
"1525","01_12368_0065_01",1,12368,"ref_strain",65,1
"1526","01_12491_0065_01",1,12491,"ref_strain",65,1
"1527","01_12718_0065_01",1,12718,"ref_strain",65,1
"1528","01_0058_0066_01",1,58,"ref_strain",66,1
"1529","01_0184_0066_01",1,184,"ref_strain",66,1
"1530","01_0207_0066_01",1,207,"ref_strain",66,1
"1531","01_0363_0066_01",1,363,"ref_strain",66,1
"1532","01_0846_0066_01",1,846,"ref_strain",66,1
"1533","01_1307_0066_01",1,1307,"ref_strain",66,1
"1534","01_1828_0066_01",1,1828,"ref_strain",66,1
"1535","01_2226_0066_01",1,2226,"ref_strain",66,1
"1536","01_2319_0066_01",1,2319,"ref_strain",66,1
"1537","01_2894_0066_01",1,2894,"ref_strain",66,1
"1538","01_2959_0066_01",1,2959,"ref_strain",66,1
"1539","01_3124_0066_01",1,3124,"ref_strain",66,1
"1540","01_3282_0066_01",1,3282,"ref_strain",66,1
"1541","01_3480_0066_01",1,3480,"ref_strain",66,1
"1542","01_3665_0066_01",1,3665,"ref_strain",66,1
"1543","01_3987_0066_01",1,3987,"ref_strain",66,1
"1544","01_4070_0066_01",1,4070,"ref_strain",66,1
"1545","01_4432_0066_01",1,4432,"ref_strain",66,1
"1546","01_4621_0066_01",1,4621,"ref_strain",66,1
"1547","01_4890_0066_01",1,4890,"ref_strain",66,1
"1548","01_4901_0066_01",1,4901,"ref_strain",66,1
"1549","01_5307_0066_01",1,5307,"ref_strain",66,1
"1550","01_5401_0066_01",1,5401,"ref_strain",66,1
"1551","01_5915_0066_01",1,5915,"ref_strain",66,1
"1552","01_6251_0066_01",1,6251,"ref_strain",66,1
"1553","01_6269_0066_01",1,6269,"ref_strain",66,1
"1554","01_6610_0066_01",1,6610,"ref_strain",66,1
"1555","01_6786_0066_01",1,6786,"ref_strain",66,1
"1556","01_7300_0066_01",1,7300,"ref_strain",66,1
"1557","01_7406_0066_01",1,7406,"ref_strain",66,1
"1558","01_7717_0066_01",1,7717,"ref_strain",66,1
"1559","01_8333_0066_01",1,8333,"ref_strain",66,1
"1560","01_8336_0066_01",1,8336,"ref_strain",66,1
"1561","01_8414_0066_01",1,8414,"ref_strain",66,1
"1562","01_8535_0066_01",1,8535,"ref_strain",66,1
"1563","01_8660_0066_01",1,8660,"ref_strain",66,1
"1564","01_8698_0066_01",1,8698,"ref_strain",66,1
"1565","01_8772_0066_01",1,8772,"ref_strain",66,1
"1566","01_8892_0066_01",1,8892,"ref_strain",66,1
"1567","01_9094_0066_01",1,9094,"ref_strain",66,1
"1568","01_9505_0066_01",1,9505,"ref_strain",66,1
"1569","01_9596_0066_01",1,9596,"ref_strain",66,1
"1570","01_9728_0066_01",1,9728,"ref_strain",66,1
"1571","01_10003_0066_01",1,10003,"ref_strain",66,1
"1572","01_10009_0066_01",1,10009,"ref_strain",66,1
"1573","01_10230_0066_01",1,10230,"ref_strain",66,1
"1574","01_10437_0066_01",1,10437,"ref_strain",66,1
"1575","01_10468_0066_01",1,10468,"ref_strain",66,1
"1576","01_10481_0066_01",1,10481,"ref_strain",66,1
"1577","01_10912_0066_01",1,10912,"ref_strain",66,1
"1578","01_10921_0066_01",1,10921,"ref_strain",66,1
"1579","01_10939_0066_01",1,10939,"ref_strain",66,1
"1580","01_10948_0066_01",1,10948,"ref_strain",66,1
"1581","01_11052_0066_01",1,11052,"ref_strain",66,1
"1582","01_11066_0066_01",1,11066,"ref_strain",66,1
"1583","01_11324_0066_01",1,11324,"ref_strain",66,1
"1584","01_12083_0066_01",1,12083,"ref_strain",66,1
"1585","01_12253_0066_01",1,12253,"ref_strain",66,1
"1586","01_12257_0066_01",1,12257,"ref_strain",66,1
"1587","01_12397_0066_01",1,12397,"ref_strain",66,1
"1588","01_12493_0066_01",1,12493,"ref_strain",66,1
"1589","01_12612_0066_01",1,12612,"ref_strain",66,1
"1590","01_12613_0066_01",1,12613,"ref_strain",66,1
"1591","01_12783_0066_01",1,12783,"ref_strain",66,1
"1592","01_0305_0067_01",1,305,"ref_strain",67,1
"1593","01_0358_0067_01",1,358,"ref_strain",67,1
"1594","01_0443_0067_01",1,443,"ref_strain",67,1
"1595","01_0508_0067_01",1,508,"ref_strain",67,1
"1596","01_0686_0067_01",1,686,"ref_strain",67,1
"1597","01_1771_0067_01",1,1771,"ref_strain",67,1
"1598","01_2010_0067_01",1,2010,"ref_strain",67,1
"1599","01_2093_0067_01",1,2093,"ref_strain",67,1
"1600","01_2370_0067_01",1,2370,"ref_strain",67,1
"1601","01_2409_0067_01",1,2409,"ref_strain",67,1
"1602","01_2422_0067_01",1,2422,"ref_strain",67,1
"1603","01_2511_0067_01",1,2511,"ref_strain",67,1
"1604","01_2779_0067_01",1,2779,"ref_strain",67,1
"1605","01_3022_0067_01",1,3022,"ref_strain",67,1
"1606","01_3277_0067_01",1,3277,"ref_strain",67,1
"1607","01_3917_0067_01",1,3917,"ref_strain",67,1
"1608","01_4569_0067_01",1,4569,"ref_strain",67,1
"1609","01_4576_0067_01",1,4576,"ref_strain",67,1
"1610","01_5011_0067_01",1,5011,"ref_strain",67,1
"1611","01_5411_0067_01",1,5411,"ref_strain",67,1
"1612","01_5444_0067_01",1,5444,"ref_strain",67,1
"1613","01_5454_0067_01",1,5454,"ref_strain",67,1
"1614","01_5653_0067_01",1,5653,"ref_strain",67,1
"1615","01_5664_0067_01",1,5664,"ref_strain",67,1
"1616","01_5909_0067_01",1,5909,"ref_strain",67,1
"1617","01_6213_0067_01",1,6213,"ref_strain",67,1
"1618","01_6317_0067_01",1,6317,"ref_strain",67,1
"1619","01_6524_0067_01",1,6524,"ref_strain",67,1
"1620","01_6566_0067_01",1,6566,"ref_strain",67,1
"1621","01_6654_0067_01",1,6654,"ref_strain",67,1
"1622","01_6699_0067_01",1,6699,"ref_strain",67,1
"1623","01_6917_0067_01",1,6917,"ref_strain",67,1
"1624","01_7386_0067_01",1,7386,"ref_strain",67,1
"1625","01_7541_0067_01",1,7541,"ref_strain",67,1
"1626","01_7584_0067_01",1,7584,"ref_strain",67,1
"1627","01_7960_0067_01",1,7960,"ref_strain",67,1
"1628","01_8035_0067_01",1,8035,"ref_strain",67,1
"1629","01_8253_0067_01",1,8253,"ref_strain",67,1
"1630","01_8274_0067_01",1,8274,"ref_strain",67,1
"1631","01_8736_0067_01",1,8736,"ref_strain",67,1
"1632","01_9179_0067_01",1,9179,"ref_strain",67,1
"1633","01_9190_0067_01",1,9190,"ref_strain",67,1
"1634","01_9433_0067_01",1,9433,"ref_strain",67,1
"1635","01_9497_0067_01",1,9497,"ref_strain",67,1
"1636","01_9864_0067_01",1,9864,"ref_strain",67,1
"1637","01_9877_0067_01",1,9877,"ref_strain",67,1
"1638","01_9923_0067_01",1,9923,"ref_strain",67,1
"1639","01_10059_0067_01",1,10059,"ref_strain",67,1
"1640","01_10126_0067_01",1,10126,"ref_strain",67,1
"1641","01_10361_0067_01",1,10361,"ref_strain",67,1
"1642","01_10418_0067_01",1,10418,"ref_strain",67,1
"1643","01_10491_0067_01",1,10491,"ref_strain",67,1
"1644","01_10528_0067_01",1,10528,"ref_strain",67,1
"1645","01_10973_0067_01",1,10973,"ref_strain",67,1
"1646","01_11133_0067_01",1,11133,"ref_strain",67,1
"1647","01_11174_0067_01",1,11174,"ref_strain",67,1
"1648","01_11448_0067_01",1,11448,"ref_strain",67,1
"1649","01_11567_0067_01",1,11567,"ref_strain",67,1
"1650","01_11626_0067_01",1,11626,"ref_strain",67,1
"1651","01_11689_0067_01",1,11689,"ref_strain",67,1
"1652","01_11791_0067_01",1,11791,"ref_strain",67,1
"1653","01_11804_0067_01",1,11804,"ref_strain",67,1
"1654","01_11886_0067_01",1,11886,"ref_strain",67,1
"1655","01_12315_0067_01",1,12315,"ref_strain",67,1
"1656","01_12448_0067_01",1,12448,"ref_strain",67,1
"1657","01_12719_0067_01",1,12719,"ref_strain",67,1
"1658","01_12820_0067_01",1,12820,"ref_strain",67,1
"1659","01_13022_0067_01",1,13022,"ref_strain",67,1
"1660","01_0131_0068_01",1,131,"ref_strain",68,1
"1661","01_0369_0068_01",1,369,"ref_strain",68,1
"1662","01_0614_0068_01",1,614,"ref_strain",68,1
"1663","01_0636_0068_01",1,636,"ref_strain",68,1
"1664","01_0638_0068_01",1,638,"ref_strain",68,1
"1665","01_1057_0068_01",1,1057,"ref_strain",68,1
"1666","01_1261_0068_01",1,1261,"ref_strain",68,1
"1667","01_1288_0068_01",1,1288,"ref_strain",68,1
"1668","01_1440_0068_01",1,1440,"ref_strain",68,1
"1669","01_1831_0068_01",1,1831,"ref_strain",68,1
"1670","01_1938_0068_01",1,1938,"ref_strain",68,1
"1671","01_2043_0068_01",1,2043,"ref_strain",68,1
"1672","01_2919_0068_01",1,2919,"ref_strain",68,1
"1673","01_2989_0068_01",1,2989,"ref_strain",68,1
"1674","01_3126_0068_01",1,3126,"ref_strain",68,1
"1675","01_3147_0068_01",1,3147,"ref_strain",68,1
"1676","01_3248_0068_01",1,3248,"ref_strain",68,1
"1677","01_3292_0068_01",1,3292,"ref_strain",68,1
"1678","01_3331_0068_01",1,3331,"ref_strain",68,1
"1679","01_3498_0068_01",1,3498,"ref_strain",68,1
"1680","01_3528_0068_01",1,3528,"ref_strain",68,1
"1681","01_3575_0068_01",1,3575,"ref_strain",68,1
"1682","01_3587_0068_01",1,3587,"ref_strain",68,1
"1683","01_3687_0068_01",1,3687,"ref_strain",68,1
"1684","01_3912_0068_01",1,3912,"ref_strain",68,1
"1685","01_4006_0068_01",1,4006,"ref_strain",68,1
"1686","01_4110_0068_01",1,4110,"ref_strain",68,1
"1687","01_4370_0068_01",1,4370,"ref_strain",68,1
"1688","01_4648_0068_01",1,4648,"ref_strain",68,1
"1689","01_4779_0068_01",1,4779,"ref_strain",68,1
"1690","01_4865_0068_01",1,4865,"ref_strain",68,1
"1691","01_4866_0068_01",1,4866,"ref_strain",68,1
"1692","01_4881_0068_01",1,4881,"ref_strain",68,1
"1693","01_5267_0068_01",1,5267,"ref_strain",68,1
"1694","01_5305_0068_01",1,5305,"ref_strain",68,1
"1695","01_5472_0068_01",1,5472,"ref_strain",68,1
"1696","01_5518_0068_01",1,5518,"ref_strain",68,1
"1697","01_5623_0068_01",1,5623,"ref_strain",68,1
"1698","01_5657_0068_01",1,5657,"ref_strain",68,1
"1699","01_5791_0068_01",1,5791,"ref_strain",68,1
"1700","01_5816_0068_01",1,5816,"ref_strain",68,1
"1701","01_5864_0068_01",1,5864,"ref_strain",68,1
"1702","01_6163_0068_01",1,6163,"ref_strain",68,1
"1703","01_6307_0068_01",1,6307,"ref_strain",68,1
"1704","01_6328_0068_01",1,6328,"ref_strain",68,1
"1705","01_6585_0068_01",1,6585,"ref_strain",68,1
"1706","01_6688_0068_01",1,6688,"ref_strain",68,1
"1707","01_6888_0068_01",1,6888,"ref_strain",68,1
"1708","01_6976_0068_01",1,6976,"ref_strain",68,1
"1709","01_7197_0068_01",1,7197,"ref_strain",68,1
"1710","01_7245_0068_01",1,7245,"ref_strain",68,1
"1711","01_7371_0068_01",1,7371,"ref_strain",68,1
"1712","01_7538_0068_01",1,7538,"ref_strain",68,1
"1713","01_7597_0068_01",1,7597,"ref_strain",68,1
"1714","01_7620_0068_01",1,7620,"ref_strain",68,1
"1715","01_7810_0068_01",1,7810,"ref_strain",68,1
"1716","01_7964_0068_01",1,7964,"ref_strain",68,1
"1717","01_7977_0068_01",1,7977,"ref_strain",68,1
"1718","01_8128_0068_01",1,8128,"ref_strain",68,1
"1719","01_8146_0068_01",1,8146,"ref_strain",68,1
"1720","01_8728_0068_01",1,8728,"ref_strain",68,1
"1721","01_8834_0068_01",1,8834,"ref_strain",68,1
"1722","01_8843_0068_01",1,8843,"ref_strain",68,1
"1723","01_9000_0068_01",1,9000,"ref_strain",68,1
"1724","01_9116_0068_01",1,9116,"ref_strain",68,1
"1725","01_9677_0068_01",1,9677,"ref_strain",68,1
"1726","01_9683_0068_01",1,9683,"ref_strain",68,1
"1727","01_9687_0068_01",1,9687,"ref_strain",68,1
"1728","01_9746_0068_01",1,9746,"ref_strain",68,1
"1729","01_10266_0068_01",1,10266,"ref_strain",68,1
"1730","01_10393_0068_01",1,10393,"ref_strain",68,1
"1731","01_10677_0068_01",1,10677,"ref_strain",68,1
"1732","01_10966_0068_01",1,10966,"ref_strain",68,1
"1733","01_10993_0068_01",1,10993,"ref_strain",68,1
"1734","01_11065_0068_01",1,11065,"ref_strain",68,1
"1735","01_11134_0068_01",1,11134,"ref_strain",68,1
"1736","01_11143_0068_01",1,11143,"ref_strain",68,1
"1737","01_11254_0068_01",1,11254,"ref_strain",68,1
"1738","01_11793_0068_01",1,11793,"ref_strain",68,1
"1739","01_11801_0068_01",1,11801,"ref_strain",68,1
"1740","01_12382_0068_01",1,12382,"ref_strain",68,1
"1741","01_12764_0068_01",1,12764,"ref_strain",68,1
"1742","01_12968_0068_01",1,12968,"ref_strain",68,1
"1743","01_0230_0069_01",1,230,"ref_strain",69,1
"1744","01_0254_0069_01",1,254,"ref_strain",69,1
"1745","01_0275_0069_01",1,275,"ref_strain",69,1
"1746","01_0392_0069_01",1,392,"ref_strain",69,1
"1747","01_0762_0069_01",1,762,"ref_strain",69,1
"1748","01_0815_0069_01",1,815,"ref_strain",69,1
"1749","01_0885_0069_01",1,885,"ref_strain",69,1
"1750","01_0999_0069_01",1,999,"ref_strain",69,1
"1751","01_1087_0069_01",1,1087,"ref_strain",69,1
"1752","01_1258_0069_01",1,1258,"ref_strain",69,1
"1753","01_1533_0069_01",1,1533,"ref_strain",69,1
"1754","01_1602_0069_01",1,1602,"ref_strain",69,1
"1755","01_1634_0069_01",1,1634,"ref_strain",69,1
"1756","01_1663_0069_01",1,1663,"ref_strain",69,1
"1757","01_1704_0069_01",1,1704,"ref_strain",69,1
"1758","01_1718_0069_01",1,1718,"ref_strain",69,1
"1759","01_1809_0069_01",1,1809,"ref_strain",69,1
"1760","01_1826_0069_01",1,1826,"ref_strain",69,1
"1761","01_1876_0069_01",1,1876,"ref_strain",69,1
"1762","01_1888_0069_01",1,1888,"ref_strain",69,1
"1763","01_1994_0069_01",1,1994,"ref_strain",69,1
"1764","01_2252_0069_01",1,2252,"ref_strain",69,1
"1765","01_2283_0069_01",1,2283,"ref_strain",69,1
"1766","01_2396_0069_01",1,2396,"ref_strain",69,1
"1767","01_2427_0069_01",1,2427,"ref_strain",69,1
"1768","01_2917_0069_01",1,2917,"ref_strain",69,1
"1769","01_3189_0069_01",1,3189,"ref_strain",69,1
"1770","01_3676_0069_01",1,3676,"ref_strain",69,1
"1771","01_3776_0069_01",1,3776,"ref_strain",69,1
"1772","01_3788_0069_01",1,3788,"ref_strain",69,1
"1773","01_3895_0069_01",1,3895,"ref_strain",69,1
"1774","01_3897_0069_01",1,3897,"ref_strain",69,1
"1775","01_4101_0069_01",1,4101,"ref_strain",69,1
"1776","01_4568_0069_01",1,4568,"ref_strain",69,1
"1777","01_4598_0069_01",1,4598,"ref_strain",69,1
"1778","01_4609_0069_01",1,4609,"ref_strain",69,1
"1779","01_4610_0069_01",1,4610,"ref_strain",69,1
"1780","01_4627_0069_01",1,4627,"ref_strain",69,1
"1781","01_4647_0069_01",1,4647,"ref_strain",69,1
"1782","01_4749_0069_01",1,4749,"ref_strain",69,1
"1783","01_4821_0069_01",1,4821,"ref_strain",69,1
"1784","01_5238_0069_01",1,5238,"ref_strain",69,1
"1785","01_5508_0069_01",1,5508,"ref_strain",69,1
"1786","01_5632_0069_01",1,5632,"ref_strain",69,1
"1787","01_5716_0069_01",1,5716,"ref_strain",69,1
"1788","01_5789_0069_01",1,5789,"ref_strain",69,1
"1789","01_6146_0069_01",1,6146,"ref_strain",69,1
"1790","01_6706_0069_01",1,6706,"ref_strain",69,1
"1791","01_6881_0069_01",1,6881,"ref_strain",69,1
"1792","01_6910_0069_01",1,6910,"ref_strain",69,1
"1793","01_7238_0069_01",1,7238,"ref_strain",69,1
"1794","01_7622_0069_01",1,7622,"ref_strain",69,1
"1795","01_7630_0069_01",1,7630,"ref_strain",69,1
"1796","01_7719_0069_01",1,7719,"ref_strain",69,1
"1797","01_7885_0069_01",1,7885,"ref_strain",69,1
"1798","01_7946_0069_01",1,7946,"ref_strain",69,1
"1799","01_8553_0069_01",1,8553,"ref_strain",69,1
"1800","01_9046_0069_01",1,9046,"ref_strain",69,1
"1801","01_9102_0069_01",1,9102,"ref_strain",69,1
"1802","01_9226_0069_01",1,9226,"ref_strain",69,1
"1803","01_9261_0069_01",1,9261,"ref_strain",69,1
"1804","01_9282_0069_01",1,9282,"ref_strain",69,1
"1805","01_9327_0069_01",1,9327,"ref_strain",69,1
"1806","01_9791_0069_01",1,9791,"ref_strain",69,1
"1807","01_9985_0069_01",1,9985,"ref_strain",69,1
"1808","01_10156_0069_01",1,10156,"ref_strain",69,1
"1809","01_10579_0069_01",1,10579,"ref_strain",69,1
"1810","01_11099_0069_01",1,11099,"ref_strain",69,1
"1811","01_11455_0069_01",1,11455,"ref_strain",69,1
"1812","01_11467_0069_01",1,11467,"ref_strain",69,1
"1813","01_11474_0069_01",1,11474,"ref_strain",69,1
"1814","01_11486_0069_01",1,11486,"ref_strain",69,1
"1815","01_11839_0069_01",1,11839,"ref_strain",69,1
"1816","01_12013_0069_01",1,12013,"ref_strain",69,1
"1817","01_12092_0069_01",1,12092,"ref_strain",69,1
"1818","01_12108_0069_01",1,12108,"ref_strain",69,1
"1819","01_12187_0069_01",1,12187,"ref_strain",69,1
"1820","01_12318_0069_01",1,12318,"ref_strain",69,1
"1821","01_12373_0069_01",1,12373,"ref_strain",69,1
"1822","01_12446_0069_01",1,12446,"ref_strain",69,1
"1823","01_12460_0069_01",1,12460,"ref_strain",69,1
"1824","01_12549_0069_01",1,12549,"ref_strain",69,1
"1825","01_12668_0069_01",1,12668,"ref_strain",69,1
"1826","01_12751_0069_01",1,12751,"ref_strain",69,1
"1827","01_12756_0069_01",1,12756,"ref_strain",69,1
"1828","01_12825_0069_01",1,12825,"ref_strain",69,1
"1829","01_12839_0069_01",1,12839,"ref_strain",69,1
"1830","01_12864_0069_01",1,12864,"ref_strain",69,1
"1831","01_12876_0069_01",1,12876,"ref_strain",69,1
"1832","01_12913_0069_01",1,12913,"ref_strain",69,1
"1833","01_0191_0070_01",1,191,"ref_strain",70,1
"1834","01_0566_0070_01",1,566,"ref_strain",70,1
"1835","01_0601_0070_01",1,601,"ref_strain",70,1
"1836","01_0669_0070_01",1,669,"ref_strain",70,1
"1837","01_0675_0070_01",1,675,"ref_strain",70,1
"1838","01_0891_0070_01",1,891,"ref_strain",70,1
"1839","01_0960_0070_01",1,960,"ref_strain",70,1
"1840","01_1101_0070_01",1,1101,"ref_strain",70,1
"1841","01_1765_0070_01",1,1765,"ref_strain",70,1
"1842","01_2019_0070_01",1,2019,"ref_strain",70,1
"1843","01_2266_0070_01",1,2266,"ref_strain",70,1
"1844","01_2641_0070_01",1,2641,"ref_strain",70,1
"1845","01_2728_0070_01",1,2728,"ref_strain",70,1
"1846","01_3207_0070_01",1,3207,"ref_strain",70,1
"1847","01_3468_0070_01",1,3468,"ref_strain",70,1
"1848","01_3492_0070_01",1,3492,"ref_strain",70,1
"1849","01_4219_0070_01",1,4219,"ref_strain",70,1
"1850","01_4234_0070_01",1,4234,"ref_strain",70,1
"1851","01_4380_0070_01",1,4380,"ref_strain",70,1
"1852","01_4481_0070_01",1,4481,"ref_strain",70,1
"1853","01_5644_0070_01",1,5644,"ref_strain",70,1
"1854","01_6026_0070_01",1,6026,"ref_strain",70,1
"1855","01_6085_0070_01",1,6085,"ref_strain",70,1
"1856","01_6142_0070_01",1,6142,"ref_strain",70,1
"1857","01_6239_0070_01",1,6239,"ref_strain",70,1
"1858","01_6546_0070_01",1,6546,"ref_strain",70,1
"1859","01_6657_0070_01",1,6657,"ref_strain",70,1
"1860","01_6967_0070_01",1,6967,"ref_strain",70,1
"1861","01_6993_0070_01",1,6993,"ref_strain",70,1
"1862","01_7293_0070_01",1,7293,"ref_strain",70,1
"1863","01_7490_0070_01",1,7490,"ref_strain",70,1
"1864","01_7677_0070_01",1,7677,"ref_strain",70,1
"1865","01_7767_0070_01",1,7767,"ref_strain",70,1
"1866","01_7867_0070_01",1,7867,"ref_strain",70,1
"1867","01_7929_0070_01",1,7929,"ref_strain",70,1
"1868","01_7982_0070_01",1,7982,"ref_strain",70,1
"1869","01_8008_0070_01",1,8008,"ref_strain",70,1
"1870","01_8112_0070_01",1,8112,"ref_strain",70,1
"1871","01_8113_0070_01",1,8113,"ref_strain",70,1
"1872","01_8780_0070_01",1,8780,"ref_strain",70,1
"1873","01_8985_0070_01",1,8985,"ref_strain",70,1
"1874","01_9123_0070_01",1,9123,"ref_strain",70,1
"1875","01_9459_0070_01",1,9459,"ref_strain",70,1
"1876","01_9633_0070_01",1,9633,"ref_strain",70,1
"1877","01_9901_0070_01",1,9901,"ref_strain",70,1
"1878","01_10065_0070_01",1,10065,"ref_strain",70,1
"1879","01_10133_0070_01",1,10133,"ref_strain",70,1
"1880","01_10180_0070_01",1,10180,"ref_strain",70,1
"1881","01_10219_0070_01",1,10219,"ref_strain",70,1
"1882","01_10341_0070_01",1,10341,"ref_strain",70,1
"1883","01_10409_0070_01",1,10409,"ref_strain",70,1
"1884","01_10778_0070_01",1,10778,"ref_strain",70,1
"1885","01_10790_0070_01",1,10790,"ref_strain",70,1
"1886","01_10855_0070_01",1,10855,"ref_strain",70,1
"1887","01_11111_0070_01",1,11111,"ref_strain",70,1
"1888","01_11608_0070_01",1,11608,"ref_strain",70,1
"1889","01_11625_0070_01",1,11625,"ref_strain",70,1
"1890","01_12525_0070_01",1,12525,"ref_strain",70,1
"1891","01_12615_0070_01",1,12615,"ref_strain",70,1
"1892","01_12641_0070_01",1,12641,"ref_strain",70,1
"1893","01_12896_0070_01",1,12896,"ref_strain",70,1
"1894","01_12925_0070_01",1,12925,"ref_strain",70,1
"1895","01_0076_0071_01",1,76,"ref_strain",71,1
"1896","01_0083_0071_01",1,83,"ref_strain",71,1
"1897","01_0103_0071_01",1,103,"ref_strain",71,1
"1898","01_0314_0071_01",1,314,"ref_strain",71,1
"1899","01_0349_0071_01",1,349,"ref_strain",71,1
"1900","01_0872_0071_01",1,872,"ref_strain",71,1
"1901","01_0925_0071_01",1,925,"ref_strain",71,1
"1902","01_0940_0071_01",1,940,"ref_strain",71,1
"1903","01_1284_0071_01",1,1284,"ref_strain",71,1
"1904","01_1393_0071_01",1,1393,"ref_strain",71,1
"1905","01_1437_0071_01",1,1437,"ref_strain",71,1
"1906","01_1759_0071_01",1,1759,"ref_strain",71,1
"1907","01_1896_0071_01",1,1896,"ref_strain",71,1
"1908","01_2002_0071_01",1,2002,"ref_strain",71,1
"1909","01_2165_0071_01",1,2165,"ref_strain",71,1
"1910","01_2213_0071_01",1,2213,"ref_strain",71,1
"1911","01_2221_0071_01",1,2221,"ref_strain",71,1
"1912","01_2288_0071_01",1,2288,"ref_strain",71,1
"1913","01_2352_0071_01",1,2352,"ref_strain",71,1
"1914","01_2374_0071_01",1,2374,"ref_strain",71,1
"1915","01_2528_0071_01",1,2528,"ref_strain",71,1
"1916","01_2579_0071_01",1,2579,"ref_strain",71,1
"1917","01_2582_0071_01",1,2582,"ref_strain",71,1
"1918","01_2738_0071_01",1,2738,"ref_strain",71,1
"1919","01_2923_0071_01",1,2923,"ref_strain",71,1
"1920","01_3213_0071_01",1,3213,"ref_strain",71,1
"1921","01_3255_0071_01",1,3255,"ref_strain",71,1
"1922","01_3550_0071_01",1,3550,"ref_strain",71,1
"1923","01_3597_0071_01",1,3597,"ref_strain",71,1
"1924","01_3770_0071_01",1,3770,"ref_strain",71,1
"1925","01_4832_0071_01",1,4832,"ref_strain",71,1
"1926","01_5138_0071_01",1,5138,"ref_strain",71,1
"1927","01_5181_0071_01",1,5181,"ref_strain",71,1
"1928","01_5217_0071_01",1,5217,"ref_strain",71,1
"1929","01_5225_0071_01",1,5225,"ref_strain",71,1
"1930","01_5332_0071_01",1,5332,"ref_strain",71,1
"1931","01_5817_0071_01",1,5817,"ref_strain",71,1
"1932","01_5833_0071_01",1,5833,"ref_strain",71,1
"1933","01_5996_0071_01",1,5996,"ref_strain",71,1
"1934","01_6029_0071_01",1,6029,"ref_strain",71,1
"1935","01_6071_0071_01",1,6071,"ref_strain",71,1
"1936","01_6075_0071_01",1,6075,"ref_strain",71,1
"1937","01_6326_0071_01",1,6326,"ref_strain",71,1
"1938","01_6583_0071_01",1,6583,"ref_strain",71,1
"1939","01_6745_0071_01",1,6745,"ref_strain",71,1
"1940","01_7099_0071_01",1,7099,"ref_strain",71,1
"1941","01_7648_0071_01",1,7648,"ref_strain",71,1
"1942","01_7681_0071_01",1,7681,"ref_strain",71,1
"1943","01_7907_0071_01",1,7907,"ref_strain",71,1
"1944","01_8001_0071_01",1,8001,"ref_strain",71,1
"1945","01_8042_0071_01",1,8042,"ref_strain",71,1
"1946","01_8174_0071_01",1,8174,"ref_strain",71,1
"1947","01_8268_0071_01",1,8268,"ref_strain",71,1
"1948","01_8395_0071_01",1,8395,"ref_strain",71,1
"1949","01_8452_0071_01",1,8452,"ref_strain",71,1
"1950","01_8519_0071_01",1,8519,"ref_strain",71,1
"1951","01_8543_0071_01",1,8543,"ref_strain",71,1
"1952","01_8587_0071_01",1,8587,"ref_strain",71,1
"1953","01_8777_0071_01",1,8777,"ref_strain",71,1
"1954","01_9315_0071_01",1,9315,"ref_strain",71,1
"1955","01_9499_0071_01",1,9499,"ref_strain",71,1
"1956","01_9559_0071_01",1,9559,"ref_strain",71,1
"1957","01_9807_0071_01",1,9807,"ref_strain",71,1
"1958","01_9881_0071_01",1,9881,"ref_strain",71,1
"1959","01_10408_0071_01",1,10408,"ref_strain",71,1
"1960","01_10433_0071_01",1,10433,"ref_strain",71,1
"1961","01_10592_0071_01",1,10592,"ref_strain",71,1
"1962","01_10794_0071_01",1,10794,"ref_strain",71,1
"1963","01_10882_0071_01",1,10882,"ref_strain",71,1
"1964","01_11077_0071_01",1,11077,"ref_strain",71,1
"1965","01_11115_0071_01",1,11115,"ref_strain",71,1
"1966","01_11571_0071_01",1,11571,"ref_strain",71,1
"1967","01_11615_0071_01",1,11615,"ref_strain",71,1
"1968","01_11636_0071_01",1,11636,"ref_strain",71,1
"1969","01_11681_0071_01",1,11681,"ref_strain",71,1
"1970","01_11949_0071_01",1,11949,"ref_strain",71,1
"1971","01_12136_0071_01",1,12136,"ref_strain",71,1
"1972","01_12319_0071_01",1,12319,"ref_strain",71,1
"1973","01_12577_0071_01",1,12577,"ref_strain",71,1
"1974","01_12713_0071_01",1,12713,"ref_strain",71,1
"1975","01_12727_0071_01",1,12727,"ref_strain",71,1
"1976","01_12897_0071_01",1,12897,"ref_strain",71,1
"1977","01_13007_0071_01",1,13007,"ref_strain",71,1
"1978","01_13019_0071_01",1,13019,"ref_strain",71,1
"1979","01_0034_0072_01",1,34,"ref_strain",72,1
"1980","01_0070_0072_01",1,70,"ref_strain",72,1
"1981","01_1099_0072_01",1,1099,"ref_strain",72,1
"1982","01_1123_0072_01",1,1123,"ref_strain",72,1
"1983","01_1211_0072_01",1,1211,"ref_strain",72,1
"1984","01_1479_0072_01",1,1479,"ref_strain",72,1
"1985","01_1503_0072_01",1,1503,"ref_strain",72,1
"1986","01_1569_0072_01",1,1569,"ref_strain",72,1
"1987","01_1607_0072_01",1,1607,"ref_strain",72,1
"1988","01_1739_0072_01",1,1739,"ref_strain",72,1
"1989","01_1849_0072_01",1,1849,"ref_strain",72,1
"1990","01_1986_0072_01",1,1986,"ref_strain",72,1
"1991","01_2234_0072_01",1,2234,"ref_strain",72,1
"1992","01_2398_0072_01",1,2398,"ref_strain",72,1
"1993","01_2580_0072_01",1,2580,"ref_strain",72,1
"1994","01_2930_0072_01",1,2930,"ref_strain",72,1
"1995","01_3091_0072_01",1,3091,"ref_strain",72,1
"1996","01_3310_0072_01",1,3310,"ref_strain",72,1
"1997","01_3334_0072_01",1,3334,"ref_strain",72,1
"1998","01_3463_0072_01",1,3463,"ref_strain",72,1
"1999","01_3811_0072_01",1,3811,"ref_strain",72,1
"2000","01_3928_0072_01",1,3928,"ref_strain",72,1
"2001","01_4297_0072_01",1,4297,"ref_strain",72,1
"2002","01_5297_0072_01",1,5297,"ref_strain",72,1
"2003","01_5342_0072_01",1,5342,"ref_strain",72,1
"2004","01_5809_0072_01",1,5809,"ref_strain",72,1
"2005","01_6263_0072_01",1,6263,"ref_strain",72,1
"2006","01_6271_0072_01",1,6271,"ref_strain",72,1
"2007","01_6286_0072_01",1,6286,"ref_strain",72,1
"2008","01_6409_0072_01",1,6409,"ref_strain",72,1
"2009","01_6470_0072_01",1,6470,"ref_strain",72,1
"2010","01_6581_0072_01",1,6581,"ref_strain",72,1
"2011","01_6647_0072_01",1,6647,"ref_strain",72,1
"2012","01_6909_0072_01",1,6909,"ref_strain",72,1
"2013","01_7013_0072_01",1,7013,"ref_strain",72,1
"2014","01_7192_0072_01",1,7192,"ref_strain",72,1
"2015","01_7234_0072_01",1,7234,"ref_strain",72,1
"2016","01_7271_0072_01",1,7271,"ref_strain",72,1
"2017","01_7283_0072_01",1,7283,"ref_strain",72,1
"2018","01_7480_0072_01",1,7480,"ref_strain",72,1
"2019","01_7639_0072_01",1,7639,"ref_strain",72,1
"2020","01_7682_0072_01",1,7682,"ref_strain",72,1
"2021","01_7848_0072_01",1,7848,"ref_strain",72,1
"2022","01_7945_0072_01",1,7945,"ref_strain",72,1
"2023","01_8426_0072_01",1,8426,"ref_strain",72,1
"2024","01_8491_0072_01",1,8491,"ref_strain",72,1
"2025","01_8631_0072_01",1,8631,"ref_strain",72,1
"2026","01_8646_0072_01",1,8646,"ref_strain",72,1
"2027","01_8705_0072_01",1,8705,"ref_strain",72,1
"2028","01_8742_0072_01",1,8742,"ref_strain",72,1
"2029","01_8748_0072_01",1,8748,"ref_strain",72,1
"2030","01_8781_0072_01",1,8781,"ref_strain",72,1
"2031","01_8787_0072_01",1,8787,"ref_strain",72,1
"2032","01_8798_0072_01",1,8798,"ref_strain",72,1
"2033","01_8845_0072_01",1,8845,"ref_strain",72,1
"2034","01_9243_0072_01",1,9243,"ref_strain",72,1
"2035","01_9274_0072_01",1,9274,"ref_strain",72,1
"2036","01_9343_0072_01",1,9343,"ref_strain",72,1
"2037","01_9372_0072_01",1,9372,"ref_strain",72,1
"2038","01_9514_0072_01",1,9514,"ref_strain",72,1
"2039","01_9634_0072_01",1,9634,"ref_strain",72,1
"2040","01_9776_0072_01",1,9776,"ref_strain",72,1
"2041","01_10002_0072_01",1,10002,"ref_strain",72,1
"2042","01_10183_0072_01",1,10183,"ref_strain",72,1
"2043","01_10500_0072_01",1,10500,"ref_strain",72,1
"2044","01_10555_0072_01",1,10555,"ref_strain",72,1
"2045","01_10735_0072_01",1,10735,"ref_strain",72,1
"2046","01_10785_0072_01",1,10785,"ref_strain",72,1
"2047","01_10876_0072_01",1,10876,"ref_strain",72,1
"2048","01_11104_0072_01",1,11104,"ref_strain",72,1
"2049","01_11213_0072_01",1,11213,"ref_strain",72,1
"2050","01_11218_0072_01",1,11218,"ref_strain",72,1
"2051","01_11331_0072_01",1,11331,"ref_strain",72,1
"2052","01_11539_0072_01",1,11539,"ref_strain",72,1
"2053","01_11796_0072_01",1,11796,"ref_strain",72,1
"2054","01_11818_0072_01",1,11818,"ref_strain",72,1
"2055","01_11895_0072_01",1,11895,"ref_strain",72,1
"2056","01_12538_0072_01",1,12538,"ref_strain",72,1
"2057","01_0697_0073_01",1,697,"ref_strain",73,1
"2058","01_0704_0073_01",1,704,"ref_strain",73,1
"2059","01_0896_0073_01",1,896,"ref_strain",73,1
"2060","01_0900_0073_01",1,900,"ref_strain",73,1
"2061","01_1010_0073_01",1,1010,"ref_strain",73,1
"2062","01_1163_0073_01",1,1163,"ref_strain",73,1
"2063","01_1182_0073_01",1,1182,"ref_strain",73,1
"2064","01_1232_0073_01",1,1232,"ref_strain",73,1
"2065","01_1472_0073_01",1,1472,"ref_strain",73,1
"2066","01_1576_0073_01",1,1576,"ref_strain",73,1
"2067","01_1675_0073_01",1,1675,"ref_strain",73,1
"2068","01_1892_0073_01",1,1892,"ref_strain",73,1
"2069","01_1965_0073_01",1,1965,"ref_strain",73,1
"2070","01_2027_0073_01",1,2027,"ref_strain",73,1
"2071","01_2182_0073_01",1,2182,"ref_strain",73,1
"2072","01_2286_0073_01",1,2286,"ref_strain",73,1
"2073","01_2384_0073_01",1,2384,"ref_strain",73,1
"2074","01_2708_0073_01",1,2708,"ref_strain",73,1
"2075","01_2729_0073_01",1,2729,"ref_strain",73,1
"2076","01_2912_0073_01",1,2912,"ref_strain",73,1
"2077","01_2981_0073_01",1,2981,"ref_strain",73,1
"2078","01_3151_0073_01",1,3151,"ref_strain",73,1
"2079","01_3166_0073_01",1,3166,"ref_strain",73,1
"2080","01_3188_0073_01",1,3188,"ref_strain",73,1
"2081","01_3216_0073_01",1,3216,"ref_strain",73,1
"2082","01_3264_0073_01",1,3264,"ref_strain",73,1
"2083","01_3320_0073_01",1,3320,"ref_strain",73,1
"2084","01_3413_0073_01",1,3413,"ref_strain",73,1
"2085","01_3616_0073_01",1,3616,"ref_strain",73,1
"2086","01_3802_0073_01",1,3802,"ref_strain",73,1
"2087","01_3896_0073_01",1,3896,"ref_strain",73,1
"2088","01_3957_0073_01",1,3957,"ref_strain",73,1
"2089","01_4023_0073_01",1,4023,"ref_strain",73,1
"2090","01_4152_0073_01",1,4152,"ref_strain",73,1
"2091","01_4203_0073_01",1,4203,"ref_strain",73,1
"2092","01_4208_0073_01",1,4208,"ref_strain",73,1
"2093","01_4293_0073_01",1,4293,"ref_strain",73,1
"2094","01_4318_0073_01",1,4318,"ref_strain",73,1
"2095","01_4428_0073_01",1,4428,"ref_strain",73,1
"2096","01_4485_0073_01",1,4485,"ref_strain",73,1
"2097","01_4733_0073_01",1,4733,"ref_strain",73,1
"2098","01_5062_0073_01",1,5062,"ref_strain",73,1
"2099","01_5142_0073_01",1,5142,"ref_strain",73,1
"2100","01_5471_0073_01",1,5471,"ref_strain",73,1
"2101","01_5676_0073_01",1,5676,"ref_strain",73,1
"2102","01_5687_0073_01",1,5687,"ref_strain",73,1
"2103","01_5844_0073_01",1,5844,"ref_strain",73,1
"2104","01_5856_0073_01",1,5856,"ref_strain",73,1
"2105","01_5899_0073_01",1,5899,"ref_strain",73,1
"2106","01_5925_0073_01",1,5925,"ref_strain",73,1
"2107","01_6308_0073_01",1,6308,"ref_strain",73,1
"2108","01_6401_0073_01",1,6401,"ref_strain",73,1
"2109","01_6440_0073_01",1,6440,"ref_strain",73,1
"2110","01_6479_0073_01",1,6479,"ref_strain",73,1
"2111","01_6737_0073_01",1,6737,"ref_strain",73,1
"2112","01_6751_0073_01",1,6751,"ref_strain",73,1
"2113","01_6823_0073_01",1,6823,"ref_strain",73,1
"2114","01_6949_0073_01",1,6949,"ref_strain",73,1
"2115","01_7208_0073_01",1,7208,"ref_strain",73,1
"2116","01_7321_0073_01",1,7321,"ref_strain",73,1
"2117","01_7459_0073_01",1,7459,"ref_strain",73,1
"2118","01_7952_0073_01",1,7952,"ref_strain",73,1
"2119","01_8046_0073_01",1,8046,"ref_strain",73,1
"2120","01_8080_0073_01",1,8080,"ref_strain",73,1
"2121","01_8098_0073_01",1,8098,"ref_strain",73,1
"2122","01_8278_0073_01",1,8278,"ref_strain",73,1
"2123","01_8433_0073_01",1,8433,"ref_strain",73,1
"2124","01_8661_0073_01",1,8661,"ref_strain",73,1
"2125","01_8739_0073_01",1,8739,"ref_strain",73,1
"2126","01_8795_0073_01",1,8795,"ref_strain",73,1
"2127","01_8878_0073_01",1,8878,"ref_strain",73,1
"2128","01_8879_0073_01",1,8879,"ref_strain",73,1
"2129","01_8951_0073_01",1,8951,"ref_strain",73,1
"2130","01_9079_0073_01",1,9079,"ref_strain",73,1
"2131","01_9421_0073_01",1,9421,"ref_strain",73,1
"2132","01_9529_0073_01",1,9529,"ref_strain",73,1
"2133","01_9565_0073_01",1,9565,"ref_strain",73,1
"2134","01_9714_0073_01",1,9714,"ref_strain",73,1
"2135","01_10319_0073_01",1,10319,"ref_strain",73,1
"2136","01_10419_0073_01",1,10419,"ref_strain",73,1
"2137","01_10576_0073_01",1,10576,"ref_strain",73,1
"2138","01_10586_0073_01",1,10586,"ref_strain",73,1
"2139","01_10674_0073_01",1,10674,"ref_strain",73,1
"2140","01_10744_0073_01",1,10744,"ref_strain",73,1
"2141","01_10955_0073_01",1,10955,"ref_strain",73,1
"2142","01_11007_0073_01",1,11007,"ref_strain",73,1
"2143","01_11058_0073_01",1,11058,"ref_strain",73,1
"2144","01_11089_0073_01",1,11089,"ref_strain",73,1
"2145","01_11262_0073_01",1,11262,"ref_strain",73,1
"2146","01_11337_0073_01",1,11337,"ref_strain",73,1
"2147","01_11542_0073_01",1,11542,"ref_strain",73,1
"2148","01_11874_0073_01",1,11874,"ref_strain",73,1
"2149","01_11894_0073_01",1,11894,"ref_strain",73,1
"2150","01_12045_0073_01",1,12045,"ref_strain",73,1
"2151","01_12317_0073_01",1,12317,"ref_strain",73,1
"2152","01_12706_0073_01",1,12706,"ref_strain",73,1
"2153","01_12875_0073_01",1,12875,"ref_strain",73,1
"2154","01_0818_0074_01",1,818,"ref_strain",74,1
"2155","01_1029_0074_01",1,1029,"ref_strain",74,1
"2156","01_1068_0074_01",1,1068,"ref_strain",74,1
"2157","01_1104_0074_01",1,1104,"ref_strain",74,1
"2158","01_1112_0074_01",1,1112,"ref_strain",74,1
"2159","01_1220_0074_01",1,1220,"ref_strain",74,1
"2160","01_1280_0074_01",1,1280,"ref_strain",74,1
"2161","01_1510_0074_01",1,1510,"ref_strain",74,1
"2162","01_1671_0074_01",1,1671,"ref_strain",74,1
"2163","01_2015_0074_01",1,2015,"ref_strain",74,1
"2164","01_2087_0074_01",1,2087,"ref_strain",74,1
"2165","01_2395_0074_01",1,2395,"ref_strain",74,1
"2166","01_2617_0074_01",1,2617,"ref_strain",74,1
"2167","01_2754_0074_01",1,2754,"ref_strain",74,1
"2168","01_2864_0074_01",1,2864,"ref_strain",74,1
"2169","01_2929_0074_01",1,2929,"ref_strain",74,1
"2170","01_3312_0074_01",1,3312,"ref_strain",74,1
"2171","01_3370_0074_01",1,3370,"ref_strain",74,1
"2172","01_3532_0074_01",1,3532,"ref_strain",74,1
"2173","01_3589_0074_01",1,3589,"ref_strain",74,1
"2174","01_3870_0074_01",1,3870,"ref_strain",74,1
"2175","01_3961_0074_01",1,3961,"ref_strain",74,1
"2176","01_4014_0074_01",1,4014,"ref_strain",74,1
"2177","01_4142_0074_01",1,4142,"ref_strain",74,1
"2178","01_4164_0074_01",1,4164,"ref_strain",74,1
"2179","01_4207_0074_01",1,4207,"ref_strain",74,1
"2180","01_4231_0074_01",1,4231,"ref_strain",74,1
"2181","01_4781_0074_01",1,4781,"ref_strain",74,1
"2182","01_4925_0074_01",1,4925,"ref_strain",74,1
"2183","01_4980_0074_01",1,4980,"ref_strain",74,1
"2184","01_5078_0074_01",1,5078,"ref_strain",74,1
"2185","01_5416_0074_01",1,5416,"ref_strain",74,1
"2186","01_5650_0074_01",1,5650,"ref_strain",74,1
"2187","01_5717_0074_01",1,5717,"ref_strain",74,1
"2188","01_6230_0074_01",1,6230,"ref_strain",74,1
"2189","01_6359_0074_01",1,6359,"ref_strain",74,1
"2190","01_6592_0074_01",1,6592,"ref_strain",74,1
"2191","01_6625_0074_01",1,6625,"ref_strain",74,1
"2192","01_6717_0074_01",1,6717,"ref_strain",74,1
"2193","01_7017_0074_01",1,7017,"ref_strain",74,1
"2194","01_7343_0074_01",1,7343,"ref_strain",74,1
"2195","01_7373_0074_01",1,7373,"ref_strain",74,1
"2196","01_7596_0074_01",1,7596,"ref_strain",74,1
"2197","01_7847_0074_01",1,7847,"ref_strain",74,1
"2198","01_8021_0074_01",1,8021,"ref_strain",74,1
"2199","01_8394_0074_01",1,8394,"ref_strain",74,1
"2200","01_8404_0074_01",1,8404,"ref_strain",74,1
"2201","01_8757_0074_01",1,8757,"ref_strain",74,1
"2202","01_8775_0074_01",1,8775,"ref_strain",74,1
"2203","01_9006_0074_01",1,9006,"ref_strain",74,1
"2204","01_9041_0074_01",1,9041,"ref_strain",74,1
"2205","01_9443_0074_01",1,9443,"ref_strain",74,1
"2206","01_9462_0074_01",1,9462,"ref_strain",74,1
"2207","01_9573_0074_01",1,9573,"ref_strain",74,1
"2208","01_10011_0074_01",1,10011,"ref_strain",74,1
"2209","01_10014_0074_01",1,10014,"ref_strain",74,1
"2210","01_10089_0074_01",1,10089,"ref_strain",74,1
"2211","01_10113_0074_01",1,10113,"ref_strain",74,1
"2212","01_10227_0074_01",1,10227,"ref_strain",74,1
"2213","01_10231_0074_01",1,10231,"ref_strain",74,1
"2214","01_10438_0074_01",1,10438,"ref_strain",74,1
"2215","01_10608_0074_01",1,10608,"ref_strain",74,1
"2216","01_10927_0074_01",1,10927,"ref_strain",74,1
"2217","01_11177_0074_01",1,11177,"ref_strain",74,1
"2218","01_11233_0074_01",1,11233,"ref_strain",74,1
"2219","01_11582_0074_01",1,11582,"ref_strain",74,1
"2220","01_11629_0074_01",1,11629,"ref_strain",74,1
"2221","01_11666_0074_01",1,11666,"ref_strain",74,1
"2222","01_11670_0074_01",1,11670,"ref_strain",74,1
"2223","01_12303_0074_01",1,12303,"ref_strain",74,1
"2224","01_12475_0074_01",1,12475,"ref_strain",74,1
"2225","01_12488_0074_01",1,12488,"ref_strain",74,1
"2226","01_12685_0074_01",1,12685,"ref_strain",74,1
"2227","01_12813_0074_01",1,12813,"ref_strain",74,1
"2228","01_12971_0074_01",1,12971,"ref_strain",74,1
"2229","01_0193_0075_01",1,193,"ref_strain",75,1
"2230","01_0219_0075_01",1,219,"ref_strain",75,1
"2231","01_0317_0075_01",1,317,"ref_strain",75,1
"2232","01_0336_0075_01",1,336,"ref_strain",75,1
"2233","01_0506_0075_01",1,506,"ref_strain",75,1
"2234","01_1141_0075_01",1,1141,"ref_strain",75,1
"2235","01_1452_0075_01",1,1452,"ref_strain",75,1
"2236","01_1542_0075_01",1,1542,"ref_strain",75,1
"2237","01_1674_0075_01",1,1674,"ref_strain",75,1
"2238","01_1761_0075_01",1,1761,"ref_strain",75,1
"2239","01_1804_0075_01",1,1804,"ref_strain",75,1
"2240","01_1895_0075_01",1,1895,"ref_strain",75,1
"2241","01_2179_0075_01",1,2179,"ref_strain",75,1
"2242","01_2248_0075_01",1,2248,"ref_strain",75,1
"2243","01_2265_0075_01",1,2265,"ref_strain",75,1
"2244","01_2359_0075_01",1,2359,"ref_strain",75,1
"2245","01_2442_0075_01",1,2442,"ref_strain",75,1
"2246","01_2516_0075_01",1,2516,"ref_strain",75,1
"2247","01_2595_0075_01",1,2595,"ref_strain",75,1
"2248","01_2798_0075_01",1,2798,"ref_strain",75,1
"2249","01_2979_0075_01",1,2979,"ref_strain",75,1
"2250","01_3024_0075_01",1,3024,"ref_strain",75,1
"2251","01_3052_0075_01",1,3052,"ref_strain",75,1
"2252","01_3423_0075_01",1,3423,"ref_strain",75,1
"2253","01_3461_0075_01",1,3461,"ref_strain",75,1
"2254","01_3641_0075_01",1,3641,"ref_strain",75,1
"2255","01_3732_0075_01",1,3732,"ref_strain",75,1
"2256","01_3818_0075_01",1,3818,"ref_strain",75,1
"2257","01_3856_0075_01",1,3856,"ref_strain",75,1
"2258","01_4001_0075_01",1,4001,"ref_strain",75,1
"2259","01_4303_0075_01",1,4303,"ref_strain",75,1
"2260","01_4631_0075_01",1,4631,"ref_strain",75,1
"2261","01_4762_0075_01",1,4762,"ref_strain",75,1
"2262","01_4771_0075_01",1,4771,"ref_strain",75,1
"2263","01_4814_0075_01",1,4814,"ref_strain",75,1
"2264","01_4908_0075_01",1,4908,"ref_strain",75,1
"2265","01_5131_0075_01",1,5131,"ref_strain",75,1
"2266","01_5250_0075_01",1,5250,"ref_strain",75,1
"2267","01_5482_0075_01",1,5482,"ref_strain",75,1
"2268","01_5646_0075_01",1,5646,"ref_strain",75,1
"2269","01_5827_0075_01",1,5827,"ref_strain",75,1
"2270","01_5957_0075_01",1,5957,"ref_strain",75,1
"2271","01_5995_0075_01",1,5995,"ref_strain",75,1
"2272","01_7072_0075_01",1,7072,"ref_strain",75,1
"2273","01_7153_0075_01",1,7153,"ref_strain",75,1
"2274","01_7291_0075_01",1,7291,"ref_strain",75,1
"2275","01_7784_0075_01",1,7784,"ref_strain",75,1
"2276","01_7834_0075_01",1,7834,"ref_strain",75,1
"2277","01_7915_0075_01",1,7915,"ref_strain",75,1
"2278","01_8022_0075_01",1,8022,"ref_strain",75,1
"2279","01_8183_0075_01",1,8183,"ref_strain",75,1
"2280","01_8286_0075_01",1,8286,"ref_strain",75,1
"2281","01_8662_0075_01",1,8662,"ref_strain",75,1
"2282","01_8882_0075_01",1,8882,"ref_strain",75,1
"2283","01_8994_0075_01",1,8994,"ref_strain",75,1
"2284","01_9018_0075_01",1,9018,"ref_strain",75,1
"2285","01_9360_0075_01",1,9360,"ref_strain",75,1
"2286","01_9599_0075_01",1,9599,"ref_strain",75,1
"2287","01_9678_0075_01",1,9678,"ref_strain",75,1
"2288","01_9897_0075_01",1,9897,"ref_strain",75,1
"2289","01_9938_0075_01",1,9938,"ref_strain",75,1
"2290","01_10027_0075_01",1,10027,"ref_strain",75,1
"2291","01_10109_0075_01",1,10109,"ref_strain",75,1
"2292","01_10309_0075_01",1,10309,"ref_strain",75,1
"2293","01_10606_0075_01",1,10606,"ref_strain",75,1
"2294","01_10624_0075_01",1,10624,"ref_strain",75,1
"2295","01_10726_0075_01",1,10726,"ref_strain",75,1
"2296","01_10825_0075_01",1,10825,"ref_strain",75,1
"2297","01_11322_0075_01",1,11322,"ref_strain",75,1
"2298","01_11355_0075_01",1,11355,"ref_strain",75,1
"2299","01_11415_0075_01",1,11415,"ref_strain",75,1
"2300","01_11566_0075_01",1,11566,"ref_strain",75,1
"2301","01_11601_0075_01",1,11601,"ref_strain",75,1
"2302","01_11702_0075_01",1,11702,"ref_strain",75,1
"2303","01_12247_0075_01",1,12247,"ref_strain",75,1
"2304","01_12358_0075_01",1,12358,"ref_strain",75,1
"2305","01_12565_0075_01",1,12565,"ref_strain",75,1
"2306","01_12991_0075_01",1,12991,"ref_strain",75,1
"2307","01_0086_0076_01",1,86,"ref_strain",76,1
"2308","01_0329_0076_01",1,329,"ref_strain",76,1
"2309","01_0565_0076_01",1,565,"ref_strain",76,1
"2310","01_0583_0076_01",1,583,"ref_strain",76,1
"2311","01_0862_0076_01",1,862,"ref_strain",76,1
"2312","01_0954_0076_01",1,954,"ref_strain",76,1
"2313","01_1168_0076_01",1,1168,"ref_strain",76,1
"2314","01_1549_0076_01",1,1549,"ref_strain",76,1
"2315","01_1687_0076_01",1,1687,"ref_strain",76,1
"2316","01_1879_0076_01",1,1879,"ref_strain",76,1
"2317","01_1930_0076_01",1,1930,"ref_strain",76,1
"2318","01_2006_0076_01",1,2006,"ref_strain",76,1
"2319","01_2074_0076_01",1,2074,"ref_strain",76,1
"2320","01_2394_0076_01",1,2394,"ref_strain",76,1
"2321","01_2413_0076_01",1,2413,"ref_strain",76,1
"2322","01_2500_0076_01",1,2500,"ref_strain",76,1
"2323","01_2926_0076_01",1,2926,"ref_strain",76,1
"2324","01_3258_0076_01",1,3258,"ref_strain",76,1
"2325","01_3275_0076_01",1,3275,"ref_strain",76,1
"2326","01_3554_0076_01",1,3554,"ref_strain",76,1
"2327","01_3585_0076_01",1,3585,"ref_strain",76,1
"2328","01_3631_0076_01",1,3631,"ref_strain",76,1
"2329","01_3755_0076_01",1,3755,"ref_strain",76,1
"2330","01_4015_0076_01",1,4015,"ref_strain",76,1
"2331","01_4120_0076_01",1,4120,"ref_strain",76,1
"2332","01_4190_0076_01",1,4190,"ref_strain",76,1
"2333","01_4459_0076_01",1,4459,"ref_strain",76,1
"2334","01_4561_0076_01",1,4561,"ref_strain",76,1
"2335","01_4597_0076_01",1,4597,"ref_strain",76,1
"2336","01_4665_0076_01",1,4665,"ref_strain",76,1
"2337","01_4694_0076_01",1,4694,"ref_strain",76,1
"2338","01_4823_0076_01",1,4823,"ref_strain",76,1
"2339","01_4966_0076_01",1,4966,"ref_strain",76,1
"2340","01_5049_0076_01",1,5049,"ref_strain",76,1
"2341","01_5199_0076_01",1,5199,"ref_strain",76,1
"2342","01_5257_0076_01",1,5257,"ref_strain",76,1
"2343","01_5276_0076_01",1,5276,"ref_strain",76,1
"2344","01_5325_0076_01",1,5325,"ref_strain",76,1
"2345","01_5379_0076_01",1,5379,"ref_strain",76,1
"2346","01_5516_0076_01",1,5516,"ref_strain",76,1
"2347","01_5738_0076_01",1,5738,"ref_strain",76,1
"2348","01_5772_0076_01",1,5772,"ref_strain",76,1
"2349","01_5780_0076_01",1,5780,"ref_strain",76,1
"2350","01_6119_0076_01",1,6119,"ref_strain",76,1
"2351","01_6120_0076_01",1,6120,"ref_strain",76,1
"2352","01_6236_0076_01",1,6236,"ref_strain",76,1
"2353","01_6300_0076_01",1,6300,"ref_strain",76,1
"2354","01_6551_0076_01",1,6551,"ref_strain",76,1
"2355","01_6636_0076_01",1,6636,"ref_strain",76,1
"2356","01_7059_0076_01",1,7059,"ref_strain",76,1
"2357","01_7379_0076_01",1,7379,"ref_strain",76,1
"2358","01_7399_0076_01",1,7399,"ref_strain",76,1
"2359","01_7473_0076_01",1,7473,"ref_strain",76,1
"2360","01_7616_0076_01",1,7616,"ref_strain",76,1
"2361","01_7804_0076_01",1,7804,"ref_strain",76,1
"2362","01_7913_0076_01",1,7913,"ref_strain",76,1
"2363","01_7943_0076_01",1,7943,"ref_strain",76,1
"2364","01_8203_0076_01",1,8203,"ref_strain",76,1
"2365","01_8251_0076_01",1,8251,"ref_strain",76,1
"2366","01_8368_0076_01",1,8368,"ref_strain",76,1
"2367","01_8640_0076_01",1,8640,"ref_strain",76,1
"2368","01_8865_0076_01",1,8865,"ref_strain",76,1
"2369","01_8965_0076_01",1,8965,"ref_strain",76,1
"2370","01_9002_0076_01",1,9002,"ref_strain",76,1
"2371","01_9056_0076_01",1,9056,"ref_strain",76,1
"2372","01_9088_0076_01",1,9088,"ref_strain",76,1
"2373","01_9168_0076_01",1,9168,"ref_strain",76,1
"2374","01_9214_0076_01",1,9214,"ref_strain",76,1
"2375","01_9221_0076_01",1,9221,"ref_strain",76,1
"2376","01_9310_0076_01",1,9310,"ref_strain",76,1
"2377","01_9509_0076_01",1,9509,"ref_strain",76,1
"2378","01_9533_0076_01",1,9533,"ref_strain",76,1
"2379","01_9534_0076_01",1,9534,"ref_strain",76,1
"2380","01_9657_0076_01",1,9657,"ref_strain",76,1
"2381","01_9744_0076_01",1,9744,"ref_strain",76,1
"2382","01_9886_0076_01",1,9886,"ref_strain",76,1
"2383","01_10051_0076_01",1,10051,"ref_strain",76,1
"2384","01_10391_0076_01",1,10391,"ref_strain",76,1
"2385","01_10396_0076_01",1,10396,"ref_strain",76,1
"2386","01_10405_0076_01",1,10405,"ref_strain",76,1
"2387","01_10527_0076_01",1,10527,"ref_strain",76,1
"2388","01_10742_0076_01",1,10742,"ref_strain",76,1
"2389","01_10776_0076_01",1,10776,"ref_strain",76,1
"2390","01_11240_0076_01",1,11240,"ref_strain",76,1
"2391","01_11267_0076_01",1,11267,"ref_strain",76,1
"2392","01_11656_0076_01",1,11656,"ref_strain",76,1
"2393","01_12007_0076_01",1,12007,"ref_strain",76,1
"2394","01_12024_0076_01",1,12024,"ref_strain",76,1
"2395","01_12046_0076_01",1,12046,"ref_strain",76,1
"2396","01_12072_0076_01",1,12072,"ref_strain",76,1
"2397","01_12148_0076_01",1,12148,"ref_strain",76,1
"2398","01_12306_0076_01",1,12306,"ref_strain",76,1
"2399","01_12308_0076_01",1,12308,"ref_strain",76,1
"2400","01_12321_0076_01",1,12321,"ref_strain",76,1
"2401","01_12452_0076_01",1,12452,"ref_strain",76,1
"2402","01_12484_0076_01",1,12484,"ref_strain",76,1
"2403","01_12750_0076_01",1,12750,"ref_strain",76,1
"2404","01_12777_0076_01",1,12777,"ref_strain",76,1
"2405","01_0009_0077_01",1,9,"ref_strain",77,1
"2406","01_0024_0077_01",1,24,"ref_strain",77,1
"2407","01_0041_0077_01",1,41,"ref_strain",77,1
"2408","01_0340_0077_01",1,340,"ref_strain",77,1
"2409","01_0505_0077_01",1,505,"ref_strain",77,1
"2410","01_0680_0077_01",1,680,"ref_strain",77,1
"2411","01_0810_0077_01",1,810,"ref_strain",77,1
"2412","01_0958_0077_01",1,958,"ref_strain",77,1
"2413","01_1000_0077_01",1,1000,"ref_strain",77,1
"2414","01_1005_0077_01",1,1005,"ref_strain",77,1
"2415","01_1091_0077_01",1,1091,"ref_strain",77,1
"2416","01_1300_0077_01",1,1300,"ref_strain",77,1
"2417","01_1396_0077_01",1,1396,"ref_strain",77,1
"2418","01_1408_0077_01",1,1408,"ref_strain",77,1
"2419","01_1427_0077_01",1,1427,"ref_strain",77,1
"2420","01_1501_0077_01",1,1501,"ref_strain",77,1
"2421","01_1775_0077_01",1,1775,"ref_strain",77,1
"2422","01_1807_0077_01",1,1807,"ref_strain",77,1
"2423","01_1989_0077_01",1,1989,"ref_strain",77,1
"2424","01_2047_0077_01",1,2047,"ref_strain",77,1
"2425","01_2168_0077_01",1,2168,"ref_strain",77,1
"2426","01_2421_0077_01",1,2421,"ref_strain",77,1
"2427","01_2730_0077_01",1,2730,"ref_strain",77,1
"2428","01_2758_0077_01",1,2758,"ref_strain",77,1
"2429","01_2884_0077_01",1,2884,"ref_strain",77,1
"2430","01_2971_0077_01",1,2971,"ref_strain",77,1
"2431","01_3477_0077_01",1,3477,"ref_strain",77,1
"2432","01_3596_0077_01",1,3596,"ref_strain",77,1
"2433","01_3863_0077_01",1,3863,"ref_strain",77,1
"2434","01_3989_0077_01",1,3989,"ref_strain",77,1
"2435","01_4022_0077_01",1,4022,"ref_strain",77,1
"2436","01_4065_0077_01",1,4065,"ref_strain",77,1
"2437","01_4111_0077_01",1,4111,"ref_strain",77,1
"2438","01_4158_0077_01",1,4158,"ref_strain",77,1
"2439","01_4662_0077_01",1,4662,"ref_strain",77,1
"2440","01_4692_0077_01",1,4692,"ref_strain",77,1
"2441","01_4698_0077_01",1,4698,"ref_strain",77,1
"2442","01_4790_0077_01",1,4790,"ref_strain",77,1
"2443","01_4880_0077_01",1,4880,"ref_strain",77,1
"2444","01_4989_0077_01",1,4989,"ref_strain",77,1
"2445","01_5172_0077_01",1,5172,"ref_strain",77,1
"2446","01_5386_0077_01",1,5386,"ref_strain",77,1
"2447","01_5395_0077_01",1,5395,"ref_strain",77,1
"2448","01_5782_0077_01",1,5782,"ref_strain",77,1
"2449","01_5807_0077_01",1,5807,"ref_strain",77,1
"2450","01_5921_0077_01",1,5921,"ref_strain",77,1
"2451","01_6069_0077_01",1,6069,"ref_strain",77,1
"2452","01_6160_0077_01",1,6160,"ref_strain",77,1
"2453","01_6350_0077_01",1,6350,"ref_strain",77,1
"2454","01_6390_0077_01",1,6390,"ref_strain",77,1
"2455","01_6448_0077_01",1,6448,"ref_strain",77,1
"2456","01_6580_0077_01",1,6580,"ref_strain",77,1
"2457","01_6588_0077_01",1,6588,"ref_strain",77,1
"2458","01_6590_0077_01",1,6590,"ref_strain",77,1
"2459","01_6800_0077_01",1,6800,"ref_strain",77,1
"2460","01_6973_0077_01",1,6973,"ref_strain",77,1
"2461","01_7054_0077_01",1,7054,"ref_strain",77,1
"2462","01_7516_0077_01",1,7516,"ref_strain",77,1
"2463","01_7854_0077_01",1,7854,"ref_strain",77,1
"2464","01_8017_0077_01",1,8017,"ref_strain",77,1
"2465","01_8296_0077_01",1,8296,"ref_strain",77,1
"2466","01_8377_0077_01",1,8377,"ref_strain",77,1
"2467","01_8464_0077_01",1,8464,"ref_strain",77,1
"2468","01_8465_0077_01",1,8465,"ref_strain",77,1
"2469","01_8510_0077_01",1,8510,"ref_strain",77,1
"2470","01_8726_0077_01",1,8726,"ref_strain",77,1
"2471","01_8842_0077_01",1,8842,"ref_strain",77,1
"2472","01_8972_0077_01",1,8972,"ref_strain",77,1
"2473","01_9316_0077_01",1,9316,"ref_strain",77,1
"2474","01_9369_0077_01",1,9369,"ref_strain",77,1
"2475","01_9426_0077_01",1,9426,"ref_strain",77,1
"2476","01_9537_0077_01",1,9537,"ref_strain",77,1
"2477","01_9722_0077_01",1,9722,"ref_strain",77,1
"2478","01_9727_0077_01",1,9727,"ref_strain",77,1
"2479","01_9809_0077_01",1,9809,"ref_strain",77,1
"2480","01_10291_0077_01",1,10291,"ref_strain",77,1
"2481","01_10719_0077_01",1,10719,"ref_strain",77,1
"2482","01_10854_0077_01",1,10854,"ref_strain",77,1
"2483","01_10980_0077_01",1,10980,"ref_strain",77,1
"2484","01_11057_0077_01",1,11057,"ref_strain",77,1
"2485","01_11080_0077_01",1,11080,"ref_strain",77,1
"2486","01_11093_0077_01",1,11093,"ref_strain",77,1
"2487","01_11253_0077_01",1,11253,"ref_strain",77,1
"2488","01_11315_0077_01",1,11315,"ref_strain",77,1
"2489","01_11333_0077_01",1,11333,"ref_strain",77,1
"2490","01_11684_0077_01",1,11684,"ref_strain",77,1
"2491","01_11700_0077_01",1,11700,"ref_strain",77,1
"2492","01_11726_0077_01",1,11726,"ref_strain",77,1
"2493","01_11749_0077_01",1,11749,"ref_strain",77,1
"2494","01_11769_0077_01",1,11769,"ref_strain",77,1
"2495","01_11777_0077_01",1,11777,"ref_strain",77,1
"2496","01_11827_0077_01",1,11827,"ref_strain",77,1
"2497","01_11843_0077_01",1,11843,"ref_strain",77,1
"2498","01_11946_0077_01",1,11946,"ref_strain",77,1
"2499","01_12011_0077_01",1,12011,"ref_strain",77,1
"2500","01_12078_0077_01",1,12078,"ref_strain",77,1
"2501","01_12129_0077_01",1,12129,"ref_strain",77,1
"2502","01_12265_0077_01",1,12265,"ref_strain",77,1
"2503","01_12339_0077_01",1,12339,"ref_strain",77,1
"2504","01_12504_0077_01",1,12504,"ref_strain",77,1
"2505","01_12546_0077_01",1,12546,"ref_strain",77,1
"2506","01_12648_0077_01",1,12648,"ref_strain",77,1
"2507","01_12681_0077_01",1,12681,"ref_strain",77,1
"2508","01_12712_0077_01",1,12712,"ref_strain",77,1
"2509","01_12785_0077_01",1,12785,"ref_strain",77,1
"2510","01_0174_0078_01",1,174,"ref_strain",78,1
"2511","01_0592_0078_01",1,592,"ref_strain",78,1
"2512","01_0875_0078_01",1,875,"ref_strain",78,1
"2513","01_0926_0078_01",1,926,"ref_strain",78,1
"2514","01_1195_0078_01",1,1195,"ref_strain",78,1
"2515","01_1352_0078_01",1,1352,"ref_strain",78,1
"2516","01_1364_0078_01",1,1364,"ref_strain",78,1
"2517","01_1451_0078_01",1,1451,"ref_strain",78,1
"2518","01_1858_0078_01",1,1858,"ref_strain",78,1
"2519","01_1926_0078_01",1,1926,"ref_strain",78,1
"2520","01_2069_0078_01",1,2069,"ref_strain",78,1
"2521","01_2147_0078_01",1,2147,"ref_strain",78,1
"2522","01_2161_0078_01",1,2161,"ref_strain",78,1
"2523","01_2209_0078_01",1,2209,"ref_strain",78,1
"2524","01_2536_0078_01",1,2536,"ref_strain",78,1
"2525","01_2876_0078_01",1,2876,"ref_strain",78,1
"2526","01_3105_0078_01",1,3105,"ref_strain",78,1
"2527","01_3242_0078_01",1,3242,"ref_strain",78,1
"2528","01_3355_0078_01",1,3355,"ref_strain",78,1
"2529","01_3369_0078_01",1,3369,"ref_strain",78,1
"2530","01_3604_0078_01",1,3604,"ref_strain",78,1
"2531","01_3623_0078_01",1,3623,"ref_strain",78,1
"2532","01_4005_0078_01",1,4005,"ref_strain",78,1
"2533","01_4063_0078_01",1,4063,"ref_strain",78,1
"2534","01_4068_0078_01",1,4068,"ref_strain",78,1
"2535","01_4094_0078_01",1,4094,"ref_strain",78,1
"2536","01_4126_0078_01",1,4126,"ref_strain",78,1
"2537","01_4320_0078_01",1,4320,"ref_strain",78,1
"2538","01_4346_0078_01",1,4346,"ref_strain",78,1
"2539","01_4351_0078_01",1,4351,"ref_strain",78,1
"2540","01_4382_0078_01",1,4382,"ref_strain",78,1
"2541","01_4562_0078_01",1,4562,"ref_strain",78,1
"2542","01_4580_0078_01",1,4580,"ref_strain",78,1
"2543","01_4819_0078_01",1,4819,"ref_strain",78,1
"2544","01_4839_0078_01",1,4839,"ref_strain",78,1
"2545","01_4949_0078_01",1,4949,"ref_strain",78,1
"2546","01_5048_0078_01",1,5048,"ref_strain",78,1
"2547","01_5119_0078_01",1,5119,"ref_strain",78,1
"2548","01_5120_0078_01",1,5120,"ref_strain",78,1
"2549","01_5213_0078_01",1,5213,"ref_strain",78,1
"2550","01_5333_0078_01",1,5333,"ref_strain",78,1
"2551","01_5409_0078_01",1,5409,"ref_strain",78,1
"2552","01_5477_0078_01",1,5477,"ref_strain",78,1
"2553","01_5522_0078_01",1,5522,"ref_strain",78,1
"2554","01_5934_0078_01",1,5934,"ref_strain",78,1
"2555","01_6173_0078_01",1,6173,"ref_strain",78,1
"2556","01_6330_0078_01",1,6330,"ref_strain",78,1
"2557","01_6569_0078_01",1,6569,"ref_strain",78,1
"2558","01_6801_0078_01",1,6801,"ref_strain",78,1
"2559","01_6983_0078_01",1,6983,"ref_strain",78,1
"2560","01_7199_0078_01",1,7199,"ref_strain",78,1
"2561","01_7337_0078_01",1,7337,"ref_strain",78,1
"2562","01_7352_0078_01",1,7352,"ref_strain",78,1
"2563","01_7395_0078_01",1,7395,"ref_strain",78,1
"2564","01_7424_0078_01",1,7424,"ref_strain",78,1
"2565","01_7484_0078_01",1,7484,"ref_strain",78,1
"2566","01_7486_0078_01",1,7486,"ref_strain",78,1
"2567","01_8207_0078_01",1,8207,"ref_strain",78,1
"2568","01_8400_0078_01",1,8400,"ref_strain",78,1
"2569","01_8499_0078_01",1,8499,"ref_strain",78,1
"2570","01_8567_0078_01",1,8567,"ref_strain",78,1
"2571","01_8712_0078_01",1,8712,"ref_strain",78,1
"2572","01_8755_0078_01",1,8755,"ref_strain",78,1
"2573","01_8784_0078_01",1,8784,"ref_strain",78,1
"2574","01_8921_0078_01",1,8921,"ref_strain",78,1
"2575","01_8963_0078_01",1,8963,"ref_strain",78,1
"2576","01_8996_0078_01",1,8996,"ref_strain",78,1
"2577","01_9115_0078_01",1,9115,"ref_strain",78,1
"2578","01_9193_0078_01",1,9193,"ref_strain",78,1
"2579","01_9355_0078_01",1,9355,"ref_strain",78,1
"2580","01_9419_0078_01",1,9419,"ref_strain",78,1
"2581","01_9513_0078_01",1,9513,"ref_strain",78,1
"2582","01_9558_0078_01",1,9558,"ref_strain",78,1
"2583","01_9664_0078_01",1,9664,"ref_strain",78,1
"2584","01_9811_0078_01",1,9811,"ref_strain",78,1
"2585","01_9958_0078_01",1,9958,"ref_strain",78,1
"2586","01_10144_0078_01",1,10144,"ref_strain",78,1
"2587","01_10268_0078_01",1,10268,"ref_strain",78,1
"2588","01_10376_0078_01",1,10376,"ref_strain",78,1
"2589","01_10710_0078_01",1,10710,"ref_strain",78,1
"2590","01_11045_0078_01",1,11045,"ref_strain",78,1
"2591","01_11056_0078_01",1,11056,"ref_strain",78,1
"2592","01_11167_0078_01",1,11167,"ref_strain",78,1
"2593","01_11284_0078_01",1,11284,"ref_strain",78,1
"2594","01_11304_0078_01",1,11304,"ref_strain",78,1
"2595","01_11460_0078_01",1,11460,"ref_strain",78,1
"2596","01_11482_0078_01",1,11482,"ref_strain",78,1
"2597","01_11650_0078_01",1,11650,"ref_strain",78,1
"2598","01_11728_0078_01",1,11728,"ref_strain",78,1
"2599","01_11770_0078_01",1,11770,"ref_strain",78,1
"2600","01_12205_0078_01",1,12205,"ref_strain",78,1
"2601","01_12283_0078_01",1,12283,"ref_strain",78,1
"2602","01_12359_0078_01",1,12359,"ref_strain",78,1
"2603","01_12466_0078_01",1,12466,"ref_strain",78,1
"2604","01_12533_0078_01",1,12533,"ref_strain",78,1
"2605","01_12595_0078_01",1,12595,"ref_strain",78,1
"2606","01_12608_0078_01",1,12608,"ref_strain",78,1
"2607","01_0014_0079_01",1,14,"ref_strain",79,1
"2608","01_0477_0079_01",1,477,"ref_strain",79,1
"2609","01_0622_0079_01",1,622,"ref_strain",79,1
"2610","01_0876_0079_01",1,876,"ref_strain",79,1
"2611","01_1312_0079_01",1,1312,"ref_strain",79,1
"2612","01_1341_0079_01",1,1341,"ref_strain",79,1
"2613","01_1463_0079_01",1,1463,"ref_strain",79,1
"2614","01_1612_0079_01",1,1612,"ref_strain",79,1
"2615","01_1639_0079_01",1,1639,"ref_strain",79,1
"2616","01_1737_0079_01",1,1737,"ref_strain",79,1
"2617","01_1851_0079_01",1,1851,"ref_strain",79,1
"2618","01_2310_0079_01",1,2310,"ref_strain",79,1
"2619","01_2503_0079_01",1,2503,"ref_strain",79,1
"2620","01_2538_0079_01",1,2538,"ref_strain",79,1
"2621","01_2691_0079_01",1,2691,"ref_strain",79,1
"2622","01_2704_0079_01",1,2704,"ref_strain",79,1
"2623","01_2803_0079_01",1,2803,"ref_strain",79,1
"2624","01_2878_0079_01",1,2878,"ref_strain",79,1
"2625","01_2916_0079_01",1,2916,"ref_strain",79,1
"2626","01_3104_0079_01",1,3104,"ref_strain",79,1
"2627","01_3178_0079_01",1,3178,"ref_strain",79,1
"2628","01_3325_0079_01",1,3325,"ref_strain",79,1
"2629","01_3668_0079_01",1,3668,"ref_strain",79,1
"2630","01_3723_0079_01",1,3723,"ref_strain",79,1
"2631","01_3816_0079_01",1,3816,"ref_strain",79,1
"2632","01_4008_0079_01",1,4008,"ref_strain",79,1
"2633","01_4193_0079_01",1,4193,"ref_strain",79,1
"2634","01_4541_0079_01",1,4541,"ref_strain",79,1
"2635","01_4968_0079_01",1,4968,"ref_strain",79,1
"2636","01_5087_0079_01",1,5087,"ref_strain",79,1
"2637","01_5117_0079_01",1,5117,"ref_strain",79,1
"2638","01_5122_0079_01",1,5122,"ref_strain",79,1
"2639","01_5319_0079_01",1,5319,"ref_strain",79,1
"2640","01_5371_0079_01",1,5371,"ref_strain",79,1
"2641","01_5385_0079_01",1,5385,"ref_strain",79,1
"2642","01_5506_0079_01",1,5506,"ref_strain",79,1
"2643","01_5598_0079_01",1,5598,"ref_strain",79,1
"2644","01_5974_0079_01",1,5974,"ref_strain",79,1
"2645","01_6249_0079_01",1,6249,"ref_strain",79,1
"2646","01_6635_0079_01",1,6635,"ref_strain",79,1
"2647","01_6680_0079_01",1,6680,"ref_strain",79,1
"2648","01_6914_0079_01",1,6914,"ref_strain",79,1
"2649","01_6919_0079_01",1,6919,"ref_strain",79,1
"2650","01_6927_0079_01",1,6927,"ref_strain",79,1
"2651","01_6943_0079_01",1,6943,"ref_strain",79,1
"2652","01_7243_0079_01",1,7243,"ref_strain",79,1
"2653","01_7478_0079_01",1,7478,"ref_strain",79,1
"2654","01_7809_0079_01",1,7809,"ref_strain",79,1
"2655","01_7826_0079_01",1,7826,"ref_strain",79,1
"2656","01_8170_0079_01",1,8170,"ref_strain",79,1
"2657","01_8351_0079_01",1,8351,"ref_strain",79,1
"2658","01_8354_0079_01",1,8354,"ref_strain",79,1
"2659","01_8393_0079_01",1,8393,"ref_strain",79,1
"2660","01_8415_0079_01",1,8415,"ref_strain",79,1
"2661","01_8457_0079_01",1,8457,"ref_strain",79,1
"2662","01_8493_0079_01",1,8493,"ref_strain",79,1
"2663","01_8642_0079_01",1,8642,"ref_strain",79,1
"2664","01_8814_0079_01",1,8814,"ref_strain",79,1
"2665","01_8947_0079_01",1,8947,"ref_strain",79,1
"2666","01_8978_0079_01",1,8978,"ref_strain",79,1
"2667","01_9040_0079_01",1,9040,"ref_strain",79,1
"2668","01_9083_0079_01",1,9083,"ref_strain",79,1
"2669","01_9104_0079_01",1,9104,"ref_strain",79,1
"2670","01_9215_0079_01",1,9215,"ref_strain",79,1
"2671","01_9249_0079_01",1,9249,"ref_strain",79,1
"2672","01_9289_0079_01",1,9289,"ref_strain",79,1
"2673","01_9303_0079_01",1,9303,"ref_strain",79,1
"2674","01_9362_0079_01",1,9362,"ref_strain",79,1
"2675","01_9467_0079_01",1,9467,"ref_strain",79,1
"2676","01_9587_0079_01",1,9587,"ref_strain",79,1
"2677","01_9622_0079_01",1,9622,"ref_strain",79,1
"2678","01_9682_0079_01",1,9682,"ref_strain",79,1
"2679","01_9945_0079_01",1,9945,"ref_strain",79,1
"2680","01_10082_0079_01",1,10082,"ref_strain",79,1
"2681","01_10204_0079_01",1,10204,"ref_strain",79,1
"2682","01_10229_0079_01",1,10229,"ref_strain",79,1
"2683","01_10241_0079_01",1,10241,"ref_strain",79,1
"2684","01_10700_0079_01",1,10700,"ref_strain",79,1
"2685","01_11000_0079_01",1,11000,"ref_strain",79,1
"2686","01_11270_0079_01",1,11270,"ref_strain",79,1
"2687","01_11352_0079_01",1,11352,"ref_strain",79,1
"2688","01_11727_0079_01",1,11727,"ref_strain",79,1
"2689","01_11753_0079_01",1,11753,"ref_strain",79,1
"2690","01_11756_0079_01",1,11756,"ref_strain",79,1
"2691","01_11792_0079_01",1,11792,"ref_strain",79,1
"2692","01_11838_0079_01",1,11838,"ref_strain",79,1
"2693","01_11855_0079_01",1,11855,"ref_strain",79,1
"2694","01_12070_0079_01",1,12070,"ref_strain",79,1
"2695","01_12115_0079_01",1,12115,"ref_strain",79,1
"2696","01_12270_0079_01",1,12270,"ref_strain",79,1
"2697","01_12729_0079_01",1,12729,"ref_strain",79,1
"2698","01_12740_0079_01",1,12740,"ref_strain",79,1
"2699","01_12841_0079_01",1,12841,"ref_strain",79,1
"2700","01_12867_0079_01",1,12867,"ref_strain",79,1
"2701","01_13010_0079_01",1,13010,"ref_strain",79,1
"2702","01_13027_0079_01",1,13027,"ref_strain",79,1
"2703","01_0239_0080_01",1,239,"ref_strain",80,1
"2704","01_0352_0080_01",1,352,"ref_strain",80,1
"2705","01_0371_0080_01",1,371,"ref_strain",80,1
"2706","01_0492_0080_01",1,492,"ref_strain",80,1
"2707","01_0998_0080_01",1,998,"ref_strain",80,1
"2708","01_1014_0080_01",1,1014,"ref_strain",80,1
"2709","01_1436_0080_01",1,1436,"ref_strain",80,1
"2710","01_1638_0080_01",1,1638,"ref_strain",80,1
"2711","01_1883_0080_01",1,1883,"ref_strain",80,1
"2712","01_1884_0080_01",1,1884,"ref_strain",80,1
"2713","01_2218_0080_01",1,2218,"ref_strain",80,1
"2714","01_2275_0080_01",1,2275,"ref_strain",80,1
"2715","01_2278_0080_01",1,2278,"ref_strain",80,1
"2716","01_2357_0080_01",1,2357,"ref_strain",80,1
"2717","01_2630_0080_01",1,2630,"ref_strain",80,1
"2718","01_2882_0080_01",1,2882,"ref_strain",80,1
"2719","01_2960_0080_01",1,2960,"ref_strain",80,1
"2720","01_2982_0080_01",1,2982,"ref_strain",80,1
"2721","01_3048_0080_01",1,3048,"ref_strain",80,1
"2722","01_3459_0080_01",1,3459,"ref_strain",80,1
"2723","01_3485_0080_01",1,3485,"ref_strain",80,1
"2724","01_3662_0080_01",1,3662,"ref_strain",80,1
"2725","01_3725_0080_01",1,3725,"ref_strain",80,1
"2726","01_3797_0080_01",1,3797,"ref_strain",80,1
"2727","01_4144_0080_01",1,4144,"ref_strain",80,1
"2728","01_4205_0080_01",1,4205,"ref_strain",80,1
"2729","01_4328_0080_01",1,4328,"ref_strain",80,1
"2730","01_4727_0080_01",1,4727,"ref_strain",80,1
"2731","01_4848_0080_01",1,4848,"ref_strain",80,1
"2732","01_4967_0080_01",1,4967,"ref_strain",80,1
"2733","01_4992_0080_01",1,4992,"ref_strain",80,1
"2734","01_5012_0080_01",1,5012,"ref_strain",80,1
"2735","01_5023_0080_01",1,5023,"ref_strain",80,1
"2736","01_5083_0080_01",1,5083,"ref_strain",80,1
"2737","01_5126_0080_01",1,5126,"ref_strain",80,1
"2738","01_5300_0080_01",1,5300,"ref_strain",80,1
"2739","01_5329_0080_01",1,5329,"ref_strain",80,1
"2740","01_5410_0080_01",1,5410,"ref_strain",80,1
"2741","01_5570_0080_01",1,5570,"ref_strain",80,1
"2742","01_5742_0080_01",1,5742,"ref_strain",80,1
"2743","01_5825_0080_01",1,5825,"ref_strain",80,1
"2744","01_5961_0080_01",1,5961,"ref_strain",80,1
"2745","01_6112_0080_01",1,6112,"ref_strain",80,1
"2746","01_6131_0080_01",1,6131,"ref_strain",80,1
"2747","01_6428_0080_01",1,6428,"ref_strain",80,1
"2748","01_6810_0080_01",1,6810,"ref_strain",80,1
"2749","01_6892_0080_01",1,6892,"ref_strain",80,1
"2750","01_7190_0080_01",1,7190,"ref_strain",80,1
"2751","01_7212_0080_01",1,7212,"ref_strain",80,1
"2752","01_7219_0080_01",1,7219,"ref_strain",80,1
"2753","01_7322_0080_01",1,7322,"ref_strain",80,1
"2754","01_7351_0080_01",1,7351,"ref_strain",80,1
"2755","01_7970_0080_01",1,7970,"ref_strain",80,1
"2756","01_8102_0080_01",1,8102,"ref_strain",80,1
"2757","01_8157_0080_01",1,8157,"ref_strain",80,1
"2758","01_8241_0080_01",1,8241,"ref_strain",80,1
"2759","01_8352_0080_01",1,8352,"ref_strain",80,1
"2760","01_8676_0080_01",1,8676,"ref_strain",80,1
"2761","01_8914_0080_01",1,8914,"ref_strain",80,1
"2762","01_9109_0080_01",1,9109,"ref_strain",80,1
"2763","01_9198_0080_01",1,9198,"ref_strain",80,1
"2764","01_9234_0080_01",1,9234,"ref_strain",80,1
"2765","01_9277_0080_01",1,9277,"ref_strain",80,1
"2766","01_9324_0080_01",1,9324,"ref_strain",80,1
"2767","01_9524_0080_01",1,9524,"ref_strain",80,1
"2768","01_9718_0080_01",1,9718,"ref_strain",80,1
"2769","01_9743_0080_01",1,9743,"ref_strain",80,1
"2770","01_10170_0080_01",1,10170,"ref_strain",80,1
"2771","01_10253_0080_01",1,10253,"ref_strain",80,1
"2772","01_10347_0080_01",1,10347,"ref_strain",80,1
"2773","01_10551_0080_01",1,10551,"ref_strain",80,1
"2774","01_10655_0080_01",1,10655,"ref_strain",80,1
"2775","01_11805_0080_01",1,11805,"ref_strain",80,1
"2776","01_11990_0080_01",1,11990,"ref_strain",80,1
"2777","01_12043_0080_01",1,12043,"ref_strain",80,1
"2778","01_12044_0080_01",1,12044,"ref_strain",80,1
"2779","01_12095_0080_01",1,12095,"ref_strain",80,1
"2780","01_12819_0080_01",1,12819,"ref_strain",80,1
"2781","01_13003_0080_01",1,13003,"ref_strain",80,1
"2782","01_0237_0081_01",1,237,"ref_strain",81,1
"2783","01_0284_0081_01",1,284,"ref_strain",81,1
"2784","01_0384_0081_01",1,384,"ref_strain",81,1
"2785","01_0504_0081_01",1,504,"ref_strain",81,1
"2786","01_0564_0081_01",1,564,"ref_strain",81,1
"2787","01_0579_0081_01",1,579,"ref_strain",81,1
"2788","01_0604_0081_01",1,604,"ref_strain",81,1
"2789","01_0632_0081_01",1,632,"ref_strain",81,1
"2790","01_0823_0081_01",1,823,"ref_strain",81,1
"2791","01_0967_0081_01",1,967,"ref_strain",81,1
"2792","01_1151_0081_01",1,1151,"ref_strain",81,1
"2793","01_1411_0081_01",1,1411,"ref_strain",81,1
"2794","01_1414_0081_01",1,1414,"ref_strain",81,1
"2795","01_1559_0081_01",1,1559,"ref_strain",81,1
"2796","01_1570_0081_01",1,1570,"ref_strain",81,1
"2797","01_1625_0081_01",1,1625,"ref_strain",81,1
"2798","01_1640_0081_01",1,1640,"ref_strain",81,1
"2799","01_2058_0081_01",1,2058,"ref_strain",81,1
"2800","01_2105_0081_01",1,2105,"ref_strain",81,1
"2801","01_2123_0081_01",1,2123,"ref_strain",81,1
"2802","01_2294_0081_01",1,2294,"ref_strain",81,1
"2803","01_2335_0081_01",1,2335,"ref_strain",81,1
"2804","01_2495_0081_01",1,2495,"ref_strain",81,1
"2805","01_2544_0081_01",1,2544,"ref_strain",81,1
"2806","01_2648_0081_01",1,2648,"ref_strain",81,1
"2807","01_2669_0081_01",1,2669,"ref_strain",81,1
"2808","01_2675_0081_01",1,2675,"ref_strain",81,1
"2809","01_2725_0081_01",1,2725,"ref_strain",81,1
"2810","01_3101_0081_01",1,3101,"ref_strain",81,1
"2811","01_3111_0081_01",1,3111,"ref_strain",81,1
"2812","01_3283_0081_01",1,3283,"ref_strain",81,1
"2813","01_3511_0081_01",1,3511,"ref_strain",81,1
"2814","01_3549_0081_01",1,3549,"ref_strain",81,1
"2815","01_3630_0081_01",1,3630,"ref_strain",81,1
"2816","01_3682_0081_01",1,3682,"ref_strain",81,1
"2817","01_3722_0081_01",1,3722,"ref_strain",81,1
"2818","01_4009_0081_01",1,4009,"ref_strain",81,1
"2819","01_4078_0081_01",1,4078,"ref_strain",81,1
"2820","01_4113_0081_01",1,4113,"ref_strain",81,1
"2821","01_4131_0081_01",1,4131,"ref_strain",81,1
"2822","01_4250_0081_01",1,4250,"ref_strain",81,1
"2823","01_4480_0081_01",1,4480,"ref_strain",81,1
"2824","01_4486_0081_01",1,4486,"ref_strain",81,1
"2825","01_4892_0081_01",1,4892,"ref_strain",81,1
"2826","01_4969_0081_01",1,4969,"ref_strain",81,1
"2827","01_5009_0081_01",1,5009,"ref_strain",81,1
"2828","01_5061_0081_01",1,5061,"ref_strain",81,1
"2829","01_5137_0081_01",1,5137,"ref_strain",81,1
"2830","01_5233_0081_01",1,5233,"ref_strain",81,1
"2831","01_5286_0081_01",1,5286,"ref_strain",81,1
"2832","01_5306_0081_01",1,5306,"ref_strain",81,1
"2833","01_5432_0081_01",1,5432,"ref_strain",81,1
"2834","01_5485_0081_01",1,5485,"ref_strain",81,1
"2835","01_5490_0081_01",1,5490,"ref_strain",81,1
"2836","01_5497_0081_01",1,5497,"ref_strain",81,1
"2837","01_6227_0081_01",1,6227,"ref_strain",81,1
"2838","01_6367_0081_01",1,6367,"ref_strain",81,1
"2839","01_6399_0081_01",1,6399,"ref_strain",81,1
"2840","01_6406_0081_01",1,6406,"ref_strain",81,1
"2841","01_6539_0081_01",1,6539,"ref_strain",81,1
"2842","01_6543_0081_01",1,6543,"ref_strain",81,1
"2843","01_6835_0081_01",1,6835,"ref_strain",81,1
"2844","01_6861_0081_01",1,6861,"ref_strain",81,1
"2845","01_6905_0081_01",1,6905,"ref_strain",81,1
"2846","01_7024_0081_01",1,7024,"ref_strain",81,1
"2847","01_7355_0081_01",1,7355,"ref_strain",81,1
"2848","01_8093_0081_01",1,8093,"ref_strain",81,1
"2849","01_8246_0081_01",1,8246,"ref_strain",81,1
"2850","01_8311_0081_01",1,8311,"ref_strain",81,1
"2851","01_8325_0081_01",1,8325,"ref_strain",81,1
"2852","01_8424_0081_01",1,8424,"ref_strain",81,1
"2853","01_8673_0081_01",1,8673,"ref_strain",81,1
"2854","01_8825_0081_01",1,8825,"ref_strain",81,1
"2855","01_9220_0081_01",1,9220,"ref_strain",81,1
"2856","01_9268_0081_01",1,9268,"ref_strain",81,1
"2857","01_9301_0081_01",1,9301,"ref_strain",81,1
"2858","01_9495_0081_01",1,9495,"ref_strain",81,1
"2859","01_9540_0081_01",1,9540,"ref_strain",81,1
"2860","01_9544_0081_01",1,9544,"ref_strain",81,1
"2861","01_9575_0081_01",1,9575,"ref_strain",81,1
"2862","01_10105_0081_01",1,10105,"ref_strain",81,1
"2863","01_10421_0081_01",1,10421,"ref_strain",81,1
"2864","01_10737_0081_01",1,10737,"ref_strain",81,1
"2865","01_10923_0081_01",1,10923,"ref_strain",81,1
"2866","01_10942_0081_01",1,10942,"ref_strain",81,1
"2867","01_11229_0081_01",1,11229,"ref_strain",81,1
"2868","01_11311_0081_01",1,11311,"ref_strain",81,1
"2869","01_11573_0081_01",1,11573,"ref_strain",81,1
"2870","01_11816_0081_01",1,11816,"ref_strain",81,1
"2871","01_11832_0081_01",1,11832,"ref_strain",81,1
"2872","01_11906_0081_01",1,11906,"ref_strain",81,1
"2873","01_11979_0081_01",1,11979,"ref_strain",81,1
"2874","01_12027_0081_01",1,12027,"ref_strain",81,1
"2875","01_12309_0081_01",1,12309,"ref_strain",81,1
"2876","01_12517_0081_01",1,12517,"ref_strain",81,1
"2877","01_12589_0081_01",1,12589,"ref_strain",81,1
"2878","01_12964_0081_01",1,12964,"ref_strain",81,1
"2879","01_13020_0081_01",1,13020,"ref_strain",81,1
"2880","01_13046_0081_01",1,13046,"ref_strain",81,1
"2881","01_0333_0082_01",1,333,"ref_strain",82,1
"2882","01_0453_0082_01",1,453,"ref_strain",82,1
"2883","01_0618_0082_01",1,618,"ref_strain",82,1
"2884","01_0637_0082_01",1,637,"ref_strain",82,1
"2885","01_0708_0082_01",1,708,"ref_strain",82,1
"2886","01_0763_0082_01",1,763,"ref_strain",82,1
"2887","01_0771_0082_01",1,771,"ref_strain",82,1
"2888","01_1073_0082_01",1,1073,"ref_strain",82,1
"2889","01_1118_0082_01",1,1118,"ref_strain",82,1
"2890","01_1175_0082_01",1,1175,"ref_strain",82,1
"2891","01_1262_0082_01",1,1262,"ref_strain",82,1
"2892","01_1519_0082_01",1,1519,"ref_strain",82,1
"2893","01_1551_0082_01",1,1551,"ref_strain",82,1
"2894","01_1610_0082_01",1,1610,"ref_strain",82,1
"2895","01_1931_0082_01",1,1931,"ref_strain",82,1
"2896","01_2262_0082_01",1,2262,"ref_strain",82,1
"2897","01_2491_0082_01",1,2491,"ref_strain",82,1
"2898","01_2558_0082_01",1,2558,"ref_strain",82,1
"2899","01_2581_0082_01",1,2581,"ref_strain",82,1
"2900","01_2584_0082_01",1,2584,"ref_strain",82,1
"2901","01_2587_0082_01",1,2587,"ref_strain",82,1
"2902","01_2599_0082_01",1,2599,"ref_strain",82,1
"2903","01_2920_0082_01",1,2920,"ref_strain",82,1
"2904","01_2998_0082_01",1,2998,"ref_strain",82,1
"2905","01_3115_0082_01",1,3115,"ref_strain",82,1
"2906","01_3345_0082_01",1,3345,"ref_strain",82,1
"2907","01_3347_0082_01",1,3347,"ref_strain",82,1
"2908","01_3446_0082_01",1,3446,"ref_strain",82,1
"2909","01_3449_0082_01",1,3449,"ref_strain",82,1
"2910","01_3629_0082_01",1,3629,"ref_strain",82,1
"2911","01_3837_0082_01",1,3837,"ref_strain",82,1
"2912","01_3942_0082_01",1,3942,"ref_strain",82,1
"2913","01_4222_0082_01",1,4222,"ref_strain",82,1
"2914","01_4264_0082_01",1,4264,"ref_strain",82,1
"2915","01_4544_0082_01",1,4544,"ref_strain",82,1
"2916","01_4688_0082_01",1,4688,"ref_strain",82,1
"2917","01_4806_0082_01",1,4806,"ref_strain",82,1
"2918","01_4910_0082_01",1,4910,"ref_strain",82,1
"2919","01_4932_0082_01",1,4932,"ref_strain",82,1
"2920","01_5283_0082_01",1,5283,"ref_strain",82,1
"2921","01_5420_0082_01",1,5420,"ref_strain",82,1
"2922","01_5437_0082_01",1,5437,"ref_strain",82,1
"2923","01_5513_0082_01",1,5513,"ref_strain",82,1
"2924","01_5554_0082_01",1,5554,"ref_strain",82,1
"2925","01_5766_0082_01",1,5766,"ref_strain",82,1
"2926","01_5790_0082_01",1,5790,"ref_strain",82,1
"2927","01_6030_0082_01",1,6030,"ref_strain",82,1
"2928","01_6201_0082_01",1,6201,"ref_strain",82,1
"2929","01_6441_0082_01",1,6441,"ref_strain",82,1
"2930","01_6488_0082_01",1,6488,"ref_strain",82,1
"2931","01_6565_0082_01",1,6565,"ref_strain",82,1
"2932","01_6712_0082_01",1,6712,"ref_strain",82,1
"2933","01_6889_0082_01",1,6889,"ref_strain",82,1
"2934","01_7019_0082_01",1,7019,"ref_strain",82,1
"2935","01_7344_0082_01",1,7344,"ref_strain",82,1
"2936","01_7403_0082_01",1,7403,"ref_strain",82,1
"2937","01_7544_0082_01",1,7544,"ref_strain",82,1
"2938","01_7624_0082_01",1,7624,"ref_strain",82,1
"2939","01_7787_0082_01",1,7787,"ref_strain",82,1
"2940","01_7817_0082_01",1,7817,"ref_strain",82,1
"2941","01_7850_0082_01",1,7850,"ref_strain",82,1
"2942","01_8227_0082_01",1,8227,"ref_strain",82,1
"2943","01_8369_0082_01",1,8369,"ref_strain",82,1
"2944","01_8542_0082_01",1,8542,"ref_strain",82,1
"2945","01_8574_0082_01",1,8574,"ref_strain",82,1
"2946","01_8846_0082_01",1,8846,"ref_strain",82,1
"2947","01_9045_0082_01",1,9045,"ref_strain",82,1
"2948","01_9076_0082_01",1,9076,"ref_strain",82,1
"2949","01_9229_0082_01",1,9229,"ref_strain",82,1
"2950","01_9339_0082_01",1,9339,"ref_strain",82,1
"2951","01_9569_0082_01",1,9569,"ref_strain",82,1
"2952","01_9618_0082_01",1,9618,"ref_strain",82,1
"2953","01_9770_0082_01",1,9770,"ref_strain",82,1
"2954","01_9880_0082_01",1,9880,"ref_strain",82,1
"2955","01_9959_0082_01",1,9959,"ref_strain",82,1
"2956","01_10022_0082_01",1,10022,"ref_strain",82,1
"2957","01_10096_0082_01",1,10096,"ref_strain",82,1
"2958","01_10344_0082_01",1,10344,"ref_strain",82,1
"2959","01_10499_0082_01",1,10499,"ref_strain",82,1
"2960","01_10536_0082_01",1,10536,"ref_strain",82,1
"2961","01_10846_0082_01",1,10846,"ref_strain",82,1
"2962","01_11144_0082_01",1,11144,"ref_strain",82,1
"2963","01_11330_0082_01",1,11330,"ref_strain",82,1
"2964","01_11507_0082_01",1,11507,"ref_strain",82,1
"2965","01_11645_0082_01",1,11645,"ref_strain",82,1
"2966","01_11785_0082_01",1,11785,"ref_strain",82,1
"2967","01_11811_0082_01",1,11811,"ref_strain",82,1
"2968","01_11912_0082_01",1,11912,"ref_strain",82,1
"2969","01_11954_0082_01",1,11954,"ref_strain",82,1
"2970","01_12069_0082_01",1,12069,"ref_strain",82,1
"2971","01_12289_0082_01",1,12289,"ref_strain",82,1
"2972","01_12610_0082_01",1,12610,"ref_strain",82,1
"2973","01_12746_0082_01",1,12746,"ref_strain",82,1
"2974","01_12748_0082_01",1,12748,"ref_strain",82,1
"2975","01_12809_0082_01",1,12809,"ref_strain",82,1
"2976","01_12872_0082_01",1,12872,"ref_strain",82,1
"2977","01_12888_0082_01",1,12888,"ref_strain",82,1
"2978","01_0168_0083_01",1,168,"ref_strain",83,1
"2979","01_0338_0083_01",1,338,"ref_strain",83,1
"2980","01_0359_0083_01",1,359,"ref_strain",83,1
"2981","01_0465_0083_01",1,465,"ref_strain",83,1
"2982","01_0474_0083_01",1,474,"ref_strain",83,1
"2983","01_0522_0083_01",1,522,"ref_strain",83,1
"2984","01_0609_0083_01",1,609,"ref_strain",83,1
"2985","01_0628_0083_01",1,628,"ref_strain",83,1
"2986","01_0742_0083_01",1,742,"ref_strain",83,1
"2987","01_0760_0083_01",1,760,"ref_strain",83,1
"2988","01_0850_0083_01",1,850,"ref_strain",83,1
"2989","01_1018_0083_01",1,1018,"ref_strain",83,1
"2990","01_1114_0083_01",1,1114,"ref_strain",83,1
"2991","01_1458_0083_01",1,1458,"ref_strain",83,1
"2992","01_1539_0083_01",1,1539,"ref_strain",83,1
"2993","01_1635_0083_01",1,1635,"ref_strain",83,1
"2994","01_1664_0083_01",1,1664,"ref_strain",83,1
"2995","01_1777_0083_01",1,1777,"ref_strain",83,1
"2996","01_2126_0083_01",1,2126,"ref_strain",83,1
"2997","01_2373_0083_01",1,2373,"ref_strain",83,1
"2998","01_2502_0083_01",1,2502,"ref_strain",83,1
"2999","01_2540_0083_01",1,2540,"ref_strain",83,1
"3000","01_2577_0083_01",1,2577,"ref_strain",83,1
"3001","01_2679_0083_01",1,2679,"ref_strain",83,1
"3002","01_2789_0083_01",1,2789,"ref_strain",83,1
"3003","01_2804_0083_01",1,2804,"ref_strain",83,1
"3004","01_3004_0083_01",1,3004,"ref_strain",83,1
"3005","01_3089_0083_01",1,3089,"ref_strain",83,1
"3006","01_3235_0083_01",1,3235,"ref_strain",83,1
"3007","01_3360_0083_01",1,3360,"ref_strain",83,1
"3008","01_3409_0083_01",1,3409,"ref_strain",83,1
"3009","01_3636_0083_01",1,3636,"ref_strain",83,1
"3010","01_3750_0083_01",1,3750,"ref_strain",83,1
"3011","01_3926_0083_01",1,3926,"ref_strain",83,1
"3012","01_4147_0083_01",1,4147,"ref_strain",83,1
"3013","01_4263_0083_01",1,4263,"ref_strain",83,1
"3014","01_4269_0083_01",1,4269,"ref_strain",83,1
"3015","01_4325_0083_01",1,4325,"ref_strain",83,1
"3016","01_4337_0083_01",1,4337,"ref_strain",83,1
"3017","01_4348_0083_01",1,4348,"ref_strain",83,1
"3018","01_4431_0083_01",1,4431,"ref_strain",83,1
"3019","01_4437_0083_01",1,4437,"ref_strain",83,1
"3020","01_4706_0083_01",1,4706,"ref_strain",83,1
"3021","01_4824_0083_01",1,4824,"ref_strain",83,1
"3022","01_4905_0083_01",1,4905,"ref_strain",83,1
"3023","01_4913_0083_01",1,4913,"ref_strain",83,1
"3024","01_5292_0083_01",1,5292,"ref_strain",83,1
"3025","01_5330_0083_01",1,5330,"ref_strain",83,1
"3026","01_5377_0083_01",1,5377,"ref_strain",83,1
"3027","01_5428_0083_01",1,5428,"ref_strain",83,1
"3028","01_5433_0083_01",1,5433,"ref_strain",83,1
"3029","01_5457_0083_01",1,5457,"ref_strain",83,1
"3030","01_5473_0083_01",1,5473,"ref_strain",83,1
"3031","01_5531_0083_01",1,5531,"ref_strain",83,1
"3032","01_5762_0083_01",1,5762,"ref_strain",83,1
"3033","01_6062_0083_01",1,6062,"ref_strain",83,1
"3034","01_6369_0083_01",1,6369,"ref_strain",83,1
"3035","01_6508_0083_01",1,6508,"ref_strain",83,1
"3036","01_6761_0083_01",1,6761,"ref_strain",83,1
"3037","01_6955_0083_01",1,6955,"ref_strain",83,1
"3038","01_7021_0083_01",1,7021,"ref_strain",83,1
"3039","01_7179_0083_01",1,7179,"ref_strain",83,1
"3040","01_7292_0083_01",1,7292,"ref_strain",83,1
"3041","01_7361_0083_01",1,7361,"ref_strain",83,1
"3042","01_7506_0083_01",1,7506,"ref_strain",83,1
"3043","01_7545_0083_01",1,7545,"ref_strain",83,1
"3044","01_7653_0083_01",1,7653,"ref_strain",83,1
"3045","01_8032_0083_01",1,8032,"ref_strain",83,1
"3046","01_8826_0083_01",1,8826,"ref_strain",83,1
"3047","01_8954_0083_01",1,8954,"ref_strain",83,1
"3048","01_9100_0083_01",1,9100,"ref_strain",83,1
"3049","01_9113_0083_01",1,9113,"ref_strain",83,1
"3050","01_9227_0083_01",1,9227,"ref_strain",83,1
"3051","01_9384_0083_01",1,9384,"ref_strain",83,1
"3052","01_9436_0083_01",1,9436,"ref_strain",83,1
"3053","01_9666_0083_01",1,9666,"ref_strain",83,1
"3054","01_9771_0083_01",1,9771,"ref_strain",83,1
"3055","01_9824_0083_01",1,9824,"ref_strain",83,1
"3056","01_10212_0083_01",1,10212,"ref_strain",83,1
"3057","01_10435_0083_01",1,10435,"ref_strain",83,1
"3058","01_10517_0083_01",1,10517,"ref_strain",83,1
"3059","01_10597_0083_01",1,10597,"ref_strain",83,1
"3060","01_10650_0083_01",1,10650,"ref_strain",83,1
"3061","01_10879_0083_01",1,10879,"ref_strain",83,1
"3062","01_10915_0083_01",1,10915,"ref_strain",83,1
"3063","01_10932_0083_01",1,10932,"ref_strain",83,1
"3064","01_11109_0083_01",1,11109,"ref_strain",83,1
"3065","01_11160_0083_01",1,11160,"ref_strain",83,1
"3066","01_11165_0083_01",1,11165,"ref_strain",83,1
"3067","01_11308_0083_01",1,11308,"ref_strain",83,1
"3068","01_11618_0083_01",1,11618,"ref_strain",83,1
"3069","01_11853_0083_01",1,11853,"ref_strain",83,1
"3070","01_11913_0083_01",1,11913,"ref_strain",83,1
"3071","01_11947_0083_01",1,11947,"ref_strain",83,1
"3072","01_11976_0083_01",1,11976,"ref_strain",83,1
"3073","01_12102_0083_01",1,12102,"ref_strain",83,1
"3074","01_12152_0083_01",1,12152,"ref_strain",83,1
"3075","01_12165_0083_01",1,12165,"ref_strain",83,1
"3076","01_12481_0083_01",1,12481,"ref_strain",83,1
"3077","01_12792_0083_01",1,12792,"ref_strain",83,1
"3078","01_12818_0083_01",1,12818,"ref_strain",83,1
"3079","01_0136_0084_01",1,136,"ref_strain",84,1
"3080","01_0183_0084_01",1,183,"ref_strain",84,1
"3081","01_0450_0084_01",1,450,"ref_strain",84,1
"3082","01_0519_0084_01",1,519,"ref_strain",84,1
"3083","01_0548_0084_01",1,548,"ref_strain",84,1
"3084","01_0607_0084_01",1,607,"ref_strain",84,1
"3085","01_0732_0084_01",1,732,"ref_strain",84,1
"3086","01_0812_0084_01",1,812,"ref_strain",84,1
"3087","01_1022_0084_01",1,1022,"ref_strain",84,1
"3088","01_1252_0084_01",1,1252,"ref_strain",84,1
"3089","01_1369_0084_01",1,1369,"ref_strain",84,1
"3090","01_1489_0084_01",1,1489,"ref_strain",84,1
"3091","01_1616_0084_01",1,1616,"ref_strain",84,1
"3092","01_1665_0084_01",1,1665,"ref_strain",84,1
"3093","01_1730_0084_01",1,1730,"ref_strain",84,1
"3094","01_1868_0084_01",1,1868,"ref_strain",84,1
"3095","01_1913_0084_01",1,1913,"ref_strain",84,1
"3096","01_1976_0084_01",1,1976,"ref_strain",84,1
"3097","01_2368_0084_01",1,2368,"ref_strain",84,1
"3098","01_2545_0084_01",1,2545,"ref_strain",84,1
"3099","01_2845_0084_01",1,2845,"ref_strain",84,1
"3100","01_3043_0084_01",1,3043,"ref_strain",84,1
"3101","01_3073_0084_01",1,3073,"ref_strain",84,1
"3102","01_3160_0084_01",1,3160,"ref_strain",84,1
"3103","01_3430_0084_01",1,3430,"ref_strain",84,1
"3104","01_3772_0084_01",1,3772,"ref_strain",84,1
"3105","01_3794_0084_01",1,3794,"ref_strain",84,1
"3106","01_4182_0084_01",1,4182,"ref_strain",84,1
"3107","01_5149_0084_01",1,5149,"ref_strain",84,1
"3108","01_5152_0084_01",1,5152,"ref_strain",84,1
"3109","01_5215_0084_01",1,5215,"ref_strain",84,1
"3110","01_5390_0084_01",1,5390,"ref_strain",84,1
"3111","01_5495_0084_01",1,5495,"ref_strain",84,1
"3112","01_5578_0084_01",1,5578,"ref_strain",84,1
"3113","01_5660_0084_01",1,5660,"ref_strain",84,1
"3114","01_6011_0084_01",1,6011,"ref_strain",84,1
"3115","01_6101_0084_01",1,6101,"ref_strain",84,1
"3116","01_6244_0084_01",1,6244,"ref_strain",84,1
"3117","01_6384_0084_01",1,6384,"ref_strain",84,1
"3118","01_6623_0084_01",1,6623,"ref_strain",84,1
"3119","01_6827_0084_01",1,6827,"ref_strain",84,1
"3120","01_6885_0084_01",1,6885,"ref_strain",84,1
"3121","01_6928_0084_01",1,6928,"ref_strain",84,1
"3122","01_7350_0084_01",1,7350,"ref_strain",84,1
"3123","01_7548_0084_01",1,7548,"ref_strain",84,1
"3124","01_7827_0084_01",1,7827,"ref_strain",84,1
"3125","01_7917_0084_01",1,7917,"ref_strain",84,1
"3126","01_8346_0084_01",1,8346,"ref_strain",84,1
"3127","01_8357_0084_01",1,8357,"ref_strain",84,1
"3128","01_8550_0084_01",1,8550,"ref_strain",84,1
"3129","01_8746_0084_01",1,8746,"ref_strain",84,1
"3130","01_9254_0084_01",1,9254,"ref_strain",84,1
"3131","01_9469_0084_01",1,9469,"ref_strain",84,1
"3132","01_9641_0084_01",1,9641,"ref_strain",84,1
"3133","01_9736_0084_01",1,9736,"ref_strain",84,1
"3134","01_9765_0084_01",1,9765,"ref_strain",84,1
"3135","01_9975_0084_01",1,9975,"ref_strain",84,1
"3136","01_10475_0084_01",1,10475,"ref_strain",84,1
"3137","01_10488_0084_01",1,10488,"ref_strain",84,1
"3138","01_10625_0084_01",1,10625,"ref_strain",84,1
"3139","01_10911_0084_01",1,10911,"ref_strain",84,1
"3140","01_11062_0084_01",1,11062,"ref_strain",84,1
"3141","01_11260_0084_01",1,11260,"ref_strain",84,1
"3142","01_12153_0084_01",1,12153,"ref_strain",84,1
"3143","01_12540_0084_01",1,12540,"ref_strain",84,1
"3144","01_12731_0084_01",1,12731,"ref_strain",84,1
"3145","01_12941_0084_01",1,12941,"ref_strain",84,1
"3146","01_0113_0085_01",1,113,"ref_strain",85,1
"3147","01_0235_0085_01",1,235,"ref_strain",85,1
"3148","01_0890_0085_01",1,890,"ref_strain",85,1
"3149","01_1265_0085_01",1,1265,"ref_strain",85,1
"3150","01_1285_0085_01",1,1285,"ref_strain",85,1
"3151","01_1317_0085_01",1,1317,"ref_strain",85,1
"3152","01_1387_0085_01",1,1387,"ref_strain",85,1
"3153","01_1505_0085_01",1,1505,"ref_strain",85,1
"3154","01_1594_0085_01",1,1594,"ref_strain",85,1
"3155","01_1597_0085_01",1,1597,"ref_strain",85,1
"3156","01_2280_0085_01",1,2280,"ref_strain",85,1
"3157","01_2358_0085_01",1,2358,"ref_strain",85,1
"3158","01_2537_0085_01",1,2537,"ref_strain",85,1
"3159","01_2696_0085_01",1,2696,"ref_strain",85,1
"3160","01_2806_0085_01",1,2806,"ref_strain",85,1
"3161","01_3093_0085_01",1,3093,"ref_strain",85,1
"3162","01_3141_0085_01",1,3141,"ref_strain",85,1
"3163","01_3332_0085_01",1,3332,"ref_strain",85,1
"3164","01_3388_0085_01",1,3388,"ref_strain",85,1
"3165","01_3534_0085_01",1,3534,"ref_strain",85,1
"3166","01_3875_0085_01",1,3875,"ref_strain",85,1
"3167","01_3934_0085_01",1,3934,"ref_strain",85,1
"3168","01_4153_0085_01",1,4153,"ref_strain",85,1
"3169","01_4602_0085_01",1,4602,"ref_strain",85,1
"3170","01_4725_0085_01",1,4725,"ref_strain",85,1
"3171","01_5031_0085_01",1,5031,"ref_strain",85,1
"3172","01_5260_0085_01",1,5260,"ref_strain",85,1
"3173","01_5341_0085_01",1,5341,"ref_strain",85,1
"3174","01_5662_0085_01",1,5662,"ref_strain",85,1
"3175","01_6211_0085_01",1,6211,"ref_strain",85,1
"3176","01_6650_0085_01",1,6650,"ref_strain",85,1
"3177","01_6754_0085_01",1,6754,"ref_strain",85,1
"3178","01_6775_0085_01",1,6775,"ref_strain",85,1
"3179","01_6850_0085_01",1,6850,"ref_strain",85,1
"3180","01_6857_0085_01",1,6857,"ref_strain",85,1
"3181","01_6884_0085_01",1,6884,"ref_strain",85,1
"3182","01_7007_0085_01",1,7007,"ref_strain",85,1
"3183","01_7189_0085_01",1,7189,"ref_strain",85,1
"3184","01_7268_0085_01",1,7268,"ref_strain",85,1
"3185","01_7282_0085_01",1,7282,"ref_strain",85,1
"3186","01_7440_0085_01",1,7440,"ref_strain",85,1
"3187","01_7574_0085_01",1,7574,"ref_strain",85,1
"3188","01_8158_0085_01",1,8158,"ref_strain",85,1
"3189","01_8214_0085_01",1,8214,"ref_strain",85,1
"3190","01_8387_0085_01",1,8387,"ref_strain",85,1
"3191","01_8507_0085_01",1,8507,"ref_strain",85,1
"3192","01_8586_0085_01",1,8586,"ref_strain",85,1
"3193","01_8633_0085_01",1,8633,"ref_strain",85,1
"3194","01_8699_0085_01",1,8699,"ref_strain",85,1
"3195","01_8893_0085_01",1,8893,"ref_strain",85,1
"3196","01_8918_0085_01",1,8918,"ref_strain",85,1
"3197","01_8924_0085_01",1,8924,"ref_strain",85,1
"3198","01_9460_0085_01",1,9460,"ref_strain",85,1
"3199","01_9721_0085_01",1,9721,"ref_strain",85,1
"3200","01_9748_0085_01",1,9748,"ref_strain",85,1
"3201","01_9760_0085_01",1,9760,"ref_strain",85,1
"3202","01_9920_0085_01",1,9920,"ref_strain",85,1
"3203","01_10017_0085_01",1,10017,"ref_strain",85,1
"3204","01_10043_0085_01",1,10043,"ref_strain",85,1
"3205","01_10290_0085_01",1,10290,"ref_strain",85,1
"3206","01_10308_0085_01",1,10308,"ref_strain",85,1
"3207","01_10415_0085_01",1,10415,"ref_strain",85,1
"3208","01_10456_0085_01",1,10456,"ref_strain",85,1
"3209","01_10550_0085_01",1,10550,"ref_strain",85,1
"3210","01_10593_0085_01",1,10593,"ref_strain",85,1
"3211","01_10634_0085_01",1,10634,"ref_strain",85,1
"3212","01_10822_0085_01",1,10822,"ref_strain",85,1
"3213","01_10843_0085_01",1,10843,"ref_strain",85,1
"3214","01_10844_0085_01",1,10844,"ref_strain",85,1
"3215","01_10885_0085_01",1,10885,"ref_strain",85,1
"3216","01_10902_0085_01",1,10902,"ref_strain",85,1
"3217","01_11148_0085_01",1,11148,"ref_strain",85,1
"3218","01_11281_0085_01",1,11281,"ref_strain",85,1
"3219","01_11623_0085_01",1,11623,"ref_strain",85,1
"3220","01_11696_0085_01",1,11696,"ref_strain",85,1
"3221","01_11739_0085_01",1,11739,"ref_strain",85,1
"3222","01_11806_0085_01",1,11806,"ref_strain",85,1
"3223","01_11914_0085_01",1,11914,"ref_strain",85,1
"3224","01_11924_0085_01",1,11924,"ref_strain",85,1
"3225","01_11933_0085_01",1,11933,"ref_strain",85,1
"3226","01_12085_0085_01",1,12085,"ref_strain",85,1
"3227","01_12326_0085_01",1,12326,"ref_strain",85,1
"3228","01_12574_0085_01",1,12574,"ref_strain",85,1
"3229","01_12692_0085_01",1,12692,"ref_strain",85,1
"3230","01_12802_0085_01",1,12802,"ref_strain",85,1
"3231","01_0245_0086_01",1,245,"ref_strain",86,1
"3232","01_0293_0086_01",1,293,"ref_strain",86,1
"3233","01_0381_0086_01",1,381,"ref_strain",86,1
"3234","01_0394_0086_01",1,394,"ref_strain",86,1
"3235","01_0671_0086_01",1,671,"ref_strain",86,1
"3236","01_0717_0086_01",1,717,"ref_strain",86,1
"3237","01_1340_0086_01",1,1340,"ref_strain",86,1
"3238","01_1416_0086_01",1,1416,"ref_strain",86,1
"3239","01_1459_0086_01",1,1459,"ref_strain",86,1
"3240","01_2003_0086_01",1,2003,"ref_strain",86,1
"3241","01_2021_0086_01",1,2021,"ref_strain",86,1
"3242","01_2247_0086_01",1,2247,"ref_strain",86,1
"3243","01_2290_0086_01",1,2290,"ref_strain",86,1
"3244","01_2302_0086_01",1,2302,"ref_strain",86,1
"3245","01_2521_0086_01",1,2521,"ref_strain",86,1
"3246","01_3233_0086_01",1,3233,"ref_strain",86,1
"3247","01_3327_0086_01",1,3327,"ref_strain",86,1
"3248","01_3500_0086_01",1,3500,"ref_strain",86,1
"3249","01_3600_0086_01",1,3600,"ref_strain",86,1
"3250","01_3752_0086_01",1,3752,"ref_strain",86,1
"3251","01_3810_0086_01",1,3810,"ref_strain",86,1
"3252","01_3842_0086_01",1,3842,"ref_strain",86,1
"3253","01_3899_0086_01",1,3899,"ref_strain",86,1
"3254","01_3910_0086_01",1,3910,"ref_strain",86,1
"3255","01_4104_0086_01",1,4104,"ref_strain",86,1
"3256","01_4128_0086_01",1,4128,"ref_strain",86,1
"3257","01_4502_0086_01",1,4502,"ref_strain",86,1
"3258","01_4809_0086_01",1,4809,"ref_strain",86,1
"3259","01_4953_0086_01",1,4953,"ref_strain",86,1
"3260","01_5014_0086_01",1,5014,"ref_strain",86,1
"3261","01_5208_0086_01",1,5208,"ref_strain",86,1
"3262","01_5231_0086_01",1,5231,"ref_strain",86,1
"3263","01_5541_0086_01",1,5541,"ref_strain",86,1
"3264","01_5543_0086_01",1,5543,"ref_strain",86,1
"3265","01_5645_0086_01",1,5645,"ref_strain",86,1
"3266","01_5715_0086_01",1,5715,"ref_strain",86,1
"3267","01_5799_0086_01",1,5799,"ref_strain",86,1
"3268","01_5867_0086_01",1,5867,"ref_strain",86,1
"3269","01_5903_0086_01",1,5903,"ref_strain",86,1
"3270","01_5959_0086_01",1,5959,"ref_strain",86,1
"3271","01_5992_0086_01",1,5992,"ref_strain",86,1
"3272","01_6199_0086_01",1,6199,"ref_strain",86,1
"3273","01_6496_0086_01",1,6496,"ref_strain",86,1
"3274","01_6934_0086_01",1,6934,"ref_strain",86,1
"3275","01_7046_0086_01",1,7046,"ref_strain",86,1
"3276","01_7284_0086_01",1,7284,"ref_strain",86,1
"3277","01_7298_0086_01",1,7298,"ref_strain",86,1
"3278","01_7359_0086_01",1,7359,"ref_strain",86,1
"3279","01_7519_0086_01",1,7519,"ref_strain",86,1
"3280","01_7829_0086_01",1,7829,"ref_strain",86,1
"3281","01_7835_0086_01",1,7835,"ref_strain",86,1
"3282","01_8020_0086_01",1,8020,"ref_strain",86,1
"3283","01_8031_0086_01",1,8031,"ref_strain",86,1
"3284","01_8222_0086_01",1,8222,"ref_strain",86,1
"3285","01_8240_0086_01",1,8240,"ref_strain",86,1
"3286","01_8284_0086_01",1,8284,"ref_strain",86,1
"3287","01_8359_0086_01",1,8359,"ref_strain",86,1
"3288","01_8444_0086_01",1,8444,"ref_strain",86,1
"3289","01_8592_0086_01",1,8592,"ref_strain",86,1
"3290","01_8656_0086_01",1,8656,"ref_strain",86,1
"3291","01_8765_0086_01",1,8765,"ref_strain",86,1
"3292","01_8815_0086_01",1,8815,"ref_strain",86,1
"3293","01_8929_0086_01",1,8929,"ref_strain",86,1
"3294","01_9135_0086_01",1,9135,"ref_strain",86,1
"3295","01_9374_0086_01",1,9374,"ref_strain",86,1
"3296","01_9428_0086_01",1,9428,"ref_strain",86,1
"3297","01_9475_0086_01",1,9475,"ref_strain",86,1
"3298","01_9667_0086_01",1,9667,"ref_strain",86,1
"3299","01_9775_0086_01",1,9775,"ref_strain",86,1
"3300","01_9888_0086_01",1,9888,"ref_strain",86,1
"3301","01_9931_0086_01",1,9931,"ref_strain",86,1
"3302","01_9980_0086_01",1,9980,"ref_strain",86,1
"3303","01_10417_0086_01",1,10417,"ref_strain",86,1
"3304","01_10764_0086_01",1,10764,"ref_strain",86,1
"3305","01_11295_0086_01",1,11295,"ref_strain",86,1
"3306","01_11406_0086_01",1,11406,"ref_strain",86,1
"3307","01_11531_0086_01",1,11531,"ref_strain",86,1
"3308","01_11925_0086_01",1,11925,"ref_strain",86,1
"3309","01_11975_0086_01",1,11975,"ref_strain",86,1
"3310","01_12139_0086_01",1,12139,"ref_strain",86,1
"3311","01_12142_0086_01",1,12142,"ref_strain",86,1
"3312","01_12286_0086_01",1,12286,"ref_strain",86,1
"3313","01_12300_0086_01",1,12300,"ref_strain",86,1
"3314","01_12410_0086_01",1,12410,"ref_strain",86,1
"3315","01_12430_0086_01",1,12430,"ref_strain",86,1
"3316","01_12582_0086_01",1,12582,"ref_strain",86,1
"3317","01_12629_0086_01",1,12629,"ref_strain",86,1
"3318","01_12765_0086_01",1,12765,"ref_strain",86,1
"3319","01_12770_0086_01",1,12770,"ref_strain",86,1
"3320","01_12782_0086_01",1,12782,"ref_strain",86,1
"3321","01_0265_0087_01",1,265,"ref_strain",87,1
"3322","01_0304_0087_01",1,304,"ref_strain",87,1
"3323","01_0472_0087_01",1,472,"ref_strain",87,1
"3324","01_0568_0087_01",1,568,"ref_strain",87,1
"3325","01_0580_0087_01",1,580,"ref_strain",87,1
"3326","01_0797_0087_01",1,797,"ref_strain",87,1
"3327","01_0898_0087_01",1,898,"ref_strain",87,1
"3328","01_1111_0087_01",1,1111,"ref_strain",87,1
"3329","01_1136_0087_01",1,1136,"ref_strain",87,1
"3330","01_1145_0087_01",1,1145,"ref_strain",87,1
"3331","01_1464_0087_01",1,1464,"ref_strain",87,1
"3332","01_1490_0087_01",1,1490,"ref_strain",87,1
"3333","01_1500_0087_01",1,1500,"ref_strain",87,1
"3334","01_1706_0087_01",1,1706,"ref_strain",87,1
"3335","01_1709_0087_01",1,1709,"ref_strain",87,1
"3336","01_1843_0087_01",1,1843,"ref_strain",87,1
"3337","01_1907_0087_01",1,1907,"ref_strain",87,1
"3338","01_2024_0087_01",1,2024,"ref_strain",87,1
"3339","01_2082_0087_01",1,2082,"ref_strain",87,1
"3340","01_2222_0087_01",1,2222,"ref_strain",87,1
"3341","01_2277_0087_01",1,2277,"ref_strain",87,1
"3342","01_2638_0087_01",1,2638,"ref_strain",87,1
"3343","01_2837_0087_01",1,2837,"ref_strain",87,1
"3344","01_2847_0087_01",1,2847,"ref_strain",87,1
"3345","01_3059_0087_01",1,3059,"ref_strain",87,1
"3346","01_3155_0087_01",1,3155,"ref_strain",87,1
"3347","01_3162_0087_01",1,3162,"ref_strain",87,1
"3348","01_3448_0087_01",1,3448,"ref_strain",87,1
"3349","01_3667_0087_01",1,3667,"ref_strain",87,1
"3350","01_3783_0087_01",1,3783,"ref_strain",87,1
"3351","01_4179_0087_01",1,4179,"ref_strain",87,1
"3352","01_4516_0087_01",1,4516,"ref_strain",87,1
"3353","01_4670_0087_01",1,4670,"ref_strain",87,1
"3354","01_4759_0087_01",1,4759,"ref_strain",87,1
"3355","01_4841_0087_01",1,4841,"ref_strain",87,1
"3356","01_5335_0087_01",1,5335,"ref_strain",87,1
"3357","01_5350_0087_01",1,5350,"ref_strain",87,1
"3358","01_5470_0087_01",1,5470,"ref_strain",87,1
"3359","01_5593_0087_01",1,5593,"ref_strain",87,1
"3360","01_5615_0087_01",1,5615,"ref_strain",87,1
"3361","01_5661_0087_01",1,5661,"ref_strain",87,1
"3362","01_5734_0087_01",1,5734,"ref_strain",87,1
"3363","01_5797_0087_01",1,5797,"ref_strain",87,1
"3364","01_5889_0087_01",1,5889,"ref_strain",87,1
"3365","01_6152_0087_01",1,6152,"ref_strain",87,1
"3366","01_6222_0087_01",1,6222,"ref_strain",87,1
"3367","01_6278_0087_01",1,6278,"ref_strain",87,1
"3368","01_6366_0087_01",1,6366,"ref_strain",87,1
"3369","01_7124_0087_01",1,7124,"ref_strain",87,1
"3370","01_7146_0087_01",1,7146,"ref_strain",87,1
"3371","01_7176_0087_01",1,7176,"ref_strain",87,1
"3372","01_7210_0087_01",1,7210,"ref_strain",87,1
"3373","01_7429_0087_01",1,7429,"ref_strain",87,1
"3374","01_7535_0087_01",1,7535,"ref_strain",87,1
"3375","01_7725_0087_01",1,7725,"ref_strain",87,1
"3376","01_7899_0087_01",1,7899,"ref_strain",87,1
"3377","01_7911_0087_01",1,7911,"ref_strain",87,1
"3378","01_7978_0087_01",1,7978,"ref_strain",87,1
"3379","01_8000_0087_01",1,8000,"ref_strain",87,1
"3380","01_8059_0087_01",1,8059,"ref_strain",87,1
"3381","01_8116_0087_01",1,8116,"ref_strain",87,1
"3382","01_8136_0087_01",1,8136,"ref_strain",87,1
"3383","01_8204_0087_01",1,8204,"ref_strain",87,1
"3384","01_8255_0087_01",1,8255,"ref_strain",87,1
"3385","01_8431_0087_01",1,8431,"ref_strain",87,1
"3386","01_8546_0087_01",1,8546,"ref_strain",87,1
"3387","01_9054_0087_01",1,9054,"ref_strain",87,1
"3388","01_9152_0087_01",1,9152,"ref_strain",87,1
"3389","01_9188_0087_01",1,9188,"ref_strain",87,1
"3390","01_9248_0087_01",1,9248,"ref_strain",87,1
"3391","01_9686_0087_01",1,9686,"ref_strain",87,1
"3392","01_10015_0087_01",1,10015,"ref_strain",87,1
"3393","01_10034_0087_01",1,10034,"ref_strain",87,1
"3394","01_10141_0087_01",1,10141,"ref_strain",87,1
"3395","01_10152_0087_01",1,10152,"ref_strain",87,1
"3396","01_10190_0087_01",1,10190,"ref_strain",87,1
"3397","01_10275_0087_01",1,10275,"ref_strain",87,1
"3398","01_10295_0087_01",1,10295,"ref_strain",87,1
"3399","01_10773_0087_01",1,10773,"ref_strain",87,1
"3400","01_10789_0087_01",1,10789,"ref_strain",87,1
"3401","01_10919_0087_01",1,10919,"ref_strain",87,1
"3402","01_10960_0087_01",1,10960,"ref_strain",87,1
"3403","01_11017_0087_01",1,11017,"ref_strain",87,1
"3404","01_11049_0087_01",1,11049,"ref_strain",87,1
"3405","01_11247_0087_01",1,11247,"ref_strain",87,1
"3406","01_11306_0087_01",1,11306,"ref_strain",87,1
"3407","01_11323_0087_01",1,11323,"ref_strain",87,1
"3408","01_11326_0087_01",1,11326,"ref_strain",87,1
"3409","01_11517_0087_01",1,11517,"ref_strain",87,1
"3410","01_11646_0087_01",1,11646,"ref_strain",87,1
"3411","01_11807_0087_01",1,11807,"ref_strain",87,1
"3412","01_11847_0087_01",1,11847,"ref_strain",87,1
"3413","01_11857_0087_01",1,11857,"ref_strain",87,1
"3414","01_11921_0087_01",1,11921,"ref_strain",87,1
"3415","01_12146_0087_01",1,12146,"ref_strain",87,1
"3416","01_12243_0087_01",1,12243,"ref_strain",87,1
"3417","01_12261_0087_01",1,12261,"ref_strain",87,1
"3418","01_12507_0087_01",1,12507,"ref_strain",87,1
"3419","01_12622_0087_01",1,12622,"ref_strain",87,1
"3420","01_12720_0087_01",1,12720,"ref_strain",87,1
"3421","01_12723_0087_01",1,12723,"ref_strain",87,1
"3422","01_13000_0087_01",1,13000,"ref_strain",87,1
"3423","01_13037_0087_01",1,13037,"ref_strain",87,1
"3424","01_0038_0088_01",1,38,"ref_strain",88,1
"3425","01_0149_0088_01",1,149,"ref_strain",88,1
"3426","01_0187_0088_01",1,187,"ref_strain",88,1
"3427","01_0222_0088_01",1,222,"ref_strain",88,1
"3428","01_0234_0088_01",1,234,"ref_strain",88,1
"3429","01_0246_0088_01",1,246,"ref_strain",88,1
"3430","01_0256_0088_01",1,256,"ref_strain",88,1
"3431","01_0578_0088_01",1,578,"ref_strain",88,1
"3432","01_1053_0088_01",1,1053,"ref_strain",88,1
"3433","01_1135_0088_01",1,1135,"ref_strain",88,1
"3434","01_1351_0088_01",1,1351,"ref_strain",88,1
"3435","01_1540_0088_01",1,1540,"ref_strain",88,1
"3436","01_1864_0088_01",1,1864,"ref_strain",88,1
"3437","01_1956_0088_01",1,1956,"ref_strain",88,1
"3438","01_1966_0088_01",1,1966,"ref_strain",88,1
"3439","01_2097_0088_01",1,2097,"ref_strain",88,1
"3440","01_2546_0088_01",1,2546,"ref_strain",88,1
"3441","01_2548_0088_01",1,2548,"ref_strain",88,1
"3442","01_2988_0088_01",1,2988,"ref_strain",88,1
"3443","01_3260_0088_01",1,3260,"ref_strain",88,1
"3444","01_3553_0088_01",1,3553,"ref_strain",88,1
"3445","01_3760_0088_01",1,3760,"ref_strain",88,1
"3446","01_4031_0088_01",1,4031,"ref_strain",88,1
"3447","01_4215_0088_01",1,4215,"ref_strain",88,1
"3448","01_4686_0088_01",1,4686,"ref_strain",88,1
"3449","01_5042_0088_01",1,5042,"ref_strain",88,1
"3450","01_5309_0088_01",1,5309,"ref_strain",88,1
"3451","01_5392_0088_01",1,5392,"ref_strain",88,1
"3452","01_5600_0088_01",1,5600,"ref_strain",88,1
"3453","01_5773_0088_01",1,5773,"ref_strain",88,1
"3454","01_6235_0088_01",1,6235,"ref_strain",88,1
"3455","01_6374_0088_01",1,6374,"ref_strain",88,1
"3456","01_6586_0088_01",1,6586,"ref_strain",88,1
"3457","01_6724_0088_01",1,6724,"ref_strain",88,1
"3458","01_6736_0088_01",1,6736,"ref_strain",88,1
"3459","01_6945_0088_01",1,6945,"ref_strain",88,1
"3460","01_7287_0088_01",1,7287,"ref_strain",88,1
"3461","01_7607_0088_01",1,7607,"ref_strain",88,1
"3462","01_8261_0088_01",1,8261,"ref_strain",88,1
"3463","01_8271_0088_01",1,8271,"ref_strain",88,1
"3464","01_8326_0088_01",1,8326,"ref_strain",88,1
"3465","01_8602_0088_01",1,8602,"ref_strain",88,1
"3466","01_8666_0088_01",1,8666,"ref_strain",88,1
"3467","01_8750_0088_01",1,8750,"ref_strain",88,1
"3468","01_9069_0088_01",1,9069,"ref_strain",88,1
"3469","01_9186_0088_01",1,9186,"ref_strain",88,1
"3470","01_9189_0088_01",1,9189,"ref_strain",88,1
"3471","01_9440_0088_01",1,9440,"ref_strain",88,1
"3472","01_9476_0088_01",1,9476,"ref_strain",88,1
"3473","01_9577_0088_01",1,9577,"ref_strain",88,1
"3474","01_9640_0088_01",1,9640,"ref_strain",88,1
"3475","01_9829_0088_01",1,9829,"ref_strain",88,1
"3476","01_9885_0088_01",1,9885,"ref_strain",88,1
"3477","01_9991_0088_01",1,9991,"ref_strain",88,1
"3478","01_10005_0088_01",1,10005,"ref_strain",88,1
"3479","01_10099_0088_01",1,10099,"ref_strain",88,1
"3480","01_10221_0088_01",1,10221,"ref_strain",88,1
"3481","01_10224_0088_01",1,10224,"ref_strain",88,1
"3482","01_10385_0088_01",1,10385,"ref_strain",88,1
"3483","01_10702_0088_01",1,10702,"ref_strain",88,1
"3484","01_11138_0088_01",1,11138,"ref_strain",88,1
"3485","01_11197_0088_01",1,11197,"ref_strain",88,1
"3486","01_11490_0088_01",1,11490,"ref_strain",88,1
"3487","01_11578_0088_01",1,11578,"ref_strain",88,1
"3488","01_11637_0088_01",1,11637,"ref_strain",88,1
"3489","01_11889_0088_01",1,11889,"ref_strain",88,1
"3490","01_11915_0088_01",1,11915,"ref_strain",88,1
"3491","01_12227_0088_01",1,12227,"ref_strain",88,1
"3492","01_12490_0088_01",1,12490,"ref_strain",88,1
"3493","01_12799_0088_01",1,12799,"ref_strain",88,1
"3494","01_12854_0088_01",1,12854,"ref_strain",88,1
"3495","01_12914_0088_01",1,12914,"ref_strain",88,1
"3496","01_0155_0089_01",1,155,"ref_strain",89,1
"3497","01_0210_0089_01",1,210,"ref_strain",89,1
"3498","01_0295_0089_01",1,295,"ref_strain",89,1
"3499","01_0524_0089_01",1,524,"ref_strain",89,1
"3500","01_0567_0089_01",1,567,"ref_strain",89,1
"3501","01_1044_0089_01",1,1044,"ref_strain",89,1
"3502","01_1306_0089_01",1,1306,"ref_strain",89,1
"3503","01_1428_0089_01",1,1428,"ref_strain",89,1
"3504","01_1742_0089_01",1,1742,"ref_strain",89,1
"3505","01_1904_0089_01",1,1904,"ref_strain",89,1
"3506","01_1920_0089_01",1,1920,"ref_strain",89,1
"3507","01_1992_0089_01",1,1992,"ref_strain",89,1
"3508","01_2467_0089_01",1,2467,"ref_strain",89,1
"3509","01_3018_0089_01",1,3018,"ref_strain",89,1
"3510","01_3660_0089_01",1,3660,"ref_strain",89,1
"3511","01_3758_0089_01",1,3758,"ref_strain",89,1
"3512","01_4058_0089_01",1,4058,"ref_strain",89,1
"3513","01_4066_0089_01",1,4066,"ref_strain",89,1
"3514","01_4119_0089_01",1,4119,"ref_strain",89,1
"3515","01_4157_0089_01",1,4157,"ref_strain",89,1
"3516","01_4842_0089_01",1,4842,"ref_strain",89,1
"3517","01_4991_0089_01",1,4991,"ref_strain",89,1
"3518","01_5000_0089_01",1,5000,"ref_strain",89,1
"3519","01_5243_0089_01",1,5243,"ref_strain",89,1
"3520","01_5648_0089_01",1,5648,"ref_strain",89,1
"3521","01_5919_0089_01",1,5919,"ref_strain",89,1
"3522","01_6034_0089_01",1,6034,"ref_strain",89,1
"3523","01_6045_0089_01",1,6045,"ref_strain",89,1
"3524","01_6094_0089_01",1,6094,"ref_strain",89,1
"3525","01_6599_0089_01",1,6599,"ref_strain",89,1
"3526","01_6658_0089_01",1,6658,"ref_strain",89,1
"3527","01_6676_0089_01",1,6676,"ref_strain",89,1
"3528","01_6741_0089_01",1,6741,"ref_strain",89,1
"3529","01_6770_0089_01",1,6770,"ref_strain",89,1
"3530","01_6805_0089_01",1,6805,"ref_strain",89,1
"3531","01_6806_0089_01",1,6806,"ref_strain",89,1
"3532","01_6971_0089_01",1,6971,"ref_strain",89,1
"3533","01_7020_0089_01",1,7020,"ref_strain",89,1
"3534","01_7273_0089_01",1,7273,"ref_strain",89,1
"3535","01_7542_0089_01",1,7542,"ref_strain",89,1
"3536","01_7599_0089_01",1,7599,"ref_strain",89,1
"3537","01_7738_0089_01",1,7738,"ref_strain",89,1
"3538","01_7819_0089_01",1,7819,"ref_strain",89,1
"3539","01_7971_0089_01",1,7971,"ref_strain",89,1
"3540","01_8076_0089_01",1,8076,"ref_strain",89,1
"3541","01_8087_0089_01",1,8087,"ref_strain",89,1
"3542","01_8194_0089_01",1,8194,"ref_strain",89,1
"3543","01_8773_0089_01",1,8773,"ref_strain",89,1
"3544","01_8870_0089_01",1,8870,"ref_strain",89,1
"3545","01_8899_0089_01",1,8899,"ref_strain",89,1
"3546","01_8923_0089_01",1,8923,"ref_strain",89,1
"3547","01_9200_0089_01",1,9200,"ref_strain",89,1
"3548","01_9518_0089_01",1,9518,"ref_strain",89,1
"3549","01_9642_0089_01",1,9642,"ref_strain",89,1
"3550","01_9750_0089_01",1,9750,"ref_strain",89,1
"3551","01_9887_0089_01",1,9887,"ref_strain",89,1
"3552","01_9971_0089_01",1,9971,"ref_strain",89,1
"3553","01_9999_0089_01",1,9999,"ref_strain",89,1
"3554","01_10110_0089_01",1,10110,"ref_strain",89,1
"3555","01_10119_0089_01",1,10119,"ref_strain",89,1
"3556","01_10448_0089_01",1,10448,"ref_strain",89,1
"3557","01_10602_0089_01",1,10602,"ref_strain",89,1
"3558","01_10681_0089_01",1,10681,"ref_strain",89,1
"3559","01_10899_0089_01",1,10899,"ref_strain",89,1
"3560","01_10982_0089_01",1,10982,"ref_strain",89,1
"3561","01_11344_0089_01",1,11344,"ref_strain",89,1
"3562","01_11630_0089_01",1,11630,"ref_strain",89,1
"3563","01_11685_0089_01",1,11685,"ref_strain",89,1
"3564","01_11690_0089_01",1,11690,"ref_strain",89,1
"3565","01_11860_0089_01",1,11860,"ref_strain",89,1
"3566","01_11892_0089_01",1,11892,"ref_strain",89,1
"3567","01_12908_0089_01",1,12908,"ref_strain",89,1
"3568","01_12946_0089_01",1,12946,"ref_strain",89,1
"3569","01_12985_0089_01",1,12985,"ref_strain",89,1
"3570","01_0127_0090_01",1,127,"ref_strain",90,1
"3571","01_0227_0090_01",1,227,"ref_strain",90,1
"3572","01_0421_0090_01",1,421,"ref_strain",90,1
"3573","01_0490_0090_01",1,490,"ref_strain",90,1
"3574","01_0589_0090_01",1,589,"ref_strain",90,1
"3575","01_0682_0090_01",1,682,"ref_strain",90,1
"3576","01_0955_0090_01",1,955,"ref_strain",90,1
"3577","01_1179_0090_01",1,1179,"ref_strain",90,1
"3578","01_1266_0090_01",1,1266,"ref_strain",90,1
"3579","01_1637_0090_01",1,1637,"ref_strain",90,1
"3580","01_1728_0090_01",1,1728,"ref_strain",90,1
"3581","01_1952_0090_01",1,1952,"ref_strain",90,1
"3582","01_1963_0090_01",1,1963,"ref_strain",90,1
"3583","01_1998_0090_01",1,1998,"ref_strain",90,1
"3584","01_2049_0090_01",1,2049,"ref_strain",90,1
"3585","01_2124_0090_01",1,2124,"ref_strain",90,1
"3586","01_2360_0090_01",1,2360,"ref_strain",90,1
"3587","01_2410_0090_01",1,2410,"ref_strain",90,1
"3588","01_2563_0090_01",1,2563,"ref_strain",90,1
"3589","01_2705_0090_01",1,2705,"ref_strain",90,1
"3590","01_2844_0090_01",1,2844,"ref_strain",90,1
"3591","01_2887_0090_01",1,2887,"ref_strain",90,1
"3592","01_2987_0090_01",1,2987,"ref_strain",90,1
"3593","01_3107_0090_01",1,3107,"ref_strain",90,1
"3594","01_3194_0090_01",1,3194,"ref_strain",90,1
"3595","01_3384_0090_01",1,3384,"ref_strain",90,1
"3596","01_3541_0090_01",1,3541,"ref_strain",90,1
"3597","01_3798_0090_01",1,3798,"ref_strain",90,1
"3598","01_3827_0090_01",1,3827,"ref_strain",90,1
"3599","01_3862_0090_01",1,3862,"ref_strain",90,1
"3600","01_4043_0090_01",1,4043,"ref_strain",90,1
"3601","01_4551_0090_01",1,4551,"ref_strain",90,1
"3602","01_4912_0090_01",1,4912,"ref_strain",90,1
"3603","01_4919_0090_01",1,4919,"ref_strain",90,1
"3604","01_4984_0090_01",1,4984,"ref_strain",90,1
"3605","01_5039_0090_01",1,5039,"ref_strain",90,1
"3606","01_5264_0090_01",1,5264,"ref_strain",90,1
"3607","01_5370_0090_01",1,5370,"ref_strain",90,1
"3608","01_5397_0090_01",1,5397,"ref_strain",90,1
"3609","01_5651_0090_01",1,5651,"ref_strain",90,1
"3610","01_5931_0090_01",1,5931,"ref_strain",90,1
"3611","01_6092_0090_01",1,6092,"ref_strain",90,1
"3612","01_6170_0090_01",1,6170,"ref_strain",90,1
"3613","01_6221_0090_01",1,6221,"ref_strain",90,1
"3614","01_6253_0090_01",1,6253,"ref_strain",90,1
"3615","01_6397_0090_01",1,6397,"ref_strain",90,1
"3616","01_6429_0090_01",1,6429,"ref_strain",90,1
"3617","01_6514_0090_01",1,6514,"ref_strain",90,1
"3618","01_6560_0090_01",1,6560,"ref_strain",90,1
"3619","01_6630_0090_01",1,6630,"ref_strain",90,1
"3620","01_6686_0090_01",1,6686,"ref_strain",90,1
"3621","01_7065_0090_01",1,7065,"ref_strain",90,1
"3622","01_7095_0090_01",1,7095,"ref_strain",90,1
"3623","01_7281_0090_01",1,7281,"ref_strain",90,1
"3624","01_7384_0090_01",1,7384,"ref_strain",90,1
"3625","01_7415_0090_01",1,7415,"ref_strain",90,1
"3626","01_7418_0090_01",1,7418,"ref_strain",90,1
"3627","01_7474_0090_01",1,7474,"ref_strain",90,1
"3628","01_7533_0090_01",1,7533,"ref_strain",90,1
"3629","01_7640_0090_01",1,7640,"ref_strain",90,1
"3630","01_7745_0090_01",1,7745,"ref_strain",90,1
"3631","01_7793_0090_01",1,7793,"ref_strain",90,1
"3632","01_7894_0090_01",1,7894,"ref_strain",90,1
"3633","01_8182_0090_01",1,8182,"ref_strain",90,1
"3634","01_8213_0090_01",1,8213,"ref_strain",90,1
"3635","01_8371_0090_01",1,8371,"ref_strain",90,1
"3636","01_8472_0090_01",1,8472,"ref_strain",90,1
"3637","01_8504_0090_01",1,8504,"ref_strain",90,1
"3638","01_8659_0090_01",1,8659,"ref_strain",90,1
"3639","01_8799_0090_01",1,8799,"ref_strain",90,1
"3640","01_9031_0090_01",1,9031,"ref_strain",90,1
"3641","01_9129_0090_01",1,9129,"ref_strain",90,1
"3642","01_9165_0090_01",1,9165,"ref_strain",90,1
"3643","01_9206_0090_01",1,9206,"ref_strain",90,1
"3644","01_9275_0090_01",1,9275,"ref_strain",90,1
"3645","01_9481_0090_01",1,9481,"ref_strain",90,1
"3646","01_9535_0090_01",1,9535,"ref_strain",90,1
"3647","01_9564_0090_01",1,9564,"ref_strain",90,1
"3648","01_9585_0090_01",1,9585,"ref_strain",90,1
"3649","01_9607_0090_01",1,9607,"ref_strain",90,1
"3650","01_10064_0090_01",1,10064,"ref_strain",90,1
"3651","01_10093_0090_01",1,10093,"ref_strain",90,1
"3652","01_10297_0090_01",1,10297,"ref_strain",90,1
"3653","01_10351_0090_01",1,10351,"ref_strain",90,1
"3654","01_10486_0090_01",1,10486,"ref_strain",90,1
"3655","01_10523_0090_01",1,10523,"ref_strain",90,1
"3656","01_10759_0090_01",1,10759,"ref_strain",90,1
"3657","01_10804_0090_01",1,10804,"ref_strain",90,1
"3658","01_11008_0090_01",1,11008,"ref_strain",90,1
"3659","01_11438_0090_01",1,11438,"ref_strain",90,1
"3660","01_11463_0090_01",1,11463,"ref_strain",90,1
"3661","01_11562_0090_01",1,11562,"ref_strain",90,1
"3662","01_12003_0090_01",1,12003,"ref_strain",90,1
"3663","01_12355_0090_01",1,12355,"ref_strain",90,1
"3664","01_12371_0090_01",1,12371,"ref_strain",90,1
"3665","01_12431_0090_01",1,12431,"ref_strain",90,1
"3666","01_12508_0090_01",1,12508,"ref_strain",90,1
"3667","01_12585_0090_01",1,12585,"ref_strain",90,1
"3668","01_12885_0090_01",1,12885,"ref_strain",90,1
"3669","01_12953_0090_01",1,12953,"ref_strain",90,1
"3670","01_12995_0090_01",1,12995,"ref_strain",90,1
"3671","01_0130_0091_01",1,130,"ref_strain",91,1
"3672","01_0557_0091_01",1,557,"ref_strain",91,1
"3673","01_0859_0091_01",1,859,"ref_strain",91,1
"3674","01_1006_0091_01",1,1006,"ref_strain",91,1
"3675","01_1149_0091_01",1,1149,"ref_strain",91,1
"3676","01_1339_0091_01",1,1339,"ref_strain",91,1
"3677","01_1348_0091_01",1,1348,"ref_strain",91,1
"3678","01_1402_0091_01",1,1402,"ref_strain",91,1
"3679","01_1571_0091_01",1,1571,"ref_strain",91,1
"3680","01_1836_0091_01",1,1836,"ref_strain",91,1
"3681","01_1873_0091_01",1,1873,"ref_strain",91,1
"3682","01_2138_0091_01",1,2138,"ref_strain",91,1
"3683","01_2207_0091_01",1,2207,"ref_strain",91,1
"3684","01_2346_0091_01",1,2346,"ref_strain",91,1
"3685","01_2455_0091_01",1,2455,"ref_strain",91,1
"3686","01_2530_0091_01",1,2530,"ref_strain",91,1
"3687","01_2683_0091_01",1,2683,"ref_strain",91,1
"3688","01_3385_0091_01",1,3385,"ref_strain",91,1
"3689","01_3444_0091_01",1,3444,"ref_strain",91,1
"3690","01_3458_0091_01",1,3458,"ref_strain",91,1
"3691","01_3496_0091_01",1,3496,"ref_strain",91,1
"3692","01_3670_0091_01",1,3670,"ref_strain",91,1
"3693","01_3771_0091_01",1,3771,"ref_strain",91,1
"3694","01_3850_0091_01",1,3850,"ref_strain",91,1
"3695","01_3984_0091_01",1,3984,"ref_strain",91,1
"3696","01_4175_0091_01",1,4175,"ref_strain",91,1
"3697","01_4188_0091_01",1,4188,"ref_strain",91,1
"3698","01_4201_0091_01",1,4201,"ref_strain",91,1
"3699","01_4306_0091_01",1,4306,"ref_strain",91,1
"3700","01_4386_0091_01",1,4386,"ref_strain",91,1
"3701","01_4713_0091_01",1,4713,"ref_strain",91,1
"3702","01_4720_0091_01",1,4720,"ref_strain",91,1
"3703","01_5092_0091_01",1,5092,"ref_strain",91,1
"3704","01_5326_0091_01",1,5326,"ref_strain",91,1
"3705","01_5441_0091_01",1,5441,"ref_strain",91,1
"3706","01_5535_0091_01",1,5535,"ref_strain",91,1
"3707","01_5640_0091_01",1,5640,"ref_strain",91,1
"3708","01_5848_0091_01",1,5848,"ref_strain",91,1
"3709","01_5991_0091_01",1,5991,"ref_strain",91,1
"3710","01_6517_0091_01",1,6517,"ref_strain",91,1
"3711","01_6570_0091_01",1,6570,"ref_strain",91,1
"3712","01_6618_0091_01",1,6618,"ref_strain",91,1
"3713","01_6629_0091_01",1,6629,"ref_strain",91,1
"3714","01_6768_0091_01",1,6768,"ref_strain",91,1
"3715","01_6818_0091_01",1,6818,"ref_strain",91,1
"3716","01_6845_0091_01",1,6845,"ref_strain",91,1
"3717","01_7066_0091_01",1,7066,"ref_strain",91,1
"3718","01_7232_0091_01",1,7232,"ref_strain",91,1
"3719","01_7428_0091_01",1,7428,"ref_strain",91,1
"3720","01_7483_0091_01",1,7483,"ref_strain",91,1
"3721","01_7737_0091_01",1,7737,"ref_strain",91,1
"3722","01_7766_0091_01",1,7766,"ref_strain",91,1
"3723","01_7853_0091_01",1,7853,"ref_strain",91,1
"3724","01_7959_0091_01",1,7959,"ref_strain",91,1
"3725","01_8459_0091_01",1,8459,"ref_strain",91,1
"3726","01_8482_0091_01",1,8482,"ref_strain",91,1
"3727","01_8505_0091_01",1,8505,"ref_strain",91,1
"3728","01_8651_0091_01",1,8651,"ref_strain",91,1
"3729","01_8679_0091_01",1,8679,"ref_strain",91,1
"3730","01_8786_0091_01",1,8786,"ref_strain",91,1
"3731","01_8837_0091_01",1,8837,"ref_strain",91,1
"3732","01_9171_0091_01",1,9171,"ref_strain",91,1
"3733","01_9363_0091_01",1,9363,"ref_strain",91,1
"3734","01_9472_0091_01",1,9472,"ref_strain",91,1
"3735","01_9566_0091_01",1,9566,"ref_strain",91,1
"3736","01_9592_0091_01",1,9592,"ref_strain",91,1
"3737","01_9615_0091_01",1,9615,"ref_strain",91,1
"3738","01_9874_0091_01",1,9874,"ref_strain",91,1
"3739","01_10136_0091_01",1,10136,"ref_strain",91,1
"3740","01_10139_0091_01",1,10139,"ref_strain",91,1
"3741","01_10352_0091_01",1,10352,"ref_strain",91,1
"3742","01_10353_0091_01",1,10353,"ref_strain",91,1
"3743","01_10354_0091_01",1,10354,"ref_strain",91,1
"3744","01_10858_0091_01",1,10858,"ref_strain",91,1
"3745","01_11319_0091_01",1,11319,"ref_strain",91,1
"3746","01_11697_0091_01",1,11697,"ref_strain",91,1
"3747","01_11743_0091_01",1,11743,"ref_strain",91,1
"3748","01_11794_0091_01",1,11794,"ref_strain",91,1
"3749","01_12418_0091_01",1,12418,"ref_strain",91,1
"3750","01_12487_0091_01",1,12487,"ref_strain",91,1
"3751","01_12628_0091_01",1,12628,"ref_strain",91,1
"3752","01_12900_0091_01",1,12900,"ref_strain",91,1
"3753","01_12981_0091_01",1,12981,"ref_strain",91,1
"3754","01_0003_0092_01",1,3,"ref_strain",92,1
"3755","01_0105_0092_01",1,105,"ref_strain",92,1
"3756","01_0240_0092_01",1,240,"ref_strain",92,1
"3757","01_0342_0092_01",1,342,"ref_strain",92,1
"3758","01_0385_0092_01",1,385,"ref_strain",92,1
"3759","01_0778_0092_01",1,778,"ref_strain",92,1
"3760","01_1043_0092_01",1,1043,"ref_strain",92,1
"3761","01_1166_0092_01",1,1166,"ref_strain",92,1
"3762","01_1241_0092_01",1,1241,"ref_strain",92,1
"3763","01_1291_0092_01",1,1291,"ref_strain",92,1
"3764","01_1815_0092_01",1,1815,"ref_strain",92,1
"3765","01_1855_0092_01",1,1855,"ref_strain",92,1
"3766","01_1954_0092_01",1,1954,"ref_strain",92,1
"3767","01_2269_0092_01",1,2269,"ref_strain",92,1
"3768","01_2633_0092_01",1,2633,"ref_strain",92,1
"3769","01_2678_0092_01",1,2678,"ref_strain",92,1
"3770","01_2797_0092_01",1,2797,"ref_strain",92,1
"3771","01_3008_0092_01",1,3008,"ref_strain",92,1
"3772","01_3182_0092_01",1,3182,"ref_strain",92,1
"3773","01_3341_0092_01",1,3341,"ref_strain",92,1
"3774","01_3352_0092_01",1,3352,"ref_strain",92,1
"3775","01_3363_0092_01",1,3363,"ref_strain",92,1
"3776","01_3406_0092_01",1,3406,"ref_strain",92,1
"3777","01_3603_0092_01",1,3603,"ref_strain",92,1
"3778","01_4259_0092_01",1,4259,"ref_strain",92,1
"3779","01_4729_0092_01",1,4729,"ref_strain",92,1
"3780","01_4797_0092_01",1,4797,"ref_strain",92,1
"3781","01_5076_0092_01",1,5076,"ref_strain",92,1
"3782","01_5201_0092_01",1,5201,"ref_strain",92,1
"3783","01_5413_0092_01",1,5413,"ref_strain",92,1
"3784","01_5501_0092_01",1,5501,"ref_strain",92,1
"3785","01_5520_0092_01",1,5520,"ref_strain",92,1
"3786","01_5595_0092_01",1,5595,"ref_strain",92,1
"3787","01_6014_0092_01",1,6014,"ref_strain",92,1
"3788","01_6042_0092_01",1,6042,"ref_strain",92,1
"3789","01_6086_0092_01",1,6086,"ref_strain",92,1
"3790","01_6203_0092_01",1,6203,"ref_strain",92,1
"3791","01_6329_0092_01",1,6329,"ref_strain",92,1
"3792","01_6421_0092_01",1,6421,"ref_strain",92,1
"3793","01_6795_0092_01",1,6795,"ref_strain",92,1
"3794","01_6883_0092_01",1,6883,"ref_strain",92,1
"3795","01_7004_0092_01",1,7004,"ref_strain",92,1
"3796","01_7117_0092_01",1,7117,"ref_strain",92,1
"3797","01_7154_0092_01",1,7154,"ref_strain",92,1
"3798","01_7416_0092_01",1,7416,"ref_strain",92,1
"3799","01_7433_0092_01",1,7433,"ref_strain",92,1
"3800","01_7914_0092_01",1,7914,"ref_strain",92,1
"3801","01_8060_0092_01",1,8060,"ref_strain",92,1
"3802","01_8145_0092_01",1,8145,"ref_strain",92,1
"3803","01_8599_0092_01",1,8599,"ref_strain",92,1
"3804","01_8687_0092_01",1,8687,"ref_strain",92,1
"3805","01_8836_0092_01",1,8836,"ref_strain",92,1
"3806","01_8909_0092_01",1,8909,"ref_strain",92,1
"3807","01_9218_0092_01",1,9218,"ref_strain",92,1
"3808","01_9269_0092_01",1,9269,"ref_strain",92,1
"3809","01_9335_0092_01",1,9335,"ref_strain",92,1
"3810","01_9594_0092_01",1,9594,"ref_strain",92,1
"3811","01_9626_0092_01",1,9626,"ref_strain",92,1
"3812","01_9643_0092_01",1,9643,"ref_strain",92,1
"3813","01_9680_0092_01",1,9680,"ref_strain",92,1
"3814","01_10246_0092_01",1,10246,"ref_strain",92,1
"3815","01_10258_0092_01",1,10258,"ref_strain",92,1
"3816","01_10362_0092_01",1,10362,"ref_strain",92,1
"3817","01_10420_0092_01",1,10420,"ref_strain",92,1
"3818","01_10445_0092_01",1,10445,"ref_strain",92,1
"3819","01_10542_0092_01",1,10542,"ref_strain",92,1
"3820","01_10788_0092_01",1,10788,"ref_strain",92,1
"3821","01_10913_0092_01",1,10913,"ref_strain",92,1
"3822","01_11172_0092_01",1,11172,"ref_strain",92,1
"3823","01_11521_0092_01",1,11521,"ref_strain",92,1
"3824","01_11559_0092_01",1,11559,"ref_strain",92,1
"3825","01_11572_0092_01",1,11572,"ref_strain",92,1
"3826","01_11825_0092_01",1,11825,"ref_strain",92,1
"3827","01_11997_0092_01",1,11997,"ref_strain",92,1
"3828","01_12175_0092_01",1,12175,"ref_strain",92,1
"3829","01_12236_0092_01",1,12236,"ref_strain",92,1
"3830","01_12528_0092_01",1,12528,"ref_strain",92,1
"3831","01_12586_0092_01",1,12586,"ref_strain",92,1
"3832","01_12627_0092_01",1,12627,"ref_strain",92,1
"3833","01_12673_0092_01",1,12673,"ref_strain",92,1
"3834","01_12753_0092_01",1,12753,"ref_strain",92,1
"3835","01_0318_0093_01",1,318,"ref_strain",93,1
"3836","01_0415_0093_01",1,415,"ref_strain",93,1
"3837","01_0554_0093_01",1,554,"ref_strain",93,1
"3838","01_0873_0093_01",1,873,"ref_strain",93,1
"3839","01_0874_0093_01",1,874,"ref_strain",93,1
"3840","01_0882_0093_01",1,882,"ref_strain",93,1
"3841","01_0978_0093_01",1,978,"ref_strain",93,1
"3842","01_1032_0093_01",1,1032,"ref_strain",93,1
"3843","01_1098_0093_01",1,1098,"ref_strain",93,1
"3844","01_1198_0093_01",1,1198,"ref_strain",93,1
"3845","01_1215_0093_01",1,1215,"ref_strain",93,1
"3846","01_1544_0093_01",1,1544,"ref_strain",93,1
"3847","01_1556_0093_01",1,1556,"ref_strain",93,1
"3848","01_1618_0093_01",1,1618,"ref_strain",93,1
"3849","01_1923_0093_01",1,1923,"ref_strain",93,1
"3850","01_2698_0093_01",1,2698,"ref_strain",93,1
"3851","01_2753_0093_01",1,2753,"ref_strain",93,1
"3852","01_2935_0093_01",1,2935,"ref_strain",93,1
"3853","01_3092_0093_01",1,3092,"ref_strain",93,1
"3854","01_3116_0093_01",1,3116,"ref_strain",93,1
"3855","01_3219_0093_01",1,3219,"ref_strain",93,1
"3856","01_3238_0093_01",1,3238,"ref_strain",93,1
"3857","01_3244_0093_01",1,3244,"ref_strain",93,1
"3858","01_3336_0093_01",1,3336,"ref_strain",93,1
"3859","01_3488_0093_01",1,3488,"ref_strain",93,1
"3860","01_3645_0093_01",1,3645,"ref_strain",93,1
"3861","01_3704_0093_01",1,3704,"ref_strain",93,1
"3862","01_4013_0093_01",1,4013,"ref_strain",93,1
"3863","01_4056_0093_01",1,4056,"ref_strain",93,1
"3864","01_4176_0093_01",1,4176,"ref_strain",93,1
"3865","01_4246_0093_01",1,4246,"ref_strain",93,1
"3866","01_4398_0093_01",1,4398,"ref_strain",93,1
"3867","01_4504_0093_01",1,4504,"ref_strain",93,1
"3868","01_4517_0093_01",1,4517,"ref_strain",93,1
"3869","01_4699_0093_01",1,4699,"ref_strain",93,1
"3870","01_4742_0093_01",1,4742,"ref_strain",93,1
"3871","01_4798_0093_01",1,4798,"ref_strain",93,1
"3872","01_4947_0093_01",1,4947,"ref_strain",93,1
"3873","01_4958_0093_01",1,4958,"ref_strain",93,1
"3874","01_5074_0093_01",1,5074,"ref_strain",93,1
"3875","01_5328_0093_01",1,5328,"ref_strain",93,1
"3876","01_5466_0093_01",1,5466,"ref_strain",93,1
"3877","01_5758_0093_01",1,5758,"ref_strain",93,1
"3878","01_6341_0093_01",1,6341,"ref_strain",93,1
"3879","01_6673_0093_01",1,6673,"ref_strain",93,1
"3880","01_6868_0093_01",1,6868,"ref_strain",93,1
"3881","01_6887_0093_01",1,6887,"ref_strain",93,1
"3882","01_7320_0093_01",1,7320,"ref_strain",93,1
"3883","01_7375_0093_01",1,7375,"ref_strain",93,1
"3884","01_7670_0093_01",1,7670,"ref_strain",93,1
"3885","01_7741_0093_01",1,7741,"ref_strain",93,1
"3886","01_8038_0093_01",1,8038,"ref_strain",93,1
"3887","01_8446_0093_01",1,8446,"ref_strain",93,1
"3888","01_8497_0093_01",1,8497,"ref_strain",93,1
"3889","01_8650_0093_01",1,8650,"ref_strain",93,1
"3890","01_8829_0093_01",1,8829,"ref_strain",93,1
"3891","01_8831_0093_01",1,8831,"ref_strain",93,1
"3892","01_9016_0093_01",1,9016,"ref_strain",93,1
"3893","01_9037_0093_01",1,9037,"ref_strain",93,1
"3894","01_9042_0093_01",1,9042,"ref_strain",93,1
"3895","01_9136_0093_01",1,9136,"ref_strain",93,1
"3896","01_9366_0093_01",1,9366,"ref_strain",93,1
"3897","01_9392_0093_01",1,9392,"ref_strain",93,1
"3898","01_9412_0093_01",1,9412,"ref_strain",93,1
"3899","01_9792_0093_01",1,9792,"ref_strain",93,1
"3900","01_9883_0093_01",1,9883,"ref_strain",93,1
"3901","01_9977_0093_01",1,9977,"ref_strain",93,1
"3902","01_10084_0093_01",1,10084,"ref_strain",93,1
"3903","01_10154_0093_01",1,10154,"ref_strain",93,1
"3904","01_10374_0093_01",1,10374,"ref_strain",93,1
"3905","01_10390_0093_01",1,10390,"ref_strain",93,1
"3906","01_10430_0093_01",1,10430,"ref_strain",93,1
"3907","01_10516_0093_01",1,10516,"ref_strain",93,1
"3908","01_10539_0093_01",1,10539,"ref_strain",93,1
"3909","01_10577_0093_01",1,10577,"ref_strain",93,1
"3910","01_10918_0093_01",1,10918,"ref_strain",93,1
"3911","01_11538_0093_01",1,11538,"ref_strain",93,1
"3912","01_11574_0093_01",1,11574,"ref_strain",93,1
"3913","01_11742_0093_01",1,11742,"ref_strain",93,1
"3914","01_11956_0093_01",1,11956,"ref_strain",93,1
"3915","01_11965_0093_01",1,11965,"ref_strain",93,1
"3916","01_12296_0093_01",1,12296,"ref_strain",93,1
"3917","01_12789_0093_01",1,12789,"ref_strain",93,1
"3918","01_12810_0093_01",1,12810,"ref_strain",93,1
"3919","01_13024_0093_01",1,13024,"ref_strain",93,1
"3920","01_0049_0094_01",1,49,"ref_strain",94,1
"3921","01_0189_0094_01",1,189,"ref_strain",94,1
"3922","01_0346_0094_01",1,346,"ref_strain",94,1
"3923","01_0446_0094_01",1,446,"ref_strain",94,1
"3924","01_0541_0094_01",1,541,"ref_strain",94,1
"3925","01_0813_0094_01",1,813,"ref_strain",94,1
"3926","01_0861_0094_01",1,861,"ref_strain",94,1
"3927","01_0987_0094_01",1,987,"ref_strain",94,1
"3928","01_1003_0094_01",1,1003,"ref_strain",94,1
"3929","01_1264_0094_01",1,1264,"ref_strain",94,1
"3930","01_2004_0094_01",1,2004,"ref_strain",94,1
"3931","01_2883_0094_01",1,2883,"ref_strain",94,1
"3932","01_2891_0094_01",1,2891,"ref_strain",94,1
"3933","01_2973_0094_01",1,2973,"ref_strain",94,1
"3934","01_3106_0094_01",1,3106,"ref_strain",94,1
"3935","01_3179_0094_01",1,3179,"ref_strain",94,1
"3936","01_3441_0094_01",1,3441,"ref_strain",94,1
"3937","01_3471_0094_01",1,3471,"ref_strain",94,1
"3938","01_3739_0094_01",1,3739,"ref_strain",94,1
"3939","01_3867_0094_01",1,3867,"ref_strain",94,1
"3940","01_3986_0094_01",1,3986,"ref_strain",94,1
"3941","01_3997_0094_01",1,3997,"ref_strain",94,1
"3942","01_4655_0094_01",1,4655,"ref_strain",94,1
"3943","01_5369_0094_01",1,5369,"ref_strain",94,1
"3944","01_5378_0094_01",1,5378,"ref_strain",94,1
"3945","01_5488_0094_01",1,5488,"ref_strain",94,1
"3946","01_5517_0094_01",1,5517,"ref_strain",94,1
"3947","01_5812_0094_01",1,5812,"ref_strain",94,1
"3948","01_5821_0094_01",1,5821,"ref_strain",94,1
"3949","01_5862_0094_01",1,5862,"ref_strain",94,1
"3950","01_6164_0094_01",1,6164,"ref_strain",94,1
"3951","01_6193_0094_01",1,6193,"ref_strain",94,1
"3952","01_6480_0094_01",1,6480,"ref_strain",94,1
"3953","01_6756_0094_01",1,6756,"ref_strain",94,1
"3954","01_6789_0094_01",1,6789,"ref_strain",94,1
"3955","01_7233_0094_01",1,7233,"ref_strain",94,1
"3956","01_7279_0094_01",1,7279,"ref_strain",94,1
"3957","01_7354_0094_01",1,7354,"ref_strain",94,1
"3958","01_7518_0094_01",1,7518,"ref_strain",94,1
"3959","01_7537_0094_01",1,7537,"ref_strain",94,1
"3960","01_7658_0094_01",1,7658,"ref_strain",94,1
"3961","01_8437_0094_01",1,8437,"ref_strain",94,1
"3962","01_8732_0094_01",1,8732,"ref_strain",94,1
"3963","01_8905_0094_01",1,8905,"ref_strain",94,1
"3964","01_8958_0094_01",1,8958,"ref_strain",94,1
"3965","01_9246_0094_01",1,9246,"ref_strain",94,1
"3966","01_9379_0094_01",1,9379,"ref_strain",94,1
"3967","01_9632_0094_01",1,9632,"ref_strain",94,1
"3968","01_9893_0094_01",1,9893,"ref_strain",94,1
"3969","01_9919_0094_01",1,9919,"ref_strain",94,1
"3970","01_10349_0094_01",1,10349,"ref_strain",94,1
"3971","01_10380_0094_01",1,10380,"ref_strain",94,1
"3972","01_10563_0094_01",1,10563,"ref_strain",94,1
"3973","01_10769_0094_01",1,10769,"ref_strain",94,1
"3974","01_11006_0094_01",1,11006,"ref_strain",94,1
"3975","01_11086_0094_01",1,11086,"ref_strain",94,1
"3976","01_11142_0094_01",1,11142,"ref_strain",94,1
"3977","01_11362_0094_01",1,11362,"ref_strain",94,1
"3978","01_11385_0094_01",1,11385,"ref_strain",94,1
"3979","01_11715_0094_01",1,11715,"ref_strain",94,1
"3980","01_11782_0094_01",1,11782,"ref_strain",94,1
"3981","01_12028_0094_01",1,12028,"ref_strain",94,1
"3982","01_12109_0094_01",1,12109,"ref_strain",94,1
"3983","01_12462_0094_01",1,12462,"ref_strain",94,1
"3984","01_12520_0094_01",1,12520,"ref_strain",94,1
"3985","01_0236_0095_01",1,236,"ref_strain",95,1
"3986","01_0343_0095_01",1,343,"ref_strain",95,1
"3987","01_0610_0095_01",1,610,"ref_strain",95,1
"3988","01_0642_0095_01",1,642,"ref_strain",95,1
"3989","01_0886_0095_01",1,886,"ref_strain",95,1
"3990","01_1592_0095_01",1,1592,"ref_strain",95,1
"3991","01_1628_0095_01",1,1628,"ref_strain",95,1
"3992","01_1702_0095_01",1,1702,"ref_strain",95,1
"3993","01_1725_0095_01",1,1725,"ref_strain",95,1
"3994","01_1898_0095_01",1,1898,"ref_strain",95,1
"3995","01_1964_0095_01",1,1964,"ref_strain",95,1
"3996","01_2145_0095_01",1,2145,"ref_strain",95,1
"3997","01_2329_0095_01",1,2329,"ref_strain",95,1
"3998","01_2715_0095_01",1,2715,"ref_strain",95,1
"3999","01_2953_0095_01",1,2953,"ref_strain",95,1
"4000","01_3025_0095_01",1,3025,"ref_strain",95,1
"4001","01_3038_0095_01",1,3038,"ref_strain",95,1
"4002","01_3094_0095_01",1,3094,"ref_strain",95,1
"4003","01_3289_0095_01",1,3289,"ref_strain",95,1
"4004","01_3514_0095_01",1,3514,"ref_strain",95,1
"4005","01_3702_0095_01",1,3702,"ref_strain",95,1
"4006","01_3765_0095_01",1,3765,"ref_strain",95,1
"4007","01_3902_0095_01",1,3902,"ref_strain",95,1
"4008","01_3936_0095_01",1,3936,"ref_strain",95,1
"4009","01_4135_0095_01",1,4135,"ref_strain",95,1
"4010","01_4146_0095_01",1,4146,"ref_strain",95,1
"4011","01_4399_0095_01",1,4399,"ref_strain",95,1
"4012","01_4452_0095_01",1,4452,"ref_strain",95,1
"4013","01_4521_0095_01",1,4521,"ref_strain",95,1
"4014","01_4614_0095_01",1,4614,"ref_strain",95,1
"4015","01_4646_0095_01",1,4646,"ref_strain",95,1
"4016","01_4765_0095_01",1,4765,"ref_strain",95,1
"4017","01_4829_0095_01",1,4829,"ref_strain",95,1
"4018","01_4843_0095_01",1,4843,"ref_strain",95,1
"4019","01_5085_0095_01",1,5085,"ref_strain",95,1
"4020","01_5256_0095_01",1,5256,"ref_strain",95,1
"4021","01_6001_0095_01",1,6001,"ref_strain",95,1
"4022","01_6049_0095_01",1,6049,"ref_strain",95,1
"4023","01_6332_0095_01",1,6332,"ref_strain",95,1
"4024","01_6432_0095_01",1,6432,"ref_strain",95,1
"4025","01_6502_0095_01",1,6502,"ref_strain",95,1
"4026","01_6504_0095_01",1,6504,"ref_strain",95,1
"4027","01_6541_0095_01",1,6541,"ref_strain",95,1
"4028","01_6556_0095_01",1,6556,"ref_strain",95,1
"4029","01_6735_0095_01",1,6735,"ref_strain",95,1
"4030","01_7216_0095_01",1,7216,"ref_strain",95,1
"4031","01_7225_0095_01",1,7225,"ref_strain",95,1
"4032","01_7227_0095_01",1,7227,"ref_strain",95,1
"4033","01_7236_0095_01",1,7236,"ref_strain",95,1
"4034","01_7324_0095_01",1,7324,"ref_strain",95,1
"4035","01_7491_0095_01",1,7491,"ref_strain",95,1
"4036","01_7655_0095_01",1,7655,"ref_strain",95,1
"4037","01_7813_0095_01",1,7813,"ref_strain",95,1
"4038","01_7868_0095_01",1,7868,"ref_strain",95,1
"4039","01_7887_0095_01",1,7887,"ref_strain",95,1
"4040","01_8096_0095_01",1,8096,"ref_strain",95,1
"4041","01_8188_0095_01",1,8188,"ref_strain",95,1
"4042","01_8205_0095_01",1,8205,"ref_strain",95,1
"4043","01_8215_0095_01",1,8215,"ref_strain",95,1
"4044","01_8319_0095_01",1,8319,"ref_strain",95,1
"4045","01_8502_0095_01",1,8502,"ref_strain",95,1
"4046","01_8517_0095_01",1,8517,"ref_strain",95,1
"4047","01_8754_0095_01",1,8754,"ref_strain",95,1
"4048","01_8838_0095_01",1,8838,"ref_strain",95,1
"4049","01_8941_0095_01",1,8941,"ref_strain",95,1
"4050","01_9373_0095_01",1,9373,"ref_strain",95,1
"4051","01_9611_0095_01",1,9611,"ref_strain",95,1
"4052","01_9629_0095_01",1,9629,"ref_strain",95,1
"4053","01_9665_0095_01",1,9665,"ref_strain",95,1
"4054","01_9963_0095_01",1,9963,"ref_strain",95,1
"4055","01_9978_0095_01",1,9978,"ref_strain",95,1
"4056","01_10122_0095_01",1,10122,"ref_strain",95,1
"4057","01_10182_0095_01",1,10182,"ref_strain",95,1
"4058","01_10184_0095_01",1,10184,"ref_strain",95,1
"4059","01_10247_0095_01",1,10247,"ref_strain",95,1
"4060","01_10331_0095_01",1,10331,"ref_strain",95,1
"4061","01_10423_0095_01",1,10423,"ref_strain",95,1
"4062","01_10466_0095_01",1,10466,"ref_strain",95,1
"4063","01_10473_0095_01",1,10473,"ref_strain",95,1
"4064","01_10538_0095_01",1,10538,"ref_strain",95,1
"4065","01_10554_0095_01",1,10554,"ref_strain",95,1
"4066","01_10754_0095_01",1,10754,"ref_strain",95,1
"4067","01_10883_0095_01",1,10883,"ref_strain",95,1
"4068","01_10956_0095_01",1,10956,"ref_strain",95,1
"4069","01_11187_0095_01",1,11187,"ref_strain",95,1
"4070","01_11223_0095_01",1,11223,"ref_strain",95,1
"4071","01_11470_0095_01",1,11470,"ref_strain",95,1
"4072","01_12177_0095_01",1,12177,"ref_strain",95,1
"4073","01_12576_0095_01",1,12576,"ref_strain",95,1
"4074","01_12881_0095_01",1,12881,"ref_strain",95,1
"4075","01_0078_0096_01",1,78,"ref_strain",96,1
"4076","01_0132_0096_01",1,132,"ref_strain",96,1
"4077","01_0253_0096_01",1,253,"ref_strain",96,1
"4078","01_0337_0096_01",1,337,"ref_strain",96,1
"4079","01_0426_0096_01",1,426,"ref_strain",96,1
"4080","01_0587_0096_01",1,587,"ref_strain",96,1
"4081","01_0620_0096_01",1,620,"ref_strain",96,1
"4082","01_0906_0096_01",1,906,"ref_strain",96,1
"4083","01_1066_0096_01",1,1066,"ref_strain",96,1
"4084","01_1522_0096_01",1,1522,"ref_strain",96,1
"4085","01_1719_0096_01",1,1719,"ref_strain",96,1
"4086","01_2425_0096_01",1,2425,"ref_strain",96,1
"4087","01_2635_0096_01",1,2635,"ref_strain",96,1
"4088","01_2992_0096_01",1,2992,"ref_strain",96,1
"4089","01_3163_0096_01",1,3163,"ref_strain",96,1
"4090","01_3977_0096_01",1,3977,"ref_strain",96,1
"4091","01_4046_0096_01",1,4046,"ref_strain",96,1
"4092","01_4931_0096_01",1,4931,"ref_strain",96,1
"4093","01_4950_0096_01",1,4950,"ref_strain",96,1
"4094","01_5481_0096_01",1,5481,"ref_strain",96,1
"4095","01_5561_0096_01",1,5561,"ref_strain",96,1
"4096","01_5612_0096_01",1,5612,"ref_strain",96,1
"4097","01_5897_0096_01",1,5897,"ref_strain",96,1
"4098","01_6166_0096_01",1,6166,"ref_strain",96,1
"4099","01_6168_0096_01",1,6168,"ref_strain",96,1
"4100","01_6305_0096_01",1,6305,"ref_strain",96,1
"4101","01_6318_0096_01",1,6318,"ref_strain",96,1
"4102","01_6483_0096_01",1,6483,"ref_strain",96,1
"4103","01_6991_0096_01",1,6991,"ref_strain",96,1
"4104","01_7077_0096_01",1,7077,"ref_strain",96,1
"4105","01_7326_0096_01",1,7326,"ref_strain",96,1
"4106","01_7690_0096_01",1,7690,"ref_strain",96,1
"4107","01_7733_0096_01",1,7733,"ref_strain",96,1
"4108","01_7832_0096_01",1,7832,"ref_strain",96,1
"4109","01_8009_0096_01",1,8009,"ref_strain",96,1
"4110","01_8134_0096_01",1,8134,"ref_strain",96,1
"4111","01_8200_0096_01",1,8200,"ref_strain",96,1
"4112","01_8304_0096_01",1,8304,"ref_strain",96,1
"4113","01_8318_0096_01",1,8318,"ref_strain",96,1
"4114","01_8355_0096_01",1,8355,"ref_strain",96,1
"4115","01_8982_0096_01",1,8982,"ref_strain",96,1
"4116","01_9306_0096_01",1,9306,"ref_strain",96,1
"4117","01_9603_0096_01",1,9603,"ref_strain",96,1
"4118","01_9625_0096_01",1,9625,"ref_strain",96,1
"4119","01_9630_0096_01",1,9630,"ref_strain",96,1
"4120","01_9862_0096_01",1,9862,"ref_strain",96,1
"4121","01_10216_0096_01",1,10216,"ref_strain",96,1
"4122","01_10461_0096_01",1,10461,"ref_strain",96,1
"4123","01_10521_0096_01",1,10521,"ref_strain",96,1
"4124","01_10739_0096_01",1,10739,"ref_strain",96,1
"4125","01_11015_0096_01",1,11015,"ref_strain",96,1
"4126","01_11162_0096_01",1,11162,"ref_strain",96,1
"4127","01_11380_0096_01",1,11380,"ref_strain",96,1
"4128","01_11478_0096_01",1,11478,"ref_strain",96,1
"4129","01_11541_0096_01",1,11541,"ref_strain",96,1
"4130","01_11798_0096_01",1,11798,"ref_strain",96,1
"4131","01_11966_0096_01",1,11966,"ref_strain",96,1
"4132","01_11978_0096_01",1,11978,"ref_strain",96,1
"4133","01_12264_0096_01",1,12264,"ref_strain",96,1
"4134","01_12396_0096_01",1,12396,"ref_strain",96,1
"4135","01_12473_0096_01",1,12473,"ref_strain",96,1
"4136","01_12597_0096_01",1,12597,"ref_strain",96,1
"4137","01_12826_0096_01",1,12826,"ref_strain",96,1
"4138","01_12902_0096_01",1,12902,"ref_strain",96,1
"4139","01_0074_0097_01",1,74,"ref_strain",97,1
"4140","01_0163_0097_01",1,163,"ref_strain",97,1
"4141","01_0277_0097_01",1,277,"ref_strain",97,1
"4142","01_0529_0097_01",1,529,"ref_strain",97,1
"4143","01_0535_0097_01",1,535,"ref_strain",97,1
"4144","01_0640_0097_01",1,640,"ref_strain",97,1
"4145","01_0691_0097_01",1,691,"ref_strain",97,1
"4146","01_0703_0097_01",1,703,"ref_strain",97,1
"4147","01_0921_0097_01",1,921,"ref_strain",97,1
"4148","01_1009_0097_01",1,1009,"ref_strain",97,1
"4149","01_1025_0097_01",1,1025,"ref_strain",97,1
"4150","01_1095_0097_01",1,1095,"ref_strain",97,1
"4151","01_1115_0097_01",1,1115,"ref_strain",97,1
"4152","01_1224_0097_01",1,1224,"ref_strain",97,1
"4153","01_1523_0097_01",1,1523,"ref_strain",97,1
"4154","01_1819_0097_01",1,1819,"ref_strain",97,1
"4155","01_1897_0097_01",1,1897,"ref_strain",97,1
"4156","01_1970_0097_01",1,1970,"ref_strain",97,1
"4157","01_2129_0097_01",1,2129,"ref_strain",97,1
"4158","01_2130_0097_01",1,2130,"ref_strain",97,1
"4159","01_2205_0097_01",1,2205,"ref_strain",97,1
"4160","01_2794_0097_01",1,2794,"ref_strain",97,1
"4161","01_2843_0097_01",1,2843,"ref_strain",97,1
"4162","01_3032_0097_01",1,3032,"ref_strain",97,1
"4163","01_3278_0097_01",1,3278,"ref_strain",97,1
"4164","01_3293_0097_01",1,3293,"ref_strain",97,1
"4165","01_3516_0097_01",1,3516,"ref_strain",97,1
"4166","01_3835_0097_01",1,3835,"ref_strain",97,1
"4167","01_4028_0097_01",1,4028,"ref_strain",97,1
"4168","01_4368_0097_01",1,4368,"ref_strain",97,1
"4169","01_4668_0097_01",1,4668,"ref_strain",97,1
"4170","01_4818_0097_01",1,4818,"ref_strain",97,1
"4171","01_4897_0097_01",1,4897,"ref_strain",97,1
"4172","01_5037_0097_01",1,5037,"ref_strain",97,1
"4173","01_5185_0097_01",1,5185,"ref_strain",97,1
"4174","01_5312_0097_01",1,5312,"ref_strain",97,1
"4175","01_5621_0097_01",1,5621,"ref_strain",97,1
"4176","01_5649_0097_01",1,5649,"ref_strain",97,1
"4177","01_5739_0097_01",1,5739,"ref_strain",97,1
"4178","01_6523_0097_01",1,6523,"ref_strain",97,1
"4179","01_6619_0097_01",1,6619,"ref_strain",97,1
"4180","01_6951_0097_01",1,6951,"ref_strain",97,1
"4181","01_7247_0097_01",1,7247,"ref_strain",97,1
"4182","01_7345_0097_01",1,7345,"ref_strain",97,1
"4183","01_7844_0097_01",1,7844,"ref_strain",97,1
"4184","01_7846_0097_01",1,7846,"ref_strain",97,1
"4185","01_8225_0097_01",1,8225,"ref_strain",97,1
"4186","01_8649_0097_01",1,8649,"ref_strain",97,1
"4187","01_8942_0097_01",1,8942,"ref_strain",97,1
"4188","01_9128_0097_01",1,9128,"ref_strain",97,1
"4189","01_9356_0097_01",1,9356,"ref_strain",97,1
"4190","01_9451_0097_01",1,9451,"ref_strain",97,1
"4191","01_9712_0097_01",1,9712,"ref_strain",97,1
"4192","01_10070_0097_01",1,10070,"ref_strain",97,1
"4193","01_10181_0097_01",1,10181,"ref_strain",97,1
"4194","01_10314_0097_01",1,10314,"ref_strain",97,1
"4195","01_10338_0097_01",1,10338,"ref_strain",97,1
"4196","01_10653_0097_01",1,10653,"ref_strain",97,1
"4197","01_10749_0097_01",1,10749,"ref_strain",97,1
"4198","01_10758_0097_01",1,10758,"ref_strain",97,1
"4199","01_10897_0097_01",1,10897,"ref_strain",97,1
"4200","01_10944_0097_01",1,10944,"ref_strain",97,1
"4201","01_11002_0097_01",1,11002,"ref_strain",97,1
"4202","01_11157_0097_01",1,11157,"ref_strain",97,1
"4203","01_11193_0097_01",1,11193,"ref_strain",97,1
"4204","01_11948_0097_01",1,11948,"ref_strain",97,1
"4205","01_12008_0097_01",1,12008,"ref_strain",97,1
"4206","01_12230_0097_01",1,12230,"ref_strain",97,1
"4207","01_12478_0097_01",1,12478,"ref_strain",97,1
"4208","01_12511_0097_01",1,12511,"ref_strain",97,1
"4209","01_12745_0097_01",1,12745,"ref_strain",97,1
"4210","01_12787_0097_01",1,12787,"ref_strain",97,1
"4211","01_12835_0097_01",1,12835,"ref_strain",97,1
"4212","01_12924_0097_01",1,12924,"ref_strain",97,1
"4213","01_0143_0098_01",1,143,"ref_strain",98,1
"4214","01_0164_0098_01",1,164,"ref_strain",98,1
"4215","01_0736_0098_01",1,736,"ref_strain",98,1
"4216","01_1020_0098_01",1,1020,"ref_strain",98,1
"4217","01_1039_0098_01",1,1039,"ref_strain",98,1
"4218","01_1107_0098_01",1,1107,"ref_strain",98,1
"4219","01_1397_0098_01",1,1397,"ref_strain",98,1
"4220","01_1431_0098_01",1,1431,"ref_strain",98,1
"4221","01_1558_0098_01",1,1558,"ref_strain",98,1
"4222","01_1662_0098_01",1,1662,"ref_strain",98,1
"4223","01_1726_0098_01",1,1726,"ref_strain",98,1
"4224","01_1854_0098_01",1,1854,"ref_strain",98,1
"4225","01_1939_0098_01",1,1939,"ref_strain",98,1
"4226","01_1940_0098_01",1,1940,"ref_strain",98,1
"4227","01_2321_0098_01",1,2321,"ref_strain",98,1
"4228","01_2468_0098_01",1,2468,"ref_strain",98,1
"4229","01_2618_0098_01",1,2618,"ref_strain",98,1
"4230","01_3010_0098_01",1,3010,"ref_strain",98,1
"4231","01_3145_0098_01",1,3145,"ref_strain",98,1
"4232","01_3294_0098_01",1,3294,"ref_strain",98,1
"4233","01_3367_0098_01",1,3367,"ref_strain",98,1
"4234","01_3402_0098_01",1,3402,"ref_strain",98,1
"4235","01_3501_0098_01",1,3501,"ref_strain",98,1
"4236","01_3883_0098_01",1,3883,"ref_strain",98,1
"4237","01_4221_0098_01",1,4221,"ref_strain",98,1
"4238","01_4644_0098_01",1,4644,"ref_strain",98,1
"4239","01_4682_0098_01",1,4682,"ref_strain",98,1
"4240","01_5064_0098_01",1,5064,"ref_strain",98,1
"4241","01_5304_0098_01",1,5304,"ref_strain",98,1
"4242","01_5440_0098_01",1,5440,"ref_strain",98,1
"4243","01_5459_0098_01",1,5459,"ref_strain",98,1
"4244","01_5523_0098_01",1,5523,"ref_strain",98,1
"4245","01_5858_0098_01",1,5858,"ref_strain",98,1
"4246","01_6084_0098_01",1,6084,"ref_strain",98,1
"4247","01_6273_0098_01",1,6273,"ref_strain",98,1
"4248","01_6476_0098_01",1,6476,"ref_strain",98,1
"4249","01_6604_0098_01",1,6604,"ref_strain",98,1
"4250","01_6913_0098_01",1,6913,"ref_strain",98,1
"4251","01_7094_0098_01",1,7094,"ref_strain",98,1
"4252","01_7368_0098_01",1,7368,"ref_strain",98,1
"4253","01_7551_0098_01",1,7551,"ref_strain",98,1
"4254","01_7775_0098_01",1,7775,"ref_strain",98,1
"4255","01_7818_0098_01",1,7818,"ref_strain",98,1
"4256","01_7861_0098_01",1,7861,"ref_strain",98,1
"4257","01_7901_0098_01",1,7901,"ref_strain",98,1
"4258","01_8029_0098_01",1,8029,"ref_strain",98,1
"4259","01_8187_0098_01",1,8187,"ref_strain",98,1
"4260","01_8999_0098_01",1,8999,"ref_strain",98,1
"4261","01_9067_0098_01",1,9067,"ref_strain",98,1
"4262","01_9095_0098_01",1,9095,"ref_strain",98,1
"4263","01_9470_0098_01",1,9470,"ref_strain",98,1
"4264","01_9479_0098_01",1,9479,"ref_strain",98,1
"4265","01_10465_0098_01",1,10465,"ref_strain",98,1
"4266","01_10861_0098_01",1,10861,"ref_strain",98,1
"4267","01_11340_0098_01",1,11340,"ref_strain",98,1
"4268","01_11393_0098_01",1,11393,"ref_strain",98,1
"4269","01_11766_0098_01",1,11766,"ref_strain",98,1
"4270","01_12376_0098_01",1,12376,"ref_strain",98,1
"4271","01_12514_0098_01",1,12514,"ref_strain",98,1
"4272","01_12952_0098_01",1,12952,"ref_strain",98,1
"4273","01_0192_0099_01",1,192,"ref_strain",99,1
"4274","01_0420_0099_01",1,420,"ref_strain",99,1
"4275","01_0434_0099_01",1,434,"ref_strain",99,1
"4276","01_0498_0099_01",1,498,"ref_strain",99,1
"4277","01_1103_0099_01",1,1103,"ref_strain",99,1
"4278","01_1206_0099_01",1,1206,"ref_strain",99,1
"4279","01_1377_0099_01",1,1377,"ref_strain",99,1
"4280","01_1670_0099_01",1,1670,"ref_strain",99,1
"4281","01_2487_0099_01",1,2487,"ref_strain",99,1
"4282","01_2565_0099_01",1,2565,"ref_strain",99,1
"4283","01_2672_0099_01",1,2672,"ref_strain",99,1
"4284","01_2862_0099_01",1,2862,"ref_strain",99,1
"4285","01_2940_0099_01",1,2940,"ref_strain",99,1
"4286","01_2944_0099_01",1,2944,"ref_strain",99,1
"4287","01_3069_0099_01",1,3069,"ref_strain",99,1
"4288","01_3445_0099_01",1,3445,"ref_strain",99,1
"4289","01_3472_0099_01",1,3472,"ref_strain",99,1
"4290","01_3742_0099_01",1,3742,"ref_strain",99,1
"4291","01_4004_0099_01",1,4004,"ref_strain",99,1
"4292","01_4040_0099_01",1,4040,"ref_strain",99,1
"4293","01_4213_0099_01",1,4213,"ref_strain",99,1
"4294","01_4336_0099_01",1,4336,"ref_strain",99,1
"4295","01_5189_0099_01",1,5189,"ref_strain",99,1
"4296","01_5567_0099_01",1,5567,"ref_strain",99,1
"4297","01_5985_0099_01",1,5985,"ref_strain",99,1
"4298","01_6933_0099_01",1,6933,"ref_strain",99,1
"4299","01_6960_0099_01",1,6960,"ref_strain",99,1
"4300","01_7082_0099_01",1,7082,"ref_strain",99,1
"4301","01_7310_0099_01",1,7310,"ref_strain",99,1
"4302","01_7369_0099_01",1,7369,"ref_strain",99,1
"4303","01_7543_0099_01",1,7543,"ref_strain",99,1
"4304","01_7573_0099_01",1,7573,"ref_strain",99,1
"4305","01_7773_0099_01",1,7773,"ref_strain",99,1
"4306","01_7843_0099_01",1,7843,"ref_strain",99,1
"4307","01_7866_0099_01",1,7866,"ref_strain",99,1
"4308","01_8223_0099_01",1,8223,"ref_strain",99,1
"4309","01_8436_0099_01",1,8436,"ref_strain",99,1
"4310","01_8536_0099_01",1,8536,"ref_strain",99,1
"4311","01_9196_0099_01",1,9196,"ref_strain",99,1
"4312","01_9869_0099_01",1,9869,"ref_strain",99,1
"4313","01_9882_0099_01",1,9882,"ref_strain",99,1
"4314","01_9968_0099_01",1,9968,"ref_strain",99,1
"4315","01_10186_0099_01",1,10186,"ref_strain",99,1
"4316","01_10587_0099_01",1,10587,"ref_strain",99,1
"4317","01_10717_0099_01",1,10717,"ref_strain",99,1
"4318","01_10786_0099_01",1,10786,"ref_strain",99,1
"4319","01_10957_0099_01",1,10957,"ref_strain",99,1
"4320","01_11166_0099_01",1,11166,"ref_strain",99,1
"4321","01_11200_0099_01",1,11200,"ref_strain",99,1
"4322","01_11265_0099_01",1,11265,"ref_strain",99,1
"4323","01_11288_0099_01",1,11288,"ref_strain",99,1
"4324","01_11917_0099_01",1,11917,"ref_strain",99,1
"4325","01_12805_0099_01",1,12805,"ref_strain",99,1
"4326","01_12993_0099_01",1,12993,"ref_strain",99,1
"4327","01_0066_0100_01",1,66,"ref_strain",100,1
"4328","01_0135_0100_01",1,135,"ref_strain",100,1
"4329","01_0311_0100_01",1,311,"ref_strain",100,1
"4330","01_0617_0100_01",1,617,"ref_strain",100,1
"4331","01_0677_0100_01",1,677,"ref_strain",100,1
"4332","01_0868_0100_01",1,868,"ref_strain",100,1
"4333","01_0924_0100_01",1,924,"ref_strain",100,1
"4334","01_0938_0100_01",1,938,"ref_strain",100,1
"4335","01_0964_0100_01",1,964,"ref_strain",100,1
"4336","01_1376_0100_01",1,1376,"ref_strain",100,1
"4337","01_1441_0100_01",1,1441,"ref_strain",100,1
"4338","01_1481_0100_01",1,1481,"ref_strain",100,1
"4339","01_2342_0100_01",1,2342,"ref_strain",100,1
"4340","01_2454_0100_01",1,2454,"ref_strain",100,1
"4341","01_2571_0100_01",1,2571,"ref_strain",100,1
"4342","01_3085_0100_01",1,3085,"ref_strain",100,1
"4343","01_3261_0100_01",1,3261,"ref_strain",100,1
"4344","01_3287_0100_01",1,3287,"ref_strain",100,1
"4345","01_3313_0100_01",1,3313,"ref_strain",100,1
"4346","01_3403_0100_01",1,3403,"ref_strain",100,1
"4347","01_3608_0100_01",1,3608,"ref_strain",100,1
"4348","01_3753_0100_01",1,3753,"ref_strain",100,1
"4349","01_4211_0100_01",1,4211,"ref_strain",100,1
"4350","01_4377_0100_01",1,4377,"ref_strain",100,1
"4351","01_4560_0100_01",1,4560,"ref_strain",100,1
"4352","01_4704_0100_01",1,4704,"ref_strain",100,1
"4353","01_4857_0100_01",1,4857,"ref_strain",100,1
"4354","01_4942_0100_01",1,4942,"ref_strain",100,1
"4355","01_4982_0100_01",1,4982,"ref_strain",100,1
"4356","01_5015_0100_01",1,5015,"ref_strain",100,1
"4357","01_5093_0100_01",1,5093,"ref_strain",100,1
"4358","01_5317_0100_01",1,5317,"ref_strain",100,1
"4359","01_5375_0100_01",1,5375,"ref_strain",100,1
"4360","01_5688_0100_01",1,5688,"ref_strain",100,1
"4361","01_5783_0100_01",1,5783,"ref_strain",100,1
"4362","01_6044_0100_01",1,6044,"ref_strain",100,1
"4363","01_6083_0100_01",1,6083,"ref_strain",100,1
"4364","01_6331_0100_01",1,6331,"ref_strain",100,1
"4365","01_6702_0100_01",1,6702,"ref_strain",100,1
"4366","01_6720_0100_01",1,6720,"ref_strain",100,1
"4367","01_7042_0100_01",1,7042,"ref_strain",100,1
"4368","01_7162_0100_01",1,7162,"ref_strain",100,1
"4369","01_7660_0100_01",1,7660,"ref_strain",100,1
"4370","01_8522_0100_01",1,8522,"ref_strain",100,1
"4371","01_8672_0100_01",1,8672,"ref_strain",100,1
"4372","01_9359_0100_01",1,9359,"ref_strain",100,1
"4373","01_9730_0100_01",1,9730,"ref_strain",100,1
"4374","01_9751_0100_01",1,9751,"ref_strain",100,1
"4375","01_10008_0100_01",1,10008,"ref_strain",100,1
"4376","01_10574_0100_01",1,10574,"ref_strain",100,1
"4377","01_10729_0100_01",1,10729,"ref_strain",100,1
"4378","01_10753_0100_01",1,10753,"ref_strain",100,1
"4379","01_11055_0100_01",1,11055,"ref_strain",100,1
"4380","01_11653_0100_01",1,11653,"ref_strain",100,1
"4381","01_12101_0100_01",1,12101,"ref_strain",100,1
"4382","01_12110_0100_01",1,12110,"ref_strain",100,1
"4383","01_12220_0100_01",1,12220,"ref_strain",100,1
"4384","01_12337_0100_01",1,12337,"ref_strain",100,1
"4385","01_12424_0100_01",1,12424,"ref_strain",100,1
"4386","01_12428_0100_01",1,12428,"ref_strain",100,1
"4387","01_12891_0100_01",1,12891,"ref_strain",100,1
"4388","01_1234_0101_01",1,1234,"ref_strain",101,1
"4389","01_1248_0101_01",1,1248,"ref_strain",101,1
"4390","01_1419_0101_01",1,1419,"ref_strain",101,1
"4391","01_1497_0101_01",1,1497,"ref_strain",101,1
"4392","01_1584_0101_01",1,1584,"ref_strain",101,1
"4393","01_2214_0101_01",1,2214,"ref_strain",101,1
"4394","01_2235_0101_01",1,2235,"ref_strain",101,1
"4395","01_2649_0101_01",1,2649,"ref_strain",101,1
"4396","01_2791_0101_01",1,2791,"ref_strain",101,1
"4397","01_2856_0101_01",1,2856,"ref_strain",101,1
"4398","01_3376_0101_01",1,3376,"ref_strain",101,1
"4399","01_3386_0101_01",1,3386,"ref_strain",101,1
"4400","01_3522_0101_01",1,3522,"ref_strain",101,1
"4401","01_3833_0101_01",1,3833,"ref_strain",101,1
"4402","01_3924_0101_01",1,3924,"ref_strain",101,1
"4403","01_3939_0101_01",1,3939,"ref_strain",101,1
"4404","01_4391_0101_01",1,4391,"ref_strain",101,1
"4405","01_4628_0101_01",1,4628,"ref_strain",101,1
"4406","01_4651_0101_01",1,4651,"ref_strain",101,1
"4407","01_4667_0101_01",1,4667,"ref_strain",101,1
"4408","01_4889_0101_01",1,4889,"ref_strain",101,1
"4409","01_5203_0101_01",1,5203,"ref_strain",101,1
"4410","01_5320_0101_01",1,5320,"ref_strain",101,1
"4411","01_5469_0101_01",1,5469,"ref_strain",101,1
"4412","01_5712_0101_01",1,5712,"ref_strain",101,1
"4413","01_6060_0101_01",1,6060,"ref_strain",101,1
"4414","01_6362_0101_01",1,6362,"ref_strain",101,1
"4415","01_6860_0101_01",1,6860,"ref_strain",101,1
"4416","01_7184_0101_01",1,7184,"ref_strain",101,1
"4417","01_7319_0101_01",1,7319,"ref_strain",101,1
"4418","01_7649_0101_01",1,7649,"ref_strain",101,1
"4419","01_7708_0101_01",1,7708,"ref_strain",101,1
"4420","01_8100_0101_01",1,8100,"ref_strain",101,1
"4421","01_8118_0101_01",1,8118,"ref_strain",101,1
"4422","01_8345_0101_01",1,8345,"ref_strain",101,1
"4423","01_8403_0101_01",1,8403,"ref_strain",101,1
"4424","01_8839_0101_01",1,8839,"ref_strain",101,1
"4425","01_8949_0101_01",1,8949,"ref_strain",101,1
"4426","01_9014_0101_01",1,9014,"ref_strain",101,1
"4427","01_9410_0101_01",1,9410,"ref_strain",101,1
"4428","01_9820_0101_01",1,9820,"ref_strain",101,1
"4429","01_9890_0101_01",1,9890,"ref_strain",101,1
"4430","01_9932_0101_01",1,9932,"ref_strain",101,1
"4431","01_10029_0101_01",1,10029,"ref_strain",101,1
"4432","01_10363_0101_01",1,10363,"ref_strain",101,1
"4433","01_10372_0101_01",1,10372,"ref_strain",101,1
"4434","01_10379_0101_01",1,10379,"ref_strain",101,1
"4435","01_10459_0101_01",1,10459,"ref_strain",101,1
"4436","01_10573_0101_01",1,10573,"ref_strain",101,1
"4437","01_10880_0101_01",1,10880,"ref_strain",101,1
"4438","01_11367_0101_01",1,11367,"ref_strain",101,1
"4439","01_11382_0101_01",1,11382,"ref_strain",101,1
"4440","01_11391_0101_01",1,11391,"ref_strain",101,1
"4441","01_11537_0101_01",1,11537,"ref_strain",101,1
"4442","01_11939_0101_01",1,11939,"ref_strain",101,1
"4443","01_11964_0101_01",1,11964,"ref_strain",101,1
"4444","01_12250_0101_01",1,12250,"ref_strain",101,1
"4445","01_12387_0101_01",1,12387,"ref_strain",101,1
"4446","01_12499_0101_01",1,12499,"ref_strain",101,1
"4447","01_12687_0101_01",1,12687,"ref_strain",101,1
"4448","01_13021_0101_01",1,13021,"ref_strain",101,1
"4449","01_0821_0102_01",1,821,"ref_strain",102,1
"4450","01_0870_0102_01",1,870,"ref_strain",102,1
"4451","01_1233_0102_01",1,1233,"ref_strain",102,1
"4452","01_1275_0102_01",1,1275,"ref_strain",102,1
"4453","01_1684_0102_01",1,1684,"ref_strain",102,1
"4454","01_2578_0102_01",1,2578,"ref_strain",102,1
"4455","01_2925_0102_01",1,2925,"ref_strain",102,1
"4456","01_3164_0102_01",1,3164,"ref_strain",102,1
"4457","01_3203_0102_01",1,3203,"ref_strain",102,1
"4458","01_3563_0102_01",1,3563,"ref_strain",102,1
"4459","01_3690_0102_01",1,3690,"ref_strain",102,1
"4460","01_3844_0102_01",1,3844,"ref_strain",102,1
"4461","01_3888_0102_01",1,3888,"ref_strain",102,1
"4462","01_4691_0102_01",1,4691,"ref_strain",102,1
"4463","01_5073_0102_01",1,5073,"ref_strain",102,1
"4464","01_5285_0102_01",1,5285,"ref_strain",102,1
"4465","01_5434_0102_01",1,5434,"ref_strain",102,1
"4466","01_5642_0102_01",1,5642,"ref_strain",102,1
"4467","01_5695_0102_01",1,5695,"ref_strain",102,1
"4468","01_5765_0102_01",1,5765,"ref_strain",102,1
"4469","01_5810_0102_01",1,5810,"ref_strain",102,1
"4470","01_5916_0102_01",1,5916,"ref_strain",102,1
"4471","01_6189_0102_01",1,6189,"ref_strain",102,1
"4472","01_6295_0102_01",1,6295,"ref_strain",102,1
"4473","01_6413_0102_01",1,6413,"ref_strain",102,1
"4474","01_6564_0102_01",1,6564,"ref_strain",102,1
"4475","01_6840_0102_01",1,6840,"ref_strain",102,1
"4476","01_6872_0102_01",1,6872,"ref_strain",102,1
"4477","01_6987_0102_01",1,6987,"ref_strain",102,1
"4478","01_7185_0102_01",1,7185,"ref_strain",102,1
"4479","01_7396_0102_01",1,7396,"ref_strain",102,1
"4480","01_7402_0102_01",1,7402,"ref_strain",102,1
"4481","01_7559_0102_01",1,7559,"ref_strain",102,1
"4482","01_8025_0102_01",1,8025,"ref_strain",102,1
"4483","01_8068_0102_01",1,8068,"ref_strain",102,1
"4484","01_8228_0102_01",1,8228,"ref_strain",102,1
"4485","01_8317_0102_01",1,8317,"ref_strain",102,1
"4486","01_8533_0102_01",1,8533,"ref_strain",102,1
"4487","01_8571_0102_01",1,8571,"ref_strain",102,1
"4488","01_8975_0102_01",1,8975,"ref_strain",102,1
"4489","01_9263_0102_01",1,9263,"ref_strain",102,1
"4490","01_9484_0102_01",1,9484,"ref_strain",102,1
"4491","01_9547_0102_01",1,9547,"ref_strain",102,1
"4492","01_9595_0102_01",1,9595,"ref_strain",102,1
"4493","01_9606_0102_01",1,9606,"ref_strain",102,1
"4494","01_10403_0102_01",1,10403,"ref_strain",102,1
"4495","01_10424_0102_01",1,10424,"ref_strain",102,1
"4496","01_10434_0102_01",1,10434,"ref_strain",102,1
"4497","01_10663_0102_01",1,10663,"ref_strain",102,1
"4498","01_10815_0102_01",1,10815,"ref_strain",102,1
"4499","01_10853_0102_01",1,10853,"ref_strain",102,1
"4500","01_10928_0102_01",1,10928,"ref_strain",102,1
"4501","01_11266_0102_01",1,11266,"ref_strain",102,1
"4502","01_11424_0102_01",1,11424,"ref_strain",102,1
"4503","01_11712_0102_01",1,11712,"ref_strain",102,1
"4504","01_11750_0102_01",1,11750,"ref_strain",102,1
"4505","01_11877_0102_01",1,11877,"ref_strain",102,1
"4506","01_11969_0102_01",1,11969,"ref_strain",102,1
"4507","01_12049_0102_01",1,12049,"ref_strain",102,1
"4508","01_12103_0102_01",1,12103,"ref_strain",102,1
"4509","01_12374_0102_01",1,12374,"ref_strain",102,1
"4510","01_12467_0102_01",1,12467,"ref_strain",102,1
"4511","01_13014_0102_01",1,13014,"ref_strain",102,1
"4512","01_0093_0103_01",1,93,"ref_strain",103,1
"4513","01_0449_0103_01",1,449,"ref_strain",103,1
"4514","01_0802_0103_01",1,802,"ref_strain",103,1
"4515","01_1185_0103_01",1,1185,"ref_strain",103,1
"4516","01_1788_0103_01",1,1788,"ref_strain",103,1
"4517","01_2163_0103_01",1,2163,"ref_strain",103,1
"4518","01_2534_0103_01",1,2534,"ref_strain",103,1
"4519","01_2703_0103_01",1,2703,"ref_strain",103,1
"4520","01_2734_0103_01",1,2734,"ref_strain",103,1
"4521","01_2885_0103_01",1,2885,"ref_strain",103,1
"4522","01_2949_0103_01",1,2949,"ref_strain",103,1
"4523","01_2950_0103_01",1,2950,"ref_strain",103,1
"4524","01_3047_0103_01",1,3047,"ref_strain",103,1
"4525","01_3254_0103_01",1,3254,"ref_strain",103,1
"4526","01_3564_0103_01",1,3564,"ref_strain",103,1
"4527","01_3583_0103_01",1,3583,"ref_strain",103,1
"4528","01_3721_0103_01",1,3721,"ref_strain",103,1
"4529","01_3789_0103_01",1,3789,"ref_strain",103,1
"4530","01_3792_0103_01",1,3792,"ref_strain",103,1
"4531","01_3808_0103_01",1,3808,"ref_strain",103,1
"4532","01_3898_0103_01",1,3898,"ref_strain",103,1
"4533","01_4463_0103_01",1,4463,"ref_strain",103,1
"4534","01_4924_0103_01",1,4924,"ref_strain",103,1
"4535","01_5160_0103_01",1,5160,"ref_strain",103,1
"4536","01_5558_0103_01",1,5558,"ref_strain",103,1
"4537","01_6755_0103_01",1,6755,"ref_strain",103,1
"4538","01_6788_0103_01",1,6788,"ref_strain",103,1
"4539","01_6841_0103_01",1,6841,"ref_strain",103,1
"4540","01_7269_0103_01",1,7269,"ref_strain",103,1
"4541","01_7465_0103_01",1,7465,"ref_strain",103,1
"4542","01_7659_0103_01",1,7659,"ref_strain",103,1
"4543","01_7693_0103_01",1,7693,"ref_strain",103,1
"4544","01_8018_0103_01",1,8018,"ref_strain",103,1
"4545","01_8313_0103_01",1,8313,"ref_strain",103,1
"4546","01_8381_0103_01",1,8381,"ref_strain",103,1
"4547","01_8479_0103_01",1,8479,"ref_strain",103,1
"4548","01_9172_0103_01",1,9172,"ref_strain",103,1
"4549","01_9510_0103_01",1,9510,"ref_strain",103,1
"4550","01_9525_0103_01",1,9525,"ref_strain",103,1
"4551","01_9637_0103_01",1,9637,"ref_strain",103,1
"4552","01_9656_0103_01",1,9656,"ref_strain",103,1
"4553","01_9859_0103_01",1,9859,"ref_strain",103,1
"4554","01_10240_0103_01",1,10240,"ref_strain",103,1
"4555","01_10640_0103_01",1,10640,"ref_strain",103,1
"4556","01_10691_0103_01",1,10691,"ref_strain",103,1
"4557","01_11464_0103_01",1,11464,"ref_strain",103,1
"4558","01_11600_0103_01",1,11600,"ref_strain",103,1
"4559","01_11876_0103_01",1,11876,"ref_strain",103,1
"4560","01_12892_0103_01",1,12892,"ref_strain",103,1
"4561","01_0634_0104_01",1,634,"ref_strain",104,1
"4562","01_1357_0104_01",1,1357,"ref_strain",104,1
"4563","01_1779_0104_01",1,1779,"ref_strain",104,1
"4564","01_2507_0104_01",1,2507,"ref_strain",104,1
"4565","01_2523_0104_01",1,2523,"ref_strain",104,1
"4566","01_3379_0104_01",1,3379,"ref_strain",104,1
"4567","01_3558_0104_01",1,3558,"ref_strain",104,1
"4568","01_3820_0104_01",1,3820,"ref_strain",104,1
"4569","01_4310_0104_01",1,4310,"ref_strain",104,1
"4570","01_4579_0104_01",1,4579,"ref_strain",104,1
"4571","01_4581_0104_01",1,4581,"ref_strain",104,1
"4572","01_5560_0104_01",1,5560,"ref_strain",104,1
"4573","01_5757_0104_01",1,5757,"ref_strain",104,1
"4574","01_6006_0104_01",1,6006,"ref_strain",104,1
"4575","01_6016_0104_01",1,6016,"ref_strain",104,1
"4576","01_6117_0104_01",1,6117,"ref_strain",104,1
"4577","01_6466_0104_01",1,6466,"ref_strain",104,1
"4578","01_6507_0104_01",1,6507,"ref_strain",104,1
"4579","01_6526_0104_01",1,6526,"ref_strain",104,1
"4580","01_7116_0104_01",1,7116,"ref_strain",104,1
"4581","01_7259_0104_01",1,7259,"ref_strain",104,1
"4582","01_7278_0104_01",1,7278,"ref_strain",104,1
"4583","01_7482_0104_01",1,7482,"ref_strain",104,1
"4584","01_7593_0104_01",1,7593,"ref_strain",104,1
"4585","01_7631_0104_01",1,7631,"ref_strain",104,1
"4586","01_7715_0104_01",1,7715,"ref_strain",104,1
"4587","01_7755_0104_01",1,7755,"ref_strain",104,1
"4588","01_8593_0104_01",1,8593,"ref_strain",104,1
"4589","01_8668_0104_01",1,8668,"ref_strain",104,1
"4590","01_8817_0104_01",1,8817,"ref_strain",104,1
"4591","01_9052_0104_01",1,9052,"ref_strain",104,1
"4592","01_9082_0104_01",1,9082,"ref_strain",104,1
"4593","01_9199_0104_01",1,9199,"ref_strain",104,1
"4594","01_9454_0104_01",1,9454,"ref_strain",104,1
"4595","01_10384_0104_01",1,10384,"ref_strain",104,1
"4596","01_10444_0104_01",1,10444,"ref_strain",104,1
"4597","01_10478_0104_01",1,10478,"ref_strain",104,1
"4598","01_10614_0104_01",1,10614,"ref_strain",104,1
"4599","01_10718_0104_01",1,10718,"ref_strain",104,1
"4600","01_10962_0104_01",1,10962,"ref_strain",104,1
"4601","01_11524_0104_01",1,11524,"ref_strain",104,1
"4602","01_11989_0104_01",1,11989,"ref_strain",104,1
"4603","01_12141_0104_01",1,12141,"ref_strain",104,1
"4604","01_12513_0104_01",1,12513,"ref_strain",104,1
"4605","01_12547_0104_01",1,12547,"ref_strain",104,1
"4606","01_12793_0104_01",1,12793,"ref_strain",104,1
"4607","01_12824_0104_01",1,12824,"ref_strain",104,1
"4608","01_1072_0105_01",1,1072,"ref_strain",105,1
"4609","01_1171_0105_01",1,1171,"ref_strain",105,1
"4610","01_1249_0105_01",1,1249,"ref_strain",105,1
"4611","01_1460_0105_01",1,1460,"ref_strain",105,1
"4612","01_1466_0105_01",1,1466,"ref_strain",105,1
"4613","01_1774_0105_01",1,1774,"ref_strain",105,1
"4614","01_1789_0105_01",1,1789,"ref_strain",105,1
"4615","01_1993_0105_01",1,1993,"ref_strain",105,1
"4616","01_2574_0105_01",1,2574,"ref_strain",105,1
"4617","01_2759_0105_01",1,2759,"ref_strain",105,1
"4618","01_2775_0105_01",1,2775,"ref_strain",105,1
"4619","01_3096_0105_01",1,3096,"ref_strain",105,1
"4620","01_3263_0105_01",1,3263,"ref_strain",105,1
"4621","01_3401_0105_01",1,3401,"ref_strain",105,1
"4622","01_3658_0105_01",1,3658,"ref_strain",105,1
"4623","01_3673_0105_01",1,3673,"ref_strain",105,1
"4624","01_4397_0105_01",1,4397,"ref_strain",105,1
"4625","01_4409_0105_01",1,4409,"ref_strain",105,1
"4626","01_4513_0105_01",1,4513,"ref_strain",105,1
"4627","01_4529_0105_01",1,4529,"ref_strain",105,1
"4628","01_4535_0105_01",1,4535,"ref_strain",105,1
"4629","01_5082_0105_01",1,5082,"ref_strain",105,1
"4630","01_5084_0105_01",1,5084,"ref_strain",105,1
"4631","01_5526_0105_01",1,5526,"ref_strain",105,1
"4632","01_5740_0105_01",1,5740,"ref_strain",105,1
"4633","01_5814_0105_01",1,5814,"ref_strain",105,1
"4634","01_5892_0105_01",1,5892,"ref_strain",105,1
"4635","01_5960_0105_01",1,5960,"ref_strain",105,1
"4636","01_5986_0105_01",1,5986,"ref_strain",105,1
"4637","01_5988_0105_01",1,5988,"ref_strain",105,1
"4638","01_6081_0105_01",1,6081,"ref_strain",105,1
"4639","01_6095_0105_01",1,6095,"ref_strain",105,1
"4640","01_6256_0105_01",1,6256,"ref_strain",105,1
"4641","01_6276_0105_01",1,6276,"ref_strain",105,1
"4642","01_6340_0105_01",1,6340,"ref_strain",105,1
"4643","01_6750_0105_01",1,6750,"ref_strain",105,1
"4644","01_6900_0105_01",1,6900,"ref_strain",105,1
"4645","01_7183_0105_01",1,7183,"ref_strain",105,1
"4646","01_7374_0105_01",1,7374,"ref_strain",105,1
"4647","01_7565_0105_01",1,7565,"ref_strain",105,1
"4648","01_7683_0105_01",1,7683,"ref_strain",105,1
"4649","01_7799_0105_01",1,7799,"ref_strain",105,1
"4650","01_7840_0105_01",1,7840,"ref_strain",105,1
"4651","01_7879_0105_01",1,7879,"ref_strain",105,1
"4652","01_8344_0105_01",1,8344,"ref_strain",105,1
"4653","01_8654_0105_01",1,8654,"ref_strain",105,1
"4654","01_8813_0105_01",1,8813,"ref_strain",105,1
"4655","01_8904_0105_01",1,8904,"ref_strain",105,1
"4656","01_8910_0105_01",1,8910,"ref_strain",105,1
"4657","01_9015_0105_01",1,9015,"ref_strain",105,1
"4658","01_9262_0105_01",1,9262,"ref_strain",105,1
"4659","01_10067_0105_01",1,10067,"ref_strain",105,1
"4660","01_10142_0105_01",1,10142,"ref_strain",105,1
"4661","01_10257_0105_01",1,10257,"ref_strain",105,1
"4662","01_10568_0105_01",1,10568,"ref_strain",105,1
"4663","01_10891_0105_01",1,10891,"ref_strain",105,1
"4664","01_11070_0105_01",1,11070,"ref_strain",105,1
"4665","01_11181_0105_01",1,11181,"ref_strain",105,1
"4666","01_11873_0105_01",1,11873,"ref_strain",105,1
"4667","01_12048_0105_01",1,12048,"ref_strain",105,1
"4668","01_12156_0105_01",1,12156,"ref_strain",105,1
"4669","01_12384_0105_01",1,12384,"ref_strain",105,1
"4670","01_12997_0105_01",1,12997,"ref_strain",105,1
"4671","01_0221_0106_01",1,221,"ref_strain",106,1
"4672","01_0653_0106_01",1,653,"ref_strain",106,1
"4673","01_0767_0106_01",1,767,"ref_strain",106,1
"4674","01_0864_0106_01",1,864,"ref_strain",106,1
"4675","01_0935_0106_01",1,935,"ref_strain",106,1
"4676","01_1164_0106_01",1,1164,"ref_strain",106,1
"4677","01_1401_0106_01",1,1401,"ref_strain",106,1
"4678","01_1462_0106_01",1,1462,"ref_strain",106,1
"4679","01_1498_0106_01",1,1498,"ref_strain",106,1
"4680","01_1564_0106_01",1,1564,"ref_strain",106,1
"4681","01_1735_0106_01",1,1735,"ref_strain",106,1
"4682","01_1866_0106_01",1,1866,"ref_strain",106,1
"4683","01_1995_0106_01",1,1995,"ref_strain",106,1
"4684","01_2722_0106_01",1,2722,"ref_strain",106,1
"4685","01_3138_0106_01",1,3138,"ref_strain",106,1
"4686","01_3642_0106_01",1,3642,"ref_strain",106,1
"4687","01_3787_0106_01",1,3787,"ref_strain",106,1
"4688","01_3849_0106_01",1,3849,"ref_strain",106,1
"4689","01_3907_0106_01",1,3907,"ref_strain",106,1
"4690","01_3950_0106_01",1,3950,"ref_strain",106,1
"4691","01_4379_0106_01",1,4379,"ref_strain",106,1
"4692","01_4440_0106_01",1,4440,"ref_strain",106,1
"4693","01_4547_0106_01",1,4547,"ref_strain",106,1
"4694","01_4681_0106_01",1,4681,"ref_strain",106,1
"4695","01_4693_0106_01",1,4693,"ref_strain",106,1
"4696","01_5588_0106_01",1,5588,"ref_strain",106,1
"4697","01_5970_0106_01",1,5970,"ref_strain",106,1
"4698","01_6172_0106_01",1,6172,"ref_strain",106,1
"4699","01_6349_0106_01",1,6349,"ref_strain",106,1
"4700","01_6372_0106_01",1,6372,"ref_strain",106,1
"4701","01_6426_0106_01",1,6426,"ref_strain",106,1
"4702","01_6449_0106_01",1,6449,"ref_strain",106,1
"4703","01_7134_0106_01",1,7134,"ref_strain",106,1
"4704","01_7315_0106_01",1,7315,"ref_strain",106,1
"4705","01_7951_0106_01",1,7951,"ref_strain",106,1
"4706","01_8176_0106_01",1,8176,"ref_strain",106,1
"4707","01_8291_0106_01",1,8291,"ref_strain",106,1
"4708","01_8420_0106_01",1,8420,"ref_strain",106,1
"4709","01_8435_0106_01",1,8435,"ref_strain",106,1
"4710","01_8460_0106_01",1,8460,"ref_strain",106,1
"4711","01_8619_0106_01",1,8619,"ref_strain",106,1
"4712","01_8653_0106_01",1,8653,"ref_strain",106,1
"4713","01_9001_0106_01",1,9001,"ref_strain",106,1
"4714","01_9118_0106_01",1,9118,"ref_strain",106,1
"4715","01_9258_0106_01",1,9258,"ref_strain",106,1
"4716","01_9572_0106_01",1,9572,"ref_strain",106,1
"4717","01_9623_0106_01",1,9623,"ref_strain",106,1
"4718","01_9684_0106_01",1,9684,"ref_strain",106,1
"4719","01_9839_0106_01",1,9839,"ref_strain",106,1
"4720","01_9934_0106_01",1,9934,"ref_strain",106,1
"4721","01_10134_0106_01",1,10134,"ref_strain",106,1
"4722","01_10199_0106_01",1,10199,"ref_strain",106,1
"4723","01_10630_0106_01",1,10630,"ref_strain",106,1
"4724","01_10748_0106_01",1,10748,"ref_strain",106,1
"4725","01_11293_0106_01",1,11293,"ref_strain",106,1
"4726","01_11695_0106_01",1,11695,"ref_strain",106,1
"4727","01_11952_0106_01",1,11952,"ref_strain",106,1
"4728","01_12476_0106_01",1,12476,"ref_strain",106,1
"4729","01_12555_0106_01",1,12555,"ref_strain",106,1
"4730","01_0022_0107_01",1,22,"ref_strain",107,1
"4731","01_0036_0107_01",1,36,"ref_strain",107,1
"4732","01_0185_0107_01",1,185,"ref_strain",107,1
"4733","01_0448_0107_01",1,448,"ref_strain",107,1
"4734","01_0599_0107_01",1,599,"ref_strain",107,1
"4735","01_1334_0107_01",1,1334,"ref_strain",107,1
"4736","01_1744_0107_01",1,1744,"ref_strain",107,1
"4737","01_1776_0107_01",1,1776,"ref_strain",107,1
"4738","01_1824_0107_01",1,1824,"ref_strain",107,1
"4739","01_2362_0107_01",1,2362,"ref_strain",107,1
"4740","01_2478_0107_01",1,2478,"ref_strain",107,1
"4741","01_2606_0107_01",1,2606,"ref_strain",107,1
"4742","01_2978_0107_01",1,2978,"ref_strain",107,1
"4743","01_3128_0107_01",1,3128,"ref_strain",107,1
"4744","01_3474_0107_01",1,3474,"ref_strain",107,1
"4745","01_3560_0107_01",1,3560,"ref_strain",107,1
"4746","01_3703_0107_01",1,3703,"ref_strain",107,1
"4747","01_4025_0107_01",1,4025,"ref_strain",107,1
"4748","01_4744_0107_01",1,4744,"ref_strain",107,1
"4749","01_5230_0107_01",1,5230,"ref_strain",107,1
"4750","01_5442_0107_01",1,5442,"ref_strain",107,1
"4751","01_5589_0107_01",1,5589,"ref_strain",107,1
"4752","01_5767_0107_01",1,5767,"ref_strain",107,1
"4753","01_6003_0107_01",1,6003,"ref_strain",107,1
"4754","01_6704_0107_01",1,6704,"ref_strain",107,1
"4755","01_6809_0107_01",1,6809,"ref_strain",107,1
"4756","01_6848_0107_01",1,6848,"ref_strain",107,1
"4757","01_6858_0107_01",1,6858,"ref_strain",107,1
"4758","01_7410_0107_01",1,7410,"ref_strain",107,1
"4759","01_7411_0107_01",1,7411,"ref_strain",107,1
"4760","01_7557_0107_01",1,7557,"ref_strain",107,1
"4761","01_7570_0107_01",1,7570,"ref_strain",107,1
"4762","01_7606_0107_01",1,7606,"ref_strain",107,1
"4763","01_7687_0107_01",1,7687,"ref_strain",107,1
"4764","01_8247_0107_01",1,8247,"ref_strain",107,1
"4765","01_8310_0107_01",1,8310,"ref_strain",107,1
"4766","01_8690_0107_01",1,8690,"ref_strain",107,1
"4767","01_8885_0107_01",1,8885,"ref_strain",107,1
"4768","01_8976_0107_01",1,8976,"ref_strain",107,1
"4769","01_9210_0107_01",1,9210,"ref_strain",107,1
"4770","01_9407_0107_01",1,9407,"ref_strain",107,1
"4771","01_9654_0107_01",1,9654,"ref_strain",107,1
"4772","01_9734_0107_01",1,9734,"ref_strain",107,1
"4773","01_9830_0107_01",1,9830,"ref_strain",107,1
"4774","01_9939_0107_01",1,9939,"ref_strain",107,1
"4775","01_10001_0107_01",1,10001,"ref_strain",107,1
"4776","01_10032_0107_01",1,10032,"ref_strain",107,1
"4777","01_10050_0107_01",1,10050,"ref_strain",107,1
"4778","01_10623_0107_01",1,10623,"ref_strain",107,1
"4779","01_10648_0107_01",1,10648,"ref_strain",107,1
"4780","01_10707_0107_01",1,10707,"ref_strain",107,1
"4781","01_10725_0107_01",1,10725,"ref_strain",107,1
"4782","01_10799_0107_01",1,10799,"ref_strain",107,1
"4783","01_10959_0107_01",1,10959,"ref_strain",107,1
"4784","01_11606_0107_01",1,11606,"ref_strain",107,1
"4785","01_11741_0107_01",1,11741,"ref_strain",107,1
"4786","01_11923_0107_01",1,11923,"ref_strain",107,1
"4787","01_12081_0107_01",1,12081,"ref_strain",107,1
"4788","01_12251_0107_01",1,12251,"ref_strain",107,1
"4789","01_12821_0107_01",1,12821,"ref_strain",107,1
"4790","01_0037_0108_01",1,37,"ref_strain",108,1
"4791","01_0765_0108_01",1,765,"ref_strain",108,1
"4792","01_0911_0108_01",1,911,"ref_strain",108,1
"4793","01_1244_0108_01",1,1244,"ref_strain",108,1
"4794","01_1626_0108_01",1,1626,"ref_strain",108,1
"4795","01_1797_0108_01",1,1797,"ref_strain",108,1
"4796","01_2462_0108_01",1,2462,"ref_strain",108,1
"4797","01_2777_0108_01",1,2777,"ref_strain",108,1
"4798","01_2796_0108_01",1,2796,"ref_strain",108,1
"4799","01_3046_0108_01",1,3046,"ref_strain",108,1
"4800","01_3132_0108_01",1,3132,"ref_strain",108,1
"4801","01_3209_0108_01",1,3209,"ref_strain",108,1
"4802","01_3279_0108_01",1,3279,"ref_strain",108,1
"4803","01_3536_0108_01",1,3536,"ref_strain",108,1
"4804","01_3628_0108_01",1,3628,"ref_strain",108,1
"4805","01_4114_0108_01",1,4114,"ref_strain",108,1
"4806","01_4475_0108_01",1,4475,"ref_strain",108,1
"4807","01_4546_0108_01",1,4546,"ref_strain",108,1
"4808","01_4624_0108_01",1,4624,"ref_strain",108,1
"4809","01_4807_0108_01",1,4807,"ref_strain",108,1
"4810","01_4896_0108_01",1,4896,"ref_strain",108,1
"4811","01_4981_0108_01",1,4981,"ref_strain",108,1
"4812","01_5427_0108_01",1,5427,"ref_strain",108,1
"4813","01_5494_0108_01",1,5494,"ref_strain",108,1
"4814","01_5620_0108_01",1,5620,"ref_strain",108,1
"4815","01_5678_0108_01",1,5678,"ref_strain",108,1
"4816","01_5971_0108_01",1,5971,"ref_strain",108,1
"4817","01_6130_0108_01",1,6130,"ref_strain",108,1
"4818","01_6314_0108_01",1,6314,"ref_strain",108,1
"4819","01_6425_0108_01",1,6425,"ref_strain",108,1
"4820","01_7113_0108_01",1,7113,"ref_strain",108,1
"4821","01_7200_0108_01",1,7200,"ref_strain",108,1
"4822","01_7297_0108_01",1,7297,"ref_strain",108,1
"4823","01_8079_0108_01",1,8079,"ref_strain",108,1
"4824","01_8141_0108_01",1,8141,"ref_strain",108,1
"4825","01_8163_0108_01",1,8163,"ref_strain",108,1
"4826","01_8652_0108_01",1,8652,"ref_strain",108,1
"4827","01_8658_0108_01",1,8658,"ref_strain",108,1
"4828","01_8863_0108_01",1,8863,"ref_strain",108,1
"4829","01_9060_0108_01",1,9060,"ref_strain",108,1
"4830","01_9090_0108_01",1,9090,"ref_strain",108,1
"4831","01_9917_0108_01",1,9917,"ref_strain",108,1
"4832","01_9924_0108_01",1,9924,"ref_strain",108,1
"4833","01_10021_0108_01",1,10021,"ref_strain",108,1
"4834","01_10145_0108_01",1,10145,"ref_strain",108,1
"4835","01_10635_0108_01",1,10635,"ref_strain",108,1
"4836","01_11044_0108_01",1,11044,"ref_strain",108,1
"4837","01_11068_0108_01",1,11068,"ref_strain",108,1
"4838","01_11377_0108_01",1,11377,"ref_strain",108,1
"4839","01_11579_0108_01",1,11579,"ref_strain",108,1
"4840","01_11719_0108_01",1,11719,"ref_strain",108,1
"4841","01_12393_0108_01",1,12393,"ref_strain",108,1
"4842","01_12551_0108_01",1,12551,"ref_strain",108,1
"4843","01_12559_0108_01",1,12559,"ref_strain",108,1
"4844","01_12650_0108_01",1,12650,"ref_strain",108,1
"4845","01_12895_0108_01",1,12895,"ref_strain",108,1
"4846","01_12916_0108_01",1,12916,"ref_strain",108,1
"4847","01_0169_0109_01",1,169,"ref_strain",109,1
"4848","01_0379_0109_01",1,379,"ref_strain",109,1
"4849","01_0966_0109_01",1,966,"ref_strain",109,1
"4850","01_1764_0109_01",1,1764,"ref_strain",109,1
"4851","01_2859_0109_01",1,2859,"ref_strain",109,1
"4852","01_3648_0109_01",1,3648,"ref_strain",109,1
"4853","01_3680_0109_01",1,3680,"ref_strain",109,1
"4854","01_3975_0109_01",1,3975,"ref_strain",109,1
"4855","01_4107_0109_01",1,4107,"ref_strain",109,1
"4856","01_4425_0109_01",1,4425,"ref_strain",109,1
"4857","01_4634_0109_01",1,4634,"ref_strain",109,1
"4858","01_4652_0109_01",1,4652,"ref_strain",109,1
"4859","01_4777_0109_01",1,4777,"ref_strain",109,1
"4860","01_5898_0109_01",1,5898,"ref_strain",109,1
"4861","01_6115_0109_01",1,6115,"ref_strain",109,1
"4862","01_6325_0109_01",1,6325,"ref_strain",109,1
"4863","01_7032_0109_01",1,7032,"ref_strain",109,1
"4864","01_7115_0109_01",1,7115,"ref_strain",109,1
"4865","01_7387_0109_01",1,7387,"ref_strain",109,1
"4866","01_7499_0109_01",1,7499,"ref_strain",109,1
"4867","01_7702_0109_01",1,7702,"ref_strain",109,1
"4868","01_7923_0109_01",1,7923,"ref_strain",109,1
"4869","01_8232_0109_01",1,8232,"ref_strain",109,1
"4870","01_8331_0109_01",1,8331,"ref_strain",109,1
"4871","01_8401_0109_01",1,8401,"ref_strain",109,1
"4872","01_8455_0109_01",1,8455,"ref_strain",109,1
"4873","01_8518_0109_01",1,8518,"ref_strain",109,1
"4874","01_8791_0109_01",1,8791,"ref_strain",109,1
"4875","01_9081_0109_01",1,9081,"ref_strain",109,1
"4876","01_9097_0109_01",1,9097,"ref_strain",109,1
"4877","01_9498_0109_01",1,9498,"ref_strain",109,1
"4878","01_9645_0109_01",1,9645,"ref_strain",109,1
"4879","01_9987_0109_01",1,9987,"ref_strain",109,1
"4880","01_10036_0109_01",1,10036,"ref_strain",109,1
"4881","01_10367_0109_01",1,10367,"ref_strain",109,1
"4882","01_10458_0109_01",1,10458,"ref_strain",109,1
"4883","01_10520_0109_01",1,10520,"ref_strain",109,1
"4884","01_10916_0109_01",1,10916,"ref_strain",109,1
"4885","01_11241_0109_01",1,11241,"ref_strain",109,1
"4886","01_11359_0109_01",1,11359,"ref_strain",109,1
"4887","01_11564_0109_01",1,11564,"ref_strain",109,1
"4888","01_11698_0109_01",1,11698,"ref_strain",109,1
"4889","01_11823_0109_01",1,11823,"ref_strain",109,1
"4890","01_11890_0109_01",1,11890,"ref_strain",109,1
"4891","01_12125_0109_01",1,12125,"ref_strain",109,1
"4892","01_12500_0109_01",1,12500,"ref_strain",109,1
"4893","01_0279_0110_01",1,279,"ref_strain",110,1
"4894","01_0805_0110_01",1,805,"ref_strain",110,1
"4895","01_1186_0110_01",1,1186,"ref_strain",110,1
"4896","01_1350_0110_01",1,1350,"ref_strain",110,1
"4897","01_1439_0110_01",1,1439,"ref_strain",110,1
"4898","01_1648_0110_01",1,1648,"ref_strain",110,1
"4899","01_1691_0110_01",1,1691,"ref_strain",110,1
"4900","01_1717_0110_01",1,1717,"ref_strain",110,1
"4901","01_1902_0110_01",1,1902,"ref_strain",110,1
"4902","01_2110_0110_01",1,2110,"ref_strain",110,1
"4903","01_2152_0110_01",1,2152,"ref_strain",110,1
"4904","01_2381_0110_01",1,2381,"ref_strain",110,1
"4905","01_2480_0110_01",1,2480,"ref_strain",110,1
"4906","01_2879_0110_01",1,2879,"ref_strain",110,1
"4907","01_2955_0110_01",1,2955,"ref_strain",110,1
"4908","01_3537_0110_01",1,3537,"ref_strain",110,1
"4909","01_3621_0110_01",1,3621,"ref_strain",110,1
"4910","01_3731_0110_01",1,3731,"ref_strain",110,1
"4911","01_3779_0110_01",1,3779,"ref_strain",110,1
"4912","01_4573_0110_01",1,4573,"ref_strain",110,1
"4913","01_5099_0110_01",1,5099,"ref_strain",110,1
"4914","01_5218_0110_01",1,5218,"ref_strain",110,1
"4915","01_5315_0110_01",1,5315,"ref_strain",110,1
"4916","01_5928_0110_01",1,5928,"ref_strain",110,1
"4917","01_6281_0110_01",1,6281,"ref_strain",110,1
"4918","01_6796_0110_01",1,6796,"ref_strain",110,1
"4919","01_6825_0110_01",1,6825,"ref_strain",110,1
"4920","01_7127_0110_01",1,7127,"ref_strain",110,1
"4921","01_7521_0110_01",1,7521,"ref_strain",110,1
"4922","01_7788_0110_01",1,7788,"ref_strain",110,1
"4923","01_7999_0110_01",1,7999,"ref_strain",110,1
"4924","01_8012_0110_01",1,8012,"ref_strain",110,1
"4925","01_8596_0110_01",1,8596,"ref_strain",110,1
"4926","01_8724_0110_01",1,8724,"ref_strain",110,1
"4927","01_8866_0110_01",1,8866,"ref_strain",110,1
"4928","01_9213_0110_01",1,9213,"ref_strain",110,1
"4929","01_9396_0110_01",1,9396,"ref_strain",110,1
"4930","01_9397_0110_01",1,9397,"ref_strain",110,1
"4931","01_9424_0110_01",1,9424,"ref_strain",110,1
"4932","01_9453_0110_01",1,9453,"ref_strain",110,1
"4933","01_9649_0110_01",1,9649,"ref_strain",110,1
"4934","01_9861_0110_01",1,9861,"ref_strain",110,1
"4935","01_9910_0110_01",1,9910,"ref_strain",110,1
"4936","01_10283_0110_01",1,10283,"ref_strain",110,1
"4937","01_10544_0110_01",1,10544,"ref_strain",110,1
"4938","01_10605_0110_01",1,10605,"ref_strain",110,1
"4939","01_10745_0110_01",1,10745,"ref_strain",110,1
"4940","01_11063_0110_01",1,11063,"ref_strain",110,1
"4941","01_11114_0110_01",1,11114,"ref_strain",110,1
"4942","01_12074_0110_01",1,12074,"ref_strain",110,1
"4943","01_12119_0110_01",1,12119,"ref_strain",110,1
"4944","01_12415_0110_01",1,12415,"ref_strain",110,1
"4945","01_12659_0110_01",1,12659,"ref_strain",110,1
"4946","01_12935_0110_01",1,12935,"ref_strain",110,1
"4947","01_0331_0111_01",1,331,"ref_strain",111,1
"4948","01_0670_0111_01",1,670,"ref_strain",111,1
"4949","01_0721_0111_01",1,721,"ref_strain",111,1
"4950","01_1678_0111_01",1,1678,"ref_strain",111,1
"4951","01_1838_0111_01",1,1838,"ref_strain",111,1
"4952","01_2077_0111_01",1,2077,"ref_strain",111,1
"4953","01_2700_0111_01",1,2700,"ref_strain",111,1
"4954","01_2974_0111_01",1,2974,"ref_strain",111,1
"4955","01_3208_0111_01",1,3208,"ref_strain",111,1
"4956","01_3372_0111_01",1,3372,"ref_strain",111,1
"4957","01_3748_0111_01",1,3748,"ref_strain",111,1
"4958","01_3764_0111_01",1,3764,"ref_strain",111,1
"4959","01_4266_0111_01",1,4266,"ref_strain",111,1
"4960","01_4359_0111_01",1,4359,"ref_strain",111,1
"4961","01_4607_0111_01",1,4607,"ref_strain",111,1
"4962","01_4664_0111_01",1,4664,"ref_strain",111,1
"4963","01_5022_0111_01",1,5022,"ref_strain",111,1
"4964","01_5111_0111_01",1,5111,"ref_strain",111,1
"4965","01_5794_0111_01",1,5794,"ref_strain",111,1
"4966","01_6063_0111_01",1,6063,"ref_strain",111,1
"4967","01_6851_0111_01",1,6851,"ref_strain",111,1
"4968","01_7040_0111_01",1,7040,"ref_strain",111,1
"4969","01_7583_0111_01",1,7583,"ref_strain",111,1
"4970","01_7685_0111_01",1,7685,"ref_strain",111,1
"4971","01_7837_0111_01",1,7837,"ref_strain",111,1
"4972","01_8707_0111_01",1,8707,"ref_strain",111,1
"4973","01_10175_0111_01",1,10175,"ref_strain",111,1
"4974","01_10332_0111_01",1,10332,"ref_strain",111,1
"4975","01_10665_0111_01",1,10665,"ref_strain",111,1
"4976","01_10849_0111_01",1,10849,"ref_strain",111,1
"4977","01_11043_0111_01",1,11043,"ref_strain",111,1
"4978","01_11060_0111_01",1,11060,"ref_strain",111,1
"4979","01_11282_0111_01",1,11282,"ref_strain",111,1
"4980","01_11388_0111_01",1,11388,"ref_strain",111,1
"4981","01_11499_0111_01",1,11499,"ref_strain",111,1
"4982","01_12082_0111_01",1,12082,"ref_strain",111,1
"4983","01_0735_0112_01",1,735,"ref_strain",112,1
"4984","01_1254_0112_01",1,1254,"ref_strain",112,1
"4985","01_2053_0112_01",1,2053,"ref_strain",112,1
"4986","01_2485_0112_01",1,2485,"ref_strain",112,1
"4987","01_2632_0112_01",1,2632,"ref_strain",112,1
"4988","01_2693_0112_01",1,2693,"ref_strain",112,1
"4989","01_3034_0112_01",1,3034,"ref_strain",112,1
"4990","01_3813_0112_01",1,3813,"ref_strain",112,1
"4991","01_3990_0112_01",1,3990,"ref_strain",112,1
"4992","01_4236_0112_01",1,4236,"ref_strain",112,1
"4993","01_5121_0112_01",1,5121,"ref_strain",112,1
"4994","01_5206_0112_01",1,5206,"ref_strain",112,1
"4995","01_5255_0112_01",1,5255,"ref_strain",112,1
"4996","01_5853_0112_01",1,5853,"ref_strain",112,1
"4997","01_5982_0112_01",1,5982,"ref_strain",112,1
"4998","01_5983_0112_01",1,5983,"ref_strain",112,1
"4999","01_6242_0112_01",1,6242,"ref_strain",112,1
"5000","01_6642_0112_01",1,6642,"ref_strain",112,1
"5001","01_6994_0112_01",1,6994,"ref_strain",112,1
"5002","01_7043_0112_01",1,7043,"ref_strain",112,1
"5003","01_8408_0112_01",1,8408,"ref_strain",112,1
"5004","01_8541_0112_01",1,8541,"ref_strain",112,1
"5005","01_8583_0112_01",1,8583,"ref_strain",112,1
"5006","01_9017_0112_01",1,9017,"ref_strain",112,1
"5007","01_9695_0112_01",1,9695,"ref_strain",112,1
"5008","01_9823_0112_01",1,9823,"ref_strain",112,1
"5009","01_10464_0112_01",1,10464,"ref_strain",112,1
"5010","01_11126_0112_01",1,11126,"ref_strain",112,1
"5011","01_11216_0112_01",1,11216,"ref_strain",112,1
"5012","01_11614_0112_01",1,11614,"ref_strain",112,1
"5013","01_11722_0112_01",1,11722,"ref_strain",112,1
"5014","01_11775_0112_01",1,11775,"ref_strain",112,1
"5015","01_11810_0112_01",1,11810,"ref_strain",112,1
"5016","01_11900_0112_01",1,11900,"ref_strain",112,1
"5017","01_12000_0112_01",1,12000,"ref_strain",112,1
"5018","01_12223_0112_01",1,12223,"ref_strain",112,1
"5019","01_12294_0112_01",1,12294,"ref_strain",112,1
"5020","01_12423_0112_01",1,12423,"ref_strain",112,1
"5021","01_12634_0112_01",1,12634,"ref_strain",112,1
"5022","01_12927_0112_01",1,12927,"ref_strain",112,1
"5023","01_0116_0113_01",1,116,"ref_strain",113,1
"5024","01_0372_0113_01",1,372,"ref_strain",113,1
"5025","01_0655_0113_01",1,655,"ref_strain",113,1
"5026","01_0698_0113_01",1,698,"ref_strain",113,1
"5027","01_1314_0113_01",1,1314,"ref_strain",113,1
"5028","01_1327_0113_01",1,1327,"ref_strain",113,1
"5029","01_1342_0113_01",1,1342,"ref_strain",113,1
"5030","01_1361_0113_01",1,1361,"ref_strain",113,1
"5031","01_2131_0113_01",1,2131,"ref_strain",113,1
"5032","01_2188_0113_01",1,2188,"ref_strain",113,1
"5033","01_2411_0113_01",1,2411,"ref_strain",113,1
"5034","01_2985_0113_01",1,2985,"ref_strain",113,1
"5035","01_3009_0113_01",1,3009,"ref_strain",113,1
"5036","01_3614_0113_01",1,3614,"ref_strain",113,1
"5037","01_4816_0113_01",1,4816,"ref_strain",113,1
"5038","01_5110_0113_01",1,5110,"ref_strain",113,1
"5039","01_5510_0113_01",1,5510,"ref_strain",113,1
"5040","01_5829_0113_01",1,5829,"ref_strain",113,1
"5041","01_6178_0113_01",1,6178,"ref_strain",113,1
"5042","01_6430_0113_01",1,6430,"ref_strain",113,1
"5043","01_6903_0113_01",1,6903,"ref_strain",113,1
"5044","01_6942_0113_01",1,6942,"ref_strain",113,1
"5045","01_7053_0113_01",1,7053,"ref_strain",113,1
"5046","01_7285_0113_01",1,7285,"ref_strain",113,1
"5047","01_7575_0113_01",1,7575,"ref_strain",113,1
"5048","01_7603_0113_01",1,7603,"ref_strain",113,1
"5049","01_7704_0113_01",1,7704,"ref_strain",113,1
"5050","01_8186_0113_01",1,8186,"ref_strain",113,1
"5051","01_8562_0113_01",1,8562,"ref_strain",113,1
"5052","01_8848_0113_01",1,8848,"ref_strain",113,1
"5053","01_9264_0113_01",1,9264,"ref_strain",113,1
"5054","01_10446_0113_01",1,10446,"ref_strain",113,1
"5055","01_10495_0113_01",1,10495,"ref_strain",113,1
"5056","01_10622_0113_01",1,10622,"ref_strain",113,1
"5057","01_10713_0113_01",1,10713,"ref_strain",113,1
"5058","01_10763_0113_01",1,10763,"ref_strain",113,1
"5059","01_10931_0113_01",1,10931,"ref_strain",113,1
"5060","01_11655_0113_01",1,11655,"ref_strain",113,1
"5061","01_11704_0113_01",1,11704,"ref_strain",113,1
"5062","01_12728_0113_01",1,12728,"ref_strain",113,1
"5063","01_0661_0114_01",1,661,"ref_strain",114,1
"5064","01_1514_0114_01",1,1514,"ref_strain",114,1
"5065","01_1546_0114_01",1,1546,"ref_strain",114,1
"5066","01_1646_0114_01",1,1646,"ref_strain",114,1
"5067","01_2096_0114_01",1,2096,"ref_strain",114,1
"5068","01_2146_0114_01",1,2146,"ref_strain",114,1
"5069","01_2201_0114_01",1,2201,"ref_strain",114,1
"5070","01_2561_0114_01",1,2561,"ref_strain",114,1
"5071","01_3144_0114_01",1,3144,"ref_strain",114,1
"5072","01_3187_0114_01",1,3187,"ref_strain",114,1
"5073","01_3510_0114_01",1,3510,"ref_strain",114,1
"5074","01_3976_0114_01",1,3976,"ref_strain",114,1
"5075","01_4121_0114_01",1,4121,"ref_strain",114,1
"5076","01_4763_0114_01",1,4763,"ref_strain",114,1
"5077","01_4978_0114_01",1,4978,"ref_strain",114,1
"5078","01_4995_0114_01",1,4995,"ref_strain",114,1
"5079","01_5080_0114_01",1,5080,"ref_strain",114,1
"5080","01_6125_0114_01",1,6125,"ref_strain",114,1
"5081","01_6597_0114_01",1,6597,"ref_strain",114,1
"5082","01_7110_0114_01",1,7110,"ref_strain",114,1
"5083","01_7299_0114_01",1,7299,"ref_strain",114,1
"5084","01_7409_0114_01",1,7409,"ref_strain",114,1
"5085","01_7489_0114_01",1,7489,"ref_strain",114,1
"5086","01_8007_0114_01",1,8007,"ref_strain",114,1
"5087","01_8237_0114_01",1,8237,"ref_strain",114,1
"5088","01_8298_0114_01",1,8298,"ref_strain",114,1
"5089","01_8397_0114_01",1,8397,"ref_strain",114,1
"5090","01_9283_0114_01",1,9283,"ref_strain",114,1
"5091","01_9415_0114_01",1,9415,"ref_strain",114,1
"5092","01_9507_0114_01",1,9507,"ref_strain",114,1
"5093","01_9918_0114_01",1,9918,"ref_strain",114,1
"5094","01_10502_0114_01",1,10502,"ref_strain",114,1
"5095","01_10535_0114_01",1,10535,"ref_strain",114,1
"5096","01_11426_0114_01",1,11426,"ref_strain",114,1
"5097","01_11523_0114_01",1,11523,"ref_strain",114,1
"5098","01_12192_0114_01",1,12192,"ref_strain",114,1
"5099","01_12453_0114_01",1,12453,"ref_strain",114,1
"5100","01_12535_0114_01",1,12535,"ref_strain",114,1
"5101","01_0296_0115_01",1,296,"ref_strain",115,1
"5102","01_0538_0115_01",1,538,"ref_strain",115,1
"5103","01_1471_0115_01",1,1471,"ref_strain",115,1
"5104","01_1782_0115_01",1,1782,"ref_strain",115,1
"5105","01_2475_0115_01",1,2475,"ref_strain",115,1
"5106","01_2972_0115_01",1,2972,"ref_strain",115,1
"5107","01_3440_0115_01",1,3440,"ref_strain",115,1
"5108","01_3618_0115_01",1,3618,"ref_strain",115,1
"5109","01_5786_0115_01",1,5786,"ref_strain",115,1
"5110","01_6759_0115_01",1,6759,"ref_strain",115,1
"5111","01_6916_0115_01",1,6916,"ref_strain",115,1
"5112","01_6999_0115_01",1,6999,"ref_strain",115,1
"5113","01_7091_0115_01",1,7091,"ref_strain",115,1
"5114","01_7389_0115_01",1,7389,"ref_strain",115,1
"5115","01_8220_0115_01",1,8220,"ref_strain",115,1
"5116","01_8850_0115_01",1,8850,"ref_strain",115,1
"5117","01_9107_0115_01",1,9107,"ref_strain",115,1
"5118","01_10346_0115_01",1,10346,"ref_strain",115,1
"5119","01_10847_0115_01",1,10847,"ref_strain",115,1
"5120","01_10859_0115_01",1,10859,"ref_strain",115,1
"5121","01_11106_0115_01",1,11106,"ref_strain",115,1
"5122","01_11557_0115_01",1,11557,"ref_strain",115,1
"5123","01_12127_0115_01",1,12127,"ref_strain",115,1
"5124","01_12667_0115_01",1,12667,"ref_strain",115,1
"5125","01_0292_0116_01",1,292,"ref_strain",116,1
"5126","01_1384_0116_01",1,1384,"ref_strain",116,1
"5127","01_1418_0116_01",1,1418,"ref_strain",116,1
"5128","01_1912_0116_01",1,1912,"ref_strain",116,1
"5129","01_2016_0116_01",1,2016,"ref_strain",116,1
"5130","01_2217_0116_01",1,2217,"ref_strain",116,1
"5131","01_2562_0116_01",1,2562,"ref_strain",116,1
"5132","01_2870_0116_01",1,2870,"ref_strain",116,1
"5133","01_3066_0116_01",1,3066,"ref_strain",116,1
"5134","01_3097_0116_01",1,3097,"ref_strain",116,1
"5135","01_3205_0116_01",1,3205,"ref_strain",116,1
"5136","01_3865_0116_01",1,3865,"ref_strain",116,1
"5137","01_4224_0116_01",1,4224,"ref_strain",116,1
"5138","01_4911_0116_01",1,4911,"ref_strain",116,1
"5139","01_4970_0116_01",1,4970,"ref_strain",116,1
"5140","01_5381_0116_01",1,5381,"ref_strain",116,1
"5141","01_5534_0116_01",1,5534,"ref_strain",116,1
"5142","01_5804_0116_01",1,5804,"ref_strain",116,1
"5143","01_5900_0116_01",1,5900,"ref_strain",116,1
"5144","01_5969_0116_01",1,5969,"ref_strain",116,1
"5145","01_6176_0116_01",1,6176,"ref_strain",116,1
"5146","01_6280_0116_01",1,6280,"ref_strain",116,1
"5147","01_6321_0116_01",1,6321,"ref_strain",116,1
"5148","01_6520_0116_01",1,6520,"ref_strain",116,1
"5149","01_7045_0116_01",1,7045,"ref_strain",116,1
"5150","01_7280_0116_01",1,7280,"ref_strain",116,1
"5151","01_7768_0116_01",1,7768,"ref_strain",116,1
"5152","01_7893_0116_01",1,7893,"ref_strain",116,1
"5153","01_8316_0116_01",1,8316,"ref_strain",116,1
"5154","01_9600_0116_01",1,9600,"ref_strain",116,1
"5155","01_10690_0116_01",1,10690,"ref_strain",116,1
"5156","01_10802_0116_01",1,10802,"ref_strain",116,1
"5157","01_11565_0116_01",1,11565,"ref_strain",116,1
"5158","01_11934_0116_01",1,11934,"ref_strain",116,1
"5159","01_12193_0116_01",1,12193,"ref_strain",116,1
"5160","01_12282_0116_01",1,12282,"ref_strain",116,1
"5161","01_0247_0117_01",1,247,"ref_strain",117,1
"5162","01_0738_0117_01",1,738,"ref_strain",117,1
"5163","01_0843_0117_01",1,843,"ref_strain",117,1
"5164","01_0916_0117_01",1,916,"ref_strain",117,1
"5165","01_1298_0117_01",1,1298,"ref_strain",117,1
"5166","01_1374_0117_01",1,1374,"ref_strain",117,1
"5167","01_1421_0117_01",1,1421,"ref_strain",117,1
"5168","01_1978_0117_01",1,1978,"ref_strain",117,1
"5169","01_2273_0117_01",1,2273,"ref_strain",117,1
"5170","01_2639_0117_01",1,2639,"ref_strain",117,1
"5171","01_2647_0117_01",1,2647,"ref_strain",117,1
"5172","01_2814_0117_01",1,2814,"ref_strain",117,1
"5173","01_2830_0117_01",1,2830,"ref_strain",117,1
"5174","01_2951_0117_01",1,2951,"ref_strain",117,1
"5175","01_3689_0117_01",1,3689,"ref_strain",117,1
"5176","01_3838_0117_01",1,3838,"ref_strain",117,1
"5177","01_4612_0117_01",1,4612,"ref_strain",117,1
"5178","01_4827_0117_01",1,4827,"ref_strain",117,1
"5179","01_4893_0117_01",1,4893,"ref_strain",117,1
"5180","01_5311_0117_01",1,5311,"ref_strain",117,1
"5181","01_5777_0117_01",1,5777,"ref_strain",117,1
"5182","01_6147_0117_01",1,6147,"ref_strain",117,1
"5183","01_6315_0117_01",1,6315,"ref_strain",117,1
"5184","01_7186_0117_01",1,7186,"ref_strain",117,1
"5185","01_7889_0117_01",1,7889,"ref_strain",117,1
"5186","01_8004_0117_01",1,8004,"ref_strain",117,1
"5187","01_8342_0117_01",1,8342,"ref_strain",117,1
"5188","01_9711_0117_01",1,9711,"ref_strain",117,1
"5189","01_10039_0117_01",1,10039,"ref_strain",117,1
"5190","01_10094_0117_01",1,10094,"ref_strain",117,1
"5191","01_10171_0117_01",1,10171,"ref_strain",117,1
"5192","01_11312_0117_01",1,11312,"ref_strain",117,1
"5193","01_11534_0117_01",1,11534,"ref_strain",117,1
"5194","01_0085_0118_01",1,85,"ref_strain",118,1
"5195","01_0558_0118_01",1,558,"ref_strain",118,1
"5196","01_0772_0118_01",1,772,"ref_strain",118,1
"5197","01_1450_0118_01",1,1450,"ref_strain",118,1
"5198","01_1951_0118_01",1,1951,"ref_strain",118,1
"5199","01_2036_0118_01",1,2036,"ref_strain",118,1
"5200","01_2407_0118_01",1,2407,"ref_strain",118,1
"5201","01_2489_0118_01",1,2489,"ref_strain",118,1
"5202","01_2504_0118_01",1,2504,"ref_strain",118,1
"5203","01_2513_0118_01",1,2513,"ref_strain",118,1
"5204","01_4520_0118_01",1,4520,"ref_strain",118,1
"5205","01_4571_0118_01",1,4571,"ref_strain",118,1
"5206","01_4657_0118_01",1,4657,"ref_strain",118,1
"5207","01_4732_0118_01",1,4732,"ref_strain",118,1
"5208","01_4753_0118_01",1,4753,"ref_strain",118,1
"5209","01_5568_0118_01",1,5568,"ref_strain",118,1
"5210","01_5669_0118_01",1,5669,"ref_strain",118,1
"5211","01_5887_0118_01",1,5887,"ref_strain",118,1
"5212","01_6066_0118_01",1,6066,"ref_strain",118,1
"5213","01_6509_0118_01",1,6509,"ref_strain",118,1
"5214","01_6742_0118_01",1,6742,"ref_strain",118,1
"5215","01_6877_0118_01",1,6877,"ref_strain",118,1
"5216","01_7466_0118_01",1,7466,"ref_strain",118,1
"5217","01_7697_0118_01",1,7697,"ref_strain",118,1
"5218","01_8552_0118_01",1,8552,"ref_strain",118,1
"5219","01_8555_0118_01",1,8555,"ref_strain",118,1
"5220","01_9126_0118_01",1,9126,"ref_strain",118,1
"5221","01_9691_0118_01",1,9691,"ref_strain",118,1
"5222","01_9989_0118_01",1,9989,"ref_strain",118,1
"5223","01_10250_0118_01",1,10250,"ref_strain",118,1
"5224","01_10584_0118_01",1,10584,"ref_strain",118,1
"5225","01_10679_0118_01",1,10679,"ref_strain",118,1
"5226","01_11145_0118_01",1,11145,"ref_strain",118,1
"5227","01_11485_0118_01",1,11485,"ref_strain",118,1
"5228","01_11996_0118_01",1,11996,"ref_strain",118,1
"5229","01_12563_0118_01",1,12563,"ref_strain",118,1
"5230","01_12569_0118_01",1,12569,"ref_strain",118,1
"5231","01_12693_0118_01",1,12693,"ref_strain",118,1
"5232","01_12936_0118_01",1,12936,"ref_strain",118,1
"5233","01_12939_0118_01",1,12939,"ref_strain",118,1
"5234","01_0077_0119_01",1,77,"ref_strain",119,1
"5235","01_0215_0119_01",1,215,"ref_strain",119,1
"5236","01_0267_0119_01",1,267,"ref_strain",119,1
"5237","01_0323_0119_01",1,323,"ref_strain",119,1
"5238","01_0984_0119_01",1,984,"ref_strain",119,1
"5239","01_1159_0119_01",1,1159,"ref_strain",119,1
"5240","01_2070_0119_01",1,2070,"ref_strain",119,1
"5241","01_2281_0119_01",1,2281,"ref_strain",119,1
"5242","01_2496_0119_01",1,2496,"ref_strain",119,1
"5243","01_2915_0119_01",1,2915,"ref_strain",119,1
"5244","01_3438_0119_01",1,3438,"ref_strain",119,1
"5245","01_4456_0119_01",1,4456,"ref_strain",119,1
"5246","01_4870_0119_01",1,4870,"ref_strain",119,1
"5247","01_5171_0119_01",1,5171,"ref_strain",119,1
"5248","01_6417_0119_01",1,6417,"ref_strain",119,1
"5249","01_6952_0119_01",1,6952,"ref_strain",119,1
"5250","01_7313_0119_01",1,7313,"ref_strain",119,1
"5251","01_7746_0119_01",1,7746,"ref_strain",119,1
"5252","01_8476_0119_01",1,8476,"ref_strain",119,1
"5253","01_8903_0119_01",1,8903,"ref_strain",119,1
"5254","01_9679_0119_01",1,9679,"ref_strain",119,1
"5255","01_10561_0119_01",1,10561,"ref_strain",119,1
"5256","01_11136_0119_01",1,11136,"ref_strain",119,1
"5257","01_11320_0119_01",1,11320,"ref_strain",119,1
"5258","01_11381_0119_01",1,11381,"ref_strain",119,1
"5259","01_11402_0119_01",1,11402,"ref_strain",119,1
"5260","01_2397_0120_01",1,2397,"ref_strain",120,1
"5261","01_2426_0120_01",1,2426,"ref_strain",120,1
"5262","01_2445_0120_01",1,2445,"ref_strain",120,1
"5263","01_3482_0120_01",1,3482,"ref_strain",120,1
"5264","01_3693_0120_01",1,3693,"ref_strain",120,1
"5265","01_3871_0120_01",1,3871,"ref_strain",120,1
"5266","01_4032_0120_01",1,4032,"ref_strain",120,1
"5267","01_4081_0120_01",1,4081,"ref_strain",120,1
"5268","01_4162_0120_01",1,4162,"ref_strain",120,1
"5269","01_4304_0120_01",1,4304,"ref_strain",120,1
"5270","01_5051_0120_01",1,5051,"ref_strain",120,1
"5271","01_5832_0120_01",1,5832,"ref_strain",120,1
"5272","01_6534_0120_01",1,6534,"ref_strain",120,1
"5273","01_6961_0120_01",1,6961,"ref_strain",120,1
"5274","01_8623_0120_01",1,8623,"ref_strain",120,1
"5275","01_8793_0120_01",1,8793,"ref_strain",120,1
"5276","01_8936_0120_01",1,8936,"ref_strain",120,1
"5277","01_9364_0120_01",1,9364,"ref_strain",120,1
"5278","01_9878_0120_01",1,9878,"ref_strain",120,1
"5279","01_10800_0120_01",1,10800,"ref_strain",120,1
"5280","01_10894_0120_01",1,10894,"ref_strain",120,1
"5281","01_11755_0120_01",1,11755,"ref_strain",120,1
"5282","01_12958_0120_01",1,12958,"ref_strain",120,1
"5283","01_0092_0121_01",1,92,"ref_strain",121,1
"5284","01_0206_0121_01",1,206,"ref_strain",121,1
"5285","01_0447_0121_01",1,447,"ref_strain",121,1
"5286","01_1188_0121_01",1,1188,"ref_strain",121,1
"5287","01_1487_0121_01",1,1487,"ref_strain",121,1
"5288","01_2549_0121_01",1,2549,"ref_strain",121,1
"5289","01_3340_0121_01",1,3340,"ref_strain",121,1
"5290","01_3443_0121_01",1,3443,"ref_strain",121,1
"5291","01_3470_0121_01",1,3470,"ref_strain",121,1
"5292","01_3822_0121_01",1,3822,"ref_strain",121,1
"5293","01_4613_0121_01",1,4613,"ref_strain",121,1
"5294","01_5448_0121_01",1,5448,"ref_strain",121,1
"5295","01_5654_0121_01",1,5654,"ref_strain",121,1
"5296","01_7023_0121_01",1,7023,"ref_strain",121,1
"5297","01_7237_0121_01",1,7237,"ref_strain",121,1
"5298","01_7264_0121_01",1,7264,"ref_strain",121,1
"5299","01_7579_0121_01",1,7579,"ref_strain",121,1
"5300","01_8375_0121_01",1,8375,"ref_strain",121,1
"5301","01_8569_0121_01",1,8569,"ref_strain",121,1
"5302","01_9255_0121_01",1,9255,"ref_strain",121,1
"5303","01_9487_0121_01",1,9487,"ref_strain",121,1
"5304","01_9690_0121_01",1,9690,"ref_strain",121,1
"5305","01_10048_0121_01",1,10048,"ref_strain",121,1
"5306","01_10534_0121_01",1,10534,"ref_strain",121,1
"5307","01_10830_0121_01",1,10830,"ref_strain",121,1
"5308","01_10949_0121_01",1,10949,"ref_strain",121,1
"5309","01_11459_0121_01",1,11459,"ref_strain",121,1
"5310","01_12439_0121_01",1,12439,"ref_strain",121,1
"5311","01_12791_0121_01",1,12791,"ref_strain",121,1
"5312","01_0310_0122_01",1,310,"ref_strain",122,1
"5313","01_2022_0122_01",1,2022,"ref_strain",122,1
"5314","01_2514_0122_01",1,2514,"ref_strain",122,1
"5315","01_3129_0122_01",1,3129,"ref_strain",122,1
"5316","01_3744_0122_01",1,3744,"ref_strain",122,1
"5317","01_5161_0122_01",1,5161,"ref_strain",122,1
"5318","01_5617_0122_01",1,5617,"ref_strain",122,1
"5319","01_6481_0122_01",1,6481,"ref_strain",122,1
"5320","01_6974_0122_01",1,6974,"ref_strain",122,1
"5321","01_7564_0122_01",1,7564,"ref_strain",122,1
"5322","01_7743_0122_01",1,7743,"ref_strain",122,1
"5323","01_7870_0122_01",1,7870,"ref_strain",122,1
"5324","01_7994_0122_01",1,7994,"ref_strain",122,1
"5325","01_9900_0122_01",1,9900,"ref_strain",122,1
"5326","01_10090_0122_01",1,10090,"ref_strain",122,1
"5327","01_11141_0122_01",1,11141,"ref_strain",122,1
"5328","01_11961_0122_01",1,11961,"ref_strain",122,1
"5329","01_12178_0122_01",1,12178,"ref_strain",122,1
"5330","01_0095_0123_01",1,95,"ref_strain",123,1
"5331","01_0454_0123_01",1,454,"ref_strain",123,1
"5332","01_2231_0123_01",1,2231,"ref_strain",123,1
"5333","01_3249_0123_01",1,3249,"ref_strain",123,1
"5334","01_3529_0123_01",1,3529,"ref_strain",123,1
"5335","01_3726_0123_01",1,3726,"ref_strain",123,1
"5336","01_3741_0123_01",1,3741,"ref_strain",123,1
"5337","01_4251_0123_01",1,4251,"ref_strain",123,1
"5338","01_4820_0123_01",1,4820,"ref_strain",123,1
"5339","01_4838_0123_01",1,4838,"ref_strain",123,1
"5340","01_5136_0123_01",1,5136,"ref_strain",123,1
"5341","01_5220_0123_01",1,5220,"ref_strain",123,1
"5342","01_5752_0123_01",1,5752,"ref_strain",123,1
"5343","01_6346_0123_01",1,6346,"ref_strain",123,1
"5344","01_6743_0123_01",1,6743,"ref_strain",123,1
"5345","01_7073_0123_01",1,7073,"ref_strain",123,1
"5346","01_8752_0123_01",1,8752,"ref_strain",123,1
"5347","01_9571_0123_01",1,9571,"ref_strain",123,1
"5348","01_10208_0123_01",1,10208,"ref_strain",123,1
"5349","01_11879_0123_01",1,11879,"ref_strain",123,1
"5350","01_12041_0123_01",1,12041,"ref_strain",123,1
"5351","01_12116_0123_01",1,12116,"ref_strain",123,1
"5352","01_12988_0123_01",1,12988,"ref_strain",123,1
"5353","01_0664_0124_01",1,664,"ref_strain",124,1
"5354","01_2532_0124_01",1,2532,"ref_strain",124,1
"5355","01_2786_0124_01",1,2786,"ref_strain",124,1
"5356","01_3519_0124_01",1,3519,"ref_strain",124,1
"5357","01_5544_0124_01",1,5544,"ref_strain",124,1
"5358","01_5655_0124_01",1,5655,"ref_strain",124,1
"5359","01_6279_0124_01",1,6279,"ref_strain",124,1
"5360","01_6336_0124_01",1,6336,"ref_strain",124,1
"5361","01_7339_0124_01",1,7339,"ref_strain",124,1
"5362","01_7576_0124_01",1,7576,"ref_strain",124,1
"5363","01_7666_0124_01",1,7666,"ref_strain",124,1
"5364","01_9473_0124_01",1,9473,"ref_strain",124,1
"5365","01_11159_0124_01",1,11159,"ref_strain",124,1
"5366","01_11649_0124_01",1,11649,"ref_strain",124,1
"5367","01_12616_0124_01",1,12616,"ref_strain",124,1
"5368","01_0211_0125_01",1,211,"ref_strain",125,1
"5369","01_0646_0125_01",1,646,"ref_strain",125,1
"5370","01_1152_0125_01",1,1152,"ref_strain",125,1
"5371","01_1304_0125_01",1,1304,"ref_strain",125,1
"5372","01_3068_0125_01",1,3068,"ref_strain",125,1
"5373","01_3434_0125_01",1,3434,"ref_strain",125,1
"5374","01_4868_0125_01",1,4868,"ref_strain",125,1
"5375","01_5123_0125_01",1,5123,"ref_strain",125,1
"5376","01_5183_0125_01",1,5183,"ref_strain",125,1
"5377","01_5548_0125_01",1,5548,"ref_strain",125,1
"5378","01_6395_0125_01",1,6395,"ref_strain",125,1
"5379","01_6697_0125_01",1,6697,"ref_strain",125,1
"5380","01_7141_0125_01",1,7141,"ref_strain",125,1
"5381","01_7935_0125_01",1,7935,"ref_strain",125,1
"5382","01_7958_0125_01",1,7958,"ref_strain",125,1
"5383","01_8077_0125_01",1,8077,"ref_strain",125,1
"5384","01_8715_0125_01",1,8715,"ref_strain",125,1
"5385","01_9089_0125_01",1,9089,"ref_strain",125,1
"5386","01_10381_0125_01",1,10381,"ref_strain",125,1
"5387","01_11905_0125_01",1,11905,"ref_strain",125,1
"5388","01_12040_0125_01",1,12040,"ref_strain",125,1
"5389","01_0928_0126_01",1,928,"ref_strain",126,1
"5390","01_2055_0126_01",1,2055,"ref_strain",126,1
"5391","01_2066_0126_01",1,2066,"ref_strain",126,1
"5392","01_2303_0126_01",1,2303,"ref_strain",126,1
"5393","01_2554_0126_01",1,2554,"ref_strain",126,1
"5394","01_3125_0126_01",1,3125,"ref_strain",126,1
"5395","01_3506_0126_01",1,3506,"ref_strain",126,1
"5396","01_5140_0126_01",1,5140,"ref_strain",126,1
"5397","01_5380_0126_01",1,5380,"ref_strain",126,1
"5398","01_6151_0126_01",1,6151,"ref_strain",126,1
"5399","01_6284_0126_01",1,6284,"ref_strain",126,1
"5400","01_7897_0126_01",1,7897,"ref_strain",126,1
"5401","01_8193_0126_01",1,8193,"ref_strain",126,1
"5402","01_8723_0126_01",1,8723,"ref_strain",126,1
"5403","01_9161_0126_01",1,9161,"ref_strain",126,1
"5404","01_9351_0126_01",1,9351,"ref_strain",126,1
"5405","01_9943_0126_01",1,9943,"ref_strain",126,1
"5406","01_10114_0126_01",1,10114,"ref_strain",126,1
"5407","01_11010_0126_01",1,11010,"ref_strain",126,1
"5408","01_11237_0126_01",1,11237,"ref_strain",126,1
"5409","01_11821_0126_01",1,11821,"ref_strain",126,1
"5410","01_0351_0127_01",1,351,"ref_strain",127,1
"5411","01_0949_0127_01",1,949,"ref_strain",127,1
"5412","01_1230_0127_01",1,1230,"ref_strain",127,1
"5413","01_2216_0127_01",1,2216,"ref_strain",127,1
"5414","01_6255_0127_01",1,6255,"ref_strain",127,1
"5415","01_6876_0127_01",1,6876,"ref_strain",127,1
"5416","01_7513_0127_01",1,7513,"ref_strain",127,1
"5417","01_7527_0127_01",1,7527,"ref_strain",127,1
"5418","01_7974_0127_01",1,7974,"ref_strain",127,1
"5419","01_9578_0127_01",1,9578,"ref_strain",127,1
"5420","01_9692_0127_01",1,9692,"ref_strain",127,1
"5421","01_10209_0127_01",1,10209,"ref_strain",127,1
"5422","01_10255_0127_01",1,10255,"ref_strain",127,1
"5423","01_10558_0127_01",1,10558,"ref_strain",127,1
"5424","01_0702_0128_01",1,702,"ref_strain",128,1
"5425","01_1974_0128_01",1,1974,"ref_strain",128,1
"5426","01_2372_0128_01",1,2372,"ref_strain",128,1
"5427","01_5869_0128_01",1,5869,"ref_strain",128,1
"5428","01_6445_0128_01",1,6445,"ref_strain",128,1
"5429","01_7874_0128_01",1,7874,"ref_strain",128,1
"5430","01_8075_0128_01",1,8075,"ref_strain",128,1
"5431","01_8195_0128_01",1,8195,"ref_strain",128,1
"5432","01_8267_0128_01",1,8267,"ref_strain",128,1
"5433","01_9962_0128_01",1,9962,"ref_strain",128,1
"5434","01_10669_0128_01",1,10669,"ref_strain",128,1
"5435","01_12254_0128_01",1,12254,"ref_strain",128,1
"5436","01_0150_0129_01",1,150,"ref_strain",129,1
"5437","01_1194_0129_01",1,1194,"ref_strain",129,1
"5438","01_2790_0129_01",1,2790,"ref_strain",129,1
"5439","01_3317_0129_01",1,3317,"ref_strain",129,1
"5440","01_5583_0129_01",1,5583,"ref_strain",129,1
"5441","01_5696_0129_01",1,5696,"ref_strain",129,1
"5442","01_5905_0129_01",1,5905,"ref_strain",129,1
"5443","01_5963_0129_01",1,5963,"ref_strain",129,1
"5444","01_7684_0129_01",1,7684,"ref_strain",129,1
"5445","01_8529_0129_01",1,8529,"ref_strain",129,1
"5446","01_10350_0129_01",1,10350,"ref_strain",129,1
"5447","01_11642_0129_01",1,11642,"ref_strain",129,1
"5448","01_11751_0129_01",1,11751,"ref_strain",129,1
"5449","01_12322_0129_01",1,12322,"ref_strain",129,1
"5450","01_12848_0129_01",1,12848,"ref_strain",129,1
"5451","01_3921_0130_01",1,3921,"ref_strain",130,1
"5452","01_4138_0130_01",1,4138,"ref_strain",130,1
"5453","01_5178_0130_01",1,5178,"ref_strain",130,1
"5454","01_8132_0130_01",1,8132,"ref_strain",130,1
"5455","01_9131_0130_01",1,9131,"ref_strain",130,1
"5456","01_9522_0130_01",1,9522,"ref_strain",130,1
"5457","01_9553_0130_01",1,9553,"ref_strain",130,1
"5458","01_10750_0130_01",1,10750,"ref_strain",130,1
"5459","01_11182_0130_01",1,11182,"ref_strain",130,1
"5460","01_1358_0131_01",1,1358,"ref_strain",131,1
"5461","01_2169_0131_01",1,2169,"ref_strain",131,1
"5462","01_2556_0131_01",1,2556,"ref_strain",131,1
"5463","01_4083_0131_01",1,4083,"ref_strain",131,1
"5464","01_5190_0131_01",1,5190,"ref_strain",131,1
"5465","01_5672_0131_01",1,5672,"ref_strain",131,1
"5466","01_6980_0131_01",1,6980,"ref_strain",131,1
"5467","01_8537_0131_01",1,8537,"ref_strain",131,1
"5468","01_9265_0131_01",1,9265,"ref_strain",131,1
"5469","01_9749_0131_01",1,9749,"ref_strain",131,1
"5470","01_10313_0131_01",1,10313,"ref_strain",131,1
"5471","01_10497_0131_01",1,10497,"ref_strain",131,1
"5472","01_10688_0131_01",1,10688,"ref_strain",131,1
"5473","01_11131_0131_01",1,11131,"ref_strain",131,1
"5474","01_0365_0132_01",1,365,"ref_strain",132,1
"5475","01_4854_0132_01",1,4854,"ref_strain",132,1
"5476","01_5492_0132_01",1,5492,"ref_strain",132,1
"5477","01_6261_0132_01",1,6261,"ref_strain",132,1
"5478","01_6624_0132_01",1,6624,"ref_strain",132,1
"5479","01_6740_0132_01",1,6740,"ref_strain",132,1
"5480","01_7191_0132_01",1,7191,"ref_strain",132,1
"5481","01_7330_0132_01",1,7330,"ref_strain",132,1
"5482","01_8179_0132_01",1,8179,"ref_strain",132,1
"5483","01_8832_0132_01",1,8832,"ref_strain",132,1
"5484","01_11772_0132_01",1,11772,"ref_strain",132,1
"5485","01_11929_0132_01",1,11929,"ref_strain",132,1
"5486","01_0214_0133_01",1,214,"ref_strain",133,1
"5487","01_0438_0133_01",1,438,"ref_strain",133,1
"5488","01_0944_0133_01",1,944,"ref_strain",133,1
"5489","01_1972_0133_01",1,1972,"ref_strain",133,1
"5490","01_3493_0133_01",1,3493,"ref_strain",133,1
"5491","01_4408_0133_01",1,4408,"ref_strain",133,1
"5492","01_0478_0134_01",1,478,"ref_strain",134,1
"5493","01_2694_0134_01",1,2694,"ref_strain",134,1
"5494","01_2768_0134_01",1,2768,"ref_strain",134,1
"5495","01_5987_0134_01",1,5987,"ref_strain",134,1
"5496","01_6118_0134_01",1,6118,"ref_strain",134,1
"5497","01_7990_0134_01",1,7990,"ref_strain",134,1
"5498","01_10578_0134_01",1,10578,"ref_strain",134,1
"5499","01_11226_0134_01",1,11226,"ref_strain",134,1
"5500","01_0605_0135_01",1,605,"ref_strain",135,1
"5501","01_1794_0135_01",1,1794,"ref_strain",135,1
"5502","01_2237_0135_01",1,2237,"ref_strain",135,1
"5503","01_2486_0135_01",1,2486,"ref_strain",135,1
"5504","01_2931_0135_01",1,2931,"ref_strain",135,1
"5505","01_3945_0135_01",1,3945,"ref_strain",135,1
"5506","01_4783_0135_01",1,4783,"ref_strain",135,1
"5507","01_8551_0135_01",1,8551,"ref_strain",135,1
"5508","01_8588_0135_01",1,8588,"ref_strain",135,1
"5509","01_9769_0135_01",1,9769,"ref_strain",135,1
"5510","01_10278_0135_01",1,10278,"ref_strain",135,1
"5511","01_10695_0135_01",1,10695,"ref_strain",135,1
"5512","01_0050_0136_01",1,50,"ref_strain",136,1
"5513","01_1238_0136_01",1,1238,"ref_strain",136,1
"5514","01_5938_0136_01",1,5938,"ref_strain",136,1
"5515","01_6113_0136_01",1,6113,"ref_strain",136,1
"5516","01_9182_0136_01",1,9182,"ref_strain",136,1
"5517","01_9330_0136_01",1,9330,"ref_strain",136,1
"5518","01_9681_0136_01",1,9681,"ref_strain",136,1
"5519","01_12623_0136_01",1,12623,"ref_strain",136,1
"5520","01_2673_0137_01",1,2673,"ref_strain",137,1
"5521","01_4086_0137_01",1,4086,"ref_strain",137,1
"5522","01_4847_0137_01",1,4847,"ref_strain",137,1
"5523","01_7164_0137_01",1,7164,"ref_strain",137,1
"5524","01_7381_0137_01",1,7381,"ref_strain",137,1
"5525","01_7806_0137_01",1,7806,"ref_strain",137,1
"5526","01_7842_0137_01",1,7842,"ref_strain",137,1
"5527","01_7876_0137_01",1,7876,"ref_strain",137,1
"5528","01_9195_0137_01",1,9195,"ref_strain",137,1
"5529","01_9231_0137_01",1,9231,"ref_strain",137,1
"5530","01_11374_0137_01",1,11374,"ref_strain",137,1
"5531","01_11870_0137_01",1,11870,"ref_strain",137,1
"5532","01_0067_0138_01",1,67,"ref_strain",138,1
"5533","01_0668_0138_01",1,668,"ref_strain",138,1
"5534","01_1422_0138_01",1,1422,"ref_strain",138,1
"5535","01_1532_0138_01",1,1532,"ref_strain",138,1
"5536","01_4716_0138_01",1,4716,"ref_strain",138,1
"5537","01_5258_0138_01",1,5258,"ref_strain",138,1
"5538","01_5599_0138_01",1,5599,"ref_strain",138,1
"5539","01_5884_0138_01",1,5884,"ref_strain",138,1
"5540","01_7652_0138_01",1,7652,"ref_strain",138,1
"5541","01_7820_0138_01",1,7820,"ref_strain",138,1
"5542","01_11529_0138_01",1,11529,"ref_strain",138,1
"5543","01_0302_0139_01",1,302,"ref_strain",139,1
"5544","01_1296_0139_01",1,1296,"ref_strain",139,1
"5545","01_4514_0139_01",1,4514,"ref_strain",139,1
"5546","01_4637_0139_01",1,4637,"ref_strain",139,1
"5547","01_5219_0139_01",1,5219,"ref_strain",139,1
"5548","01_6196_0139_01",1,6196,"ref_strain",139,1
"5549","01_7665_0139_01",1,7665,"ref_strain",139,1
"5550","01_8721_0139_01",1,8721,"ref_strain",139,1
"5551","01_9872_0139_01",1,9872,"ref_strain",139,1
"5552","01_11178_0139_01",1,11178,"ref_strain",139,1
"5553","01_0399_0140_01",1,399,"ref_strain",140,1
"5554","01_5710_0140_01",1,5710,"ref_strain",140,1
"5555","01_7493_0140_01",1,7493,"ref_strain",140,1
"5556","01_7909_0140_01",1,7909,"ref_strain",140,1
"5557","01_0715_0141_01",1,715,"ref_strain",141,1
"5558","01_2300_0141_01",1,2300,"ref_strain",141,1
"5559","01_2890_0141_01",1,2890,"ref_strain",141,1
"5560","01_3655_0141_01",1,3655,"ref_strain",141,1
"5561","01_4509_0141_01",1,4509,"ref_strain",141,1
"5562","01_7955_0141_01",1,7955,"ref_strain",141,1
"5563","01_9676_0141_01",1,9676,"ref_strain",141,1
"5564","01_9873_0141_01",1,9873,"ref_strain",141,1
"5565","01_10474_0141_01",1,10474,"ref_strain",141,1
"5566","01_3257_0142_01",1,3257,"ref_strain",142,1
"5567","01_4406_0142_01",1,4406,"ref_strain",142,1
"5568","01_5756_0142_01",1,5756,"ref_strain",142,1
"5569","01_6799_0142_01",1,6799,"ref_strain",142,1
"5570","01_9445_0142_01",1,9445,"ref_strain",142,1
"5571","01_12898_0142_01",1,12898,"ref_strain",142,1
"5572","01_6935_0143_01",1,6935,"ref_strain",143,1
"5573","01_8997_0143_01",1,8997,"ref_strain",143,1
"5574","01_9984_0143_01",1,9984,"ref_strain",143,1
"5575","01_11202_0143_01",1,11202,"ref_strain",143,1
"5576","01_12168_0143_01",1,12168,"ref_strain",143,1
"5577","01_0734_0144_01",1,734,"ref_strain",144,1
"5578","01_3199_0144_01",1,3199,"ref_strain",144,1
"5579","01_4395_0144_01",1,4395,"ref_strain",144,1
"5580","01_4518_0144_01",1,4518,"ref_strain",144,1
"5581","01_6687_0144_01",1,6687,"ref_strain",144,1
"5582","01_10160_0144_01",1,10160,"ref_strain",144,1
"5583","01_12246_0144_01",1,12246,"ref_strain",144,1
"5584","01_0068_0145_01",1,68,"ref_strain",145,1
"5585","01_2102_0145_01",1,2102,"ref_strain",145,1
"5586","01_4048_0145_01",1,4048,"ref_strain",145,1
"5587","01_5724_0145_01",1,5724,"ref_strain",145,1
"5588","01_6371_0145_01",1,6371,"ref_strain",145,1
"5589","01_7602_0145_01",1,7602,"ref_strain",145,1
"5590","01_7673_0145_01",1,7673,"ref_strain",145,1
"5591","01_8033_0145_01",1,8033,"ref_strain",145,1
"5592","01_13038_0145_01",1,13038,"ref_strain",145,1
"5593","01_1780_0146_01",1,1780,"ref_strain",146,1
"5594","01_3017_0146_01",1,3017,"ref_strain",146,1
"5595","01_3736_0146_01",1,3736,"ref_strain",146,1
"5596","01_5952_0146_01",1,5952,"ref_strain",146,1
"5597","01_3133_0147_01",1,3133,"ref_strain",147,1
"5598","01_4275_0147_01",1,4275,"ref_strain",147,1
"5599","01_6148_0147_01",1,6148,"ref_strain",147,1
"5600","01_8119_0147_01",1,8119,"ref_strain",147,1
"5601","01_11180_0147_01",1,11180,"ref_strain",147,1
"5602","01_1289_0148_01",1,1289,"ref_strain",148,1
"5603","01_1967_0148_01",1,1967,"ref_strain",148,1
"5604","01_12068_0148_01",1,12068,"ref_strain",148,1
"5605","01_4717_0149_01",1,4717,"ref_strain",149,1
"5606","01_7688_0149_01",1,7688,"ref_strain",149,1
"5607","01_8612_0149_01",1,8612,"ref_strain",149,1
"5608","01_11418_0149_01",1,11418,"ref_strain",149,1
"5609","01_6220_0150_01",1,6220,"ref_strain",150,1
"5610","01_6571_0150_01",1,6571,"ref_strain",150,1
"5611","01_6730_0150_01",1,6730,"ref_strain",150,1
"5612","01_8824_0150_01",1,8824,"ref_strain",150,1
"5613","01_8648_0151_01",1,8648,"ref_strain",151,1
"5614","01_11500_0151_01",1,11500,"ref_strain",151,1
"5615","01_5021_0152_01",1,5021,"ref_strain",152,1
"5616","01_7001_0152_01",1,7001,"ref_strain",152,1
"5617","01_11678_0152_01",1,11678,"ref_strain",152,1
"5618","01_0154_0153_01",1,154,"ref_strain",153,1
"5619","01_2596_0153_01",1,2596,"ref_strain",153,1
"5620","01_8852_0153_01",1,8852,"ref_strain",153,1
"5621","01_2695_0154_01",1,2695,"ref_strain",154,1
"5622","01_3571_0154_01",1,3571,"ref_strain",154,1
"5623","01_4902_0154_01",1,4902,"ref_strain",154,1
"5624","01_10086_0155_01",1,10086,"ref_strain",155,1
"5625","01_5562_0156_01",1,5562,"ref_strain",156,1
"5626","01_7758_0156_01",1,7758,"ref_strain",156,1
"5627","01_11349_0156_01",1,11349,"ref_strain",156,1
"5628","01_12280_0156_01",1,12280,"ref_strain",156,1
"5629","01_3876_0157_01",1,3876,"ref_strain",157,1
"5630","01_2167_0158_01",1,2167,"ref_strain",158,1
"5631","01_6871_0158_01",1,6871,"ref_strain",158,1
"5632","01_11899_0158_01",1,11899,"ref_strain",158,1
"5633","01_4282_0159_01",1,4282,"ref_strain",159,1
"5634","01_7258_0159_01",1,7258,"ref_strain",159,1
"5635","01_8716_0160_01",1,8716,"ref_strain",160,1
"5636","01_10687_0160_01",1,10687,"ref_strain",160,1
"5637","01_11705_0160_01",1,11705,"ref_strain",160,1
"5638","01_0996_0161_01",1,996,"ref_strain",161,1
"5639","01_4751_0161_01",1,4751,"ref_strain",161,1
"5640","01_6217_0161_01",1,6217,"ref_strain",161,1
"5641","01_3778_0162_01",1,3778,"ref_strain",162,1
"5642","01_9437_0162_01",1,9437,"ref_strain",162,1
"5643","01_10519_0163_01",1,10519,"ref_strain",163,1
"5644","01_0995_0164_01",1,995,"ref_strain",164,1
"5645","01_2327_0164_01",1,2327,"ref_strain",164,1
"5646","01_4228_0164_01",1,4228,"ref_strain",164,1
"5647","01_5861_0166_01",1,5861,"ref_strain",166,1
"5648","01_6521_0169_01",1,6521,"ref_strain",169,1
"5649","01_10613_0169_01",1,10613,"ref_strain",169,1
"5650","01_11372_0169_01",1,11372,"ref_strain",169,1
"5651","01_4739_0171_01",1,4739,"ref_strain",171,1
"5652","01_1157_0172_01",1,1157,"ref_strain",172,1
"5653","01_12314_0172_01",1,12314,"ref_strain",172,1
"5654","01_10439_0173_01",1,10439,"ref_strain",173,1
"5655","01_12724_0173_01",1,12724,"ref_strain",173,1
"5656","01_12281_0177_01",1,12281,"ref_strain",177,1
"5657","01_9849_0178_01",1,9849,"ref_strain",178,1
"5658","01_1474_0179_01",1,1474,"ref_strain",179,1
"5659","01_8819_0183_01",1,8819,"ref_strain",183,1
"5660","01_1606_0184_01",1,1606,"ref_strain",184,1
"5661","01_2835_0185_01",1,2835,"ref_strain",185,1
"5662","01_2392_0186_01",1,2392,"ref_strain",186,1
"5663","01_6000_0188_01",1,6000,"ref_strain",188,1
"5664","01_3274_0189_01",1,3274,"ref_strain",189,1
"5665","01_9822_0189_01",1,9822,"ref_strain",189,1
"5666","01_2196_0194_01",1,2196,"ref_strain",194,1
