"","host_id","group","infector_id","infector_group","exposure_time","infectious_time","recovery_time"
"1",2108,1,NA,NA,0,0,4
"2",5566,1,NA,NA,0,0,4
"3",6700,1,NA,NA,0,0,5
"4",7523,1,NA,NA,0,0,6
"5",8760,1,NA,NA,0,0,4
"6",3473,1,NA,NA,0,0,6
"7",7747,1,NA,NA,0,0,6
"8",8364,1,2108,1,1,3,8
"9",4561,1,8760,1,1,3,9
"10",7446,1,8760,1,1,3,9
"11",6742,1,4561,1,5,6,11
"12",2204,1,2108,1,3,5,9
"13",2793,1,7446,1,4,6,11
"14",2767,1,8364,1,4,6,12
"15",4686,1,2793,1,7,9,14
"16",6998,1,7747,1,3,5,11
"17",9879,1,1140,1,6,8,16
"18",1140,1,6700,1,3,6,11
"19",3835,1,4561,1,3,7,13
"20",4172,1,3835,1,8,9,14
"21",6263,1,4561,1,6,9,13
"22",6809,1,6998,1,6,9,15
"23",7271,1,8364,1,4,8,15
"24",7703,1,3835,1,8,10,15
"25",860,1,4495,1,9,11,19
"26",2719,1,3835,1,10,11,16
"27",3272,1,7253,1,11,12,18
"28",5530,1,2793,1,9,11,18
"29",4283,1,6809,1,10,13,20
"30",4495,1,2204,1,7,9,15
"31",6798,1,9879,1,9,13,18
"32",9052,1,7253,1,12,13,17
"33",2598,1,7253,1,10,13,21
"34",3969,1,6998,1,9,12,18
"35",5796,1,6809,1,10,11,18
"36",5873,1,7271,1,9,11,17
"37",6983,1,6263,1,11,13,18
"38",7335,1,6998,1,7,12,20
"39",9483,1,860,1,12,14,18
"40",10254,1,3272,1,12,13,17
"41",3849,1,7703,1,12,13,18
"42",5941,1,7703,1,13,15,18
"43",6405,1,7703,1,12,14,18
"44",8922,1,7271,1,10,13,17
"45",9627,1,3835,1,8,11,17
"46",2694,1,9879,1,10,12,18
"47",3221,1,7253,1,12,14,18
"48",4512,1,7253,1,11,12,17
"49",4700,1,5873,1,12,14,20
"50",6810,1,7703,1,13,14,20
"51",6982,1,4283,1,14,16,21
"52",7253,1,2793,1,8,10,17
"53",8838,1,4172,1,11,13,18
"54",9455,1,9627,1,11,13,19
"55",2931,1,6983,1,14,16,21
"56",3152,1,3969,1,14,17,23
"57",4260,1,7915,1,16,17,22
"58",5179,1,4512,1,12,14,19
"59",6874,1,9483,1,15,17,21
"60",9343,1,8415,1,14,16,21
"61",453,1,8415,1,14,15,21
"62",520,1,4172,1,11,14,20
"63",731,1,8602,1,16,17,22
"64",1099,1,6810,1,15,17,22
"65",1416,1,520,1,15,16,20
"66",2490,1,9879,1,15,17,22
"67",4167,1,5179,1,16,17,23
"68",8438,1,4512,1,14,16,21
"69",9224,1,6405,1,15,16,22
"70",4227,1,6405,1,15,18,22
"71",6520,1,9455,1,14,18,23
"72",6674,1,2719,1,14,16,23
"73",8288,1,7703,1,13,16,21
"74",8415,1,7335,1,12,13,20
"75",8602,1,2598,1,14,15,20
"76",9069,1,9224,1,17,19,25
"77",1715,1,3577,1,16,17,21
"78",3098,1,4785,1,18,20,26
"79",3394,1,2931,1,18,20,24
"80",3494,1,3221,1,15,17,23
"81",3884,1,6982,1,17,18,22
"82",4654,1,9483,1,15,17,21
"83",4750,1,6798,1,14,17,21
"84",5349,1,2694,1,13,17,23
"85",5709,1,8415,1,15,17,23
"86",6148,1,8288,1,17,19,25
"87",7541,1,520,1,16,17,21
"88",7915,1,7703,1,13,15,21
"89",7935,1,7541,1,18,20,24
"90",7936,1,8415,1,15,17,22
"91",9261,1,9343,1,17,19,26
"92",9646,1,8831,1,19,20,25
"93",10165,1,9224,1,18,20,26
"94",1704,1,7915,1,17,19,27
"95",2359,1,9343,1,18,20,25
"96",3532,1,8438,1,17,19,25
"97",3561,1,8602,1,17,19,24
"98",3577,1,6742,1,10,14,22
"99",4494,1,4654,1,17,18,23
"100",5381,1,7335,1,15,16,22
"101",5600,1,3152,1,19,21,26
"102",6425,1,9483,1,17,18,23
"103",7323,1,4750,1,19,21,26
"104",1595,1,3884,1,19,21,26
"105",2781,1,4494,1,18,21,26
"106",3178,1,4494,1,19,20,25
"107",3432,1,8602,1,19,21,25
"108",3527,1,453,1,17,20,24
"109",3657,1,8602,1,17,18,25
"110",4062,1,1704,1,19,21,25
"111",4785,1,4512,1,14,17,25
"112",4899,1,3884,1,19,20,25
"113",5335,1,6520,1,20,22,26
"114",6873,1,6520,1,19,20,25
"115",6909,1,3884,1,20,21,28
"116",8831,1,6810,1,16,18,25
"117",9481,1,3783,1,20,21,24
"118",644,1,9169,1,22,23,30
"119",645,1,219,1,21,23,30
"120",2412,1,9224,1,19,21,25
"121",3596,1,3657,1,19,21,26
"122",3723,1,8438,1,18,21,26
"123",4257,1,9343,1,18,20,26
"124",4998,1,9343,1,18,20,25
"125",5742,1,3532,1,20,22,28
"126",6317,1,8811,1,22,23,26
"127",6758,1,7915,1,17,19,25
"128",9348,1,9696,1,22,23,28
"129",78,1,5179,1,16,20,26
"130",2142,1,3561,1,23,24,28
"131",2530,1,2359,1,21,23,28
"132",2621,1,10301,1,20,24,28
"133",3758,1,8602,1,17,20,26
"134",4310,1,6520,1,20,23,28
"135",5094,1,219,1,21,22,28
"136",6128,1,6425,1,20,21,26
"137",6249,1,3532,1,22,23,27
"138",6261,1,6810,1,16,17,25
"139",8811,1,5349,1,18,21,26
"140",9169,1,1715,1,19,21,25
"141",9696,1,4227,1,19,22,27
"142",10126,1,9069,1,21,23,27
"143",10301,1,4700,1,16,20,25
"144",516,1,4257,1,21,23,27
"145",1378,1,4260,1,19,21,27
"146",2135,1,3394,1,21,23,29
"147",3219,1,2530,1,24,25,29
"148",3593,1,1873,1,22,25,28
"149",5082,1,3783,1,21,23,28
"150",7759,1,6758,1,20,22,28
"151",8094,1,3884,1,20,22,27
"152",9441,1,3783,1,20,21,26
"153",219,1,3561,1,19,20,28
"154",1077,1,8831,1,20,22,29
"155",1260,1,8856,1,23,25,29
"156",2640,1,5082,1,24,26,32
"157",3783,1,5179,1,16,19,28
"158",4295,1,1559,1,24,26,33
"159",4387,1,1559,1,24,26,29
"160",4812,1,2638,1,22,24,27
"161",5366,1,4257,1,22,23,30
"162",7113,1,6425,1,21,26,31
"163",7599,1,2142,1,25,26,31
"164",8238,1,4576,1,25,26,32
"165",8304,1,9169,1,23,26,30
"166",8561,1,9696,1,23,25,29
"167",504,1,4899,1,22,25,31
"168",678,1,3432,1,24,26,32
"169",822,1,5742,1,22,26,31
"170",1559,1,3758,1,22,23,28
"171",2625,1,8199,1,26,27,31
"172",2638,1,1099,1,21,22,28
"173",3181,1,504,1,26,27,34
"174",3453,1,3178,1,21,23,29
"175",4576,1,9261,1,21,23,29
"176",4969,1,5600,1,23,24,29
"177",5296,1,9646,1,22,25,30
"178",5692,1,10126,1,24,26,32
"179",6822,1,7444,1,24,26,31
"180",7444,1,2781,1,22,24,29
"181",8856,1,5709,1,18,21,30
"182",792,1,1873,1,22,25,29
"183",1118,1,7444,1,26,27,33
"184",1873,1,6520,1,19,21,29
"185",1978,1,4969,1,25,26,33
"186",2976,1,6317,1,24,25,30
"187",4108,1,7599,1,26,28,36
"188",4720,1,9169,1,23,26,33
"189",5464,1,4812,1,25,26,32
"190",6676,1,2781,1,22,25,30
"191",8940,1,2621,1,25,27,34
"192",9196,1,6425,1,20,24,30
"193",9342,1,3884,1,20,23,29
"194",10208,1,6676,1,25,27,32
"195",1468,1,10126,1,25,26,30
"196",1910,1,5335,1,24,27,33
"197",2894,1,7444,1,25,27,35
"198",3031,1,3219,1,27,28,32
"199",3419,1,6676,1,27,29,34
"200",3487,1,7113,1,27,28,35
"201",3756,1,3657,1,24,26,30
"202",3983,1,2530,1,26,27,32
"203",5969,1,792,1,27,29,34
"204",6086,1,7759,1,23,25,31
"205",6185,1,8561,1,26,28,30
"206",6392,1,9196,1,26,29,35
"207",6530,1,5366,1,24,26,30
"208",8199,1,6909,1,22,24,31
"209",8715,1,5692,1,27,29,34
"210",9472,1,2142,1,26,28,32
"211",9761,1,7323,1,24,25,33
"212",10189,1,7444,1,24,26,30
"213",3309,1,9761,1,26,28,33
"214",3534,1,4969,1,27,28,33
"215",3839,1,4969,1,25,27,31
"216",5201,1,6687,1,28,30,36
"217",5369,1,8304,1,27,28,34
"218",7264,1,5335,1,24,28,33
"219",7430,1,6249,1,24,26,31
"220",8515,1,4812,1,25,27,32
"221",8970,1,1077,1,23,25,34
"222",9518,1,8561,1,27,28,35
"223",9704,1,7113,1,26,27,32
"224",1065,1,1978,1,27,31,39
"225",1975,1,8970,1,26,27,34
"226",3202,1,3593,1,26,28,32
"227",3250,1,3031,1,29,31,36
"228",3900,1,1260,1,26,28,32
"229",4137,1,3487,1,29,30,35
"230",4192,1,8199,1,25,26,32
"231",4376,1,10208,1,29,30,37
"232",5363,1,5369,1,29,31,37
"233",5376,1,3839,1,28,29,35
"234",5561,1,2894,1,28,30,34
"235",5947,1,7759,1,24,26,32
"236",6146,1,9342,1,25,26,32
"237",6741,1,3219,1,27,28,32
"238",7095,1,4310,1,24,26,33
"239",7310,1,5369,1,29,31,34
"240",10247,1,9646,1,21,25,32
"241",818,1,516,1,25,26,33
"242",912,1,6687,1,28,32,36
"243",1266,1,1468,1,28,30,34
"244",1740,1,8199,1,25,26,34
"245",2892,1,2517,1,30,32,40
"246",3792,1,792,1,27,31,36
"247",4139,1,4108,1,29,32,38
"248",5907,1,3309,1,29,30,37
"249",6003,1,2142,1,26,28,33
"250",6336,1,7430,1,28,30,36
"251",6687,1,6249,1,24,27,33
"252",8681,1,516,1,24,28,33
"253",8719,1,9189,1,30,31,36
"254",9591,1,1910,1,29,30,37
"255",9633,1,4192,1,28,29,34
"256",324,1,8304,1,28,29,34
"257",511,1,1703,1,32,33,38
"258",1231,1,10247,1,27,28,34
"259",1773,1,5376,1,30,32,36
"260",2517,1,6146,1,27,29,34
"261",3243,1,5464,1,27,29,36
"262",3457,1,10208,1,29,30,35
"263",4386,1,4720,1,28,30,36
"264",4438,1,4969,1,25,28,34
"265",5160,1,1468,1,27,28,34
"266",5378,1,2640,1,27,32,37
"267",6195,1,8798,1,31,32,38
"268",6518,1,3419,1,29,31,36
"269",6629,1,6822,1,28,30,35
"270",6731,1,4192,1,29,33,37
"271",8865,1,2625,1,29,33,37
"272",9189,1,6146,1,27,29,34
"273",686,1,4386,1,31,33,38
"274",773,1,9348,1,25,28,35
"275",1456,1,2625,1,28,31,35
"276",1770,1,1231,1,29,32,38
"277",1842,1,8715,1,30,34,40
"278",2558,1,6822,1,27,30,35
"279",2579,1,1773,1,32,33,38
"280",2962,1,1975,1,28,30,35
"281",3530,1,2625,1,28,30,37
"282",3774,1,10208,1,28,31,37
"283",4909,1,8304,1,27,32,36
"284",5074,1,6687,1,29,30,35
"285",5253,1,5561,1,32,34,37
"286",5525,1,6265,1,32,34,39
"287",5603,1,1157,1,32,33,38
"288",5720,1,324,1,31,33,37
"289",6265,1,6741,1,29,31,37
"290",6372,1,9704,1,28,31,37
"291",6690,1,8238,1,27,30,35
"292",6788,1,3031,1,29,31,36
"293",7171,1,9518,1,29,32,38
"294",7822,1,3457,1,31,34,40
"295",8798,1,4108,1,28,30,35
"296",10230,1,3419,1,31,33,38
"297",163,1,6629,1,30,32,38
"298",182,1,3839,1,28,31,36
"299",214,1,6741,1,29,33,37
"300",393,1,6372,1,32,33,38
"301",704,1,6530,1,28,32,37
"302",1079,1,3983,1,29,31,38
"303",1157,1,4438,1,29,31,36
"304",2234,1,3677,1,31,33,38
"305",2584,1,1703,1,32,34,39
"306",2869,1,9888,1,32,35,41
"307",2985,1,3031,1,30,32,36
"308",3121,1,6690,1,32,35,40
"309",4119,1,7264,1,28,31,37
"310",4635,1,6392,1,30,32,38
"311",5642,1,5376,1,29,32,36
"312",6807,1,5969,1,30,34,38
"313",7537,1,8343,1,33,34,39
"314",7944,1,3419,1,30,32,36
"315",8102,1,3534,1,31,35,41
"316",8343,1,5907,1,31,32,38
"317",8867,1,6687,1,28,31,37
"318",9741,1,163,1,34,35,39
"319",9888,1,5969,1,30,31,36
"320",9894,1,214,1,34,35,39
"321",10369,1,2892,1,33,34,40
"322",984,1,912,1,32,34,40
"323",1703,1,9633,1,30,31,38
"324",2238,1,6822,1,29,30,37
"325",2593,1,1131,1,34,36,41
"326",2837,1,10208,1,29,30,37
"327",2878,1,7944,1,33,34,39
"328",3223,1,7944,1,32,33,37
"329",3953,1,8867,1,33,34,40
"330",4103,1,2238,1,32,35,43
"331",5949,1,3250,1,32,35,40
"332",7151,1,9189,1,31,34,37
"333",7788,1,5720,1,34,36,42
"334",8641,1,6392,1,31,36,41
"335",8810,1,912,1,34,36,41
"336",432,1,686,1,34,36,42
"337",445,1,10230,1,34,36,42
"338",627,1,8058,1,35,36,42
"339",811,1,5561,1,33,34,40
"340",2662,1,3243,1,30,31,39
"341",3295,1,2894,1,29,36,41
"342",3677,1,1740,1,28,30,38
"343",4652,1,5378,1,33,35,41
"344",5491,1,8681,1,29,32,39
"345",6107,1,914,1,35,37,42
"346",6444,1,2985,1,32,36,40
"347",6457,1,3223,1,35,37,45
"348",7084,1,10369,1,35,37,41
"349",7132,1,6185,1,29,30,38
"350",8041,1,8867,1,32,36,40
"351",8228,1,5949,1,36,37,42
"352",8289,1,9888,1,32,36,42
"353",8586,1,3953,1,35,37,43
"354",8817,1,7040,1,36,37,40
"355",9217,1,5253,1,36,37,43
"356",10062,1,6731,1,35,37,42
"357",335,1,2869,1,36,37,44
"358",914,1,1975,1,31,34,41
"359",1131,1,6629,1,32,34,39
"360",1364,1,627,1,37,38,43
"361",1706,1,8865,1,34,36,40
"362",2757,1,182,1,33,37,42
"363",3938,1,2625,1,29,30,39
"364",4477,1,704,1,34,38,45
"365",4599,1,5378,1,32,34,40
"366",4621,1,912,1,33,34,39
"367",4754,1,2579,1,34,36,42
"368",5649,1,9551,1,36,38,45
"369",5871,1,4635,1,33,34,40
"370",6009,1,7282,1,36,38,43
"371",6817,1,1079,1,32,34,39
"372",7024,1,5720,1,34,37,40
"373",7040,1,2837,1,31,34,39
"374",7282,1,4386,1,32,35,40
"375",7762,1,8798,1,34,36,41
"376",7965,1,4376,1,32,35,40
"377",8058,1,3202,1,30,33,39
"378",8625,1,6731,1,34,36,42
"379",9536,1,9551,1,36,38,44
"380",9551,1,1456,1,33,35,39
"381",9595,1,1231,1,29,32,39
"382",1180,1,10230,1,34,35,41
"383",1529,1,2837,1,32,35,40
"384",1545,1,5603,1,37,39,46
"385",1964,1,3121,1,37,38,44
"386",2030,1,2558,1,33,35,41
"387",2457,1,4533,1,37,38,43
"388",2893,1,1842,1,36,39,43
"389",3909,1,1364,1,38,39,46
"390",4009,1,586,1,37,38,44
"391",4300,1,2579,1,34,36,41
"392",4853,1,1770,1,34,35,42
"393",5344,1,2662,1,34,36,40
"394",5868,1,6807,1,35,38,42
"395",6603,1,214,1,35,36,41
"396",6755,1,3338,1,37,39,43
"397",7304,1,1079,1,32,35,41
"398",8398,1,393,1,36,39,42
"399",9033,1,3953,1,35,36,41
"400",9036,1,7822,1,36,38,43
"401",96,1,2234,1,35,38,43
"402",462,1,5871,1,35,38,43
"403",498,1,5253,1,35,36,42
"404",548,1,3295,1,38,39,43
"405",616,1,6107,1,38,40,44
"406",638,1,5949,1,37,39,42
"407",757,1,8041,1,38,39,43
"408",944,1,7927,1,38,40,44
"409",1722,1,8865,1,35,36,41
"410",2126,1,4300,1,38,39,42
"411",2240,1,9551,1,36,38,44
"412",3338,1,7171,1,34,37,42
"413",3461,1,7282,1,36,39,46
"414",3924,1,8228,1,38,40,46
"415",4355,1,2109,1,38,40,46
"416",4533,1,811,1,34,36,43
"417",5010,1,8641,1,38,39,49
"418",6044,1,5949,1,37,38,42
"419",6343,1,9551,1,38,40,46
"420",6509,1,3257,1,38,39,43
"421",7435,1,182,1,33,36,41
"422",7927,1,1529,1,37,38,43
"423",8964,1,5871,1,37,39,43
"424",9111,1,914,1,35,37,43
"425",9234,1,9741,1,36,38,42
"426",9672,1,912,1,35,38,44
"427",10035,1,8228,1,38,40,44
"428",189,1,4533,1,37,38,43
"429",329,1,2757,1,39,40,45
"430",586,1,3223,1,34,36,43
"431",868,1,1529,1,37,41,47
"432",1540,1,10230,1,34,39,45
"433",2109,1,5871,1,36,37,42
"434",2713,1,8719,1,33,35,42
"435",3367,1,8810,1,37,38,43
"436",3551,1,8948,1,39,41,47
"437",4130,1,2030,1,37,39,44
"438",5501,1,432,1,38,39,44
"439",5574,1,4300,1,36,37,44
"440",5890,1,7151,1,35,38,43
"441",6129,1,1842,1,37,39,43
"442",7452,1,9036,1,39,40,45
"443",8314,1,5868,1,38,41,48
"444",8748,1,9111,1,38,41,45
"445",8948,1,8625,1,36,38,45
"446",9235,1,8289,1,38,40,44
"447",10259,1,1529,1,38,40,45
"448",85,1,1439,1,40,41,47
"449",862,1,8058,1,37,39,47
"450",1326,1,9672,1,40,41,47
"451",1439,1,8041,1,38,39,43
"452",1553,1,4103,1,37,40,45
"453",1638,1,6009,1,41,42,46
"454",2110,1,1722,1,37,42,48
"455",3651,1,5890,1,39,42,47
"456",4064,1,2182,1,40,41,45
"457",4301,1,6107,1,40,42,47
"458",4522,1,9217,1,38,40,44
"459",5413,1,8641,1,39,41,47
"460",5640,1,5574,1,38,41,47
"461",5906,1,2892,1,34,36,43
"462",5950,1,498,1,39,42,49
"463",7270,1,2234,1,36,37,43
"464",7803,1,9861,1,40,42,48
"465",8023,1,393,1,37,38,43
"466",8082,1,1706,1,39,40,46
"467",8482,1,2593,1,38,40,44
"468",9002,1,462,1,39,41,46
"469",9064,1,3924,1,41,42,49
"470",9666,1,9536,1,39,42,47
"471",10381,1,1706,1,39,40,45
"472",287,1,5949,1,36,38,45
"473",468,1,766,1,42,43,48
"474",878,1,7927,1,39,41,45
"475",1691,1,9036,1,39,41,48
"476",2182,1,10062,1,38,39,44
"477",2726,1,9741,1,37,39,45
"478",3257,1,2579,1,35,38,44
"479",4925,1,1439,1,39,41,49
"480",5016,1,1540,1,41,43,49
"481",5095,1,3367,1,40,42,48
"482",5105,1,7927,1,39,42,45
"483",6033,1,811,1,36,38,44
"484",6446,1,4925,1,41,42,47
"485",6522,1,4853,1,38,42,47
"486",6886,1,462,1,40,41,47
"487",7226,1,6755,1,41,42,46
"488",7415,1,8817,1,37,40,46
"489",7607,1,7822,1,35,38,44
"490",8091,1,914,1,35,37,44
"491",8227,1,3338,1,39,41,46
"492",8256,1,7607,1,40,42,46
"493",9950,1,10259,1,41,42,47
"494",10018,1,3338,1,39,41,47
"495",10282,1,4300,1,37,39,44
"496",476,1,862,1,41,43,48
"497",495,1,5868,1,40,41,46
"498",540,1,4522,1,42,43,48
"499",766,1,8023,1,38,40,46
"500",2376,1,6343,1,42,43,47
"501",2910,1,495,1,42,44,49
"502",2923,1,8748,1,42,44,50
"503",3275,1,462,1,38,41,48
"504",4122,1,4355,1,41,44,50
"505",4381,1,3338,1,40,42,46
"506",4403,1,6755,1,41,42,48
"507",4774,1,2182,1,41,43,49
"508",4989,1,862,1,41,42,47
"509",5407,1,8314,1,43,44,50
"510",5743,1,9036,1,39,42,50
"511",6842,1,10259,1,42,43,50
"512",7077,1,4522,1,41,43,48
"513",7439,1,1326,1,41,43,50
"514",7804,1,1510,1,42,44,50
"515",8190,1,329,1,41,43,48
"516",8764,1,616,1,42,43,48
"517",8829,1,9234,1,39,41,47
"518",8999,1,10369,1,37,39,45
"519",9273,1,6457,1,41,43,48
"520",9466,1,2240,1,40,41,45
"521",9861,1,7822,1,37,40,45
"522",760,1,3461,1,40,41,46
"523",908,1,10259,1,41,43,49
"524",1104,1,8502,1,42,45,49
"525",1125,1,4754,1,38,41,46
"526",1510,1,4130,1,40,41,47
"527",1772,1,1553,1,40,42,47
"528",2513,1,8482,1,42,43,46
"529",2533,1,6343,1,43,45,49
"530",3143,1,616,1,41,44,51
"531",3978,1,2726,1,40,42,46
"532",4573,1,2126,1,41,43,47
"533",5440,1,4522,1,43,44,48
"534",5780,1,9002,1,42,44,49
"535",5985,1,5105,1,42,45,50
"536",6226,1,5574,1,38,41,46
"537",6719,1,3257,1,40,42,46
"538",7888,1,5743,1,43,45,50
"539",8130,1,1326,1,41,42,48
"540",8502,1,7435,1,39,42,50
"541",9321,1,4599,1,37,41,46
"542",9368,1,1553,1,42,44,49
"543",10047,1,9250,1,43,44,48
"544",112,1,6044,1,39,41,48
"545",518,1,5501,1,41,44,53
"546",1487,1,3257,1,40,44,48
"547",1558,1,760,1,42,43,50
"548",2393,1,4301,1,44,45,51
"549",3454,1,476,1,44,46,51
"550",3796,1,638,1,40,42,47
"551",4080,1,9666,1,43,45,51
"552",4502,1,6343,1,43,44,48
"553",4519,1,5016,1,44,46,50
"554",5089,1,5640,1,43,45,49
"555",5110,1,9861,1,41,44,48
"556",5125,1,518,1,44,46,50
"557",5639,1,7415,1,42,43,48
"558",5729,1,5095,1,42,44,50
"559",5782,1,4522,1,42,44,51
"560",6430,1,8091,1,38,40,47
"561",7299,1,9273,1,45,46,50
"562",7952,1,518,1,44,46,54
"563",8045,1,112,1,42,44,50
"564",8185,1,6446,1,44,46,51
"565",8210,1,3461,1,43,44,49
"566",8604,1,2724,1,41,43,49
"567",8718,1,908,1,44,46,51
"568",8746,1,4130,1,42,44,50
"569",9136,1,4122,1,45,46,51
"570",9250,1,862,1,40,42,48
"571",9367,1,5413,1,43,45,49
"572",9810,1,616,1,41,42,48
"573",10095,1,1772,1,43,44,49
"574",10241,1,1125,1,43,44,50
"575",319,1,8502,1,42,44,50
"576",576,1,10381,1,41,42,48
"577",1013,1,4355,1,41,42,48
"578",1865,1,4064,1,44,46,51
"579",1907,1,5110,1,45,47,52
"580",2428,1,9002,1,42,44,50
"581",2572,1,3143,1,45,47,51
"582",2699,1,5110,1,45,47,52
"583",2724,1,5868,1,39,41,48
"584",3033,1,10062,1,39,44,50
"585",3455,1,7296,1,46,47,51
"586",4662,1,8190,1,43,46,51
"587",4875,1,3651,1,44,46,53
"588",5304,1,6129,1,41,44,49
"589",5372,1,3796,1,43,45,51
"590",6811,1,9666,1,44,46,51
"591",7251,1,8393,1,46,47,52
"592",7314,1,5743,1,43,45,50
"593",7337,1,7590,1,44,47,52
"594",7882,1,2428,1,46,47,52
"595",8393,1,10381,1,43,44,49
"596",8432,1,2726,1,43,46,51
"597",8631,1,8210,1,45,47,53
"598",8832,1,5639,1,44,45,49
"599",9525,1,7452,1,41,42,48
"600",10257,1,112,1,42,43,48
"601",692,1,1013,1,45,46,52
"602",1070,1,7439,1,45,46,51
"603",1150,1,468,1,45,47,53
"604",1393,1,3796,1,44,45,50
"605",1613,1,7590,1,45,47,52
"606",2080,1,5782,1,45,47,53
"607",2106,1,10257,1,44,47,52
"608",2351,1,5782,1,44,45,49
"609",3477,1,88,1,45,47,52
"610",3753,1,6430,1,44,46,51
"611",3971,1,8082,1,43,46,50
"612",4068,1,9024,1,47,48,53
"613",4949,1,2513,1,45,47,52
"614",4982,1,5304,1,45,47,53
"615",5194,1,3796,1,44,45,51
"616",5223,1,1638,1,45,47,53
"617",5302,1,7888,1,45,47,52
"618",5406,1,540,1,44,45,51
"619",6556,1,1447,1,46,48,55
"620",7494,1,6446,1,43,44,49
"621",7590,1,462,1,41,43,49
"622",8104,1,8964,1,41,43,50
"623",8193,1,1553,1,41,47,51
"624",8305,1,9666,1,43,45,51
"625",8458,1,7494,1,45,46,50
"626",8516,1,1013,1,46,47,52
"627",8868,1,6886,1,42,44,49
"628",9024,1,3551,1,43,46,51
"629",73,1,5110,1,45,47,52
"630",909,1,10259,1,41,44,50
"631",933,1,4080,1,47,49,56
"632",1084,1,7888,1,46,47,53
"633",1447,1,7439,1,44,45,50
"634",2371,1,10375,1,48,49,54
"635",3183,1,2699,1,48,49,56
"636",3363,1,7590,1,44,46,51
"637",3682,1,10239,1,47,48,53
"638",3710,1,4573,1,44,46,51
"639",5387,1,7803,1,43,46,51
"640",5431,1,3753,1,48,49,55
"641",5558,1,5639,1,45,47,52
"642",7005,1,9368,1,46,48,52
"643",7592,1,5440,1,46,48,52
"644",7620,1,9024,1,48,49,55
"645",7732,1,8119,1,47,49,54
"646",7874,1,2351,1,46,47,53
"647",7890,1,808,1,47,49,55
"648",8119,1,9810,1,43,45,50
"649",8510,1,3796,1,45,48,54
"650",8826,1,8458,1,48,49,55
"651",9001,1,1638,1,44,46,53
"652",9078,1,10095,1,45,47,50
"653",9212,1,7804,1,46,49,53
"654",9688,1,760,1,42,44,51
"655",9940,1,6886,1,42,44,50
"656",10137,1,6949,1,46,47,53
"657",10375,1,85,1,45,47,53
"658",88,1,9002,1,44,45,51
"659",285,1,692,1,47,50,56
"660",303,1,2393,1,46,47,57
"661",388,1,2351,1,45,48,53
"662",691,1,3517,1,48,50,55
"663",1525,1,4519,1,47,50,56
"664",1681,1,766,1,45,47,53
"665",1892,1,476,1,45,48,54
"666",2771,1,5440,1,46,47,53
"667",3467,1,3682,1,49,50,54
"668",3517,1,7296,1,46,47,54
"669",4018,1,9940,1,44,47,52
"670",4508,1,468,1,44,46,51
"671",4809,1,2923,1,46,47,52
"672",5169,1,7804,1,46,47,55
"673",5632,1,5095,1,43,44,51
"674",5798,1,85,1,42,44,51
"675",6382,1,1570,1,47,49,54
"676",6452,1,10257,1,44,45,53
"677",6491,1,2393,1,46,50,55
"678",6548,1,7198,1,49,50,54
"679",6949,1,908,1,44,45,51
"680",7296,1,4301,1,43,45,53
"681",7746,1,7494,1,45,47,54
"682",7991,1,8305,1,47,49,54
"683",8029,1,4122,1,45,46,51
"684",8847,1,3971,1,47,49,54
"685",8911,1,3143,1,45,46,51
"686",9711,1,1084,1,48,50,55
"687",9775,1,5632,1,47,49,56
"688",10239,1,5105,1,43,46,53
"689",110,1,1911,1,48,50,58
"690",140,1,5125,1,48,50,53
"691",222,1,8104,1,43,46,53
"692",463,1,8210,1,45,50,53
"693",808,1,2110,1,43,46,53
"694",847,1,8190,1,45,47,54
"695",1470,1,3363,1,48,50,56
"696",1570,1,329,1,43,46,53
"697",1814,1,2923,1,45,47,54
"698",2046,1,3454,1,47,49,55
"699",2889,1,1911,1,49,51,56
"700",2999,1,468,1,46,48,52
"701",3104,1,10047,1,45,46,53
"702",3861,1,2533,1,48,50,56
"703",3863,1,3682,1,49,51,58
"704",3967,1,6811,1,47,49,55
"705",4446,1,8210,1,46,50,55
"706",5037,1,8604,1,46,49,55
"707",5048,1,5729,1,45,49,53
"708",5166,1,5743,1,44,45,52
"709",5904,1,5743,1,45,46,52
"710",6389,1,3517,1,48,49,55
"711",6468,1,518,1,45,47,52
"712",6596,1,88,1,46,47,53
"713",6775,1,2572,1,49,50,55
"714",6926,1,1487,1,46,47,52
"715",7099,1,7251,1,49,51,57
"716",7198,1,9367,1,46,48,56
"717",7519,1,1009,1,50,51,55
"718",8649,1,808,1,49,50,56
"719",8834,1,4068,1,49,50,54
"720",8936,1,3477,1,47,49,54
"721",9440,1,4809,1,48,51,55
"722",9641,1,5406,1,46,49,53
"723",9949,1,909,1,46,48,53
"724",10324,1,7947,1,49,51,57
"725",146,1,1772,1,43,49,54
"726",260,1,7337,1,48,51,55
"727",306,1,7874,1,49,51,55
"728",348,1,7013,1,50,52,58
"729",497,1,9367,1,47,48,54
"730",611,1,8510,1,49,50,55
"731",946,1,1393,1,47,49,54
"732",1701,1,1681,1,48,50,56
"733",1786,1,7947,1,51,52,58
"734",1911,1,6949,1,46,48,54
"735",2057,1,1892,1,50,52,56
"736",2408,1,5166,1,47,49,55
"737",2582,1,5083,1,50,51,57
"738",3087,1,10095,1,47,49,53
"739",3296,1,6382,1,50,51,55
"740",3299,1,6468,1,48,50,55
"741",3528,1,1104,1,46,49,54
"742",3832,1,3517,1,49,50,56
"743",4162,1,5016,1,45,47,53
"744",4437,1,1182,1,50,51,58
"745",5459,1,7141,1,50,52,59
"746",5694,1,3454,1,48,51,55
"747",5927,1,88,1,47,50,56
"748",5979,1,8305,1,46,49,55
"749",6253,1,3454,1,47,49,54
"750",6622,1,4508,1,47,49,54
"751",7947,1,1865,1,47,48,53
"752",7970,1,3299,1,51,52,56
"753",8087,1,3682,1,50,52,58
"754",8167,1,6596,1,48,49,54
"755",8234,1,8393,1,45,47,54
"756",8840,1,7804,1,46,48,53
"757",8982,1,7890,1,50,52,56
"758",9038,1,908,1,48,52,58
"759",9242,1,6622,1,49,50,54
"760",9631,1,10241,1,45,47,53
"761",9857,1,909,1,46,49,53
"762",10033,1,9393,1,49,52,57
"763",10326,1,9367,1,46,48,53
"764",336,1,7991,1,50,53,58
"765",420,1,1447,1,47,50,55
"766",450,1,222,1,48,52,57
"767",484,1,3299,1,50,52,56
"768",612,1,1613,1,49,51,58
"769",641,1,5780,1,45,50,56
"770",873,1,5979,1,51,53,59
"771",1182,1,7198,1,48,50,54
"772",2315,1,7337,1,49,50,55
"773",2420,1,1681,1,48,51,57
"774",2484,1,5979,1,50,51,55
"775",2930,1,4068,1,49,51,57
"776",3484,1,7005,1,48,51,55
"777",3519,1,8305,1,46,48,55
"778",3948,1,7592,1,49,51,54
"779",4318,1,3088,1,51,52,57
"780",4845,1,3143,1,45,47,54
"781",5083,1,3104,1,47,49,54
"782",5343,1,946,1,50,52,58
"783",6047,1,9908,1,50,52,60
"784",6055,1,7198,1,50,52,58
"785",6077,1,611,1,50,51,55
"786",6435,1,8516,1,48,50,57
"787",7013,1,9001,1,47,49,54
"788",7135,1,8167,1,50,52,59
"789",7377,1,2371,1,52,53,59
"790",7697,1,4446,1,51,52,57
"791",7821,1,7620,1,50,52,58
"792",9124,1,5387,1,48,50,56
"793",9146,1,303,1,48,51,55
"794",9239,1,4080,1,49,51,57
"795",9274,1,140,1,51,52,59
"796",9338,1,5406,1,49,51,56
"797",10029,1,5979,1,51,53,58
"798",10260,1,2045,1,52,53,59
"799",632,1,5083,1,49,50,55
"800",1009,1,6949,1,47,49,55
"801",1121,1,518,1,45,50,56
"802",1352,1,1182,1,51,52,57
"803",1389,1,8059,1,48,50,55
"804",1990,1,5729,1,47,51,56
"805",2097,1,7947,1,49,53,58
"806",2464,1,10326,1,49,52,56
"807",2546,1,6926,1,48,51,57
"808",2768,1,8840,1,50,51,56
"809",3088,1,1865,1,47,50,59
"810",3174,1,2080,1,48,50,55
"811",3318,1,8516,1,50,51,56
"812",3816,1,7519,1,52,53,57
"813",4198,1,7890,1,50,53,57
"814",4296,1,8936,1,50,51,57
"815",4321,1,3967,1,50,52,57
"816",4384,1,9146,1,52,54,59
"817",4440,1,5302,1,49,50,55
"818",4595,1,1892,1,50,51,56
"819",4670,1,7141,1,49,51,56
"820",4955,1,9124,1,51,53,57
"821",5516,1,8516,1,51,54,58
"822",5562,1,7198,1,49,51,55
"823",5730,1,2080,1,49,50,55
"824",5928,1,7991,1,50,52,60
"825",6097,1,8631,1,49,51,57
"826",6447,1,7732,1,52,54,58
"827",7114,1,6253,1,51,53,58
"828",7117,1,140,1,51,52,58
"829",7141,1,1613,1,48,49,55
"830",7173,1,10326,1,49,52,57
"831",7318,1,5194,1,47,49,56
"832",7515,1,2046,1,50,52,57
"833",7578,1,9949,1,50,53,58
"834",8059,1,5089,1,46,48,56
"835",8230,1,6389,1,51,52,58
"836",8270,1,6468,1,48,51,56
"837",8285,1,285,1,51,53,57
"838",8547,1,4080,1,46,49,55
"839",8682,1,6775,1,51,53,58
"840",8790,1,5372,1,48,49,57
"841",8815,1,4068,1,49,52,58
"842",9881,1,3456,1,52,53,59
"843",9908,1,4875,1,47,49,56
"844",10218,1,88,1,48,51,57
"845",433,1,3087,1,51,52,59
"846",537,1,7592,1,50,52,56
"847",923,1,3299,1,51,53,58
"848",1597,1,691,1,53,55,60
"849",1832,1,3183,1,51,54,59
"850",1924,1,8840,1,50,52,58
"851",2266,1,2315,1,51,53,58
"852",2303,1,6775,1,52,54,59
"853",2802,1,4595,1,53,54,59
"854",2844,1,9775,1,53,55,59
"855",2902,1,8073,1,53,55,59
"856",3027,1,5694,1,51,54,59
"857",3138,1,7882,1,48,51,56
"858",3347,1,9843,1,53,54,58
"859",3587,1,2889,1,52,55,58
"860",3632,1,7114,1,54,55,60
"861",3685,1,8982,1,53,55,59
"862",4049,1,2484,1,52,55,59
"863",4058,1,632,1,52,54,58
"864",4351,1,1911,1,50,53,58
"865",4369,1,8073,1,54,55,61
"866",4581,1,6622,1,52,54,60
"867",4822,1,9878,1,51,54,58
"868",4956,1,3519,1,50,53,57
"869",5192,1,9146,1,52,53,57
"870",5741,1,4949,1,49,50,56
"871",5809,1,7947,1,52,54,59
"872",5860,1,4342,1,53,55,61
"873",6024,1,3863,1,52,54,59
"874",6066,1,497,1,50,51,56
"875",6534,1,4318,1,52,54,59
"876",6685,1,3138,1,53,54,58
"877",6727,1,641,1,52,55,61
"878",6837,1,6468,1,49,54,59
"879",6901,1,4670,1,52,54,59
"880",7220,1,10175,1,53,55,59
"881",7576,1,4875,1,47,50,58
"882",7629,1,9706,1,50,52,57
"883",8274,1,5730,1,52,55,59
"884",8955,1,8840,1,52,54,62
"885",9393,1,4080,1,46,49,56
"886",9680,1,8631,1,49,53,59
"887",9809,1,9682,1,53,55,61
"888",9923,1,5083,1,50,52,57
"889",10063,1,9393,1,50,53,58
"890",10168,1,146,1,51,53,59
"891",1103,1,5730,1,51,54,61
"892",1306,1,433,1,53,55,60
"893",1747,1,6253,1,50,54,58
"894",2045,1,3455,1,49,51,57
"895",2549,1,9881,1,54,55,61
"896",2697,1,4321,1,53,55,60
"897",2747,1,1084,1,50,53,58
"898",2921,1,3456,1,52,55,59
"899",3135,1,9146,1,52,55,61
"900",3456,1,3455,1,48,51,57
"901",3582,1,9881,1,55,56,61
"902",3850,1,8982,1,53,55,62
"903",4217,1,10239,1,48,51,57
"904",4342,1,1470,1,51,52,57
"905",4465,1,1389,1,52,55,60
"906",5997,1,9146,1,52,53,58
"907",6147,1,7697,1,53,55,60
"908",6928,1,9881,1,54,55,59
"909",7190,1,7970,1,53,54,59
"910",8474,1,7515,1,55,56,63
"911",8554,1,3456,1,52,54,60
"912",9248,1,4955,1,55,56,61
"913",9470,1,2932,1,55,56,60
"914",9575,1,7314,1,47,49,57
"915",9587,1,5730,1,54,56,61
"916",9643,1,10218,1,52,54,60
"917",9682,1,7592,1,49,52,59
"918",10028,1,463,1,51,53,58
"919",10166,1,9711,1,51,52,59
"920",937,1,4446,1,53,54,59
"921",1005,1,2930,1,54,56,61
"922",1127,1,4217,1,52,55,59
"923",1761,1,10063,1,55,57,63
"924",2505,1,7947,1,50,52,58
"925",2659,1,9908,1,51,52,58
"926",2676,1,10175,1,53,56,62
"927",2735,1,1924,1,53,54,59
"928",2749,1,1990,1,52,54,60
"929",2932,1,946,1,52,54,58
"930",3000,1,2315,1,52,55,60
"931",3559,1,9274,1,53,55,58
"932",4082,1,4446,1,53,55,59
"933",4320,1,420,1,52,55,61
"934",4867,1,7081,1,53,55,59
"935",4918,1,3296,1,53,54,60
"936",5258,1,3347,1,55,56,61
"937",5523,1,2266,1,55,57,61
"938",5944,1,2659,1,52,55,59
"939",6164,1,7471,1,55,56,64
"940",6339,1,3183,1,50,54,61
"941",6635,1,9242,1,53,55,60
"942",6914,1,5037,1,51,53,60
"943",7081,1,9242,1,51,52,58
"944",7471,1,450,1,53,54,59
"945",7971,1,8840,1,50,52,58
"946",8006,1,7821,1,53,56,60
"947",8026,1,336,1,54,56,61
"948",8028,1,7377,1,55,57,64
"949",8073,1,1924,1,52,53,59
"950",8127,1,4351,1,54,55,60
"951",9096,1,7190,1,55,56,60
"952",9260,1,7697,1,52,54,58
"953",9335,1,7198,1,53,55,60
"954",9706,1,9136,1,48,50,59
"955",9834,1,8230,1,53,55,59
"956",9878,1,4875,1,48,51,60
"957",9903,1,1832,1,56,57,61
"958",9958,1,3832,1,51,57,62
"959",268,1,2582,1,51,54,60
"960",883,1,7377,1,54,56,62
"961",1394,1,9881,1,55,56,60
"962",1409,1,6775,1,54,56,61
"963",1795,1,3138,1,54,56,62
"964",1908,1,5927,1,52,56,60
"965",2174,1,5809,1,55,56,63
"966",2873,1,9338,1,53,56,61
"967",2911,1,1127,1,56,57,63
"968",3388,1,6309,1,53,55,61
"969",3846,1,3027,1,55,58,62
"970",4550,1,8815,1,55,57,61
"971",5024,1,10063,1,53,56,61
"972",5147,1,8847,1,51,54,61
"973",5203,1,9711,1,52,56,61
"974",5250,1,2464,1,53,55,62
"975",5505,1,3299,1,53,55,59
"976",6294,1,1121,1,54,55,62
"977",6404,1,4049,1,57,58,63
"978",6450,1,6447,1,55,58,64
"979",6508,1,8073,1,56,57,62
"980",6521,1,2582,1,53,54,59
"981",7230,1,6727,1,57,58,63
"982",7298,1,1352,1,53,57,60
"983",7426,1,348,1,54,56,61
"984",7428,1,2045,1,53,54,60
"985",7510,1,8826,1,50,52,59
"986",7872,1,433,1,53,54,60
"987",8309,1,2768,1,52,53,61
"988",8688,1,4949,1,48,53,59
"989",8878,1,10014,1,57,58,62
"990",8944,1,5258,1,57,58,64
"991",9100,1,8554,1,55,56,62
"992",9174,1,3318,1,53,55,62
"993",9404,1,3816,1,56,58,63
"994",9571,1,1172,1,56,58,62
"995",9739,1,4956,1,55,57,63
"996",9975,1,2768,1,52,55,60
"997",9982,1,9242,1,52,54,60
"998",10013,1,3467,1,53,55,61
"999",10014,1,9146,1,52,55,59
"1000",10175,1,632,1,51,52,59
"1001",106,1,6024,1,54,57,62
"1002",910,1,9843,1,54,56,61
"1003",997,1,6024,1,56,58,64
"1004",998,1,8554,1,55,56,63
"1005",1002,1,7872,1,56,57,64
"1006",1172,1,9881,1,54,55,60
"1007",1788,1,1121,1,53,57,62
"1008",1821,1,6055,1,54,55,60
"1009",1982,1,4607,1,56,58,65
"1010",2153,1,3347,1,55,56,60
"1011",2188,1,2873,1,57,58,62
"1012",2196,1,991,1,58,59,63
"1013",2336,1,9903,1,57,58,64
"1014",2578,1,5694,1,54,56,62
"1015",2700,1,4320,1,56,57,61
"1016",3755,1,10218,1,51,53,60
"1017",4592,1,4955,1,54,56,61
"1018",4607,1,1389,1,53,55,60
"1019",4904,1,3347,1,57,59,67
"1020",4937,1,5944,1,56,57,62
"1021",5184,1,7220,1,57,59,63
"1022",5219,1,2582,1,53,55,60
"1023",5270,1,10033,1,54,56,64
"1024",5307,1,5147,1,54,55,60
"1025",5327,1,8169,1,55,57,61
"1026",5668,1,7114,1,55,56,61
"1027",6224,1,2735,1,57,59,65
"1028",6309,1,7732,1,52,53,63
"1029",6585,1,5505,1,55,56,62
"1030",6739,1,1747,1,56,57,64
"1031",6840,1,3816,1,54,56,62
"1032",7169,1,8555,1,56,58,63
"1033",7423,1,7510,1,54,58,65
"1034",7615,1,7117,1,55,56,63
"1035",7766,1,6901,1,55,57,62
"1036",7790,1,4937,1,58,59,64
"1037",7839,1,5219,1,58,59,65
"1038",7992,1,2266,1,54,56,61
"1039",8169,1,1182,1,51,54,60
"1040",8408,1,9680,1,54,56,62
"1041",8422,1,691,1,53,55,61
"1042",8555,1,4446,1,53,56,60
"1043",8942,1,4217,1,54,56,62
"1044",8961,1,2676,1,57,59,65
"1045",9206,1,4446,1,51,53,61
"1046",9604,1,4384,1,55,56,60
"1047",9738,1,9682,1,53,55,61
"1048",9843,1,1525,1,51,53,60
"1049",9898,1,9680,1,56,59,65
"1050",9922,1,4955,1,55,57,63
"1051",9945,1,7697,1,55,57,62
"1052",157,1,8274,1,56,57,62
"1053",327,1,3087,1,50,54,61
"1054",714,1,9738,1,57,59,65
"1055",1565,1,7230,1,59,60,63
"1056",1629,1,3347,1,56,57,61
"1057",1777,1,3850,1,57,59,65
"1058",1797,1,268,1,57,58,62
"1059",1926,1,10168,1,55,57,62
"1060",2013,1,4384,1,57,58,63
"1061",2157,1,2659,1,54,56,61
"1062",2448,1,9680,1,54,55,61
"1063",2563,1,7377,1,54,56,64
"1064",2651,1,10063,1,55,60,66
"1065",3112,1,10168,1,54,56,64
"1066",3463,1,5024,1,58,59,64
"1067",3822,1,8274,1,56,58,65
"1068",4135,1,5860,1,56,58,64
"1069",4952,1,6309,1,55,56,61
"1070",5318,1,4049,1,56,59,63
"1071",5713,1,6253,1,52,54,61
"1072",6211,1,8688,1,55,56,63
"1073",6221,1,5147,1,57,58,64
"1074",6356,1,4592,1,57,58,64
"1075",6362,1,9335,1,57,59,65
"1076",6497,1,9945,1,58,60,67
"1077",7398,1,9587,1,57,58,61
"1078",7716,1,9146,1,53,55,62
"1079",7779,1,4134,1,56,57,62
"1080",8184,1,2676,1,58,59,66
"1081",8747,1,8955,1,57,59,66
"1082",8812,1,6147,1,56,57,63
"1083",8947,1,2749,1,56,58,63
"1084",9326,1,1525,1,51,53,62
"1085",9359,1,6309,1,57,60,63
"1086",9502,1,1306,1,56,59,63
"1087",9628,1,1005,1,59,60,65
"1088",9667,1,2578,1,58,60,67
"1089",10000,1,2676,1,57,59,63
"1090",10054,1,4550,1,58,60,66
"1091",209,1,6901,1,55,57,62
"1092",241,1,8274,1,57,59,66
"1093",253,1,7099,1,56,59,63
"1094",291,1,7839,1,60,61,67
"1095",296,1,6914,1,54,56,62
"1096",556,1,1924,1,53,57,62
"1097",991,1,7114,1,55,57,63
"1098",1105,1,3446,1,59,61,66
"1099",1391,1,2697,1,56,57,62
"1100",2192,1,6309,1,55,58,62
"1101",2365,1,106,1,58,60,64
"1102",2616,1,4867,1,57,59,65
"1103",2668,1,9248,1,57,58,63
"1104",2693,1,327,1,56,57,63
"1105",2769,1,2697,1,56,58,64
"1106",3141,1,9096,1,58,60,65
"1107",3417,1,556,1,59,61,68
"1108",4134,1,3318,1,52,55,62
"1109",4249,1,6635,1,56,58,62
"1110",5075,1,1103,1,54,57,62
"1111",5106,1,2844,1,56,58,62
"1112",5656,1,5327,1,59,60,66
"1113",5778,1,991,1,58,60,65
"1114",6020,1,9922,1,58,61,66
"1115",6052,1,6362,1,60,61,68
"1116",6069,1,5203,1,57,59,65
"1117",6235,1,9643,1,56,60,64
"1118",6348,1,4822,1,56,58,63
"1119",6649,1,5668,1,57,59,63
"1120",6669,1,9100,1,56,58,65
"1121",6785,1,9571,1,59,61,66
"1122",7272,1,7578,1,55,57,64
"1123",7634,1,4351,1,55,57,63
"1124",7760,1,7471,1,55,59,63
"1125",7798,1,1127,1,57,60,64
"1126",8424,1,2174,1,57,58,65
"1127",8532,1,7794,1,59,60,66
"1128",8540,1,923,1,55,57,63
"1129",8610,1,2659,1,56,58,64
"1130",9003,1,8006,1,56,58,63
"1131",9227,1,7426,1,58,59,63
"1132",9295,1,6047,1,55,58,65
"1133",9309,1,209,1,59,60,65
"1134",10229,1,3318,1,53,56,62
"1135",121,1,3448,1,58,59,64
"1136",1016,1,8688,1,55,58,63
"1137",1076,1,556,1,58,59,63
"1138",1186,1,5187,1,59,61,67
"1139",1343,1,7190,1,57,58,63
"1140",1380,1,7634,1,58,60,65
"1141",1405,1,9604,1,57,58,64
"1142",2223,1,1761,1,59,61,65
"1143",2402,1,4046,1,59,61,65
"1144",2537,1,8812,1,59,60,65
"1145",2755,1,7634,1,58,60,69
"1146",2918,1,873,1,55,56,64
"1147",3446,1,1409,1,56,57,66
"1148",3739,1,5192,1,56,58,63
"1149",4046,1,450,1,55,58,64
"1150",4054,1,6914,1,54,58,63
"1151",4413,1,5307,1,58,60,65
"1152",4560,1,6537,1,60,62,66
"1153",4701,1,9295,1,59,62,67
"1154",5187,1,9680,1,55,57,63
"1155",5213,1,5187,1,59,60,66
"1156",5723,1,1002,1,57,59,64
"1157",5834,1,6739,1,59,60,67
"1158",6010,1,10260,1,58,60,65
"1159",6601,1,714,1,60,62,67
"1160",7120,1,3446,1,58,61,66
"1161",7260,1,8610,1,61,62,66
"1162",7379,1,6450,1,59,61,66
"1163",7394,1,1394,1,58,59,64
"1164",7743,1,2755,1,61,62,67
"1165",7794,1,9809,1,56,58,64
"1166",7887,1,6069,1,60,62,67
"1167",8505,1,157,1,58,60,65
"1168",8740,1,9003,1,58,61,65
"1169",9450,1,1788,1,58,61,65
"1170",10163,1,1002,1,58,60,66
"1171",7,1,998,1,58,59,64
"1172",145,1,7426,1,58,60,66
"1173",200,1,4937,1,59,60,64
"1174",572,1,9975,1,58,61,65
"1175",598,1,4135,1,59,61,65
"1176",1336,1,6404,1,62,63,67
"1177",1495,1,3141,1,62,63,67
"1178",1626,1,1565,1,61,62,67
"1179",1752,1,2756,1,60,63,69
"1180",1902,1,8555,1,58,62,67
"1181",2418,1,2676,1,59,61,66
"1182",2688,1,6069,1,60,62,67
"1183",2756,1,6669,1,58,59,65
"1184",3218,1,2479,1,61,62,68
"1185",3381,1,7398,1,59,60,65
"1186",3409,1,9335,1,56,58,65
"1187",3448,1,4955,1,55,58,64
"1188",3489,1,5075,1,59,62,65
"1189",3785,1,9903,1,59,62,69
"1190",4524,1,7298,1,58,59,65
"1191",4660,1,1306,1,58,60,65
"1192",4840,1,1797,1,60,61,66
"1193",5112,1,7634,1,58,60,68
"1194",5177,1,1795,1,60,61,67
"1195",5226,1,390,1,61,63,67
"1196",5621,1,3715,1,61,63,68
"1197",5943,1,2303,1,56,60,65
"1198",6074,1,7486,1,60,62,71
"1199",6132,1,6010,1,61,62,68
"1200",6394,1,4054,1,60,62,67
"1201",7043,1,6348,1,59,61,65
"1202",7160,1,6404,1,60,61,69
"1203",7567,1,4049,1,56,60,65
"1204",8122,1,4135,1,58,60,65
"1205",8697,1,3822,1,60,63,69
"1206",8745,1,7160,1,62,63,69
"1207",8801,1,8540,1,59,62,66
"1208",9057,1,4082,1,58,59,65
"1209",9183,1,8373,1,58,59,64
"1210",9685,1,2902,1,56,58,64
"1211",9914,1,9922,1,58,60,65
"1212",31,1,6594,1,62,64,70
"1213",227,1,5327,1,58,60,67
"1214",390,1,8540,1,58,59,65
"1215",681,1,4054,1,59,61,66
"1216",701,1,3274,1,60,62,71
"1217",726,1,2537,1,61,63,68
"1218",793,1,2196,1,61,63,67
"1219",896,1,4482,1,61,63,68
"1220",969,1,1821,1,56,58,65
"1221",1314,1,253,1,60,61,67
"1222",1383,1,1076,1,59,60,65
"1223",1500,1,8373,1,58,61,66
"1224",1817,1,6362,1,60,62,68
"1225",2217,1,6975,1,62,64,69
"1226",2246,1,291,1,62,64,70
"1227",2479,1,8408,1,58,60,65
"1228",2642,1,6892,1,61,64,69
"1229",2859,1,10000,1,61,64,69
"1230",2877,1,7298,1,58,61,67
"1231",2974,1,2223,1,61,63,67
"1232",2975,1,3447,1,62,63,70
"1233",3136,1,6020,1,62,64,70
"1234",3317,1,9898,1,62,64,69
"1235",3345,1,1391,1,60,61,67
"1236",3715,1,4465,1,57,59,65
"1237",3853,1,3447,1,62,64,70
"1238",3994,1,8274,1,57,59,65
"1239",4240,1,6362,1,61,63,68
"1240",4244,1,2336,1,60,62,67
"1241",4482,1,7794,1,59,61,65
"1242",4751,1,9958,1,59,61,67
"1243",4778,1,8812,1,57,59,65
"1244",4930,1,1777,1,60,61,65
"1245",5057,1,9903,1,60,61,66
"1246",5093,1,9248,1,58,60,66
"1247",5117,1,3822,1,60,63,69
"1248",5583,1,5024,1,57,61,68
"1249",5821,1,3463,1,60,62,68
"1250",5923,1,6356,1,59,61,67
"1251",6031,1,1982,1,60,63,69
"1252",6321,1,8373,1,58,60,65
"1253",6422,1,1076,1,61,64,69
"1254",6594,1,1002,1,59,61,68
"1255",6729,1,121,1,60,64,69
"1256",6738,1,7426,1,57,60,65
"1257",6892,1,9945,1,58,60,66
"1258",6969,1,2578,1,58,60,67
"1259",7025,1,121,1,59,61,66
"1260",7062,1,4482,1,62,63,69
"1261",7328,1,5505,1,58,60,65
"1262",7464,1,3846,1,59,60,66
"1263",7482,1,8424,1,60,61,65
"1264",7486,1,4592,1,57,59,66
"1265",7491,1,1405,1,60,62,66
"1266",8115,1,7,1,60,62,67
"1267",8342,1,6348,1,62,64,69
"1268",8373,1,6309,1,55,57,65
"1269",8382,1,6785,1,62,63,68
"1270",8859,1,9958,1,57,59,66
"1271",9023,1,9958,1,58,62,69
"1272",9074,1,5938,1,63,64,68
"1273",9119,1,291,1,62,63,70
"1274",9197,1,6450,1,60,62,67
"1275",9895,1,7779,1,61,63,69
"1276",9939,1,8373,1,58,60,66
"1277",9970,1,9667,1,61,62,68
"1278",144,1,6052,1,63,64,70
"1279",302,1,3638,1,63,64,70
"1280",466,1,5203,1,57,61,67
"1281",559,1,4046,1,60,62,66
"1282",1129,1,7394,1,61,62,66
"1283",1194,1,5938,1,64,65,70
"1284",1680,1,4025,1,64,65,70
"1285",2076,1,9295,1,60,62,67
"1286",2452,1,726,1,64,65,70
"1287",2580,1,7942,1,63,65,70
"1288",2720,1,7,1,60,63,69
"1289",2909,1,9404,1,59,60,67
"1290",3274,1,3409,1,59,60,66
"1291",3418,1,227,1,63,65,71
"1292",3447,1,4904,1,60,61,66
"1293",3466,1,6508,1,58,61,68
"1294",3571,1,1343,1,60,62,68
"1295",3622,1,4660,1,61,64,67
"1296",3625,1,2537,1,63,65,70
"1297",3933,1,2153,1,58,60,66
"1298",4155,1,9295,1,59,61,68
"1299",4692,1,6669,1,59,61,69
"1300",4711,1,8505,1,62,64,71
"1301",4745,1,1105,1,63,64,69
"1302",4817,1,8859,1,60,61,66
"1303",5938,1,2693,1,60,62,67
"1304",6102,1,7025,1,62,65,69
"1305",6240,1,4592,1,59,60,66
"1306",6537,1,6221,1,59,60,66
"1307",6750,1,9450,1,64,65,71
"1308",6975,1,4046,1,59,61,66
"1309",7034,1,6404,1,59,60,67
"1310",7067,1,7645,1,63,64,69
"1311",7614,1,9903,1,59,62,69
"1312",7953,1,4751,1,63,64,69
"1313",8070,1,10163,1,61,63,68
"1314",8319,1,4369,1,57,62,66
"1315",8400,1,9420,1,64,65,69
"1316",8647,1,9227,1,59,62,66
"1317",9018,1,5938,1,62,64,69
"1318",9872,1,8859,1,62,65,70
"1319",10238,1,2756,1,61,64,69
"1320",93,1,1105,1,62,63,70
"1321",104,1,1002,1,58,61,67
"1322",382,1,7379,1,63,66,70
"1323",418,1,896,1,64,65,71
"1324",419,1,2877,1,62,63,69
"1325",474,1,7839,1,60,62,68
"1326",744,1,8942,1,59,62,68
"1327",1442,1,2031,1,64,65,71
"1328",1492,1,6362,1,61,62,67
"1329",1584,1,6394,1,64,66,70
"1330",1605,1,8070,1,63,64,69
"1331",1884,1,10238,1,65,66,71
"1332",2139,1,5057,1,64,66,71
"1333",2143,1,474,1,63,65,70
"1334",2702,1,9914,1,61,62,67
"1335",2950,1,1383,1,61,62,70
"1336",3242,1,7588,1,64,65,69
"1337",3449,1,2756,1,61,62,67
"1338",3555,1,7423,1,59,62,67
"1339",3597,1,2688,1,64,65,69
"1340",4341,1,10000,1,62,65,72
"1341",4523,1,6497,1,62,63,69
"1342",4704,1,6356,1,61,63,68
"1343",5099,1,5943,1,62,66,73
"1344",5182,1,7328,1,62,64,71
"1345",5190,1,3466,1,61,63,69
"1346",5396,1,7230,1,60,63,67
"1347",5613,1,1777,1,63,65,71
"1348",5861,1,5112,1,62,64,70
"1349",5915,1,2479,1,62,64,68
"1350",6204,1,6074,1,63,65,71
"1351",6212,1,2196,1,60,63,67
"1352",6303,1,2031,1,62,63,68
"1353",6626,1,8745,1,64,65,71
"1354",6652,1,1383,1,62,65,70
"1355",6663,1,1626,1,64,66,71
"1356",7107,1,1405,1,61,64,69
"1357",7360,1,8184,1,61,63,68
"1358",7588,1,2909,1,61,63,69
"1359",7645,1,1788,1,61,62,69
"1360",8125,1,6537,1,62,65,72
"1361",8428,1,5184,1,60,61,67
"1362",8582,1,701,1,64,66,71
"1363",8650,1,1902,1,63,64,69
"1364",8827,1,5583,1,63,64,68
"1365",8870,1,744,1,63,64,69
"1366",9377,1,4046,1,61,64,68
"1367",9420,1,9667,1,62,63,68
"1368",9540,1,1629,1,58,63,72
"1369",141,1,8342,1,65,67,73
"1370",150,1,1492,1,64,66,72
"1371",311,1,7634,1,59,64,69
"1372",381,1,7025,1,61,64,70
"1373",527,1,3449,1,64,65,70
"1374",590,1,1605,1,65,66,71
"1375",620,1,8184,1,64,65,68
"1376",1014,1,2651,1,62,63,69
"1377",1039,1,2975,1,65,67,71
"1378",1057,1,3466,1,62,64,69
"1379",1061,1,7379,1,62,65,70
"1380",1111,1,5778,1,62,64,69
"1381",1213,1,8647,1,64,66,72
"1382",1371,1,5190,1,64,65,72
"1383",1372,1,3615,1,66,67,72
"1384",1449,1,4930,1,62,63,69
"1385",1711,1,4240,1,64,66,69
"1386",1875,1,5117,1,64,65,70
"1387",2289,1,9540,1,63,66,72
"1388",2508,1,1105,1,62,63,68
"1389",2635,1,6224,1,61,64,68
"1390",2774,1,6031,1,66,67,71
"1391",3155,1,1626,1,63,64,68
"1392",3633,1,598,1,62,66,72
"1393",3638,1,5187,1,60,62,69
"1394",3787,1,8801,1,64,66,70
"1395",3877,1,2418,1,63,64,68
"1396",3896,1,6404,1,59,61,70
"1397",4025,1,6020,1,62,63,69
"1398",4317,1,4711,1,65,67,73
"1399",5354,1,6356,1,62,64,69
"1400",5764,1,1817,1,66,67,72
"1401",6374,1,4840,1,62,65,71
"1402",6500,1,3463,1,60,63,69
"1403",6989,1,2580,1,66,67,71
"1404",7003,1,1500,1,63,64,69
"1405",7268,1,7482,1,62,64,70
"1406",7611,1,7953,1,66,67,72
"1407",7942,1,6356,1,61,62,69
"1408",8487,1,381,1,65,66,71
"1409",8617,1,2975,1,65,67,73
"1410",8683,1,1752,1,64,65,69
"1411",9004,1,5057,1,63,65,70
"1412",9276,1,7043,1,64,65,71
"1413",9506,1,793,1,64,66,71
"1414",9762,1,3638,1,63,64,70
"1415",9825,1,8184,1,62,63,68
"1416",10242,1,6031,1,63,65,70
"1417",204,1,4523,1,64,66,72
"1418",352,1,8647,1,63,64,69
"1419",355,1,157,1,59,63,69
"1420",720,1,9825,1,64,66,72
"1421",829,1,1014,1,66,67,74
"1422",1142,1,2246,1,65,67,72
"1423",1265,1,5923,1,63,66,74
"1424",1688,1,2711,1,67,68,72
"1425",2031,1,4937,1,59,62,69
"1426",2104,1,3447,1,63,67,73
"1427",2227,1,559,1,65,66,73
"1428",2308,1,4560,1,63,65,71
"1429",2711,1,9762,1,65,66,72
"1430",2806,1,311,1,65,66,70
"1431",3070,1,8342,1,66,67,73
"1432",3195,1,4046,1,61,65,71
"1433",3327,1,2975,1,64,65,71
"1434",3401,1,1265,1,67,68,74
"1435",3714,1,5915,1,66,68,74
"1436",3963,1,227,1,61,62,69
"1437",4160,1,2308,1,67,68,73
"1438",4197,1,6601,1,64,67,72
"1439",4630,1,6422,1,66,68,74
"1440",5379,1,9540,1,65,67,72
"1441",5857,1,3136,1,65,66,70
"1442",6095,1,9259,1,66,68,72
"1443",6380,1,8697,1,65,66,71
"1444",6691,1,4745,1,64,66,72
"1445",6858,1,6649,1,60,66,70
"1446",6871,1,6750,1,66,67,71
"1447",6978,1,8400,1,67,68,72
"1448",7086,1,6889,1,66,67,74
"1449",7152,1,3615,1,66,67,74
"1450",7388,1,1213,1,67,68,71
"1451",7421,1,4482,1,63,66,72
"1452",7975,1,7043,1,62,64,69
"1453",7989,1,9018,1,65,68,73
"1454",8054,1,3615,1,66,67,71
"1455",8143,1,6652,1,67,68,73
"1456",8433,1,6729,1,65,66,71
"1457",8578,1,3141,1,63,64,69
"1458",8614,1,10238,1,65,67,73
"1459",8670,1,1875,1,66,67,73
"1460",8971,1,3638,1,62,64,69
"1461",9017,1,9197,1,63,65,72
"1462",9044,1,9939,1,62,64,69
"1463",9121,1,6691,1,66,68,74
"1464",9128,1,93,1,65,68,74
"1465",9259,1,8740,1,63,64,70
"1466",9341,1,1495,1,64,65,71
"1467",9458,1,8115,1,65,67,70
"1468",9485,1,5177,1,64,67,73
"1469",9767,1,3785,1,65,66,71
"1470",9849,1,302,1,65,67,71
"1471",10038,1,3787,1,66,67,73
"1472",10090,1,9939,1,61,64,70
"1473",10092,1,302,1,66,67,72
"1474",152,1,1902,1,63,65,70
"1475",153,1,5821,1,63,65,70
"1476",166,1,9119,1,66,68,73
"1477",618,1,7743,1,64,69,74
"1478",839,1,3418,1,66,67,73
"1479",942,1,8650,1,66,67,73
"1480",1562,1,150,1,67,69,74
"1481",1774,1,4025,1,64,65,71
"1482",1827,1,7260,1,63,65,71
"1483",2121,1,9017,1,65,69,76
"1484",2302,1,474,1,65,66,71
"1485",2427,1,1057,1,65,67,73
"1486",2597,1,9018,1,65,68,76
"1487",3615,1,6975,1,62,65,73
"1488",3656,1,10090,1,65,67,72
"1489",3821,1,5226,1,64,66,70
"1490",4070,1,5213,1,62,67,73
"1491",4098,1,8697,1,63,65,70
"1492",4170,1,5359,1,66,67,73
"1493",4454,1,4523,1,65,66,70
"1494",4488,1,4711,1,64,67,75
"1495",4530,1,8382,1,65,67,71
"1496",4976,1,150,1,67,69,74
"1497",5347,1,7227,1,66,68,74
"1498",5684,1,7953,1,65,66,70
"1499",5921,1,2217,1,67,68,72
"1500",6068,1,4676,1,66,68,75
"1501",6355,1,793,1,65,67,72
"1502",6395,1,7067,1,65,67,73
"1503",6589,1,2702,1,63,64,70
"1504",6605,1,8115,1,63,66,71
"1505",6767,1,8944,1,61,65,72
"1506",6889,1,9825,1,64,66,70
"1507",7031,1,3195,1,67,69,74
"1508",7092,1,10054,1,64,66,73
"1509",7177,1,3877,1,65,67,71
"1510",7227,1,7160,1,61,64,71
"1511",7502,1,2950,1,63,65,70
"1512",7504,1,9341,1,68,69,73
"1513",7858,1,5057,1,62,66,71
"1514",7883,1,8271,1,66,68,72
"1515",8271,1,7379,1,63,65,72
"1516",8349,1,6601,1,63,65,70
"1517",9219,1,1605,1,66,68,75
"1518",9371,1,7107,1,65,68,75
"1519",9453,1,4098,1,65,67,73
"1520",9585,1,2664,1,67,68,74
"1521",9615,1,153,1,67,68,72
"1522",119,1,6374,1,67,68,73
"1523",270,1,3821,1,67,68,73
"1524",272,1,150,1,67,69,75
"1525",528,1,1584,1,67,69,72
"1526",610,1,8070,1,66,68,71
"1527",633,1,1884,1,69,70,74
"1528",1153,1,2806,1,67,69,78
"1529",1197,1,610,1,68,70,76
"1530",1511,1,9259,1,65,69,77
"1531",1571,1,9506,1,67,69,74
"1532",1756,1,527,1,67,69,74
"1533",1790,1,10090,1,65,68,74
"1534",1874,1,7227,1,65,67,71
"1535",2496,1,2664,1,66,67,71
"1536",2596,1,6652,1,66,69,73
"1537",2850,1,2642,1,65,68,73
"1538",3026,1,8582,1,67,69,73
"1539",3180,1,2452,1,66,67,73
"1540",3199,1,5857,1,67,69,74
"1541",3230,1,302,1,68,70,76
"1542",3279,1,1711,1,68,70,75
"1543",3289,1,474,1,65,66,71
"1544",3833,1,1665,1,67,70,78
"1545",4000,1,3317,1,65,67,72
"1546",4161,1,1129,1,63,66,71
"1547",4252,1,7388,1,69,70,77
"1548",4479,1,10090,1,66,69,76
"1549",4676,1,2877,1,63,64,71
"1550",5161,1,276,1,68,70,74
"1551",5228,1,9762,1,66,69,74
"1552",5342,1,7092,1,67,69,72
"1553",5359,1,9540,1,64,66,73
"1554",5445,1,5613,1,66,68,72
"1555",5457,1,4240,1,65,66,71
"1556",5513,1,2246,1,66,68,74
"1557",5543,1,7107,1,66,69,73
"1558",5636,1,9970,1,63,67,73
"1559",5917,1,527,1,67,68,74
"1560",6179,1,5684,1,68,70,76
"1561",6897,1,8971,1,68,69,73
"1562",7364,1,4046,1,63,66,72
"1563",7777,1,6303,1,66,67,71
"1564",8005,1,7858,1,68,70,76
"1565",8328,1,1756,1,69,70,76
"1566",8358,1,1014,1,65,68,73
"1567",8399,1,1752,1,66,69,75
"1568",8562,1,9585,1,68,70,74
"1569",9047,1,6652,1,65,70,73
"1570",9710,1,2642,1,66,69,74
"1571",10040,1,3994,1,63,66,73
"1572",10363,1,1569,1,69,70,74
"1573",23,1,1752,1,64,66,72
"1574",67,1,6626,1,66,68,72
"1575",276,1,93,1,65,66,72
"1576",300,1,8209,1,68,71,78
"1577",375,1,9023,1,65,66,72
"1578",625,1,6652,1,66,67,73
"1579",717,1,3597,1,66,68,73
"1580",843,1,4693,1,69,71,76
"1581",958,1,2496,1,70,71,76
"1582",1244,1,7107,1,67,69,75
"1583",1330,1,942,1,68,70,74
"1584",1689,1,3821,1,67,69,76
"1585",1858,1,9458,1,68,69,75
"1586",2060,1,3571,1,64,68,73
"1587",2175,1,9377,1,66,67,72
"1588",2261,1,3821,1,67,70,78
"1589",2575,1,2289,1,68,70,76
"1590",2664,1,4523,1,65,66,72
"1591",3164,1,4317,1,68,69,74
"1592",3438,1,4341,1,67,69,74
"1593",3499,1,2139,1,68,71,76
"1594",3558,1,4693,1,70,71,76
"1595",4019,1,1756,1,70,71,76
"1596",4389,1,4197,1,69,71,77
"1597",4505,1,3136,1,65,67,73
"1598",4690,1,9219,1,69,70,74
"1599",4923,1,8487,1,67,68,76
"1600",5285,1,2139,1,67,68,73
"1601",5531,1,1584,1,67,70,75
"1602",5597,1,701,1,64,67,72
"1603",5605,1,2642,1,65,67,72
"1604",5900,1,8650,1,65,66,72
"1605",6015,1,1265,1,68,70,76
"1606",6304,1,8617,1,68,69,77
"1607",6413,1,2217,1,65,67,74
"1608",6684,1,8382,1,64,67,72
"1609",6905,1,6413,1,68,69,73
"1610",6987,1,6691,1,67,69,73
"1611",7055,1,5900,1,68,70,75
"1612",7066,1,204,1,68,70,75
"1613",7136,1,5621,1,65,70,77
"1614",7349,1,5099,1,67,69,77
"1615",8007,1,6413,1,68,70,74
"1616",8113,1,355,1,64,67,72
"1617",8209,1,8971,1,65,67,73
"1618",8414,1,3742,1,68,70,76
"1619",8445,1,1039,1,68,70,75
"1620",8664,1,9259,1,66,69,74
"1621",8858,1,3136,1,66,68,72
"1622",8926,1,1495,1,65,67,72
"1623",9265,1,10105,1,69,71,75
"1624",9286,1,8433,1,68,69,74
"1625",9784,1,7227,1,65,67,74
"1626",10074,1,7086,1,68,71,75
"1627",10105,1,2508,1,65,67,72
"1628",10266,1,5857,1,67,69,73
"1629",113,1,4164,1,71,72,77
"1630",533,1,6889,1,68,70,78
"1631",593,1,713,1,70,71,78
"1632",734,1,1265,1,68,70,74
"1633",799,1,8113,1,69,71,77
"1634",901,1,4946,1,69,71,75
"1635",905,1,625,1,68,72,78
"1636",1003,1,5861,1,64,66,73
"1637",1430,1,9371,1,69,71,76
"1638",1569,1,5583,1,66,68,75
"1639",1665,1,4524,1,63,67,75
"1640",1996,1,4341,1,68,70,76
"1641",2083,1,5099,1,68,69,75
"1642",2216,1,701,1,64,70,74
"1643",2338,1,272,1,71,72,75
"1644",2564,1,8358,1,69,70,77
"1645",2839,1,559,1,65,67,75
"1646",3165,1,717,1,71,72,76
"1647",3365,1,8487,1,67,68,73
"1648",3547,1,1213,1,67,69,74
"1649",3666,1,6987,1,70,72,79
"1650",3692,1,8582,1,67,68,74
"1651",3742,1,6601,1,65,67,73
"1652",3804,1,6750,1,66,68,73
"1653",3942,1,204,1,67,69,74
"1654",3974,1,9784,1,69,71,75
"1655",4164,1,1003,1,68,69,75
"1656",4187,1,5861,1,67,69,73
"1657",4204,1,1485,1,71,72,77
"1658",4314,1,3401,1,69,70,76
"1659",4639,1,9017,1,68,70,76
"1660",4683,1,718,1,70,71,75
"1661",4693,1,1003,1,67,68,74
"1662",4806,1,3289,1,68,70,74
"1663",4946,1,3597,1,66,67,73
"1664",5438,1,10105,1,68,70,75
"1665",5689,1,5921,1,68,71,76
"1666",6284,1,6767,1,67,69,75
"1667",6329,1,2806,1,67,72,78
"1668",6417,1,903,1,70,71,76
"1669",6693,1,6380,1,68,69,74
"1670",7115,1,9767,1,68,71,77
"1671",7185,1,1665,1,68,70,74
"1672",7237,1,6729,1,65,67,73
"1673",7297,1,4938,1,70,71,76
"1674",7348,1,1591,1,70,72,79
"1675",7683,1,5921,1,71,72,77
"1676",7863,1,2289,1,68,70,74
"1677",7907,1,6858,1,68,70,74
"1678",8272,1,590,1,67,69,74
"1679",8395,1,8007,1,71,72,77
"1680",8434,1,5684,1,66,68,76
"1681",8935,1,8827,1,65,68,73
"1682",9006,1,9849,1,67,68,75
"1683",9279,1,9219,1,70,71,78
"1684",9284,1,9259,1,66,68,75
"1685",9400,1,10004,1,71,72,77
"1686",9477,1,3877,1,67,70,74
"1687",9822,1,8209,1,69,71,76
"1688",9852,1,8209,1,69,71,76
"1689",9909,1,204,1,67,72,78
"1690",10016,1,2121,1,70,71,75
"1691",10110,1,4341,1,69,70,75
"1692",10306,1,9341,1,66,67,73
"1693",62,1,8617,1,69,71,76
"1694",377,1,8399,1,70,73,77
"1695",547,1,6684,1,69,71,75
"1696",713,1,7858,1,68,69,75
"1697",718,1,23,1,67,68,75
"1698",875,1,141,1,69,70,77
"1699",903,1,3136,1,66,68,74
"1700",917,1,1153,1,70,71,76
"1701",1000,1,4505,1,70,72,78
"1702",1068,1,3136,1,67,70,77
"1703",1072,1,4630,1,70,73,77
"1704",1183,1,5846,1,69,70,74
"1705",1485,1,718,1,69,70,75
"1706",1729,1,9286,1,70,72,78
"1707",1820,1,2806,1,68,71,77
"1708",1959,1,4269,1,71,73,77
"1709",2255,1,3499,1,72,73,77
"1710",2256,1,8617,1,68,70,75
"1711",2447,1,4505,1,68,73,78
"1712",2753,1,625,1,70,72,76
"1713",2895,1,3821,1,67,71,76
"1714",2919,1,3401,1,70,73,78
"1715",3173,1,718,1,69,71,76
"1716",3177,1,1430,1,72,73,79
"1717",3244,1,3821,1,67,70,74
"1718",3435,1,1003,1,67,70,76
"1719",3557,1,4923,1,70,71,75
"1720",3748,1,93,1,68,71,77
"1721",3888,1,713,1,69,72,75
"1722",3919,1,9710,1,69,73,78
"1723",4269,1,6905,1,70,71,76
"1724",4457,1,917,1,71,73,79
"1725",4905,1,5605,1,68,70,76
"1726",4938,1,1194,1,68,69,75
"1727",4996,1,2839,1,68,70,75
"1728",5247,1,6445,1,71,72,76
"1729",5324,1,7152,1,69,71,76
"1730",5537,1,875,1,71,73,78
"1731",5880,1,2302,1,69,71,75
"1732",6078,1,6989,1,69,72,77
"1733",6203,1,6989,1,69,71,75
"1734",6563,1,8670,1,68,69,74
"1735",6645,1,6767,1,67,70,75
"1736",6862,1,196,1,72,73,78
"1737",6882,1,7086,1,68,69,74
"1738",7168,1,8132,1,72,73,77
"1739",7179,1,3244,1,71,72,77
"1740",7322,1,8614,1,68,70,76
"1741",7493,1,839,1,70,71,76
"1742",7920,1,3036,1,72,73,77
"1743",8132,1,9128,1,69,70,75
"1744",8391,1,270,1,69,71,76
"1745",8443,1,8358,1,69,70,77
"1746",8447,1,166,1,70,72,76
"1747",8514,1,5917,1,69,71,76
"1748",8519,1,3230,1,72,73,78
"1749",8757,1,8683,1,67,70,75
"1750",9461,1,7086,1,68,71,75
"1751",9768,1,3036,1,71,72,76
"1752",10004,1,10092,1,69,71,76
"1753",10019,1,6978,1,69,72,81
"1754",10059,1,9219,1,69,70,76
"1755",10078,1,9585,1,69,71,77
"1756",10214,1,1183,1,72,73,78
"1757",10255,1,3633,1,67,70,78
"1758",10357,1,1571,1,70,71,76
"1759",14,1,625,1,68,70,76
"1760",436,1,10092,1,71,74,80
"1761",565,1,843,1,72,74,84
"1762",1089,1,3942,1,70,72,75
"1763",1279,1,10019,1,73,74,81
"1764",1457,1,7183,1,73,74,77
"1765",1690,1,1511,1,71,72,79
"1766",1976,1,4690,1,72,74,78
"1767",2243,1,9829,1,73,74,77
"1768",2632,1,6989,1,70,71,77
"1769",2652,1,2664,1,69,70,77
"1770",2706,1,363,1,73,74,79
"1771",2796,1,917,1,72,73,79
"1772",3105,1,917,1,72,73,78
"1773",3359,1,62,1,73,74,82
"1774",3809,1,917,1,72,73,78
"1775",4364,1,2216,1,70,71,76
"1776",4471,1,3435,1,72,74,81
"1777",4476,1,2121,1,72,73,78
"1778",4553,1,4938,1,70,71,76
"1779",4609,1,4530,1,69,71,76
"1780",4823,1,6179,1,72,73,81
"1781",4992,1,8400,1,68,71,76
"1782",5068,1,918,1,73,74,78
"1783",5127,1,4389,1,72,73,78
"1784",5198,1,10357,1,72,73,79
"1785",5230,1,9811,1,71,73,77
"1786",5298,1,3974,1,71,73,80
"1787",5325,1,5099,1,69,71,77
"1788",5397,1,9400,1,72,74,79
"1789",5846,1,726,1,67,68,75
"1790",6137,1,6068,1,69,72,78
"1791",6250,1,6395,1,69,70,75
"1792",6257,1,533,1,71,72,76
"1793",6281,1,7177,1,68,71,76
"1794",6401,1,10004,1,72,74,78
"1795",6445,1,2774,1,68,70,76
"1796",6963,1,625,1,69,72,78
"1797",7183,1,3195,1,68,72,76
"1798",7224,1,31,1,67,69,75
"1799",8326,1,8562,1,72,74,79
"1800",8331,1,4187,1,70,72,76
"1801",8338,1,6281,1,72,74,81
"1802",8759,1,1039,1,67,70,76
"1803",9735,1,196,1,72,74,79
"1804",9776,1,6626,1,69,71,77
"1805",10071,1,9420,1,66,68,76
"1806",167,1,901,1,74,75,81
"1807",196,1,8858,1,69,71,77
"1808",212,1,4269,1,72,73,78
"1809",363,1,4938,1,70,72,77
"1810",409,1,270,1,71,73,79
"1811",526,1,8447,1,73,75,81
"1812",918,1,9219,1,71,72,79
"1813",943,1,718,1,70,72,78
"1814",1165,1,10092,1,68,71,76
"1815",1167,1,8664,1,70,72,77
"1816",1499,1,7183,1,74,75,82
"1817",1552,1,8582,1,68,70,76
"1818",1591,1,7388,1,69,70,76
"1819",1661,1,5636,1,70,74,79
"1820",2009,1,9829,1,73,74,79
"1821",2044,1,2427,1,69,72,77
"1822",2245,1,9219,1,69,71,76
"1823",2946,1,3244,1,71,72,78
"1824",3042,1,14,1,70,72,78
"1825",3294,1,1430,1,72,74,78
"1826",3311,1,2338,1,74,75,82
"1827",3384,1,4488,1,68,71,78
"1828",3470,1,713,1,71,72,77
"1829",3647,1,590,1,68,71,77
"1830",3812,1,1688,1,69,71,78
"1831",3828,1,6693,1,71,73,80
"1832",4331,1,8031,1,72,74,78
"1833",4371,1,905,1,73,74,78
"1834",4618,1,6329,1,73,75,79
"1835",5214,1,7322,1,72,75,81
"1836",5390,1,3597,1,65,70,77
"1837",5714,1,5764,1,68,71,77
"1838",6156,1,4693,1,70,74,77
"1839",6421,1,8271,1,68,70,76
"1840",6630,1,2564,1,73,75,80
"1841",7050,1,9768,1,74,75,80
"1842",7378,1,4015,1,73,74,78
"1843",7813,1,1591,1,72,74,80
"1844",8031,1,1790,1,69,71,79
"1845",8284,1,3615,1,68,70,76
"1846",8397,1,5684,1,67,71,78
"1847",8480,1,4314,1,72,73,79
"1848",8892,1,7883,1,70,73,78
"1849",8951,1,6978,1,70,73,78
"1850",9303,1,8328,1,73,75,81
"1851",9411,1,2575,1,72,73,76
"1852",9507,1,2139,1,68,70,77
"1853",9670,1,3327,1,65,71,76
"1854",9811,1,720,1,67,70,76
"1855",10017,1,3942,1,71,73,78
"1856",10128,1,4164,1,70,72,76
"1857",10290,1,3365,1,69,71,76
"1858",805,1,4946,1,68,73,81
"1859",1243,1,7322,1,72,74,77
"1860",1782,1,610,1,69,72,77
"1861",2016,1,4690,1,72,73,78
"1862",2534,1,905,1,72,76,81
"1863",2619,1,5689,1,73,75,81
"1864",2687,1,1244,1,70,72,77
"1865",2798,1,8331,1,73,75,80
"1866",2934,1,1996,1,71,73,77
"1867",3036,1,8125,1,67,70,78
"1868",3077,1,3812,1,72,73,78
"1869",3258,1,8434,1,70,72,78
"1870",3496,1,305,1,74,76,81
"1871",3837,1,718,1,72,74,82
"1872",4055,1,8005,1,73,75,80
"1873",4174,1,3919,1,74,76,81
"1874",4395,1,1183,1,73,74,83
"1875",4597,1,2859,1,66,72,79
"1876",4598,1,713,1,73,74,79
"1877",4828,1,4364,1,72,76,81
"1878",4866,1,2753,1,74,76,81
"1879",5109,1,1661,1,74,75,81
"1880",5193,1,4553,1,72,74,79
"1881",5199,1,3230,1,72,75,81
"1882",6115,1,6963,1,74,76,82
"1883",6295,1,6713,1,71,73,78
"1884",6381,1,8759,1,72,74,82
"1885",6713,1,4630,1,70,71,77
"1886",6884,1,8328,1,71,73,77
"1887",7147,1,1690,1,75,76,80
"1888",7280,1,5438,1,71,73,79
"1889",7376,1,3547,1,71,73,79
"1890",7817,1,10078,1,71,74,79
"1891",7921,1,10290,1,73,74,78
"1892",8560,1,10074,1,72,75,79
"1893",8623,1,8391,1,71,72,78
"1894",8800,1,2009,1,74,76,81
"1895",9099,1,3435,1,72,74,78
"1896",9122,1,375,1,71,74,79
"1897",9231,1,1167,1,73,75,79
"1898",9599,1,6413,1,69,71,77
"1899",9687,1,2104,1,68,71,77
"1900",9829,1,1874,1,68,72,77
"1901",10262,1,2044,1,74,76,80
"1902",58,1,7349,1,70,71,78
"1903",228,1,3077,1,75,77,81
"1904",252,1,1661,1,75,76,80
"1905",513,1,8514,1,72,73,79
"1906",911,1,5513,1,71,73,78
"1907",1012,1,958,1,72,75,81
"1908",1466,1,7989,1,69,72,79
"1909",1547,1,6882,1,71,73,78
"1910",1726,1,3077,1,74,76,79
"1911",2193,1,2366,1,76,77,81
"1912",2677,1,305,1,75,76,82
"1913",2698,1,734,1,72,74,79
"1914",2704,1,1729,1,76,77,81
"1915",2741,1,1552,1,71,74,79
"1916",2838,1,5198,1,74,76,82
"1917",2858,1,6153,1,76,77,85
"1918",3264,1,1959,1,74,76,81
"1919",3306,1,1552,1,72,76,83
"1920",3406,1,3042,1,73,75,81
"1921",3546,1,1167,1,74,75,83
"1922",3568,1,6137,1,74,76,81
"1923",3635,1,4553,1,72,73,80
"1924",3675,1,1562,1,71,72,78
"1925",4306,1,8519,1,74,76,83
"1926",4534,1,1959,1,76,77,82
"1927",4790,1,2632,1,74,76,82
"1928",4883,1,2706,1,75,77,81
"1929",4894,1,4823,1,74,75,82
"1930",5205,1,1690,1,72,74,80
"1931",5470,1,6663,1,69,73,78
"1932",5856,1,1547,1,74,75,78
"1933",5879,1,6329,1,74,76,81
"1934",6005,1,6413,1,70,72,79
"1935",6297,1,3635,1,74,77,81
"1936",6334,1,6445,1,72,73,78
"1937",6337,1,7683,1,73,74,78
"1938",6412,1,1547,1,75,77,84
"1939",6695,1,4204,1,74,77,81
"1940",6774,1,3165,1,73,75,81
"1941",6793,1,7349,1,74,76,81
"1942",6936,1,7266,1,74,76,81
"1943",7568,1,5714,1,73,75,78
"1944",7569,1,1330,1,71,74,81
"1945",8568,1,7921,1,75,77,82
"1946",8663,1,8951,1,74,76,80
"1947",8766,1,8447,1,74,76,80
"1948",8803,1,618,1,70,74,79
"1949",9131,1,3173,1,72,74,78
"1950",9311,1,4905,1,71,73,79
"1951",9508,1,9768,1,73,75,80
"1952",9673,1,3809,1,76,77,82
"1953",9677,1,7376,1,74,75,79
"1954",9701,1,9507,1,72,74,80
"1955",10104,1,8331,1,73,75,80
"1956",10148,1,3105,1,74,76,83
"1957",10184,1,1874,1,70,72,78
"1958",10281,1,14,1,71,73,78
"1959",218,1,2796,1,74,75,80
"1960",423,1,2534,1,77,78,85
"1961",438,1,6329,1,74,76,83
"1962",541,1,7348,1,74,76,82
"1963",796,1,4823,1,76,77,82
"1964",1032,1,3199,1,71,73,80
"1965",1402,1,9303,1,76,77,82
"1966",1415,1,5688,1,75,76,81
"1967",1421,1,9909,1,74,77,82
"1968",1452,1,4476,1,75,77,82
"1969",1612,1,4553,1,73,74,79
"1970",1651,1,8514,1,72,74,79
"1971",1793,1,8391,1,74,76,81
"1972",2210,1,3833,1,73,75,80
"1973",2366,1,5390,1,71,74,79
"1974",2504,1,300,1,72,75,80
"1975",2581,1,917,1,73,76,80
"1976",2764,1,7224,1,70,74,80
"1977",2963,1,7813,1,75,76,82
"1978",3321,1,8338,1,75,76,80
"1979",3668,1,3105,1,74,77,82
"1980",3784,1,3105,1,75,76,81
"1981",3808,1,6257,1,75,77,82
"1982",4015,1,1068,1,72,73,79
"1983",4985,1,10016,1,74,75,81
"1984",5266,1,2016,1,74,75,79
"1985",5386,1,1457,1,76,77,81
"1986",5688,1,3258,1,73,74,79
"1987",5759,1,9219,1,70,73,80
"1988",5866,1,9311,1,76,78,85
"1989",6060,1,918,1,74,76,82
"1990",6101,1,10074,1,73,75,79
"1991",6166,1,8489,1,77,78,86
"1992",6379,1,7920,1,75,78,84
"1993",6795,1,2632,1,73,76,81
"1994",7266,1,6421,1,71,73,79
"1995",7386,1,2753,1,74,77,82
"1996",7542,1,7453,1,77,78,82
"1997",7554,1,1571,1,70,74,79
"1998",7560,1,9701,1,76,77,81
"1999",7892,1,7183,1,74,77,83
"2000",8046,1,7348,1,74,75,81
"2001",8109,1,513,1,74,75,82
"2002",8597,1,8572,1,77,78,86
"2003",8660,1,8926,1,70,74,79
"2004",8743,1,4693,1,71,73,79
"2005",8919,1,901,1,73,74,81
"2006",9147,1,6695,1,77,78,84
"2007",9418,1,3279,1,74,75,81
"2008",9553,1,1729,1,75,77,81
"2009",9905,1,4174,1,76,78,83
"2010",172,1,911,1,73,75,80
"2011",305,1,2575,1,71,74,81
"2012",592,1,10255,1,74,76,81
"2013",1041,1,9279,1,72,74,82
"2014",1285,1,1452,1,78,79,84
"2015",1600,1,10078,1,72,74,80
"2016",1994,1,7569,1,74,77,81
"2017",2298,1,3164,1,71,72,80
"2018",2589,1,3425,1,74,76,83
"2019",2683,1,6215,1,77,79,84
"2020",2908,1,1600,1,75,76,82
"2021",3118,1,7920,1,74,78,81
"2022",3134,1,3499,1,72,74,81
"2023",3340,1,6862,1,74,75,82
"2024",3425,1,7504,1,71,73,80
"2025",3595,1,1651,1,75,78,84
"2026",3604,1,5438,1,71,73,80
"2027",3920,1,7286,1,77,78,81
"2028",4709,1,1167,1,74,78,84
"2029",4765,1,4015,1,75,77,82
"2030",4781,1,2504,1,76,78,86
"2031",5173,1,172,1,77,79,86
"2032",5336,1,5298,1,75,77,81
"2033",5393,1,4598,1,74,76,81
"2034",5509,1,3984,1,76,79,85
"2035",5954,1,1959,1,76,78,85
"2036",6011,1,6963,1,74,76,82
"2037",6038,1,8414,1,71,73,80
"2038",6153,1,6417,1,72,75,81
"2039",6215,1,2946,1,74,76,81
"2040",6551,1,593,1,74,76,80
"2041",6682,1,377,1,74,75,80
"2042",6854,1,3974,1,74,76,81
"2043",6861,1,4618,1,77,78,81
"2044",6880,1,2044,1,74,76,82
"2045",7142,1,6337,1,75,78,86
"2046",7286,1,5127,1,75,76,81
"2047",7326,1,4269,1,74,75,81
"2048",7453,1,6862,1,75,77,82
"2049",7587,1,6153,1,76,78,83
"2050",7938,1,1976,1,75,77,83
"2051",8067,1,6257,1,75,79,86
"2052",8368,1,7185,1,71,75,80
"2053",8372,1,8046,1,75,76,82
"2054",8533,1,1165,1,72,75,81
"2055",8553,1,1820,1,72,74,80
"2056",8572,1,1820,1,72,75,82
"2057",9334,1,1612,1,75,79,84
"2058",9365,1,7921,1,76,77,83
"2059",9791,1,8109,1,75,77,82
"2060",9981,1,9231,1,76,78,85
"2061",54,1,7921,1,76,78,85
"2062",102,1,526,1,76,79,83
"2063",266,1,6297,1,78,80,86
"2064",906,1,7147,1,78,79,83
"2065",1211,1,14,1,72,74,81
"2066",1406,1,5879,1,78,80,86
"2067",1489,1,7617,1,79,80,87
"2068",2038,1,5393,1,78,80,84
"2069",2150,1,7883,1,70,77,81
"2070",2233,1,8919,1,75,78,83
"2071",2411,1,167,1,76,78,83
"2072",2499,1,4985,1,78,80,87
"2073",2827,1,438,1,78,80,84
"2074",2861,1,2366,1,76,77,82
"2075",2956,1,7050,1,76,77,84
"2076",3024,1,4461,1,78,80,85
"2077",3415,1,2009,1,75,76,85
"2078",3618,1,2706,1,75,78,83
"2079",3738,1,9311,1,73,75,84
"2080",3791,1,3415,1,77,78,81
"2081",3907,1,6905,1,71,76,81
"2082",3984,1,2687,1,74,75,82
"2083",4059,1,5109,1,76,78,83
"2084",4539,1,8046,1,75,77,84
"2085",4615,1,172,1,76,79,83
"2086",4759,1,5214,1,76,78,82
"2087",4846,1,911,1,76,77,84
"2088",5320,1,796,1,77,78,83
"2089",5526,1,8919,1,76,77,83
"2090",5549,1,6153,1,76,79,83
"2091",5951,1,6215,1,77,79,84
"2092",6197,1,8800,1,78,79,83
"2093",6248,1,3294,1,75,77,82
"2094",6275,1,10262,1,77,79,83
"2095",6307,1,10262,1,77,78,83
"2096",6440,1,2366,1,77,79,84
"2097",6586,1,1457,1,75,77,82
"2098",7201,1,7386,1,78,79,84
"2099",7341,1,9231,1,76,77,83
"2100",7419,1,5688,1,75,78,83
"2101",7617,1,7920,1,75,78,83
"2102",8034,1,2447,1,75,77,84
"2103",8079,1,796,1,78,79,85
"2104",8097,1,4306,1,78,80,85
"2105",8489,1,10290,1,74,75,81
"2106",8503,1,3604,1,74,76,84
"2107",8546,1,3809,1,73,76,83
"2108",9039,1,6381,1,75,77,81
"2109",9210,1,6203,1,74,78,86
"2110",9352,1,8387,1,78,80,85
"2111",9555,1,6586,1,78,79,85
"2112",9653,1,6257,1,74,77,83
"2113",9850,1,3738,1,76,78,81
"2114",10070,1,377,1,75,78,84
"2115",10111,1,4598,1,75,77,83
"2116",20,1,1636,1,77,79,84
"2117",475,1,7419,1,80,81,87
"2118",676,1,1636,1,77,78,83
"2119",804,1,7050,1,77,79,85
"2120",1059,1,9122,1,75,76,82
"2121",1226,1,6551,1,78,81,85
"2122",1277,1,7742,1,80,81,87
"2123",1400,1,2298,1,73,77,83
"2124",1431,1,6379,1,79,81,90
"2125",1636,1,6078,1,74,76,82
"2126",1637,1,5068,1,75,78,85
"2127",1737,1,2956,1,78,80,86
"2128",1764,1,526,1,77,80,86
"2129",1936,1,3738,1,77,80,84
"2130",2059,1,3828,1,74,77,83
"2131",2343,1,5173,1,79,81,86
"2132",2559,1,3415,1,77,80,85
"2133",2585,1,8951,1,74,76,82
"2134",2714,1,10016,1,73,75,82
"2135",3256,1,8533,1,76,77,84
"2136",3301,1,4330,1,79,81,84
"2137",3504,1,5214,1,76,79,83
"2138",3976,1,1764,1,80,81,86
"2139",4298,1,1041,1,77,79,84
"2140",4330,1,6401,1,75,78,83
"2141",4461,1,10110,1,73,77,85
"2142",4748,1,6137,1,74,76,83
"2143",4821,1,2861,1,77,78,82
"2144",5300,1,4583,1,79,81,86
"2145",5323,1,4790,1,77,79,83
"2146",5585,1,3311,1,75,77,82
"2147",5643,1,8480,1,76,77,82
"2148",5659,1,9701,1,76,78,85
"2149",5931,1,9231,1,77,79,84
"2150",5983,1,9231,1,77,79,85
"2151",6012,1,1793,1,77,80,87
"2152",6199,1,3042,1,75,78,83
"2153",6206,1,3735,1,80,81,87
"2154",6438,1,4823,1,73,77,82
"2155",6463,1,4790,1,78,81,87
"2156",6631,1,592,1,77,78,83
"2157",6820,1,1000,1,74,78,82
"2158",7155,1,8046,1,76,78,83
"2159",7563,1,8560,1,75,77,82
"2160",7742,1,3294,1,76,78,82
"2161",7943,1,8503,1,78,80,86
"2162",8245,1,7617,1,80,81,85
"2163",8253,1,3264,1,78,80,86
"2164",8387,1,377,1,74,76,82
"2165",8804,1,3791,1,79,81,87
"2166",8881,1,10281,1,75,78,82
"2167",9387,1,1279,1,77,81,87
"2168",9583,1,7326,1,77,78,83
"2169",9752,1,3738,1,75,76,83
"2170",9821,1,9924,1,78,80,84
"2171",9824,1,4985,1,77,81,87
"2172",9924,1,2338,1,74,77,82
"2173",10106,1,3837,1,75,78,84
"2174",10182,1,9850,1,79,81,86
"2175",10317,1,6115,1,79,80,84
"2176",158,1,2499,1,80,81,86
"2177",861,1,4371,1,75,78,84
"2178",1425,1,3984,1,77,79,84
"2179",1427,1,3340,1,77,78,84
"2180",1573,1,1587,1,80,81,84
"2181",1585,1,9687,1,76,78,83
"2182",1663,1,8067,1,80,82,88
"2183",1733,1,6381,1,76,79,86
"2184",2156,1,3907,1,77,79,84
"2185",2885,1,6213,1,79,81,85
"2186",3064,1,1427,1,80,81,87
"2187",3695,1,3647,1,76,78,83
"2188",3898,1,8881,1,79,81,88
"2189",4032,1,8368,1,76,79,84
"2190",4334,1,4883,1,78,82,89
"2191",4791,1,7286,1,77,80,84
"2192",4824,1,5068,1,75,78,84
"2193",5167,1,8306,1,81,82,87
"2194",5314,1,1012,1,76,77,85
"2195",5412,1,8572,1,76,78,83
"2196",5765,1,6438,1,79,80,84
"2197",6316,1,6248,1,79,82,88
"2198",6632,1,3351,1,81,82,87
"2199",7236,1,4174,1,78,81,87
"2200",7451,1,1452,1,77,79,84
"2201",7910,1,6774,1,77,79,85
"2202",8226,1,1637,1,79,80,88
"2203",8462,1,4055,1,78,81,86
"2204",8883,1,2585,1,77,79,83
"2205",9193,1,3808,1,79,81,87
"2206",9439,1,2585,1,76,82,88
"2207",9848,1,8372,1,79,80,84
"2208",9951,1,8337,1,81,82,87
"2209",10170,1,6440,1,80,81,86
"2210",10376,1,4791,1,81,82,86
"2211",10390,1,8560,1,78,80,85
"2212",114,1,9791,1,79,81,87
"2213",123,1,4709,1,80,81,88
"2214",394,1,7341,1,80,81,86
"2215",562,1,6630,1,77,80,84
"2216",600,1,3695,1,80,81,85
"2217",831,1,6695,1,79,81,87
"2218",1189,1,10116,1,82,83,89
"2219",1332,1,9824,1,82,83,89
"2220",1357,1,3415,1,78,81,85
"2221",1384,1,5323,1,80,81,87
"2222",1420,1,2233,1,79,82,88
"2223",1574,1,387,1,80,82,86
"2224",2429,1,8338,1,76,79,84
"2225",2514,1,3406,1,77,80,84
"2226",3128,1,9583,1,79,81,85
"2227",3323,1,4127,1,81,83,89
"2228",3379,1,5585,1,79,81,85
"2229",3486,1,1211,1,76,79,85
"2230",3500,1,9039,1,79,81,90
"2231",3624,1,4330,1,79,82,87
"2232",3735,1,4790,1,78,79,85
"2233",4013,1,158,1,82,83,88
"2234",4178,1,3039,1,79,81,86
"2235",4247,1,8306,1,79,81,87
"2236",4400,1,3568,1,77,79,87
"2237",4402,1,661,1,82,83,87
"2238",4404,1,1012,1,76,78,84
"2239",4881,1,4461,1,79,81,86
"2240",5025,1,9034,1,82,83,88
"2241",5145,1,5412,1,80,83,88
"2242",5152,1,5585,1,80,82,89
"2243",5339,1,9653,1,79,81,87
"2244",5892,1,3340,1,77,80,85
"2245",6053,1,5654,1,82,83,87
"2246",6186,1,3907,1,78,81,86
"2247",6213,1,2704,1,78,79,84
"2248",6624,1,2366,1,75,79,84
"2249",7396,1,1452,1,80,82,88
"2250",7483,1,4781,1,79,82,86
"2251",8124,1,8067,1,80,83,88
"2252",8204,1,8660,1,77,79,86
"2253",8306,1,10104,1,77,79,86
"2254",8332,1,8097,1,81,82,85
"2255",8686,1,5983,1,81,83,88
"2256",8717,1,9981,1,80,81,85
"2257",9133,1,541,1,79,82,88
"2258",9172,1,438,1,77,80,85
"2259",9732,1,861,1,79,81,89
"2260",10116,1,5412,1,80,81,85
"2261",10309,1,4404,1,79,80,85
"2262",10388,1,6199,1,79,81,85
"2263",57,1,3920,1,79,81,86
"2264",371,1,9673,1,79,81,89
"2265",387,1,2956,1,78,79,86
"2266",568,1,8568,1,78,80,85
"2267",619,1,4400,1,81,82,88
"2268",661,1,6115,1,78,80,85
"2269",859,1,7742,1,81,83,86
"2270",1031,1,9791,1,78,80,85
"2271",1094,1,6337,1,76,79,85
"2272",1395,1,8883,1,80,82,87
"2273",1475,1,4334,1,82,83,88
"2274",1592,1,10177,1,83,84,88
"2275",1611,1,2514,1,82,83,90
"2276",1830,1,5028,1,83,84,91
"2277",1855,1,9039,1,78,79,85
"2278",1942,1,1764,1,82,83,90
"2279",1977,1,1059,1,78,79,87
"2280",1988,1,8067,1,81,82,86
"2281",2111,1,6197,1,81,83,87
"2282",2115,1,9821,1,82,84,90
"2283",2576,1,9555,1,80,81,86
"2284",2906,1,8379,1,81,84,89
"2285",3039,1,7569,1,76,78,85
"2286",3476,1,1936,1,82,83,89
"2287",3681,1,1994,1,79,81,85
"2288",3737,1,6551,1,78,81,85
"2289",4127,1,1793,1,79,80,85
"2290",4231,1,1499,1,78,79,85
"2291",4578,1,9508,1,77,78,85
"2292",4679,1,8337,1,81,83,87
"2293",4775,1,8597,1,78,81,86
"2294",5654,1,5951,1,80,81,85
"2295",5804,1,5314,1,78,81,86
"2296",6230,1,7453,1,80,84,90
"2297",6296,1,7396,1,83,84,88
"2298",6354,1,2858,1,79,80,85
"2299",6525,1,3976,1,82,83,89
"2300",6869,1,2514,1,83,84,89
"2301",6973,1,5298,1,78,82,88
"2302",7078,1,1764,1,82,84,91
"2303",7454,1,6586,1,79,83,89
"2304",7649,1,10193,1,81,82,87
"2305",7982,1,2956,1,79,84,89
"2306",8089,1,2827,1,81,83,87
"2307",8337,1,7587,1,79,80,86
"2308",8366,1,5323,1,81,82,89
"2309",8454,1,8079,1,80,81,86
"2310",8833,1,1499,1,79,82,87
"2311",9373,1,7910,1,81,83,90
"2312",9546,1,2429,1,80,82,85
"2313",9547,1,804,1,80,82,87
"2314",9578,1,5659,1,79,81,86
"2315",9723,1,423,1,79,81,86
"2316",9783,1,10390,1,81,82,86
"2317",10179,1,9039,1,79,80,85
"2318",10193,1,10106,1,79,80,85
"2319",29,1,9352,1,83,85,90
"2320",758,1,4775,1,83,85,92
"2321",825,1,5983,1,80,82,88
"2322",989,1,3321,1,78,80,86
"2323",1282,1,906,1,80,84,89
"2324",1320,1,8306,1,81,82,89
"2325",1474,1,5300,1,82,85,89
"2326",1587,1,2585,1,77,79,87
"2327",1588,1,796,1,78,81,86
"2328",1633,1,7286,1,79,81,88
"2329",1674,1,4821,1,81,83,89
"2330",2168,1,9373,1,83,85,91
"2331",2254,1,1094,1,81,83,90
"2332",2898,1,9122,1,78,79,87
"2333",2977,1,989,1,82,84,90
"2334",3285,1,8663,1,77,78,86
"2335",3386,1,10317,1,82,83,88
"2336",3648,1,796,1,79,81,86
"2337",3664,1,3486,1,81,82,88
"2338",3772,1,8597,1,80,81,86
"2339",3982,1,1936,1,82,84,88
"2340",4053,1,661,1,82,84,89
"2341",4057,1,2858,1,80,82,87
"2342",4111,1,6053,1,84,85,91
"2343",4181,1,252,1,78,80,86
"2344",4290,1,4578,1,79,81,88
"2345",4292,1,1585,1,80,84,88
"2346",4327,1,6624,1,80,81,86
"2347",4368,1,10309,1,81,82,86
"2348",4583,1,7569,1,76,78,86
"2349",4685,1,1733,1,80,81,86
"2350",5222,1,2963,1,78,82,87
"2351",5326,1,8046,1,78,81,86
"2352",5945,1,4596,1,83,84,91
"2353",6415,1,1936,1,81,84,88
"2354",6437,1,6624,1,83,85,91
"2355",6441,1,5892,1,82,84,88
"2356",6980,1,1587,1,81,82,87
"2357",7154,1,7582,1,83,85,90
"2358",7582,1,906,1,80,81,87
"2359",7591,1,1855,1,80,82,87
"2360",7648,1,8090,1,84,85,88
"2361",7731,1,54,1,79,82,88
"2362",8090,1,9365,1,80,82,87
"2363",8133,1,619,1,83,84,88
"2364",8156,1,8245,1,83,85,88
"2365",8378,1,10182,1,82,84,89
"2366",8379,1,3695,1,79,81,86
"2367",8517,1,6632,1,83,85,89
"2368",8701,1,6973,1,84,85,92
"2369",9770,1,9334,1,80,82,88
"2370",9884,1,5983,1,82,83,89
"2371",9936,1,7649,1,83,84,89
"2372",10150,1,7542,1,79,81,87
"2373",174,1,8366,1,84,86,91
"2374",401,1,9583,1,80,83,88
"2375",457,1,8550,1,85,86,92
"2376",1429,1,9884,1,84,85,91
"2377",1579,1,8782,1,85,86,92
"2378",1810,1,3486,1,81,83,88
"2379",1856,1,2499,1,81,84,89
"2380",1969,1,10179,1,81,83,89
"2381",1981,1,4231,1,81,83,88
"2382",2333,1,8378,1,84,86,90
"2383",2344,1,10179,1,82,86,93
"2384",2350,1,568,1,82,84,89
"2385",2436,1,3427,1,83,85,89
"2386",2996,1,8253,1,81,83,89
"2387",2998,1,825,1,83,85,89
"2388",3228,1,9770,1,83,85,90
"2389",3518,1,2559,1,81,85,89
"2390",3814,1,9039,1,79,82,88
"2391",4142,1,1277,1,84,86,92
"2392",4339,1,9783,1,83,85,89
"2393",4432,1,10070,1,80,82,87
"2394",4537,1,9547,1,84,86,90
"2395",4808,1,3737,1,82,83,87
"2396",5028,1,804,1,80,81,87
"2397",5315,1,4181,1,81,82,88
"2398",5791,1,695,1,84,86,94
"2399",5831,1,9821,1,81,83,87
"2400",6006,1,4679,1,84,86,94
"2401",6377,1,4290,1,82,83,87
"2402",6388,1,7545,1,84,86,90
"2403",6718,1,8560,1,77,81,88
"2404",6799,1,9272,1,82,84,89
"2405",6922,1,8686,1,83,86,92
"2406",7018,1,2038,1,81,82,87
"2407",7321,1,8568,1,79,84,90
"2408",7347,1,8883,1,80,82,90
"2409",7472,1,8366,1,83,86,91
"2410",7709,1,6861,1,79,81,87
"2411",8074,1,1395,1,83,85,92
"2412",8136,1,7563,1,80,83,88
"2413",8550,1,8253,1,81,83,89
"2414",9034,1,4821,1,79,81,87
"2415",9051,1,3024,1,83,85,91
"2416",9272,1,796,1,80,81,88
"2417",9413,1,2168,1,85,86,91
"2418",9933,1,9439,1,83,85,89
"2419",10244,1,7731,1,83,85,91
"2420",10302,1,2861,1,80,81,87
"2421",10312,1,7591,1,83,84,90
"2422",10374,1,1810,1,84,85,89
"2423",10385,1,6215,1,78,84,88
"2424",544,1,4057,1,83,85,92
"2425",652,1,4059,1,80,82,88
"2426",695,1,1425,1,80,82,88
"2427",965,1,4596,1,84,85,91
"2428",983,1,7236,1,83,85,93
"2429",1067,1,2156,1,79,81,89
"2430",1155,1,10179,1,82,86,91
"2431",1622,1,2476,1,85,87,91
"2432",1686,1,3184,1,84,87,92
"2433",1714,1,4402,1,84,86,92
"2434",2054,1,3976,1,82,85,90
"2435",2082,1,8804,1,83,85,91
"2436",2149,1,475,1,83,84,89
"2437",2476,1,6012,1,82,83,89
"2438",2545,1,6206,1,83,85,88
"2439",2617,1,8372,1,77,82,88
"2440",2812,1,2514,1,82,84,92
"2441",2888,1,758,1,86,87,93
"2442",2966,1,5326,1,82,83,88
"2443",3351,1,4461,1,80,81,88
"2444",3427,1,4400,1,80,82,88
"2445",3609,1,5028,1,83,86,92
"2446",3939,1,3476,1,85,86,90
"2447",4349,1,9821,1,82,85,91
"2448",4596,1,2956,1,79,82,88
"2449",4896,1,1332,1,85,87,92
"2450",5013,1,2590,1,86,87,93
"2451",5080,1,1574,1,84,85,90
"2452",5100,1,2827,1,83,84,90
"2453",5114,1,10376,1,83,85,89
"2454",5143,1,661,1,82,83,88
"2455",5473,1,9172,1,84,87,92
"2456",5916,1,2429,1,80,84,91
"2457",5981,1,562,1,81,84,88
"2458",6192,1,10376,1,83,85,89
"2459",6312,1,7938,1,78,81,90
"2460",6344,1,1226,1,82,84,90
"2461",6403,1,7910,1,80,83,89
"2462",6462,1,7163,1,86,87,91
"2463",6813,1,695,1,83,84,88
"2464",6942,1,5931,1,81,83,88
"2465",6944,1,10376,1,83,85,90
"2466",7838,1,394,1,83,84,91
"2467",8336,1,6012,1,82,83,88
"2468",8469,1,5981,1,85,87,92
"2469",8571,1,6525,1,84,86,93
"2470",9166,1,2313,1,86,87,92
"2471",9171,1,5931,1,81,84,89
"2472",9586,1,5509,1,81,83,88
"2473",9751,1,1855,1,80,83,89
"2474",9818,1,8686,1,84,86,91
"2475",9871,1,10317,1,83,86,90
"2476",10177,1,2156,1,81,83,88
"2477",10220,1,619,1,82,84,89
"2478",11,1,5222,1,84,86,90
"2479",51,1,2966,1,84,87,93
"2480",68,1,1481,1,86,88,92
"2481",350,1,1126,1,84,85,91
"2482",629,1,6230,1,85,87,91
"2483",927,1,3664,1,83,85,90
"2484",1063,1,1067,1,83,86,94
"2485",1126,1,8883,1,80,84,90
"2486",1144,1,6624,1,80,85,89
"2487",1307,1,1126,1,85,86,92
"2488",1379,1,3301,1,83,85,91
"2489",1382,1,8282,1,85,87,92
"2490",1399,1,7982,1,85,87,93
"2491",1464,1,804,1,80,84,89
"2492",1630,1,9884,1,86,88,93
"2493",1645,1,2787,1,87,88,94
"2494",2100,1,5167,1,84,86,91
"2495",2313,1,9770,1,84,85,91
"2496",2473,1,7982,1,86,87,93
"2497",2590,1,8226,1,82,84,91
"2498",2710,1,9198,1,86,88,93
"2499",2914,1,9272,1,82,85,90
"2500",2942,1,9171,1,85,86,92
"2501",3050,1,6296,1,85,88,94
"2502",3149,1,4461,1,80,84,90
"2503",3188,1,475,1,86,87,93
"2504",3391,1,1942,1,85,86,91
"2505",3771,1,10390,1,81,83,89
"2506",3855,1,4685,1,83,85,91
"2507",4579,1,9586,1,85,86,91
"2508",4746,1,8852,1,87,88,93
"2509",4871,1,8580,1,85,86,92
"2510",4978,1,9824,1,83,87,90
"2511",5181,1,10170,1,82,84,90
"2512",5188,1,3330,1,85,87,91
"2513",5264,1,8282,1,86,88,94
"2514",5294,1,1481,1,86,88,94
"2515",5453,1,6312,1,83,84,89
"2516",5480,1,2350,1,86,88,93
"2517",5552,1,6230,1,85,87,92
"2518",5803,1,9848,1,83,85,91
"2519",5836,1,9884,1,84,86,91
"2520",6300,1,9547,1,85,86,92
"2521",6505,1,5453,1,84,86,91
"2522",6748,1,9373,1,85,86,91
"2523",6912,1,4368,1,84,85,92
"2524",6962,1,1942,1,84,87,92
"2525",6965,1,1574,1,84,86,92
"2526",7163,1,5300,1,82,85,90
"2527",7595,1,158,1,83,85,90
"2528",7641,1,9884,1,84,86,90
"2529",8692,1,1431,1,85,87,91
"2530",8782,1,6718,1,82,84,90
"2531",9040,1,1126,1,85,86,91
"2532",9181,1,2812,1,84,86,90
"2533",9339,1,4057,1,84,86,91
"2534",9407,1,3664,1,84,87,93
"2535",9434,1,568,1,82,84,89
"2536",9503,1,1693,1,86,88,94
"2537",9611,1,6441,1,85,87,92
"2538",9748,1,1714,1,87,88,92
"2539",10036,1,2149,1,85,87,91
"2540",10057,1,6192,1,86,88,92
"2541",10213,1,4057,1,83,86,90
"2542",10352,1,7451,1,81,85,89
"2543",10359,1,9352,1,84,85,91
"2544",940,1,5181,1,84,88,93
"2545",1120,1,1856,1,86,87,93
"2546",1481,1,5152,1,83,85,91
"2547",1791,1,4579,1,87,88,92
"2548",1834,1,3039,1,81,86,91
"2549",1974,1,10193,1,80,84,90
"2550",2346,1,4596,1,84,85,92
"2551",2561,1,9168,1,84,86,91
"2552",2609,1,8580,1,84,86,91
"2553",2845,1,5063,1,88,89,94
"2554",3061,1,8133,1,87,88,95
"2555",3307,1,4292,1,85,88,92
"2556",3330,1,3771,1,84,85,90
"2557",3364,1,4402,1,84,86,91
"2558",3482,1,4349,1,85,87,93
"2559",4066,1,2436,1,86,87,92
"2560",4099,1,7321,1,85,87,94
"2561",4466,1,9783,1,82,84,91
"2562",4474,1,10158,1,85,87,92
"2563",4756,1,5916,1,84,86,92
"2564",4776,1,6944,1,86,88,93
"2565",5244,1,7648,1,86,88,94
"2566",5281,1,10177,1,86,89,95
"2567",5442,1,2827,1,82,86,93
"2568",5666,1,6944,1,85,87,92
"2569",5676,1,6012,1,83,85,90
"2570",5784,1,10312,1,84,87,92
"2571",6701,1,1573,1,83,88,92
"2572",6875,1,5181,1,85,88,93
"2573",6930,1,10213,1,87,89,94
"2574",7048,1,4596,1,84,85,90
"2575",7406,1,10150,1,83,87,93
"2576",7545,1,7018,1,83,84,90
"2577",7701,1,5080,1,86,88,94
"2578",7786,1,5290,1,88,89,94
"2579",7808,1,2545,1,86,87,92
"2580",8282,1,5145,1,84,85,91
"2581",8580,1,3379,1,82,83,90
"2582",8669,1,9770,1,84,87,92
"2583",8852,1,3128,1,83,85,92
"2584",8879,1,2350,1,85,87,91
"2585",9168,1,102,1,82,84,91
"2586",9198,1,825,1,83,85,91
"2587",9435,1,7321,1,85,87,91
"2588",10112,1,5315,1,84,86,91
"2589",10158,1,3771,1,84,85,90
"2590",10167,1,401,1,85,87,95
"2591",22,1,2473,1,89,90,95
"2592",972,1,7648,1,86,90,95
"2593",1062,1,2100,1,86,89,93
"2594",1699,1,4142,1,86,88,92
"2595",1941,1,5866,1,84,86,91
"2596",2389,1,7048,1,86,89,93
"2597",2543,1,5025,1,84,86,91
"2598",2658,1,8571,1,87,89,94
"2599",2737,1,2100,1,87,90,96
"2600",2907,1,8879,1,88,90,98
"2601",3184,1,3486,1,80,83,92
"2602",3193,1,5981,1,86,88,92
"2603",3442,1,6505,1,87,88,92
"2604",3460,1,1384,1,82,87,93
"2605",3706,1,2149,1,85,88,94
"2606",4065,1,7078,1,86,88,95
"2607",4089,1,475,1,82,86,92
"2608",4121,1,10312,1,85,87,91
"2609",4528,1,2343,1,82,87,92
"2610",4675,1,4013,1,86,88,93
"2611",4972,1,9051,1,87,88,92
"2612",5290,1,2476,1,85,87,91
"2613",5635,1,1451,1,88,89,93
"2614",6328,1,9884,1,85,86,91
"2615",6702,1,4339,1,87,88,93
"2616",6870,1,8074,1,85,86,91
"2617",7014,1,2812,1,88,89,93
"2618",7041,1,9936,1,85,87,93
"2619",7447,1,8571,1,87,89,94
"2620",7524,1,1120,1,88,90,95
"2621",7678,1,3427,1,84,86,91
"2622",7847,1,8336,1,84,86,92
"2623",7957,1,7218,1,88,90,94
"2624",8367,1,8136,1,85,88,93
"2625",8671,1,1888,1,88,90,95
"2626",8749,1,1579,1,86,89,94
"2627",8902,1,5916,1,87,88,93
"2628",8985,1,4808,1,84,88,95
"2629",9292,1,6208,1,89,90,99
"2630",9919,1,7982,1,85,89,95
"2631",10125,1,7591,1,84,85,91
"2632",168,1,600,1,83,87,92
"2633",500,1,6415,1,87,89,92
"2634",728,1,2590,1,85,89,96
"2635",845,1,9435,1,89,91,96
"2636",1300,1,7648,1,86,88,93
"2637",1321,1,3706,1,89,90,97
"2638",1561,1,5480,1,89,91,96
"2639",1576,1,4836,1,90,91,97
"2640",1606,1,5294,1,89,91,99
"2641",1693,1,8379,1,83,85,92
"2642",1888,1,7078,1,85,87,93
"2643",2072,1,7223,1,89,91,95
"2644",2466,1,568,1,83,86,92
"2645",2503,1,9198,1,86,87,92
"2646",2728,1,1399,1,89,90,96
"2647",2803,1,7154,1,87,90,96
"2648",2929,1,6377,1,84,87,92
"2649",3058,1,7018,1,84,86,92
"2650",3222,1,6944,1,86,89,94
"2651",3433,1,5784,1,88,90,95
"2652",3859,1,10312,1,87,89,93
"2653",3981,1,8580,1,89,90,96
"2654",4044,1,1382,1,89,90,96
"2655",4073,1,236,1,90,91,96
"2656",4518,1,1611,1,86,89,93
"2657",4585,1,8378,1,85,90,96
"2658",5063,1,1063,1,87,88,92
"2659",5221,1,4121,1,88,90,95
"2660",5414,1,1307,1,88,90,96
"2661",5461,1,7041,1,88,89,96
"2662",5488,1,1714,1,88,89,94
"2663",5806,1,2054,1,86,88,92
"2664",6126,1,9166,1,89,90,96
"2665",6208,1,4579,1,86,88,95
"2666",6661,1,5784,1,88,89,94
"2667",6704,1,10177,1,84,86,92
"2668",6866,1,4339,1,86,87,92
"2669",7085,1,8833,1,84,86,92
"2670",7218,1,8550,1,85,86,92
"2671",7252,1,1622,1,90,91,98
"2672",7307,1,2906,1,85,87,92
"2673",7340,1,1464,1,86,89,94
"2674",7413,1,6525,1,84,86,93
"2675",7996,1,6799,1,85,87,93
"2676",8957,1,1040,1,90,91,96
"2677",9032,1,6377,1,84,87,92
"2678",9213,1,3482,1,88,91,96
"2679",9380,1,3330,1,87,90,95
"2680",9463,1,3482,1,88,89,94
"2681",9569,1,728,1,89,90,96
"2682",9910,1,9439,1,85,89,93
"2683",10335,1,1475,1,86,88,93
"2684",186,1,3058,1,88,90,95
"2685",235,1,9413,1,87,89,94
"2686",236,1,6525,1,85,87,93
"2687",552,1,3706,1,89,92,100
"2688",609,1,3664,1,84,86,93
"2689",663,1,6702,1,89,92,96
"2690",738,1,4970,1,91,92,97
"2691",812,1,7847,1,88,91,96
"2692",1202,1,3939,1,87,89,94
"2693",1329,1,1579,1,87,90,94
"2694",1451,1,1693,1,86,87,93
"2695",1682,1,7085,1,87,89,95
"2696",1909,1,1974,1,87,89,95
"2697",2069,1,1969,1,84,87,93
"2698",2866,1,9569,1,91,92,98
"2699",2969,1,9936,1,84,86,93
"2700",3478,1,9166,1,89,91,96
"2701",3778,1,9171,1,86,88,94
"2702",3911,1,1202,1,90,92,99
"2703",4393,1,8984,1,90,92,97
"2704",4680,1,2344,1,87,89,95
"2705",4836,1,6912,1,88,89,93
"2706",4970,1,7982,1,85,89,96
"2707",5334,1,3460,1,88,91,98
"2708",5913,1,4008,1,90,91,96
"2709",5914,1,1066,1,91,92,96
"2710",6049,1,2071,1,86,89,94
"2711",6232,1,5945,1,86,87,93
"2712",6255,1,1062,1,90,92,96
"2713",6694,1,8671,1,91,92,97
"2714",7223,1,7163,1,87,88,93
"2715",7389,1,1379,1,86,90,95
"2716",7457,1,8089,1,85,87,93
"2717",7490,1,4053,1,86,88,93
"2718",7651,1,3771,1,84,85,93
"2719",7812,1,7701,1,89,91,95
"2720",7818,1,9413,1,88,89,94
"2721",8145,1,5746,1,90,92,98
"2722",8255,1,7641,1,89,91,97
"2723",8453,1,1693,1,86,88,95
"2724",8853,1,10057,1,90,91,96
"2725",9164,1,6505,1,88,91,97
"2726",9176,1,4978,1,89,90,96
"2727",9357,1,3706,1,88,89,94
"2728",9601,1,1579,1,87,89,95
"2729",9973,1,9407,1,88,90,95
"2730",10094,1,2845,1,91,92,96
"2731",10383,1,5676,1,86,88,93
"2732",367,1,7524,1,91,93,98
"2733",837,1,5281,1,90,91,96
"2734",935,1,6049,1,91,92,97
"2735",953,1,1686,1,87,90,95
"2736",1040,1,7041,1,88,90,95
"2737",1609,1,9569,1,91,92,98
"2738",1932,1,6232,1,91,92,99
"2739",1957,1,1144,1,87,93,98
"2740",2071,1,7018,1,83,86,94
"2741",2556,1,7648,1,87,89,94
"2742",2709,1,4065,1,90,92,98
"2743",2787,1,7731,1,84,86,95
"2744",3071,1,3307,1,90,93,99
"2745",3334,1,4066,1,91,92,97
"2746",3817,1,3222,1,90,93,99
"2747",3892,1,10213,1,87,89,94
"2748",3925,1,9228,1,90,91,97
"2749",4261,1,5552,1,88,89,94
"2750",4564,1,4142,1,88,89,94
"2751",4719,1,9228,1,89,92,97
"2752",5263,1,5063,1,90,91,95
"2753",5329,1,7060,1,88,91,97
"2754",5746,1,6704,1,88,89,97
"2755",5982,1,6702,1,89,91,95
"2756",6145,1,3939,1,88,90,96
"2757",6198,1,7786,1,90,92,96
"2758",6710,1,5503,1,91,92,97
"2759",7009,1,2417,1,91,92,97
"2760",7060,1,3364,1,86,87,94
"2761",7459,1,5221,1,91,93,97
"2762",7704,1,3609,1,88,91,97
"2763",7908,1,6930,1,90,93,97
"2764",8117,1,2476,1,86,90,94
"2765",8446,1,10380,1,91,92,98
"2766",8534,1,7848,1,89,92,97
"2767",9282,1,10167,1,88,92,96
"2768",10210,1,2473,1,88,92,99
"2769",10380,1,4756,1,88,90,94
"2770",199,1,6875,1,90,92,98
"2771",380,1,965,1,88,90,97
"2772",442,1,168,1,89,91,97
"2773",669,1,6232,1,89,92,98
"2774",689,1,1062,1,89,93,98
"2775",774,1,7060,1,89,91,97
"2776",1066,1,5264,1,89,90,95
"2777",2361,1,8141,1,92,94,102
"2778",2368,1,1606,1,91,94,99
"2779",2519,1,9435,1,88,89,95
"2780",2678,1,2845,1,91,94,99
"2781",3028,1,6208,1,89,91,98
"2782",3082,1,5555,1,93,94,98
"2783",3227,1,442,1,92,93,97
"2784",3313,1,7447,1,91,93,98
"2785",3733,1,4970,1,90,92,97
"2786",3819,1,4390,1,90,93,97
"2787",3946,1,5986,1,93,94,100
"2788",4008,1,7808,1,88,89,95
"2789",4637,1,629,1,89,91,96
"2790",4658,1,8984,1,91,92,97
"2791",4736,1,9228,1,91,93,99
"2792",5593,1,3433,1,91,94,98
"2793",5963,1,6702,1,88,90,95
"2794",6193,1,9154,1,93,94,99
"2795",6780,1,3442,1,91,93,99
"2796",7350,1,4504,1,92,94,101
"2797",7434,1,1040,1,91,93,97
"2798",7828,1,4896,1,88,92,98
"2799",7848,1,3518,1,86,89,96
"2800",7999,1,845,1,93,94,100
"2801",8053,1,4585,1,90,92,98
"2802",8141,1,1282,1,88,90,96
"2803",8322,1,1066,1,91,92,95
"2804",8380,1,5244,1,91,93,99
"2805",8984,1,8879,1,88,89,96
"2806",9218,1,6875,1,89,91,96
"2807",9228,1,8852,1,86,89,95
"2808",9549,1,9720,1,91,93,99
"2809",9645,1,6388,1,87,89,95
"2810",9720,1,4390,1,90,91,97
"2811",9794,1,7060,1,89,90,95
"2812",10067,1,8671,1,91,92,97
"2813",10080,1,6230,1,86,90,96
"2814",10153,1,5982,1,92,93,97
"2815",10248,1,7785,1,91,93,98
"2816",295,1,629,1,88,91,96
"2817",322,1,3478,1,92,93,98
"2818",343,1,8255,1,92,93,98
"2819",439,1,7701,1,90,91,97
"2820",752,1,2436,1,87,90,96
"2821",1154,1,7389,1,91,94,101
"2822",1392,1,295,1,93,95,101
"2823",1531,1,8322,1,93,95,99
"2824",2144,1,3188,1,90,92,96
"2825",2417,1,9611,1,89,90,97
"2826",2422,1,1120,1,89,91,96
"2827",2924,1,6930,1,90,92,96
"2828",4084,1,5414,1,91,94,102
"2829",4390,1,3184,1,86,88,96
"2830",4480,1,3763,1,92,93,99
"2831",4504,1,5244,1,89,91,97
"2832",4566,1,2069,1,89,93,99
"2833",4620,1,1674,1,85,89,96
"2834",5278,1,663,1,93,95,100
"2835",5441,1,2042,1,91,93,100
"2836",5495,1,3778,1,89,92,96
"2837",5903,1,3222,1,92,94,99
"2838",5988,1,4073,1,91,93,98
"2839",6180,1,4444,1,93,95,100
"2840",6764,1,3330,1,87,89,96
"2841",6778,1,9435,1,90,92,97
"2842",7030,1,7389,1,91,95,98
"2843",7122,1,2907,1,92,94,100
"2844",7358,1,9164,1,93,94,99
"2845",7369,1,1888,1,88,90,98
"2846",7555,1,68,1,89,91,96
"2847",8027,1,8984,1,90,92,97
"2848",8494,1,1062,1,90,93,98
"2849",9055,1,752,1,91,92,98
"2850",9114,1,9040,1,88,90,96
"2851",9154,1,5414,1,91,93,98
"2852",9337,1,7252,1,92,94,99
"2853",9486,1,7524,1,91,93,98
"2854",10365,1,8749,1,90,92,96
"2855",560,1,4970,1,90,91,97
"2856",570,1,2728,1,93,95,100
"2857",615,1,6255,1,92,93,97
"2858",919,1,3227,1,94,95,101
"2859",921,1,4504,1,92,94,98
"2860",979,1,4008,1,90,92,97
"2861",1174,1,4168,1,93,94,100
"2862",2042,1,4776,1,89,90,99
"2863",2318,1,9926,1,93,95,99
"2864",2675,1,7413,1,90,91,98
"2865",2862,1,2675,1,92,94,100
"2866",3113,1,2417,1,93,96,101
"2867",3160,1,2675,1,93,95,101
"2868",3235,1,2519,1,91,92,97
"2869",3607,1,7704,1,92,94,98
"2870",4168,1,3609,1,89,91,97
"2871",4184,1,9114,1,91,93,100
"2872",4275,1,442,1,92,95,101
"2873",4304,1,9926,1,93,96,100
"2874",4350,1,6049,1,90,92,97
"2875",4668,1,1630,1,89,91,97
"2876",4903,1,10094,1,94,95,99
"2877",5056,1,5334,1,94,96,102
"2878",5073,1,5914,1,93,95,101
"2879",5098,1,6694,1,93,95,101
"2880",5503,1,544,1,87,90,97
"2881",5555,1,6208,1,89,92,97
"2882",5711,1,5263,1,92,93,97
"2883",5986,1,7218,1,88,91,97
"2884",6932,1,2929,1,89,92,97
"2885",7037,1,1329,1,91,93,98
"2886",7233,1,8984,1,91,92,97
"2887",7312,1,5711,1,94,95,101
"2888",7374,1,4970,1,91,93,98
"2889",7476,1,4585,1,91,92,97
"2890",7580,1,3763,1,93,96,102
"2891",7785,1,68,1,89,90,97
"2892",7862,1,10057,1,89,92,100
"2893",8174,1,6661,1,91,94,101
"2894",8262,1,9166,1,90,93,98
"2895",8354,1,8027,1,93,95,99
"2896",8565,1,7704,1,92,93,98
"2897",8576,1,7369,1,92,95,102
"2898",8722,1,689,1,94,95,100
"2899",9558,1,7369,1,91,92,98
"2900",9630,1,774,1,92,93,99
"2901",9926,1,9645,1,91,92,97
"2902",10291,1,9549,1,94,95,100
"2903",242,1,4668,1,91,94,101
"2904",389,1,10075,1,94,95,102
"2905",480,1,5903,1,96,97,104
"2906",929,1,3992,1,96,97,104
"2907",1798,1,295,1,92,94,100
"2908",1972,1,4528,1,90,94,98
"2909",1979,1,4689,1,95,96,104
"2910",1998,1,1202,1,91,93,99
"2911",2603,1,7434,1,93,95,100
"2912",2997,1,2728,1,91,93,99
"2913",3099,1,10075,1,94,95,102
"2914",3763,1,5294,1,90,91,98
"2915",4120,1,4668,1,92,94,99
"2916",4268,1,5986,1,92,94,98
"2917",4415,1,7009,1,94,96,100
"2918",4444,1,6764,1,90,92,98
"2919",4632,1,5263,1,92,93,98
"2920",5011,1,2675,1,93,96,100
"2921",5061,1,2845,1,92,93,99
"2922",5131,1,1972,1,95,97,103
"2923",5483,1,1062,1,91,93,98
"2924",6063,1,1606,1,95,97,102
"2925",6322,1,9473,1,95,97,102
"2926",6366,1,2383,1,95,97,103
"2927",6715,1,5334,1,92,95,100
"2928",7561,1,4632,1,95,97,102
"2929",7928,1,2862,1,95,96,102
"2930",8794,1,9292,1,92,94,100
"2931",9240,1,4658,1,93,95,100
"2932",10134,1,7555,1,92,93,99
"2933",10198,1,2845,1,90,92,99
"2934",10355,1,837,1,93,95,100
"2935",26,1,295,1,94,95,100
"2936",47,1,4120,1,95,98,105
"2937",485,1,9337,1,95,97,102
"2938",539,1,1682,1,90,93,99
"2939",827,1,3733,1,93,94,101
"2940",936,1,560,1,94,98,103
"2941",1356,1,3744,1,94,96,102
"2942",1422,1,5278,1,95,97,102
"2943",1700,1,5593,1,95,96,101
"2944",1716,1,8262,1,94,95,99
"2945",1927,1,6680,1,94,95,101
"2946",2018,1,7999,1,96,98,106
"2947",2241,1,7014,1,91,92,99
"2948",2297,1,2709,1,94,96,101
"2949",2383,1,6930,1,92,94,99
"2950",3310,1,663,1,94,95,100
"2951",3493,1,8174,1,95,97,102
"2952",3744,1,560,1,92,93,99
"2953",3992,1,9218,1,93,95,101
"2954",4678,1,4275,1,96,97,104
"2955",4689,1,979,1,93,94,99
"2956",5034,1,6193,1,96,98,103
"2957",5564,1,6180,1,96,98,103
"2958",5902,1,5593,1,94,96,101
"2959",5990,1,7476,1,94,96,101
"2960",5998,1,5988,1,96,98,104
"2961",6814,1,10075,1,94,96,103
"2962",6991,1,4736,1,96,97,101
"2963",7737,1,8794,1,95,97,102
"2964",7740,1,4903,1,96,98,102
"2965",7978,1,615,1,95,96,101
"2966",8600,1,1957,1,96,98,103
"2967",8703,1,1932,1,93,95,103
"2968",9045,1,9473,1,96,98,103
"2969",9060,1,1356,1,97,98,103
"2970",9369,1,669,1,93,95,100
"2971",9473,1,935,1,93,95,100
"2972",10075,1,7848,1,90,93,99
"2973",10156,1,4480,1,94,96,101
"2974",81,1,5903,1,94,97,103
"2975",103,1,10365,1,93,95,101
"2976",105,1,8794,1,97,99,103
"2977",492,1,7312,1,96,97,102
"2978",719,1,3061,1,91,93,100
"2979",1113,1,8571,1,92,95,100
"2980",2107,1,7252,1,94,96,102
"2981",2130,1,7374,1,94,97,102
"2982",2367,1,5593,1,96,98,103
"2983",2415,1,4658,1,93,96,100
"2984",2732,1,5316,1,98,99,106
"2985",3749,1,2368,1,94,97,101
"2986",3860,1,7233,1,94,96,102
"2987",4182,1,9292,1,96,98,107
"2988",4193,1,4268,1,97,98,101
"2989",4807,1,6778,1,94,96,101
"2990",4832,1,3310,1,96,98,104
"2991",5316,1,7434,1,95,97,101
"2992",5565,1,1174,1,97,99,105
"2993",5726,1,7580,1,98,99,103
"2994",6651,1,5061,1,94,96,101
"2995",6680,1,7555,1,91,94,100
"2996",6747,1,8957,1,93,97,101
"2997",7416,1,4736,1,94,97,101
"2998",7520,1,5278,1,96,97,103
"2999",8302,1,8354,1,97,99,104
"3000",8754,1,5197,1,97,98,103
"3001",9093,1,6651,1,96,98,104
"3002",9221,1,5593,1,95,98,103
"3003",9264,1,1932,1,95,98,102
"3004",9300,1,2122,1,98,99,104
"3005",9330,1,6386,1,97,99,104
"3006",9443,1,8354,1,97,98,104
"3007",9624,1,10075,1,94,97,102
"3008",9664,1,8027,1,94,96,102
"3009",9974,1,4350,1,94,96,101
"3010",10060,1,5011,1,98,99,105
"3011",10120,1,3334,1,94,95,100
"3012",10176,1,186,1,93,96,102
"3013",10275,1,5329,1,94,95,101
"3014",490,1,1972,1,96,98,103
"3015",623,1,9154,1,94,97,105
"3016",802,1,1932,1,92,94,101
"3017",1060,1,4903,1,96,99,106
"3018",1082,1,1700,1,97,100,105
"3019",1095,1,5102,1,99,100,105
"3020",2090,1,9154,1,95,98,102
"3021",2122,1,4444,1,93,96,102
"3022",2228,1,2042,1,93,97,102
"3023",2358,1,9926,1,94,98,105
"3024",2497,1,4177,1,98,99,105
"3025",2639,1,4504,1,94,96,103
"3026",2669,1,10176,1,97,99,105
"3027",2671,1,5903,1,95,97,103
"3028",3239,1,560,1,94,97,102
"3029",3949,1,10075,1,96,98,105
"3030",4026,1,9164,1,93,95,101
"3031",4176,1,3493,1,98,100,106
"3032",4186,1,3313,1,95,98,104
"3033",4238,1,3313,1,94,95,101
"3034",4565,1,5903,1,95,97,102
"3035",5077,1,4480,1,95,97,101
"3036",5197,1,4350,1,93,96,101
"3037",5693,1,3082,1,97,99,104
"3038",6100,1,3860,1,96,99,106
"3039",6350,1,1972,1,96,97,104
"3040",6386,1,2709,1,95,96,101
"3041",6555,1,1154,1,97,98,105
"3042",6760,1,802,1,95,97,101
"3043",6782,1,3819,1,94,96,102
"3044",7089,1,935,1,93,95,101
"3045",7477,1,4585,1,94,99,103
"3046",8024,1,2383,1,95,96,102
"3047",8299,1,4764,1,97,99,103
"3048",8763,1,2671,1,98,99,104
"3049",9490,1,7089,1,96,100,107
"3050",9663,1,802,1,95,97,102
"3051",10190,1,7089,1,96,97,103
"3052",10329,1,5034,1,98,100,106
"3053",131,1,4689,1,95,97,102
"3054",1615,1,3082,1,96,97,103
"3055",2118,1,9264,1,99,101,107
"3056",2232,1,2090,1,99,101,106
"3057",2483,1,242,1,95,96,104
"3058",2813,1,2732,1,100,101,106
"3059",2825,1,802,1,95,97,104
"3060",2852,1,10156,1,97,99,104
"3061",2982,1,3113,1,97,98,105
"3062",2994,1,6760,1,99,100,107
"3063",3545,1,929,1,98,99,105
"3064",4128,1,6814,1,98,100,104
"3065",4372,1,1392,1,96,98,103
"3066",4451,1,936,1,99,100,104
"3067",4813,1,6760,1,100,101,108
"3068",5159,1,8794,1,96,98,104
"3069",5728,1,8794,1,95,96,102
"3070",6177,1,3310,1,98,99,105
"3071",6345,1,6100,1,99,101,105
"3072",6792,1,7520,1,98,100,107
"3073",6961,1,8380,1,94,96,102
"3074",7174,1,615,1,95,97,103
"3075",7357,1,9907,1,100,101,105
"3076",7534,1,6680,1,96,97,102
"3077",7761,1,2228,1,99,101,106
"3078",8197,1,26,1,95,96,103
"3079",8257,1,343,1,94,96,103
"3080",8449,1,9154,1,94,95,102
"3081",8675,1,9240,1,99,100,103
"3082",9730,1,1998,1,96,98,102
"3083",9996,1,3414,1,99,100,105
"3084",2,1,5556,1,100,101,106
"3085",763,1,4689,1,96,100,106
"3086",813,1,2090,1,99,101,106
"3087",1505,1,2367,1,100,102,107
"3088",2305,1,1422,1,98,99,103
"3089",2623,1,8354,1,96,97,103
"3090",3414,1,1392,1,95,98,105
"3091",3475,1,4177,1,99,100,103
"3092",3915,1,8449,1,96,97,104
"3093",3987,1,2368,1,95,97,103
"3094",4177,1,9630,1,94,97,103
"3095",4379,1,8565,1,96,98,103
"3096",4406,1,8722,1,95,97,104
"3097",4764,1,10067,1,93,95,103
"3098",5888,1,1593,1,101,102,107
"3099",6032,1,623,1,98,100,108
"3100",6116,1,4807,1,97,100,106
"3101",6496,1,3749,1,98,100,104
"3102",6514,1,9218,1,94,97,104
"3103",6554,1,5197,1,99,101,105
"3104",6773,1,10176,1,97,99,103
"3105",6800,1,673,1,101,102,108
"3106",6856,1,5197,1,96,100,104
"3107",6860,1,2639,1,97,98,104
"3108",7027,1,3915,1,98,100,106
"3109",7180,1,10287,1,101,102,107
"3110",7324,1,5034,1,100,101,105
"3111",7824,1,4444,1,97,100,106
"3112",8290,1,7312,1,96,99,105
"3113",8409,1,6961,1,97,99,103
"3114",8551,1,6787,1,101,102,108
"3115",8978,1,131,1,99,100,107
"3116",9246,1,552,1,93,97,103
"3117",10129,1,9240,1,97,99,103
"3118",10217,1,921,1,96,97,103
"3119",10287,1,6063,1,99,100,106
"3120",244,1,7306,1,101,102,106
"3121",333,1,4177,1,98,101,104
"3122",660,1,8186,1,102,103,107
"3123",1338,1,6760,1,100,101,107
"3124",1472,1,3545,1,101,102,108
"3125",1593,1,7030,1,97,98,104
"3126",1906,1,4128,1,100,102,106
"3127",2248,1,719,1,95,98,104
"3128",2278,1,9369,1,97,99,104
"3129",2458,1,9264,1,99,100,107
"3130",3017,1,7416,1,98,101,106
"3131",3349,1,3545,1,101,102,107
"3132",3521,1,9730,1,99,101,105
"3133",4004,1,7027,1,101,103,108
"3134",4322,1,7030,1,97,99,106
"3135",4935,1,1593,1,99,101,106
"3136",5102,1,4415,1,97,98,105
"3137",5348,1,7672,1,98,100,106
"3138",5481,1,1700,1,97,100,106
"3139",5556,1,6961,1,97,99,105
"3140",5763,1,4026,1,97,100,104
"3141",5991,1,4393,1,96,98,105
"3142",6644,1,7416,1,99,100,105
"3143",6786,1,4304,1,99,101,109
"3144",6787,1,6350,1,99,101,108
"3145",6806,1,9240,1,98,100,104
"3146",7004,1,7956,1,102,103,108
"3147",7306,1,7520,1,98,99,104
"3148",7672,1,3028,1,93,98,105
"3149",7710,1,6760,1,99,101,107
"3150",7956,1,4186,1,99,101,104
"3151",8186,1,6747,1,98,100,105
"3152",8890,1,8600,1,98,100,105
"3153",8992,1,5564,1,100,102,106
"3154",9180,1,2994,1,101,103,109
"3155",9864,1,2982,1,99,100,105
"3156",9907,1,5131,1,98,99,105
"3157",10386,1,8455,1,102,103,108
"3158",354,1,2035,1,102,104,108
"3159",978,1,6860,1,100,103,108
"3160",1116,1,9624,1,98,100,106
"3161",1432,1,10329,1,101,104,109
"3162",1775,1,9264,1,98,101,106
"3163",1857,1,4832,1,99,101,106
"3164",1935,1,2130,1,98,101,105
"3165",1986,1,2678,1,95,99,105
"3166",2133,1,3987,1,98,100,106
"3167",2220,1,10248,1,96,99,105
"3168",2231,1,1927,1,97,99,105
"3169",2326,1,6651,1,98,100,105
"3170",2567,1,9490,1,100,102,107
"3171",2689,1,1857,1,102,103,109
"3172",3096,1,3099,1,97,99,105
"3173",3374,1,485,1,99,100,105
"3174",3380,1,5159,1,99,101,106
"3175",3872,1,8600,1,100,103,109
"3176",4555,1,8290,1,100,102,106
"3177",4556,1,7824,1,101,103,109
"3178",4681,1,7978,1,99,101,105
"3179",5273,1,5483,1,95,100,106
"3180",5750,1,1986,1,102,104,109
"3181",5882,1,2497,1,100,103,106
"3182",5942,1,333,1,102,103,108
"3183",6004,1,8257,1,98,102,110
"3184",6085,1,333,1,103,104,111
"3185",6393,1,8409,1,100,104,109
"3186",6841,1,3949,1,100,101,108
"3187",6903,1,3992,1,98,99,107
"3188",6999,1,8609,1,103,104,110
"3189",7242,1,6782,1,97,100,105
"3190",7276,1,5159,1,100,101,107
"3191",7526,1,9330,1,100,102,109
"3192",8188,1,1935,1,101,103,107
"3193",8389,1,6747,1,99,100,105
"3194",8455,1,2982,1,100,101,105
"3195",10041,1,5693,1,101,103,109
"3196",10061,1,2220,1,102,104,108
"3197",210,1,813,1,102,104,107
"3198",233,1,4102,1,103,105,110
"3199",254,1,4678,1,98,101,106
"3200",499,1,5348,1,102,103,108
"3201",673,1,9330,1,100,101,107
"3202",976,1,2458,1,100,105,110
"3203",1229,1,7276,1,102,103,108
"3204",1887,1,131,1,100,104,108
"3205",1958,1,1906,1,103,104,110
"3206",2035,1,490,1,100,101,107
"3207",3253,1,2994,1,100,103,108
"3208",3445,1,5942,1,103,104,109
"3209",4102,1,4186,1,100,102,106
"3210",4361,1,9264,1,101,103,109
"3211",4977,1,4832,1,99,101,106
"3212",5935,1,5102,1,100,103,110
"3213",6283,1,1505,1,103,105,109
"3214",6510,1,1593,1,103,105,112
"3215",6643,1,6786,1,103,104,109
"3216",6789,1,7477,1,102,104,110
"3217",6920,1,8486,1,103,105,111
"3218",6933,1,8763,1,100,104,109
"3219",7375,1,4379,1,99,101,106
"3220",7474,1,673,1,102,103,110
"3221",7895,1,10329,1,102,104,107
"3222",8403,1,8299,1,101,103,109
"3223",8486,1,3380,1,102,103,110
"3224",8893,1,5197,1,97,100,106
"3225",9059,1,1116,1,101,103,108
"3226",9070,1,8807,1,102,103,107
"3227",9105,1,6177,1,101,102,108
"3228",9112,1,2231,1,99,101,107
"3229",9159,1,2852,1,100,103,109
"3230",9182,1,9490,1,100,101,107
"3231",9498,1,5726,1,99,101,107
"3232",9529,1,6806,1,101,102,108
"3233",9656,1,1116,1,100,102,107
"3234",10144,1,8807,1,102,103,109
"3235",10207,1,9529,1,103,105,112
"3236",10377,1,490,1,99,101,107
"3237",107,1,9105,1,104,106,111
"3238",320,1,6800,1,103,105,108
"3239",721,1,3374,1,103,105,110
"3240",1025,1,1615,1,102,104,111
"3241",1098,1,6063,1,98,103,108
"3242",1312,1,2,1,102,105,110
"3243",1846,1,2497,1,100,102,109
"3244",1922,1,8807,1,104,106,111
"3245",1973,1,7710,1,102,103,109
"3246",2103,1,8978,1,101,103,108
"3247",2271,1,3017,1,102,104,111
"3248",2826,1,8551,1,103,105,111
"3249",2835,1,6345,1,102,104,111
"3250",2856,1,8754,1,99,103,109
"3251",3780,1,2,1,103,104,111
"3252",4048,1,4977,1,104,106,111
"3253",4335,1,8890,1,101,103,107
"3254",4794,1,4102,1,103,105,111
"3255",5737,1,5034,1,100,103,108
"3256",6122,1,7477,1,101,103,110
"3257",6524,1,10129,1,102,103,108
"3258",6636,1,7375,1,102,103,110
"3259",6759,1,2483,1,97,102,107
"3260",6977,1,2856,1,104,105,110
"3261",7007,1,7956,1,101,103,110
"3262",8176,1,7306,1,100,102,108
"3263",8498,1,6806,1,102,104,110
"3264",8609,1,8763,1,100,102,107
"3265",8702,1,8486,1,104,106,111
"3266",8807,1,5273,1,100,102,108
"3267",8918,1,7824,1,101,104,109
"3268",9208,1,10377,1,103,106,111
"3269",9322,1,8992,1,104,105,110
"3270",9608,1,2035,1,104,106,111
"3271",521,1,2,1,103,105,110
"3272",1346,1,8609,1,103,107,111
"3273",1367,1,6789,1,105,107,112
"3274",1385,1,7093,1,105,107,113
"3275",2265,1,1775,1,103,105,111
"3276",2362,1,1392,1,99,102,108
"3277",2661,1,499,1,104,106,111
"3278",2762,1,7761,1,102,105,110
"3279",3331,1,1505,1,104,105,109
"3280",3357,1,8618,1,105,107,111
"3281",3431,1,8176,1,103,106,110
"3282",3864,1,6977,1,105,106,110
"3283",4163,1,7672,1,100,103,108
"3284",4861,1,9907,1,100,103,108
"3285",4942,1,2035,1,102,104,110
"3286",5078,1,8807,1,104,106,113
"3287",5084,1,8918,1,106,107,112
"3288",5667,1,2826,1,106,107,111
"3289",6073,1,5763,1,102,104,111
"3290",6483,1,354,1,105,106,111
"3291",6584,1,5273,1,102,104,109
"3292",6769,1,1846,1,104,107,111
"3293",6823,1,10060,1,100,103,108
"3294",7134,1,9059,1,103,106,113
"3295",7748,1,8855,1,106,107,111
"3296",8286,1,473,1,105,107,112
"3297",8333,1,6800,1,103,105,112
"3298",8416,1,9112,1,103,104,109
"3299",8593,1,7276,1,102,104,108
"3300",8786,1,8176,1,103,104,111
"3301",8884,1,6554,1,103,105,112
"3302",9336,1,1846,1,104,107,111
"3303",9531,1,4128,1,100,101,109
"3304",9753,1,6792,1,101,103,109
"3305",10311,1,6584,1,105,107,113
"3306",156,1,6496,1,102,106,110
"3307",292,1,5737,1,104,105,112
"3308",473,1,10329,1,101,104,112
"3309",874,1,6122,1,104,106,112
"3310",1114,1,9490,1,102,103,109
"3311",1375,1,499,1,104,105,111
"3312",1462,1,8618,1,105,106,110
"3313",1876,1,9159,1,105,107,113
"3314",2049,1,6643,1,105,107,112
"3315",3403,1,10061,1,105,106,112
"3316",3764,1,3017,1,103,104,110
"3317",3810,1,244,1,105,107,113
"3318",4559,1,3780,1,105,106,113
"3319",4569,1,6510,1,106,108,113
"3320",4673,1,8593,1,105,107,111
"3321",4783,1,9531,1,102,104,109
"3322",4895,1,4128,1,101,103,109
"3323",5248,1,6524,1,104,105,109
"3324",6373,1,2835,1,105,108,112
"3325",6407,1,5942,1,104,106,110
"3326",6595,1,8403,1,104,108,114
"3327",7093,1,1095,1,103,104,111
"3328",7235,1,7180,1,104,107,112
"3329",7775,1,4555,1,104,106,111
"3330",7969,1,673,1,104,107,113
"3331",8279,1,5273,1,102,103,110
"3332",8607,1,1472,1,103,104,109
"3333",8618,1,6177,1,100,104,109
"3334",8921,1,4163,1,104,105,111
"3335",8956,1,2118,1,102,105,109
"3336",8963,1,2271,1,106,108,114
"3337",501,1,6977,1,106,108,113
"3338",795,1,6100,1,105,107,112
"3339",840,1,2567,1,104,105,110
"3340",1803,1,8279,1,103,104,112
"3341",3326,1,8231,1,105,108,113
"3342",3361,1,1432,1,105,108,112
"3343",3424,1,1432,1,105,109,113
"3344",3684,1,4935,1,104,107,110
"3345",3719,1,1958,1,105,107,115
"3346",4816,1,8956,1,106,108,110
"3347",5215,1,8333,1,106,108,113
"3348",5220,1,7375,1,103,106,110
"3349",6434,1,3253,1,105,108,112
"3350",7501,1,233,1,106,107,113
"3351",8083,1,1593,1,102,104,110
"3352",8231,1,8551,1,103,105,111
"3353",8512,1,978,1,105,107,111
"3354",9416,1,320,1,106,108,113
"3355",9619,1,1025,1,105,108,113
"3356",138,1,6584,1,107,110,116
"3357",198,1,6554,1,104,106,113
"3358",747,1,6393,1,105,110,116
"3359",754,1,5750,1,106,107,113
"3360",823,1,8963,1,108,110,117
"3361",1249,1,9105,1,103,106,111
"3362",1987,1,6201,1,109,110,115
"3363",2407,1,2271,1,107,108,114
"3364",2707,1,320,1,106,109,117
"3365",3046,1,8403,1,105,106,111
"3366",3063,1,6999,1,105,108,115
"3367",3095,1,2035,1,104,106,111
"3368",3411,1,107,1,108,109,116
"3369",3443,1,4335,1,104,108,114
"3370",4958,1,7093,1,105,106,111
"3371",5696,1,6122,1,104,107,112
"3372",5894,1,2407,1,109,110,116
"3373",5989,1,6789,1,105,106,112
"3374",6202,1,8921,1,107,109,114
"3375",6209,1,1025,1,108,109,113
"3376",6490,1,1922,1,107,110,117
"3377",6709,1,9322,1,106,108,113
"3378",7548,1,8455,1,102,105,111
"3379",7550,1,1338,1,103,106,111
"3380",7665,1,6434,1,108,110,116
"3381",8371,1,1312,1,108,109,116
"3382",8499,1,2835,1,106,108,111
"3383",8637,1,8176,1,105,107,112
"3384",8819,1,1973,1,106,108,112
"3385",8855,1,2326,1,103,105,113
"3386",9092,1,5556,1,103,106,112
"3387",9813,1,9336,1,107,108,115
"3388",9823,1,2826,1,106,108,115
"3389",1108,1,5989,1,108,110,115
"3390",1900,1,6823,1,106,108,113
"3391",1997,1,8593,1,106,108,113
"3392",2064,1,1803,1,105,108,112
"3393",2551,1,8956,1,106,110,115
"3394",2594,1,1367,1,108,109,113
"3395",3565,1,5220,1,108,110,117
"3396",4770,1,4673,1,110,111,117
"3397",4852,1,976,1,106,108,112
"3398",4932,1,8963,1,109,111,117
"3399",5932,1,8333,1,107,109,114
"3400",6040,1,7550,1,107,110,116
"3401",6247,1,976,1,106,107,113
"3402",6559,1,4942,1,106,108,112
"3403",7787,1,3411,1,109,111,117
"3404",7853,1,8637,1,108,110,115
"3405",7985,1,499,1,105,108,114
"3406",7994,1,2326,1,103,106,113
"3407",8581,1,6209,1,110,111,116
"3408",8805,1,3361,1,109,111,117
"3409",9524,1,10386,1,106,108,113
"3410",9559,1,2407,1,109,111,117
"3411",10145,1,3403,1,109,111,119
"3412",55,1,10144,1,105,108,113
"3413",403,1,3361,1,109,111,118
"3414",1578,1,2594,1,110,112,117
"3415",2017,1,3357,1,108,109,114
"3416",2752,1,107,1,108,110,114
"3417",3973,1,10207,1,106,107,113
"3418",4125,1,521,1,108,112,116
"3419",4280,1,8512,1,108,110,115
"3420",4829,1,3864,1,106,108,113
"3421",4864,1,7969,1,108,111,118
"3422",6056,1,1803,1,107,109,113
"3423",6201,1,521,1,106,108,115
"3424",7229,1,9610,1,110,112,117
"3425",7608,1,2271,1,108,110,115
"3426",7840,1,1462,1,108,110,116
"3427",8620,1,7548,1,109,112,117
"3428",8667,1,6483,1,108,110,116
"3429",8888,1,8637,1,108,109,116
"3430",8939,1,6411,1,111,112,119
"3431",9715,1,2835,1,105,108,115
"3432",9851,1,1346,1,108,111,115
"3433",82,1,6483,1,107,110,114
"3434",378,1,6231,1,110,111,116
"3435",617,1,721,1,107,111,119
"3436",1222,1,354,1,105,107,114
"3437",1560,1,5696,1,108,111,118
"3438",1643,1,9715,1,109,111,117
"3439",1705,1,8371,1,110,112,118
"3440",1829,1,6283,1,106,107,114
"3441",2763,1,5674,1,111,112,116
"3442",2792,1,2661,1,108,110,114
"3443",2807,1,9524,1,112,113,117
"3444",2809,1,7787,1,112,113,118
"3445",2935,1,1829,1,108,110,115
"3446",2961,1,3764,1,106,108,114
"3447",3404,1,4864,1,111,113,117
"3448",3988,1,5672,1,111,112,118
"3449",4633,1,2594,1,111,112,116
"3450",5067,1,3326,1,109,111,116
"3451",5108,1,4932,1,112,113,118
"3452",5647,1,1462,1,107,111,115
"3453",5672,1,3719,1,108,110,119
"3454",6231,1,8786,1,104,109,114
"3455",6846,1,4163,1,106,111,116
"3456",6953,1,795,1,110,112,117
"3457",7902,1,7985,1,109,110,117
"3458",7909,1,4770,1,111,112,118
"3459",8160,1,6411,1,111,113,118
"3460",8463,1,8963,1,108,111,115
"3461",9610,1,2826,1,108,109,117
"3462",10215,1,3424,1,110,113,118
"3463",1195,1,6231,1,109,111,118
"3464",1931,1,8324,1,113,114,119
"3465",2068,1,9715,1,109,111,118
"3466",2132,1,8888,1,111,112,117
"3467",2387,1,7787,1,112,113,118
"3468",2526,1,6709,1,109,112,117
"3469",2887,1,9610,1,112,114,119
"3470",3176,1,7969,1,109,111,119
"3471",3179,1,9610,1,110,111,117
"3472",3676,1,6434,1,109,112,116
"3473",4144,1,6231,1,110,112,121
"3474",5437,1,1346,1,108,112,116
"3475",5674,1,1876,1,108,110,115
"3476",5775,1,617,1,112,114,119
"3477",5808,1,82,1,111,112,118
"3478",5855,1,3810,1,109,110,115
"3479",6411,1,198,1,108,110,117
"3480",6675,1,7235,1,108,111,117
"3481",6893,1,617,1,113,114,120
"3482",9530,1,7235,1,109,112,117
"3483",894,1,4932,1,113,115,120
"3484",2021,1,4343,1,113,114,119
"3485",2721,1,2935,1,111,113,118
"3486",3834,1,5667,1,108,110,116
"3487",3845,1,6085,1,107,108,117
"3488",4229,1,6174,1,113,115,121
"3489",4622,1,2935,1,111,114,120
"3490",5229,1,7840,1,111,112,119
"3491",5637,1,403,1,112,114,119
"3492",5648,1,107,1,110,115,122
"3493",5760,1,2707,1,111,112,117
"3494",6628,1,6202,1,110,114,119
"3495",7411,1,5674,1,112,114,119
"3496",7527,1,9524,1,110,113,119
"3497",7552,1,9336,1,108,111,117
"3498",8216,1,840,1,109,112,119
"3499",8711,1,3357,1,108,110,116
"3500",9366,1,5808,1,113,114,120
"3501",9883,1,4569,1,109,111,116
"3502",10130,1,3361,1,109,111,117
"3503",10323,1,6709,1,110,111,116
"3504",10349,1,3411,1,110,112,116
"3505",97,1,6209,1,110,114,118
"3506",459,1,6040,1,111,112,118
"3507",1053,1,6056,1,110,113,121
"3508",1666,1,8888,1,110,111,118
"3509",1805,1,5760,1,114,116,121
"3510",1859,1,6202,1,110,114,121
"3511",2905,1,7853,1,111,113,118
"3512",2927,1,2887,1,115,116,121
"3513",3464,1,378,1,112,115,119
"3514",3991,1,8324,1,113,114,119
"3515",4190,1,8667,1,111,113,118
"3516",4343,1,2068,1,112,113,118
"3517",4876,1,5674,1,112,114,117
"3518",5164,1,6846,1,113,115,120
"3519",5419,1,3424,1,111,114,120
"3520",6094,1,7902,1,111,116,121
"3521",6174,1,2017,1,110,111,117
"3522",6902,1,1375,1,107,111,118
"3523",7172,1,6920,1,106,110,117
"3524",8324,1,6056,1,110,111,119
"3525",8559,1,2792,1,112,115,119
"3526",8730,1,5855,1,111,112,117
"3527",8981,1,10215,1,114,115,121
"3528",8990,1,6483,1,107,111,118
"3529",124,1,9851,1,111,116,121
"3530",310,1,2387,1,114,116,121
"3531",347,1,3676,1,114,115,120
"3532",891,1,9851,1,114,116,121
"3533",2025,1,8805,1,113,114,119
"3534",2951,1,7787,1,112,114,118
"3535",3187,1,2807,1,115,116,121
"3536",3271,1,8160,1,113,115,119
"3537",3636,1,5067,1,112,114,119
"3538",6021,1,3411,1,110,114,118
"3539",7532,1,2594,1,111,115,119
"3540",7946,1,2935,1,112,114,119
"3541",8658,1,8581,1,112,113,118
"3542",8987,1,894,1,115,116,120
"3543",9232,1,6021,1,115,116,120
"3544",9804,1,7946,1,115,117,125
"3545",687,1,10215,1,114,117,122
"3546",694,1,6628,1,115,116,120
"3547",856,1,1931,1,116,117,122
"3548",1215,1,6743,1,116,118,125
"3549",1267,1,6490,1,111,113,119
"3550",1341,1,1053,1,114,115,121
"3551",1780,1,9851,1,112,114,120
"3552",2557,1,8874,1,116,117,124
"3553",2916,1,1859,1,115,116,121
"3554",3726,1,2132,1,114,117,121
"3555",3917,1,5855,1,111,112,119
"3556",4863,1,5932,1,112,114,119
"3557",4974,1,2887,1,115,117,123
"3558",5269,1,8987,1,116,118,123
"3559",5362,1,406,1,116,117,123
"3560",5421,1,10364,1,116,118,123
"3561",5749,1,3176,1,113,114,120
"3562",6734,1,3404,1,115,117,121
"3563",6743,1,8160,1,113,115,120
"3564",7234,1,2752,1,113,115,120
"3565",7851,1,7284,1,115,116,121
"3566",7889,1,7284,1,117,118,121
"3567",8021,1,7172,1,112,114,120
"3568",8052,1,2759,1,116,118,124
"3569",8611,1,5894,1,111,114,120
"3570",8874,1,2763,1,113,114,120
"3571",9408,1,1560,1,112,114,119
"3572",9475,1,4876,1,116,117,122
"3573",9747,1,8981,1,116,118,124
"3574",9847,1,10323,1,112,116,121
"3575",9856,1,10203,1,114,116,122
"3576",9885,1,5637,1,116,117,121
"3577",9986,1,3988,1,113,116,122
"3578",10203,1,6202,1,111,112,119
"3579",5,1,459,1,113,115,120
"3580",170,1,5269,1,118,119,126
"3581",479,1,8987,1,117,118,125
"3582",1026,1,8160,1,114,118,123
"3583",1177,1,8181,1,116,118,125
"3584",2008,1,347,1,116,119,125
"3585",2247,1,6893,1,115,118,123
"3586",3047,1,9559,1,114,116,121
"3587",3488,1,5599,1,116,117,122
"3588",3688,1,8598,1,117,119,124
"3589",3775,1,4190,1,114,118,126
"3590",3941,1,8160,1,115,118,123
"3591",4811,1,9366,1,115,117,120
"3592",5704,1,5749,1,115,117,121
"3593",6124,1,8711,1,112,114,122
"3594",6168,1,10203,1,112,114,120
"3595",7284,1,1705,1,113,114,122
"3596",7780,1,2951,1,114,116,121
"3597",7877,1,10215,1,114,115,120
"3598",7912,1,5775,1,115,117,121
"3599",8181,1,5067,1,113,114,122
"3600",9087,1,1931,1,116,117,123
"3601",9786,1,3991,1,115,117,122
"3602",10364,1,8160,1,114,115,120
"3603",4,1,5749,1,115,117,123
"3604",406,1,3179,1,113,115,121
"3605",996,1,6475,1,118,119,124
"3606",1506,1,3658,1,119,120,125
"3607",2759,1,4343,1,114,115,122
"3608",3728,1,310,1,117,120,125
"3609",4336,1,4229,1,116,117,121
"3610",4606,1,6953,1,114,115,121
"3611",4797,1,3047,1,117,119,124
"3612",4940,1,6202,1,112,115,122
"3613",5417,1,8620,1,115,117,124
"3614",5482,1,6387,1,116,118,123
"3615",5599,1,6490,1,113,115,121
"3616",6387,1,5067,1,112,115,121
"3617",6427,1,9856,1,118,119,125
"3618",6475,1,5775,1,115,117,124
"3619",6825,1,10215,1,116,118,123
"3620",6985,1,6628,1,116,119,123
"3621",7562,1,3047,1,118,119,124
"3622",7652,1,1053,1,115,118,123
"3623",7699,1,3726,1,118,119,123
"3624",8598,1,2763,1,113,115,121
"3625",8869,1,6743,1,116,119,124
"3626",9135,1,7284,1,115,116,121
"3627",9497,1,7527,1,116,117,122
"3628",341,1,7532,1,116,117,123
"3629",502,1,9135,1,117,119,124
"3630",1238,1,6094,1,118,119,124
"3631",1241,1,7284,1,116,119,125
"3632",1624,1,1780,1,116,118,122
"3633",2148,1,4336,1,118,119,126
"3634",2329,1,7532,1,115,118,122
"3635",2406,1,1026,1,119,120,125
"3636",2915,1,1053,1,118,120,126
"3637",3716,1,2025,1,115,118,125
"3638",3838,1,4,1,118,121,128
"3639",4266,1,2721,1,113,116,124
"3640",4329,1,7411,1,115,117,122
"3641",4665,1,5362,1,118,119,125
"3642",4858,1,7532,1,116,118,122
"3643",5245,1,9497,1,118,121,127
"3644",6051,1,7889,1,120,121,126
"3645",6219,1,6021,1,115,118,123
"3646",8265,1,9847,1,117,119,124
"3647",9144,1,9530,1,115,116,123
"3648",9614,1,5760,1,113,116,122
"3649",255,1,4144,1,115,116,123
"3650",469,1,6734,1,118,119,125
"3651",970,1,1666,1,112,116,123
"3652",1882,1,7234,1,117,120,124
"3653",2538,1,6475,1,118,122,129
"3654",2854,1,6001,1,120,122,127
"3655",3053,1,9475,1,118,121,125
"3656",3658,1,4940,1,116,118,123
"3657",3825,1,3658,1,120,122,127
"3658",4435,1,7780,1,117,120,125
"3659",4911,1,9144,1,116,117,123
"3660",5023,1,9847,1,117,119,124
"3661",6196,1,7652,1,120,121,125
"3662",6228,1,5038,1,120,122,126
"3663",6482,1,6893,1,117,118,125
"3664",6577,1,10364,1,116,117,123
"3665",7492,1,4266,1,117,120,127
"3666",7696,1,6475,1,119,121,126
"3667",8370,1,7780,1,118,121,128
"3668",8710,1,7234,1,119,121,125
"3669",8882,1,459,1,115,117,123
"3670",8895,1,5648,1,117,122,127
"3671",8973,1,1341,1,116,117,123
"3672",9072,1,3716,1,119,121,126
"3673",9403,1,9144,1,117,120,125
"3674",9592,1,6628,1,116,119,125
"3675",223,1,4858,1,119,122,126
"3676",1100,1,9786,1,119,121,126
"3677",2968,1,341,1,118,121,128
"3678",3671,1,5775,1,116,119,124
"3679",3880,1,1177,1,119,122,128
"3680",4042,1,2759,1,116,117,125
"3681",4409,1,9747,1,119,122,127
"3682",5069,1,9786,1,118,122,126
"3683",5718,1,2759,1,117,118,124
"3684",9123,1,406,1,117,122,127
"3685",9138,1,4811,1,117,121,126
"3686",9689,1,2916,1,119,121,128
"3687",10221,1,9804,1,118,121,126
"3688",59,1,5482,1,120,122,127
"3689",331,1,1026,1,120,122,126
"3690",688,1,6427,1,121,124,130
"3691",1287,1,7851,1,120,124,129
"3692",2540,1,6825,1,121,123,130
"3693",3055,1,1882,1,121,124,129
"3694",3062,1,2759,1,116,119,125
"3695",5038,1,1931,1,116,119,125
"3696",5261,1,9475,1,119,120,125
"3697",5361,1,9144,1,117,119,125
"3698",5853,1,1506,1,122,123,127
"3699",6770,1,4757,1,122,124,129
"3700",6790,1,4435,1,122,123,128
"3701",7566,1,8181,1,116,117,125
"3702",7721,1,3053,1,122,123,129
"3703",7844,1,2329,1,119,120,126
"3704",9215,1,255,1,118,120,126
"3705",10132,1,2915,1,123,124,129
"3706",178,1,416,1,124,125,129
"3707",263,1,8710,1,121,123,132
"3708",722,1,7234,1,118,121,127
"3709",850,1,1026,1,121,123,128
"3710",1502,1,5594,1,124,125,131
"3711",1635,1,7851,1,118,120,126
"3712",4757,1,1635,1,121,122,127
"3713",5471,1,3728,1,122,123,129
"3714",5700,1,6985,1,120,123,128
"3715",6001,1,3187,1,118,120,127
"3716",6200,1,3838,1,122,123,128
"3717",6697,1,996,1,120,121,127
"3718",7745,1,3658,1,119,121,128
"3719",8093,1,3716,1,119,124,129
"3720",8508,1,5700,1,124,125,129
"3721",8644,1,1100,1,122,125,130
"3722",9772,1,9819,1,122,123,129
"3723",9819,1,4229,1,118,121,126
"3724",36,1,7780,1,118,121,127
"3725",183,1,2854,1,123,125,130
"3726",3002,1,7073,1,125,126,130
"3727",3012,1,8981,1,119,121,127
"3728",3261,1,7844,1,121,124,129
"3729",5059,1,2854,1,123,125,131
"3730",5216,1,3671,1,122,123,127
"3731",5267,1,9403,1,121,124,132
"3732",5428,1,4574,1,125,126,133
"3733",6279,1,3671,1,121,123,129
"3734",6489,1,5069,1,122,124,130
"3735",7208,1,8370,1,122,124,130
"3736",7979,1,2854,1,124,125,129
"3737",8294,1,9123,1,123,125,130
"3738",9467,1,223,1,124,125,128
"3739",10053,1,5069,1,123,125,131
"3740",1319,1,8318,1,125,127,131
"3741",1648,1,5594,1,123,125,128
"3742",2363,1,8736,1,126,127,132
"3743",2430,1,2540,1,124,126,130
"3744",3234,1,9403,1,122,125,129
"3745",3937,1,5059,1,126,127,131
"3746",4557,1,3234,1,125,127,133
"3747",4574,1,9747,1,119,122,128
"3748",4655,1,9403,1,121,124,129
"3749",4889,1,5261,1,121,123,129
"3750",4931,1,9403,1,121,122,129
"3751",5594,1,4665,1,121,123,129
"3752",6236,1,3838,1,122,123,128
"3753",7073,1,2406,1,122,124,130
"3754",7950,1,4757,1,123,124,130
"3755",8431,1,4931,1,125,126,132
"3756",9063,1,9847,1,118,121,128
"3757",10389,1,223,1,122,123,129
"3758",64,1,5267,1,125,126,134
"3759",876,1,6228,1,123,125,130
"3760",2088,1,416,1,124,125,129
"3761",3101,1,1648,1,125,126,131
"3762",3263,1,7950,1,124,126,132
"3763",4218,1,5471,1,124,126,131
"3764",5598,1,8895,1,123,127,132
"3765",5788,1,4889,1,124,128,134
"3766",6955,1,3053,1,122,126,133
"3767",7449,1,7528,1,126,128,133
"3768",7727,1,6489,1,126,128,136
"3769",8777,1,3825,1,122,124,131
"3770",9158,1,479,1,121,123,129
"3771",416,1,6825,1,121,123,130
"3772",637,1,3002,1,127,128,131
"3773",854,1,876,1,125,127,133
"3774",1631,1,5471,1,124,126,131
"3775",1644,1,7721,1,124,126,133
"3776",2151,1,5423,1,125,127,131
"3777",2222,1,5059,1,127,128,134
"3778",2983,1,416,1,124,126,133
"3779",4153,1,10132,1,126,127,131
"3780",5239,1,3053,1,122,124,130
"3781",5423,1,4574,1,123,124,130
"3782",5451,1,10053,1,126,129,133
"3783",5466,1,2088,1,126,127,130
"3784",5581,1,876,1,126,127,133
"3785",5987,1,6955,1,127,129,133
"3786",6455,1,5216,1,123,125,131
"3787",6686,1,2854,1,125,127,133
"3788",6839,1,850,1,123,126,133
"3789",7432,1,2430,1,127,128,134
"3790",7528,1,3838,1,122,125,131
"3791",8123,1,5423,1,125,128,133
"3792",8355,1,223,1,123,126,132
"3793",9389,1,9123,1,123,124,131
"3794",9792,1,3838,1,124,126,130
"3795",555,1,5267,1,125,128,132
"3796",770,1,183,1,126,129,135
"3797",1148,1,8736,1,127,128,133
"3798",1864,1,10053,1,127,130,135
"3799",2525,1,8355,1,127,130,137
"3800",3944,1,6455,1,126,128,133
"3801",3951,1,3234,1,127,128,133
"3802",4453,1,6686,1,129,130,136
"3803",4729,1,6572,1,127,128,131
"3804",5541,1,5059,1,128,130,135
"3805",6572,1,6489,1,125,126,131
"3806",7516,1,183,1,126,129,133
"3807",7841,1,5466,1,128,130,137
"3808",7899,1,3261,1,125,128,133
"3809",8318,1,6051,1,123,125,132
"3810",8931,1,7208,1,126,128,133
"3811",8943,1,9389,1,127,128,133
"3812",9625,1,7562,1,123,126,131
"3813",9991,1,1631,1,128,129,133
"3814",10240,1,8093,1,126,128,133
"3815",1759,1,5788,1,128,129,134
"3816",1943,1,8318,1,125,128,134
"3817",2384,1,9625,1,128,129,134
"3818",3163,1,3002,1,128,129,135
"3819",3248,1,2151,1,128,130,136
"3820",3745,1,1287,1,125,129,134
"3821",4166,1,4655,1,126,128,134
"3822",4497,1,5471,1,123,126,133
"3823",5279,1,2088,1,127,129,134
"3824",5909,1,3825,1,124,126,133
"3825",6171,1,4889,1,126,129,136
"3826",6325,1,7979,1,126,128,133
"3827",7390,1,10132,1,127,128,132
"3828",8736,1,1635,1,122,125,132
"3829",9552,1,4729,1,129,130,136
"3830",9900,1,2943,1,129,131,139
"3831",1519,1,6228,1,125,129,133
"3832",1828,1,8943,1,130,132,138
"3833",2943,1,5581,1,128,129,136
"3834",3515,1,5466,1,127,130,135
"3835",4919,1,6686,1,129,131,136
"3836",5009,1,9467,1,126,129,136
"3837",5012,1,7655,1,130,131,137
"3838",7655,1,5428,1,127,128,134
"3839",10010,1,3002,1,128,132,138
"3840",326,1,6171,1,130,133,137
"3841",3736,1,2151,1,129,131,137
"3842",3926,1,2529,1,130,133,138
"3843",4721,1,1502,1,127,130,134
"3844",5116,1,3163,1,130,132,136
"3845",5332,1,9991,1,130,132,136
"3846",6532,1,1759,1,130,131,137
"3847",8727,1,4655,1,126,129,135
"3848",8962,1,1759,1,130,131,136
"3849",10314,1,5598,1,129,130,135
"3850",768,1,7390,1,129,130,135
"3851",2529,1,3951,1,129,130,137
"3852",3254,1,7528,1,128,130,135
"3853",3579,1,7390,1,129,131,135
"3854",3842,1,10240,1,132,134,140
"3855",5534,1,854,1,129,133,138
"3856",5548,1,4153,1,129,132,139
"3857",6041,1,8931,1,130,132,137
"3858",6504,1,3002,1,129,131,137
"3859",6924,1,4166,1,129,130,135
"3860",7325,1,1148,1,128,129,135
"3861",7498,1,6171,1,130,132,137
"3862",7570,1,10132,1,127,128,136
"3863",7626,1,6839,1,129,130,136
"3864",8110,1,3248,1,132,133,140
"3865",10348,1,2384,1,132,134,139
"3866",1159,1,1319,1,128,130,136
"3867",1508,1,2525,1,132,134,139
"3868",1575,1,4513,1,131,133,140
"3869",2280,1,5541,1,132,134,140
"3870",2899,1,1864,1,131,133,138
"3871",3286,1,3937,1,128,131,137
"3872",3891,1,5332,1,133,135,139
"3873",4513,1,6200,1,125,129,136
"3874",5047,1,6955,1,129,133,138
"3875",6093,1,8727,1,131,135,141
"3876",9788,1,1864,1,131,135,138
"3877",789,1,1216,1,135,136,140
"3878",1275,1,8294,1,127,131,138
"3879",2304,1,5009,1,130,131,137
"3880",3858,1,6274,1,132,133,140
"3881",3945,1,9449,1,134,136,142
"3882",4733,1,1644,1,130,133,141
"3883",5934,1,8943,1,129,131,137
"3884",5993,1,9449,1,134,136,142
"3885",7689,1,9361,1,135,136,141
"3886",9556,1,1159,1,133,136,143
"3887",1193,1,8013,1,135,136,141
"3888",2001,1,3434,1,136,137,143
"3889",2528,1,5279,1,131,134,141
"3890",2725,1,2983,1,128,134,139
"3891",3074,1,5898,1,135,137,141
"3892",3434,1,6504,1,132,135,141
"3893",3516,1,6504,1,133,135,141
"3894",5898,1,8013,1,133,134,139
"3895",6274,1,5451,1,130,131,138
"3896",7676,1,6325,1,130,132,138
"3897",8013,1,8943,1,130,132,138
"3898",9375,1,7676,1,135,136,141
"3899",9449,1,6171,1,130,133,138
"3900",273,1,3286,1,133,136,141
"3901",1216,1,854,1,130,133,140
"3902",2286,1,5548,1,134,137,142
"3903",3269,1,3842,1,136,138,143
"3904",3786,1,5717,1,136,137,143
"3905",5717,1,10280,1,133,135,140
"3906",6190,1,6274,1,133,135,140
"3907",6557,1,5909,1,129,134,141
"3908",9930,1,4513,1,131,134,139
"3909",10280,1,6572,1,128,132,140
"3910",230,1,10348,1,135,136,143
"3911",452,1,9361,1,135,138,144
"3912",1522,1,5534,1,135,136,142
"3913",1695,1,5548,1,133,135,141
"3914",2992,1,9900,1,134,135,141
"3915",5786,1,6924,1,132,135,141
"3916",6896,1,5548,1,134,135,142
"3917",9353,1,768,1,131,134,141
"3918",9361,1,3248,1,131,134,140
"3919",2239,1,7498,1,135,136,141
"3920",2316,1,1508,1,135,140,147
"3921",3276,1,2280,1,136,138,144
"3922",5365,1,3074,1,138,140,147
"3923",5832,1,2992,1,136,138,145
"3924",5972,1,5534,1,135,138,145
"3925",5994,1,7676,1,133,135,141
"3926",7577,1,1695,1,136,138,144
"3927",9644,1,5993,1,138,140,143
"3928",9665,1,789,1,139,140,145
"3929",130,1,3945,1,136,137,143
"3930",2758,1,9361,1,136,138,142
"3931",6956,1,2992,1,137,138,143
"3932",8548,1,10010,1,135,138,143
"3933",8672,1,5786,1,135,137,143
"3934",8903,1,5993,1,137,138,145
"3935",9066,1,6896,1,136,138,144
"3936",886,1,2001,1,138,140,145
"3937",2655,1,2001,1,138,140,145
"3938",3007,1,2239,1,137,138,143
"3939",3679,1,2286,1,139,141,145
"3940",4040,1,5994,1,139,141,149
"3941",4854,1,9353,1,137,138,143
"3942",765,1,4293,1,142,143,150
"3943",4717,1,1193,1,138,141,148
"3944",8205,1,2992,1,136,139,146
"3945",9853,1,1216,1,135,138,144
"3946",702,1,3276,1,139,140,145
"3947",2386,1,2001,1,139,142,147
"3948",4302,1,3074,1,138,140,146
"3949",8218,1,4293,1,142,144,148
"3950",9662,1,6896,1,137,140,146
"3951",4093,1,2758,1,140,143,150
"3952",5027,1,9665,1,144,145,151
"3953",9805,1,8205,1,140,143,148
"3954",2481,1,8205,1,140,141,148
"3955",2840,1,3786,1,141,143,147
"3956",3641,1,2386,1,142,144,149
"3957",4293,1,273,1,140,141,148
"3958",10076,1,4990,1,143,145,150
"3959",2094,1,765,1,144,145,151
"3960",4990,1,5832,1,140,142,148
"3961",7735,1,4717,1,142,144,148
"3962",10360,1,8218,1,145,147,152
"3963",1728,1,4939,1,146,148,154
"3964",2568,1,886,1,142,144,149
"3965",4094,1,9805,1,144,147,151
"3966",4939,1,2386,1,144,145,149
"3967",9374,1,4093,1,144,146,150
"3968",9918,1,8218,1,145,147,151
"3969",95,1,8530,1,148,149,153
"3970",926,1,2568,1,146,148,154
"3971",2830,1,3554,1,147,149,153
"3972",8530,1,4293,1,143,146,152
"3973",1080,1,9918,1,149,150,154
"3974",7455,1,8538,1,147,148,153
"3975",8538,1,765,1,144,145,151
"3976",9554,1,4990,1,142,144,152
"3977",1160,1,10225,1,148,150,154
"3978",1252,1,2568,1,146,148,153
"3979",3554,1,4093,1,144,146,152
"3980",10225,1,4293,1,144,146,152
"3981",1647,1,8538,1,147,149,157
"3982",2647,1,7455,1,149,151,155
"3983",1230,1,1160,1,151,153,157
"3984",3376,1,7455,1,149,151,156
"3985",1348,1,1728,1,149,151,157
"3986",4722,1,2830,1,150,153,158
"3987",1749,1,3554,1,147,150,156
"3988",8423,1,10360,1,149,152,158
"3989",2843,1,4722,1,154,156,162
"3990",7707,1,3376,1,151,154,159
"3991",4833,1,8423,1,153,155,161
"3992",6913,1,8423,1,153,155,161
"3993",10008,1,2843,1,160,163,167
"3994",9623,1,10008,1,165,167,173
