"","host_id","group","infector_id","infector_group","exposure_time","infectious_time","recovery_time"
"1",4524,1,NA,NA,0,0,5
"2",3465,1,NA,NA,0,0,5
"3",3718,1,NA,NA,0,0,5
"4",9537,1,NA,NA,0,0,7
"5",2090,1,NA,NA,0,0,6
"6",8418,1,NA,NA,0,0,5
"7",2417,1,NA,NA,0,0,6
"8",7217,1,9537,1,2,3,8
"9",824,1,7217,1,4,5,9
"10",7119,1,8418,1,3,4,9
"11",4616,1,3718,1,3,5,10
"12",5005,1,7217,1,4,6,9
"13",5929,1,7217,1,4,7,14
"14",8122,1,7119,1,7,8,13
"15",1972,1,7217,1,4,5,12
"16",2991,1,7217,1,4,8,12
"17",5202,1,5005,1,7,8,13
"18",5556,1,2090,1,1,4,13
"19",9980,1,1972,1,7,9,14
"20",359,1,5202,1,9,11,15
"21",2144,1,1040,1,11,12,16
"22",4757,1,8122,1,9,10,15
"23",1485,1,5202,1,10,12,19
"24",1040,1,5005,1,8,10,15
"25",1585,1,8122,1,9,11,17
"26",4950,1,2991,1,10,11,18
"27",352,1,5929,1,8,11,17
"28",2378,1,1040,1,11,13,23
"29",5117,1,2144,1,13,15,20
"30",5670,1,4757,1,12,14,18
"31",10008,1,2695,1,14,15,19
"32",3232,1,1585,1,12,13,19
"33",1168,1,8122,1,11,12,19
"34",2695,1,1040,1,11,13,19
"35",2887,1,2695,1,15,17,22
"36",3214,1,3232,1,14,16,21
"37",4301,1,1040,1,12,13,19
"38",5256,1,352,1,13,16,20
"39",9445,1,359,1,12,15,19
"40",5826,1,1485,1,13,16,21
"41",8227,1,3990,1,15,16,20
"42",9985,1,2887,1,17,18,21
"43",439,1,1485,1,14,16,20
"44",3496,1,2887,1,18,19,27
"45",3990,1,1040,1,12,14,20
"46",4360,1,2144,1,14,16,22
"47",4411,1,3990,1,15,16,20
"48",4877,1,3232,1,15,16,20
"49",9597,1,4360,1,17,19,24
"50",4260,1,3214,1,17,19,23
"51",5486,1,9881,1,19,20,24
"52",6262,1,6907,1,19,20,25
"53",6907,1,5117,1,17,18,22
"54",2092,1,3496,1,20,22,27
"55",2737,1,4260,1,20,21,25
"56",4998,1,9881,1,21,22,27
"57",5170,1,5826,1,20,21,25
"58",5291,1,2887,1,19,20,25
"59",8736,1,4499,1,19,22,29
"60",9465,1,439,1,17,19,25
"61",9466,1,9445,1,18,20,24
"62",716,1,4350,1,20,22,30
"63",4498,1,9465,1,20,21,26
"64",4499,1,2378,1,17,18,24
"65",9685,1,2887,1,18,19,25
"66",2359,1,3990,1,17,20,26
"67",4350,1,2887,1,18,20,25
"68",9881,1,2887,1,17,19,26
"69",2409,1,7995,1,24,25,29
"70",2844,1,8736,1,23,25,31
"71",3431,1,6708,1,20,22,26
"72",6708,1,5117,1,17,18,26
"73",7307,1,1485,1,16,20,26
"74",8128,1,9881,1,22,24,28
"75",256,1,8164,1,24,26,31
"76",2715,1,2887,1,18,21,28
"77",4484,1,6907,1,20,22,27
"78",8164,1,9466,1,21,23,29
"79",871,1,8164,1,25,26,30
"80",1819,1,8164,1,24,26,31
"81",3284,1,8164,1,24,26,30
"82",4204,1,9172,1,24,26,31
"83",6643,1,5291,1,22,24,29
"84",7554,1,8736,1,22,24,30
"85",7995,1,2092,1,23,24,30
"86",9172,1,4260,1,21,23,28
"87",10093,1,4498,1,23,24,29
"88",438,1,716,1,23,26,31
"89",1876,1,7554,1,27,28,33
"90",3419,1,3431,1,23,27,30
"91",27,1,5094,1,27,29,33
"92",1401,1,4204,1,28,29,34
"93",1526,1,9172,1,24,26,31
"94",1636,1,2844,1,26,27,31
"95",1690,1,7995,1,25,26,31
"96",2265,1,9321,1,26,28,33
"97",4661,1,6907,1,21,24,30
"98",5293,1,871,1,28,29,33
"99",6008,1,8736,1,23,25,30
"100",6377,1,9506,1,26,28,33
"101",7612,1,3431,1,23,27,33
"102",8659,1,10093,1,27,29,33
"103",9317,1,9321,1,26,27,31
"104",9321,1,5170,1,24,25,33
"105",9715,1,4661,1,26,28,32
"106",985,1,6377,1,28,30,36
"107",2178,1,2409,1,28,30,36
"108",5060,1,3419,1,29,30,34
"109",5094,1,8164,1,23,26,31
"110",9506,1,4661,1,25,26,32
"111",2767,1,9506,1,28,30,35
"112",2796,1,1526,1,28,29,34
"113",3397,1,2265,1,29,31,37
"114",4020,1,6008,1,26,29,34
"115",4346,1,2844,1,28,30,36
"116",4549,1,9317,1,29,31,37
"117",6196,1,9172,1,26,28,33
"118",7894,1,871,1,27,29,33
"119",8988,1,1526,1,29,30,36
"120",9984,1,438,1,27,29,33
"121",458,1,985,1,30,31,35
"122",913,1,8718,1,30,32,38
"123",1304,1,8164,1,26,28,34
"124",1669,1,985,1,30,31,37
"125",2474,1,5434,1,30,31,35
"126",5434,1,871,1,26,28,34
"127",8181,1,2265,1,29,31,37
"128",9936,1,2767,1,31,32,38
"129",1930,1,7612,1,29,31,37
"130",4733,1,9984,1,30,32,38
"131",4767,1,9321,1,26,29,37
"132",5218,1,1636,1,28,29,34
"133",5374,1,2767,1,31,32,37
"134",5807,1,9312,1,32,33,39
"135",9368,1,5293,1,31,32,37
"136",9464,1,2409,1,27,29,35
"137",800,1,9506,1,27,30,36
"138",1423,1,7570,1,33,34,38
"139",8062,1,4020,1,30,31,36
"140",8718,1,5094,1,28,29,36
"141",9312,1,6643,1,27,30,35
"142",9377,1,458,1,32,33,38
"143",393,1,458,1,32,35,41
"144",3136,1,2767,1,31,32,37
"145",3413,1,8988,1,31,32,36
"146",3590,1,8062,1,32,35,40
"147",4981,1,6301,1,34,35,42
"148",6571,1,2265,1,30,32,37
"149",9754,1,1876,1,30,33,36
"150",9790,1,1930,1,32,34,39
"151",349,1,2178,1,32,33,37
"152",498,1,8718,1,30,31,37
"153",550,1,4346,1,31,32,39
"154",1147,1,5374,1,32,34,37
"155",1514,1,4658,1,35,36,42
"156",1608,1,2474,1,32,34,38
"157",4658,1,8181,1,33,35,40
"158",5308,1,8988,1,32,34,39
"159",5966,1,1401,1,30,32,37
"160",6301,1,3136,1,32,33,38
"161",7350,1,9464,1,31,32,38
"162",7918,1,8181,1,31,32,37
"163",9848,1,9422,1,33,35,41
"164",1979,1,5374,1,34,36,43
"165",2915,1,2767,1,33,36,41
"166",4415,1,1423,1,35,37,43
"167",5045,1,7918,1,33,34,39
"168",6244,1,913,1,33,35,40
"169",6334,1,1147,1,36,37,42
"170",9422,1,4767,1,30,32,39
"171",452,1,9464,1,30,33,39
"172",796,1,7368,1,35,37,42
"173",1301,1,5807,1,35,37,42
"174",1801,1,349,1,34,35,41
"175",2947,1,9936,1,33,38,43
"176",3561,1,3397,1,33,35,40
"177",3585,1,8659,1,30,34,39
"178",3962,1,452,1,35,37,42
"179",4715,1,9848,1,35,36,41
"180",6260,1,1147,1,35,36,41
"181",7418,1,9754,1,34,36,41
"182",7570,1,6377,1,31,32,39
"183",7687,1,5807,1,35,38,43
"184",7790,1,9848,1,36,38,44
"185",440,1,2474,1,33,36,42
"186",593,1,2915,1,38,39,45
"187",933,1,3585,1,35,37,41
"188",1225,1,1147,1,36,39,44
"189",2458,1,7350,1,32,35,43
"190",3227,1,1301,1,37,39,44
"191",4177,1,4549,1,32,35,41
"192",4584,1,498,1,32,36,44
"193",4813,1,9377,1,34,37,43
"194",5410,1,1423,1,36,38,44
"195",5919,1,440,1,37,39,45
"196",6389,1,7580,1,37,39,46
"197",7815,1,4946,1,38,39,44
"198",9402,1,5060,1,31,36,41
"199",217,1,4981,1,37,40,46
"200",415,1,1732,1,39,40,45
"201",601,1,4981,1,37,39,43
"202",1118,1,1608,1,35,37,42
"203",1563,1,1801,1,37,39,44
"204",2590,1,498,1,34,38,42
"205",3286,1,1979,1,37,39,46
"206",4552,1,349,1,35,37,43
"207",4831,1,2178,1,33,37,42
"208",5981,1,5807,1,35,37,43
"209",6451,1,3962,1,39,40,46
"210",6984,1,933,1,39,40,44
"211",7368,1,5060,1,31,34,41
"212",8778,1,1423,1,35,38,43
"213",10069,1,9422,1,34,37,41
"214",451,1,3590,1,37,38,43
"215",1015,1,349,1,35,37,43
"216",1044,1,452,1,34,36,42
"217",1430,1,4584,1,37,38,44
"218",1480,1,6334,1,38,41,47
"219",2354,1,3585,1,36,37,42
"220",2745,1,393,1,37,40,46
"221",5580,1,6260,1,37,40,44
"222",6644,1,3136,1,32,36,43
"223",7580,1,9754,1,34,37,42
"224",8565,1,6244,1,37,39,45
"225",9178,1,9790,1,37,38,43
"226",10034,1,5045,1,38,39,42
"227",532,1,4715,1,37,38,44
"228",1862,1,5410,1,39,40,45
"229",2752,1,6644,1,38,41,45
"230",4737,1,1159,1,40,41,46
"231",4946,1,393,1,36,37,44
"232",5266,1,415,1,41,42,47
"233",5743,1,4177,1,37,39,45
"234",6214,1,2947,1,39,42,46
"235",6627,1,985,1,32,35,43
"236",6967,1,4981,1,37,39,44
"237",7649,1,2745,1,41,42,48
"238",7702,1,4552,1,38,40,45
"239",7898,1,2458,1,36,38,44
"240",1732,1,6260,1,38,39,44
"241",1830,1,2947,1,40,42,47
"242",1939,1,4658,1,39,41,45
"243",2705,1,601,1,40,42,48
"244",3162,1,1015,1,37,40,45
"245",4202,1,2947,1,41,43,49
"246",4642,1,9128,1,41,42,47
"247",4678,1,7790,1,41,43,47
"248",5671,1,4737,1,42,43,48
"249",7167,1,451,1,41,43,47
"250",7721,1,4552,1,39,40,45
"251",7830,1,4946,1,38,40,45
"252",8950,1,3962,1,39,42,48
"253",9035,1,6627,1,37,38,44
"254",9128,1,4946,1,38,40,46
"255",9328,1,1514,1,38,40,45
"256",10118,1,7580,1,38,40,45
"257",264,1,10118,1,42,43,49
"258",502,1,6451,1,42,43,49
"259",651,1,9178,1,39,42,46
"260",1422,1,7898,1,40,41,46
"261",2252,1,5349,1,42,43,49
"262",3140,1,2752,1,42,44,49
"263",3516,1,1430,1,39,42,49
"264",3693,1,796,1,39,41,45
"265",4636,1,601,1,41,43,49
"266",5030,1,6389,1,40,41,48
"267",6480,1,7649,1,43,44,49
"268",7974,1,1862,1,42,43,50
"269",8248,1,4946,1,38,39,46
"270",8919,1,1430,1,39,42,48
"271",8944,1,1862,1,41,43,48
"272",1207,1,1159,1,41,43,47
"273",2232,1,3162,1,43,44,49
"274",2331,1,933,1,38,40,46
"275",2362,1,9210,1,44,45,51
"276",2561,1,4737,1,42,43,48
"277",2708,1,3227,1,41,42,48
"278",3489,1,6644,1,38,42,48
"279",4497,1,1430,1,41,43,49
"280",4611,1,2745,1,41,43,48
"281",4956,1,601,1,40,41,46
"282",5061,1,3693,1,41,44,49
"283",5517,1,10034,1,41,43,48
"284",7057,1,1732,1,41,43,47
"285",7600,1,1480,1,42,44,50
"286",8602,1,796,1,40,43,47
"287",9016,1,593,1,41,43,48
"288",9210,1,5349,1,41,42,46
"289",9286,1,1939,1,43,44,50
"290",9409,1,8248,1,40,42,47
"291",9607,1,651,1,43,44,49
"292",427,1,2752,1,42,43,48
"293",940,1,4956,1,42,43,47
"294",1159,1,6244,1,36,39,47
"295",1194,1,8789,1,41,43,49
"296",1197,1,4005,1,43,44,48
"297",1546,1,9210,1,43,45,51
"298",1803,1,8919,1,43,44,50
"299",2827,1,1939,1,42,44,48
"300",4005,1,1979,1,37,42,48
"301",5161,1,6451,1,42,44,48
"302",5349,1,4946,1,39,41,47
"303",5769,1,9409,1,43,46,53
"304",6406,1,217,1,40,43,48
"305",6410,1,7721,1,41,43,47
"306",6419,1,7540,1,45,46,50
"307",6530,1,7540,1,43,45,50
"308",6898,1,6214,1,43,45,50
"309",8789,1,1159,1,40,41,47
"310",229,1,4956,1,43,45,51
"311",755,1,5061,1,45,47,52
"312",769,1,6214,1,43,44,48
"313",1037,1,5349,1,43,47,52
"314",1101,1,3693,1,43,45,48
"315",1284,1,8950,1,43,45,50
"316",2990,1,4956,1,44,47,52
"317",4385,1,1422,1,42,45,49
"318",4832,1,229,1,46,47,54
"319",6086,1,5349,1,43,45,50
"320",6269,1,2878,1,45,46,54
"321",7204,1,3286,1,44,45,50
"322",7540,1,8789,1,42,43,48
"323",8207,1,2752,1,42,44,50
"324",1110,1,5517,1,44,46,51
"325",1246,1,1422,1,43,45,50
"326",2273,1,6214,1,44,46,51
"327",2622,1,6410,1,44,47,53
"328",4191,1,7600,1,45,46,51
"329",4407,1,4642,1,43,46,52
"330",4451,1,9286,1,46,48,52
"331",4931,1,7540,1,44,47,53
"332",5269,1,7600,1,45,46,54
"333",5334,1,3693,1,43,46,52
"334",5449,1,2745,1,45,46,49
"335",6296,1,9409,1,43,45,51
"336",6589,1,2507,1,46,47,51
"337",7364,1,6419,1,47,48,52
"338",7432,1,769,1,46,48,57
"339",7623,1,2752,1,43,47,52
"340",8831,1,9230,1,47,48,54
"341",9205,1,2705,1,45,47,51
"342",9716,1,5580,1,41,43,49
"343",9989,1,8919,1,46,48,53
"344",91,1,6086,1,48,49,56
"345",278,1,4850,1,46,48,55
"346",837,1,6086,1,47,48,53
"347",1908,1,229,1,46,48,53
"348",2507,1,3489,1,43,45,50
"349",2878,1,1830,1,43,44,50
"350",3479,1,9607,1,45,49,55
"351",3591,1,427,1,44,45,52
"352",4504,1,2745,1,44,46,51
"353",5183,1,1284,1,46,47,55
"354",6384,1,5061,1,44,46,50
"355",7148,1,9016,1,44,47,52
"356",7362,1,6530,1,46,48,53
"357",7841,1,4504,1,47,49,56
"358",8217,1,6269,1,47,49,53
"359",9666,1,3140,1,46,47,53
"360",9714,1,1284,1,46,49,56
"361",9930,1,3489,1,44,47,52
"362",10108,1,3286,1,41,42,51
"363",746,1,9016,1,45,47,54
"364",2171,1,7649,1,45,48,54
"365",2611,1,2708,1,45,47,51
"366",2702,1,2878,1,46,48,52
"367",2704,1,3516,1,44,47,52
"368",2855,1,4497,1,46,48,54
"369",2912,1,6480,1,45,46,52
"370",4580,1,8789,1,43,45,51
"371",6278,1,5517,1,45,46,51
"372",6598,1,8565,1,41,44,51
"373",8687,1,4956,1,45,46,52
"374",8938,1,6406,1,45,47,54
"375",9034,1,4737,1,43,46,51
"376",9230,1,651,1,44,46,51
"377",10140,1,6419,1,47,48,51
"378",688,1,7649,1,44,46,53
"379",916,1,4989,1,50,51,56
"380",1824,1,8217,1,50,51,57
"381",2372,1,4931,1,47,49,56
"382",2436,1,769,1,47,48,54
"383",2633,1,5449,1,47,50,55
"384",3384,1,9716,1,44,47,54
"385",3624,1,2362,1,46,49,54
"386",4827,1,6410,1,45,48,52
"387",4850,1,3489,1,43,45,52
"388",5453,1,6296,1,46,47,53
"389",6305,1,5334,1,47,50,57
"390",8401,1,4191,1,47,50,55
"391",8898,1,5769,1,47,49,53
"392",8983,1,5334,1,46,47,52
"393",9185,1,1422,1,43,45,52
"394",9353,1,2622,1,48,51,56
"395",9997,1,2232,1,45,47,54
"396",10103,1,2622,1,48,49,54
"397",18,1,10140,1,50,51,57
"398",1251,1,4580,1,47,48,54
"399",1322,1,6086,1,46,50,58
"400",1919,1,4989,1,50,52,57
"401",2114,1,2273,1,47,49,55
"402",2170,1,9286,1,47,49,54
"403",2300,1,1522,1,51,52,57
"404",2373,1,7204,1,46,48,53
"405",2527,1,2372,1,50,52,57
"406",3128,1,2114,1,50,52,59
"407",4028,1,2912,1,48,50,54
"408",4165,1,9834,1,49,50,55
"409",4320,1,9997,1,49,51,56
"410",4989,1,7148,1,47,48,55
"411",6098,1,8983,1,49,50,55
"412",7187,1,4504,1,48,50,56
"413",7806,1,2704,1,50,52,57
"414",8195,1,9714,1,50,51,55
"415",381,1,9997,1,49,50,54
"416",1009,1,7623,1,51,52,57
"417",1204,1,9666,1,51,52,58
"418",1213,1,6898,1,47,51,56
"419",1535,1,8983,1,48,49,55
"420",2194,1,8602,1,46,48,54
"421",2607,1,755,1,48,49,54
"422",2608,1,2990,1,49,50,55
"423",2659,1,91,1,51,53,58
"424",3002,1,1037,1,49,51,56
"425",3019,1,1908,1,50,52,58
"426",3288,1,8186,1,51,53,58
"427",4110,1,5161,1,45,49,54
"428",4234,1,6480,1,48,51,54
"429",4297,1,4850,1,46,49,55
"430",4376,1,1422,1,43,45,54
"431",4899,1,7623,1,49,52,57
"432",5125,1,1908,1,49,50,56
"433",5499,1,4451,1,49,50,56
"434",6687,1,7362,1,51,53,58
"435",6989,1,5125,1,51,53,58
"436",7624,1,5769,1,47,48,54
"437",7798,1,2611,1,48,50,55
"438",7937,1,8195,1,52,53,59
"439",8139,1,6480,1,46,49,55
"440",8186,1,3384,1,48,50,56
"441",8711,1,4110,1,50,52,59
"442",8746,1,8034,1,51,52,58
"443",9125,1,4165,1,50,52,59
"444",9289,1,5334,1,46,48,54
"445",9834,1,2273,1,47,48,54
"446",9990,1,9930,1,48,49,54
"447",10017,1,2114,1,49,51,57
"448",54,1,8139,1,51,52,57
"449",489,1,2436,1,49,51,55
"450",1358,1,7841,1,50,51,56
"451",1497,1,8217,1,50,52,57
"452",1522,1,9230,1,48,50,55
"453",1874,1,6589,1,48,51,58
"454",2106,1,2232,1,47,49,56
"455",2599,1,10140,1,49,51,57
"456",4287,1,2106,1,50,52,60
"457",5356,1,900,1,52,54,60
"458",5612,1,332,1,52,53,60
"459",5717,1,68,1,53,54,60
"460",6131,1,10103,1,50,51,55
"461",6150,1,3019,1,53,54,59
"462",6153,1,2607,1,50,52,57
"463",7403,1,8983,1,49,51,58
"464",7751,1,8746,1,53,54,58
"465",8034,1,7432,1,49,50,56
"466",8627,1,7600,1,47,50,56
"467",8679,1,9205,1,48,50,55
"468",8877,1,8401,1,51,53,57
"469",8891,1,9289,1,50,52,57
"470",9316,1,1535,1,50,51,57
"471",10021,1,837,1,50,51,57
"472",788,1,7403,1,52,55,59
"473",900,1,9714,1,50,51,57
"474",1583,1,10021,1,52,54,59
"475",1747,1,2904,1,51,52,56
"476",2374,1,2170,1,50,52,59
"477",2824,1,6098,1,53,54,58
"478",2904,1,4832,1,48,50,57
"479",3230,1,6687,1,53,55,60
"480",3996,1,6305,1,51,55,60
"481",4630,1,3512,1,54,55,58
"482",5874,1,7124,1,51,53,61
"483",6179,1,8401,1,51,53,58
"484",6421,1,18,1,52,55,61
"485",6623,1,9185,1,48,50,56
"486",6946,1,5343,1,53,54,58
"487",7842,1,8217,1,50,52,59
"488",9415,1,68,1,53,54,60
"489",507,1,4504,1,48,51,57
"490",520,1,489,1,54,56,60
"491",705,1,6623,1,51,53,58
"492",1055,1,1213,1,54,55,61
"493",1350,1,9230,1,50,51,57
"494",1353,1,6131,1,52,53,59
"495",1531,1,2702,1,50,52,58
"496",1758,1,916,1,52,53,58
"497",1962,1,10140,1,50,53,58
"498",2086,1,8401,1,51,53,59
"499",2742,1,5717,1,55,56,61
"500",2873,1,6131,1,52,54,60
"501",3688,1,2904,1,52,53,58
"502",3724,1,6179,1,54,56,62
"503",4226,1,1358,1,52,54,59
"504",4409,1,6687,1,53,55,61
"505",4603,1,1350,1,52,55,60
"506",4762,1,7403,1,52,54,62
"507",5158,1,8983,1,49,51,57
"508",5733,1,7403,1,52,54,61
"509",5870,1,9203,1,54,56,59
"510",7124,1,2171,1,49,51,57
"511",7157,1,861,1,53,54,59
"512",7762,1,8877,1,53,55,59
"513",7926,1,1213,1,52,55,61
"514",7940,1,7148,1,49,51,57
"515",9646,1,489,1,53,55,62
"516",68,1,5499,1,51,52,58
"517",861,1,2106,1,50,52,58
"518",1089,1,5343,1,55,56,61
"519",1138,1,4287,1,54,56,60
"520",1346,1,3624,1,50,53,58
"521",1720,1,3230,1,56,57,63
"522",1927,1,8711,1,54,57,64
"523",1987,1,6150,1,55,57,63
"524",3139,1,2633,1,52,54,59
"525",3619,1,10017,1,55,56,61
"526",4446,1,8613,1,54,55,61
"527",4563,1,7842,1,53,55,63
"528",4691,1,5612,1,54,57,62
"529",5886,1,8195,1,52,55,63
"530",5936,1,4028,1,51,54,59
"531",5992,1,2608,1,52,54,59
"532",6207,1,1747,1,54,57,66
"533",6346,1,1013,1,53,55,59
"534",6804,1,705,1,54,55,59
"535",7577,1,1213,1,53,56,60
"536",8347,1,3512,1,53,54,60
"537",8613,1,8217,1,51,53,58
"538",9232,1,1522,1,52,54,59
"539",11,1,7408,1,56,58,64
"540",79,1,8891,1,55,56,63
"541",104,1,18,1,52,53,60
"542",332,1,10103,1,50,52,59
"543",493,1,1497,1,54,55,60
"544",833,1,3019,1,53,54,59
"545",887,1,6989,1,56,58,62
"546",1013,1,8034,1,51,52,59
"547",1048,1,2171,1,50,53,60
"548",1172,1,705,1,56,57,63
"549",1224,1,9834,1,50,54,60
"550",1631,1,7926,1,56,58,64
"551",1661,1,2374,1,53,55,61
"552",1873,1,8613,1,54,56,62
"553",2032,1,10021,1,54,56,61
"554",2122,1,1213,1,53,57,60
"555",3266,1,3688,1,55,56,61
"556",3278,1,8821,1,55,57,62
"557",3279,1,104,1,55,56,62
"558",3512,1,9990,1,50,52,60
"559",4873,1,1824,1,54,56,61
"560",4980,1,9930,1,50,53,59
"561",5244,1,507,1,52,54,59
"562",5343,1,7187,1,52,53,59
"563",5504,1,1048,1,57,58,65
"564",5655,1,8401,1,53,55,59
"565",5657,1,3019,1,53,54,60
"566",6789,1,8821,1,56,58,64
"567",7147,1,1055,1,55,56,62
"568",8178,1,2608,1,51,53,59
"569",8640,1,1055,1,55,56,61
"570",8744,1,6687,1,54,55,60
"571",8821,1,10021,1,52,54,59
"572",9203,1,8627,1,51,53,59
"573",9278,1,9415,1,54,55,59
"574",10013,1,7937,1,54,56,59
"575",692,1,1350,1,55,56,60
"576",1222,1,3471,1,57,58,65
"577",1448,1,4700,1,58,59,65
"578",1926,1,2659,1,55,57,62
"579",2133,1,3288,1,55,56,61
"580",3440,1,8711,1,55,59,64
"581",3738,1,1535,1,53,56,62
"582",4354,1,2032,1,58,59,65
"583",4582,1,7926,1,56,59,65
"584",4836,1,9278,1,56,57,63
"585",4933,1,1758,1,55,56,61
"586",5236,1,3619,1,57,59,65
"587",5440,1,5717,1,55,58,63
"588",5478,1,1836,1,57,59,63
"589",5541,1,5612,1,54,59,63
"590",5988,1,3230,1,57,58,61
"591",6266,1,2125,1,57,59,65
"592",6433,1,2599,1,53,56,61
"593",7118,1,2824,1,55,57,64
"594",7242,1,1987,1,58,59,65
"595",7273,1,788,1,57,59,64
"596",7984,1,1353,1,54,57,63
"597",8531,1,6946,1,55,56,60
"598",8775,1,4762,1,55,57,63
"599",9497,1,18,1,52,55,60
"600",9967,1,7926,1,56,57,63
"601",136,1,1138,1,58,60,66
"602",619,1,1346,1,55,58,63
"603",904,1,1926,1,58,60,65
"604",1176,1,5657,1,55,57,62
"605",1836,1,861,1,53,56,62
"606",2125,1,4320,1,52,56,62
"607",2475,1,6150,1,55,57,61
"608",3104,1,5888,1,57,59,64
"609",3471,1,7842,1,53,55,61
"610",4444,1,833,1,54,58,62
"611",4728,1,7985,1,59,60,64
"612",4992,1,3244,1,59,60,65
"613",5279,1,2086,1,54,57,61
"614",5294,1,1176,1,58,60,68
"615",5526,1,2133,1,57,59,63
"616",5702,1,4836,1,57,59,63
"617",5888,1,6179,1,54,56,61
"618",6053,1,1358,1,53,55,62
"619",6236,1,4836,1,58,60,65
"620",6563,1,6804,1,56,58,61
"621",6906,1,833,1,55,57,62
"622",7210,1,1926,1,58,60,65
"623",7408,1,8891,1,53,54,61
"624",7625,1,8613,1,55,57,63
"625",7882,1,833,1,56,58,64
"626",7985,1,3996,1,56,57,63
"627",8463,1,5988,1,59,60,66
"628",8605,1,3266,1,58,60,64
"629",9184,1,54,1,53,55,62
"630",9751,1,4409,1,56,58,62
"631",616,1,8891,1,53,57,62
"632",1639,1,7147,1,57,61,66
"633",1663,1,4563,1,56,58,63
"634",2128,1,4899,1,56,59,65
"635",3198,1,4826,1,60,61,66
"636",3244,1,5343,1,56,58,64
"637",3872,1,4603,1,56,60,65
"638",3938,1,5733,1,55,57,62
"639",4022,1,1497,1,53,56,62
"640",4419,1,1122,1,60,61,67
"641",5133,1,4762,1,55,56,62
"642",5271,1,4022,1,57,61,64
"643",5599,1,1048,1,54,58,63
"644",5648,1,692,1,58,61,66
"645",5759,1,493,1,56,58,64
"646",6368,1,520,1,58,59,64
"647",7015,1,1836,1,58,60,65
"648",7941,1,9180,1,60,61,67
"649",8243,1,5888,1,57,60,67
"650",9494,1,1631,1,58,59,64
"651",239,1,6474,1,60,62,66
"652",609,1,2125,1,59,60,66
"653",981,1,616,1,60,62,68
"654",1386,1,7157,1,55,58,63
"655",1863,1,6433,1,57,58,63
"656",2038,1,8640,1,58,59,64
"657",2582,1,5440,1,60,61,66
"658",2763,1,4444,1,59,60,65
"659",2857,1,5888,1,57,59,64
"660",3126,1,3266,1,57,60,65
"661",3315,1,7387,1,60,62,66
"662",3319,1,4600,1,58,62,70
"663",3363,1,1758,1,55,59,65
"664",4097,1,8867,1,58,60,66
"665",4600,1,3139,1,55,57,63
"666",5032,1,8867,1,60,62,67
"667",5508,1,7882,1,59,61,65
"668",5740,1,3128,1,55,57,63
"669",5820,1,462,1,60,62,68
"670",5853,1,4226,1,58,62,65
"671",6155,1,2475,1,59,61,65
"672",7200,1,619,1,60,62,66
"673",7656,1,7157,1,56,58,63
"674",7970,1,7984,1,58,59,64
"675",8080,1,4836,1,59,61,66
"676",8313,1,7192,1,59,61,65
"677",8494,1,5236,1,60,62,66
"678",8583,1,1222,1,59,62,68
"679",8867,1,7937,1,55,57,63
"680",9180,1,7408,1,56,59,64
"681",9342,1,4603,1,57,58,66
"682",9620,1,9494,1,59,60,65
"683",9922,1,3925,1,61,62,65
"684",9941,1,1631,1,59,61,66
"685",88,1,5655,1,57,60,65
"686",462,1,6433,1,57,59,66
"687",549,1,4873,1,57,59,64
"688",625,1,493,1,58,60,64
"689",1005,1,4013,1,59,61,66
"690",1082,1,1873,1,57,58,64
"691",1421,1,6346,1,56,58,65
"692",1511,1,9415,1,57,60,68
"693",1595,1,1346,1,56,61,67
"694",2361,1,2824,1,56,57,64
"695",2630,1,9494,1,61,63,69
"696",2889,1,9951,1,60,61,66
"697",3176,1,3872,1,61,62,66
"698",3663,1,7273,1,60,61,68
"699",3668,1,8531,1,57,59,65
"700",3817,1,6479,1,61,62,68
"701",4013,1,3619,1,56,58,64
"702",4700,1,8821,1,55,58,65
"703",5141,1,2763,1,61,63,68
"704",5321,1,1421,1,60,62,69
"705",5358,1,6155,1,62,63,69
"706",5695,1,692,1,59,61,66
"707",5794,1,1421,1,59,61,67
"708",5931,1,9951,1,60,63,68
"709",6393,1,9967,1,58,60,66
"710",6474,1,8347,1,57,59,65
"711",6656,1,4836,1,59,60,65
"712",7091,1,4728,1,61,63,68
"713",7116,1,4600,1,59,60,64
"714",7192,1,1962,1,55,58,64
"715",7230,1,9494,1,62,63,67
"716",7573,1,5740,1,59,60,66
"717",7972,1,904,1,61,63,68
"718",8174,1,7984,1,58,61,67
"719",8552,1,6393,1,61,63,67
"720",8667,1,6266,1,61,63,70
"721",9220,1,1873,1,58,60,65
"722",9701,1,6923,1,60,62,67
"723",405,1,7577,1,57,60,66
"724",465,1,6906,1,58,59,65
"725",671,1,11,1,60,64,68
"726",703,1,7273,1,61,63,69
"727",995,1,5504,1,59,63,69
"728",1067,1,8867,1,60,61,67
"729",1383,1,7625,1,58,61,66
"730",1891,1,2889,1,62,63,67
"731",2016,1,9646,1,58,59,66
"732",2155,1,3938,1,59,61,66
"733",2318,1,8775,1,60,61,67
"734",2577,1,8605,1,61,62,69
"735",2980,1,7192,1,62,63,69
"736",3316,1,4603,1,57,60,65
"737",4326,1,3126,1,61,63,70
"738",4513,1,7015,1,61,63,69
"739",4717,1,405,1,62,64,68
"740",4826,1,5992,1,57,58,66
"741",5289,1,2038,1,60,61,66
"742",5457,1,5440,1,60,62,65
"743",5748,1,2577,1,63,64,69
"744",5809,1,3316,1,60,62,69
"745",5828,1,1176,1,58,62,67
"746",5999,1,9180,1,60,61,69
"747",6436,1,5289,1,62,64,69
"748",6449,1,6155,1,63,64,69
"749",7387,1,1758,1,54,59,65
"750",7635,1,2155,1,62,64,69
"751",7666,1,6789,1,62,63,70
"752",7670,1,6474,1,60,62,68
"753",7709,1,5294,1,61,63,66
"754",8257,1,6207,1,60,61,68
"755",8415,1,9646,1,57,59,65
"756",8559,1,3104,1,60,61,68
"757",8609,1,3104,1,60,62,66
"758",9001,1,6526,1,62,63,67
"759",9920,1,609,1,63,64,69
"760",9951,1,7577,1,57,59,65
"761",31,1,2475,1,60,63,68
"762",72,1,3104,1,61,62,67
"763",595,1,3577,1,63,64,69
"764",939,1,5648,1,62,64,69
"765",1122,1,7926,1,56,59,66
"766",1609,1,7656,1,60,63,67
"767",1837,1,2128,1,60,62,67
"768",1893,1,9701,1,64,65,69
"769",2033,1,8257,1,63,64,69
"770",2674,1,4700,1,61,63,67
"771",2732,1,7926,1,59,62,70
"772",2953,1,6789,1,62,65,69
"773",3493,1,5236,1,60,63,71
"774",3925,1,1138,1,58,60,66
"775",3985,1,1987,1,59,60,66
"776",4321,1,2038,1,60,63,68
"777",4560,1,88,1,62,63,69
"778",4714,1,5679,1,63,64,68
"779",4732,1,7242,1,60,62,67
"780",5774,1,6155,1,62,63,69
"781",5823,1,8254,1,63,65,69
"782",5956,1,1172,1,60,62,68
"783",6225,1,8463,1,63,65,72
"784",6364,1,4013,1,59,62,67
"785",6479,1,1222,1,59,60,66
"786",6599,1,6364,1,63,65,70
"787",6923,1,4873,1,57,59,66
"788",7019,1,7559,1,62,63,70
"789",7078,1,4700,1,59,61,66
"790",7155,1,2582,1,62,63,67
"791",7559,1,3278,1,59,61,67
"792",8421,1,7985,1,60,63,67
"793",8600,1,8605,1,60,61,67
"794",9344,1,3198,1,62,64,70
"795",9378,1,1927,1,58,61,66
"796",9724,1,4097,1,61,62,67
"797",9785,1,5478,1,60,63,68
"798",10014,1,5279,1,60,64,70
"799",734,1,2577,1,62,63,67
"800",1033,1,136,1,62,64,70
"801",1489,1,5321,1,64,65,71
"802",3268,1,2980,1,64,65,70
"803",3577,1,9494,1,60,61,67
"804",3708,1,8605,1,62,63,68
"805",3731,1,7116,1,61,65,70
"806",3933,1,4732,1,63,66,70
"807",4533,1,4600,1,60,62,68
"808",4544,1,5853,1,63,65,70
"809",4669,1,7015,1,61,63,67
"810",4816,1,3925,1,61,63,70
"811",5679,1,3577,1,62,63,69
"812",5875,1,4097,1,61,63,68
"813",5894,1,6109,1,65,66,72
"814",5960,1,5820,1,64,66,72
"815",6031,1,3925,1,62,64,68
"816",6375,1,4321,1,64,66,69
"817",6526,1,7882,1,60,61,67
"818",6550,1,4097,1,63,66,73
"819",6596,1,7078,1,62,64,70
"820",6653,1,4419,1,63,64,69
"821",7017,1,610,1,65,66,70
"822",7254,1,7242,1,62,64,69
"823",7356,1,1609,1,64,66,71
"824",7443,1,8174,1,63,65,69
"825",7583,1,5599,1,61,64,68
"826",7654,1,2980,1,65,66,71
"827",8254,1,8640,1,58,61,67
"828",8447,1,1837,1,63,64,69
"829",8647,1,7210,1,61,62,68
"830",8832,1,31,1,64,65,69
"831",8852,1,7230,1,64,65,69
"832",9429,1,3663,1,63,66,70
"833",9676,1,4354,1,61,62,67
"834",324,1,6923,1,61,64,69
"835",503,1,8647,1,64,66,72
"836",829,1,4513,1,64,66,70
"837",876,1,625,1,61,64,69
"838",1263,1,7015,1,62,66,71
"839",1707,1,9922,1,63,64,70
"840",1855,1,6923,1,60,62,68
"841",2728,1,5648,1,63,65,69
"842",2762,1,1609,1,64,66,72
"843",2874,1,5526,1,61,62,68
"844",3313,1,9494,1,60,62,69
"845",3601,1,7970,1,62,64,68
"846",3677,1,8254,1,62,64,71
"847",3698,1,595,1,65,67,72
"848",3770,1,3363,1,61,65,70
"849",3781,1,3925,1,63,64,69
"850",4137,1,7972,1,64,66,70
"851",4623,1,5648,1,62,65,70
"852",4643,1,1067,1,63,64,72
"853",4888,1,5717,1,56,60,68
"854",5023,1,5956,1,63,65,69
"855",5214,1,3493,1,65,66,72
"856",5479,1,7387,1,61,62,68
"857",5485,1,9785,1,64,66,71
"858",5565,1,3493,1,64,65,71
"859",5624,1,5875,1,64,65,70
"860",5884,1,3198,1,62,63,70
"861",6109,1,1720,1,60,62,69
"862",6273,1,5023,1,66,67,72
"863",6342,1,4700,1,63,64,71
"864",7042,1,6479,1,63,64,68
"865",7086,1,2630,1,63,65,72
"866",7163,1,3176,1,63,64,71
"867",7453,1,6436,1,64,65,68
"868",7597,1,3176,1,63,64,69
"869",7698,1,5289,1,63,65,70
"870",7964,1,8605,1,62,63,70
"871",7994,1,4714,1,65,67,72
"872",8134,1,2016,1,64,67,73
"873",8289,1,2361,1,58,62,68
"874",8321,1,5999,1,64,66,73
"875",8330,1,4728,1,61,64,68
"876",8408,1,8257,1,63,65,70
"877",8866,1,7200,1,63,65,71
"878",8932,1,136,1,61,64,68
"879",9314,1,7709,1,64,66,72
"880",9347,1,8552,1,64,65,72
"881",9426,1,6433,1,59,62,68
"882",9487,1,8609,1,63,64,70
"883",9753,1,7078,1,62,64,68
"884",56,1,4513,1,65,67,73
"885",82,1,5774,1,65,68,75
"886",531,1,819,1,65,68,74
"887",610,1,5774,1,64,65,70
"888",760,1,3315,1,63,64,71
"889",1273,1,5679,1,65,67,72
"890",1816,1,4560,1,64,66,71
"891",1839,1,2728,1,67,68,73
"892",1846,1,3104,1,61,64,70
"893",1899,1,9487,1,65,66,70
"894",2121,1,5457,1,63,64,73
"895",2390,1,5774,1,64,66,70
"896",2407,1,5196,1,65,67,73
"897",2602,1,1511,1,62,65,72
"898",2624,1,8559,1,63,65,71
"899",2777,1,8313,1,62,64,69
"900",2828,1,1383,1,62,65,71
"901",3096,1,2577,1,64,66,70
"902",3135,1,9701,1,63,65,70
"903",3556,1,5820,1,63,66,72
"904",3593,1,2732,1,63,66,71
"905",3948,1,5289,1,64,66,72
"906",4357,1,3319,1,63,65,70
"907",4698,1,939,1,65,67,71
"908",4741,1,2674,1,64,66,70
"909",5196,1,8257,1,64,65,73
"910",5389,1,6520,1,66,68,74
"911",5784,1,2953,1,66,68,73
"912",6071,1,3817,1,65,68,74
"913",6274,1,5485,1,67,68,74
"914",6386,1,5884,1,67,68,73
"915",6614,1,3135,1,67,68,74
"916",6927,1,1891,1,64,66,73
"917",7136,1,6436,1,65,66,71
"918",7609,1,8080,1,64,66,71
"919",8704,1,3313,1,64,65,70
"920",9045,1,9314,1,67,68,75
"921",9061,1,1855,1,64,65,73
"922",9442,1,7972,1,64,67,75
"923",9863,1,7019,1,67,68,75
"924",10036,1,610,1,67,68,73
"925",30,1,4560,1,64,66,71
"926",586,1,9701,1,63,68,75
"927",819,1,6923,1,63,64,70
"928",1152,1,4623,1,65,69,72
"929",1368,1,5196,1,66,68,75
"930",1453,1,1846,1,65,68,73
"931",1643,1,5479,1,64,66,71
"932",2815,1,625,1,62,66,72
"933",2835,1,5931,1,65,67,72
"934",2866,1,3781,1,65,67,72
"935",3498,1,1899,1,67,68,72
"936",4327,1,7200,1,63,67,72
"937",4330,1,9586,1,66,67,73
"938",4365,1,5875,1,65,67,73
"939",4370,1,5774,1,64,66,70
"940",4553,1,1893,1,67,69,74
"941",4631,1,8866,1,66,68,74
"942",4709,1,2254,1,66,69,73
"943",4755,1,5820,1,63,65,71
"944",4939,1,8494,1,63,65,70
"945",4958,1,6342,1,66,69,74
"946",5000,1,8174,1,62,65,71
"947",6050,1,3135,1,67,68,73
"948",6060,1,6599,1,66,67,72
"949",6249,1,3684,1,67,69,76
"950",6557,1,8094,1,65,66,71
"951",6892,1,8647,1,66,68,74
"952",6980,1,4419,1,62,64,70
"953",7080,1,7670,1,63,67,71
"954",7206,1,4321,1,65,66,72
"955",7501,1,2602,1,67,69,74
"956",7621,1,610,1,66,68,74
"957",7676,1,6449,1,66,67,72
"958",8193,1,8094,1,66,68,74
"959",8799,1,7583,1,66,68,74
"960",9284,1,876,1,65,67,74
"961",9370,1,3319,1,64,67,71
"962",9687,1,995,1,65,67,72
"963",9846,1,5875,1,64,66,71
"964",9971,1,3985,1,62,65,70
"965",10029,1,7972,1,64,68,73
"966",10042,1,6656,1,62,66,73
"967",832,1,4370,1,67,68,74
"968",1475,1,1643,1,67,69,75
"969",1476,1,4755,1,65,66,71
"970",2001,1,3817,1,63,68,74
"971",2023,1,9429,1,68,70,73
"972",2031,1,1839,1,69,70,74
"973",2036,1,7994,1,68,69,72
"974",2344,1,1846,1,64,66,72
"975",3112,1,8866,1,66,68,73
"976",3454,1,8421,1,64,66,71
"977",3637,1,5565,1,66,68,72
"978",3655,1,6273,1,68,70,75
"979",3740,1,9701,1,64,66,72
"980",3997,1,5000,1,66,69,74
"981",4190,1,5652,1,67,68,72
"982",4351,1,7230,1,66,68,72
"983",4535,1,8134,1,68,69,73
"984",5262,1,1005,1,65,67,72
"985",5366,1,2155,1,64,67,73
"986",5652,1,995,1,64,66,71
"987",5953,1,5823,1,67,68,72
"988",5995,1,1489,1,66,68,72
"989",6372,1,2674,1,64,66,74
"990",6408,1,2390,1,67,69,73
"991",6520,1,9220,1,62,64,71
"992",7036,1,6109,1,65,67,71
"993",7333,1,9701,1,63,66,73
"994",7392,1,7676,1,67,70,75
"995",7617,1,2815,1,67,69,75
"996",7738,1,1639,1,62,64,71
"997",8094,1,6923,1,61,65,72
"998",8319,1,5652,1,68,70,76
"999",8378,1,2407,1,68,70,75
"1000",8848,1,10042,1,66,68,73
"1001",8924,1,5774,1,64,65,71
"1002",8992,1,7080,1,68,70,77
"1003",9040,1,2953,1,66,68,73
"1004",9319,1,2390,1,67,69,75
"1005",9586,1,8174,1,64,65,71
"1006",9886,1,7738,1,65,68,73
"1007",9896,1,3770,1,67,68,72
"1008",10044,1,8609,1,63,67,73
"1009",10075,1,4714,1,65,67,71
"1010",10190,1,8134,1,69,70,76
"1011",16,1,5995,1,69,71,76
"1012",202,1,8421,1,64,66,72
"1013",210,1,7333,1,68,70,77
"1014",390,1,6071,1,68,71,76
"1015",1050,1,8552,1,64,67,73
"1016",1133,1,1252,1,69,71,76
"1017",1252,1,7453,1,66,67,72
"1018",1626,1,2407,1,70,71,75
"1019",2610,1,4755,1,66,68,73
"1020",2812,1,6375,1,68,70,75
"1021",3035,1,7443,1,66,68,74
"1022",3169,1,3997,1,69,70,76
"1023",3684,1,5032,1,64,66,73
"1024",4075,1,2121,1,65,69,74
"1025",4458,1,1855,1,64,66,72
"1026",4521,1,5820,1,65,67,73
"1027",4773,1,2344,1,68,70,75
"1028",4843,1,4365,1,68,69,74
"1029",4927,1,9846,1,66,68,74
"1030",5470,1,939,1,66,67,72
"1031",5832,1,4409,1,56,62,72
"1032",5871,1,6060,1,68,70,75
"1033",5907,1,3556,1,67,68,73
"1034",5987,1,2602,1,66,68,72
"1035",6376,1,5366,1,70,71,77
"1036",6454,1,1707,1,66,67,72
"1037",6496,1,6892,1,69,71,79
"1038",6689,1,3684,1,67,70,75
"1039",6815,1,7621,1,68,69,75
"1040",7180,1,10042,1,67,68,73
"1041",7690,1,6927,1,69,70,74
"1042",8148,1,9863,1,70,71,77
"1043",8448,1,4623,1,67,68,75
"1044",8483,1,9487,1,66,68,74
"1045",8522,1,4521,1,67,68,74
"1046",8586,1,9314,1,69,70,77
"1047",8587,1,7206,1,68,69,76
"1048",8614,1,4327,1,69,71,78
"1049",8660,1,8932,1,66,67,72
"1050",8680,1,5565,1,66,68,74
"1051",8713,1,9061,1,66,67,72
"1052",9469,1,7670,1,65,69,73
"1053",99,1,9061,1,68,70,74
"1054",295,1,4190,1,69,70,75
"1055",563,1,7501,1,70,71,77
"1056",598,1,6892,1,70,71,76
"1057",599,1,3637,1,69,72,81
"1058",948,1,5214,1,68,71,74
"1059",1276,1,2602,1,67,70,74
"1060",1470,1,3268,1,67,69,76
"1061",1764,1,6884,1,71,72,76
"1062",2003,1,3319,1,66,70,75
"1063",2126,1,2835,1,69,72,77
"1064",2254,1,9922,1,63,65,73
"1065",2263,1,1368,1,69,71,75
"1066",2299,1,1816,1,68,69,73
"1067",2303,1,4330,1,69,72,77
"1068",2423,1,9429,1,68,70,75
"1069",2576,1,2036,1,71,72,78
"1070",2655,1,3268,1,66,68,73
"1071",3003,1,4714,1,67,70,78
"1072",3292,1,1899,1,67,69,76
"1073",3594,1,7635,1,65,68,74
"1074",3725,1,9724,1,65,67,73
"1075",3750,1,2344,1,69,71,78
"1076",3796,1,9687,1,70,71,78
"1077",4575,1,9314,1,68,69,76
"1078",4974,1,7392,1,71,72,79
"1079",5068,1,2299,1,70,72,77
"1080",5331,1,8866,1,66,69,73
"1081",5376,1,1816,1,68,71,76
"1082",5391,1,4755,1,65,68,75
"1083",5536,1,1643,1,68,70,74
"1084",5996,1,2299,1,70,71,75
"1085",6475,1,8029,1,71,72,76
"1086",6768,1,9040,1,69,71,75
"1087",6795,1,9469,1,70,71,79
"1088",6884,1,2815,1,68,70,75
"1089",7393,1,2254,1,65,68,73
"1090",7607,1,4631,1,69,71,76
"1091",8029,1,2407,1,68,69,74
"1092",8100,1,3035,1,69,71,76
"1093",8336,1,6372,1,68,70,75
"1094",8615,1,8848,1,69,70,76
"1095",8629,1,2355,1,69,71,75
"1096",8748,1,9687,1,68,69,74
"1097",85,1,8319,1,71,73,79
"1098",165,1,8848,1,69,72,77
"1099",687,1,1846,1,67,70,77
"1100",814,1,7676,1,68,69,75
"1101",897,1,814,1,70,72,77
"1102",1091,1,30,1,67,70,74
"1103",1502,1,7666,1,64,68,74
"1104",2048,1,5366,1,69,71,76
"1105",2059,1,4714,1,66,68,74
"1106",2130,1,2048,1,72,73,79
"1107",2355,1,9442,1,68,69,74
"1108",2408,1,7690,1,70,71,77
"1109",2430,1,6787,1,72,73,77
"1110",2755,1,2602,1,67,70,76
"1111",2871,1,210,1,71,73,76
"1112",3012,1,8321,1,68,71,79
"1113",3466,1,7933,1,71,72,79
"1114",3541,1,531,1,69,70,76
"1115",3779,1,832,1,69,71,75
"1116",3790,1,3698,1,68,70,75
"1117",3879,1,5331,1,69,72,77
"1118",3891,1,8408,1,67,71,75
"1119",3954,1,10036,1,71,72,77
"1120",4049,1,3035,1,69,72,77
"1121",4129,1,8522,1,69,71,75
"1122",4474,1,6980,1,65,68,76
"1123",4493,1,3454,1,67,69,75
"1124",4547,1,531,1,70,72,77
"1125",4923,1,7036,1,68,71,76
"1126",5414,1,7206,1,67,69,74
"1127",5581,1,9366,1,68,71,76
"1128",5674,1,7994,1,69,71,76
"1129",6005,1,1475,1,70,71,77
"1130",6051,1,2600,1,72,73,79
"1131",6487,1,8246,1,71,72,76
"1132",7094,1,8336,1,72,73,77
"1133",7643,1,4958,1,70,72,78
"1134",7855,1,1899,1,67,69,74
"1135",7933,1,2390,1,67,69,74
"1136",7996,1,6071,1,69,70,77
"1137",8098,1,8336,1,71,73,79
"1138",8138,1,5470,1,68,70,74
"1139",8184,1,8094,1,68,70,76
"1140",8246,1,2828,1,67,69,76
"1141",8275,1,2121,1,64,67,74
"1142",8384,1,7356,1,68,69,74
"1143",8500,1,503,1,67,70,76
"1144",8569,1,5391,1,69,72,75
"1145",8981,1,6375,1,67,69,75
"1146",8984,1,8378,1,71,73,78
"1147",9054,1,2355,1,70,72,77
"1148",9110,1,8660,1,69,72,76
"1149",9520,1,6980,1,66,72,78
"1150",9708,1,2835,1,70,72,77
"1151",9998,1,8029,1,71,72,77
"1152",10066,1,8660,1,69,71,75
"1153",569,1,2866,1,70,72,76
"1154",659,1,9040,1,71,73,78
"1155",922,1,202,1,68,70,76
"1156",1992,1,1273,1,69,71,77
"1157",2075,1,1839,1,71,73,80
"1158",2212,1,2031,1,71,72,79
"1159",2825,1,6475,1,73,74,80
"1160",3299,1,1471,1,72,73,79
"1161",3330,1,5907,1,69,71,79
"1162",3439,1,3096,1,69,71,76
"1163",3599,1,922,1,71,73,79
"1164",3978,1,5414,1,69,70,75
"1165",4047,1,5366,1,68,69,75
"1166",4091,1,5196,1,67,72,78
"1167",4338,1,4698,1,70,71,76
"1168",4503,1,3594,1,69,71,75
"1169",4886,1,7017,1,68,70,75
"1170",4987,1,8134,1,69,70,75
"1171",5215,1,8138,1,72,73,78
"1172",5372,1,4047,1,71,73,77
"1173",5380,1,6420,1,72,74,79
"1174",5425,1,4493,1,70,73,78
"1175",5957,1,30,1,68,70,75
"1176",6081,1,6444,1,73,74,79
"1177",6105,1,2059,1,70,72,80
"1178",6158,1,2355,1,71,73,79
"1179",6171,1,3933,1,67,68,75
"1180",6370,1,8799,1,70,71,76
"1181",6590,1,5250,1,72,74,78
"1182",6702,1,9360,1,72,74,81
"1183",6787,1,7086,1,69,70,76
"1184",6949,1,1992,1,73,74,82
"1185",7077,1,7855,1,70,72,77
"1186",8051,1,2003,1,71,72,82
"1187",8104,1,5485,1,67,71,76
"1188",8163,1,8029,1,71,72,78
"1189",8495,1,3637,1,69,71,76
"1190",8794,1,8275,1,68,70,75
"1191",8885,1,6274,1,69,72,76
"1192",9083,1,6550,1,67,71,76
"1193",9086,1,7505,1,72,73,78
"1194",9360,1,7676,1,70,71,78
"1195",9366,1,4717,1,65,67,75
"1196",9369,1,82,1,70,71,75
"1197",9444,1,1839,1,71,72,76
"1198",9640,1,9846,1,67,69,75
"1199",10192,1,4493,1,70,71,80
"1200",260,1,8246,1,71,73,79
"1201",677,1,8378,1,72,73,78
"1202",708,1,9054,1,73,75,81
"1203",990,1,897,1,74,75,81
"1204",1047,1,7607,1,73,74,80
"1205",1181,1,1764,1,73,75,79
"1206",1201,1,3599,1,74,75,81
"1207",1471,1,1453,1,69,72,76
"1208",2231,1,7933,1,70,73,80
"1209",2269,1,6557,1,69,72,76
"1210",2600,1,10042,1,69,71,76
"1211",2776,1,5366,1,70,72,79
"1212",2926,1,8794,1,72,74,80
"1213",3346,1,2036,1,70,71,78
"1214",3391,1,3112,1,69,70,78
"1215",3841,1,9360,1,72,74,79
"1216",3981,1,9157,1,73,75,81
"1217",4113,1,7136,1,68,70,78
"1218",4241,1,9054,1,72,74,79
"1219",4331,1,8587,1,71,73,78
"1220",4388,1,3594,1,70,72,77
"1221",4403,1,5482,1,74,75,79
"1222",4494,1,1539,1,71,73,79
"1223",4612,1,9319,1,70,73,76
"1224",4852,1,5262,1,69,72,78
"1225",4932,1,2299,1,71,72,77
"1226",5250,1,9886,1,69,71,76
"1227",5547,1,7392,1,73,74,79
"1228",5880,1,8029,1,71,73,78
"1229",6149,1,9083,1,72,74,78
"1230",6420,1,4474,1,69,71,76
"1231",6444,1,3169,1,72,73,80
"1232",6992,1,2423,1,71,75,79
"1233",7007,1,6827,1,71,73,77
"1234",7351,1,6487,1,72,74,78
"1235",7519,1,8275,1,68,74,78
"1236",7615,1,4129,1,73,75,82
"1237",8052,1,6550,1,68,70,76
"1238",8798,1,5957,1,71,73,80
"1239",8958,1,6892,1,70,72,77
"1240",9007,1,2355,1,70,72,80
"1241",9157,1,1489,1,66,71,76
"1242",9274,1,10066,1,72,74,79
"1243",9914,1,1152,1,70,75,80
"1244",10060,1,1276,1,71,74,79
"1245",10072,1,7180,1,71,73,77
"1246",10195,1,8029,1,70,72,76
"1247",34,1,99,1,71,74,81
"1248",246,1,5457,1,64,71,77
"1249",461,1,4647,1,71,72,79
"1250",478,1,3079,1,74,75,79
"1251",571,1,8051,1,73,74,79
"1252",621,1,4535,1,70,74,80
"1253",701,1,7392,1,72,75,83
"1254",792,1,16,1,72,75,82
"1255",895,1,2023,1,71,72,78
"1256",917,1,246,1,73,75,79
"1257",1094,1,2576,1,74,76,81
"1258",1163,1,897,1,73,75,81
"1259",1185,1,8163,1,73,75,79
"1260",1326,1,3148,1,75,76,79
"1261",1344,1,4665,1,75,76,83
"1262",1484,1,8384,1,70,71,78
"1263",1539,1,9284,1,68,70,77
"1264",1761,1,6249,1,71,73,78
"1265",1790,1,2423,1,70,72,78
"1266",2004,1,2269,1,74,75,80
"1267",2081,1,7094,1,73,74,80
"1268",2154,1,10192,1,74,76,82
"1269",2206,1,2408,1,73,75,82
"1270",2583,1,7617,1,70,72,77
"1271",2651,1,4365,1,69,73,78
"1272",3310,1,1368,1,69,71,77
"1273",4268,1,8384,1,71,73,78
"1274",4293,1,44,1,73,75,80
"1275",4665,1,2023,1,70,73,77
"1276",4900,1,9083,1,73,75,79
"1277",4962,1,8500,1,71,73,78
"1278",4978,1,1133,1,72,74,77
"1279",5138,1,599,1,74,76,80
"1280",5165,1,2812,1,71,74,79
"1281",5338,1,2059,1,70,72,77
"1282",5642,1,598,1,73,75,81
"1283",6127,1,6249,1,71,73,79
"1284",6827,1,4623,1,67,70,78
"1285",6918,1,2031,1,71,72,77
"1286",6934,1,1484,1,71,72,77
"1287",6975,1,6376,1,72,73,78
"1288",6994,1,1475,1,71,72,79
"1289",7505,1,7855,1,70,72,77
"1290",7599,1,8052,1,71,72,78
"1291",7949,1,5215,1,75,76,81
"1292",8089,1,9054,1,74,75,81
"1293",8229,1,2583,1,74,76,81
"1294",8445,1,659,1,74,76,82
"1295",8714,1,8184,1,72,74,80
"1296",8756,1,4503,1,72,75,78
"1297",8757,1,3879,1,74,76,80
"1298",8861,1,4553,1,70,72,78
"1299",9256,1,3310,1,73,75,81
"1300",9568,1,4987,1,73,76,80
"1301",10144,1,2600,1,74,76,81
"1302",10146,1,3506,1,75,76,81
"1303",55,1,4932,1,73,74,80
"1304",180,1,5482,1,75,77,82
"1305",421,1,3330,1,72,73,79
"1306",744,1,1185,1,76,77,82
"1307",780,1,2600,1,72,75,80
"1308",1340,1,4962,1,74,75,80
"1309",1341,1,5977,1,75,77,82
"1310",1498,1,4388,1,75,77,80
"1311",1697,1,9998,1,73,74,80
"1312",1754,1,10060,1,75,76,85
"1313",1773,1,4927,1,69,73,78
"1314",2192,1,599,1,74,75,82
"1315",2197,1,7835,1,76,77,81
"1316",2244,1,7996,1,71,72,79
"1317",2317,1,8981,1,71,73,78
"1318",2375,1,6249,1,70,73,81
"1319",2392,1,8275,1,68,72,78
"1320",2443,1,3330,1,72,74,80
"1321",2455,1,1475,1,69,71,78
"1322",2905,1,3796,1,72,75,80
"1323",3039,1,2600,1,72,74,78
"1324",3148,1,5338,1,73,74,80
"1325",3224,1,2583,1,74,76,80
"1326",3519,1,7248,1,74,75,82
"1327",3558,1,7599,1,76,77,84
"1328",3874,1,9640,1,70,73,80
"1329",3974,1,6051,1,74,76,80
"1330",4007,1,7690,1,73,76,81
"1331",4115,1,5553,1,75,76,80
"1332",4463,1,8074,1,75,77,82
"1333",4468,1,5581,1,72,74,80
"1334",4930,1,3981,1,76,77,82
"1335",4952,1,2610,1,69,73,78
"1336",4960,1,2755,1,72,75,79
"1337",5226,1,6918,1,73,76,82
"1338",5267,1,2303,1,73,75,80
"1339",5345,1,8163,1,74,75,80
"1340",5377,1,4067,1,76,77,81
"1341",5482,1,5485,1,70,73,79
"1342",5492,1,6420,1,72,74,79
"1343",6036,1,7248,1,74,75,81
"1344",6183,1,2905,1,76,77,81
"1345",6373,1,8163,1,73,75,79
"1346",7038,1,10042,1,70,72,78
"1347",7248,1,2455,1,72,73,79
"1348",7812,1,8148,1,74,76,81
"1349",8020,1,4665,1,75,77,81
"1350",8074,1,4958,1,71,73,78
"1351",8176,1,610,1,68,71,78
"1352",8352,1,295,1,73,74,79
"1353",8405,1,5215,1,74,75,80
"1354",8544,1,3556,1,69,71,78
"1355",8695,1,897,1,72,76,81
"1356",8804,1,708,1,75,77,81
"1357",8899,1,598,1,73,74,80
"1358",9006,1,5953,1,70,71,78
"1359",9039,1,1078,1,75,77,84
"1360",9105,1,9319,1,74,76,80
"1361",9291,1,4843,1,70,73,79
"1362",9398,1,4494,1,75,77,84
"1363",9952,1,6005,1,72,75,80
"1364",44,1,6827,1,71,72,79
"1365",63,1,4900,1,75,76,80
"1366",219,1,3079,1,73,78,83
"1367",487,1,2443,1,75,76,80
"1368",511,1,5977,1,75,77,82
"1369",645,1,8853,1,77,78,83
"1370",712,1,8052,1,71,73,79
"1371",982,1,2392,1,75,76,80
"1372",1043,1,7874,1,74,76,80
"1373",1078,1,1475,1,72,74,80
"1374",1132,1,6158,1,75,76,81
"1375",1312,1,8098,1,74,75,81
"1376",1560,1,3330,1,71,73,79
"1377",1684,1,990,1,76,77,83
"1378",1889,1,4113,1,71,73,79
"1379",2218,1,3874,1,74,77,84
"1380",2466,1,9256,1,76,77,82
"1381",2483,1,3541,1,72,74,79
"1382",2593,1,10144,1,77,78,84
"1383",2679,1,2303,1,72,76,82
"1384",3009,1,8246,1,70,74,80
"1385",3290,1,2462,1,76,77,81
"1386",3368,1,701,1,76,78,83
"1387",3403,1,3841,1,74,76,83
"1388",3422,1,4962,1,74,76,81
"1389",3452,1,6934,1,73,75,81
"1390",3491,1,8029,1,71,73,79
"1391",3763,1,2231,1,75,76,80
"1392",4067,1,4493,1,71,74,79
"1393",4195,1,9110,1,74,76,82
"1394",4647,1,6386,1,69,71,80
"1395",5101,1,4049,1,74,76,82
"1396",5136,1,1163,1,76,77,82
"1397",5150,1,3346,1,73,75,83
"1398",5207,1,8104,1,74,75,79
"1399",5304,1,6127,1,74,78,81
"1400",5553,1,5376,1,72,74,80
"1401",5658,1,4351,1,71,74,79
"1402",5838,1,708,1,76,77,80
"1403",5977,1,3997,1,71,73,79
"1404",6136,1,5345,1,76,78,83
"1405",6382,1,2126,1,73,74,81
"1406",6471,1,8899,1,75,76,79
"1407",7611,1,5547,1,76,78,83
"1408",7870,1,4547,1,73,76,81
"1409",7874,1,8500,1,72,73,79
"1410",8073,1,1094,1,77,78,84
"1411",8192,1,712,1,75,77,83
"1412",8251,1,4852,1,73,75,79
"1413",8366,1,2303,1,74,76,83
"1414",9102,1,2483,1,76,78,83
"1415",9223,1,8138,1,72,75,79
"1416",9617,1,8615,1,71,74,81
"1417",9734,1,3299,1,74,76,81
"1418",174,1,6444,1,74,75,81
"1419",822,1,708,1,76,77,83
"1420",902,1,7812,1,76,77,81
"1421",1142,1,5880,1,74,78,83
"1422",1334,1,2430,1,75,77,82
"1423",1760,1,16,1,72,74,80
"1424",1859,1,5068,1,74,76,82
"1425",2290,1,6590,1,75,77,82
"1426",2314,1,792,1,75,77,83
"1427",2353,1,8899,1,75,77,81
"1428",2804,1,6057,1,78,79,83
"1429",2826,1,6892,1,73,75,82
"1430",3079,1,8713,1,68,72,81
"1431",3163,1,5215,1,75,77,82
"1432",3506,1,2755,1,71,73,80
"1433",3589,1,659,1,73,75,83
"1434",3681,1,8352,1,75,78,83
"1435",4237,1,2724,1,78,79,84
"1436",4276,1,8193,1,72,74,80
"1437",4437,1,9157,1,73,75,80
"1438",5228,1,9631,1,77,78,84
"1439",5364,1,3941,1,77,78,84
"1440",5628,1,2826,1,76,78,82
"1441",5686,1,3299,1,75,79,84
"1442",5965,1,1344,1,77,78,82
"1443",6065,1,2392,1,73,75,81
"1444",6308,1,5425,1,74,76,81
"1445",6608,1,6149,1,76,77,81
"1446",6654,1,1764,1,73,76,82
"1447",6763,1,6023,1,76,78,83
"1448",6777,1,8163,1,76,79,82
"1449",6844,1,6949,1,75,78,83
"1450",7111,1,3410,1,78,79,85
"1451",7247,1,5258,1,76,77,80
"1452",7640,1,4268,1,74,78,82
"1453",7740,1,6702,1,76,78,83
"1454",8396,1,5414,1,71,73,80
"1455",8745,1,7248,1,74,76,82
"1456",8760,1,7599,1,73,75,83
"1457",8853,1,4468,1,75,76,82
"1458",8966,1,3779,1,72,75,81
"1459",9269,1,3841,1,75,78,83
"1460",9302,1,3874,1,74,76,83
"1461",9310,1,3009,1,75,76,86
"1462",9425,1,9006,1,73,78,83
"1463",9627,1,2081,1,75,76,83
"1464",9822,1,5553,1,75,78,82
"1465",10002,1,6127,1,75,77,84
"1466",10129,1,1181,1,76,77,82
"1467",10137,1,6023,1,76,79,85
"1468",21,1,9369,1,72,74,81
"1469",259,1,5977,1,75,77,83
"1470",524,1,9914,1,76,78,85
"1471",597,1,8051,1,74,77,82
"1472",962,1,2462,1,77,78,83
"1473",988,1,5527,1,79,80,87
"1474",1090,1,2926,1,77,80,85
"1475",1247,1,6023,1,75,77,82
"1476",1504,1,7874,1,76,77,82
"1477",1646,1,7949,1,77,78,85
"1478",1714,1,3954,1,75,76,81
"1479",1883,1,6702,1,75,76,83
"1480",1949,1,4067,1,76,78,83
"1481",2015,1,9734,1,78,80,86
"1482",2027,1,6949,1,75,77,83
"1483",2249,1,3506,1,74,77,82
"1484",2257,1,2724,1,76,78,83
"1485",2462,1,2130,1,74,75,81
"1486",2465,1,5215,1,74,76,81
"1487",2516,1,6070,1,79,80,86
"1488",3141,1,8714,1,74,76,81
"1489",3682,1,6127,1,74,76,82
"1490",3707,1,4293,1,76,79,84
"1491",4236,1,9105,1,77,78,85
"1492",4662,1,5380,1,76,78,82
"1493",4668,1,8714,1,76,78,83
"1494",4690,1,3974,1,77,79,85
"1495",5001,1,9734,1,77,79,85
"1496",5003,1,1334,1,78,80,87
"1497",5072,1,3491,1,74,77,83
"1498",5098,1,8089,1,76,77,82
"1499",5160,1,6590,1,75,76,82
"1500",5258,1,1133,1,73,75,81
"1501",5850,1,6444,1,75,77,81
"1502",6032,1,5068,1,73,77,81
"1503",6111,1,1761,1,75,77,81
"1504",6169,1,8757,1,76,80,84
"1505",6188,1,7077,1,73,75,81
"1506",6205,1,9256,1,76,78,82
"1507",6247,1,4960,1,76,78,84
"1508",6287,1,1094,1,77,78,84
"1509",6351,1,9105,1,78,80,85
"1510",6595,1,8907,1,78,80,85
"1511",6619,1,174,1,77,78,83
"1512",6728,1,9998,1,74,77,83
"1513",6969,1,21,1,76,78,83
"1514",7310,1,6934,1,74,76,81
"1515",7391,1,9274,1,76,78,84
"1516",7578,1,3954,1,73,75,83
"1517",7835,1,2455,1,73,75,81
"1518",7895,1,3682,1,77,78,83
"1519",8057,1,897,1,74,77,82
"1520",8206,1,10066,1,72,75,82
"1521",8444,1,10002,1,77,78,83
"1522",8487,1,2755,1,73,77,82
"1523",8601,1,9568,1,77,78,82
"1524",8665,1,1247,1,78,80,85
"1525",8786,1,4468,1,75,76,81
"1526",8905,1,5138,1,77,79,84
"1527",8913,1,597,1,78,80,86
"1528",9241,1,2455,1,76,78,84
"1529",9324,1,34,1,76,78,83
"1530",9388,1,5258,1,77,78,83
"1531",9479,1,5982,1,77,79,84
"1532",9583,1,4091,1,74,78,82
"1533",9585,1,511,1,78,79,85
"1534",9810,1,34,1,75,76,82
"1535",131,1,9241,1,79,81,86
"1536",257,1,6065,1,76,79,86
"1537",362,1,9310,1,78,80,86
"1538",474,1,55,1,76,78,83
"1539",742,1,7505,1,73,77,83
"1540",1177,1,1047,1,76,77,82
"1541",1310,1,2517,1,80,81,85
"1542",1351,1,2724,1,75,77,83
"1543",1384,1,4494,1,75,76,83
"1544",1434,1,7895,1,79,81,86
"1545",1559,1,9102,1,78,81,88
"1546",1566,1,7117,1,80,81,84
"1547",1616,1,4293,1,78,79,87
"1548",1783,1,9214,1,80,81,86
"1549",1902,1,1334,1,79,80,85
"1550",2340,1,421,1,75,77,83
"1551",2698,1,2081,1,75,77,82
"1552",2724,1,2269,1,73,75,83
"1553",2784,1,9627,1,77,78,82
"1554",2860,1,9274,1,76,78,82
"1555",2909,1,5492,1,75,80,89
"1556",3294,1,6057,1,79,80,85
"1557",3494,1,5101,1,77,80,84
"1558",3813,1,6149,1,77,78,84
"1559",3846,1,659,1,75,76,82
"1560",4118,1,1177,1,78,80,85
"1561",4492,1,8853,1,77,79,84
"1562",4689,1,3410,1,79,81,86
"1563",4883,1,2154,1,78,79,84
"1564",4916,1,3891,1,73,76,82
"1565",5017,1,3403,1,77,81,86
"1566",5081,1,2314,1,78,81,87
"1567",5439,1,2466,1,79,81,87
"1568",5487,1,7077,1,74,76,82
"1569",5715,1,4564,1,78,79,84
"1570",5846,1,5385,1,79,81,87
"1571",5947,1,7835,1,76,78,83
"1572",6023,1,4647,1,73,75,82
"1573",6057,1,9054,1,76,78,84
"1574",6072,1,2698,1,77,80,85
"1575",6429,1,1883,1,78,80,85
"1576",6996,1,1334,1,78,80,85
"1577",6998,1,6975,1,75,76,82
"1578",7117,1,5165,1,76,79,83
"1579",7445,1,5686,1,79,81,86
"1580",7620,1,4293,1,76,78,85
"1581",7731,1,6032,1,79,81,84
"1582",7741,1,4463,1,78,80,85
"1583",7929,1,4437,1,76,78,84
"1584",7978,1,1247,1,78,80,86
"1585",8666,1,9810,1,78,79,85
"1586",8696,1,3632,1,78,80,84
"1587",8840,1,6036,1,78,81,86
"1588",8843,1,7835,1,75,77,82
"1589",8907,1,5380,1,75,76,82
"1590",9408,1,9885,1,80,81,87
"1591",9631,1,9444,1,72,76,82
"1592",9743,1,511,1,78,80,85
"1593",9745,1,1334,1,78,80,85
"1594",9994,1,4463,1,78,79,84
"1595",10000,1,3974,1,77,78,84
"1596",850,1,8905,1,80,81,88
"1597",911,1,9585,1,80,82,88
"1598",1071,1,7587,1,77,80,84
"1599",1230,1,8601,1,79,82,90
"1600",1280,1,9952,1,76,79,85
"1601",1574,1,8251,1,77,79,84
"1602",1687,1,2825,1,75,78,86
"1603",1851,1,3163,1,80,81,85
"1604",1894,1,8756,1,76,78,84
"1605",2156,1,5138,1,78,81,85
"1606",2167,1,8984,1,74,77,83
"1607",2183,1,708,1,76,77,85
"1608",2491,1,8756,1,75,78,84
"1609",2534,1,6183,1,79,82,87
"1610",2634,1,6373,1,76,78,83
"1611",2710,1,1859,1,79,80,85
"1612",2814,1,8444,1,79,81,86
"1613",3153,1,6429,1,81,82,87
"1614",3170,1,6373,1,76,80,85
"1615",3326,1,2462,1,77,81,87
"1616",3410,1,5345,1,77,78,84
"1617",3610,1,2249,1,77,81,86
"1618",3836,1,3141,1,79,80,84
"1619",3941,1,3466,1,75,76,84
"1620",4092,1,3410,1,79,81,86
"1621",4095,1,3170,1,81,82,87
"1622",4155,1,9617,1,76,79,83
"1623",4242,1,10068,1,80,81,87
"1624",4507,1,3682,1,77,79,84
"1625",4548,1,6382,1,76,78,85
"1626",4564,1,4468,1,75,77,83
"1627",4884,1,7391,1,81,82,87
"1628",5107,1,4463,1,79,82,88
"1629",5572,1,2804,1,80,82,88
"1630",5795,1,9102,1,80,81,86
"1631",5854,1,7117,1,80,82,88
"1632",5982,1,8984,1,74,76,84
"1633",6026,1,7740,1,78,80,85
"1634",6035,1,9585,1,80,81,86
"1635",6070,1,5138,1,76,77,84
"1636",6133,1,1163,1,76,80,85
"1637",6151,1,8786,1,78,81,85
"1638",6186,1,1043,1,77,79,85
"1639",6228,1,4564,1,79,81,86
"1640",6286,1,1247,1,78,79,84
"1641",6403,1,1351,1,79,80,85
"1642",6692,1,6975,1,75,78,83
"1643",6845,1,8057,1,80,82,86
"1644",7151,1,902,1,79,80,85
"1645",7279,1,5377,1,79,81,88
"1646",7353,1,6206,1,81,82,88
"1647",7563,1,8089,1,78,81,86
"1648",7587,1,6420,1,73,76,83
"1649",7903,1,2679,1,78,80,85
"1650",8223,1,7007,1,74,75,83
"1651",8516,1,8843,1,79,82,86
"1652",8626,1,6654,1,78,80,88
"1653",8842,1,3813,1,80,82,87
"1654",9407,1,2183,1,78,80,86
"1655",9730,1,742,1,78,80,87
"1656",9827,1,6382,1,76,78,86
"1657",9885,1,1344,1,78,79,84
"1658",9915,1,7740,1,78,80,85
"1659",9945,1,2905,1,77,79,84
"1660",10068,1,2826,1,76,79,83
"1661",100,1,6136,1,78,82,88
"1662",371,1,3813,1,80,83,88
"1663",455,1,5715,1,79,80,85
"1664",691,1,8984,1,77,79,85
"1665",707,1,5072,1,78,80,85
"1666",919,1,6183,1,78,80,85
"1667",1059,1,1714,1,77,79,85
"1668",1478,1,1177,1,78,81,90
"1669",1739,1,7812,1,79,80,86
"1670",1974,1,5165,1,78,80,86
"1671",2018,1,7812,1,79,82,88
"1672",2261,1,9425,1,79,80,86
"1673",2343,1,3974,1,78,80,88
"1674",2397,1,6777,1,81,83,87
"1675",2398,1,4900,1,77,79,84
"1676",2460,1,2465,1,77,78,84
"1677",2481,1,5965,1,81,82,87
"1678",2517,1,5226,1,77,79,84
"1679",2524,1,7111,1,80,81,86
"1680",2642,1,6136,1,79,81,85
"1681",2753,1,1280,1,80,82,87
"1682",2757,1,5647,1,80,82,87
"1683",2842,1,5647,1,80,83,88
"1684",2933,1,7151,1,81,83,89
"1685",2958,1,9734,1,78,80,87
"1686",2959,1,8804,1,78,80,85
"1687",3032,1,6188,1,77,79,86
"1688",3208,1,4883,1,80,82,86
"1689",3600,1,4403,1,77,80,85
"1690",3634,1,5081,1,82,83,88
"1691",3635,1,839,1,81,82,88
"1692",3722,1,6782,1,81,83,88
"1693",3994,1,2959,1,82,83,88
"1694",4014,1,3836,1,81,82,87
"1695",4205,1,6728,1,79,83,87
"1696",4401,1,6206,1,80,81,86
"1697",4418,1,2290,1,78,79,84
"1698",4455,1,2398,1,80,82,86
"1699",4591,1,7117,1,80,82,87
"1700",4681,1,6949,1,76,80,84
"1701",4947,1,7247,1,78,81,86
"1702",4964,1,1504,1,79,81,86
"1703",5385,1,1684,1,78,79,84
"1704",5527,1,2698,1,78,79,85
"1705",5531,1,1616,1,80,82,86
"1706",5634,1,1582,1,81,83,88
"1707",5647,1,645,1,78,79,85
"1708",5903,1,5715,1,81,83,87
"1709",6018,1,6205,1,81,83,88
"1710",6077,1,2398,1,80,82,86
"1711",6206,1,9952,1,77,79,87
"1712",6439,1,9585,1,80,81,85
"1713",6500,1,6271,1,81,83,88
"1714",6669,1,9994,1,80,82,88
"1715",6782,1,1684,1,78,81,86
"1716",6890,1,4668,1,79,81,85
"1717",7207,1,6169,1,82,83,89
"1718",7281,1,3957,1,79,82,86
"1719",7380,1,4883,1,81,82,87
"1720",7503,1,7835,1,76,79,85
"1721",7534,1,5527,1,80,81,87
"1722",7626,1,10129,1,79,81,86
"1723",7662,1,839,1,80,82,86
"1724",7781,1,822,1,77,80,86
"1725",7973,1,7111,1,80,82,88
"1726",7975,1,3681,1,79,82,87
"1727",8489,1,2462,1,76,79,84
"1728",8599,1,1646,1,81,82,88
"1729",8754,1,2909,1,80,81,86
"1730",8812,1,4952,1,75,78,85
"1731",9090,1,1574,1,79,81,84
"1732",9528,1,259,1,78,80,85
"1733",9626,1,3032,1,81,82,87
"1734",9959,1,9214,1,80,82,89
"1735",9961,1,6247,1,79,82,86
"1736",10083,1,34,1,78,81,85
"1737",10124,1,4507,1,80,83,89
"1738",10157,1,8396,1,75,77,85
"1739",37,1,5838,1,77,79,85
"1740",266,1,10068,1,80,83,90
"1741",296,1,7247,1,78,80,85
"1742",679,1,3163,1,78,80,86
"1743",815,1,10068,1,80,83,91
"1744",1031,1,5001,1,80,81,86
"1745",1320,1,4331,1,76,78,85
"1746",1582,1,8853,1,77,79,85
"1747",2071,1,5482,1,75,78,86
"1748",2328,1,6782,1,82,84,89
"1749",2606,1,5207,1,77,81,85
"1750",2774,1,3941,1,78,80,86
"1751",2975,1,2340,1,78,80,86
"1752",3252,1,2314,1,78,81,86
"1753",3474,1,3941,1,77,80,85
"1754",3632,1,2776,1,74,77,85
"1755",3774,1,7111,1,79,81,87
"1756",3957,1,4952,1,74,78,85
"1757",4104,1,2710,1,81,84,88
"1758",4277,1,8010,1,83,84,89
"1759",4384,1,5048,1,82,84,89
"1760",4607,1,6996,1,81,83,89
"1761",4824,1,8020,1,79,81,86
"1762",4880,1,1280,1,81,84,90
"1763",5097,1,3774,1,82,84,90
"1764",5120,1,1142,1,80,84,91
"1765",5135,1,9425,1,80,82,87
"1766",5341,1,8199,1,81,82,89
"1767",5561,1,4092,1,82,84,89
"1768",5736,1,3632,1,78,80,86
"1769",5739,1,9214,1,81,83,87
"1770",5793,1,63,1,78,80,86
"1771",6222,1,474,1,79,82,88
"1772",6271,1,5345,1,77,80,86
"1773",6390,1,3420,1,81,84,88
"1774",6443,1,7895,1,79,80,85
"1775",6621,1,8665,1,82,84,90
"1776",7448,1,7781,1,81,84,89
"1777",7817,1,3299,1,75,77,85
"1778",7823,1,608,1,83,84,91
"1779",7892,1,7563,1,81,84,90
"1780",7990,1,2272,1,81,83,88
"1781",8033,1,4492,1,80,83,89
"1782",8109,1,5439,1,82,84,88
"1783",8117,1,8445,1,80,81,85
"1784",8239,1,2015,1,82,84,90
"1785",8295,1,4155,1,81,83,88
"1786",8380,1,5736,1,82,83,89
"1787",8506,1,257,1,82,84,91
"1788",8837,1,2975,1,81,82,89
"1789",9062,1,257,1,80,83,90
"1790",9098,1,3558,1,80,82,87
"1791",9596,1,9398,1,78,82,89
"1792",9608,1,2975,1,82,83,91
"1793",10006,1,4241,1,78,79,85
"1794",10007,1,691,1,80,82,86
"1795",10142,1,5686,1,81,82,87
"1796",10145,1,296,1,81,83,88
"1797",10153,1,7740,1,79,81,87
"1798",216,1,3410,1,80,83,88
"1799",383,1,10129,1,81,82,87
"1800",426,1,1498,1,79,80,86
"1801",608,1,6127,1,76,82,86
"1802",617,1,3326,1,82,84,92
"1803",715,1,919,1,81,82,88
"1804",795,1,1574,1,79,81,86
"1805",839,1,4115,1,77,79,86
"1806",1065,1,6032,1,79,82,87
"1807",1538,1,8057,1,81,83,88
"1808",1709,1,8441,1,84,85,89
"1809",1710,1,6032,1,78,80,86
"1810",1769,1,21,1,78,79,86
"1811",1798,1,8010,1,83,84,88
"1812",2169,1,3681,1,79,80,86
"1813",2272,1,3681,1,79,80,86
"1814",2337,1,2956,1,82,83,87
"1815",2480,1,6032,1,79,82,86
"1816",2591,1,8150,1,82,83,86
"1817",2761,1,10006,1,81,84,89
"1818",2813,1,4883,1,80,82,89
"1819",2868,1,5341,1,83,85,89
"1820",2956,1,1684,1,78,80,86
"1821",3411,1,9585,1,80,82,87
"1822",3420,1,10002,1,78,80,86
"1823",3513,1,10083,1,83,85,92
"1824",3621,1,1559,1,82,83,88
"1825",3961,1,679,1,81,83,89
"1826",4512,1,4668,1,79,82,89
"1827",4608,1,3974,1,78,81,86
"1828",4651,1,5385,1,81,82,86
"1829",5048,1,3294,1,81,82,86
"1830",5822,1,8604,1,84,85,91
"1831",5876,1,4092,1,83,84,90
"1832",6204,1,902,1,78,80,86
"1833",6272,1,2156,1,81,83,90
"1834",6293,1,1894,1,80,84,89
"1835",6331,1,2698,1,79,81,87
"1836",6332,1,9398,1,79,82,86
"1837",6664,1,3617,1,83,84,90
"1838",6837,1,7588,1,84,85,91
"1839",6853,1,4548,1,79,82,87
"1840",7050,1,6608,1,79,82,87
"1841",7052,1,4608,1,82,85,90
"1842",7114,1,5001,1,81,84,89
"1843",7152,1,1902,1,82,84,88
"1844",7166,1,5072,1,79,84,89
"1845",7236,1,1582,1,80,84,88
"1846",7588,1,4564,1,82,83,89
"1847",7866,1,8229,1,79,80,86
"1848",7963,1,5527,1,80,82,87
"1849",8010,1,6206,1,80,81,86
"1850",8053,1,296,1,81,85,89
"1851",8083,1,1974,1,81,83,89
"1852",8150,1,2860,1,80,81,86
"1853",8267,1,2183,1,79,80,86
"1854",8441,1,8444,1,79,83,87
"1855",8669,1,3813,1,81,82,88
"1856",8874,1,6272,1,84,85,91
"1857",9113,1,7503,1,80,83,87
"1858",9397,1,4205,1,84,85,91
"1859",9416,1,2814,1,82,83,86
"1860",9518,1,5793,1,81,84,88
"1861",9725,1,9583,1,81,84,89
"1862",36,1,6853,1,83,84,89
"1863",133,1,1740,1,83,85,89
"1864",141,1,1714,1,80,83,87
"1865",184,1,911,1,83,84,88
"1866",472,1,2698,1,81,82,88
"1867",805,1,6057,1,80,83,87
"1868",892,1,7503,1,81,82,87
"1869",893,1,9585,1,81,82,88
"1870",1084,1,6026,1,81,83,87
"1871",1139,1,6228,1,83,85,91
"1872",1199,1,3994,1,84,85,89
"1873",1282,1,9098,1,84,86,92
"1874",1315,1,4118,1,83,84,88
"1875",1493,1,2753,1,84,86,90
"1876",1740,1,9994,1,81,82,88
"1877",1897,1,9214,1,81,84,90
"1878",2019,1,6228,1,85,86,91
"1879",2062,1,7001,1,82,84,93
"1880",2307,1,892,1,84,85,90
"1881",2326,1,2606,1,83,84,89
"1882",2692,1,6247,1,80,84,89
"1883",2924,1,3194,1,83,84,89
"1884",2927,1,3617,1,83,85,90
"1885",2982,1,3326,1,83,85,88
"1886",3194,1,9822,1,81,82,88
"1887",3296,1,795,1,83,85,92
"1888",3651,1,886,1,85,86,92
"1889",3808,1,4236,1,79,82,88
"1890",3893,1,37,1,80,83,87
"1891",3983,1,5793,1,83,86,92
"1892",4004,1,5439,1,83,84,88
"1893",4151,1,839,1,81,83,88
"1894",4198,1,8626,1,81,82,88
"1895",4308,1,9388,1,79,82,90
"1896",4442,1,911,1,83,85,90
"1897",4482,1,524,1,80,83,88
"1898",4817,1,8199,1,82,83,91
"1899",4833,1,8489,1,80,82,88
"1900",4872,1,6650,1,82,85,89
"1901",4929,1,2591,1,84,86,92
"1902",5046,1,8840,1,84,85,88
"1903",5103,1,6286,1,82,84,90
"1904",5164,1,8745,1,81,82,87
"1905",5336,1,6206,1,84,85,92
"1906",5656,1,2517,1,83,85,89
"1907",6125,1,2015,1,81,83,88
"1908",6213,1,3893,1,84,86,90
"1909",6303,1,1310,1,83,85,91
"1910",6455,1,3170,1,81,82,87
"1911",6724,1,893,1,84,86,92
"1912",7001,1,1616,1,80,81,87
"1913",7068,1,3617,1,84,86,92
"1914",7173,1,2956,1,82,83,89
"1915",7340,1,5309,1,84,85,89
"1916",7381,1,892,1,84,85,91
"1917",7518,1,9214,1,81,82,87
"1918",7569,1,4947,1,83,86,93
"1919",7770,1,1090,1,81,84,90
"1920",7808,1,5846,1,83,85,90
"1921",7877,1,6845,1,82,85,90
"1922",8110,1,3707,1,81,83,90
"1923",8199,1,8445,1,77,80,87
"1924",8279,1,4608,1,85,86,93
"1925",8595,1,4884,1,82,85,91
"1926",8675,1,2698,1,78,82,87
"1927",8717,1,8267,1,84,85,91
"1928",9159,1,9915,1,82,83,88
"1929",9214,1,3452,1,76,79,87
"1930",9481,1,4880,1,85,86,92
"1931",9529,1,6763,1,80,82,88
"1932",9603,1,4095,1,83,85,91
"1933",9918,1,4277,1,84,86,91
"1934",10061,1,7973,1,83,86,91
"1935",3,1,1897,1,85,86,92
"1936",61,1,4947,1,83,86,91
"1937",129,1,36,1,85,86,91
"1938",345,1,2156,1,83,84,90
"1939",652,1,5527,1,80,81,88
"1940",853,1,9479,1,81,83,88
"1941",886,1,1344,1,78,82,88
"1942",1038,1,6403,1,82,84,89
"1943",1307,1,9408,1,82,83,89
"1944",1486,1,3893,1,85,86,91
"1945",1692,1,6206,1,81,85,90
"1946",1947,1,7517,1,85,87,92
"1947",2069,1,9098,1,83,86,89
"1948",2213,1,9098,1,83,85,91
"1949",2383,1,7741,1,82,85,90
"1950",2569,1,2314,1,78,82,88
"1951",2747,1,8754,1,82,83,88
"1952",2810,1,6222,1,83,85,89
"1953",2937,1,3494,1,83,86,93
"1954",3082,1,2692,1,85,86,91
"1955",3248,1,8666,1,80,83,89
"1956",3273,1,5715,1,80,83,90
"1957",3333,1,6621,1,85,86,92
"1958",3488,1,3635,1,84,85,90
"1959",3615,1,8666,1,81,83,90
"1960",3617,1,9585,1,80,82,88
"1961",3710,1,4115,1,78,81,88
"1962",3784,1,6271,1,81,83,88
"1963",3811,1,9269,1,80,86,93
"1964",3858,1,6669,1,82,84,89
"1965",3934,1,383,1,83,85,90
"1966",3945,1,4947,1,83,84,89
"1967",4058,1,6650,1,83,85,91
"1968",4467,1,6854,1,85,86,90
"1969",4543,1,4964,1,83,84,90
"1970",4653,1,9346,1,85,86,92
"1971",4914,1,5048,1,84,85,92
"1972",5002,1,3248,1,85,87,93
"1973",5156,1,6390,1,85,87,91
"1974",5200,1,5793,1,83,85,91
"1975",5255,1,8595,1,86,87,91
"1976",5309,1,5527,1,80,83,90
"1977",5577,1,9159,1,84,87,94
"1978",5950,1,371,1,84,86,91
"1979",5984,1,6151,1,83,85,89
"1980",6059,1,7448,1,85,86,92
"1981",6328,1,2909,1,81,83,88
"1982",6650,1,1177,1,80,82,88
"1983",6855,1,9959,1,83,85,93
"1984",7012,1,5876,1,85,86,91
"1985",7319,1,892,1,84,85,89
"1986",7512,1,5950,1,86,87,93
"1987",7575,1,1710,1,82,84,89
"1988",7792,1,8441,1,86,87,92
"1989",7869,1,1574,1,81,83,88
"1990",8171,1,266,1,86,87,90
"1991",8332,1,1798,1,84,86,90
"1992",8436,1,6286,1,80,82,89
"1993",8604,1,8913,1,81,83,88
"1994",8779,1,4455,1,84,85,93
"1995",8813,1,9961,1,84,85,89
"1996",9068,1,4285,1,85,87,92
"1997",9147,1,6035,1,83,85,90
"1998",9260,1,7111,1,79,83,90
"1999",9296,1,6650,1,83,84,90
"2000",9346,1,5795,1,82,84,89
"2001",9401,1,5715,1,83,86,91
"2002",9420,1,1851,1,83,84,91
"2003",9561,1,2692,1,85,87,93
"2004",9667,1,3194,1,84,85,91
"2005",9713,1,2860,1,81,84,88
"2006",9799,1,850,1,82,84,89
"2007",10028,1,6331,1,82,83,88
"2008",10182,1,1307,1,84,85,90
"2009",13,1,1902,1,83,85,92
"2010",45,1,2524,1,82,84,90
"2011",164,1,4119,1,86,87,93
"2012",286,1,2736,1,84,86,92
"2013",680,1,1065,1,84,85,92
"2014",768,1,6186,1,80,82,90
"2015",830,1,7905,1,84,85,90
"2016",1095,1,9713,1,85,86,92
"2017",1365,1,919,1,82,84,89
"2018",1741,1,6455,1,84,86,90
"2019",1804,1,3635,1,82,84,89
"2020",2080,1,9214,1,83,84,90
"2021",2164,1,1897,1,85,87,91
"2022",2181,1,9608,1,86,88,93
"2023",2283,1,9959,1,83,85,91
"2024",2284,1,893,1,82,84,89
"2025",2384,1,7281,1,84,85,90
"2026",2723,1,5107,1,83,85,90
"2027",2949,1,2434,1,87,88,94
"2028",2965,1,3945,1,86,87,91
"2029",3114,1,4543,1,85,88,93
"2030",3190,1,3836,1,81,83,89
"2031",3542,1,4543,1,85,86,91
"2032",3567,1,7336,1,84,85,91
"2033",3871,1,4653,1,86,88,94
"2034",3935,1,5495,1,85,86,92
"2035",3956,1,1559,1,83,84,89
"2036",4073,1,9062,1,85,86,92
"2037",4278,1,1768,1,86,88,93
"2038",4285,1,426,1,82,84,89
"2039",4335,1,9725,1,85,87,93
"2040",4598,1,1740,1,83,85,90
"2041",4895,1,893,1,84,86,92
"2042",4940,1,5003,1,82,85,90
"2043",5216,1,5793,1,81,84,89
"2044",5495,1,9098,1,83,85,91
"2045",5603,1,5795,1,82,86,92
"2046",6104,1,3273,1,86,87,94
"2047",6193,1,4512,1,83,86,94
"2048",6199,1,1851,1,83,86,91
"2049",6525,1,7963,1,85,87,90
"2050",6531,1,1974,1,81,84,90
"2051",6615,1,9961,1,84,86,92
"2052",6739,1,2606,1,83,84,89
"2053",6742,1,5782,1,87,88,95
"2054",6854,1,1084,1,83,84,90
"2055",6869,1,1412,1,86,87,92
"2056",6959,1,2337,1,85,87,92
"2057",7438,1,3722,1,83,86,91
"2058",7450,1,4608,1,84,85,89
"2059",7517,1,1710,1,81,84,90
"2060",7713,1,4004,1,86,88,94
"2061",7822,1,9159,1,86,87,92
"2062",7825,1,10083,1,83,85,92
"2063",7836,1,3778,1,87,88,93
"2064",7856,1,2266,1,86,87,93
"2065",8298,1,2386,1,86,88,93
"2066",8833,1,10083,1,82,83,90
"2067",8849,1,6595,1,81,84,89
"2068",8933,1,4598,1,86,88,93
"2069",8953,1,893,1,83,85,92
"2070",9003,1,850,1,83,87,92
"2071",9005,1,3445,1,85,86,90
"2072",9026,1,2692,1,85,86,91
"2073",9031,1,10006,1,80,82,89
"2074",9183,1,9745,1,81,83,89
"2075",9217,1,6615,1,87,88,92
"2076",9263,1,8837,1,84,85,89
"2077",9927,1,2384,1,86,88,92
"2078",10149,1,3722,1,86,88,91
"2079",127,1,1709,1,86,88,96
"2080",334,1,472,1,83,85,90
"2081",436,1,853,1,84,86,91
"2082",470,1,9608,1,85,88,93
"2083",594,1,1199,1,86,88,93
"2084",700,1,4929,1,88,89,93
"2085",748,1,129,1,87,89,96
"2086",1016,1,8849,1,85,87,95
"2087",1102,1,4237,1,81,85,91
"2088",1412,1,7975,1,84,85,90
"2089",1417,1,6747,1,88,89,94
"2090",1623,1,2491,1,80,84,90
"2091",1768,1,1031,1,82,86,92
"2092",2136,1,4940,1,86,88,92
"2093",2207,1,2328,1,85,86,90
"2094",2266,1,1478,1,82,84,91
"2095",2287,1,296,1,81,83,90
"2096",2434,1,8833,1,84,85,92
"2097",2467,1,6863,1,86,89,93
"2098",2595,1,7770,1,85,87,90
"2099",2639,1,2266,1,85,86,92
"2100",2727,1,8150,1,82,85,90
"2101",2736,1,9407,1,81,82,90
"2102",2769,1,4543,1,85,86,90
"2103",2890,1,8117,1,83,88,93
"2104",3020,1,2642,1,83,86,92
"2105",3390,1,2956,1,85,86,91
"2106",3535,1,4126,1,87,89,94
"2107",3555,1,1709,1,87,88,93
"2108",3570,1,7050,1,85,88,92
"2109",3726,1,9722,1,87,88,96
"2110",4009,1,2639,1,88,89,93
"2111",4157,1,5846,1,81,84,91
"2112",4250,1,7588,1,86,89,96
"2113",4253,1,2287,1,86,89,94
"2114",4536,1,4104,1,85,88,94
"2115",4667,1,9062,1,85,87,91
"2116",4743,1,1065,1,84,86,90
"2117",5145,1,8109,1,85,87,93
"2118",5253,1,4895,1,86,87,93
"2119",5286,1,7281,1,84,86,90
"2120",5295,1,4285,1,84,86,93
"2121",5498,1,988,1,83,86,91
"2122",5511,1,1031,1,84,86,92
"2123",5519,1,4964,1,83,85,90
"2124",5564,1,2753,1,83,85,90
"2125",5582,1,4591,1,83,86,91
"2126",5595,1,3252,1,83,84,91
"2127",5605,1,9416,1,84,87,93
"2128",5663,1,4467,1,87,88,94
"2129",5681,1,81,1,88,89,93
"2130",5782,1,296,1,82,86,91
"2131",5797,1,8717,1,86,88,94
"2132",6092,1,8436,1,86,89,94
"2133",6349,1,2692,1,85,87,93
"2134",6773,1,3615,1,86,87,92
"2135",6831,1,5439,1,83,85,92
"2136",7269,1,7207,1,84,86,93
"2137",7293,1,3326,1,83,86,91
"2138",7582,1,4689,1,83,85,90
"2139",7627,1,1282,1,88,89,93
"2140",7663,1,3934,1,87,88,92
"2141",7810,1,7582,1,87,88,94
"2142",7811,1,6390,1,86,88,91
"2143",7905,1,5072,1,79,83,90
"2144",7906,1,1486,1,87,89,94
"2145",7988,1,1851,1,83,86,91
"2146",8256,1,4482,1,86,89,93
"2147",8306,1,1365,1,84,85,90
"2148",8654,1,3513,1,87,88,93
"2149",8691,1,9296,1,86,87,92
"2150",9055,1,5739,1,84,86,90
"2151",9119,1,436,1,87,88,93
"2152",9618,1,7293,1,87,88,93
"2153",9709,1,4401,1,82,84,90
"2154",9817,1,227,1,87,89,94
"2155",9833,1,1804,1,85,87,92
"2156",81,1,6331,1,86,87,91
"2157",196,1,1365,1,85,87,91
"2158",227,1,5739,1,84,86,93
"2159",404,1,4914,1,86,88,94
"2160",514,1,3726,1,88,89,93
"2161",522,1,5582,1,88,90,95
"2162",580,1,3651,1,87,88,93
"2163",764,1,5876,1,84,87,91
"2164",831,1,1804,1,86,88,92
"2165",927,1,7534,1,84,85,92
"2166",979,1,4689,1,84,86,91
"2167",986,1,9608,1,83,85,91
"2168",1085,1,8306,1,85,88,94
"2169",1237,1,3617,1,84,86,92
"2170",2141,1,1798,1,86,88,94
"2171",2187,1,133,1,87,88,92
"2172",2229,1,2287,1,85,86,91
"2173",2333,1,7166,1,86,88,95
"2174",2386,1,4277,1,85,86,91
"2175",2511,1,7450,1,86,87,92
"2176",2619,1,8199,1,81,84,91
"2177",2631,1,805,1,86,87,96
"2178",2831,1,1199,1,86,88,96
"2179",2934,1,6293,1,85,89,93
"2180",3021,1,2207,1,87,89,95
"2181",3497,1,2723,1,87,88,92
"2182",3522,1,4607,1,86,88,94
"2183",3532,1,7990,1,86,88,93
"2184",3646,1,7293,1,88,89,95
"2185",3804,1,5216,1,85,87,93
"2186",3816,1,7517,1,86,87,92
"2187",3840,1,9667,1,86,89,93
"2188",4008,1,4401,1,83,85,91
"2189",4052,1,4743,1,87,90,95
"2190",4126,1,7281,1,84,86,91
"2191",4228,1,831,1,89,90,98
"2192",4539,1,1897,1,86,88,94
"2193",4634,1,5739,1,84,85,91
"2194",5132,1,4277,1,86,87,92
"2195",5433,1,2328,1,86,88,93
"2196",5883,1,7445,1,83,85,94
"2197",6148,1,1517,1,88,90,95
"2198",6400,1,5595,1,86,88,92
"2199",6458,1,9561,1,88,90,97
"2200",6747,1,2337,1,85,87,92
"2201",7025,1,2933,1,85,87,92
"2202",7035,1,7425,1,89,90,96
"2203",7336,1,6844,1,81,83,92
"2204",7483,1,8171,1,88,90,96
"2205",7818,1,1769,1,84,87,91
"2206",7839,1,9722,1,88,90,96
"2207",8088,1,2307,1,86,88,94
"2208",8103,1,6831,1,85,86,92
"2209",8467,1,7662,1,84,86,92
"2210",8642,1,6621,1,86,87,92
"2211",8942,1,8813,1,86,88,95
"2212",9216,1,3248,1,84,88,94
"2213",9323,1,7822,1,88,90,95
"2214",9766,1,5135,1,84,87,91
"2215",9913,1,5120,1,85,86,91
"2216",10165,1,4914,1,86,88,93
"2217",10174,1,5822,1,87,90,96
"2218",19,1,2727,1,87,89,94
"2219",41,1,1804,1,85,87,93
"2220",71,1,3621,1,85,87,93
"2221",323,1,2949,1,89,90,97
"2222",377,1,10153,1,86,88,94
"2223",413,1,81,1,87,88,92
"2224",1018,1,6615,1,89,90,96
"2225",1577,1,5065,1,88,91,96
"2226",1602,1,3020,1,87,91,100
"2227",2047,1,227,1,88,89,94
"2228",2182,1,41,1,88,89,93
"2229",2441,1,5564,1,86,87,92
"2230",2616,1,9725,1,85,87,93
"2231",2717,1,8306,1,86,89,94
"2232",2772,1,9725,1,87,89,95
"2233",2783,1,9991,1,90,91,96
"2234",2910,1,7207,1,85,87,92
"2235",2925,1,1315,1,85,87,92
"2236",3025,1,5439,1,82,87,94
"2237",3131,1,6018,1,85,87,93
"2238",3167,1,893,1,86,88,93
"2239",3306,1,5903,1,85,88,93
"2240",3445,1,3610,1,82,84,92
"2241",3457,1,3082,1,88,91,98
"2242",3468,1,7731,1,82,86,92
"2243",3609,1,9296,1,86,88,94
"2244",3778,1,2480,1,83,86,93
"2245",3911,1,2639,1,87,90,96
"2246",4211,1,7770,1,85,89,94
"2247",4876,1,61,1,87,89,95
"2248",4970,1,4073,1,87,89,94
"2249",5065,1,9518,1,85,87,94
"2250",5112,1,8842,1,83,85,92
"2251",5549,1,8642,1,89,91,98
"2252",5575,1,5309,1,85,87,93
"2253",5588,1,4277,1,85,88,94
"2254",5705,1,71,1,88,89,95
"2255",5738,1,1282,1,87,89,93
"2256",5943,1,9799,1,86,87,92
"2257",5974,1,1085,1,89,90,96
"2258",6094,1,7050,1,86,88,94
"2259",6366,1,127,1,89,90,95
"2260",6434,1,2925,1,88,89,94
"2261",6723,1,2386,1,87,88,92
"2262",6813,1,2328,1,86,88,93
"2263",6863,1,1851,1,84,86,92
"2264",7005,1,3804,1,89,91,96
"2265",7020,1,7905,1,86,90,95
"2266",7265,1,8295,1,84,87,94
"2267",7278,1,227,1,87,89,94
"2268",7425,1,8595,1,86,88,94
"2269",7502,1,5681,1,90,91,96
"2270",7639,1,4104,1,85,88,92
"2271",7900,1,8332,1,88,91,96
"2272",8005,1,9119,1,89,91,96
"2273",8009,1,8306,1,85,87,94
"2274",8090,1,1102,1,88,89,94
"2275",8268,1,1282,1,86,88,92
"2276",8274,1,5439,1,83,85,92
"2277",8434,1,5656,1,87,88,93
"2278",8612,1,2924,1,85,90,95
"2279",8857,1,9296,1,85,86,92
"2280",9065,1,4947,1,84,87,94
"2281",9193,1,2333,1,88,90,95
"2282",9348,1,9481,1,88,91,97
"2283",9449,1,9147,1,86,88,93
"2284",9722,1,6669,1,84,86,93
"2285",9746,1,5561,1,86,90,94
"2286",9798,1,8833,1,85,88,93
"2287",9991,1,4591,1,86,88,94
"2288",10099,1,8033,1,85,89,95
"2289",222,1,6110,1,91,92,98
"2290",234,1,7825,1,87,89,94
"2291",327,1,6863,1,89,91,98
"2292",364,1,2511,1,89,91,97
"2293",630,1,8857,1,87,89,94
"2294",632,1,362,1,81,86,94
"2295",646,1,9618,1,91,92,98
"2296",710,1,5519,1,86,87,94
"2297",803,1,2047,1,90,92,98
"2298",852,1,6837,1,86,87,94
"2299",908,1,7152,1,85,89,93
"2300",993,1,2750,1,88,91,96
"2301",1066,1,2164,1,88,91,97
"2302",1096,1,7517,1,86,88,93
"2303",1105,1,2019,1,88,91,96
"2304",1151,1,7512,1,89,92,98
"2305",1289,1,7818,1,89,90,95
"2306",1299,1,4278,1,89,92,97
"2307",1396,1,764,1,88,91,96
"2308",1415,1,4277,1,88,90,95
"2309",1464,1,7877,1,87,88,93
"2310",1517,1,3808,1,84,86,93
"2311",1805,1,5984,1,86,88,93
"2312",1869,1,5046,1,87,91,97
"2313",1877,1,5588,1,89,90,96
"2314",1896,1,3131,1,89,90,94
"2315",2119,1,3020,1,88,89,98
"2316",2200,1,2631,1,88,90,95
"2317",2279,1,953,1,90,91,94
"2318",2478,1,6959,1,89,91,97
"2319",2700,1,7688,1,90,91,98
"2320",2750,1,8033,1,84,87,95
"2321",2809,1,6303,1,85,87,94
"2322",2865,1,9808,1,90,92,96
"2323",2896,1,2631,1,89,91,96
"2324",3064,1,6813,1,91,92,97
"2325",3068,1,41,1,88,89,94
"2326",3095,1,7906,1,90,92,97
"2327",3219,1,19,1,90,91,97
"2328",3538,1,5603,1,89,91,96
"2329",3565,1,71,1,89,92,97
"2330",3791,1,3005,1,91,92,98
"2331",4119,1,1065,1,83,86,93
"2332",4192,1,7293,1,87,88,93
"2333",4480,1,8009,1,90,92,98
"2334",4585,1,3635,1,84,87,94
"2335",4794,1,908,1,89,91,97
"2336",4812,1,3726,1,90,91,98
"2337",5040,1,5588,1,88,90,95
"2338",5121,1,5511,1,88,91,94
"2339",5362,1,6400,1,89,91,96
"2340",5413,1,3306,1,89,90,95
"2341",5509,1,413,1,89,90,96
"2342",5525,1,4884,1,85,88,94
"2343",5730,1,1658,1,89,91,96
"2344",5773,1,4585,1,90,92,97
"2345",5803,1,4872,1,86,88,93
"2346",5814,1,7512,1,87,89,93
"2347",5869,1,7639,1,89,92,98
"2348",5898,1,5797,1,91,92,98
"2349",6025,1,4104,1,87,89,96
"2350",6549,1,7460,1,91,92,97
"2351",6828,1,8171,1,89,90,96
"2352",6908,1,2181,1,90,91,96
"2353",7188,1,8933,1,90,91,96
"2354",7347,1,5065,1,90,92,99
"2355",7428,1,4073,1,87,90,96
"2356",7598,1,9147,1,86,88,93
"2357",7688,1,81,1,88,90,95
"2358",7749,1,2750,1,87,90,95
"2359",7919,1,36,1,87,89,95
"2360",7947,1,7265,1,88,90,97
"2361",8151,1,36,1,88,89,95
"2362",8300,1,5509,1,91,92,98
"2363",8394,1,164,1,88,89,96
"2364",8528,1,8090,1,90,91,97
"2365",8637,1,5145,1,90,91,96
"2366",8819,1,4817,1,84,86,93
"2367",9167,1,2467,1,91,92,97
"2368",9179,1,2229,1,87,88,93
"2369",9181,1,5572,1,84,87,93
"2370",9270,1,413,1,89,91,96
"2371",9435,1,8654,1,90,92,97
"2372",9741,1,9817,1,90,91,97
"2373",9808,1,5582,1,87,88,93
"2374",9928,1,9743,1,83,86,93
"2375",10035,1,4073,1,88,90,93
"2376",10039,1,81,1,88,91,97
"2377",10047,1,8504,1,90,91,96
"2378",10104,1,8642,1,88,91,97
"2379",94,1,7906,1,90,91,97
"2380",193,1,3532,1,89,91,95
"2381",545,1,7336,1,85,89,95
"2382",573,1,7319,1,86,91,97
"2383",631,1,345,1,85,88,94
"2384",804,1,8182,1,90,93,99
"2385",858,1,680,1,86,87,94
"2386",877,1,1199,1,86,89,94
"2387",953,1,5065,1,88,89,95
"2388",1045,1,9113,1,86,88,94
"2389",1137,1,8033,1,85,87,94
"2390",1268,1,7688,1,90,91,95
"2391",1380,1,8274,1,87,88,94
"2392",1435,1,979,1,87,89,96
"2393",1445,1,8090,1,91,93,99
"2394",1447,1,7025,1,88,89,94
"2395",1469,1,7278,1,90,91,97
"2396",1614,1,1096,1,89,92,98
"2397",1658,1,3934,1,87,89,94
"2398",1688,1,8306,1,88,89,94
"2399",1715,1,6272,1,85,88,94
"2400",1716,1,2511,1,88,90,96
"2401",1825,1,19,1,90,92,97
"2402",1965,1,9410,1,91,92,97
"2403",2127,1,6723,1,90,91,98
"2404",2138,1,2207,1,86,91,95
"2405",2173,1,7810,1,89,91,96
"2406",2421,1,8239,1,86,90,94
"2407",2635,1,7025,1,87,90,95
"2408",2662,1,7265,1,88,90,95
"2409",2725,1,9916,1,90,92,97
"2410",2849,1,196,1,88,90,96
"2411",2853,1,1896,1,90,93,99
"2412",3289,1,1289,1,91,93,99
"2413",3709,1,7035,1,91,92,98
"2414",3953,1,858,1,88,89,94
"2415",3976,1,7381,1,87,90,94
"2416",4076,1,7810,1,90,91,98
"2417",4163,1,5839,1,90,91,97
"2418",4270,1,3911,1,91,92,97
"2419",4390,1,1237,1,88,89,96
"2420",4604,1,4073,1,88,90,96
"2421",4788,1,7713,1,90,92,96
"2422",4839,1,7269,1,87,90,95
"2423",5273,1,133,1,86,88,94
"2424",5275,1,5286,1,87,90,95
"2425",5281,1,2727,1,88,89,95
"2426",5298,1,1658,1,90,91,97
"2427",5421,1,9372,1,91,93,99
"2428",5456,1,5112,1,88,91,96
"2429",5639,1,4536,1,90,91,96
"2430",5683,1,2925,1,88,89,95
"2431",5708,1,8256,1,90,91,97
"2432",6110,1,6349,1,88,90,94
"2433",6117,1,3021,1,90,92,97
"2434",6190,1,3726,1,90,91,98
"2435",6217,1,2511,1,89,91,95
"2436",6551,1,2965,1,89,90,97
"2437",6677,1,5763,1,90,93,99
"2438",6778,1,4876,1,90,93,98
"2439",7257,1,1045,1,91,92,97
"2440",7320,1,7428,1,90,91,95
"2441",7460,1,2207,1,87,90,94
"2442",7484,1,2421,1,92,93,97
"2443",7726,1,1396,1,92,93,100
"2444",8105,1,8942,1,90,93,99
"2445",8182,1,3273,1,87,89,94
"2446",8369,1,7688,1,92,93,97
"2447",8414,1,3488,1,87,89,96
"2448",8504,1,7012,1,87,89,96
"2449",8546,1,2333,1,89,92,99
"2450",8737,1,632,1,87,88,94
"2451",8871,1,323,1,91,93,97
"2452",8968,1,9991,1,89,90,95
"2453",9148,1,9603,1,89,91,97
"2454",9307,1,2949,1,90,93,97
"2455",9308,1,9558,1,91,92,98
"2456",9410,1,9449,1,88,90,94
"2457",9504,1,7012,1,87,90,94
"2458",9887,1,9416,1,85,91,96
"2459",9963,1,6828,1,92,93,100
"2460",14,1,1688,1,90,92,96
"2461",51,1,5200,1,87,90,95
"2462",125,1,5519,1,88,92,98
"2463",143,1,6094,1,89,90,96
"2464",225,1,7808,1,89,90,95
"2465",477,1,8642,1,88,91,97
"2466",629,1,10174,1,92,94,100
"2467",806,1,2279,1,92,94,99
"2468",1146,1,9362,1,93,94,98
"2469",1530,1,9808,1,90,91,97
"2470",1742,1,908,1,90,92,96
"2471",1954,1,8394,1,91,94,101
"2472",2083,1,5041,1,93,94,100
"2473",2247,1,3829,1,92,93,97
"2474",2253,1,9817,1,90,91,95
"2475",2258,1,9927,1,90,92,96
"2476",2554,1,4004,1,86,88,95
"2477",2722,1,6434,1,90,91,97
"2478",2954,1,4895,1,89,91,96
"2479",2994,1,5588,1,90,92,99
"2480",3336,1,2809,1,89,92,95
"2481",3587,1,3021,1,90,93,99
"2482",3606,1,143,1,92,93,98
"2483",3666,1,877,1,91,93,98
"2484",3723,1,4876,1,91,94,99
"2485",3881,1,4384,1,86,88,95
"2486",3884,1,6813,1,89,93,98
"2487",3947,1,51,1,92,93,96
"2488",4291,1,6094,1,91,93,100
"2489",4615,1,225,1,91,94,100
"2490",4740,1,9410,1,91,93,96
"2491",4779,1,9435,1,93,94,99
"2492",4984,1,9817,1,90,94,98
"2493",5029,1,5216,1,88,89,95
"2494",5041,1,2047,1,91,92,96
"2495",5146,1,953,1,90,92,97
"2496",5162,1,3025,1,89,91,95
"2497",5335,1,6213,1,87,90,95
"2498",5418,1,4442,1,86,89,95
"2499",5538,1,4876,1,90,92,98
"2500",5763,1,5253,1,88,89,95
"2501",5839,1,7425,1,88,89,95
"2502",5866,1,51,1,92,93,97
"2503",5867,1,2868,1,87,90,95
"2504",5962,1,5403,1,92,94,97
"2505",6470,1,9323,1,91,94,100
"2506",6515,1,1445,1,93,94,99
"2507",6639,1,4390,1,92,94,100
"2508",6759,1,1869,1,92,93,98
"2509",6793,1,7428,1,91,93,97
"2510",6997,1,1143,1,92,94,101
"2511",7113,1,9193,1,91,93,96
"2512",7178,1,9217,1,89,91,96
"2513",7390,1,9927,1,90,94,101
"2514",7648,1,7947,1,91,94,97
"2515",7694,1,2421,1,93,94,101
"2516",8480,1,2441,1,88,90,95
"2517",8698,1,9401,1,87,89,96
"2518",8890,1,4335,1,89,91,96
"2519",8970,1,9667,1,86,88,95
"2520",9261,1,993,1,92,93,99
"2521",9272,1,3911,1,91,93,100
"2522",9471,1,371,1,85,88,95
"2523",9558,1,3567,1,86,90,96
"2524",9675,1,1658,1,91,93,98
"2525",9801,1,9561,1,90,92,98
"2526",9811,1,9927,1,89,92,97
"2527",9830,1,5200,1,87,91,97
"2528",9,1,7294,1,92,94,101
"2529",67,1,2772,1,91,93,97
"2530",92,1,1530,1,93,95,100
"2531",203,1,8942,1,90,91,96
"2532",221,1,5041,1,94,95,99
"2533",223,1,5340,1,93,95,100
"2534",649,1,2809,1,88,91,97
"2535",669,1,4604,1,92,94,101
"2536",759,1,5867,1,91,94,100
"2537",873,1,9746,1,92,94,100
"2538",909,1,2717,1,90,91,100
"2539",1076,1,2662,1,91,93,100
"2540",1088,1,10104,1,92,94,99
"2541",1189,1,4539,1,89,91,96
"2542",1367,1,5943,1,89,91,96
"2543",1379,1,2173,1,92,94,99
"2544",1395,1,7178,1,93,95,100
"2545",1482,1,1461,1,94,95,101
"2546",1615,1,10047,1,92,94,101
"2547",2087,1,5273,1,89,91,96
"2548",2668,1,2087,1,94,95,100
"2549",3054,1,5418,1,90,92,97
"2550",3340,1,7685,1,92,94,101
"2551",3369,1,8182,1,91,93,97
"2552",3448,1,9741,1,91,93,97
"2553",3473,1,7900,1,93,95,99
"2554",3719,1,4480,1,94,95,101
"2555",3915,1,10104,1,92,93,100
"2556",3943,1,3064,1,93,95,100
"2557",4117,1,4653,1,89,92,97
"2558",4361,1,545,1,90,93,98
"2559",4556,1,4119,1,88,91,96
"2560",4841,1,5162,1,92,93,97
"2561",5148,1,4117,1,93,94,100
"2562",5179,1,445,1,94,95,100
"2563",5320,1,9216,1,89,90,96
"2564",5332,1,5120,1,86,89,96
"2565",5403,1,4119,1,88,90,96
"2566",5548,1,8698,1,90,94,100
"2567",5559,1,5561,1,85,91,97
"2568",6220,1,3005,1,91,94,98
"2569",6378,1,2965,1,90,93,99
"2570",6456,1,5681,1,89,91,96
"2571",6511,1,4876,1,91,93,97
"2572",6538,1,6285,1,94,95,99
"2573",7087,1,4117,1,93,95,99
"2574",7409,1,9928,1,87,90,96
"2575",7584,1,5040,1,90,91,96
"2576",7586,1,9348,1,93,95,103
"2577",7758,1,6400,1,90,93,100
"2578",7946,1,10083,1,84,90,96
"2579",7977,1,8480,1,91,92,96
"2580",8061,1,4390,1,90,92,96
"2581",8194,1,2332,1,94,95,99
"2582",8617,1,5275,1,91,94,100
"2583",8791,1,225,1,92,93,98
"2584",9187,1,9093,1,93,95,101
"2585",9197,1,3570,1,90,93,97
"2586",9300,1,7749,1,91,92,96
"2587",9362,1,7278,1,90,91,99
"2588",9372,1,9005,1,89,90,97
"2589",9374,1,2127,1,93,94,102
"2590",9565,1,470,1,90,91,96
"2591",9916,1,286,1,87,88,96
"2592",10082,1,1085,1,91,93,98
"2593",10132,1,225,1,91,93,99
"2594",4,1,7906,1,90,91,97
"2595",80,1,8968,1,90,93,97
"2596",335,1,5730,1,92,94,97
"2597",445,1,10039,1,92,93,99
"2598",521,1,9065,1,88,90,97
"2599",690,1,3791,1,92,95,101
"2600",808,1,2247,1,94,96,103
"2601",1014,1,7900,1,93,95,100
"2602",1143,1,9372,1,90,91,98
"2603",1440,1,6199,1,89,93,99
"2604",1461,1,2138,1,93,94,99
"2605",1534,1,2506,1,94,95,101
"2606",1879,1,7839,1,93,94,101
"2607",1973,1,803,1,93,94,98
"2608",2041,1,1469,1,93,94,100
"2609",2045,1,3565,1,93,95,100
"2610",2193,1,6724,1,90,92,97
"2611",2327,1,8942,1,90,94,100
"2612",2688,1,545,1,90,92,98
"2613",2734,1,9558,1,91,92,97
"2614",2758,1,5298,1,93,95,101
"2615",2830,1,9504,1,92,94,98
"2616",2962,1,5538,1,94,96,100
"2617",3005,1,5943,1,89,90,97
"2618",3026,1,1877,1,92,93,98
"2619",3250,1,222,1,94,96,103
"2620",3262,1,4291,1,93,94,100
"2621",3433,1,4876,1,90,92,97
"2622",3528,1,3881,1,90,93,99
"2623",3613,1,7900,1,94,96,100
"2624",3829,1,5681,1,90,91,97
"2625",4677,1,6148,1,92,94,100
"2626",4775,1,9308,1,94,96,100
"2627",5084,1,7428,1,92,94,98
"2628",5189,1,10035,1,92,94,100
"2629",5340,1,2890,1,89,92,97
"2630",5665,1,5332,1,90,94,100
"2631",5698,1,9179,1,91,93,97
"2632",5726,1,5146,1,95,96,101
"2633",5827,1,3726,1,89,91,97
"2634",6024,1,9558,1,91,92,98
"2635",6162,1,1896,1,91,93,100
"2636",6202,1,3219,1,92,95,100
"2637",6268,1,1261,1,93,94,98
"2638",6285,1,6458,1,91,93,98
"2639",6322,1,7856,1,89,91,97
"2640",6624,1,1461,1,94,96,101
"2641",6818,1,7425,1,91,94,101
"2642",6868,1,8871,1,94,96,99
"2643",7026,1,1289,1,92,93,98
"2644",7100,1,5898,1,93,95,98
"2645",7122,1,5577,1,90,91,97
"2646",7294,1,9558,1,91,92,98
"2647",7378,1,2688,1,92,94,99
"2648",7427,1,6162,1,94,96,101
"2649",7590,1,4076,1,92,95,100
"2650",7788,1,7694,1,95,96,101
"2651",8015,1,7685,1,94,96,102
"2652",8315,1,594,1,89,90,97
"2653",8502,1,1105,1,92,93,100
"2654",8678,1,4052,1,92,94,99
"2655",8868,1,7320,1,93,95,101
"2656",8951,1,5509,1,91,94,100
"2657",9052,1,2890,1,88,91,98
"2658",9057,1,4788,1,93,95,102
"2659",9060,1,9216,1,91,92,99
"2660",9581,1,953,1,91,95,99
"2661",9636,1,3535,1,91,94,99
"2662",9777,1,67,1,93,94,99
"2663",9787,1,5029,1,91,94,99
"2664",10025,1,8968,1,91,93,100
"2665",10175,1,9675,1,93,95,101
"2666",70,1,1088,1,95,97,102
"2667",152,1,993,1,93,97,103
"2668",163,1,9323,1,92,94,100
"2669",653,1,7257,1,93,95,101
"2670",681,1,3709,1,94,96,103
"2671",758,1,5639,1,92,94,102
"2672",932,1,7347,1,93,96,102
"2673",1126,1,4228,1,92,93,98
"2674",1261,1,6828,1,91,92,100
"2675",1808,1,5340,1,94,97,103
"2676",2186,1,6190,1,93,95,100
"2677",2246,1,9060,1,93,94,98
"2678",2332,1,6434,1,90,93,99
"2679",2411,1,2849,1,92,94,99
"2680",2500,1,4117,1,93,94,100
"2681",2506,1,1289,1,91,93,98
"2682",2508,1,2725,1,94,97,104
"2683",2549,1,9119,1,89,91,98
"2684",2901,1,3021,1,90,91,98
"2685",3103,1,573,1,93,96,102
"2686",3307,1,2247,1,93,96,102
"2687",3335,1,2478,1,93,95,101
"2688",3453,1,9830,1,92,96,102
"2689",3501,1,4480,1,94,95,101
"2690",3524,1,2717,1,91,93,99
"2691",3986,1,6997,1,96,97,103
"2692",4030,1,4556,1,92,94,101
"2693",4347,1,143,1,91,92,98
"2694",4405,1,7758,1,94,97,101
"2695",4426,1,9216,1,90,92,98
"2696",4456,1,163,1,95,97,104
"2697",4505,1,1435,1,92,95,102
"2698",4800,1,804,1,95,97,102
"2699",4921,1,8300,1,94,95,99
"2700",4935,1,2253,1,93,97,101
"2701",5122,1,9675,1,95,96,102
"2702",5173,1,4740,1,93,94,99
"2703",5211,1,758,1,94,95,100
"2704",5357,1,2193,1,93,95,100
"2705",5523,1,4390,1,93,94,99
"2706",5546,1,5866,1,94,96,100
"2707",5792,1,67,1,94,95,100
"2708",5815,1,4291,1,94,96,103
"2709",6029,1,8617,1,95,97,100
"2710",6166,1,653,1,96,97,104
"2711",6462,1,1261,1,94,95,100
"2712",6732,1,245,1,94,96,103
"2713",6779,1,7906,1,90,91,98
"2714",6843,1,630,1,91,93,99
"2715",7216,1,8182,1,90,94,98
"2716",7226,1,7005,1,92,94,101
"2717",7268,1,3280,1,94,96,101
"2718",7402,1,8480,1,91,93,98
"2719",7452,1,3538,1,93,94,99
"2720",7571,1,8819,1,87,92,98
"2721",7685,1,7278,1,90,92,102
"2722",7700,1,4347,1,94,96,101
"2723",8845,1,6268,1,95,96,101
"2724",8847,1,1445,1,93,95,101
"2725",8870,1,804,1,96,97,102
"2726",9118,1,7378,1,95,97,105
"2727",9262,1,669,1,96,97,100
"2728",9358,1,6000,1,96,97,102
"2729",9509,1,4361,1,96,97,103
"2730",9553,1,222,1,92,93,98
"2731",9637,1,646,1,93,95,101
"2732",9788,1,80,1,94,96,101
"2733",9855,1,1146,1,96,97,101
"2734",9857,1,8642,1,89,92,98
"2735",9924,1,5683,1,91,95,100
"2736",10135,1,5433,1,90,92,98
"2737",86,1,6285,1,96,98,102
"2738",179,1,6024,1,96,97,102
"2739",245,1,7278,1,90,93,99
"2740",299,1,6997,1,95,96,101
"2741",337,1,6549,1,95,97,103
"2742",412,1,9323,1,92,94,100
"2743",733,1,3501,1,97,98,104
"2744",740,1,1975,1,96,98,103
"2745",864,1,2258,1,94,97,103
"2746",921,1,8061,1,93,96,101
"2747",935,1,3528,1,95,97,100
"2748",976,1,1309,1,96,97,101
"2749",1004,1,9811,1,93,94,99
"2750",1023,1,9187,1,96,97,103
"2751",1046,1,5411,1,97,98,104
"2752",1209,1,3453,1,97,98,102
"2753",1255,1,6633,1,96,98,105
"2754",1308,1,10174,1,91,94,100
"2755",1309,1,7590,1,95,96,101
"2756",1474,1,6379,1,95,97,102
"2757",1821,1,7100,1,96,98,101
"2758",1838,1,245,1,94,95,102
"2759",1975,1,5538,1,94,96,102
"2760",2370,1,6434,1,91,93,99
"2761",2425,1,2500,1,95,98,105
"2762",2468,1,2830,1,96,98,103
"2763",2563,1,1088,1,95,96,102
"2764",2798,1,4984,1,94,95,100
"2765",3151,1,4740,1,95,96,101
"2766",3280,1,9068,1,89,93,100
"2767",3304,1,3565,1,93,96,103
"2768",3324,1,2370,1,95,96,103
"2769",3334,1,993,1,93,94,101
"2770",3415,1,5898,1,93,94,101
"2771",3605,1,7226,1,95,97,102
"2772",3628,1,3538,1,92,94,99
"2773",3870,1,2662,1,91,94,99
"2774",4423,1,125,1,94,95,100
"2775",4453,1,7977,1,94,95,101
"2776",4531,1,5815,1,97,98,104
"2777",5006,1,1973,1,95,97,101
"2778",5552,1,2193,1,93,95,100
"2779",5689,1,5300,1,96,97,103
"2780",6284,1,9504,1,93,94,99
"2781",6302,1,3915,1,96,98,102
"2782",6379,1,1105,1,93,94,99
"2783",7064,1,5974,1,92,94,99
"2784",7103,1,6378,1,94,95,101
"2785",7341,1,7427,1,97,98,101
"2786",7407,1,4480,1,93,95,99
"2787",7618,1,8791,1,95,98,102
"2788",7707,1,2200,1,92,94,100
"2789",7711,1,5866,1,95,96,100
"2790",7911,1,3719,1,96,97,103
"2791",8040,1,2778,1,96,98,104
"2792",8183,1,7294,1,93,95,99
"2793",8348,1,6164,1,96,97,102
"2794",8427,1,7749,1,92,94,99
"2795",8442,1,1151,1,93,96,101
"2796",8766,1,7113,1,95,97,104
"2797",8929,1,7268,1,97,98,104
"2798",8956,1,9272,1,95,97,105
"2799",9089,1,9581,1,96,98,103
"2800",9146,1,522,1,92,94,100
"2801",9357,1,14,1,94,96,102
"2802",9440,1,8502,1,94,98,104
"2803",9629,1,7688,1,93,96,100
"2804",9643,1,163,1,95,97,101
"2805",10101,1,1435,1,92,94,99
"2806",10173,1,2725,1,94,97,102
"2807",718,1,1975,1,97,98,103
"2808",1467,1,3054,1,94,98,105
"2809",1795,1,9504,1,93,95,100
"2810",1807,1,3151,1,97,98,102
"2811",1895,1,3026,1,95,96,100
"2812",1929,1,3021,1,92,95,102
"2813",2107,1,4841,1,94,95,100
"2814",2168,1,9362,1,92,94,100
"2815",2255,1,6515,1,95,97,101
"2816",2509,1,8434,1,90,94,100
"2817",2580,1,4841,1,95,96,101
"2818",2628,1,1877,1,93,94,101
"2819",2716,1,92,1,96,97,102
"2820",2870,1,2168,1,95,98,104
"2821",2875,1,3791,1,94,96,103
"2822",2944,1,1445,1,94,96,100
"2823",3109,1,7045,1,96,97,103
"2824",3265,1,5726,1,97,98,102
"2825",3475,1,3538,1,93,97,102
"2826",3534,1,6268,1,95,97,103
"2827",3548,1,9436,1,96,98,103
"2828",3657,1,1681,1,98,99,104
"2829",3664,1,7839,1,92,94,101
"2830",3715,1,6164,1,94,96,101
"2831",3797,1,6268,1,96,97,104
"2832",3918,1,7700,1,97,99,103
"2833",3987,1,1534,1,98,99,104
"2834",4175,1,5792,1,96,98,104
"2835",4182,1,7811,1,89,95,100
"2836",4187,1,3335,1,95,98,105
"2837",4624,1,9857,1,93,98,103
"2838",4730,1,5211,1,98,99,103
"2839",4753,1,1126,1,96,98,102
"2840",4791,1,445,1,96,98,103
"2841",5119,1,7758,1,94,97,102
"2842",5300,1,9148,1,93,95,100
"2843",5437,1,2580,1,97,98,103
"2844",5728,1,8871,1,95,98,103
"2845",5877,1,9146,1,96,99,103
"2846",6000,1,225,1,90,95,101
"2847",6164,1,7639,1,91,94,101
"2848",6290,1,2107,1,96,98,103
"2849",6394,1,4052,1,91,94,100
"2850",6680,1,8637,1,94,96,101
"2851",6750,1,921,1,97,99,104
"2852",6801,1,6379,1,95,97,102
"2853",7045,1,5866,1,93,95,100
"2854",7194,1,3723,1,96,99,102
"2855",7264,1,9308,1,94,96,101
"2856",7300,1,8962,1,97,99,104
"2857",7436,1,3334,1,97,98,105
"2858",7668,1,1929,1,96,98,102
"2859",7692,1,2200,1,93,95,101
"2860",7880,1,7409,1,92,96,103
"2861",8904,1,7749,1,93,96,101
"2862",8945,1,3289,1,96,97,100
"2863",9000,1,7452,1,95,96,103
"2864",9051,1,1268,1,92,95,100
"2865",9093,1,9746,1,90,93,101
"2866",9221,1,1973,1,95,98,102
"2867",9436,1,2258,1,93,94,101
"2868",9903,1,6778,1,93,95,101
"2869",9912,1,8868,1,96,98,102
"2870",105,1,5148,1,97,99,103
"2871",150,1,9777,1,97,98,104
"2872",611,1,5041,1,94,95,102
"2873",725,1,6268,1,96,97,103
"2874",924,1,8005,1,94,97,101
"2875",931,1,806,1,96,97,102
"2876",1056,1,3065,1,98,100,105
"2877",1083,1,9912,1,99,100,105
"2878",1203,1,3723,1,96,99,104
"2879",1523,1,4423,1,96,98,101
"2880",1647,1,8956,1,98,100,104
"2881",1880,1,6793,1,93,96,101
"2882",1884,1,3064,1,95,97,101
"2883",1913,1,1895,1,97,98,103
"2884",2030,1,1688,1,93,95,101
"2885",2778,1,1614,1,94,95,101
"2886",2803,1,976,1,98,100,105
"2887",3065,1,8847,1,97,98,105
"2888",3414,1,2989,1,98,100,106
"2889",3425,1,5179,1,96,99,104
"2890",3426,1,7341,1,98,99,104
"2891",3441,1,1523,1,99,100,104
"2892",3653,1,8870,1,98,100,104
"2893",4043,1,3289,1,93,98,103
"2894",4084,1,5975,1,98,99,105
"2895",4252,1,4699,1,97,99,104
"2896",4275,1,3008,1,99,100,105
"2897",4373,1,4670,1,98,99,105
"2898",4525,1,6680,1,98,100,106
"2899",4534,1,3095,1,94,96,101
"2900",4699,1,804,1,94,96,101
"2901",4763,1,7788,1,97,98,102
"2902",4774,1,5962,1,96,98,102
"2903",5062,1,6759,1,95,97,101
"2904",5551,1,6432,1,98,100,105
"2905",5631,1,9261,1,95,97,102
"2906",5709,1,3473,1,95,96,103
"2907",5841,1,10132,1,95,98,105
"2908",5975,1,4030,1,95,97,102
"2909",6052,1,7586,1,97,100,104
"2910",6338,1,4906,1,97,99,106
"2911",6417,1,8358,1,97,98,102
"2912",6432,1,1742,1,94,96,102
"2913",6597,1,9436,1,95,98,105
"2914",6766,1,7571,1,96,98,104
"2915",7027,1,808,1,98,100,105
"2916",7099,1,1209,1,99,100,107
"2917",7646,1,1076,1,95,96,102
"2918",8037,1,909,1,94,96,101
"2919",8076,1,7026,1,95,97,103
"2920",8159,1,611,1,98,99,104
"2921",8422,1,5698,1,95,97,103
"2922",8461,1,4347,1,94,97,102
"2923",8548,1,5444,1,98,99,105
"2924",8608,1,3606,1,94,96,101
"2925",8688,1,2087,1,94,96,101
"2926",8880,1,8369,1,94,96,102
"2927",8962,1,3791,1,93,96,102
"2928",9042,1,8076,1,98,99,107
"2929",9143,1,759,1,97,99,106
"2930",9153,1,7264,1,98,99,104
"2931",9680,1,7590,1,96,98,102
"2932",9763,1,4405,1,98,99,108
"2933",9890,1,3628,1,95,97,102
"2934",10058,1,223,1,98,100,106
"2935",10087,1,8678,1,95,97,101
"2936",77,1,6245,1,98,100,106
"2937",190,1,3151,1,97,99,105
"2938",206,1,1474,1,98,99,103
"2939",302,1,3093,1,99,101,106
"2940",372,1,9057,1,96,99,104
"2941",388,1,2725,1,95,97,102
"2942",471,1,545,1,91,96,102
"2943",473,1,7479,1,98,100,105
"2944",508,1,1880,1,97,98,103
"2945",695,1,2580,1,97,100,107
"2946",835,1,1088,1,95,97,102
"2947",1063,1,4347,1,93,96,104
"2948",1148,1,2944,1,97,98,105
"2949",1170,1,8061,1,95,97,104
"2950",1495,1,1975,1,97,101,106
"2951",1681,1,649,1,94,97,103
"2952",1810,1,3511,1,99,100,107
"2953",1847,1,976,1,99,101,105
"2954",2025,1,1534,1,97,98,102
"2955",2065,1,2107,1,96,97,102
"2956",2139,1,1965,1,94,97,102
"2957",2277,1,9410,1,92,96,102
"2958",2399,1,4043,1,99,101,106
"2959",2609,1,7264,1,97,98,104
"2960",2663,1,1255,1,99,101,107
"2961",2699,1,3324,1,97,99,103
"2962",2713,1,4175,1,98,101,106
"2963",2779,1,8962,1,97,100,105
"2964",2819,1,7618,1,99,100,107
"2965",2916,1,7646,1,97,99,105
"2966",2977,1,9440,1,99,101,106
"2967",3008,1,2506,1,96,98,103
"2968",3093,1,8037,1,97,98,103
"2969",3277,1,2699,1,99,101,108
"2970",3576,1,3548,1,99,101,105
"2971",3842,1,508,1,99,100,106
"2972",3931,1,2580,1,97,99,104
"2973",4158,1,3664,1,96,98,103
"2974",4269,1,4615,1,96,98,102
"2975",4305,1,9553,1,96,98,103
"2976",4387,1,1170,1,99,101,105
"2977",4410,1,1238,1,99,100,107
"2978",4471,1,8300,1,95,97,102
"2979",4670,1,3943,1,96,98,102
"2980",4713,1,9153,1,100,101,106
"2981",4723,1,3262,1,97,99,104
"2982",4828,1,6677,1,97,100,105
"2983",4906,1,6220,1,95,96,102
"2984",5118,1,1884,1,98,100,104
"2985",5381,1,8956,1,99,101,106
"2986",5383,1,3335,1,97,99,105
"2987",5444,1,445,1,95,97,103
"2988",5777,1,4794,1,93,96,102
"2989",5868,1,5631,1,98,99,103
"2990",5938,1,3501,1,96,97,102
"2991",6245,1,6677,1,94,97,104
"2992",6299,1,7618,1,100,101,106
"2993",6501,1,10175,1,97,99,103
"2994",6527,1,835,1,98,99,105
"2995",6566,1,10082,1,94,96,102
"2996",6633,1,5300,1,95,96,102
"2997",6958,1,4753,1,99,101,107
"2998",7282,1,8956,1,99,101,108
"2999",7287,1,7571,1,93,95,102
"3000",7799,1,864,1,99,101,106
"3001",8132,1,2246,1,95,96,102
"3002",8144,1,4763,1,99,100,105
"3003",8215,1,7103,1,98,100,104
"3004",8288,1,6759,1,96,98,103
"3005",8290,1,9275,1,98,99,103
"3006",8358,1,2700,1,94,96,102
"3007",8433,1,2246,1,96,99,104
"3008",8839,1,4779,1,96,98,104
"3009",9120,1,1379,1,95,98,102
"3010",9165,1,9680,1,100,101,106
"3011",9275,1,6470,1,95,97,103
"3012",9298,1,2989,1,99,101,107
"3013",9557,1,2087,1,92,93,102
"3014",9752,1,3304,1,97,99,106
"3015",148,1,473,1,101,102,106
"3016",450,1,5868,1,100,101,106
"3017",513,1,4624,1,100,101,107
"3018",530,1,2962,1,99,102,107
"3019",1029,1,9357,1,97,99,104
"3020",1238,1,179,1,97,98,103
"3021",1356,1,9855,1,98,99,106
"3022",1499,1,9890,1,98,99,105
"3023",1536,1,4217,1,101,102,107
"3024",2205,1,7045,1,97,100,105
"3025",2293,1,4480,1,95,98,104
"3026",2512,1,2875,1,98,99,104
"3027",2638,1,7341,1,100,102,108
"3028",2669,1,681,1,97,99,104
"3029",3077,1,2916,1,100,102,106
"3030",3225,1,1474,1,98,99,105
"3031",3240,1,932,1,97,99,104
"3032",3364,1,3151,1,98,101,106
"3033",3620,1,5552,1,96,99,105
"3034",3760,1,2875,1,98,99,105
"3035",3951,1,8870,1,98,101,106
"3036",3984,1,7726,1,94,96,104
"3037",4199,1,2277,1,97,99,104
"3038",4313,1,9637,1,97,99,103
"3039",4416,1,3336,1,94,96,103
"3040",4417,1,1238,1,100,102,108
"3041",4530,1,7711,1,97,100,104
"3042",5126,1,10082,1,94,96,103
"3043",5149,1,5456,1,94,96,104
"3044",5154,1,9643,1,98,101,108
"3045",5235,1,4187,1,100,102,110
"3046",5287,1,223,1,96,97,103
"3047",5411,1,6677,1,94,96,103
"3048",5460,1,1482,1,96,98,103
"3049",5543,1,4313,1,100,102,107
"3050",5758,1,8546,1,93,97,103
"3051",6360,1,3433,1,92,95,103
"3052",6369,1,9643,1,98,100,103
"3053",6697,1,2718,1,100,101,107
"3054",6849,1,1523,1,99,101,106
"3055",6950,1,9613,1,100,101,107
"3056",7478,1,3605,1,99,100,106
"3057",7479,1,2045,1,95,97,104
"3058",7914,1,758,1,95,99,106
"3059",8027,1,7287,1,97,99,105
"3060",8410,1,3065,1,100,101,105
"3061",8682,1,7586,1,97,99,105
"3062",8827,1,6527,1,100,102,108
"3063",9033,1,6340,1,99,101,106
"3064",9078,1,9204,1,100,101,108
"3065",9100,1,5437,1,100,101,108
"3066",9301,1,5132,1,91,94,103
"3067",9337,1,5119,1,98,100,108
"3068",9454,1,3951,1,101,102,106
"3069",9538,1,1356,1,100,101,106
"3070",9853,1,8442,1,97,102,108
"3071",320,1,8433,1,101,102,108
"3072",506,1,6515,1,96,102,106
"3073",541,1,190,1,101,103,110
"3074",561,1,6766,1,99,101,106
"3075",626,1,4471,1,100,101,107
"3076",920,1,6501,1,101,103,108
"3077",1111,1,6868,1,97,99,105
"3078",1188,1,5689,1,101,102,107
"3079",1219,1,4525,1,101,103,108
"3080",1556,1,9912,1,100,102,108
"3081",1628,1,9013,1,98,99,105
"3082",1641,1,8688,1,97,99,106
"3083",1673,1,8766,1,99,102,107
"3084",1717,1,5444,1,97,99,105
"3085",1890,1,2323,1,102,103,110
"3086",2129,1,1356,1,100,102,107
"3087",2323,1,7100,1,96,100,106
"3088",2422,1,4753,1,99,100,105
"3089",2879,1,1148,1,101,102,110
"3090",2976,1,5062,1,98,100,104
"3091",2993,1,7586,1,98,100,105
"3092",3159,1,206,1,100,102,108
"3093",3207,1,8890,1,93,96,104
"3094",3238,1,3842,1,100,102,108
"3095",3442,1,6950,1,102,103,108
"3096",3511,1,2030,1,97,98,104
"3097",3554,1,2246,1,96,98,105
"3098",3611,1,5777,1,98,99,105
"3099",3626,1,3548,1,100,101,107
"3100",4059,1,2668,1,96,99,105
"3101",4153,1,6750,1,100,102,110
"3102",4217,1,3095,1,95,98,104
"3103",4219,1,5815,1,98,100,105
"3104",4257,1,5800,1,101,103,108
"3105",4284,1,718,1,99,101,106
"3106",4500,1,4275,1,101,103,107
"3107",4705,1,931,1,98,99,104
"3108",4878,1,2370,1,98,100,105
"3109",4897,1,9890,1,98,100,107
"3110",5152,1,7300,1,100,103,108
"3111",5234,1,1379,1,98,100,104
"3112",5568,1,2563,1,98,100,105
"3113",5673,1,3620,1,100,101,108
"3114",5690,1,2139,1,100,101,105
"3115",5980,1,7586,1,96,98,104
"3116",6340,1,6000,1,97,98,104
"3117",6413,1,7688,1,92,99,105
"3118",6422,1,4471,1,98,100,105
"3119",6473,1,4158,1,99,101,106
"3120",6569,1,1795,1,97,101,107
"3121",6671,1,2819,1,102,103,109
"3122",6848,1,2870,1,98,99,105
"3123",6852,1,4410,1,101,103,106
"3124",7009,1,3280,1,98,100,106
"3125",7430,1,3951,1,102,103,108
"3126",7470,1,5841,1,99,101,106
"3127",7703,1,5062,1,98,101,105
"3128",7760,1,3441,1,101,102,107
"3129",7938,1,2989,1,101,103,107
"3130",7954,1,2277,1,98,100,105
"3131",8007,1,6268,1,97,99,104
"3132",8025,1,5551,1,101,102,107
"3133",8070,1,5437,1,100,102,107
"3134",8220,1,7452,1,95,97,104
"3135",8486,1,924,1,98,102,106
"3136",8719,1,3280,1,95,98,104
"3137",8802,1,8290,1,101,102,108
"3138",8937,1,2500,1,97,98,104
"3139",9013,1,8871,1,95,96,104
"3140",9025,1,5841,1,99,101,106
"3141",9084,1,4530,1,101,103,107
"3142",9500,1,4531,1,98,101,105
"3143",9613,1,4727,1,99,100,106
"3144",9628,1,4252,1,100,102,108
"3145",9633,1,1895,1,99,100,106
"3146",9871,1,7009,1,101,102,108
"3147",9949,1,206,1,100,103,109
"3148",10059,1,5815,1,99,101,105
"3149",213,1,7268,1,97,98,105
"3150",251,1,5877,1,101,102,107
"3151",253,1,3414,1,101,102,106
"3152",518,1,4084,1,100,102,108
"3153",614,1,5841,1,98,99,105
"3154",965,1,2669,1,102,104,109
"3155",1922,1,1495,1,102,103,109
"3156",2124,1,8766,1,98,100,105
"3157",2311,1,4456,1,98,101,106
"3158",2395,1,221,1,97,101,106
"3159",2741,1,3065,1,99,101,107
"3160",3000,1,4084,1,101,104,110
"3161",3029,1,8956,1,99,101,107
"3162",3281,1,9120,1,99,101,106
"3163",3537,1,3918,1,100,101,106
"3164",3636,1,4269,1,100,101,107
"3165",3697,1,4730,1,101,103,107
"3166",3789,1,637,1,103,104,110
"3167",3903,1,10173,1,99,101,109
"3168",4101,1,1056,1,101,103,109
"3169",4282,1,1895,1,97,100,106
"3170",4567,1,10175,1,96,99,105
"3171",4727,1,9261,1,96,99,105
"3172",5063,1,2819,1,101,103,107
"3173",5080,1,8548,1,100,103,109
"3174",5210,1,4567,1,100,102,108
"3175",5494,1,1975,1,98,99,106
"3176",5830,1,1647,1,100,101,105
"3177",5964,1,2422,1,102,103,109
"3178",6170,1,2976,1,101,103,109
"3179",6383,1,3987,1,99,101,105
"3180",6785,1,4158,1,99,101,106
"3181",6812,1,70,1,100,102,108
"3182",6833,1,4387,1,103,104,108
"3183",7101,1,8962,1,98,100,106
"3184",7295,1,637,1,103,104,109
"3185",7315,1,626,1,102,104,109
"3186",7424,1,5830,1,102,104,109
"3187",7757,1,9431,1,103,104,109
"3188",7901,1,4275,1,101,103,108
"3189",7934,1,2205,1,101,103,109
"3190",7939,1,5460,1,100,101,107
"3191",7962,1,8027,1,99,102,107
"3192",8019,1,4897,1,102,103,110
"3193",8119,1,2199,1,103,104,111
"3194",8269,1,7257,1,96,98,105
"3195",8558,1,8776,1,102,104,109
"3196",8776,1,1808,1,99,101,105
"3197",9204,1,3207,1,96,99,107
"3198",9457,1,7700,1,97,99,105
"3199",9665,1,6340,1,102,104,109
"3200",9880,1,6801,1,97,101,108
"3201",59,1,9120,1,99,101,106
"3202",341,1,1929,1,97,100,106
"3203",350,1,9571,1,103,105,112
"3204",358,1,5709,1,99,101,106
"3205",423,1,1209,1,99,101,107
"3206",813,1,4373,1,101,104,110
"3207",1357,1,7099,1,102,103,107
"3208",1463,1,6785,1,103,104,107
"3209",2302,1,3760,1,100,102,106
"3210",2363,1,9680,1,99,102,108
"3211",2523,1,9880,1,102,105,109
"3212",2787,1,5437,1,99,101,106
"3213",2989,1,3335,1,96,98,106
"3214",3034,1,5938,1,100,101,106
"3215",3081,1,1209,1,99,101,106
"3216",3309,1,3537,1,102,103,109
"3217",3383,1,2045,1,98,101,106
"3218",3386,1,8607,1,103,105,111
"3219",3573,1,7300,1,100,103,108
"3220",3890,1,8106,1,103,105,110
"3221",3921,1,8822,1,104,105,111
"3222",4031,1,3109,1,100,102,108
"3223",4332,1,59,1,103,105,109
"3224",4510,1,2916,1,103,105,110
"3225",4672,1,4624,1,100,102,109
"3226",4711,1,3760,1,100,103,111
"3227",5047,1,2468,1,99,101,107
"3228",5153,1,2779,1,102,104,108
"3229",5193,1,4935,1,99,103,106
"3230",5342,1,2718,1,101,103,108
"3231",5452,1,1309,1,97,101,106
"3232",5521,1,9643,1,99,103,108
"3233",5800,1,9509,1,99,100,106
"3234",5971,1,1063,1,99,102,108
"3235",6087,1,4387,1,102,104,109
"3236",6189,1,372,1,101,103,106
"3237",6300,1,2399,1,103,104,109
"3238",6355,1,7703,1,104,105,111
"3239",6365,1,388,1,98,100,106
"3240",6469,1,1356,1,102,103,110
"3241",6509,1,4405,1,100,102,106
"3242",6542,1,3240,1,103,105,110
"3243",6886,1,86,1,101,105,109
"3244",7097,1,6422,1,101,103,107
"3245",7232,1,7301,1,103,105,113
"3246",7234,1,2124,1,101,103,107
"3247",7301,1,1523,1,99,103,109
"3248",7339,1,1953,1,104,105,110
"3249",7727,1,4217,1,99,101,106
"3250",7980,1,2508,1,100,101,107
"3251",8106,1,4373,1,99,102,107
"3252",8147,1,8027,1,100,101,106
"3253",8196,1,5568,1,102,105,109
"3254",8350,1,3706,1,104,105,110
"3255",8413,1,6852,1,104,105,109
"3256",8607,1,4530,1,101,102,106
"3257",8973,1,2512,1,100,102,108
"3258",9079,1,6290,1,100,104,109
"3259",9226,1,8962,1,100,101,106
"3260",9431,1,8027,1,101,102,106
"3261",9438,1,1467,1,99,102,108
"3262",9921,1,5690,1,102,103,108
"3263",10125,1,7009,1,102,103,106
"3264",214,1,5234,1,102,105,112
"3265",313,1,2199,1,103,106,113
"3266",328,1,9855,1,98,101,107
"3267",578,1,3441,1,101,103,110
"3268",584,1,6299,1,102,106,111
"3269",628,1,9025,1,103,105,109
"3270",637,1,740,1,100,102,107
"3271",665,1,3238,1,103,105,112
"3272",1267,1,328,1,103,106,112
"3273",1371,1,8220,1,99,102,107
"3274",1537,1,1357,1,104,105,110
"3275",1953,1,3576,1,102,103,109
"3276",2146,1,2977,1,103,105,110
"3277",2221,1,5800,1,101,105,109
"3278",2490,1,3620,1,100,105,108
"3279",2497,1,9454,1,102,104,109
"3280",2548,1,5971,1,103,104,109
"3281",2681,1,7027,1,102,105,109
"3282",2718,1,9120,1,98,99,107
"3283",3283,1,8215,1,101,104,108
"3284",3376,1,10125,1,105,106,111
"3285",3644,1,2669,1,100,101,107
"3286",3799,1,4525,1,102,105,110
"3287",4051,1,1111,1,100,102,109
"3288",4223,1,2819,1,101,104,109
"3289",4391,1,2879,1,103,104,110
"3290",4392,1,4410,1,102,104,108
"3291",4452,1,8290,1,100,104,110
"3292",4602,1,320,1,103,105,112
"3293",4617,1,6470,1,98,102,108
"3294",4716,1,9025,1,103,104,108
"3295",4750,1,5494,1,101,104,110
"3296",4764,1,3065,1,103,104,109
"3297",5186,1,4878,1,100,101,108
"3298",5276,1,5152,1,103,106,111
"3299",5399,1,6958,1,103,105,112
"3300",6548,1,8776,1,102,105,112
"3301",6851,1,7934,1,104,105,111
"3302",6990,1,6801,1,99,101,107
"3303",7030,1,5568,1,101,103,109
"3304",7400,1,6562,1,104,105,110
"3305",7543,1,9633,1,103,105,112
"3306",7888,1,690,1,99,102,107
"3307",7979,1,7282,1,103,106,111
"3308",7989,1,1209,1,100,102,108
"3309",7991,1,8937,1,99,102,107
"3310",8822,1,8215,1,101,103,109
"3311",8977,1,5568,1,102,103,108
"3312",9019,1,7901,1,103,104,111
"3313",9152,1,6473,1,103,106,112
"3314",9281,1,4686,1,105,106,112
"3315",9484,1,7099,1,100,103,108
"3316",9571,1,341,1,101,102,107
"3317",9572,1,4284,1,103,105,115
"3318",9621,1,86,1,99,102,107
"3319",9720,1,1673,1,104,105,110
"3320",9816,1,9084,1,104,105,111
"3321",10023,1,388,1,98,102,108
"3322",10055,1,8607,1,104,105,109
"3323",10114,1,1238,1,100,104,110
"3324",160,1,1477,1,105,106,112
"3325",307,1,4791,1,101,102,108
"3326",706,1,7194,1,101,103,109
"3327",1242,1,3842,1,101,102,108
"3328",1281,1,1219,1,104,106,110
"3329",1473,1,5342,1,104,105,112
"3330",1477,1,9078,1,102,103,108
"3331",1699,1,5964,1,103,105,110
"3332",1755,1,3309,1,104,106,110
"3333",1958,1,6569,1,103,104,108
"3334",2308,1,6501,1,100,101,108
"3335",2678,1,2422,1,102,104,110
"3336",3380,1,5830,1,102,103,110
"3337",3850,1,4730,1,101,103,109
"3338",4025,1,148,1,103,104,108
"3339",4065,1,1847,1,103,107,112
"3340",4356,1,3093,1,101,104,109
"3341",4632,1,3081,1,102,107,111
"3342",5013,1,6509,1,103,106,113
"3343",5365,1,7268,1,98,102,108
"3344",5896,1,2399,1,102,104,109
"3345",5910,1,4284,1,102,105,111
"3346",6027,1,4391,1,105,107,113
"3347",6646,1,5800,1,101,104,108
"3348",6857,1,8019,1,105,106,111
"3349",7088,1,10023,1,103,105,110
"3350",7629,1,6501,1,101,102,108
"3351",7961,1,9079,1,105,107,112
"3352",8068,1,5896,1,106,107,110
"3353",8187,1,3309,1,105,107,112
"3354",8189,1,2399,1,102,104,111
"3355",8792,1,1499,1,101,102,108
"3356",8793,1,628,1,106,107,112
"3357",9332,1,1463,1,105,107,112
"3358",9381,1,3265,1,100,102,109
"3359",9417,1,7430,1,104,105,110
"3360",9609,1,7282,1,103,104,110
"3361",9828,1,9078,1,101,103,108
"3362",10126,1,5444,1,98,103,108
"3363",166,1,4284,1,103,106,113
"3364",293,1,8189,1,105,107,113
"3365",340,1,4391,1,105,108,115
"3366",416,1,1755,1,107,108,114
"3367",463,1,9100,1,102,103,109
"3368",779,1,3890,1,105,107,113
"3369",977,1,7400,1,105,107,112
"3370",1051,1,6329,1,104,105,109
"3371",1275,1,5047,1,102,106,111
"3372",1540,1,4711,1,104,106,113
"3373",1698,1,6300,1,106,107,112
"3374",1903,1,6509,1,105,106,111
"3375",1938,1,6542,1,106,107,110
"3376",2199,1,9509,1,100,102,109
"3377",2476,1,9500,1,102,103,109
"3378",2751,1,2803,1,101,104,109
"3379",3917,1,5063,1,104,106,111
"3380",4002,1,7629,1,104,106,112
"3381",4514,1,9431,1,104,106,113
"3382",4541,1,4686,1,105,107,112
"3383",4686,1,7478,1,101,104,110
"3384",4937,1,9079,1,105,106,113
"3385",5704,1,5399,1,106,108,112
"3386",6329,1,6422,1,101,103,111
"3387",6713,1,7939,1,103,106,111
"3388",7098,1,561,1,102,104,109
"3389",7128,1,9454,1,103,105,110
"3390",7306,1,7430,1,106,107,113
"3391",7335,1,8067,1,106,108,112
"3392",7917,1,2751,1,105,107,113
"3393",8067,1,2977,1,104,105,110
"3394",8681,1,2308,1,101,103,109
"3395",9129,1,1537,1,105,106,111
"3396",9482,1,341,1,102,107,113
"3397",9815,1,4282,1,101,104,110
"3398",357,1,5154,1,102,106,112
"3399",409,1,4716,1,105,106,112
"3400",866,1,148,1,105,108,111
"3401",929,1,9948,1,108,109,114
"3402",1509,1,706,1,104,106,110
"3403",1675,1,7295,1,104,107,112
"3404",1780,1,6852,1,105,107,112
"3405",2093,1,4713,1,105,107,112
"3406",2098,1,9019,1,105,107,113
"3407",2664,1,6852,1,104,106,113
"3408",2968,1,3842,1,101,103,112
"3409",3042,1,4828,1,101,104,111
"3410",3180,1,4042,1,105,107,111
"3411",3203,1,4417,1,103,106,113
"3412",3499,1,5154,1,102,104,110
"3413",3706,1,8962,1,100,103,110
"3414",3757,1,3376,1,107,108,113
"3415",3848,1,3283,1,105,107,112
"3416",4042,1,2129,1,102,103,110
"3417",4154,1,9417,1,105,107,112
"3418",4245,1,10058,1,101,103,110
"3419",4247,1,2323,1,103,108,112
"3420",4724,1,6383,1,102,106,111
"3421",4754,1,6509,1,104,107,114
"3422",4780,1,3657,1,100,102,110
"3423",5204,1,2129,1,103,104,110
"3424",5676,1,8071,1,107,108,115
"3425",6562,1,10059,1,102,104,110
"3426",7076,1,7098,1,106,108,113
"3427",7606,1,8822,1,104,107,110
"3428",7852,1,5276,1,107,109,116
"3429",7876,1,4245,1,104,106,110
"3430",7879,1,965,1,106,109,116
"3431",7936,1,1537,1,106,108,115
"3432",7993,1,6785,1,102,104,110
"3433",8036,1,7939,1,104,107,110
"3434",8071,1,4711,1,104,105,111
"3435",8305,1,5013,1,107,109,114
"3436",8355,1,8119,1,106,107,112
"3437",8563,1,3364,1,103,107,112
"3438",8572,1,637,1,104,108,113
"3439",8826,1,2713,1,104,106,111
"3440",9097,1,5080,1,105,109,114
"3441",9874,1,9431,1,104,106,111
"3442",9943,1,7760,1,105,106,113
"3443",10123,1,7098,1,105,107,112
"3444",10187,1,10126,1,105,107,113
"3445",135,1,7581,1,108,110,116
"3446",396,1,7606,1,108,109,113
"3447",454,1,10125,1,105,107,112
"3448",856,1,2995,1,107,110,116
"3449",1403,1,10123,1,108,109,115
"3450",1547,1,7030,1,105,107,113
"3451",1662,1,6812,1,103,105,111
"3452",1845,1,665,1,105,107,111
"3453",1935,1,7991,1,106,107,112
"3454",1948,1,8019,1,105,107,112
"3455",2109,1,2751,1,106,108,114
"3456",2435,1,2146,1,107,108,112
"3457",2585,1,8956,1,104,105,111
"3458",2995,1,3626,1,103,105,112
"3459",3101,1,7606,1,108,110,115
"3460",3134,1,8705,1,109,110,116
"3461",3337,1,3890,1,106,107,112
"3462",3395,1,7389,1,107,108,112
"3463",3406,1,2497,1,107,110,116
"3464",3446,1,6857,1,106,110,115
"3465",3717,1,8189,1,106,108,112
"3466",3818,1,3029,1,102,104,111
"3467",3960,1,2476,1,106,108,113
"3468",4286,1,9921,1,104,107,111
"3469",4777,1,6886,1,107,108,113
"3470",4972,1,9838,1,109,110,117
"3471",5102,1,2199,1,104,107,115
"3472",5252,1,1275,1,107,109,114
"3473",5811,1,8119,1,105,108,113
"3474",5906,1,214,1,106,107,111
"3475",5921,1,6713,1,109,110,117
"3476",6585,1,3042,1,105,108,113
"3477",6673,1,541,1,106,108,112
"3478",6842,1,9789,1,109,110,118
"3479",6955,1,7301,1,107,110,116
"3480",7182,1,160,1,107,110,114
"3481",7266,1,2678,1,104,106,113
"3482",7283,1,6562,1,105,106,112
"3483",7343,1,9593,1,109,110,116
"3484",7389,1,813,1,105,106,113
"3485",7497,1,5906,1,107,109,115
"3486",7549,1,5102,1,108,110,114
"3487",7581,1,4356,1,105,108,113
"3488",7754,1,5187,1,108,109,113
"3489",7804,1,779,1,108,109,114
"3490",7857,1,4777,1,109,110,116
"3491",8357,1,4187,1,101,105,112
"3492",8493,1,6383,1,104,107,112
"3493",9037,1,9025,1,103,106,112
"3494",9053,1,8119,1,105,106,111
"3495",9491,1,3626,1,103,105,111
"3496",9517,1,7227,1,109,110,114
"3497",9573,1,3665,1,108,109,114
"3498",9693,1,7757,1,105,107,112
"3499",9789,1,1267,1,106,108,114
"3500",10095,1,2678,1,105,108,112
"3501",236,1,6548,1,108,110,116
"3502",422,1,4937,1,107,109,116
"3503",1074,1,166,1,108,109,113
"3504",1164,1,1780,1,109,110,117
"3505",1381,1,3799,1,106,108,115
"3506",1427,1,8413,1,107,110,115
"3507",1479,1,3818,1,105,108,113
"3508",1659,1,813,1,106,109,112
"3509",2268,1,9454,1,103,106,113
"3510",2739,1,2585,1,107,109,116
"3511",2917,1,4002,1,107,109,114
"3512",2992,1,9948,1,108,109,113
"3513",3665,1,5342,1,105,107,113
"3514",4303,1,8067,1,107,108,112
"3515",4348,1,3717,1,109,110,114
"3516",4532,1,8314,1,109,111,116
"3517",4721,1,3203,1,108,109,114
"3518",5095,1,8025,1,103,107,112
"3519",5187,1,6886,1,106,107,112
"3520",5426,1,160,1,107,109,117
"3521",5678,1,977,1,108,110,116
"3522",6606,1,8973,1,104,106,112
"3523",6758,1,7335,1,109,111,116
"3524",7084,1,5013,1,106,107,112
"3525",7227,1,7917,1,107,108,113
"3526",7365,1,1473,1,108,109,116
"3527",7513,1,6087,1,105,108,113
"3528",7851,1,9053,1,107,108,112
"3529",8050,1,1281,1,107,110,115
"3530",8224,1,7936,1,108,111,115
"3531",8314,1,2476,1,104,108,112
"3532",8370,1,9921,1,105,109,115
"3533",8526,1,2109,1,109,111,118
"3534",8705,1,1275,1,107,109,114
"3535",9686,1,3757,1,109,111,117
"3536",9804,1,7315,1,105,110,115
"3537",9838,1,5910,1,107,108,115
"3538",9842,1,3337,1,108,110,115
"3539",9948,1,1357,1,104,107,113
"3540",9993,1,7335,1,109,110,114
"3541",10079,1,8827,1,103,106,112
"3542",218,1,3406,1,111,112,116
"3543",283,1,7227,1,109,110,117
"3544",944,1,1371,1,104,106,113
"3545",959,1,2995,1,108,110,115
"3546",1409,1,4303,1,109,111,115
"3547",1571,1,4286,1,110,112,118
"3548",1679,1,7227,1,109,110,116
"3549",2357,1,3909,1,110,111,117
"3550",2379,1,5252,1,109,111,116
"3551",3051,1,8826,1,107,109,114
"3552",3263,1,8196,1,108,110,115
"3553",3484,1,9033,1,103,105,113
"3554",3544,1,1935,1,109,110,116
"3555",3678,1,7754,1,111,112,116
"3556",3802,1,9053,1,107,108,113
"3557",3909,1,9949,1,105,108,113
"3558",4235,1,8645,1,110,111,116
"3559",4566,1,2706,1,111,112,117
"3560",4799,1,5204,1,105,107,114
"3561",4803,1,8357,1,107,110,116
"3562",4874,1,628,1,106,109,116
"3563",4957,1,5704,1,110,112,121
"3564",5069,1,10123,1,108,109,115
"3565",5192,1,4065,1,109,110,116
"3566",5445,1,9993,1,110,111,117
"3567",5483,1,7283,1,107,109,115
"3568",5569,1,5811,1,109,111,115
"3569",6041,1,6711,1,110,112,118
"3570",6310,1,4332,1,106,108,113
"3571",6711,1,7876,1,107,109,115
"3572",6796,1,5811,1,109,111,116
"3573",6814,1,7084,1,109,110,115
"3574",7134,1,8558,1,105,109,114
"3575",7299,1,8305,1,109,111,117
"3576",7410,1,10095,1,109,110,116
"3577",7536,1,9281,1,107,109,113
"3578",8175,1,3042,1,107,109,114
"3579",8179,1,665,1,106,109,114
"3580",8205,1,3180,1,108,110,115
"3581",8211,1,3789,1,107,109,114
"3582",8222,1,9129,1,108,109,114
"3583",8334,1,779,1,109,111,117
"3584",8376,1,4716,1,106,107,114
"3585",8541,1,7979,1,108,111,118
"3586",8805,1,8357,1,108,110,115
"3587",9043,1,4101,1,107,108,115
"3588",9282,1,160,1,107,109,116
"3589",9602,1,9720,1,106,110,117
"3590",9697,1,8068,1,108,110,116
"3591",10041,1,9043,1,109,110,115
"3592",10136,1,3499,1,106,109,114
"3593",145,1,2678,1,105,107,114
"3594",158,1,7857,1,111,112,117
"3595",615,1,8624,1,111,112,120
"3596",882,1,866,1,109,111,116
"3597",890,1,2146,1,106,109,114
"3598",1259,1,9097,1,110,112,116
"3599",1627,1,313,1,108,110,114
"3600",1763,1,340,1,109,110,115
"3601",2051,1,7917,1,108,110,116
"3602",2364,1,9943,1,108,109,114
"3603",3260,1,6851,1,106,111,116
"3604",3447,1,5426,1,111,112,117
"3605",3569,1,1537,1,107,109,114
"3606",3788,1,4247,1,110,112,119
"3607",4178,1,7227,1,109,111,117
"3608",4380,1,6718,1,111,112,116
"3609",5263,1,8343,1,112,113,117
"3610",5600,1,1509,1,107,109,114
"3611",5700,1,7675,1,109,112,116
"3612",5746,1,7543,1,105,109,116
"3613",6083,1,7536,1,111,113,118
"3614",6265,1,7549,1,111,113,119
"3615",6536,1,10187,1,109,111,115
"3616",6718,1,3890,1,107,109,115
"3617",7125,1,10136,1,110,112,119
"3618",7280,1,6310,1,109,110,114
"3619",7784,1,4002,1,107,108,116
"3620",8324,1,1780,1,108,110,115
"3621",8343,1,8793,1,109,111,117
"3622",8624,1,4711,1,106,109,114
"3623",8921,1,7876,1,107,110,117
"3624",9267,1,959,1,111,113,120
"3625",9593,1,8106,1,105,108,114
"3626",9748,1,4303,1,109,111,116
"3627",9859,1,9993,1,111,113,119
"3628",9868,1,3101,1,112,113,119
"3629",432,1,5753,1,112,114,119
"3630",539,1,7647,1,112,114,118
"3631",682,1,1659,1,110,112,116
"3632",1195,1,9129,1,109,112,118
"3633",1653,1,9697,1,111,112,117
"3634",2076,1,10136,1,109,110,115
"3635",2248,1,3121,1,112,114,120
"3636",2540,1,9282,1,111,114,119
"3637",2805,1,9572,1,112,113,118
"3638",3017,1,9053,1,106,110,115
"3639",3736,1,6310,1,109,111,115
"3640",3864,1,1780,1,108,110,116
"3641",4461,1,5102,1,109,110,116
"3642",4475,1,3134,1,111,112,119
"3643",4609,1,4510,1,107,109,115
"3644",4645,1,10095,1,110,112,118
"3645",4913,1,3406,1,112,113,119
"3646",5753,1,4721,1,110,112,119
"3647",6482,1,6796,1,112,113,118
"3648",6552,1,9282,1,110,112,119
"3649",6587,1,1675,1,108,111,118
"3650",6767,1,4721,1,110,112,118
"3651",6803,1,3757,1,109,110,115
"3652",6941,1,9593,1,109,111,115
"3653",6960,1,7784,1,109,111,115
"3654",7051,1,3337,1,109,111,118
"3655",7515,1,6606,1,107,109,117
"3656",7619,1,1509,1,109,111,116
"3657",7675,1,8196,1,106,108,115
"3658",7968,1,3000,1,108,111,116
"3659",8084,1,9838,1,110,111,117
"3660",8096,1,5483,1,111,114,118
"3661",8099,1,236,1,112,114,120
"3662",8470,1,4286,1,108,111,116
"3663",8560,1,9152,1,109,110,117
"3664",9111,1,1845,1,108,112,118
"3665",9455,1,3848,1,108,111,116
"3666",9739,1,135,1,111,113,117
"3667",26,1,2435,1,110,112,116
"3668",66,1,6265,1,114,115,120
"3669",326,1,3101,1,112,114,119
"3670",1027,1,3447,1,113,115,121
"3671",1200,1,4154,1,108,110,117
"3672",1548,1,3864,1,113,115,120
"3673",1728,1,416,1,110,112,120
"3674",2012,1,7280,1,113,114,119
"3675",2077,1,3263,1,112,114,120
"3676",2706,1,4632,1,108,110,116
"3677",2907,1,7088,1,108,110,116
"3678",3847,1,4957,1,113,114,120
"3679",4146,1,357,1,110,113,119
"3680",5468,1,5963,1,111,113,118
"3681",5664,1,7876,1,109,111,116
"3682",5963,1,10123,1,107,110,116
"3683",6424,1,5252,1,110,111,116
"3684",6666,1,6814,1,112,114,119
"3685",7002,1,7804,1,113,114,121
"3686",7209,1,8314,1,109,111,116
"3687",7411,1,8705,1,111,114,122
"3688",7447,1,3802,1,109,111,116
"3689",7528,1,6796,1,113,115,120
"3690",7533,1,8050,1,111,112,118
"3691",7647,1,1051,1,107,109,116
"3692",7875,1,2109,1,109,112,116
"3693",7931,1,5963,1,113,115,120
"3694",8142,1,5746,1,110,112,118
"3695",8180,1,9739,1,114,115,122
"3696",8645,1,8376,1,108,109,116
"3697",8784,1,7447,1,113,114,120
"3698",8850,1,7405,1,112,114,119
"3699",9117,1,5445,1,112,113,119
"3700",9200,1,856,1,111,113,118
"3701",9212,1,2364,1,111,112,120
"3702",9288,1,7410,1,113,115,121
"3703",9674,1,7084,1,110,111,116
"3704",9843,1,9578,1,113,115,120
"3705",9942,1,7852,1,111,113,118
"3706",49,1,3121,1,113,114,119
"3707",382,1,1409,1,113,116,120
"3708",488,1,432,1,114,115,120
"3709",603,1,6552,1,113,115,121
"3710",736,1,7675,1,111,113,118
"3711",1183,1,5664,1,113,114,120
"3712",1406,1,6666,1,114,115,122
"3713",1462,1,3788,1,113,116,121
"3714",1611,1,1479,1,110,111,117
"3715",1743,1,2076,1,111,114,120
"3716",2009,1,7253,1,115,116,120
"3717",2063,1,4721,1,110,112,118
"3718",2297,1,7539,1,114,116,119
"3719",2380,1,8512,1,113,115,120
"3720",2486,1,6083,1,115,116,121
"3721",2946,1,682,1,113,114,121
"3722",3121,1,5811,1,109,112,119
"3723",3213,1,1571,1,112,114,118
"3724",3633,1,7581,1,109,111,117
"3725",3720,1,9573,1,110,111,117
"3726",3732,1,2739,1,110,112,117
"3727",4209,1,8334,1,111,112,117
"3728",5597,1,8187,1,109,112,118
"3729",6082,1,8334,1,113,114,119
"3730",6809,1,5600,1,110,114,120
"3731",6948,1,8793,1,109,113,121
"3732",7405,1,8175,1,110,111,117
"3733",7819,1,2379,1,113,115,120
"3734",7916,1,5263,1,115,116,124
"3735",8086,1,6082,1,114,116,120
"3736",8308,1,3263,1,111,114,119
"3737",8662,1,9748,1,112,114,119
"3738",8703,1,9255,1,112,114,119
"3739",9136,1,3717,1,110,112,118
"3740",9255,1,7961,1,109,111,117
"3741",9404,1,682,1,114,116,121
"3742",9670,1,2109,1,110,114,119
"3743",9700,1,7851,1,109,114,120
"3744",9869,1,866,1,110,111,118
"3745",47,1,7410,1,111,115,121
"3746",84,1,3864,1,111,114,119
"3747",249,1,8099,1,115,117,122
"3748",741,1,6960,1,113,114,118
"3749",872,1,9255,1,113,116,119
"3750",941,1,7447,1,113,116,121
"3751",1057,1,3544,1,112,115,121
"3752",1141,1,3447,1,113,115,121
"3753",1192,1,8705,1,111,114,119
"3754",1512,1,9577,1,114,115,121
"3755",1544,1,3446,1,113,115,118
"3756",2108,1,4065,1,109,111,119
"3757",2594,1,7405,1,112,114,119
"3758",3060,1,977,1,109,112,118
"3759",3314,1,5192,1,111,113,118
"3760",3421,1,8211,1,112,114,120
"3761",3470,1,4645,1,113,116,120
"3762",3810,1,9869,1,112,113,119
"3763",3914,1,4957,1,113,116,120
"3764",4167,1,1728,1,113,114,118
"3765",4300,1,9748,1,113,114,122
"3766",5260,1,3060,1,113,115,120
"3767",5299,1,5597,1,114,116,121
"3768",5354,1,7581,1,111,114,119
"3769",5893,1,6265,1,115,117,122
"3770",5949,1,6083,1,116,117,121
"3771",6129,1,1195,1,114,115,121
"3772",6578,1,7619,1,112,113,118
"3773",6681,1,7539,1,114,117,122
"3774",6830,1,6941,1,111,115,119
"3775",7253,1,9804,1,112,113,120
"3776",7330,1,4475,1,115,117,121
"3777",7530,1,882,1,113,114,118
"3778",7539,1,8305,1,110,113,119
"3779",7595,1,7253,1,114,115,121
"3780",8107,1,9686,1,112,115,120
"3781",8475,1,8560,1,112,114,120
"3782",8484,1,3263,1,112,114,120
"3783",8512,1,8314,1,109,111,119
"3784",9578,1,1074,1,110,112,119
"3785",10141,1,3569,1,110,112,119
"3786",23,1,326,1,117,118,122
"3787",161,1,2108,1,113,116,122
"3788",485,1,6536,1,113,116,122
"3789",914,1,6941,1,114,115,120
"3790",925,1,9111,1,113,114,120
"3791",1178,1,1200,1,111,113,119
"3792",1665,1,6482,1,114,116,122
"3793",2974,1,4061,1,117,118,123
"3794",3183,1,8324,1,111,113,120
"3795",3394,1,7857,1,112,114,119
"3796",3928,1,8526,1,112,113,119
"3797",4003,1,7365,1,111,114,120
"3798",4019,1,3909,1,110,113,119
"3799",4359,1,10012,1,115,117,121
"3800",4574,1,84,1,115,118,123
"3801",5010,1,3844,1,117,118,122
"3802",5109,1,5157,1,114,116,122
"3803",5157,1,6587,1,112,114,119
"3804",5330,1,9700,1,116,118,122
"3805",5765,1,2379,1,113,116,122
"3806",5855,1,9739,1,113,115,121
"3807",6058,1,9111,1,113,117,122
"3808",6097,1,6082,1,117,118,124
"3809",7165,1,5263,1,114,117,122
"3810",7218,1,890,1,112,114,121
"3811",7469,1,4803,1,115,117,122
"3812",7930,1,9942,1,114,116,122
"3813",7965,1,7002,1,115,118,124
"3814",8026,1,6948,1,116,118,122
"3815",8204,1,9804,1,112,113,119
"3816",8550,1,7857,1,112,114,120
"3817",8577,1,2380,1,117,118,122
"3818",8580,1,2012,1,115,116,120
"3819",8765,1,8180,1,115,116,122
"3820",9059,1,3928,1,115,116,122
"3821",9222,1,2108,1,113,116,121
"3822",9462,1,4645,1,113,115,120
"3823",9525,1,8662,1,115,117,122
"3824",9566,1,6948,1,114,117,122
"3825",9577,1,959,1,110,113,119
"3826",9605,1,3847,1,115,117,121
"3827",9976,1,8784,1,115,118,124
"3828",10012,1,9212,1,114,115,119
"3829",113,1,326,1,116,118,123
"3830",346,1,4957,1,114,115,121
"3831",821,1,9700,1,116,117,121
"3832",1112,1,9739,1,113,114,120
"3833",1156,1,736,1,116,118,124
"3834",2637,1,8475,1,116,119,124
"3835",2743,1,9282,1,112,115,122
"3836",2883,1,4146,1,115,116,120
"3837",3259,1,1112,1,115,118,125
"3838",3515,1,8765,1,117,118,122
"3839",3844,1,4380,1,114,116,122
"3840",4061,1,8916,1,114,116,121
"3841",4706,1,3015,1,118,119,124
"3842",5242,1,2380,1,117,119,125
"3843",5703,1,2297,1,117,119,127
"3844",5744,1,4957,1,114,117,123
"3845",5864,1,2883,1,117,118,126
"3846",6499,1,2009,1,116,118,126
"3847",7367,1,2743,1,116,118,122
"3848",7446,1,603,1,117,119,124
"3849",7492,1,6083,1,114,116,122
"3850",8639,1,6948,1,114,115,121
"3851",8916,1,6955,1,111,113,120
"3852",9684,1,26,1,114,116,121
"3853",9736,1,9525,1,117,119,123
"3854",9795,1,373,1,117,119,123
"3855",10116,1,3394,1,115,117,122
"3856",96,1,7132,1,118,120,126
"3857",699,1,9700,1,116,118,123
"3858",1283,1,8180,1,117,118,123
"3859",1439,1,2297,1,117,118,125
"3860",1456,1,7819,1,117,120,124
"3861",1597,1,9670,1,116,118,123
"3862",1685,1,9525,1,118,119,123
"3863",1996,1,2012,1,115,120,124
"3864",2026,1,8204,1,115,117,121
"3865",2471,1,10139,1,118,120,126
"3866",2513,1,5700,1,115,119,123
"3867",2754,1,6482,1,116,118,123
"3868",3586,1,9566,1,118,120,127
"3869",3676,1,9670,1,115,119,123
"3870",4216,1,6767,1,114,115,121
"3871",4479,1,5468,1,115,117,122
"3872",4725,1,8765,1,118,120,128
"3873",4786,1,7253,1,114,115,121
"3874",4807,1,603,1,116,117,124
"3875",4943,1,560,1,117,118,126
"3876",5351,1,9021,1,117,120,125
"3877",5786,1,6552,1,114,117,121
"3878",6593,1,4146,1,115,117,122
"3879",6618,1,7125,1,112,116,122
"3880",6788,1,4146,1,115,117,123
"3881",7031,1,8084,1,113,116,121
"3882",7142,1,2743,1,117,118,122
"3883",7145,1,6788,1,117,119,125
"3884",7238,1,382,1,117,120,124
"3885",7415,1,6788,1,118,120,124
"3886",7616,1,9136,1,113,116,121
"3887",8208,1,5387,1,119,120,125
"3888",8723,1,3847,1,116,117,122
"3889",8824,1,7930,1,117,118,122
"3890",9021,1,1409,1,113,117,122
"3891",9106,1,8850,1,115,117,121
"3892",9365,1,3213,1,115,116,121
"3893",325,1,7411,1,116,118,123
"3894",373,1,9200,1,114,116,122
"3895",560,1,8308,1,115,117,122
"3896",709,1,7132,1,118,120,124
"3897",2520,1,8580,1,117,120,126
"3898",2542,1,6830,1,116,117,124
"3899",3607,1,2026,1,118,119,126
"3900",3898,1,3121,1,115,117,122
"3901",4837,1,8580,1,117,119,122
"3902",5387,1,8107,1,116,118,122
"3903",5576,1,4479,1,118,120,126
"3904",5633,1,2743,1,116,118,125
"3905",6323,1,7930,1,118,119,124
"3906",6358,1,2149,1,118,120,126
"3907",6391,1,7469,1,118,119,125
"3908",6900,1,3515,1,120,121,127
"3909",7132,1,9868,1,114,116,122
"3910",7566,1,5949,1,118,121,126
"3911",7652,1,6097,1,120,121,125
"3912",7793,1,2594,1,114,117,122
"3913",9472,1,7218,1,115,119,125
"3914",9866,1,5299,1,119,121,126
"3915",10049,1,5949,1,118,119,126
"3916",10096,1,1112,1,115,117,123
"3917",10150,1,4475,1,113,115,122
"3918",1234,1,7145,1,120,121,126
"3919",1413,1,8639,1,116,118,123
"3920",1860,1,10150,1,117,118,124
"3921",1915,1,6083,1,115,118,123
"3922",1936,1,4725,1,120,122,127
"3923",2184,1,2063,1,116,119,124
"3924",2264,1,9222,1,117,120,126
"3925",2801,1,1685,1,120,122,126
"3926",2988,1,2149,1,118,120,126
"3927",3015,1,2540,1,115,116,123
"3928",3287,1,5213,1,121,122,128
"3929",3389,1,7051,1,113,117,123
"3930",3748,1,66,1,116,119,124
"3931",4034,1,6618,1,116,119,124
"3932",4508,1,1283,1,119,121,125
"3933",5213,1,7875,1,114,120,126
"3934",5254,1,4479,1,119,122,126
"3935",5512,1,4003,1,116,118,123
"3936",5668,1,9566,1,118,120,125
"3937",5937,1,9222,1,117,119,123
"3938",6160,1,3470,1,118,119,123
"3939",6280,1,9404,1,118,120,126
"3940",6388,1,8204,1,114,116,123
"3941",6755,1,7965,1,119,120,124
"3942",7756,1,2149,1,119,121,125
"3943",8521,1,3898,1,119,120,125
"3944",8543,1,5260,1,117,121,126
"3945",8858,1,5263,1,115,117,123
"3946",8865,1,6265,1,114,119,124
"3947",9339,1,8824,1,119,120,127
"3948",9345,1,2380,1,116,118,124
"3949",9389,1,5864,1,119,120,124
"3950",9662,1,9472,1,120,122,126
"3951",577,1,1915,1,120,122,126
"3952",812,1,5109,1,118,120,125
"3953",905,1,9222,1,117,120,125
"3954",1672,1,10188,1,119,121,125
"3955",2005,1,5864,1,119,120,124
"3956",2149,1,7595,1,116,117,124
"3957",2424,1,3844,1,118,119,124
"3958",2456,1,325,1,119,120,126
"3959",2759,1,373,1,120,122,127
"3960",2788,1,6358,1,122,123,128
"3961",2877,1,3810,1,117,118,125
"3962",2950,1,3374,1,121,123,127
"3963",3149,1,905,1,122,123,129
"3964",3196,1,161,1,116,118,124
"3965",3322,1,9106,1,120,121,127
"3966",3735,1,7793,1,118,120,124
"3967",3786,1,4943,1,120,121,126
"3968",3852,1,872,1,118,119,124
"3969",4298,1,9795,1,120,121,125
"3970",4396,1,4943,1,119,121,128
"3971",4903,1,9843,1,116,118,125
"3972",5716,1,47,1,116,119,124
"3973",6159,1,7793,1,118,121,126
"3974",6176,1,10150,1,118,121,125
"3975",7170,1,2424,1,119,121,125
"3976",9109,1,2456,1,121,122,127
"3977",9155,1,2184,1,120,123,127
"3978",9895,1,1597,1,119,121,127
"3979",10188,1,8662,1,115,118,124
"3980",319,1,6358,1,122,123,128
"3981",869,1,1492,1,122,124,128
"3982",1007,1,8922,1,123,124,131
"3983",1638,1,7238,1,121,122,130
"3984",1809,1,6176,1,122,123,129
"3985",2545,1,23,1,119,121,126
"3986",3193,1,23,1,119,121,127
"3987",3374,1,7142,1,118,121,126
"3988",3939,1,6391,1,121,124,129
"3989",4053,1,3735,1,121,122,127
"3990",4758,1,7165,1,118,121,126
"3991",5054,1,709,1,121,122,127
"3992",5707,1,5213,1,120,122,128
"3993",5932,1,6618,1,118,122,126
"3994",6374,1,4574,1,119,122,126
"3995",6648,1,373,1,117,119,125
"3996",6659,1,4837,1,120,123,128
"3997",6690,1,8208,1,121,124,130
"3998",6838,1,4913,1,115,118,125
"3999",7176,1,5109,1,119,122,127
"4000",7276,1,9566,1,120,121,125
"4001",7488,1,4479,1,120,122,127
"4002",7920,1,5242,1,121,123,128
"4003",8231,1,4061,1,120,121,128
"4004",8296,1,5260,1,118,120,126
"4005",8491,1,8865,1,120,122,128
"4006",8811,1,9736,1,120,121,126
"4007",8900,1,8706,1,122,124,129
"4008",8922,1,1456,1,121,122,126
"4009",9704,1,258,1,123,124,129
"4010",9820,1,9288,1,118,120,128
"4011",9970,1,3748,1,120,121,127
"4012",10139,1,10141,1,113,117,126
"4013",254,1,9472,1,120,121,126
"4014",258,1,5242,1,121,122,127
"4015",365,1,9525,1,118,123,129
"4016",848,1,7669,1,123,124,131
"4017",1492,1,3676,1,119,120,127
"4018",1744,1,1234,1,121,122,126
"4019",2052,1,7793,1,118,120,127
"4020",2400,1,5242,1,121,123,127
"4021",2614,1,1234,1,122,123,131
"4022",3241,1,6648,1,120,122,127
"4023",3564,1,96,1,122,124,129
"4024",4227,1,3515,1,119,121,126
"4025",4515,1,4943,1,120,122,130
"4026",4571,1,5949,1,118,121,127
"4027",4729,1,10012,1,117,118,126
"4028",4904,1,9059,1,121,122,126
"4029",5039,1,6618,1,120,122,126
"4030",5233,1,914,1,117,120,127
"4031",5518,1,2545,1,122,124,129
"4032",5629,1,4725,1,121,122,127
"4033",5651,1,8208,1,122,125,128
"4034",7419,1,4729,1,120,123,127
"4035",7816,1,5387,1,120,122,127
"4036",8895,1,6900,1,123,124,130
"4037",10178,1,2471,1,122,124,129
"4038",46,1,9472,1,120,122,129
"4039",523,1,6160,1,120,122,128
"4040",1062,1,8741,1,122,123,128
"4041",2210,1,9109,1,123,126,131
"4042",2219,1,4904,1,123,125,128
"4043",2902,1,5668,1,121,124,129
"4044",3056,1,7652,1,122,123,129
"4045",3880,1,1744,1,123,125,129
"4046",3923,1,2471,1,121,123,127
"4047",4180,1,8521,1,121,123,128
"4048",4258,1,2456,1,121,123,128
"4049",5325,1,2513,1,120,122,128
"4050",6252,1,905,1,122,125,131
"4051",6649,1,3923,1,124,125,130
"4052",6916,1,3607,1,121,123,129
"4053",7397,1,5325,1,123,125,131
"4054",7669,1,249,1,120,122,128
"4055",7997,1,6391,1,120,122,127
"4056",8032,1,2513,1,122,126,131
"4057",8514,1,8895,1,125,126,131
"4058",8556,1,96,1,122,124,130
"4059",8648,1,5518,1,125,126,133
"4060",8706,1,1156,1,119,121,128
"4061",9030,1,9389,1,121,122,128
"4062",9906,1,6160,1,120,121,129
"4063",9909,1,1492,1,121,122,129
"4064",10121,1,6160,1,121,122,128
"4065",194,1,7142,1,120,123,128
"4066",562,1,2801,1,123,126,134
"4067",1594,1,8521,1,121,123,129
"4068",2134,1,7756,1,123,124,129
"4069",2438,1,3852,1,120,124,129
"4070",3161,1,5666,1,125,127,132
"4071",3650,1,1685,1,120,122,129
"4072",3798,1,8580,1,118,122,128
"4073",3889,1,5254,1,123,125,130
"4074",4581,1,9820,1,123,124,130
"4075",6537,1,8878,1,123,124,132
"4076",6920,1,5932,1,123,126,129
"4077",7777,1,7652,1,122,124,129
"4078",8439,1,5213,1,121,124,130
"4079",8524,1,4729,1,120,123,129
"4080",8741,1,8858,1,119,121,128
"4081",8777,1,1936,1,123,125,131
"4082",8820,1,3193,1,123,125,129
"4083",8878,1,1156,1,120,122,128
"4084",9535,1,7415,1,122,124,128
"4085",9691,1,9389,1,122,124,129
"4086",212,1,2184,1,123,126,132
"4087",589,1,5651,1,126,127,133
"4088",1302,1,5744,1,119,123,129
"4089",1705,1,5666,1,126,127,131
"4090",3982,1,10121,1,123,124,131
"4091",4881,1,10178,1,125,127,134
"4092",5322,1,7488,1,124,126,131
"4093",5627,1,1809,1,124,125,132
"4094",6839,1,9345,1,122,123,129
"4095",7004,1,3650,1,124,127,132
"4096",7161,1,2438,1,125,127,132
"4097",7613,1,2513,1,122,124,131
"4098",8018,1,10121,1,124,127,133
"4099",9894,1,7176,1,124,126,131
"4100",1431,1,5666,1,128,129,134
"4101",1868,1,3149,1,124,126,132
"4102",2691,1,6537,1,125,127,132
"4103",3024,1,3245,1,127,129,134
"4104",3113,1,10030,1,127,128,132
"4105",3120,1,7669,1,123,126,131
"4106",3500,1,9155,1,124,129,135
"4107",3649,1,10049,1,121,124,130
"4108",4054,1,3241,1,123,125,130
"4109",5310,1,9909,1,124,127,132
"4110",5396,1,848,1,124,127,132
"4111",5666,1,7669,1,123,125,130
"4112",6791,1,6690,1,125,127,131
"4113",7262,1,7419,1,125,127,133
"4114",7462,1,869,1,124,125,130
"4115",7509,1,3564,1,126,128,133
"4116",8011,1,3852,1,121,123,130
"4117",8787,1,6839,1,126,128,132
"4118",8814,1,8741,1,123,127,131
"4119",10030,1,8439,1,125,127,132
"4120",620,1,7397,1,126,127,133
"4121",2137,1,6659,1,124,126,132
"4122",3031,1,4758,1,124,125,131
"4123",3245,1,2788,1,124,126,131
"4124",3913,1,2950,1,125,127,133
"4125",4386,1,7997,1,125,127,133
"4126",4434,1,4508,1,122,124,132
"4127",5760,1,9894,1,127,128,132
"4128",5780,1,5666,1,126,129,135
"4129",6239,1,3889,1,126,127,132
"4130",6699,1,8777,1,127,129,134
"4131",6749,1,8439,1,127,128,133
"4132",7261,1,8032,1,127,129,133
"4133",7296,1,3031,1,126,128,135
"4134",7661,1,8648,1,127,130,134
"4135",7814,1,6659,1,125,127,133
"4136",1114,1,5760,1,130,131,137
"4137",1589,1,1594,1,125,127,133
"4138",1832,1,8820,1,126,128,134
"4139",2721,1,10030,1,129,130,135
"4140",4309,1,1007,1,124,126,133
"4141",4697,1,3649,1,127,128,134
"4142",5397,1,7488,1,124,127,132
"4143",5801,1,8219,1,129,130,133
"4144",6426,1,5625,1,130,131,137
"4145",8219,1,8524,1,124,127,133
"4146",9385,1,3161,1,128,131,135
"4147",9513,1,869,1,126,128,133
"4148",9723,1,5518,1,125,127,133
"4149",123,1,3120,1,127,128,133
"4150",1087,1,2210,1,127,131,138
"4151",1239,1,475,1,126,127,133
"4152",1730,1,8219,1,128,130,134
"4153",3164,1,9723,1,128,131,135
"4154",3531,1,7814,1,129,131,135
"4155",6667,1,6924,1,129,131,137
"4156",7049,1,8900,1,127,130,134
"4157",9164,1,212,1,128,129,138
"4158",9521,1,5397,1,128,131,138
"4159",207,1,1832,1,129,131,135
"4160",475,1,7756,1,123,126,134
"4161",841,1,7661,1,131,132,136
"4162",1352,1,6791,1,129,132,136
"4163",1361,1,5322,1,127,129,134
"4164",1398,1,7261,1,130,131,136
"4165",1425,1,6426,1,131,132,136
"4166",1532,1,6924,1,130,133,137
"4167",2550,1,8887,1,131,133,138
"4168",3775,1,6920,1,127,129,135
"4169",5583,1,7814,1,129,130,136
"4170",5789,1,8787,1,131,133,137
"4171",6572,1,3775,1,131,132,137
"4172",7072,1,7506,1,132,133,139
"4173",7239,1,5801,1,131,133,137
"4174",7572,1,8787,1,129,131,137
"4175",7773,1,1832,1,128,129,135
"4176",8087,1,1868,1,127,129,134
"4177",8729,1,8219,1,127,130,135
"4178",8859,1,1832,1,130,131,136
"4179",8887,1,3889,1,129,131,135
"4180",9559,1,1398,1,132,133,137
"4181",142,1,211,1,133,134,139
"4182",211,1,123,1,129,131,137
"4183",1580,1,7049,1,131,133,137
"4184",2289,1,3245,1,127,129,135
"4185",4159,1,1114,1,132,133,139
"4186",4280,1,3113,1,129,132,136
"4187",4787,1,9513,1,129,132,137
"4188",5110,1,7049,1,132,134,140
"4189",5625,1,589,1,128,129,135
"4190",5922,1,8814,1,128,131,137
"4191",7506,1,1239,1,128,130,136
"4192",9564,1,7661,1,131,133,137
"4193",9802,1,8787,1,129,132,137
"4194",1981,1,9164,1,131,133,139
"4195",4016,1,9723,1,130,132,138
"4196",5785,1,5801,1,132,135,140
"4197",6717,1,9513,1,129,134,138
"4198",6924,1,8514,1,128,129,136
"4199",8513,1,3113,1,130,131,136
"4200",8567,1,2137,1,129,131,136
"4201",8716,1,7161,1,130,132,137
"4202",9514,1,3031,1,128,131,137
"4203",300,1,8567,1,133,134,138
"4204",306,1,8513,1,132,134,141
"4205",1249,1,5801,1,132,134,139
"4206",1771,1,9513,1,132,133,138
"4207",2485,1,5583,1,134,135,143
"4208",2921,1,1730,1,131,132,139
"4209",5661,1,1352,1,133,135,142
"4210",9719,1,9564,1,134,136,140
"4211",102,1,9514,1,132,134,140
"4212",666,1,7239,1,133,134,139
"4213",2829,1,5922,1,132,134,139
"4214",2943,1,1114,1,134,136,141
"4215",3942,1,8859,1,133,134,139
"4216",4103,1,3531,1,133,135,142
"4217",7219,1,5651,1,126,133,139
"4218",7650,1,5661,1,136,137,142
"4219",8008,1,7725,1,135,137,142
"4220",8525,1,2721,1,132,134,139
"4221",9747,1,9802,1,133,136,140
"4222",685,1,1431,1,130,133,139
"4223",3737,1,7219,1,135,137,144
"4224",7556,1,7239,1,134,136,140
"4225",8126,1,5922,1,132,134,140
"4226",8387,1,2485,1,136,137,142
"4227",9541,1,841,1,133,136,142
"4228",9590,1,7239,1,134,136,139
"4229",9695,1,8514,1,129,131,139
"4230",10076,1,9559,1,135,137,142
"4231",312,1,5785,1,136,139,146
"4232",1011,1,1425,1,134,138,144
"4233",3762,1,7506,1,133,136,140
"4234",4590,1,6717,1,136,139,143
"4235",4761,1,2550,1,136,139,146
"4236",5476,1,1249,1,134,136,141
"4237",6725,1,5661,1,137,138,142
"4238",7983,1,6717,1,135,136,141
"4239",5280,1,1981,1,134,136,141
"4240",6177,1,4159,1,135,137,143
"4241",7725,1,1361,1,131,135,141
"4242",3144,1,1771,1,137,138,144
"4243",4098,1,1981,1,134,136,142
"4244",5339,1,6014,1,138,141,147
"4245",6014,1,4103,1,136,137,143
"4246",6876,1,1352,1,133,136,142
"4247",9616,1,685,1,135,136,143
"4248",888,1,3737,1,139,141,148
"4249",1373,1,6725,1,139,140,145
"4250",1557,1,102,1,135,138,143
"4251",6783,1,5280,1,137,138,143
"4252",6856,1,4098,1,137,140,145
"4253",8520,1,6876,1,137,140,146
"4254",8690,1,2239,1,141,142,148
"4255",9692,1,1557,1,140,142,147
"4256",738,1,3144,1,139,140,144
"4257",1410,1,6783,1,138,140,145
"4258",2112,1,6725,1,139,140,146
"4259",1888,1,312,1,140,143,150
"4260",2239,1,4103,1,137,141,146
"4261",3572,1,4590,1,141,144,150
"4262",3743,1,5661,1,136,140,147
"4263",4887,1,2239,1,143,144,149
"4264",5090,1,2485,1,136,140,145
"4265",7846,1,6783,1,139,141,145
"4266",9975,1,8387,1,139,140,147
"4267",519,1,3144,1,140,143,148
"4268",4033,1,888,1,142,145,149
"4269",4664,1,9590,1,138,145,149
"4270",1848,1,6783,1,142,144,149
"4271",3055,1,8520,1,141,143,148
"4272",3949,1,888,1,142,143,147
"4273",8373,1,3572,1,145,146,152
"4274",10074,1,5339,1,142,143,147
"4275",655,1,4997,1,144,146,151
"4276",1030,1,5339,1,142,146,152
"4277",2766,1,4664,1,146,147,150
"4278",3669,1,4664,1,145,147,152
"4279",4055,1,6177,1,140,143,149
"4280",4085,1,6006,1,145,146,151
"4281",4997,1,7983,1,140,143,149
"4282",6006,1,9692,1,143,144,151
"4283",6772,1,5339,1,144,145,150
"4284",6979,1,3949,1,144,145,152
"4285",9443,1,4033,1,145,146,155
"4286",171,1,8690,1,143,147,154
"4287",3381,1,312,1,141,143,149
"4288",5585,1,9692,1,142,144,149
"4289",8377,1,4055,1,144,146,153
"4290",8724,1,4664,1,146,148,152
"4291",1955,1,4664,1,146,149,154
"4292",3028,1,4664,1,147,148,153
"4293",6588,1,1848,1,145,146,151
"4294",7608,1,888,1,142,145,150
"4295",1946,1,7976,1,148,150,154
"4296",2703,1,1848,1,144,145,152
"4297",4032,1,2703,1,146,148,152
"4298",7401,1,4887,1,145,148,153
"4299",7860,1,3055,1,145,146,151
"4300",9733,1,4033,1,146,148,152
"4301",5912,1,312,1,142,147,152
"4302",6826,1,2239,1,145,147,153
"4303",1349,1,7608,1,146,147,153
"4304",3444,1,8377,1,148,149,154
"4305",7976,1,5339,1,142,146,153
"4306",291,1,171,1,148,150,156
"4307",2686,1,655,1,147,149,154
"4308",7602,1,5912,1,148,150,156
"4309",3396,1,2686,1,151,153,159
"4310",3910,1,7602,1,150,152,157
"4311",10189,1,1955,1,150,152,157
"4312",3297,1,3028,1,148,150,157
"4313",4905,1,1349,1,148,150,156
"4314",6912,1,6963,1,153,155,158
"4315",6963,1,2686,1,149,151,156
"4316",9194,1,3444,1,151,154,161
"4317",5761,1,6963,1,153,156,160
"4318",7466,1,1946,1,151,152,157
"4319",1060,1,7466,1,153,154,163
"4320",4094,1,6963,1,153,157,160
"4321",4628,1,6912,1,156,158,162
"4322",6478,1,3910,1,154,156,161
"4323",10089,1,1886,1,158,159,165
"4324",1886,1,7466,1,153,157,165
"4325",9650,1,4094,1,158,161,166
"4326",9764,1,1886,1,159,160,165
"4327",2360,1,4628,1,161,162,167
"4328",5659,1,9764,1,161,162,166
"4329",7451,1,10089,1,160,161,165
"4330",5199,1,7451,1,162,163,170
"4331",9382,1,10089,1,159,162,168
"4332",10005,1,7451,1,162,164,170
"4333",5224,1,9650,1,162,164,170
"4334",9867,1,9764,1,162,166,171
"4335",9028,1,5199,1,165,167,174
"4336",7215,1,5224,1,165,167,173
