"","host_id","group","infector_id","infector_group","exposure_time","infectious_time","recovery_time"
"1",870,1,NA,NA,0,0,4
"2",12700,1,NA,NA,0,0,8
"3",10006,1,NA,NA,0,0,3
"4",11511,1,NA,NA,0,0,6
"5",168,1,NA,NA,0,0,5
"6",10498,1,NA,NA,0,0,5
"7",2791,1,10056,1,3,5,9
"8",8228,1,NA,NA,0,0,7
"9",6624,1,8883,1,4,6,11
"10",2238,1,8228,1,1,5,11
"11",8883,1,10006,1,1,3,9
"12",10056,1,12700,1,1,3,9
"13",12712,1,2238,1,6,8,13
"14",6089,1,6624,1,7,8,13
"15",8232,1,2791,1,6,8,16
"16",9814,1,2791,1,6,8,13
"17",13058,1,8883,1,3,6,11
"18",7474,1,168,1,4,6,12
"19",7516,1,10056,1,4,7,11
"20",11675,1,7474,1,8,9,14
"21",5525,1,8883,1,6,8,14
"22",11215,1,7474,1,7,9,14
"23",566,1,7474,1,7,9,14
"24",2818,1,11215,1,10,11,18
"25",7187,1,7516,1,9,10,15
"26",9090,1,7516,1,7,11,17
"27",2580,1,6624,1,7,8,14
"28",5691,1,2818,1,12,13,18
"29",12932,1,6624,1,7,9,14
"30",4105,1,2818,1,12,13,18
"31",5939,1,7516,1,8,11,16
"32",7795,1,7516,1,8,11,16
"33",8513,1,2791,1,7,9,16
"34",12758,1,5525,1,10,12,17
"35",924,1,8376,1,13,15,19
"36",3564,1,7187,1,11,12,16
"37",5338,1,7187,1,10,12,16
"38",5635,1,7187,1,11,13,17
"39",10615,1,7187,1,12,14,18
"40",4679,1,8232,1,12,14,18
"41",4872,1,11215,1,11,15,20
"42",8130,1,5430,1,15,16,22
"43",10231,1,11215,1,10,12,19
"44",11935,1,8198,1,14,16,20
"45",2315,1,2791,1,8,12,18
"46",3709,1,7516,1,10,13,18
"47",5105,1,3709,1,14,15,19
"48",5155,1,4679,1,15,17,22
"49",5430,1,5338,1,13,15,19
"50",8376,1,7187,1,10,12,19
"51",9889,1,4105,1,14,16,22
"52",1334,1,7187,1,12,14,20
"53",1787,1,11317,1,17,18,24
"54",1961,1,5105,1,17,18,23
"55",5958,1,4679,1,16,18,23
"56",7162,1,1334,1,15,17,23
"57",9294,1,11601,1,17,18,23
"58",14,1,2818,1,12,14,21
"59",2957,1,7795,1,13,18,23
"60",7921,1,8198,1,15,17,23
"61",8198,1,6089,1,10,13,21
"62",10807,1,4105,1,14,15,22
"63",855,1,7921,1,18,19,24
"64",2384,1,10615,1,15,18,24
"65",4261,1,1961,1,19,20,24
"66",5597,1,7921,1,18,20,25
"67",6477,1,8198,1,14,15,22
"68",7262,1,3709,1,15,16,22
"69",7604,1,3709,1,14,19,24
"70",9376,1,11317,1,17,19,23
"71",9534,1,5444,1,18,20,24
"72",11601,1,10231,1,14,16,21
"73",12935,1,11601,1,17,18,26
"74",3370,1,7273,1,20,21,25
"75",4073,1,6477,1,17,20,26
"76",4622,1,5958,1,19,20,25
"77",5444,1,10807,1,15,17,22
"78",9481,1,5939,1,14,16,22
"79",10339,1,1787,1,18,19,25
"80",11317,1,8376,1,13,16,24
"81",12736,1,8499,1,20,21,25
"82",488,1,4073,1,21,22,29
"83",6834,1,10807,1,17,18,25
"84",10947,1,3991,1,21,22,27
"85",11185,1,1334,1,16,17,23
"86",11245,1,1961,1,19,20,25
"87",141,1,7273,1,21,23,28
"88",926,1,7604,1,20,22,27
"89",3893,1,7162,1,20,23,29
"90",4503,1,5958,1,19,21,26
"91",6364,1,11935,1,19,20,25
"92",6484,1,1334,1,15,17,24
"93",7273,1,11185,1,18,19,24
"94",8499,1,11935,1,18,19,25
"95",12870,1,11185,1,18,19,24
"96",1681,1,5958,1,19,22,27
"97",3239,1,9294,1,19,21,26
"98",4157,1,6484,1,18,19,26
"99",4799,1,14,1,15,20,25
"100",5949,1,12736,1,22,24,27
"101",6005,1,9376,1,19,21,26
"102",7468,1,488,1,22,23,29
"103",9817,1,6005,1,23,24,29
"104",11146,1,9239,1,22,24,30
"105",12680,1,11935,1,17,20,25
"106",12768,1,7921,1,18,19,25
"107",13371,1,4503,1,23,24,30
"108",2788,1,5958,1,20,23,29
"109",3991,1,6477,1,17,20,26
"110",4263,1,9534,1,22,23,29
"111",5936,1,11825,1,22,24,29
"112",6015,1,3370,1,22,24,31
"113",7981,1,4503,1,23,25,29
"114",12409,1,4157,1,20,22,27
"115",1210,1,9534,1,20,23,31
"116",2358,1,3239,1,22,25,33
"117",3601,1,4503,1,21,23,28
"118",5463,1,9239,1,22,25,30
"119",6828,1,10339,1,22,24,29
"120",7282,1,12870,1,22,24,28
"121",7491,1,926,1,25,26,32
"122",7580,1,4503,1,23,25,32
"123",8085,1,12768,1,21,23,28
"124",8127,1,4073,1,21,24,30
"125",9239,1,11935,1,19,21,27
"126",10440,1,5597,1,23,25,29
"127",11289,1,926,1,23,25,29
"128",11825,1,1787,1,19,22,28
"129",12979,1,7282,1,24,26,31
"130",24,1,4263,1,25,27,32
"131",789,1,926,1,24,26,33
"132",1807,1,926,1,24,26,31
"133",2751,1,7604,1,22,23,30
"134",10935,1,12409,1,23,25,31
"135",11020,1,11825,1,24,25,30
"136",1213,1,4261,1,21,23,29
"137",3053,1,9294,1,20,23,30
"138",4638,1,4799,1,21,23,30
"139",5506,1,4503,1,22,24,29
"140",7055,1,9376,1,20,23,30
"141",8027,1,8127,1,25,27,32
"142",8844,1,789,1,27,28,35
"143",9092,1,11289,1,26,28,35
"144",10591,1,6364,1,22,24,29
"145",10604,1,10440,1,26,27,31
"146",10928,1,3053,1,25,28,33
"147",11399,1,4638,1,24,25,31
"148",11413,1,6364,1,22,27,33
"149",12335,1,6828,1,24,25,32
"150",12859,1,5949,1,26,28,34
"151",92,1,4638,1,25,27,31
"152",1579,1,1402,1,28,29,36
"153",6982,1,1681,1,23,27,32
"154",9712,1,1681,1,23,25,30
"155",9938,1,12736,1,24,25,33
"156",10848,1,10591,1,25,26,31
"157",11122,1,1807,1,27,29,34
"158",12835,1,3370,1,23,24,30
"159",1102,1,488,1,24,26,33
"160",1185,1,4503,1,23,26,32
"161",1402,1,2751,1,25,27,32
"162",1872,1,10604,1,29,30,36
"163",3603,1,2312,1,29,30,38
"164",5299,1,7282,1,25,26,32
"165",5652,1,1807,1,27,28,32
"166",6873,1,11020,1,28,30,36
"167",12543,1,3053,1,24,29,33
"168",13288,1,789,1,27,28,33
"169",627,1,1185,1,28,29,33
"170",2312,1,10440,1,26,27,32
"171",2690,1,627,1,29,31,36
"172",3559,1,5299,1,27,29,33
"173",3693,1,2312,1,28,29,34
"174",4152,1,10935,1,26,30,37
"175",4493,1,8844,1,29,31,35
"176",6734,1,7282,1,27,29,34
"177",8501,1,8127,1,26,29,35
"178",11476,1,11020,1,26,29,34
"179",12219,1,10848,1,27,29,33
"180",12663,1,13288,1,29,31,36
"181",2093,1,9379,1,27,29,35
"182",2131,1,5652,1,29,31,37
"183",2378,1,3693,1,30,31,35
"184",2779,1,10604,1,28,31,38
"185",2870,1,488,1,23,26,33
"186",3087,1,2870,1,27,28,35
"187",4654,1,6982,1,29,31,37
"188",8827,1,9092,1,29,32,37
"189",9307,1,627,1,30,31,36
"190",9379,1,11020,1,25,27,34
"191",11974,1,2131,1,31,32,35
"192",12281,1,9817,1,25,27,33
"193",13166,1,5506,1,26,28,34
"194",1200,1,2424,1,29,31,36
"195",1330,1,12979,1,27,28,35
"196",1356,1,12281,1,29,31,37
"197",2424,1,11289,1,26,28,34
"198",6356,1,11825,1,23,27,34
"199",7070,1,13288,1,29,31,36
"200",7906,1,12281,1,28,30,35
"201",7987,1,12219,1,31,33,39
"202",8395,1,6828,1,25,27,34
"203",8588,1,2312,1,28,31,35
"204",8616,1,12543,1,29,31,36
"205",9401,1,5652,1,29,32,36
"206",10602,1,10848,1,28,32,38
"207",12063,1,12281,1,28,29,34
"208",370,1,8844,1,29,30,35
"209",1034,1,1872,1,30,31,35
"210",1626,1,10928,1,30,33,36
"211",2461,1,1579,1,30,31,36
"212",3617,1,6734,1,32,34,40
"213",3811,1,10591,1,27,30,35
"214",4729,1,9926,1,29,32,35
"215",6245,1,11289,1,28,30,36
"216",8162,1,7580,1,26,30,35
"217",8941,1,6982,1,28,31,39
"218",9491,1,1872,1,31,33,39
"219",9545,1,789,1,28,32,37
"220",9926,1,9938,1,27,29,36
"221",11621,1,2131,1,32,33,38
"222",11871,1,13166,1,31,33,38
"223",12145,1,7906,1,31,34,39
"224",12662,1,3559,1,29,31,37
"225",1039,1,8162,1,32,34,39
"226",1396,1,8616,1,32,34,38
"227",1699,1,11476,1,33,34,39
"228",2275,1,12281,1,29,32,37
"229",2617,1,12063,1,30,32,38
"230",3545,1,2378,1,33,35,40
"231",4318,1,1330,1,30,32,39
"232",4951,1,6356,1,29,32,37
"233",5226,1,4839,1,33,34,42
"234",5669,1,1626,1,34,35,41
"235",6787,1,8941,1,33,35,39
"236",6892,1,8588,1,32,35,40
"237",10815,1,6873,1,32,34,39
"238",11991,1,4318,1,33,34,41
"239",12020,1,6982,1,28,30,36
"240",12694,1,12020,1,32,34,37
"241",792,1,9092,1,31,32,38
"242",1516,1,8501,1,30,32,38
"243",2054,1,11807,1,34,36,42
"244",4790,1,1699,1,34,35,40
"245",4839,1,2424,1,29,32,37
"246",6465,1,1200,1,33,34,40
"247",9670,1,9491,1,34,35,41
"248",10459,1,12859,1,29,32,37
"249",10820,1,5226,1,35,36,41
"250",12330,1,11122,1,33,35,39
"251",12734,1,11621,1,34,36,40
"252",13040,1,9401,1,34,35,41
"253",836,1,12330,1,36,37,45
"254",2169,1,11621,1,35,37,41
"255",2279,1,2424,1,31,33,39
"256",2598,1,1200,1,32,33,39
"257",2729,1,3811,1,33,36,43
"258",4571,1,6734,1,31,33,38
"259",4624,1,2279,1,34,35,41
"260",4709,1,11991,1,35,36,41
"261",7169,1,5079,1,35,37,42
"262",8516,1,12663,1,34,35,40
"263",9161,1,11974,1,33,34,40
"264",10257,1,1200,1,33,34,43
"265",11602,1,11871,1,34,36,40
"266",11807,1,8844,1,30,33,38
"267",84,1,10815,1,35,37,42
"268",831,1,1330,1,30,35,40
"269",1295,1,2275,1,34,36,40
"270",3620,1,4839,1,32,34,40
"271",4273,1,5159,1,37,38,44
"272",5009,1,2275,1,33,36,42
"273",5079,1,6734,1,32,34,39
"274",5297,1,4654,1,34,35,41
"275",6463,1,7906,1,32,33,40
"276",6853,1,6245,1,33,34,39
"277",7175,1,9161,1,35,38,44
"278",10560,1,11821,1,37,38,42
"279",10610,1,6892,1,36,38,45
"280",10712,1,9545,1,33,36,40
"281",1837,1,2598,1,33,35,41
"282",2127,1,6787,1,36,38,46
"283",2228,1,5226,1,36,37,44
"284",3715,1,4624,1,36,38,42
"285",4519,1,1837,1,36,38,42
"286",4591,1,5297,1,36,37,42
"287",4596,1,10602,1,33,36,41
"288",4832,1,4729,1,33,35,40
"289",4993,1,7987,1,34,36,42
"290",5156,1,5226,1,35,38,43
"291",5567,1,2279,1,35,38,41
"292",5992,1,4839,1,34,36,42
"293",6343,1,6853,1,36,39,47
"294",6814,1,6787,1,36,37,42
"295",6820,1,1837,1,35,37,43
"296",7213,1,4729,1,33,34,40
"297",7557,1,5297,1,36,37,41
"298",8806,1,3693,1,32,34,42
"299",10355,1,4693,1,37,39,43
"300",10953,1,11807,1,34,36,41
"301",11029,1,4596,1,38,39,46
"302",12182,1,1516,1,34,36,41
"303",13262,1,7906,1,31,34,40
"304",13359,1,9401,1,35,37,43
"305",114,1,5226,1,36,37,42
"306",777,1,12330,1,36,39,45
"307",1029,1,5669,1,38,40,45
"308",1799,1,6814,1,39,40,45
"309",2171,1,3545,1,36,39,44
"310",2822,1,1048,1,39,40,43
"311",3413,1,5669,1,36,37,42
"312",4307,1,13040,1,38,40,46
"313",4512,1,3413,1,38,39,44
"314",4661,1,1837,1,35,38,43
"315",4676,1,4993,1,37,38,45
"316",4693,1,2093,1,34,36,41
"317",5159,1,4654,1,32,36,41
"318",6130,1,12663,1,35,36,41
"319",6332,1,2729,1,37,38,43
"320",7947,1,6820,1,37,38,44
"321",9041,1,7169,1,38,39,47
"322",9734,1,114,1,38,40,45
"323",11284,1,7987,1,36,39,45
"324",11757,1,9670,1,36,38,42
"325",1048,1,2779,1,33,36,42
"326",1391,1,4330,1,37,38,43
"327",1401,1,6787,1,36,37,42
"328",1636,1,5009,1,38,40,44
"329",4330,1,370,1,31,34,42
"330",4581,1,2131,1,33,35,45
"331",4737,1,10953,1,37,40,46
"332",5403,1,4693,1,38,40,43
"333",5435,1,2279,1,34,38,45
"334",5733,1,114,1,38,39,44
"335",5889,1,4693,1,37,39,48
"336",8032,1,6892,1,37,39,43
"337",8515,1,2741,1,39,41,47
"338",9132,1,4273,1,40,41,45
"339",228,1,9670,1,40,42,48
"340",231,1,6130,1,36,39,45
"341",1045,1,2617,1,35,38,43
"342",1293,1,13359,1,38,39,45
"343",1342,1,6343,1,41,42,48
"344",1791,1,13359,1,38,40,45
"345",1984,1,4676,1,40,41,47
"346",2011,1,1295,1,38,40,46
"347",2484,1,1708,1,39,42,47
"348",2573,1,8993,1,41,42,46
"349",2741,1,836,1,37,38,45
"350",2990,1,7175,1,39,42,46
"351",6537,1,6332,1,39,40,46
"352",6564,1,2171,1,40,42,50
"353",7204,1,9734,1,41,42,46
"354",7381,1,8183,1,41,42,47
"355",8171,1,6130,1,38,39,44
"356",8873,1,11284,1,40,41,45
"357",9590,1,5567,1,40,42,47
"358",10388,1,3078,1,41,42,45
"359",10556,1,12330,1,37,40,45
"360",10999,1,1799,1,40,42,45
"361",11556,1,4693,1,37,39,43
"362",11708,1,580,1,39,41,47
"363",12062,1,10560,1,38,40,47
"364",12639,1,3620,1,36,38,44
"365",893,1,1045,1,41,43,49
"366",1708,1,836,1,38,39,44
"367",3965,1,13359,1,39,40,45
"368",4136,1,5889,1,40,42,46
"369",4240,1,8873,1,42,43,49
"370",4817,1,1799,1,42,43,47
"371",5011,1,11284,1,41,43,47
"372",5433,1,1029,1,41,42,46
"373",5709,1,3078,1,41,42,47
"374",7588,1,5733,1,41,42,45
"375",7708,1,8621,1,41,43,51
"376",7928,1,8171,1,41,43,48
"377",8166,1,1048,1,37,39,45
"378",8181,1,2054,1,37,39,49
"379",9075,1,5669,1,37,39,44
"380",9568,1,4993,1,37,39,46
"381",9694,1,7947,1,41,43,49
"382",12012,1,12182,1,37,38,44
"383",12724,1,12012,1,41,43,50
"384",13094,1,4307,1,41,42,47
"385",131,1,4843,1,42,43,48
"386",580,1,9670,1,37,38,46
"387",685,1,2011,1,41,42,47
"388",4843,1,12330,1,37,41,47
"389",4910,1,3078,1,41,42,46
"390",5541,1,4910,1,43,44,49
"391",5601,1,2171,1,40,42,47
"392",6055,1,3715,1,40,41,47
"393",7044,1,8621,1,40,41,45
"394",7507,1,7947,1,39,41,47
"395",7566,1,4307,1,41,43,49
"396",8134,1,12012,1,41,43,47
"397",8183,1,1401,1,38,40,47
"398",8210,1,5435,1,40,43,49
"399",8787,1,1636,1,41,42,48
"400",8993,1,5079,1,35,38,45
"401",9390,1,10560,1,39,41,45
"402",10063,1,7169,1,38,40,45
"403",11256,1,316,1,43,44,49
"404",11338,1,13094,1,43,44,51
"405",11430,1,580,1,39,41,46
"406",11821,1,4951,1,34,36,45
"407",12529,1,9390,1,43,44,48
"408",13139,1,9568,1,41,44,53
"409",13304,1,11821,1,37,41,46
"410",316,1,12838,1,40,42,48
"411",443,1,5297,1,40,44,48
"412",459,1,7204,1,43,45,52
"413",680,1,9590,1,43,44,49
"414",745,1,114,1,39,41,47
"415",1147,1,10289,1,44,45,50
"416",1598,1,4993,1,38,40,47
"417",3081,1,9075,1,40,41,47
"418",4128,1,9132,1,43,45,53
"419",4509,1,1598,1,41,42,47
"420",4547,1,8171,1,41,44,50
"421",5706,1,4993,1,38,41,47
"422",5717,1,9390,1,43,45,51
"423",6361,1,8515,1,42,43,50
"424",6516,1,4676,1,40,41,46
"425",7180,1,8210,1,44,45,50
"426",7551,1,836,1,39,41,46
"427",7623,1,1293,1,40,41,47
"428",8218,1,6055,1,43,44,49
"429",8606,1,6055,1,41,42,48
"430",8621,1,10712,1,38,39,46
"431",8623,1,3965,1,42,43,49
"432",8661,1,5403,1,42,44,48
"433",9337,1,2011,1,43,45,49
"434",9342,1,11450,1,44,45,51
"435",10074,1,5403,1,41,42,48
"436",10276,1,7044,1,42,45,50
"437",10336,1,5706,1,44,45,49
"438",10797,1,12836,1,43,45,51
"439",11140,1,1598,1,42,43,47
"440",11247,1,1837,1,38,42,48
"441",12368,1,4910,1,43,45,51
"442",12540,1,8515,1,41,43,49
"443",12692,1,10610,1,40,43,48
"444",12838,1,4591,1,38,40,46
"445",135,1,6537,1,41,43,49
"446",206,1,3210,1,43,44,48
"447",847,1,9540,1,45,46,50
"448",887,1,8993,1,40,42,48
"449",1547,1,2741,1,40,42,47
"450",1896,1,7381,1,44,45,50
"451",2631,1,5011,1,44,45,50
"452",3078,1,11821,1,38,40,47
"453",3180,1,8606,1,45,46,51
"454",3487,1,1598,1,41,43,51
"455",3896,1,3078,1,41,43,49
"456",3941,1,9075,1,41,43,47
"457",4276,1,3941,1,44,46,49
"458",5172,1,11450,1,42,43,51
"459",5604,1,3078,1,41,43,48
"460",5988,1,4509,1,43,46,51
"461",6114,1,5403,1,42,44,50
"462",7288,1,2822,1,42,43,48
"463",7628,1,12540,1,45,46,51
"464",8041,1,887,1,43,44,49
"465",8679,1,6537,1,41,42,47
"466",9100,1,228,1,43,44,49
"467",9931,1,9304,1,43,44,49
"468",10289,1,1029,1,42,43,47
"469",10776,1,11450,1,43,44,50
"470",11450,1,2127,1,39,42,48
"471",11702,1,8873,1,42,44,49
"472",11770,1,9039,1,43,46,50
"473",11969,1,12724,1,44,45,52
"474",1431,1,2171,1,40,42,48
"475",1884,1,4640,1,45,46,49
"476",2173,1,8134,1,45,46,51
"477",2185,1,5733,1,42,45,50
"478",2539,1,1984,1,43,45,50
"479",2999,1,1708,1,41,43,48
"480",3210,1,8181,1,41,43,49
"481",3236,1,9039,1,44,46,51
"482",3581,1,7845,1,44,45,50
"483",3722,1,12540,1,44,45,51
"484",4640,1,3965,1,43,45,50
"485",4950,1,11256,1,45,46,51
"486",6379,1,5604,1,44,46,51
"487",6525,1,10355,1,41,44,49
"488",6623,1,11430,1,42,44,49
"489",6686,1,2827,1,45,46,50
"490",6757,1,13304,1,43,45,50
"491",6833,1,11338,1,45,46,51
"492",7036,1,12692,1,44,45,49
"493",7518,1,12838,1,44,45,51
"494",8138,1,7588,1,44,47,52
"495",9027,1,1547,1,44,46,51
"496",9039,1,4512,1,41,43,51
"497",9519,1,13139,1,45,46,52
"498",9792,1,7507,1,42,45,51
"499",10992,1,5011,1,46,47,52
"500",11125,1,84,1,40,43,48
"501",11619,1,1391,1,39,43,49
"502",11666,1,9694,1,44,46,51
"503",11964,1,11702,1,45,46,50
"504",12027,1,3487,1,44,45,50
"505",12505,1,11247,1,43,44,50
"506",12600,1,3078,1,42,44,49
"507",12836,1,2729,1,39,42,48
"508",907,1,7233,1,46,48,52
"509",1564,1,13304,1,42,45,51
"510",1819,1,8218,1,45,46,50
"511",2391,1,443,1,46,48,52
"512",2743,1,5733,1,43,45,50
"513",2827,1,4737,1,42,44,51
"514",3285,1,3965,1,42,45,50
"515",3629,1,7507,1,42,43,50
"516",3869,1,3941,1,46,47,52
"517",3909,1,1984,1,43,45,52
"518",4245,1,8512,1,47,48,52
"519",4869,1,9390,1,42,45,49
"520",5286,1,6623,1,45,46,51
"521",5564,1,7502,1,46,48,51
"522",6352,1,11247,1,44,45,50
"523",7502,1,3487,1,44,45,49
"524",7715,1,9668,1,47,48,54
"525",7783,1,12529,1,45,47,52
"526",8151,1,680,1,47,48,53
"527",9170,1,11450,1,43,45,50
"528",9220,1,1708,1,41,44,51
"529",9304,1,9075,1,40,43,49
"530",9668,1,11256,1,45,47,51
"531",9893,1,11140,1,45,46,50
"532",10524,1,4737,1,42,45,49
"533",13142,1,11256,1,45,47,52
"534",257,1,12204,1,47,49,54
"535",1017,1,11256,1,46,48,54
"536",1455,1,9342,1,46,48,52
"537",1715,1,10074,1,44,46,51
"538",2881,1,6361,1,44,46,50
"539",4077,1,131,1,44,46,52
"540",4089,1,228,1,44,45,51
"541",4158,1,7708,1,44,47,53
"542",4339,1,2573,1,43,46,51
"543",4374,1,8661,1,45,47,50
"544",5453,1,12600,1,45,46,51
"545",5880,1,2743,1,46,48,52
"546",6288,1,4158,1,47,49,56
"547",6692,1,1147,1,47,48,53
"548",6889,1,206,1,45,46,50
"549",6957,1,4843,1,42,45,50
"550",7233,1,13094,1,44,45,52
"551",7235,1,3941,1,44,45,50
"552",7720,1,3081,1,43,46,51
"553",7845,1,9694,1,43,44,50
"554",8214,1,9039,1,46,49,55
"555",8512,1,3210,1,45,46,52
"556",8812,1,680,1,45,46,52
"557",9295,1,2999,1,45,47,53
"558",9333,1,2539,1,47,48,54
"559",9493,1,11256,1,46,48,53
"560",9899,1,5604,1,44,45,50
"561",10389,1,10336,1,47,48,52
"562",10518,1,5172,1,45,48,53
"563",10884,1,153,1,47,49,52
"564",10975,1,1896,1,46,48,53
"565",11208,1,2185,1,46,48,54
"566",11244,1,4240,1,44,46,51
"567",12035,1,9540,1,45,46,51
"568",12204,1,10776,1,45,46,52
"569",12287,1,1404,1,48,49,52
"570",153,1,11619,1,44,46,51
"571",1244,1,10336,1,45,47,53
"572",3403,1,6361,1,44,46,52
"573",3672,1,2881,1,47,50,55
"574",4674,1,8573,1,47,49,54
"575",4979,1,5880,1,49,50,56
"576",5480,1,6516,1,42,45,52
"577",5626,1,11208,1,49,50,54
"578",5721,1,13092,1,49,50,56
"579",5814,1,9220,1,45,47,54
"580",5842,1,7502,1,46,47,53
"581",5955,1,4817,1,44,46,51
"582",6242,1,2391,1,48,50,55
"583",6418,1,6352,1,46,48,54
"584",6429,1,3824,1,48,49,52
"585",7069,1,4950,1,48,50,54
"586",7586,1,5011,1,45,47,52
"587",7878,1,11964,1,48,50,55
"588",8169,1,1819,1,47,49,53
"589",8573,1,4136,1,44,46,52
"590",8855,1,4817,1,43,44,51
"591",8924,1,11702,1,45,48,52
"592",9264,1,2173,1,48,49,56
"593",9634,1,1147,1,46,49,53
"594",10180,1,6429,1,49,50,54
"595",10453,1,2743,1,46,48,54
"596",10455,1,11256,1,46,48,54
"597",10500,1,9893,1,48,49,54
"598",10582,1,459,1,47,48,54
"599",10958,1,135,1,44,47,52
"600",10968,1,7502,1,47,48,51
"601",11818,1,11906,1,48,49,56
"602",11906,1,7288,1,45,47,53
"603",11966,1,9170,1,47,49,53
"604",246,1,2484,1,44,47,52
"605",290,1,9540,1,45,47,52
"606",731,1,7845,1,46,50,55
"607",1229,1,12529,1,46,49,54
"608",1404,1,8218,1,45,47,52
"609",1533,1,4128,1,46,49,55
"610",2013,1,2185,1,46,47,52
"611",2066,1,4158,1,49,50,54
"612",2920,1,5453,1,47,49,54
"613",3043,1,459,1,47,49,54
"614",4639,1,8661,1,44,46,52
"615",4651,1,11969,1,47,49,55
"616",5701,1,131,1,44,46,52
"617",6266,1,13215,1,50,51,56
"618",6570,1,13139,1,46,48,56
"619",6778,1,11666,1,48,49,55
"620",7443,1,10289,1,44,46,52
"621",8545,1,2631,1,48,49,55
"622",9089,1,12035,1,47,48,53
"623",9540,1,7507,1,43,44,52
"624",10029,1,5011,1,45,47,52
"625",11149,1,8812,1,46,48,52
"626",11164,1,11125,1,44,45,52
"627",11572,1,1459,1,48,50,55
"628",12351,1,3180,1,48,50,56
"629",12424,1,10029,1,49,50,54
"630",12718,1,1569,1,48,50,55
"631",13027,1,1876,1,49,50,55
"632",13358,1,7720,1,48,51,56
"633",563,1,6055,1,41,46,53
"634",570,1,11966,1,51,52,58
"635",1379,1,9378,1,49,51,56
"636",1459,1,9390,1,43,46,54
"637",1569,1,11708,1,45,47,53
"638",1599,1,7783,1,48,49,55
"639",1658,1,2783,1,50,51,55
"640",1746,1,11338,1,47,50,55
"641",1855,1,228,1,43,45,53
"642",1876,1,12035,1,47,48,55
"643",2654,1,2391,1,51,52,57
"644",3028,1,8855,1,48,49,56
"645",3824,1,6757,1,47,48,53
"646",4171,1,9519,1,48,52,59
"647",4297,1,2237,1,50,51,56
"648",4549,1,9893,1,47,49,54
"649",4844,1,10353,1,48,50,55
"650",5632,1,1855,1,46,47,54
"651",6276,1,887,1,45,47,55
"652",6334,1,2391,1,49,51,58
"653",6645,1,11666,1,50,52,57
"654",6869,1,12035,1,48,50,53
"655",7300,1,459,1,46,48,54
"656",7683,1,9634,1,50,52,57
"657",8189,1,11818,1,51,52,58
"658",9378,1,7044,1,43,48,54
"659",9415,1,8214,1,50,51,60
"660",9848,1,290,1,49,52,57
"661",9954,1,10455,1,49,50,55
"662",10531,1,8218,1,45,48,56
"663",11097,1,10353,1,48,49,53
"664",11160,1,9893,1,47,48,55
"665",11628,1,1244,1,49,51,55
"666",11863,1,6757,1,47,48,53
"667",12619,1,6869,1,51,52,58
"668",12886,1,1855,1,46,48,54
"669",13023,1,2434,1,51,52,59
"670",13050,1,5564,1,49,52,56
"671",628,1,7233,1,47,49,54
"672",946,1,11377,1,51,52,58
"673",1587,1,9566,1,50,51,55
"674",2237,1,10992,1,47,50,56
"675",2434,1,8138,1,48,50,55
"676",2814,1,7928,1,44,45,55
"677",3120,1,10672,1,52,53,58
"678",3167,1,3722,1,46,49,55
"679",3417,1,12424,1,52,53,58
"680",4523,1,11243,1,50,52,57
"681",5001,1,10518,1,49,51,57
"682",5157,1,6343,1,44,47,55
"683",5308,1,4950,1,47,50,54
"684",5347,1,10975,1,50,51,57
"685",5417,1,8214,1,50,52,58
"686",6072,1,9566,1,51,52,56
"687",6264,1,7300,1,50,52,58
"688",6323,1,7300,1,49,52,57
"689",6354,1,499,1,50,52,55
"690",7575,1,7628,1,48,52,56
"691",7739,1,13142,1,47,49,56
"692",7824,1,11770,1,48,51,55
"693",8029,1,9493,1,50,53,59
"694",8370,1,9792,1,48,52,56
"695",8489,1,1599,1,50,52,59
"696",8507,1,8855,1,47,50,55
"697",8620,1,6114,1,47,49,55
"698",9570,1,12035,1,47,50,55
"699",9602,1,9378,1,49,51,56
"700",9626,1,257,1,51,52,58
"701",9681,1,8507,1,51,53,56
"702",10102,1,11835,1,48,49,55
"703",10290,1,1884,1,48,49,54
"704",10353,1,7233,1,46,47,54
"705",10954,1,7715,1,50,53,58
"706",11242,1,11572,1,52,53,58
"707",11282,1,5286,1,49,51,56
"708",11603,1,628,1,49,51,56
"709",11835,1,9694,1,45,47,55
"710",11984,1,8151,1,49,51,55
"711",12022,1,13215,1,48,50,55
"712",12302,1,6570,1,50,52,59
"713",12480,1,1455,1,50,53,59
"714",13127,1,4158,1,48,49,54
"715",13215,1,5604,1,46,48,54
"716",40,1,12052,1,53,54,60
"717",958,1,1533,1,52,54,60
"718",1053,1,8924,1,51,54,59
"719",1585,1,9493,1,49,51,56
"720",1843,1,1746,1,51,52,57
"721",2242,1,10500,1,50,52,57
"722",2440,1,2719,1,51,54,59
"723",3215,1,11160,1,49,52,56
"724",3340,1,3167,1,50,52,56
"725",4131,1,6778,1,50,51,56
"726",4191,1,6418,1,49,51,57
"727",4236,1,11379,1,52,54,58
"728",4564,1,9295,1,48,51,56
"729",5298,1,11666,1,47,49,56
"730",5920,1,7783,1,49,52,58
"731",6407,1,11244,1,49,50,55
"732",7152,1,2434,1,52,53,60
"733",7171,1,5626,1,51,54,58
"734",7320,1,10453,1,50,52,56
"735",7862,1,7739,1,50,52,55
"736",8175,1,13027,1,53,54,58
"737",8384,1,2783,1,49,50,56
"738",8665,1,11377,1,51,53,60
"739",8748,1,11580,1,52,53,58
"740",8896,1,10353,1,48,51,56
"741",9091,1,7180,1,47,50,55
"742",9249,1,9170,1,47,49,56
"743",9566,1,10958,1,48,49,55
"744",10414,1,1658,1,52,54,59
"745",10474,1,1587,1,52,54,58
"746",10664,1,2013,1,49,50,55
"747",11243,1,2881,1,48,49,55
"748",11377,1,6276,1,48,50,56
"749",11756,1,2783,1,50,51,59
"750",11881,1,13023,1,52,54,60
"751",11979,1,5717,1,45,48,55
"752",12160,1,11097,1,50,51,57
"753",12381,1,2066,1,52,54,60
"754",12560,1,6692,1,51,53,58
"755",13092,1,6379,1,46,48,55
"756",13210,1,9634,1,52,54,60
"757",338,1,4549,1,50,52,57
"758",499,1,8138,1,47,50,56
"759",1333,1,1876,1,49,51,58
"760",1366,1,4674,1,50,52,58
"761",2137,1,5308,1,52,54,60
"762",2412,1,907,1,50,51,56
"763",2719,1,9333,1,50,51,56
"764",2783,1,10776,1,45,48,56
"765",2807,1,9681,1,54,55,60
"766",3399,1,4564,1,52,53,59
"767",3987,1,6786,1,53,55,61
"768",4233,1,13358,1,52,53,58
"769",4281,1,1404,1,50,52,59
"770",4344,1,8748,1,54,55,61
"771",4990,1,2412,1,52,54,60
"772",5301,1,13027,1,51,53,58
"773",5522,1,6645,1,53,54,59
"774",5809,1,13215,1,50,53,58
"775",5861,1,12052,1,53,54,58
"776",6194,1,9091,1,51,53,58
"777",6218,1,459,1,49,53,57
"778",6532,1,10180,1,52,53,58
"779",6717,1,6242,1,51,53,58
"780",6764,1,11243,1,50,52,58
"781",6769,1,9634,1,50,54,61
"782",6788,1,2719,1,53,55,59
"783",7096,1,5308,1,51,52,57
"784",7530,1,1229,1,51,53,57
"785",7870,1,12052,1,53,55,59
"786",8207,1,12302,1,52,54,60
"787",8375,1,4176,1,54,55,59
"788",8434,1,13023,1,53,54,58
"789",9016,1,246,1,48,51,56
"790",9098,1,1585,1,52,55,59
"791",9422,1,12052,1,52,54,59
"792",9928,1,975,1,53,54,59
"793",10084,1,11906,1,48,51,57
"794",10481,1,12082,1,54,55,61
"795",10549,1,6481,1,53,55,61
"796",10585,1,7739,1,52,53,58
"797",10587,1,10102,1,52,54,60
"798",10672,1,11208,1,49,51,56
"799",11100,1,6532,1,54,55,59
"800",11467,1,10274,1,53,55,61
"801",11752,1,13092,1,50,52,58
"802",11803,1,4674,1,52,54,60
"803",12052,1,11160,1,49,51,57
"804",12307,1,4427,1,54,55,61
"805",12364,1,1404,1,49,53,60
"806",12484,1,11572,1,51,52,56
"807",12551,1,2391,1,50,52,59
"808",12640,1,8620,1,50,53,57
"809",12968,1,11835,1,48,50,56
"810",13090,1,3291,1,53,55,61
"811",164,1,11984,1,53,55,60
"812",511,1,4523,1,52,54,59
"813",775,1,11756,1,52,53,58
"814",975,1,3824,1,48,50,57
"815",1371,1,5861,1,55,56,61
"816",1705,1,9220,1,49,51,57
"817",3033,1,7739,1,50,52,58
"818",3291,1,6379,1,47,51,57
"819",3796,1,3033,1,53,56,60
"820",3926,1,6072,1,54,56,62
"821",4176,1,9091,1,51,52,57
"822",4814,1,9249,1,52,54,58
"823",5634,1,4979,1,52,54,59
"824",5852,1,2412,1,53,54,59
"825",6158,1,11863,1,50,52,57
"826",6173,1,10954,1,54,56,62
"827",6206,1,10074,1,47,51,57
"828",6305,1,8896,1,53,54,58
"829",6917,1,9264,1,53,54,58
"830",7083,1,2412,1,52,54,59
"831",8203,1,8924,1,50,53,58
"832",8407,1,3869,1,49,52,58
"833",8565,1,4967,1,54,55,60
"834",8914,1,3033,1,55,56,61
"835",8922,1,6072,1,53,54,58
"836",9371,1,9681,1,54,56,62
"837",10274,1,2391,1,49,52,58
"838",11060,1,1445,1,54,56,60
"839",11327,1,10958,1,49,52,57
"840",11580,1,10353,1,48,51,57
"841",12443,1,13027,1,51,52,58
"842",12485,1,7715,1,50,52,57
"843",12784,1,11580,1,52,54,57
"844",13311,1,9893,1,47,50,58
"845",54,1,8285,1,56,57,61
"846",226,1,5347,1,53,54,58
"847",629,1,11900,1,55,56,60
"848",722,1,10672,1,52,54,61
"849",888,1,5417,1,54,55,60
"850",1292,1,1445,1,55,57,61
"851",1423,1,8665,1,54,55,60
"852",2658,1,570,1,54,55,60
"853",2804,1,3672,1,51,52,58
"854",3415,1,7152,1,54,56,61
"855",3455,1,9570,1,52,53,58
"856",3821,1,1876,1,50,53,59
"857",3975,1,12364,1,55,57,63
"858",4326,1,5298,1,52,55,58
"859",4657,1,6218,1,54,57,62
"860",4710,1,1053,1,55,57,63
"861",4958,1,12619,1,55,56,61
"862",5307,1,3672,1,52,54,61
"863",5547,1,8285,1,56,57,61
"864",6481,1,9264,1,51,53,58
"865",6579,1,6764,1,53,57,62
"866",6615,1,10884,1,51,54,59
"867",6786,1,5564,1,50,53,60
"868",7059,1,9848,1,55,56,60
"869",8285,1,11752,1,53,55,59
"870",9320,1,5964,1,55,56,61
"871",9452,1,10084,1,52,53,59
"872",9510,1,5353,1,56,57,63
"873",9788,1,11242,1,54,57,62
"874",10171,1,7383,1,56,57,61
"875",10681,1,11803,1,55,57,62
"876",10812,1,11097,1,51,53,58
"877",10844,1,7320,1,53,55,60
"878",10861,1,1746,1,51,54,59
"879",10889,1,3455,1,55,57,64
"880",10891,1,3821,1,55,57,62
"881",11366,1,8169,1,51,52,59
"882",11480,1,9634,1,50,53,60
"883",12582,1,9634,1,51,53,59
"884",12601,1,9452,1,55,57,63
"885",12813,1,7083,1,55,56,62
"886",13214,1,226,1,55,56,61
"887",188,1,11756,1,52,55,61
"888",299,1,4549,1,51,54,60
"889",686,1,4158,1,52,54,59
"890",802,1,2137,1,56,58,63
"891",950,1,10812,1,55,58,67
"892",963,1,3215,1,53,56,60
"893",1151,1,2391,1,51,54,59
"894",1196,1,12098,1,57,58,63
"895",2406,1,12307,1,55,56,60
"896",4101,1,10414,1,55,57,61
"897",4376,1,9699,1,55,57,64
"898",4427,1,11628,1,53,54,60
"899",4454,1,12480,1,54,57,62
"900",4931,1,12364,1,54,56,62
"901",5018,1,12485,1,54,56,61
"902",5416,1,10585,1,54,57,63
"903",5646,1,6334,1,53,56,61
"904",5687,1,8914,1,57,58,63
"905",5919,1,946,1,53,55,59
"906",5964,1,4674,1,51,53,59
"907",6563,1,12640,1,54,57,63
"908",6726,1,6323,1,54,55,59
"909",6860,1,10993,1,57,58,63
"910",7396,1,4967,1,56,57,64
"911",7753,1,4233,1,54,55,61
"912",7780,1,4233,1,54,56,62
"913",8067,1,9452,1,54,57,64
"914",8170,1,11379,1,52,55,59
"915",8805,1,2434,1,50,53,59
"916",8825,1,946,1,56,58,64
"917",9236,1,8175,1,54,56,61
"918",9486,1,8207,1,55,57,61
"919",9528,1,1843,1,52,54,62
"920",9815,1,10037,1,55,57,63
"921",9998,1,226,1,55,58,63
"922",10037,1,8507,1,52,54,60
"923",10335,1,12480,1,55,56,60
"924",10794,1,9626,1,54,56,60
"925",10878,1,12582,1,55,56,61
"926",10993,1,1423,1,56,57,61
"927",11379,1,6276,1,49,51,59
"928",11557,1,6218,1,55,56,62
"929",11892,1,6717,1,55,57,65
"930",11900,1,11752,1,53,54,59
"931",12042,1,338,1,54,56,61
"932",12082,1,6570,1,51,53,60
"933",12605,1,8990,1,56,57,63
"934",12958,1,8896,1,52,53,59
"935",13055,1,3749,1,57,58,63
"936",13290,1,13023,1,53,54,61
"937",56,1,8922,1,55,56,60
"938",110,1,8434,1,55,57,61
"939",243,1,2412,1,52,54,60
"940",490,1,5429,1,56,58,62
"941",701,1,1423,1,56,57,63
"942",843,1,12307,1,56,57,63
"943",932,1,3028,1,51,55,60
"944",1445,1,9333,1,51,53,60
"945",1452,1,5634,1,54,56,62
"946",1513,1,8748,1,54,58,62
"947",1809,1,2658,1,56,58,65
"948",1919,1,4708,1,56,57,62
"949",2481,1,5852,1,55,58,62
"950",2593,1,1436,1,57,59,65
"951",2627,1,2412,1,52,54,61
"952",2704,1,3749,1,57,59,64
"953",2706,1,10954,1,55,58,66
"954",2802,1,6218,1,56,58,65
"955",2813,1,9788,1,57,58,64
"956",3723,1,226,1,54,55,61
"957",3749,1,5809,1,54,56,60
"958",4010,1,3417,1,56,57,61
"959",4567,1,9415,1,53,56,62
"960",4708,1,3672,1,53,55,60
"961",4967,1,10992,1,49,52,60
"962",5050,1,6788,1,57,58,64
"963",5327,1,3167,1,54,57,63
"964",5585,1,6373,1,57,59,64
"965",5767,1,11282,1,54,56,61
"966",5875,1,188,1,56,57,64
"967",5962,1,12640,1,54,57,61
"968",5968,1,629,1,57,59,64
"969",6279,1,6218,1,54,55,64
"970",6584,1,40,1,55,57,63
"971",6793,1,6206,1,52,55,60
"972",6956,1,11480,1,54,57,63
"973",7399,1,12157,1,57,58,63
"974",8236,1,9954,1,50,54,60
"975",8589,1,188,1,56,58,63
"976",8633,1,11100,1,56,58,62
"977",8774,1,6481,1,54,56,60
"978",8779,1,963,1,58,59,65
"979",8864,1,3417,1,54,57,61
"980",8918,1,11282,1,53,56,61
"981",8990,1,3455,1,54,56,61
"982",9163,1,2137,1,57,59,66
"983",9699,1,975,1,51,54,60
"984",9828,1,10587,1,57,59,62
"985",9997,1,6373,1,56,59,65
"986",10192,1,4131,1,55,59,65
"987",10243,1,6194,1,55,58,63
"988",10461,1,3987,1,57,58,65
"989",10497,1,3455,1,54,57,65
"990",11444,1,2398,1,57,58,63
"991",11651,1,6660,1,58,59,67
"992",12098,1,6481,1,54,56,62
"993",12126,1,6218,1,54,56,61
"994",12334,1,888,1,56,58,63
"995",12914,1,4295,1,58,59,64
"996",849,1,8507,1,53,56,61
"997",1086,1,8236,1,56,58,62
"998",1436,1,4427,1,55,56,63
"999",2057,1,10812,1,55,57,62
"1000",2398,1,11603,1,53,55,63
"1001",2821,1,9528,1,55,57,63
"1002",3541,1,3821,1,56,57,64
"1003",3658,1,10878,1,56,58,63
"1004",4019,1,4326,1,56,58,63
"1005",4071,1,10794,1,57,59,65
"1006",4410,1,2406,1,57,58,63
"1007",4456,1,9914,1,57,58,65
"1008",4787,1,3723,1,56,57,62
"1009",5429,1,1587,1,54,55,61
"1010",6071,1,54,1,58,60,65
"1011",6073,1,9954,1,54,56,61
"1012",6281,1,12480,1,55,58,62
"1013",6373,1,6158,1,53,55,61
"1014",6466,1,11752,1,54,56,61
"1015",6472,1,4967,1,53,58,65
"1016",6660,1,10587,1,57,58,63
"1017",6673,1,10335,1,57,60,63
"1018",6829,1,7152,1,55,59,65
"1019",7017,1,5353,1,56,58,62
"1020",7163,1,6788,1,56,58,62
"1021",7238,1,7171,1,57,58,64
"1022",7383,1,7530,1,55,56,61
"1023",7727,1,5634,1,55,58,61
"1024",7924,1,338,1,53,54,61
"1025",8320,1,7575,1,53,56,61
"1026",8414,1,10812,1,55,58,65
"1027",8714,1,9510,1,58,60,67
"1028",8852,1,2406,1,58,60,66
"1029",9274,1,802,1,58,60,63
"1030",9728,1,7017,1,58,60,66
"1031",9914,1,8029,1,55,56,61
"1032",10054,1,8207,1,57,58,64
"1033",10071,1,13023,1,55,57,63
"1034",10173,1,12381,1,57,59,64
"1035",10472,1,3399,1,54,55,61
"1036",10682,1,9928,1,54,55,61
"1037",10725,1,5307,1,56,58,63
"1038",10868,1,6466,1,57,60,67
"1039",12344,1,3541,1,57,60,66
"1040",12928,1,6305,1,57,58,63
"1041",783,1,4456,1,60,61,67
"1042",838,1,12119,1,59,60,66
"1043",867,1,7870,1,55,58,62
"1044",1100,1,10794,1,57,58,63
"1045",1154,1,3749,1,56,57,62
"1046",1355,1,3033,1,53,57,62
"1047",2556,1,8825,1,59,61,67
"1048",2903,1,299,1,55,57,64
"1049",3171,1,13090,1,56,58,65
"1050",3543,1,9371,1,57,59,64
"1051",3632,1,12157,1,57,60,67
"1052",3688,1,4657,1,58,60,67
"1053",3986,1,10585,1,55,56,63
"1054",4823,1,11892,1,59,61,68
"1055",4841,1,7399,1,59,60,63
"1056",4918,1,10993,1,60,61,65
"1057",5353,1,4523,1,53,55,62
"1058",5418,1,9528,1,56,58,63
"1059",5824,1,1053,1,55,58,63
"1060",6207,1,775,1,55,57,63
"1061",6396,1,6717,1,55,56,63
"1062",6550,1,12906,1,60,61,67
"1063",6848,1,3975,1,58,60,65
"1064",6893,1,775,1,54,56,62
"1065",6909,1,888,1,57,58,62
"1066",6951,1,8864,1,60,61,66
"1067",7207,1,3796,1,57,60,66
"1068",7312,1,3455,1,54,56,62
"1069",7365,1,9788,1,57,59,64
"1070",7370,1,11100,1,56,57,64
"1071",7493,1,5687,1,59,61,67
"1072",7812,1,6065,1,60,61,66
"1073",7960,1,8029,1,56,58,63
"1074",8132,1,6305,1,56,58,65
"1075",9113,1,5018,1,57,59,67
"1076",9269,1,950,1,59,61,66
"1077",9428,1,6207,1,59,60,63
"1078",9589,1,1151,1,58,60,65
"1079",9649,1,5809,1,55,57,62
"1080",9761,1,12334,1,59,60,65
"1081",10165,1,11242,1,55,58,63
"1082",10221,1,9320,1,58,61,64
"1083",11010,1,9649,1,58,60,66
"1084",11192,1,7585,1,59,61,65
"1085",11573,1,7396,1,59,60,65
"1086",12119,1,10414,1,55,57,62
"1087",12468,1,7870,1,56,57,63
"1088",12567,1,9626,1,56,58,63
"1089",12777,1,11881,1,58,60,66
"1090",13225,1,7870,1,58,61,66
"1091",13257,1,2903,1,59,60,64
"1092",318,1,9113,1,61,62,67
"1093",648,1,1445,1,54,59,64
"1094",821,1,7780,1,57,61,66
"1095",979,1,5418,1,59,61,66
"1096",1300,1,3723,1,56,60,64
"1097",1955,1,4233,1,54,55,64
"1098",2189,1,10844,1,56,59,65
"1099",2867,1,9320,1,58,60,64
"1100",3101,1,6065,1,59,61,66
"1101",3484,1,6909,1,59,62,68
"1102",3659,1,3975,1,58,60,65
"1103",3704,1,4006,1,61,62,66
"1104",3719,1,843,1,59,60,64
"1105",4006,1,8864,1,58,60,64
"1106",4295,1,4326,1,56,57,63
"1107",4352,1,2528,1,59,61,65
"1108",4429,1,3719,1,61,62,67
"1109",4663,1,6704,1,60,62,67
"1110",4677,1,12813,1,57,59,64
"1111",5134,1,7753,1,56,57,64
"1112",5176,1,9659,1,61,62,67
"1113",5457,1,2057,1,58,61,67
"1114",6065,1,8565,1,57,58,64
"1115",6198,1,5547,1,58,62,67
"1116",6226,1,2528,1,60,61,65
"1117",6316,1,6793,1,57,58,64
"1118",6417,1,10376,1,61,62,66
"1119",6861,1,5134,1,60,61,67
"1120",7025,1,54,1,58,60,64
"1121",7041,1,9914,1,58,60,64
"1122",7095,1,12126,1,57,60,66
"1123",7143,1,932,1,57,58,63
"1124",7585,1,3975,1,58,59,63
"1125",7799,1,6242,1,52,55,63
"1126",7876,1,6860,1,58,59,65
"1127",7904,1,1196,1,59,61,67
"1128",8009,1,8374,1,60,61,66
"1129",8318,1,2807,1,58,61,67
"1130",8576,1,1919,1,58,60,64
"1131",8581,1,3723,1,58,59,64
"1132",8643,1,12126,1,59,61,68
"1133",8884,1,8665,1,54,58,63
"1134",8925,1,12126,1,57,59,65
"1135",9659,1,1436,1,57,59,64
"1136",9703,1,9098,1,57,60,67
"1137",9776,1,9998,1,60,61,65
"1138",10419,1,1955,1,57,59,64
"1139",10510,1,6316,1,60,61,65
"1140",10814,1,3415,1,58,59,65
"1141",10883,1,12914,1,59,61,68
"1142",10970,1,3986,1,58,60,65
"1143",11161,1,6392,1,61,62,66
"1144",11255,1,3171,1,59,61,66
"1145",11926,1,10725,1,60,62,67
"1146",12157,1,775,1,54,56,63
"1147",12187,1,11900,1,57,59,64
"1148",12558,1,9422,1,55,58,65
"1149",12912,1,2509,1,61,62,68
"1150",13327,1,7960,1,60,62,67
"1151",216,1,3541,1,58,59,66
"1152",584,1,8414,1,60,62,69
"1153",768,1,1086,1,59,62,68
"1154",948,1,10878,1,60,61,67
"1155",1103,1,10891,1,58,59,64
"1156",1146,1,9274,1,61,63,68
"1157",1359,1,648,1,61,63,68
"1158",1507,1,6432,1,61,62,66
"1159",1572,1,8235,1,61,63,69
"1160",1781,1,13090,1,57,60,64
"1161",1854,1,2528,1,60,61,66
"1162",1939,1,6065,1,59,61,66
"1163",2027,1,11651,1,60,61,64
"1164",2296,1,5134,1,57,59,65
"1165",2421,1,243,1,55,57,64
"1166",2509,1,12082,1,59,60,65
"1167",2657,1,12082,1,55,58,66
"1168",2684,1,5767,1,58,60,65
"1169",2687,1,7688,1,61,62,68
"1170",2915,1,5050,1,59,62,66
"1171",3628,1,8109,1,61,63,68
"1172",3750,1,6472,1,58,59,64
"1173",3906,1,3455,1,56,59,64
"1174",3930,1,6396,1,57,61,69
"1175",4541,1,207,1,61,62,66
"1176",4660,1,4410,1,60,61,65
"1177",4738,1,216,1,61,62,66
"1178",4945,1,4236,1,56,60,64
"1179",5048,1,2421,1,58,60,67
"1180",5535,1,8278,1,62,63,68
"1181",5805,1,4236,1,57,60,64
"1182",5839,1,2706,1,59,61,67
"1183",6034,1,6065,1,59,61,66
"1184",6102,1,2802,1,59,60,66
"1185",6235,1,4410,1,59,62,66
"1186",6392,1,5968,1,60,61,65
"1187",6461,1,3541,1,59,60,65
"1188",6950,1,8825,1,59,61,66
"1189",7111,1,10185,1,62,63,68
"1190",7174,1,4831,1,62,63,67
"1191",7283,1,7365,1,60,62,67
"1192",7832,1,4945,1,62,63,69
"1193",7988,1,7688,1,61,62,68
"1194",8061,1,10878,1,58,60,68
"1195",8109,1,8918,1,57,60,65
"1196",8374,1,963,1,57,59,66
"1197",8720,1,9728,1,61,63,68
"1198",9028,1,6893,1,58,61,66
"1199",9067,1,12777,1,61,63,67
"1200",9836,1,10419,1,61,62,67
"1201",9924,1,9113,1,60,62,67
"1202",9990,1,4410,1,59,62,65
"1203",10164,1,2657,1,60,61,65
"1204",10282,1,821,1,62,63,68
"1205",10376,1,802,1,59,61,66
"1206",10601,1,4006,1,61,62,67
"1207",10713,1,10844,1,57,60,67
"1208",10986,1,4071,1,60,62,67
"1209",11276,1,8375,1,56,57,64
"1210",11387,1,6861,1,62,63,68
"1211",11420,1,7397,1,59,60,66
"1212",11431,1,686,1,55,56,65
"1213",11583,1,1154,1,59,61,65
"1214",13073,1,6550,1,62,63,68
"1215",207,1,7727,1,59,60,65
"1216",1324,1,7207,1,61,62,66
"1217",1385,1,4945,1,61,63,68
"1218",1477,1,13011,1,60,63,68
"1219",1846,1,4918,1,61,63,68
"1220",2110,1,4787,1,61,63,69
"1221",2139,1,2296,1,59,60,66
"1222",2528,1,4295,1,58,59,65
"1223",2603,1,12914,1,60,62,66
"1224",2733,1,9703,1,61,64,68
"1225",2959,1,1053,1,55,58,66
"1226",3673,1,3785,1,62,63,67
"1227",3692,1,2627,1,60,63,66
"1228",3737,1,10335,1,57,60,65
"1229",3785,1,8825,1,59,61,67
"1230",4037,1,6550,1,63,64,68
"1231",4214,1,4660,1,62,63,67
"1232",4279,1,12605,1,60,62,67
"1233",4874,1,11010,1,62,64,70
"1234",4941,1,207,1,62,64,70
"1235",5118,1,9274,1,61,63,66
"1236",5569,1,11231,1,62,64,69
"1237",5922,1,7041,1,61,62,68
"1238",6432,1,722,1,56,60,65
"1239",6714,1,2296,1,61,62,68
"1240",6730,1,10891,1,59,61,65
"1241",6948,1,3975,1,58,62,67
"1242",7177,1,6207,1,59,61,65
"1243",7287,1,13011,1,62,64,69
"1244",7345,1,8589,1,59,61,65
"1245",7523,1,6768,1,62,63,68
"1246",7610,1,9231,1,61,63,68
"1247",7707,1,9113,1,61,62,68
"1248",7734,1,3930,1,62,63,69
"1249",7941,1,10192,1,61,63,70
"1250",8002,1,8884,1,60,61,67
"1251",8093,1,9163,1,61,63,68
"1252",8157,1,7143,1,61,63,69
"1253",8235,1,10497,1,58,60,65
"1254",8603,1,6065,1,59,64,69
"1255",8792,1,216,1,60,63,68
"1256",8890,1,7904,1,61,62,68
"1257",9013,1,3658,1,62,63,70
"1258",9210,1,3737,1,61,63,70
"1259",9231,1,1423,1,58,60,66
"1260",9693,1,5875,1,59,61,66
"1261",10117,1,7365,1,61,62,67
"1262",10347,1,10794,1,58,60,67
"1263",10547,1,6730,1,63,64,71
"1264",10945,1,5326,1,63,64,68
"1265",11231,1,56,1,57,61,66
"1266",11237,1,3749,1,58,60,65
"1267",11449,1,11255,1,62,63,68
"1268",11462,1,6316,1,58,60,65
"1269",11657,1,12567,1,60,61,66
"1270",11709,1,3796,1,58,60,67
"1271",12258,1,8581,1,60,61,66
"1272",12438,1,9659,1,60,62,67
"1273",12697,1,7585,1,60,62,67
"1274",12775,1,207,1,61,63,67
"1275",12906,1,7383,1,57,59,65
"1276",13011,1,56,1,58,60,66
"1277",465,1,4429,1,63,65,70
"1278",693,1,6563,1,59,62,70
"1279",815,1,12258,1,61,64,71
"1280",823,1,6861,1,61,63,68
"1281",1223,1,6861,1,63,65,71
"1282",1444,1,1196,1,60,61,67
"1283",1478,1,9998,1,60,62,68
"1284",1911,1,8235,1,61,63,68
"1285",1965,1,11651,1,62,64,70
"1286",2317,1,5579,1,62,64,69
"1287",2324,1,10035,1,60,62,66
"1288",2469,1,6550,1,63,65,69
"1289",2543,1,56,1,57,60,66
"1290",2572,1,3105,1,62,63,69
"1291",2750,1,7101,1,63,65,71
"1292",2863,1,867,1,58,60,66
"1293",2938,1,10497,1,58,60,67
"1294",3105,1,8884,1,60,61,66
"1295",3288,1,8864,1,59,61,66
"1296",3434,1,8009,1,62,64,70
"1297",3463,1,12914,1,61,63,70
"1298",3515,1,8175,1,56,59,66
"1299",3622,1,8374,1,61,65,69
"1300",3877,1,7688,1,61,63,69
"1301",3998,1,1939,1,63,65,69
"1302",4033,1,4663,1,63,64,73
"1303",4202,1,10347,1,61,63,68
"1304",4521,1,1103,1,60,62,67
"1305",4653,1,7365,1,61,62,68
"1306",4776,1,11651,1,60,63,67
"1307",4807,1,3719,1,62,65,71
"1308",4831,1,10497,1,60,61,66
"1309",5067,1,9924,1,63,65,70
"1310",5326,1,7059,1,59,62,67
"1311",5385,1,2421,1,59,61,66
"1312",5441,1,318,1,63,64,70
"1313",5579,1,8914,1,58,60,66
"1314",6023,1,11926,1,63,64,68
"1315",6249,1,3174,1,62,65,70
"1316",6300,1,9428,1,61,62,68
"1317",6381,1,3171,1,60,63,68
"1318",6459,1,7876,1,61,62,69
"1319",6494,1,2651,1,63,64,69
"1320",6529,1,802,1,59,61,69
"1321",6597,1,9914,1,58,60,67
"1322",6704,1,9510,1,59,60,67
"1323",6840,1,4006,1,61,63,68
"1324",6870,1,3737,1,61,63,67
"1325",7101,1,2421,1,59,61,67
"1326",7334,1,2509,1,61,62,66
"1327",7374,1,5687,1,61,62,67
"1328",7397,1,12582,1,55,57,67
"1329",7561,1,11155,1,63,64,70
"1330",7631,1,1854,1,62,64,69
"1331",7688,1,12468,1,59,60,67
"1332",7867,1,9990,1,63,64,69
"1333",8700,1,216,1,60,62,67
"1334",8734,1,6917,1,57,60,66
"1335",8815,1,12438,1,63,65,69
"1336",9193,1,5646,1,58,63,72
"1337",9205,1,10986,1,64,65,70
"1338",9423,1,6102,1,62,63,67
"1339",9450,1,7101,1,62,64,68
"1340",9480,1,11651,1,60,62,67
"1341",9622,1,9231,1,61,62,68
"1342",9774,1,3288,1,63,64,70
"1343",9831,1,2687,1,62,64,67
"1344",9986,1,7876,1,61,63,69
"1345",10035,1,12468,1,59,60,66
"1346",10083,1,2959,1,59,61,66
"1347",10185,1,9788,1,58,61,66
"1348",10260,1,110,1,59,61,68
"1349",10302,1,12112,1,64,65,69
"1350",10537,1,1809,1,59,62,68
"1351",10828,1,4071,1,60,61,66
"1352",10983,1,6226,1,62,63,68
"1353",10997,1,5805,1,63,64,70
"1354",11228,1,10117,1,63,64,70
"1355",11518,1,12119,1,58,60,66
"1356",11732,1,13011,1,61,63,68
"1357",11826,1,6432,1,61,62,68
"1358",11850,1,8581,1,61,64,70
"1359",11962,1,7523,1,63,65,74
"1360",12392,1,6198,1,62,65,71
"1361",12459,1,8109,1,61,63,69
"1362",12862,1,9510,1,58,60,67
"1363",13099,1,13039,1,64,65,70
"1364",47,1,2684,1,61,62,67
"1365",121,1,9693,1,64,65,71
"1366",704,1,11255,1,64,66,71
"1367",1211,1,4352,1,64,66,71
"1368",1472,1,4653,1,63,65,72
"1369",1529,1,3930,1,63,65,69
"1370",1844,1,2603,1,63,64,69
"1371",1849,1,11370,1,65,66,70
"1372",2081,1,216,1,60,62,67
"1373",2381,1,2750,1,65,66,70
"1374",2902,1,10192,1,60,61,67
"1375",3122,1,12914,1,60,61,67
"1376",3174,1,3455,1,55,61,67
"1377",3212,1,12098,1,61,64,68
"1378",3352,1,2651,1,64,66,70
"1379",3826,1,8779,1,61,63,71
"1380",4092,1,3906,1,62,64,69
"1381",4232,1,2813,1,61,62,67
"1382",5265,1,6829,1,60,62,68
"1383",5343,1,979,1,63,65,71
"1384",6051,1,4429,1,63,65,72
"1385",6157,1,5579,1,61,64,67
"1386",6768,1,2406,1,58,61,67
"1387",7131,1,7812,1,62,64,69
"1388",7172,1,9905,1,64,65,70
"1389",7349,1,7610,1,63,66,72
"1390",7695,1,9774,1,65,66,70
"1391",8120,1,7585,1,62,64,69
"1392",8154,1,7238,1,60,62,68
"1393",8179,1,6870,1,64,66,71
"1394",8278,1,2863,1,61,62,67
"1395",8317,1,3704,1,64,65,71
"1396",8382,1,3975,1,60,63,67
"1397",8735,1,4677,1,61,64,68
"1398",8917,1,1103,1,61,62,68
"1399",8986,1,6860,1,60,62,67
"1400",9391,1,7399,1,60,63,67
"1401",9702,1,4931,1,58,63,68
"1402",9905,1,7207,1,62,63,70
"1403",10038,1,6065,1,59,61,67
"1404",10040,1,7101,1,62,64,69
"1405",10327,1,5326,1,63,65,70
"1406",10494,1,2812,1,65,66,70
"1407",10711,1,11462,1,61,63,67
"1408",10826,1,7283,1,64,65,71
"1409",11040,1,6392,1,62,64,70
"1410",11057,1,7585,1,60,63,69
"1411",11234,1,490,1,60,63,70
"1412",11320,1,584,1,64,66,69
"1413",11442,1,10891,1,61,65,71
"1414",12016,1,7707,1,64,66,70
"1415",12053,1,9113,1,60,63,68
"1416",12112,1,10868,1,61,63,69
"1417",12527,1,12777,1,62,63,68
"1418",12530,1,3785,1,63,64,69
"1419",12717,1,8925,1,61,64,70
"1420",12893,1,6472,1,60,62,67
"1421",12922,1,8009,1,62,65,69
"1422",13107,1,3330,1,65,66,70
"1423",13162,1,3543,1,61,65,69
"1424",130,1,10039,1,65,67,72
"1425",227,1,9831,1,65,67,70
"1426",347,1,3415,1,58,62,69
"1427",1411,1,648,1,62,65,69
"1428",1645,1,7334,1,64,65,70
"1429",1899,1,473,1,64,66,70
"1430",1957,1,13019,1,66,67,71
"1431",2254,1,5326,1,63,66,70
"1432",2348,1,7832,1,63,65,71
"1433",2364,1,7334,1,63,64,69
"1434",2380,1,8714,1,61,63,70
"1435",2855,1,12344,1,62,63,69
"1436",2947,1,6459,1,63,64,68
"1437",2977,1,7831,1,65,67,74
"1438",3476,1,12405,1,63,65,69
"1439",4254,1,497,1,65,67,72
"1440",4400,1,11234,1,65,67,71
"1441",4745,1,10983,1,64,66,71
"1442",5005,1,12914,1,61,64,70
"1443",5051,1,5118,1,64,66,71
"1444",5167,1,10828,1,62,66,70
"1445",5355,1,13039,1,63,64,69
"1446",5438,1,11826,1,62,63,68
"1447",5692,1,6948,1,64,66,72
"1448",6489,1,6459,1,63,66,74
"1449",6918,1,10997,1,66,67,75
"1450",7223,1,3212,1,66,67,71
"1451",7259,1,9269,1,62,65,70
"1452",7554,1,8884,1,61,63,68
"1453",7682,1,5839,1,63,65,72
"1454",7831,1,10601,1,63,64,69
"1455",8004,1,3174,1,62,65,71
"1456",8291,1,821,1,63,64,69
"1457",8353,1,4232,1,63,64,69
"1458",8703,1,8884,1,58,64,71
"1459",8708,1,1300,1,62,64,70
"1460",8843,1,12319,1,65,67,71
"1461",8964,1,8374,1,60,63,69
"1462",9595,1,6673,1,61,64,68
"1463",9662,1,8852,1,62,65,70
"1464",10156,1,10117,1,63,65,71
"1465",10246,1,7534,1,65,67,72
"1466",10359,1,5265,1,63,64,69
"1467",10369,1,12468,1,60,63,68
"1468",10411,1,5805,1,61,62,69
"1469",11139,1,11155,1,64,66,71
"1470",11155,1,2938,1,62,63,70
"1471",11370,1,10083,1,62,64,68
"1472",11392,1,5067,1,65,66,72
"1473",11655,1,12199,1,66,67,71
"1474",11669,1,1103,1,60,63,70
"1475",11804,1,9836,1,64,65,71
"1476",12251,1,10547,1,66,67,76
"1477",12405,1,6432,1,61,62,68
"1478",12426,1,6730,1,62,65,71
"1479",12760,1,8157,1,64,66,72
"1480",12792,1,5438,1,64,66,72
"1481",12826,1,3122,1,64,65,70
"1482",13019,1,838,1,61,64,70
"1483",13039,1,12777,1,61,63,68
"1484",13239,1,5520,1,66,67,72
"1485",73,1,8291,1,65,67,72
"1486",99,1,4033,1,64,66,72
"1487",209,1,2947,1,65,67,72
"1488",307,1,3484,1,62,64,71
"1489",473,1,9113,1,60,62,69
"1490",476,1,11926,1,63,64,70
"1491",497,1,11657,1,63,65,70
"1492",518,1,1478,1,62,63,69
"1493",548,1,12912,1,64,65,70
"1494",679,1,3434,1,67,68,73
"1495",998,1,7041,1,62,65,71
"1496",1152,1,1100,1,60,64,72
"1497",1218,1,9067,1,64,65,71
"1498",1376,1,6494,1,66,67,73
"1499",1680,1,11161,1,64,68,73
"1500",2036,1,7812,1,63,65,69
"1501",2473,1,6704,1,61,65,70
"1502",2621,1,6051,1,66,67,72
"1503",2651,1,12334,1,59,62,70
"1504",2710,1,7397,1,60,63,69
"1505",2812,1,7041,1,62,63,71
"1506",2958,1,6221,1,66,67,71
"1507",3158,1,13073,1,66,67,72
"1508",3225,1,8179,1,66,68,72
"1509",3272,1,6550,1,63,65,71
"1510",3330,1,6704,1,61,64,69
"1511",3375,1,8061,1,62,65,69
"1512",3867,1,6840,1,64,67,72
"1513",3968,1,1906,1,66,68,75
"1514",4003,1,4653,1,63,65,70
"1515",4009,1,10359,1,64,65,71
"1516",4234,1,7207,1,62,63,69
"1517",4313,1,6848,1,63,65,71
"1518",4414,1,7177,1,63,65,70
"1519",5054,1,7707,1,63,65,69
"1520",5335,1,7287,1,67,68,73
"1521",5675,1,8703,1,65,68,73
"1522",5753,1,2509,1,61,63,69
"1523",5933,1,7561,1,67,68,73
"1524",5982,1,9659,1,61,66,71
"1525",6258,1,3719,1,61,64,69
"1526",6301,1,10537,1,65,66,73
"1527",6303,1,4202,1,64,65,70
"1528",6365,1,4313,1,66,68,71
"1529",6511,1,2812,1,64,66,72
"1530",6572,1,6840,1,65,68,74
"1531",7071,1,3288,1,63,65,69
"1532",7450,1,1354,1,65,66,72
"1533",7534,1,5922,1,63,64,69
"1534",7740,1,5176,1,63,65,72
"1535",7834,1,12774,1,66,68,71
"1536",7967,1,9269,1,62,64,69
"1537",8117,1,5520,1,66,68,73
"1538",8264,1,2829,1,66,68,74
"1539",8304,1,9703,1,61,64,70
"1540",8456,1,2543,1,63,64,70
"1541",8938,1,9204,1,67,68,73
"1542",9106,1,10317,1,66,68,73
"1543",9315,1,10282,1,64,66,71
"1544",9888,1,10713,1,63,65,72
"1545",10203,1,8004,1,66,68,75
"1546",10870,1,4541,1,64,65,72
"1547",11080,1,9013,1,65,66,71
"1548",11113,1,1218,1,67,68,74
"1549",11121,1,2863,1,63,66,69
"1550",11682,1,9423,1,66,68,72
"1551",11685,1,465,1,67,68,75
"1552",11697,1,12997,1,65,66,71
"1553",11716,1,5520,1,65,67,71
"1554",11722,1,2027,1,62,65,69
"1555",11936,1,7493,1,63,66,71
"1556",11954,1,2189,1,61,63,70
"1557",12033,1,548,1,67,68,75
"1558",12199,1,8779,1,62,65,70
"1559",12284,1,9828,1,61,65,69
"1560",12319,1,7365,1,61,64,69
"1561",12720,1,12826,1,66,68,73
"1562",12774,1,9702,1,64,65,72
"1563",12929,1,6102,1,62,65,71
"1564",12994,1,7867,1,65,66,71
"1565",13013,1,8603,1,65,67,72
"1566",13145,1,10711,1,63,68,73
"1567",13226,1,10711,1,64,66,72
"1568",13368,1,13073,1,65,66,72
"1569",303,1,9067,1,65,68,73
"1570",507,1,1310,1,65,66,72
"1571",844,1,2593,1,62,63,70
"1572",931,1,12112,1,64,66,72
"1573",1343,1,12929,1,65,67,77
"1574",1422,1,8603,1,66,68,77
"1575",1586,1,2947,1,65,66,71
"1576",1666,1,11057,1,64,67,70
"1577",1811,1,5982,1,68,69,73
"1578",2084,1,6461,1,62,64,70
"1579",2106,1,6733,1,64,67,72
"1580",2182,1,7534,1,66,68,73
"1581",2747,1,1472,1,67,69,73
"1582",2800,1,10510,1,61,64,71
"1583",2829,1,3101,1,62,65,70
"1584",3126,1,844,1,64,66,70
"1585",3160,1,13368,1,67,68,73
"1586",3209,1,5054,1,67,68,73
"1587",3300,1,1146,1,64,66,74
"1588",3774,1,7174,1,64,66,73
"1589",3886,1,4414,1,66,68,74
"1590",4249,1,5265,1,64,67,74
"1591",4433,1,8004,1,66,68,75
"1592",4625,1,6730,1,63,66,72
"1593",4643,1,12530,1,65,67,71
"1594",4886,1,2139,1,62,67,72
"1595",4943,1,10870,1,66,68,75
"1596",4955,1,6840,1,64,66,70
"1597",5104,1,2381,1,66,69,73
"1598",5237,1,7374,1,63,66,71
"1599",5492,1,998,1,67,68,73
"1600",5520,1,12893,1,63,64,72
"1601",5773,1,4941,1,65,67,73
"1602",5823,1,584,1,68,69,76
"1603",5912,1,12558,1,62,67,71
"1604",6261,1,9205,1,66,67,72
"1605",6733,1,7207,1,62,64,70
"1606",6881,1,6301,1,67,69,74
"1607",6939,1,12774,1,66,68,73
"1608",6944,1,10302,1,67,68,74
"1609",7098,1,12994,1,67,68,73
"1610",7472,1,3659,1,60,64,70
"1611",7514,1,307,1,65,68,73
"1612",7563,1,13099,1,67,68,74
"1613",7615,1,10870,1,65,68,73
"1614",8112,1,8317,1,65,67,74
"1615",8341,1,2364,1,68,69,74
"1616",8564,1,5048,1,61,65,71
"1617",8744,1,5326,1,64,67,74
"1618",9199,1,12470,1,68,69,76
"1619",9204,1,12053,1,65,66,70
"1620",9260,1,7534,1,66,68,73
"1621",9407,1,12392,1,66,68,75
"1622",9769,1,10945,1,65,66,73
"1623",10039,1,8235,1,61,63,70
"1624",10383,1,11926,1,64,65,71
"1625",10769,1,518,1,64,65,70
"1626",10775,1,3434,1,67,68,73
"1627",10896,1,2380,1,64,66,72
"1628",11063,1,4625,1,67,69,75
"1629",11174,1,2036,1,66,68,73
"1630",11525,1,10547,1,64,67,74
"1631",11613,1,7095,1,63,65,70
"1632",11750,1,12914,1,60,64,70
"1633",12248,1,11161,1,63,66,70
"1634",12470,1,12777,1,64,67,73
"1635",12591,1,7374,1,64,65,71
"1636",12607,1,2855,1,64,65,71
"1637",12695,1,1849,1,67,69,74
"1638",12848,1,7334,1,64,66,72
"1639",13204,1,4202,1,64,66,72
"1640",63,1,99,1,67,69,73
"1641",159,1,8708,1,67,68,73
"1642",162,1,3484,1,63,66,71
"1643",420,1,6392,1,64,67,72
"1644",506,1,13368,1,67,68,75
"1645",703,1,497,1,66,68,74
"1646",904,1,1376,1,68,70,76
"1647",1041,1,4037,1,65,67,71
"1648",1204,1,12591,1,67,68,73
"1649",1354,1,2687,1,64,65,71
"1650",1370,1,4807,1,67,70,75
"1651",1382,1,1146,1,64,67,72
"1652",1473,1,8703,1,65,67,71
"1653",1532,1,11139,1,67,68,73
"1654",1709,1,12284,1,65,66,71
"1655",1880,1,6303,1,67,69,73
"1656",2390,1,2036,1,66,69,74
"1657",2495,1,9924,1,64,67,72
"1658",3265,1,5051,1,68,70,74
"1659",3465,1,307,1,65,67,71
"1660",4430,1,8792,1,64,68,72
"1661",4820,1,1572,1,65,67,72
"1662",4821,1,6870,1,64,66,71
"1663",4880,1,10383,1,68,69,74
"1664",4959,1,12997,1,66,69,74
"1665",5062,1,8456,1,66,67,74
"1666",5185,1,7695,1,66,68,73
"1667",5273,1,11962,1,67,68,73
"1668",5899,1,9924,1,64,67,73
"1669",5925,1,3704,1,65,67,74
"1670",5995,1,13226,1,68,69,74
"1671",6221,1,2543,1,62,64,71
"1672",6627,1,6714,1,65,66,71
"1673",6720,1,7362,1,68,70,73
"1674",6763,1,2110,1,65,67,72
"1675",6815,1,3704,1,64,67,74
"1676",7362,1,9193,1,65,67,72
"1677",8039,1,4807,1,67,69,74
"1678",8478,1,12016,1,67,69,73
"1679",8625,1,1899,1,68,69,74
"1680",9506,1,476,1,65,66,71
"1681",9567,1,5438,1,67,68,75
"1682",9842,1,5753,1,64,66,71
"1683",10106,1,13368,1,69,70,75
"1684",10254,1,11669,1,63,65,73
"1685",10401,1,11596,1,66,67,71
"1686",10467,1,1586,1,67,68,74
"1687",10882,1,1507,1,63,66,71
"1688",11295,1,11850,1,66,69,74
"1689",11596,1,10117,1,63,64,72
"1690",11916,1,9831,1,65,67,72
"1691",12106,1,2855,1,65,69,75
"1692",12168,1,2380,1,65,67,71
"1693",12225,1,2084,1,66,67,72
"1694",12226,1,11080,1,67,69,74
"1695",12572,1,6861,1,63,65,71
"1696",12675,1,1324,1,64,67,72
"1697",13017,1,9888,1,66,69,74
"1698",13049,1,3484,1,64,65,71
"1699",13151,1,12327,1,66,67,72
"1700",43,1,8587,1,67,69,74
"1701",291,1,6918,1,68,71,74
"1702",436,1,8792,1,67,70,74
"1703",696,1,1666,1,68,70,78
"1704",1055,1,12225,1,69,70,75
"1705",1310,1,10117,1,62,65,72
"1706",1906,1,8456,1,64,65,72
"1707",1953,1,5675,1,69,70,74
"1708",2162,1,12396,1,69,70,76
"1709",2249,1,1376,1,68,71,76
"1710",2294,1,9662,1,66,67,72
"1711",2503,1,11916,1,67,69,74
"1712",2526,1,12717,1,65,67,73
"1713",2901,1,7561,1,67,70,73
"1714",2970,1,11716,1,68,70,75
"1715",3095,1,2687,1,64,68,73
"1716",3104,1,5237,1,69,71,77
"1717",3172,1,10847,1,68,70,76
"1718",3271,1,1354,1,66,68,73
"1719",3306,1,507,1,68,70,76
"1720",3356,1,11057,1,65,71,78
"1721",3384,1,5899,1,67,68,74
"1722",3525,1,4214,1,66,67,74
"1723",3726,1,1354,1,67,69,73
"1724",3983,1,6627,1,66,70,76
"1725",4689,1,13162,1,66,70,75
"1726",4695,1,10401,1,69,71,77
"1727",4890,1,4249,1,68,71,75
"1728",5177,1,931,1,69,70,74
"1729",5281,1,12697,1,64,66,72
"1730",5294,1,704,1,68,69,73
"1731",5500,1,6572,1,70,71,77
"1732",6095,1,4414,1,66,70,76
"1733",6111,1,4249,1,69,70,75
"1734",6174,1,4234,1,65,68,72
"1735",6783,1,5118,1,65,68,72
"1736",6919,1,10775,1,70,71,76
"1737",7261,1,6494,1,66,68,75
"1738",7274,1,7631,1,66,68,75
"1739",7437,1,7820,1,70,71,75
"1740",7470,1,4821,1,68,69,73
"1741",7643,1,1586,1,68,71,75
"1742",7820,1,507,1,68,69,74
"1743",7972,1,11697,1,66,67,72
"1744",8018,1,2958,1,68,69,74
"1745",8365,1,7534,1,67,69,75
"1746",8978,1,12994,1,67,68,73
"1747",9431,1,5995,1,70,71,77
"1748",9697,1,1586,1,67,69,75
"1749",9824,1,783,1,63,69,74
"1750",9894,1,10254,1,66,68,72
"1751",10109,1,1376,1,68,70,75
"1752",10163,1,12675,1,69,71,75
"1753",10317,1,7365,1,60,64,72
"1754",10799,1,704,1,67,69,73
"1755",10847,1,1529,1,65,67,73
"1756",10880,1,12037,1,70,71,76
"1757",11182,1,12248,1,67,71,76
"1758",11397,1,6494,1,68,70,76
"1759",11795,1,9205,1,67,69,74
"1760",11812,1,9662,1,65,68,74
"1761",11943,1,10847,1,69,70,76
"1762",11967,1,8317,1,67,71,75
"1763",12037,1,1645,1,67,69,77
"1764",12327,1,2812,1,64,66,73
"1765",12357,1,8154,1,64,66,73
"1766",12997,1,9761,1,62,65,72
"1767",158,1,13204,1,68,71,76
"1768",383,1,7972,1,68,69,73
"1769",400,1,12016,1,68,70,74
"1770",438,1,8964,1,65,68,74
"1771",738,1,8964,1,65,69,74
"1772",939,1,4745,1,67,68,73
"1773",953,1,227,1,68,70,76
"1774",1030,1,4607,1,69,71,78
"1775",1128,1,4643,1,69,72,77
"1776",1484,1,6303,1,67,68,73
"1777",1632,1,2750,1,68,69,75
"1778",1742,1,11392,1,68,70,76
"1779",1897,1,9888,1,67,68,73
"1780",1962,1,7223,1,67,69,75
"1781",2458,1,1846,1,65,69,75
"1782",2761,1,6654,1,69,70,75
"1783",3023,1,6143,1,69,71,75
"1784",3157,1,6258,1,65,67,73
"1785",3301,1,5062,1,69,72,77
"1786",3590,1,6654,1,69,71,78
"1787",3633,1,8978,1,69,71,75
"1788",3634,1,11021,1,70,71,76
"1789",3857,1,2970,1,71,72,76
"1790",3966,1,1382,1,69,71,75
"1791",4017,1,11812,1,69,70,77
"1792",4534,1,2473,1,67,69,73
"1793",4607,1,12912,1,66,69,76
"1794",4813,1,7972,1,69,72,78
"1795",5169,1,9905,1,67,68,76
"1796",5181,1,12357,1,68,69,75
"1797",5243,1,5995,1,70,71,74
"1798",5397,1,1880,1,70,71,76
"1799",6143,1,8317,1,66,67,73
"1800",6307,1,7261,1,69,72,79
"1801",6370,1,2182,1,71,72,76
"1802",6654,1,9842,1,67,68,75
"1803",6706,1,2829,1,65,67,73
"1804",6952,1,3774,1,67,69,73
"1805",7245,1,10203,1,69,71,76
"1806",7971,1,10467,1,70,72,76
"1807",8215,1,7472,1,65,67,73
"1808",8458,1,4521,1,63,64,73
"1809",8726,1,2254,1,67,70,75
"1810",8782,1,3692,1,65,67,73
"1811",8804,1,9567,1,69,71,76
"1812",8830,1,8938,1,70,71,78
"1813",9000,1,11936,1,68,69,75
"1814",9065,1,3434,1,65,68,73
"1815",9158,1,2812,1,65,68,73
"1816",9581,1,5118,1,65,69,74
"1817",9615,1,9581,1,70,71,76
"1818",10059,1,7534,1,66,67,73
"1819",10315,1,3622,1,66,69,74
"1820",10592,1,6870,1,66,70,73
"1821",10936,1,6249,1,67,69,73
"1822",11021,1,6157,1,65,69,74
"1823",11036,1,3525,1,68,71,76
"1824",11072,1,10040,1,65,69,76
"1825",11609,1,3306,1,71,72,77
"1826",11688,1,2106,1,68,70,75
"1827",11945,1,2106,1,69,71,77
"1828",12152,1,4433,1,70,71,75
"1829",12519,1,2572,1,65,67,73
"1830",12596,1,12675,1,67,70,74
"1831",12618,1,2294,1,69,70,76
"1832",12959,1,5181,1,70,72,79
"1833",13270,1,1484,1,68,70,76
"1834",13277,1,4249,1,69,71,76
"1835",148,1,844,1,65,69,74
"1836",201,1,1411,1,66,68,74
"1837",220,1,1462,1,71,73,78
"1838",345,1,3265,1,71,72,78
"1839",657,1,73,1,69,71,78
"1840",711,1,5899,1,68,69,74
"1841",898,1,12519,1,69,72,77
"1842",1114,1,3886,1,69,72,78
"1843",1442,1,6815,1,68,70,74
"1844",1501,1,11945,1,72,73,78
"1845",1574,1,11716,1,68,70,76
"1846",1951,1,12319,1,66,68,75
"1847",2233,1,3774,1,69,72,79
"1848",2309,1,1204,1,69,72,78
"1849",2357,1,11139,1,68,71,76
"1850",2591,1,6654,1,69,71,76
"1851",2735,1,548,1,66,68,76
"1852",3014,1,3095,1,69,70,74
"1853",3022,1,497,1,66,69,75
"1854",3196,1,1680,1,70,71,77
"1855",3222,1,8625,1,70,71,75
"1856",3255,1,3634,1,72,73,77
"1857",3273,1,7362,1,68,71,77
"1858",3299,1,953,1,71,73,79
"1859",3354,1,8341,1,70,72,78
"1860",3547,1,5899,1,68,70,75
"1861",3549,1,10691,1,70,71,77
"1862",3781,1,10163,1,71,73,79
"1863",3802,1,7258,1,70,73,78
"1864",4125,1,644,1,72,73,79
"1865",4308,1,13270,1,71,72,76
"1866",4350,1,507,1,69,72,76
"1867",4464,1,10203,1,69,72,77
"1868",4655,1,7769,1,71,73,77
"1869",4686,1,6918,1,68,70,75
"1870",4756,1,1204,1,69,70,74
"1871",5412,1,10163,1,72,73,78
"1872",6155,1,12396,1,69,71,74
"1873",6250,1,8482,1,71,73,79
"1874",6658,1,11080,1,70,72,77
"1875",6663,1,11497,1,72,73,77
"1876",7215,1,10826,1,67,69,75
"1877",7258,1,7615,1,69,70,74
"1878",7487,1,2526,1,68,69,75
"1879",7555,1,10383,1,67,72,75
"1880",7565,1,6511,1,67,70,80
"1881",8070,1,904,1,71,73,78
"1882",8199,1,6489,1,69,71,77
"1883",8281,1,7631,1,65,68,75
"1884",8587,1,8603,1,65,66,74
"1885",8593,1,9119,1,71,73,78
"1886",9119,1,2829,1,67,69,75
"1887",9153,1,6654,1,69,71,77
"1888",9187,1,1473,1,67,69,75
"1889",9235,1,6952,1,72,73,79
"1890",9383,1,13107,1,67,69,75
"1891",9426,1,7968,1,72,73,78
"1892",10256,1,5237,1,67,70,76
"1893",10513,1,7349,1,67,70,74
"1894",10608,1,3525,1,68,71,78
"1895",10691,1,6051,1,68,70,77
"1896",10789,1,10401,1,68,70,75
"1897",10842,1,8179,1,69,70,76
"1898",10964,1,9153,1,71,73,77
"1899",11109,1,10799,1,70,72,78
"1900",11134,1,12152,1,72,73,77
"1901",11145,1,99,1,68,70,77
"1902",11440,1,11795,1,71,73,81
"1903",11884,1,12519,1,68,70,75
"1904",11944,1,12519,1,69,71,76
"1905",11965,1,13145,1,69,72,77
"1906",12131,1,3352,1,69,71,75
"1907",12367,1,6881,1,71,73,78
"1908",12447,1,3886,1,69,70,75
"1909",12492,1,2747,1,70,73,78
"1910",12571,1,6627,1,68,70,75
"1911",12637,1,3222,1,72,73,78
"1912",12867,1,11295,1,69,71,76
"1913",12900,1,703,1,69,72,78
"1914",12976,1,7682,1,71,72,79
"1915",13062,1,5569,1,65,67,74
"1916",13113,1,5181,1,70,71,77
"1917",13119,1,2418,1,71,73,79
"1918",13231,1,3300,1,67,68,74
"1919",13251,1,10997,1,67,71,77
"1920",59,1,9407,1,69,70,76
"1921",81,1,1382,1,69,70,75
"1922",439,1,1574,1,71,73,79
"1923",568,1,6304,1,73,74,80
"1924",912,1,7450,1,69,71,78
"1925",942,1,5500,1,72,74,82
"1926",1047,1,5912,1,68,71,77
"1927",1071,1,10059,1,69,71,77
"1928",1237,1,6654,1,70,72,76
"1929",1946,1,7543,1,72,74,79
"1930",2235,1,8938,1,69,70,75
"1931",2247,1,12447,1,71,74,80
"1932",2468,1,2750,1,66,69,75
"1933",2770,1,3352,1,67,69,75
"1934",3245,1,4745,1,69,72,78
"1935",3305,1,1951,1,68,69,77
"1936",3369,1,7543,1,72,74,78
"1937",3517,1,679,1,70,74,78
"1938",3553,1,12994,1,68,71,77
"1939",3729,1,506,1,69,70,75
"1940",3748,1,8625,1,70,71,78
"1941",3846,1,5237,1,67,70,77
"1942",3976,1,13368,1,68,70,76
"1943",4087,1,3547,1,72,74,81
"1944",4463,1,3774,1,68,70,77
"1945",4970,1,303,1,69,71,78
"1946",4971,1,4820,1,69,71,76
"1947",5224,1,7565,1,71,73,78
"1948",5249,1,5104,1,71,72,78
"1949",5559,1,3022,1,71,74,79
"1950",5605,1,6654,1,69,71,77
"1951",5903,1,9158,1,70,71,76
"1952",6304,1,7131,1,68,71,76
"1953",6546,1,1382,1,70,72,77
"1954",7543,1,2106,1,69,71,75
"1955",7735,1,1957,1,70,72,78
"1956",7968,1,11682,1,69,71,78
"1957",8024,1,7274,1,70,72,77
"1958",8042,1,5181,1,72,74,78
"1959",8693,1,162,1,68,70,76
"1960",9033,1,2317,1,67,69,75
"1961",9053,1,13239,1,68,69,76
"1962",9596,1,2526,1,70,72,76
"1963",9601,1,11057,1,68,72,77
"1964",9605,1,5912,1,69,70,75
"1965",9967,1,159,1,71,73,78
"1966",10070,1,6511,1,68,70,75
"1967",10178,1,13049,1,66,69,76
"1968",10255,1,8215,1,69,70,75
"1969",10370,1,436,1,72,73,77
"1970",10463,1,4534,1,71,73,80
"1971",10737,1,2812,1,65,69,75
"1972",10796,1,2700,1,72,73,78
"1973",10872,1,5300,1,71,74,79
"1974",11092,1,9662,1,66,69,75
"1975",11497,1,8782,1,69,71,75
"1976",11550,1,10592,1,72,73,78
"1977",12396,1,13162,1,66,68,75
"1978",12483,1,4821,1,68,70,75
"1979",12570,1,13239,1,68,71,79
"1980",12846,1,3966,1,72,74,78
"1981",13082,1,9383,1,70,72,79
"1982",13193,1,644,1,72,74,80
"1983",91,1,6952,1,70,71,77
"1984",284,1,7968,1,72,75,80
"1985",644,1,9769,1,67,71,76
"1986",911,1,6304,1,72,74,79
"1987",1006,1,1055,1,72,75,80
"1988",1118,1,7543,1,72,74,78
"1989",1243,1,2700,1,72,74,79
"1990",1301,1,8804,1,72,73,78
"1991",1360,1,11497,1,71,73,79
"1992",1462,1,12675,1,68,70,76
"1993",1511,1,1310,1,69,71,77
"1994",1991,1,3355,1,74,75,80
"1995",2026,1,11945,1,72,74,78
"1996",2118,1,8698,1,74,75,82
"1997",2199,1,11145,1,72,74,80
"1998",2331,1,9581,1,70,75,82
"1999",2372,1,9053,1,71,73,80
"2000",2418,1,420,1,68,70,78
"2001",2618,1,3594,1,72,73,78
"2002",2810,1,8018,1,70,72,77
"2003",2817,1,6919,1,72,75,80
"2004",3044,1,11944,1,72,74,80
"2005",3254,1,13106,1,74,75,82
"2006",3355,1,1953,1,72,73,77
"2007",3382,1,5104,1,70,71,76
"2008",3594,1,6783,1,70,71,76
"2009",3952,1,13151,1,69,71,77
"2010",4175,1,696,1,71,73,78
"2011",4178,1,7223,1,68,69,77
"2012",4291,1,4756,1,71,72,77
"2013",4393,1,400,1,72,75,80
"2014",4543,1,3547,1,73,75,78
"2015",4598,1,3245,1,73,74,79
"2016",4635,1,3886,1,69,71,78
"2017",4747,1,6489,1,68,70,77
"2018",4961,1,3867,1,69,70,76
"2019",4962,1,12483,1,71,74,80
"2020",5029,1,3729,1,72,74,80
"2021",5558,1,9824,1,70,72,76
"2022",5583,1,9197,1,70,73,80
"2023",6200,1,5605,1,72,74,79
"2024",6447,1,8843,1,68,72,76
"2025",6751,1,1484,1,69,72,77
"2026",6755,1,953,1,71,74,78
"2027",6877,1,12325,1,73,75,80
"2028",6924,1,2495,1,69,70,76
"2029",7222,1,197,1,72,73,79
"2030",7315,1,7274,1,72,74,79
"2031",7368,1,11121,1,68,71,76
"2032",7428,1,1666,1,68,70,77
"2033",7438,1,3384,1,70,71,77
"2034",8225,1,6370,1,73,75,81
"2035",8351,1,148,1,70,71,76
"2036",8474,1,6051,1,66,71,77
"2037",8482,1,7563,1,69,70,77
"2038",8562,1,11609,1,73,75,80
"2039",8698,1,7565,1,71,73,77
"2040",8906,1,12226,1,70,71,78
"2041",8931,1,9106,1,69,73,79
"2042",8935,1,9574,1,73,75,80
"2043",9167,1,1632,1,73,75,80
"2044",9171,1,1953,1,72,73,79
"2045",9177,1,2770,1,70,72,77
"2046",9197,1,12929,1,68,69,76
"2047",10482,1,3196,1,72,75,80
"2048",10506,1,1472,1,67,72,79
"2049",10631,1,9426,1,73,74,78
"2050",10985,1,11139,1,67,70,76
"2051",11002,1,4689,1,71,73,78
"2052",11052,1,10070,1,72,73,76
"2053",11126,1,436,1,71,72,79
"2054",11512,1,10789,1,71,72,78
"2055",11516,1,7438,1,73,75,80
"2056",11763,1,2700,1,72,74,79
"2057",12011,1,12396,1,70,72,79
"2058",12325,1,1632,1,70,71,76
"2059",12355,1,10789,1,71,72,78
"2060",12361,1,10747,1,73,74,80
"2061",12431,1,2970,1,72,73,80
"2062",12858,1,3382,1,72,73,79
"2063",12986,1,7972,1,69,72,76
"2064",13363,1,9894,1,69,72,77
"2065",20,1,5726,1,72,76,81
"2066",53,1,6924,1,72,73,79
"2067",202,1,4439,1,73,74,79
"2068",495,1,11072,1,72,73,80
"2069",592,1,63,1,72,74,78
"2070",965,1,5912,1,70,72,78
"2071",1033,1,3633,1,71,72,77
"2072",1064,1,4178,1,71,73,78
"2073",1594,1,657,1,72,74,78
"2074",1713,1,1354,1,66,70,78
"2075",1845,1,12596,1,72,73,78
"2076",1976,1,13277,1,72,73,78
"2077",2328,1,8767,1,75,76,83
"2078",2352,1,9353,1,74,76,81
"2079",2383,1,158,1,74,76,81
"2080",2426,1,11609,1,74,76,81
"2081",2700,1,162,1,67,71,78
"2082",2914,1,7172,1,66,73,78
"2083",2997,1,3265,1,72,73,79
"2084",3168,1,10985,1,72,75,79
"2085",3238,1,4747,1,72,73,79
"2086",3337,1,6111,1,71,73,79
"2087",3342,1,12705,1,74,76,82
"2088",3445,1,3726,1,70,72,78
"2089",3495,1,6304,1,73,75,80
"2090",3712,1,7438,1,74,76,82
"2091",4029,1,13062,1,69,74,79
"2092",4278,1,6663,1,73,75,81
"2093",4730,1,12353,1,72,73,78
"2094",5162,1,7103,1,74,75,82
"2095",5521,1,5925,1,70,72,79
"2096",5630,1,4291,1,73,76,81
"2097",5726,1,420,1,69,71,79
"2098",5771,1,7751,1,75,76,82
"2099",5795,1,6567,1,73,74,80
"2100",6004,1,11967,1,73,75,79
"2101",6567,1,9065,1,69,72,78
"2102",6614,1,10936,1,71,72,78
"2103",6632,1,8112,1,68,71,77
"2104",7013,1,9567,1,71,73,79
"2105",7103,1,12695,1,70,72,77
"2106",7311,1,400,1,72,73,77
"2107",7340,1,1811,1,69,70,77
"2108",7453,1,9171,1,74,76,81
"2109",7647,1,2199,1,75,76,83
"2110",7749,1,11512,1,73,75,80
"2111",7751,1,644,1,72,74,79
"2112",7769,1,13107,1,67,70,77
"2113",7930,1,4291,1,74,75,81
"2114",8060,1,5995,1,71,72,77
"2115",8366,1,2199,1,74,76,83
"2116",8381,1,4961,1,72,73,81
"2117",8410,1,3271,1,70,71,77
"2118",8533,1,12570,1,72,74,79
"2119",8672,1,9158,1,69,72,77
"2120",8749,1,5181,1,70,73,81
"2121",9062,1,3095,1,70,72,77
"2122",9111,1,11134,1,73,74,79
"2123",9247,1,12355,1,73,75,82
"2124",9353,1,1473,1,69,72,77
"2125",9542,1,3104,1,74,76,82
"2126",9574,1,12106,1,69,73,81
"2127",9655,1,6095,1,71,73,78
"2128",9780,1,10789,1,72,74,79
"2129",9876,1,12867,1,72,74,79
"2130",9966,1,10370,1,74,75,80
"2131",10118,1,11036,1,71,72,77
"2132",10342,1,5397,1,72,73,80
"2133",10502,1,9605,1,72,74,78
"2134",10747,1,9697,1,69,72,78
"2135",10906,1,3590,1,73,76,80
"2136",10910,1,6706,1,70,73,78
"2137",10930,1,1501,1,74,75,80
"2138",11059,1,91,1,72,75,79
"2139",11069,1,9153,1,72,74,79
"2140",11277,1,8906,1,73,76,81
"2141",11313,1,7470,1,71,74,79
"2142",11342,1,4488,1,75,76,81
"2143",11574,1,6720,1,70,73,79
"2144",11703,1,7761,1,75,76,80
"2145",11720,1,9407,1,70,72,79
"2146",11932,1,9615,1,72,73,80
"2147",12172,1,4635,1,72,73,80
"2148",12217,1,11313,1,75,76,79
"2149",12425,1,12637,1,74,75,79
"2150",12434,1,12618,1,72,75,81
"2151",12489,1,3265,1,71,72,77
"2152",13071,1,9697,1,71,75,79
"2153",13176,1,2901,1,72,74,79
"2154",13254,1,3553,1,73,75,80
"2155",13310,1,2294,1,69,72,79
"2156",127,1,10985,1,71,74,79
"2157",144,1,2641,1,72,74,78
"2158",450,1,1713,1,73,74,79
"2159",489,1,7368,1,73,76,81
"2160",721,1,3495,1,76,77,81
"2161",811,1,5243,1,72,74,80
"2162",976,1,9615,1,72,75,79
"2163",1515,1,3023,1,73,74,79
"2164",1761,1,13277,1,74,75,80
"2165",1960,1,6059,1,75,77,81
"2166",2336,1,3305,1,70,73,78
"2167",2354,1,545,1,76,77,82
"2168",2371,1,3976,1,72,74,79
"2169",2393,1,4695,1,73,74,80
"2170",2641,1,1204,1,69,72,80
"2171",2683,1,7013,1,74,76,81
"2172",2854,1,8804,1,74,76,81
"2173",2879,1,6632,1,72,74,80
"2174",2913,1,450,1,75,77,82
"2175",3203,1,3095,1,69,72,79
"2176",3276,1,1071,1,72,74,79
"2177",3311,1,3023,1,73,75,80
"2178",3314,1,11743,1,75,76,81
"2179",3374,1,10581,1,73,76,78
"2180",3625,1,3255,1,74,76,80
"2181",3847,1,3276,1,75,77,82
"2182",4081,1,5224,1,75,77,83
"2183",4608,1,12353,1,74,75,80
"2184",4828,1,6111,1,70,72,78
"2185",5300,1,12396,1,70,71,78
"2186",5591,1,2249,1,72,74,82
"2187",5622,1,1301,1,75,77,82
"2188",5777,1,7972,1,71,74,78
"2189",5789,1,11763,1,75,76,81
"2190",5907,1,711,1,71,73,79
"2191",6011,1,6632,1,72,74,79
"2192",6189,1,10737,1,71,72,79
"2193",6255,1,3634,1,72,73,81
"2194",6273,1,3172,1,72,74,78
"2195",6295,1,3299,1,74,76,81
"2196",6342,1,10592,1,71,76,81
"2197",6374,1,13277,1,73,76,81
"2198",6947,1,9053,1,70,72,78
"2199",7306,1,3196,1,72,75,80
"2200",7538,1,6654,1,70,73,78
"2201",7699,1,2977,1,71,72,78
"2202",7775,1,1574,1,71,72,79
"2203",7829,1,1951,1,71,73,80
"2204",7873,1,7098,1,70,73,79
"2205",8034,1,3254,1,76,77,83
"2206",8078,1,7761,1,75,77,82
"2207",8086,1,4534,1,71,75,81
"2208",8164,1,9247,1,75,77,84
"2209",8294,1,3355,1,73,75,80
"2210",8628,1,2958,1,68,71,78
"2211",8683,1,6751,1,74,75,80
"2212",8766,1,8225,1,76,77,83
"2213",9019,1,11720,1,73,75,80
"2214",9513,1,11182,1,73,74,80
"2215",9526,1,5500,1,72,74,79
"2216",9754,1,13193,1,75,77,83
"2217",10129,1,7873,1,75,77,82
"2218",10262,1,9153,1,72,76,81
"2219",10476,1,4890,1,72,73,78
"2220",10546,1,12226,1,71,74,79
"2221",10581,1,12618,1,71,72,79
"2222",10745,1,8010,1,75,77,83
"2223",10761,1,12705,1,75,77,81
"2224",11544,1,1376,1,69,72,78
"2225",11571,1,3301,1,75,76,83
"2226",11704,1,5558,1,74,76,80
"2227",11743,1,6365,1,70,72,78
"2228",11820,1,8693,1,71,74,79
"2229",12103,1,8767,1,75,77,83
"2230",12440,1,2336,1,73,76,81
"2231",12516,1,13119,1,75,77,84
"2232",12568,1,9431,1,74,75,78
"2233",12705,1,10246,1,68,72,78
"2234",12851,1,12131,1,73,77,83
"2235",13106,1,2249,1,72,73,79
"2236",13321,1,9581,1,71,72,78
"2237",123,1,1071,1,73,76,82
"2238",170,1,6304,1,74,76,81
"2239",197,1,11967,1,71,72,81
"2240",445,1,3306,1,70,74,79
"2241",487,1,7306,1,75,78,85
"2242",562,1,7968,1,73,76,82
"2243",707,1,10936,1,71,75,81
"2244",1140,1,6250,1,74,75,79
"2245",1278,1,8042,1,76,78,83
"2246",1367,1,3966,1,74,75,79
"2247",1541,1,12637,1,74,75,79
"2248",1757,1,12434,1,75,77,82
"2249",2022,1,10796,1,76,78,83
"2250",2046,1,3023,1,73,75,80
"2251",2048,1,7306,1,75,77,82
"2252",2248,1,9177,1,73,75,79
"2253",2726,1,10370,1,74,76,82
"2254",2746,1,4029,1,75,77,82
"2255",3121,1,2223,1,76,77,82
"2256",3442,1,12217,1,77,78,83
"2257",3493,1,13176,1,75,77,83
"2258",3560,1,6751,1,73,77,83
"2259",3644,1,11134,1,74,75,81
"2260",3789,1,4126,1,76,78,83
"2261",3829,1,1501,1,75,76,82
"2262",3836,1,8410,1,71,73,81
"2263",4106,1,400,1,72,73,79
"2264",4126,1,9967,1,74,75,82
"2265",4219,1,5659,1,77,78,84
"2266",4386,1,1845,1,75,76,82
"2267",4439,1,9260,1,69,72,79
"2268",4476,1,7315,1,75,78,84
"2269",4488,1,3726,1,71,74,79
"2270",4577,1,7311,1,75,76,81
"2271",4592,1,158,1,74,76,80
"2272",5680,1,3306,1,72,75,79
"2273",6033,1,1237,1,73,75,79
"2274",6042,1,9177,1,72,77,84
"2275",6059,1,10842,1,72,74,79
"2276",6346,1,1118,1,74,75,80
"2277",6378,1,7250,1,74,77,83
"2278",6565,1,723,1,76,77,82
"2279",6626,1,9780,1,75,76,81
"2280",6668,1,11145,1,71,74,79
"2281",7250,1,9407,1,69,73,79
"2282",7478,1,5583,1,74,76,79
"2283",7887,1,9199,1,72,74,80
"2284",8010,1,3306,1,72,74,79
"2285",8256,1,7643,1,73,75,80
"2286",8350,1,6632,1,76,78,81
"2287",8666,1,13082,1,74,76,82
"2288",8767,1,9824,1,71,74,79
"2289",9049,1,7555,1,73,75,81
"2290",9718,1,5660,1,76,78,83
"2291",9725,1,159,1,70,73,79
"2292",9770,1,6755,1,76,78,84
"2293",10223,1,9171,1,75,76,82
"2294",10403,1,4828,1,74,76,81
"2295",10650,1,10163,1,73,76,81
"2296",10795,1,4393,1,76,78,84
"2297",11209,1,6301,1,72,73,80
"2298",11250,1,3518,1,74,76,83
"2299",11463,1,11550,1,74,75,79
"2300",11486,1,4543,1,75,77,83
"2301",11505,1,1515,1,75,78,82
"2302",11523,1,6919,1,73,76,82
"2303",11861,1,5397,1,72,74,79
"2304",11981,1,12858,1,75,77,83
"2305",12353,1,13231,1,69,71,79
"2306",12384,1,11134,1,73,75,81
"2307",12445,1,8533,1,75,77,82
"2308",12611,1,8365,1,70,73,79
"2309",12807,1,3952,1,73,75,80
"2310",12860,1,1880,1,70,71,79
"2311",12974,1,10476,1,75,77,82
"2312",13036,1,6011,1,76,78,84
"2313",13200,1,5243,1,72,76,83
"2314",57,1,11052,1,74,79,85
"2315",252,1,439,1,75,77,83
"2316",274,1,953,1,72,75,80
"2317",471,1,1991,1,76,77,82
"2318",550,1,9876,1,76,77,82
"2319",655,1,4396,1,76,77,81
"2320",673,1,5521,1,75,77,81
"2321",723,1,3952,1,72,74,80
"2322",818,1,2970,1,74,75,80
"2323",820,1,2621,1,68,73,80
"2324",846,1,6567,1,74,77,83
"2325",957,1,3748,1,72,76,83
"2326",1076,1,4029,1,76,79,84
"2327",1156,1,955,1,78,79,84
"2328",1307,1,4278,1,77,79,84
"2329",1439,1,7761,1,75,79,86
"2330",1460,1,10650,1,77,79,84
"2331",1920,1,7887,1,75,77,80
"2332",2001,1,495,1,75,76,82
"2333",2223,1,345,1,73,75,81
"2334",2414,1,9601,1,73,75,80
"2335",2441,1,4971,1,74,77,84
"2336",2511,1,10906,1,77,79,85
"2337",2850,1,6346,1,76,79,83
"2338",3343,1,3301,1,73,75,81
"2339",3518,1,1223,1,68,73,80
"2340",3575,1,1367,1,75,77,81
"2341",3578,1,11092,1,72,74,80
"2342",3974,1,5777,1,75,76,82
"2343",4024,1,2001,1,77,78,81
"2344",4220,1,7222,1,75,76,80
"2345",4496,1,8010,1,76,77,82
"2346",4851,1,12986,1,74,76,81
"2347",5000,1,4756,1,71,74,81
"2348",5217,1,1064,1,74,76,81
"2349",5348,1,4655,1,73,76,81
"2350",5499,1,13071,1,76,77,83
"2351",5659,1,7968,1,72,75,81
"2352",5660,1,3634,1,73,75,80
"2353",6122,1,10964,1,74,76,83
"2354",6681,1,3633,1,72,74,80
"2355",6847,1,5029,1,75,76,81
"2356",6940,1,3168,1,76,79,84
"2357",6990,1,1541,1,76,78,85
"2358",7007,1,811,1,76,79,83
"2359",7232,1,820,1,75,76,80
"2360",7310,1,11516,1,75,77,82
"2361",7346,1,8281,1,70,74,80
"2362",7505,1,2249,1,72,74,81
"2363",7761,1,10581,1,73,74,82
"2364",7797,1,1761,1,76,79,85
"2365",7932,1,11544,1,73,75,81
"2366",8033,1,7505,1,75,78,83
"2367",8284,1,1845,1,74,76,84
"2368",8404,1,12431,1,75,77,84
"2369",8594,1,12393,1,78,79,82
"2370",8888,1,8766,1,78,79,84
"2371",8996,1,12860,1,72,75,80
"2372",9141,1,11126,1,72,75,82
"2373",9271,1,12489,1,73,75,80
"2374",9354,1,284,1,77,79,83
"2375",9685,1,5660,1,76,77,83
"2376",9711,1,904,1,73,76,82
"2377",9847,1,8350,1,78,79,83
"2378",9927,1,9502,1,75,76,81
"2379",9974,1,4543,1,75,77,84
"2380",10213,1,8996,1,76,79,86
"2381",10404,1,2371,1,75,77,81
"2382",10493,1,4386,1,78,79,85
"2383",10678,1,13082,1,74,76,83
"2384",10705,1,957,1,77,78,83
"2385",10871,1,2371,1,75,77,83
"2386",11061,1,4396,1,77,79,84
"2387",11212,1,489,1,77,78,85
"2388",11304,1,2618,1,74,75,81
"2389",11441,1,3829,1,77,78,83
"2390",11475,1,1976,1,74,75,81
"2391",11502,1,7103,1,74,75,80
"2392",11607,1,12568,1,76,77,81
"2393",11855,1,6614,1,74,76,83
"2394",11970,1,11965,1,73,75,81
"2395",12013,1,5559,1,75,79,86
"2396",12393,1,2026,1,76,77,83
"2397",12521,1,6587,1,78,79,84
"2398",12533,1,2223,1,76,78,84
"2399",12546,1,2336,1,75,79,84
"2400",12583,1,4386,1,77,79,84
"2401",12735,1,2223,1,77,78,83
"2402",13240,1,3644,1,75,76,82
"2403",13360,1,8830,1,73,76,82
"2404",13374,1,12217,1,76,78,81
"2405",69,1,12367,1,76,77,82
"2406",310,1,957,1,77,78,82
"2407",885,1,3311,1,76,79,86
"2408",1194,1,8562,1,76,78,82
"2409",1441,1,2372,1,74,75,82
"2410",1519,1,10930,1,76,78,83
"2411",1800,1,1761,1,76,78,85
"2412",1802,1,8683,1,75,78,84
"2413",2111,1,20,1,78,79,85
"2414",2253,1,5460,1,78,80,86
"2415",2674,1,2817,1,77,80,85
"2416",2769,1,3255,1,74,78,84
"2417",3256,1,10930,1,76,77,83
"2418",3328,1,12393,1,78,79,85
"2419",3377,1,5300,1,75,77,81
"2420",3388,1,13363,1,76,78,83
"2421",3397,1,13176,1,75,76,81
"2422",3569,1,148,1,73,75,81
"2423",3760,1,7761,1,78,80,85
"2424",3771,1,9019,1,75,77,82
"2425",3884,1,9247,1,76,77,81
"2426",4306,1,8086,1,76,77,82
"2427",4343,1,5162,1,77,79,84
"2428",4396,1,10910,1,74,75,83
"2429",4471,1,9111,1,78,79,84
"2430",4764,1,11550,1,75,80,88
"2431",4983,1,13155,1,78,80,83
"2432",5074,1,12425,1,77,78,83
"2433",5077,1,9754,1,79,80,85
"2434",5195,1,6122,1,77,80,85
"2435",5214,1,10699,1,77,79,85
"2436",5296,1,13026,1,79,80,85
"2437",5425,1,11551,1,78,80,84
"2438",5486,1,9426,1,76,78,85
"2439",5734,1,9167,1,76,77,84
"2440",5799,1,11182,1,74,76,81
"2441",6092,1,8935,1,76,79,83
"2442",6528,1,3238,1,77,79,83
"2443",6561,1,1761,1,76,78,84
"2444",6670,1,5397,1,73,76,81
"2445",6817,1,274,1,76,77,81
"2446",6827,1,11069,1,75,77,81
"2447",7115,1,4813,1,75,79,84
"2448",7331,1,7749,1,76,79,84
"2449",7354,1,6122,1,76,78,83
"2450",7519,1,9824,1,73,75,83
"2451",7805,1,5249,1,75,77,81
"2452",8125,1,8284,1,76,78,84
"2453",8205,1,4081,1,78,80,85
"2454",8357,1,13251,1,75,78,83
"2455",8453,1,592,1,76,80,86
"2456",8618,1,911,1,77,79,84
"2457",8846,1,8078,1,78,79,84
"2458",9152,1,1128,1,74,76,82
"2459",9826,1,2726,1,78,80,85
"2460",9857,1,3679,1,78,79,86
"2461",10529,1,2199,1,75,77,82
"2462",10699,1,657,1,73,76,81
"2463",10729,1,8935,1,75,77,83
"2464",10869,1,4488,1,75,76,83
"2465",11179,1,2372,1,75,76,81
"2466",11405,1,4396,1,75,77,83
"2467",11419,1,6668,1,75,77,81
"2468",11551,1,9431,1,76,77,82
"2469",12023,1,3342,1,76,77,81
"2470",12134,1,9685,1,77,80,87
"2471",12208,1,6614,1,77,79,84
"2472",12450,1,125,1,79,80,86
"2473",12500,1,8698,1,75,78,82
"2474",12506,1,6847,1,78,79,84
"2475",12885,1,8666,1,78,80,83
"2476",13026,1,7505,1,75,76,83
"2477",13037,1,8931,1,73,76,81
"2478",13202,1,3712,1,78,79,85
"2479",25,1,3044,1,75,76,84
"2480",173,1,7453,1,78,81,87
"2481",424,1,1118,1,75,77,86
"2482",525,1,7932,1,76,78,85
"2483",545,1,3301,1,72,76,84
"2484",593,1,4278,1,77,80,88
"2485",681,1,4220,1,77,78,83
"2486",698,1,11981,1,78,79,83
"2487",798,1,3314,1,77,78,82
"2488",937,1,3560,1,78,79,83
"2489",1189,1,10745,1,78,80,86
"2490",1255,1,3575,1,78,80,85
"2491",1318,1,12384,1,77,79,85
"2492",1425,1,1800,1,79,81,85
"2493",1486,1,10729,1,79,81,88
"2494",1596,1,11002,1,74,76,82
"2495",1642,1,7311,1,75,78,82
"2496",2152,1,4730,1,74,76,82
"2497",2220,1,655,1,79,80,85
"2498",2227,1,2046,1,76,79,83
"2499",2287,1,4306,1,79,81,87
"2500",2432,1,2001,1,77,80,86
"2501",2522,1,6847,1,76,80,85
"2502",2691,1,8125,1,79,80,84
"2503",2739,1,8666,1,77,79,85
"2504",2837,1,1194,1,80,81,86
"2505",3045,1,2352,1,77,79,85
"2506",3070,1,3255,1,74,75,83
"2507",3097,1,5029,1,79,80,86
"2508",3508,1,11486,1,77,79,84
"2509",3577,1,7930,1,79,80,85
"2510",3593,1,10262,1,77,79,83
"2511",3679,1,11304,1,76,78,84
"2512",3860,1,4730,1,74,77,83
"2513",3947,1,6567,1,75,76,82
"2514",4057,1,7952,1,79,81,85
"2515",4221,1,8533,1,75,77,83
"2516",4293,1,7751,1,76,77,82
"2517",4589,1,3388,1,79,81,84
"2518",5087,1,568,1,75,78,82
"2519",5150,1,545,1,78,81,88
"2520",5173,1,10262,1,77,78,83
"2521",5275,1,1389,1,79,80,87
"2522",5287,1,12023,1,78,81,86
"2523",5367,1,489,1,77,80,84
"2524",5404,1,11179,1,77,78,83
"2525",5460,1,7761,1,75,77,83
"2526",5470,1,9588,1,78,81,86
"2527",5915,1,5771,1,77,78,83
"2528",5921,1,3681,1,79,80,84
"2529",5981,1,9574,1,74,76,82
"2530",5996,1,10872,1,76,77,82
"2531",6068,1,5498,1,78,79,84
"2532",6100,1,7354,1,79,81,85
"2533",6217,1,11304,1,76,78,84
"2534",6228,1,6990,1,79,80,83
"2535",6275,1,13193,1,76,78,85
"2536",6498,1,11607,1,79,81,85
"2537",6587,1,11574,1,75,76,82
"2538",6702,1,6847,1,77,78,86
"2539",7056,1,2746,1,78,81,86
"2540",7079,1,10223,1,79,80,84
"2541",7138,1,13037,1,77,78,82
"2542",7605,1,10342,1,75,77,82
"2543",7617,1,6561,1,79,80,85
"2544",7719,1,3485,1,78,79,85
"2545",7952,1,7887,1,77,78,83
"2546",8079,1,9574,1,76,78,84
"2547",8249,1,2152,1,77,79,83
"2548",8490,1,4592,1,76,78,83
"2549",8770,1,8078,1,77,79,85
"2550",8807,1,617,1,80,81,87
"2551",8972,1,5460,1,78,80,87
"2552",8983,1,10872,1,75,79,85
"2553",9448,1,11970,1,77,79,83
"2554",9502,1,3748,1,73,75,82
"2555",9571,1,545,1,77,79,86
"2556",9588,1,9271,1,76,78,84
"2557",9592,1,7013,1,74,76,82
"2558",10011,1,1596,1,76,78,83
"2559",10092,1,6626,1,77,80,85
"2560",10337,1,1160,1,79,81,86
"2561",10452,1,13176,1,76,77,82
"2562",10843,1,1802,1,80,81,87
"2563",10866,1,7829,1,76,78,83
"2564",10899,1,1243,1,75,77,82
"2565",11083,1,11061,1,80,81,86
"2566",11112,1,12735,1,78,80,86
"2567",11200,1,9526,1,76,79,82
"2568",11612,1,2248,1,77,78,84
"2569",11678,1,2879,1,76,79,84
"2570",11952,1,9927,1,78,79,84
"2571",12067,1,11967,1,74,77,82
"2572",12275,1,742,1,79,81,85
"2573",12404,1,12440,1,77,79,84
"2574",12629,1,5799,1,77,80,85
"2575",12767,1,10795,1,79,81,88
"2576",13031,1,7932,1,76,77,83
"2577",13123,1,5499,1,78,80,86
"2578",13208,1,4220,1,77,79,82
"2579",311,1,11505,1,80,82,87
"2580",312,1,5087,1,80,82,87
"2581",433,1,10871,1,79,81,85
"2582",452,1,11277,1,78,80,86
"2583",552,1,8417,1,80,81,86
"2584",553,1,11212,1,79,81,87
"2585",617,1,11441,1,79,80,84
"2586",667,1,3227,1,81,82,87
"2587",739,1,10964,1,75,77,83
"2588",841,1,7887,1,76,79,83
"2589",955,1,12846,1,75,77,84
"2590",959,1,10403,1,77,80,86
"2591",1178,1,698,1,80,82,87
"2592",1251,1,1802,1,79,81,85
"2593",1346,1,489,1,77,81,86
"2594",1389,1,9152,1,77,79,85
"2595",1755,1,11523,1,78,80,85
"2596",1904,1,4813,1,76,79,85
"2597",1997,1,10129,1,80,82,87
"2598",2172,1,4386,1,79,80,86
"2599",2174,1,4024,1,79,81,85
"2600",2379,1,2352,1,77,79,85
"2601",2675,1,12851,1,79,80,86
"2602",2819,1,3578,1,75,77,83
"2603",2921,1,6033,1,78,80,85
"2604",2930,1,9946,1,80,81,86
"2605",2988,1,3311,1,77,79,83
"2606",3108,1,9754,1,80,82,85
"2607",3274,1,7952,1,79,80,85
"2608",3485,1,1541,1,76,77,83
"2609",3544,1,8666,1,78,79,84
"2610",3612,1,5000,1,77,80,84
"2611",3647,1,11704,1,78,79,83
"2612",3681,1,3276,1,74,78,83
"2613",3718,1,5391,1,80,81,88
"2614",3725,1,5915,1,79,80,85
"2615",3735,1,4577,1,78,79,83
"2616",3879,1,6670,1,79,80,85
"2617",3931,1,12570,1,73,79,86
"2618",4070,1,9152,1,78,80,84
"2619",4079,1,3575,1,79,81,86
"2620",4097,1,13310,1,74,77,83
"2621",4274,1,9754,1,79,82,86
"2622",4786,1,3485,1,78,80,84
"2623",5111,1,6587,1,77,80,86
"2624",5171,1,10403,1,78,81,85
"2625",5278,1,3712,1,77,80,86
"2626",5391,1,2248,1,76,79,85
"2627",5476,1,5981,1,77,80,85
"2628",5600,1,123,1,78,79,84
"2629",5854,1,5799,1,77,79,84
"2630",5858,1,13036,1,80,82,87
"2631",5897,1,12902,1,79,81,85
"2632",5998,1,8766,1,78,79,84
"2633",6099,1,11502,1,75,78,83
"2634",6147,1,3681,1,80,81,87
"2635",6333,1,2328,1,77,79,84
"2636",6451,1,4087,1,75,76,83
"2637",7159,1,11405,1,78,80,85
"2638",7816,1,2051,1,79,80,85
"2639",7986,1,8010,1,75,77,83
"2640",8297,1,11405,1,78,80,86
"2641",8380,1,811,1,75,77,83
"2642",8640,1,9574,1,75,77,84
"2643",8728,1,3493,1,77,78,83
"2644",8775,1,1160,1,81,82,87
"2645",9058,1,10869,1,77,79,84
"2646",9751,1,2172,1,81,82,89
"2647",10187,1,3254,1,76,80,85
"2648",10261,1,10238,1,80,82,86
"2649",10534,1,6004,1,76,80,85
"2650",10557,1,2227,1,80,81,85
"2651",10626,1,8034,1,79,81,85
"2652",10657,1,6990,1,79,82,88
"2653",10674,1,12447,1,72,79,85
"2654",10697,1,11463,1,77,81,86
"2655",10886,1,2414,1,78,79,85
"2656",10898,1,1960,1,80,82,88
"2657",11102,1,1370,1,74,77,84
"2658",11278,1,274,1,76,77,84
"2659",11328,1,4386,1,77,78,84
"2660",11407,1,2111,1,80,81,86
"2661",11451,1,2683,1,77,78,83
"2662",11564,1,7952,1,79,81,86
"2663",11842,1,10650,1,78,79,84
"2664",11885,1,13374,1,78,79,83
"2665",11923,1,8846,1,79,82,87
"2666",12297,1,11405,1,78,79,84
"2667",12526,1,12393,1,79,80,85
"2668",12617,1,3493,1,79,82,85
"2669",13155,1,202,1,77,78,84
"2670",13323,1,5854,1,80,82,90
"2671",94,1,6561,1,81,82,85
"2672",236,1,197,1,77,79,86
"2673",654,1,11970,1,78,80,85
"2674",690,1,1920,1,79,81,85
"2675",742,1,10482,1,77,79,84
"2676",894,1,8404,1,79,81,87
"2677",1092,1,959,1,80,83,89
"2678",1096,1,8490,1,80,81,87
"2679",1160,1,3273,1,75,77,84
"2680",1187,1,8846,1,81,83,88
"2681",1272,1,8284,1,78,81,87
"2682",1303,1,3493,1,78,80,85
"2683",1695,1,742,1,80,82,86
"2684",1760,1,11609,1,73,77,84
"2685",1764,1,11440,1,76,78,85
"2686",1925,1,9966,1,77,81,85
"2687",1948,1,9588,1,80,83,87
"2688",2051,1,4029,1,75,78,84
"2689",2285,1,3517,1,76,78,85
"2690",2362,1,6827,1,78,80,86
"2691",2623,1,6990,1,79,81,87
"2692",2736,1,12450,1,80,81,86
"2693",2936,1,12067,1,78,79,85
"2694",3289,1,1991,1,76,78,85
"2695",3309,1,10534,1,82,83,88
"2696",3395,1,9167,1,77,78,84
"2697",3741,1,1096,1,82,83,87
"2698",3743,1,11179,1,77,79,85
"2699",3773,1,6042,1,80,82,86
"2700",3852,1,721,1,78,80,85
"2701",4421,1,8490,1,79,81,84
"2702",4423,1,1764,1,79,81,86
"2703",4467,1,4471,1,80,82,86
"2704",4578,1,6342,1,78,79,84
"2705",4611,1,9770,1,81,83,88
"2706",4717,1,10705,1,79,81,87
"2707",4725,1,2008,1,79,82,88
"2708",5170,1,9354,1,80,81,91
"2709",5328,1,7159,1,81,83,87
"2710",5523,1,2152,1,78,79,84
"2711",5624,1,5391,1,81,82,88
"2712",5759,1,2362,1,82,83,89
"2713",5938,1,9385,1,81,83,90
"2714",6238,1,10729,1,78,80,85
"2715",7635,1,8698,1,74,79,86
"2716",7709,1,2220,1,80,81,86
"2717",7755,1,2227,1,81,82,87
"2718",8180,1,7719,1,80,82,87
"2719",8209,1,5771,1,77,78,85
"2720",8592,1,12974,1,78,80,86
"2721",8788,1,12217,1,77,79,84
"2722",8799,1,6827,1,79,81,87
"2723",8944,1,2111,1,80,82,88
"2724",8971,1,3517,1,77,82,88
"2725",8976,1,3070,1,77,79,85
"2726",9001,1,10705,1,80,81,85
"2727",9128,1,7648,1,82,83,92
"2728",9164,1,13106,1,77,79,85
"2729",9195,1,12913,1,81,83,88
"2730",9334,1,12144,1,82,83,88
"2731",9385,1,7453,1,77,80,85
"2732",9403,1,7538,1,77,80,88
"2733",9825,1,4884,1,81,83,88
"2734",9946,1,3681,1,78,79,85
"2735",10050,1,11102,1,79,80,84
"2736",10343,1,8788,1,79,82,87
"2737",10749,1,10452,1,79,81,86
"2738",10902,1,8417,1,81,82,88
"2739",11316,1,8935,1,76,78,84
"2740",11403,1,2048,1,77,79,85
"2741",11495,1,3227,1,81,83,87
"2742",11522,1,123,1,78,79,84
"2743",11616,1,9403,1,81,82,87
"2744",11640,1,4764,1,81,83,87
"2745",11681,1,12900,1,74,77,84
"2746",12026,1,11571,1,78,81,86
"2747",12144,1,1667,1,80,81,87
"2748",12189,1,6817,1,78,79,84
"2749",12227,1,11522,1,81,83,88
"2750",12696,1,10092,1,81,83,89
"2751",12855,1,798,1,79,80,85
"2752",12902,1,6670,1,77,78,84
"2753",12988,1,4396,1,75,78,84
"2754",125,1,25,1,77,78,86
"2755",196,1,3681,1,78,80,85
"2756",366,1,7056,1,81,82,86
"2757",504,1,1389,1,81,83,89
"2758",678,1,1925,1,82,84,89
"2759",799,1,7268,1,82,83,88
"2760",842,1,723,1,78,81,86
"2761",1050,1,654,1,81,83,90
"2762",1056,1,3377,1,78,80,86
"2763",1208,1,3712,1,78,81,85
"2764",1267,1,6217,1,79,80,87
"2765",1348,1,10886,1,80,84,88
"2766",1546,1,252,1,79,81,85
"2767",1667,1,5981,1,77,80,85
"2768",1745,1,4306,1,78,80,86
"2769",1916,1,5630,1,78,81,88
"2770",2008,1,976,1,76,78,86
"2771",2097,1,7453,1,77,79,86
"2772",2195,1,69,1,78,79,85
"2773",2471,1,12450,1,82,84,92
"2774",2648,1,4476,1,79,80,85
"2775",2716,1,11316,1,78,81,87
"2776",2889,1,4220,1,78,81,86
"2777",3135,1,2930,1,83,84,88
"2778",3227,1,11516,1,77,80,86
"2779",3527,1,5771,1,77,79,87
"2780",3747,1,2371,1,77,79,87
"2781",3839,1,11842,1,80,81,86
"2782",3912,1,12521,1,79,80,86
"2783",3917,1,11820,1,76,79,85
"2784",3961,1,7952,1,79,81,85
"2785",3971,1,1318,1,82,84,88
"2786",4124,1,10213,1,81,82,87
"2787",4151,1,13193,1,79,81,86
"2788",4435,1,10238,1,80,84,88
"2789",4678,1,4293,1,79,81,85
"2790",4884,1,4220,1,77,80,85
"2791",5206,1,2001,1,78,79,85
"2792",5498,1,2026,1,76,78,85
"2793",5540,1,12521,1,80,81,89
"2794",5657,1,545,1,79,81,86
"2795",5863,1,12546,1,80,83,89
"2796",5865,1,2152,1,78,79,85
"2797",5892,1,69,1,79,81,86
"2798",6195,1,3314,1,76,78,86
"2799",6398,1,1303,1,81,83,87
"2800",6689,1,9023,1,81,82,87
"2801",6807,1,9385,1,80,81,87
"2802",6825,1,1755,1,81,82,87
"2803",7145,1,10749,1,83,84,91
"2804",7208,1,5275,1,81,83,88
"2805",7248,1,3485,1,81,83,87
"2806",7268,1,4488,1,78,80,85
"2807",7461,1,8404,1,80,81,87
"2808",7495,1,10619,1,82,83,88
"2809",7645,1,3045,1,80,81,86
"2810",7849,1,2362,1,82,84,90
"2811",8206,1,12851,1,78,80,85
"2812",8417,1,11763,1,76,80,85
"2813",8551,1,12617,1,83,84,92
"2814",8686,1,11061,1,81,83,89
"2815",8984,1,6587,1,78,82,87
"2816",9023,1,5799,1,78,80,87
"2817",9162,1,1642,1,79,81,89
"2818",9816,1,1187,1,83,84,88
"2819",10189,1,5162,1,77,80,85
"2820",10195,1,1439,1,80,81,86
"2821",10214,1,8935,1,76,80,85
"2822",10238,1,2817,1,77,79,86
"2823",10296,1,12521,1,81,82,89
"2824",10367,1,2623,1,82,83,88
"2825",10378,1,1272,1,81,82,87
"2826",10473,1,1367,1,78,80,86
"2827",10613,1,6346,1,79,82,86
"2828",10780,1,10493,1,82,84,89
"2829",10941,1,1775,1,83,84,87
"2830",11292,1,13202,1,82,83,86
"2831",11460,1,841,1,80,81,87
"2832",11645,1,13026,1,78,81,87
"2833",11990,1,11523,1,78,80,85
"2834",12151,1,8079,1,79,80,88
"2835",12378,1,3485,1,78,81,86
"2836",12385,1,2691,1,82,84,88
"2837",13120,1,311,1,83,84,89
"2838",10,1,3395,1,80,81,88
"2839",283,1,6571,1,81,82,87
"2840",724,1,1904,1,81,82,86
"2841",767,1,11505,1,81,84,89
"2842",851,1,3493,1,78,81,87
"2843",1467,1,841,1,81,83,89
"2844",1491,1,6099,1,80,82,89
"2845",1509,1,5921,1,81,82,86
"2846",1560,1,1267,1,81,85,90
"2847",1716,1,5921,1,82,84,89
"2848",1775,1,1460,1,80,82,87
"2849",1994,1,3395,1,80,83,87
"2850",2346,1,1307,1,80,82,86
"2851",2811,1,12189,1,80,81,86
"2852",3321,1,5339,1,81,82,90
"2853",3326,1,3388,1,80,82,87
"2854",3407,1,8686,1,83,85,91
"2855",3623,1,7645,1,83,85,90
"2856",3790,1,283,1,83,85,88
"2857",3791,1,6755,1,75,82,86
"2858",3813,1,959,1,84,85,89
"2859",3820,1,11102,1,79,80,86
"2860",3825,1,5296,1,81,83,88
"2861",4035,1,8775,1,82,84,88
"2862",4268,1,7268,1,81,83,88
"2863",4345,1,12533,1,78,79,86
"2864",4784,1,5391,1,79,81,88
"2865",4981,1,10619,1,82,84,90
"2866",5015,1,7056,1,82,83,88
"2867",5090,1,2172,1,81,83,87
"2868",5279,1,5170,1,83,85,90
"2869",5339,1,13031,1,78,80,87
"2870",5422,1,4786,1,81,82,88
"2871",5565,1,3328,1,82,84,88
"2872",6460,1,1267,1,81,83,88
"2873",6571,1,8350,1,79,81,88
"2874",6600,1,857,1,82,84,90
"2875",6629,1,2432,1,81,83,86
"2876",6644,1,8971,1,83,85,89
"2877",6871,1,1425,1,83,85,90
"2878",7184,1,12988,1,80,82,87
"2879",7308,1,10473,1,81,83,89
"2880",7648,1,11250,1,78,80,86
"2881",7846,1,1140,1,77,80,86
"2882",7857,1,5015,1,84,85,91
"2883",7866,1,8244,1,82,84,88
"2884",7948,1,2022,1,79,81,88
"2885",7962,1,3328,1,81,84,88
"2886",8102,1,6940,1,80,81,87
"2887",8144,1,1467,1,84,85,92
"2888",8197,1,8350,1,80,82,86
"2889",8332,1,10452,1,80,82,87
"2890",8817,1,5460,1,78,81,86
"2891",9032,1,5206,1,80,83,87
"2892",9516,1,11419,1,78,81,87
"2893",9591,1,2001,1,78,81,86
"2894",9811,1,5460,1,78,80,86
"2895",9812,1,8686,1,84,85,91
"2896",9918,1,4079,1,82,85,92
"2897",10130,1,2354,1,78,81,87
"2898",10542,1,3820,1,81,82,88
"2899",10670,1,12023,1,78,80,86
"2900",10977,1,8972,1,82,84,90
"2901",11178,1,13185,1,81,82,87
"2902",11329,1,593,1,81,83,88
"2903",11546,1,10238,1,80,84,90
"2904",11930,1,1441,1,77,81,86
"2905",12280,1,3741,1,83,84,88
"2906",12312,1,5287,1,82,83,89
"2907",12580,1,10195,1,82,84,89
"2908",12683,1,3388,1,80,82,87
"2909",12903,1,5540,1,83,85,91
"2910",13185,1,7478,1,78,80,86
"2911",13255,1,5771,1,79,81,89
"2912",13333,1,1346,1,82,83,90
"2913",98,1,3256,1,79,81,87
"2914",339,1,2195,1,80,81,87
"2915",595,1,12902,1,81,84,89
"2916",687,1,9001,1,82,85,90
"2917",857,1,13031,1,80,82,88
"2918",1421,1,742,1,81,82,87
"2919",1600,1,1757,1,77,81,87
"2920",1674,1,12902,1,80,83,87
"2921",1850,1,3309,1,84,85,91
"2922",2335,1,10542,1,84,86,92
"2923",2345,1,10238,1,80,81,88
"2924",2347,1,3108,1,83,85,92
"2925",2550,1,11329,1,83,85,90
"2926",2609,1,11616,1,85,86,92
"2927",2906,1,487,1,80,82,87
"2928",3025,1,1667,1,82,83,87
"2929",3067,1,617,1,83,84,88
"2930",3312,1,10795,1,79,81,89
"2931",3313,1,433,1,82,86,92
"2932",3467,1,11112,1,81,82,87
"2933",3631,1,13123,1,81,82,87
"2934",3643,1,8332,1,83,85,91
"2935",3724,1,4081,1,78,80,87
"2936",3863,1,1050,1,85,86,90
"2937",4286,1,12974,1,81,82,87
"2938",4459,1,7645,1,83,86,90
"2939",4494,1,9403,1,81,83,87
"2940",4530,1,6100,1,84,86,90
"2941",4593,1,3631,1,82,84,89
"2942",4631,1,8197,1,84,86,93
"2943",4690,1,3493,1,79,82,87
"2944",4719,1,2441,1,79,81,87
"2945",4801,1,6346,1,76,79,88
"2946",4888,1,1467,1,85,86,90
"2947",5228,1,1667,1,81,82,88
"2948",5247,1,8976,1,81,82,89
"2949",5371,1,6412,1,82,83,88
"2950",5698,1,10902,1,84,85,89
"2951",5870,1,3971,1,84,86,91
"2952",6117,1,8972,1,82,84,89
"2953",6314,1,10886,1,80,81,87
"2954",6462,1,1178,1,83,84,90
"2955",6650,1,10810,1,85,86,91
"2956",6863,1,8033,1,80,81,87
"2957",7039,1,196,1,80,83,88
"2958",7303,1,12526,1,83,86,93
"2959",7344,1,5278,1,82,84,89
"2960",7353,1,5938,1,84,86,93
"2961",7572,1,9946,1,80,83,87
"2962",7598,1,7403,1,83,84,90
"2963",7927,1,8417,1,82,84,90
"2964",8046,1,8490,1,79,83,87
"2965",8244,1,8078,1,78,80,87
"2966",8389,1,1467,1,84,85,90
"2967",8723,1,29,1,84,86,90
"2968",8880,1,7331,1,81,82,88
"2969",9541,1,5555,1,84,86,91
"2970",9665,1,312,1,83,86,91
"2971",9758,1,1267,1,81,82,87
"2972",10079,1,4717,1,85,86,91
"2973",10155,1,11460,1,82,83,88
"2974",10172,1,11842,1,80,82,88
"2975",10692,1,8983,1,80,81,87
"2976",10903,1,1050,1,83,85,91
"2977",10922,1,767,1,85,86,89
"2978",11213,1,6561,1,79,81,87
"2979",11428,1,4476,1,80,81,88
"2980",11435,1,5553,1,84,86,91
"2981",11455,1,10172,1,82,84,88
"2982",11504,1,11640,1,83,85,90
"2983",11824,1,7403,1,84,86,90
"2984",11917,1,1346,1,83,85,90
"2985",12005,1,3321,1,84,85,90
"2986",12050,1,12974,1,81,83,88
"2987",12232,1,3917,1,81,83,88
"2988",12282,1,5275,1,82,83,89
"2989",12729,1,12282,1,84,85,91
"2990",12746,1,2432,1,83,85,91
"2991",12913,1,11502,1,77,80,87
"2992",13300,1,7115,1,81,82,88
"2993",29,1,9385,1,81,84,89
"2994",52,1,12282,1,84,87,92
"2995",89,1,11546,1,84,87,92
"2996",516,1,2906,1,84,87,92
"2997",708,1,13323,1,83,84,90
"2998",746,1,1178,1,83,85,90
"2999",790,1,2111,1,82,84,90
"3000",944,1,3971,1,86,87,94
"3001",1011,1,9403,1,84,86,90
"3002",1066,1,10898,1,84,85,92
"3003",1228,1,11923,1,83,85,90
"3004",1614,1,1775,1,83,86,92
"3005",1747,1,3577,1,81,82,89
"3006",1864,1,9439,1,86,87,91
"3007",1892,1,12144,1,82,84,91
"3008",2521,1,3852,1,81,83,92
"3009",2808,1,1994,1,84,85,90
"3010",2982,1,504,1,86,87,92
"3011",3059,1,8206,1,81,84,91
"3012",3072,1,7039,1,84,86,90
"3013",3770,1,3773,1,83,86,91
"3014",3851,1,2521,1,84,87,91
"3015",3887,1,4983,1,82,86,91
"3016",3895,1,9825,1,85,87,94
"3017",4007,1,5328,1,85,86,92
"3018",4262,1,8799,1,84,86,90
"3019",4270,1,8350,1,79,83,89
"3020",4866,1,6100,1,82,84,88
"3021",4876,1,5111,1,81,83,90
"3022",4914,1,7248,1,84,87,93
"3023",5117,1,10493,1,79,82,88
"3024",5325,1,7344,1,86,87,95
"3025",5511,1,12885,1,82,84,91
"3026",5684,1,1747,1,85,86,91
"3027",5770,1,7849,1,84,85,90
"3028",5845,1,678,1,86,87,93
"3029",5931,1,7331,1,80,82,88
"3030",5973,1,1994,1,85,86,90
"3031",6412,1,6378,1,79,80,88
"3032",6544,1,1892,1,84,87,92
"3033",6722,1,5171,1,83,85,91
"3034",6882,1,5495,1,86,87,93
"3035",7247,1,842,1,83,85,89
"3036",7403,1,4057,1,81,83,90
"3037",7621,1,6739,1,85,87,93
"3038",7624,1,7007,1,82,83,88
"3039",7679,1,12026,1,82,83,88
"3040",7861,1,10261,1,82,83,89
"3041",8038,1,2248,1,76,81,89
"3042",8145,1,10749,1,85,86,91
"3043",8229,1,11842,1,80,82,88
"3044",8269,1,10,1,83,85,90
"3045",8842,1,7927,1,85,87,91
"3046",8866,1,1667,1,82,84,89
"3047",9257,1,698,1,81,83,89
"3048",9281,1,3493,1,80,82,88
"3049",9326,1,4274,1,85,87,93
"3050",9441,1,3321,1,82,83,89
"3051",9856,1,3467,1,85,86,91
"3052",10027,1,3442,1,80,84,89
"3053",10134,1,11498,1,84,85,90
"3054",10145,1,10898,1,83,84,88
"3055",10182,1,339,1,83,85,89
"3056",10204,1,5328,1,83,84,90
"3057",10579,1,11630,1,86,87,92
"3058",10619,1,10452,1,79,81,88
"3059",10662,1,5371,1,84,85,90
"3060",10810,1,6571,1,82,84,90
"3061",10867,1,6460,1,84,86,91
"3062",11071,1,1346,1,82,84,88
"3063",11498,1,11329,1,83,84,92
"3064",11552,1,767,1,85,87,93
"3065",11630,1,3631,1,84,85,90
"3066",12192,1,1251,1,84,87,94
"3067",12249,1,9448,1,80,82,88
"3068",12256,1,6863,1,82,84,90
"3069",12708,1,9303,1,86,87,92
"3070",12716,1,312,1,82,85,89
"3071",12761,1,13031,1,81,85,89
"3072",13121,1,7248,1,84,87,91
"3073",13335,1,7007,1,80,83,89
"3074",13357,1,846,1,79,82,89
"3075",604,1,8229,1,84,86,91
"3076",607,1,4124,1,83,86,92
"3077",688,1,921,1,86,88,91
"3078",761,1,9576,1,86,88,93
"3079",787,1,1863,1,85,88,92
"3080",883,1,3097,1,81,83,89
"3081",1059,1,339,1,83,85,90
"3082",1177,1,339,1,83,84,90
"3083",1320,1,10898,1,83,85,90
"3084",1578,1,10367,1,85,86,93
"3085",1581,1,3025,1,84,86,91
"3086",1723,1,3227,1,82,84,89
"3087",1856,1,10296,1,83,85,90
"3088",1862,1,10641,1,86,87,92
"3089",2327,1,11923,1,83,86,91
"3090",2450,1,12450,1,81,84,90
"3091",2488,1,1179,1,86,87,93
"3092",2626,1,10155,1,85,86,90
"3093",2634,1,9441,1,84,86,91
"3094",2782,1,9001,1,83,87,92
"3095",2877,1,8229,1,84,86,90
"3096",3001,1,8389,1,86,87,92
"3097",3319,1,12151,1,82,85,89
"3098",3585,1,9754,1,80,82,90
"3099",3668,1,673,1,80,84,89
"3100",3842,1,5975,1,85,87,93
"3101",3875,1,2383,1,79,84,89
"3102",3953,1,8984,1,83,87,91
"3103",3982,1,8229,1,85,88,94
"3104",4223,1,10613,1,84,85,92
"3105",4257,1,2347,1,87,88,93
"3106",4289,1,690,1,83,86,90
"3107",4588,1,5247,1,85,86,91
"3108",4594,1,11495,1,84,86,91
"3109",5356,1,4270,1,84,86,92
"3110",5538,1,8180,1,83,86,90
"3111",5553,1,11855,1,77,81,89
"3112",5555,1,8972,1,81,82,89
"3113",5780,1,12526,1,81,83,91
"3114",5804,1,10541,1,85,88,93
"3115",6524,1,9303,1,86,88,92
"3116",6576,1,1716,1,86,87,91
"3117",6739,1,5996,1,81,84,90
"3118",6760,1,10541,1,84,87,92
"3119",6823,1,10378,1,83,86,90
"3120",6946,1,11823,1,87,88,93
"3121",7139,1,10613,1,84,87,92
"3122",7366,1,12617,1,84,86,93
"3123",7477,1,1348,1,84,86,92
"3124",7549,1,11824,1,87,88,93
"3125",7651,1,173,1,83,85,90
"3126",7681,1,10977,1,85,86,91
"3127",7762,1,9825,1,85,86,90
"3128",7894,1,10182,1,85,86,90
"3129",7899,1,10213,1,80,84,89
"3130",7907,1,8269,1,86,88,94
"3131",7944,1,5328,1,84,85,89
"3132",7976,1,1421,1,83,85,90
"3133",8012,1,12227,1,85,87,94
"3134",8390,1,12162,1,86,87,91
"3135",8511,1,1251,1,82,84,89
"3136",8641,1,3312,1,84,86,91
"3137",8687,1,6117,1,85,88,93
"3138",8813,1,362,1,86,88,93
"3139",9149,1,11329,1,84,86,93
"3140",9285,1,10375,1,85,86,94
"3141",9439,1,4471,1,81,85,91
"3142",9455,1,9946,1,81,82,91
"3143",9509,1,10187,1,83,88,93
"3144",9515,1,5278,1,82,84,91
"3145",9576,1,2930,1,84,85,93
"3146",9747,1,5171,1,83,84,89
"3147",9942,1,1747,1,83,85,89
"3148",10104,1,5247,1,83,85,90
"3149",10541,1,10705,1,79,83,89
"3150",10580,1,9162,1,87,88,92
"3151",11039,1,5863,1,85,87,93
"3152",11050,1,3289,1,83,85,90
"3153",11132,1,7208,1,85,88,94
"3154",11173,1,7624,1,84,87,92
"3155",11411,1,7079,1,81,85,91
"3156",11887,1,3852,1,84,86,92
"3157",12049,1,10213,1,80,82,89
"3158",12061,1,10542,1,84,85,89
"3159",12162,1,11930,1,82,85,90
"3160",12660,1,12696,1,85,87,93
"3161",12673,1,1775,1,86,88,94
"3162",12818,1,8551,1,86,87,95
"3163",12833,1,959,1,81,83,91
"3164",60,1,2808,1,85,87,92
"3165",594,1,1925,1,84,87,91
"3166",810,1,1092,1,83,86,92
"3167",921,1,12521,1,81,83,90
"3168",949,1,4884,1,81,85,90
"3169",1000,1,5358,1,88,89,96
"3170",1014,1,6422,1,88,89,93
"3171",1125,1,6642,1,87,88,94
"3172",1179,1,3912,1,83,85,91
"3173",1202,1,6871,1,86,88,93
"3174",1304,1,746,1,87,89,95
"3175",1556,1,10541,1,84,86,92
"3176",1817,1,11039,1,88,89,97
"3177",1840,1,5657,1,82,86,91
"3178",1860,1,10613,1,83,85,91
"3179",1863,1,9516,1,82,84,90
"3180",1894,1,339,1,84,87,93
"3181",2270,1,5228,1,84,86,92
"3182",2386,1,9334,1,85,87,92
"3183",2679,1,8686,1,87,89,95
"3184",2845,1,3326,1,83,85,92
"3185",3021,1,7866,1,85,87,94
"3186",3074,1,10172,1,84,88,93
"3187",3230,1,2850,1,82,85,91
"3188",3252,1,8038,1,81,84,91
"3189",3486,1,13120,1,85,86,91
"3190",3501,1,2845,1,86,88,95
"3191",3721,1,10177,1,86,87,93
"3192",4252,1,3072,1,87,89,93
"3193",4636,1,4223,1,86,87,92
"3194",4715,1,10050,1,81,86,93
"3195",4985,1,9032,1,85,86,91
"3196",5280,1,8723,1,87,89,96
"3197",5358,1,4270,1,86,87,93
"3198",5546,1,12716,1,87,89,94
"3199",5674,1,1348,1,86,89,96
"3200",6391,1,12378,1,84,87,93
"3201",6422,1,12833,1,84,87,91
"3202",6599,1,12256,1,85,86,93
"3203",6642,1,9257,1,84,86,90
"3204",6998,1,9856,1,88,89,94
"3205",7038,1,3059,1,86,89,95
"3206",7178,1,2550,1,86,88,94
"3207",7284,1,3668,1,85,86,92
"3208",7285,1,9576,1,86,88,94
"3209",7440,1,7624,1,85,86,91
"3210",7852,1,2522,1,80,84,90
"3211",8196,1,6228,1,81,84,90
"3212",8277,1,9281,1,84,85,90
"3213",8411,1,8641,1,87,89,95
"3214",8692,1,9195,1,85,86,92
"3215",8776,1,7308,1,86,87,94
"3216",8912,1,5170,1,82,85,92
"3217",9073,1,11292,1,85,87,93
"3218",9373,1,1916,1,82,83,90
"3219",9442,1,949,1,87,89,94
"3220",9556,1,7598,1,85,88,93
"3221",9597,1,3631,1,83,87,92
"3222",9640,1,7899,1,85,87,91
"3223",10169,1,11071,1,86,88,93
"3224",10177,1,10,1,84,85,92
"3225",10375,1,1667,1,82,85,90
"3226",10522,1,3813,1,87,89,93
"3227",10641,1,3108,1,83,85,91
"3228",10865,1,11630,1,87,89,94
"3229",11558,1,6576,1,87,89,95
"3230",11585,1,8686,1,84,85,91
"3231",11670,1,3309,1,84,86,91
"3232",11692,1,1467,1,85,87,93
"3233",11733,1,9825,1,84,86,91
"3234",12084,1,1863,1,85,88,93
"3235",12158,1,1178,1,84,86,93
"3236",12169,1,12746,1,86,89,94
"3237",12412,1,10941,1,86,87,94
"3238",12687,1,1059,1,86,89,93
"3239",12808,1,13323,1,83,85,93
"3240",13241,1,921,1,86,87,93
"3241",13250,1,504,1,84,86,94
"3242",13285,1,1775,1,83,85,90
"3243",16,1,10843,1,83,85,91
"3244",161,1,851,1,84,88,92
"3245",333,1,10,1,83,86,93
"3246",362,1,3577,1,81,85,92
"3247",412,1,8600,1,89,90,95
"3248",486,1,9816,1,86,88,95
"3249",500,1,7894,1,88,89,93
"3250",575,1,7303,1,88,89,94
"3251",716,1,3412,1,87,88,94
"3252",1104,1,9087,1,87,89,95
"3253",1305,1,3252,1,87,89,93
"3254",1341,1,1747,1,86,88,92
"3255",2034,1,5770,1,86,87,92
"3256",2602,1,1674,1,85,89,93
"3257",2701,1,4888,1,87,88,95
"3258",2862,1,10903,1,86,90,94
"3259",3006,1,1066,1,87,90,95
"3260",3052,1,2327,1,89,90,97
"3261",3142,1,3071,1,87,89,94
"3262",3412,1,7145,1,85,86,91
"3263",3793,1,10941,1,86,88,93
"3264",4095,1,8459,1,86,88,93
"3265",4324,1,8551,1,84,86,92
"3266",4644,1,9195,1,84,85,91
"3267",4836,1,8453,1,82,86,92
"3268",5041,1,10903,1,86,87,93
"3269",5056,1,8180,1,86,88,92
"3270",5091,1,8880,1,83,86,92
"3271",5123,1,1486,1,84,88,95
"3272",5310,1,1189,1,81,84,92
"3273",5495,1,452,1,82,85,92
"3274",5614,1,10104,1,89,90,97
"3275",5615,1,6391,1,88,90,97
"3276",5975,1,4079,1,83,84,91
"3277",5999,1,1964,1,89,90,97
"3278",6593,1,11887,1,87,89,93
"3279",7275,1,9195,1,84,86,92
"3280",7723,1,4594,1,87,90,94
"3281",7772,1,5328,1,84,87,93
"3282",7881,1,12061,1,86,89,93
"3283",7897,1,9373,1,85,87,91
"3284",8048,1,11733,1,87,90,98
"3285",8064,1,1994,1,84,86,91
"3286",8459,1,10172,1,83,85,92
"3287",8871,1,11640,1,84,86,92
"3288",8988,1,2906,1,83,86,91
"3289",9086,1,4914,1,88,90,95
"3290",9087,1,4719,1,82,85,91
"3291",9303,1,4876,1,84,85,91
"3292",9433,1,7598,1,85,86,94
"3293",9470,1,552,1,82,85,94
"3294",10607,1,2432,1,82,86,93
"3295",10731,1,12005,1,88,89,95
"3296",11197,1,5732,1,88,89,93
"3297",11478,1,724,1,84,85,91
"3298",11634,1,10145,1,86,88,93
"3299",11746,1,1348,1,84,87,92
"3300",11768,1,1716,1,86,87,93
"3301",11823,1,9758,1,85,87,92
"3302",11832,1,7857,1,87,89,94
"3303",12008,1,13286,1,86,88,93
"3304",12201,1,10810,1,85,88,93
"3305",12238,1,10922,1,87,89,94
"3306",12343,1,3577,1,84,88,92
"3307",12562,1,9470,1,86,88,92
"3308",12655,1,12903,1,86,89,93
"3309",12730,1,5938,1,84,86,92
"3310",13147,1,12312,1,87,89,97
"3311",13286,1,9128,1,84,85,92
"3312",1138,1,9918,1,89,91,97
"3313",1368,1,5975,1,87,88,93
"3314",1620,1,1994,1,85,87,95
"3315",1978,1,9283,1,89,90,95
"3316",2423,1,5780,1,86,89,94
"3317",2577,1,1894,1,88,89,94
"3318",2637,1,7772,1,88,91,96
"3319",2976,1,7679,1,84,88,94
"3320",3161,1,103,1,89,91,95
"3321",3207,1,790,1,86,87,92
"3322",3480,1,7944,1,85,86,93
"3323",4023,1,799,1,85,89,93
"3324",4099,1,3480,1,87,89,94
"3325",4387,1,9112,1,90,91,96
"3326",4741,1,12729,1,86,87,92
"3327",4760,1,1341,1,89,90,95
"3328",5089,1,10613,1,85,88,95
"3329",5116,1,10810,1,85,88,94
"3330",5323,1,604,1,87,89,93
"3331",5387,1,9073,1,88,89,93
"3332",5484,1,2609,1,89,90,96
"3333",5631,1,10657,1,83,86,93
"3334",5645,1,7353,1,87,90,97
"3335",5732,1,2808,1,86,88,93
"3336",5765,1,7105,1,90,91,96
"3337",5779,1,16,1,87,91,97
"3338",5900,1,8440,1,87,89,92
"3339",5932,1,1320,1,86,87,93
"3340",6086,1,11823,1,88,90,95
"3341",6222,1,11645,1,84,86,93
"3342",6436,1,9665,1,87,88,92
"3343",6621,1,11546,1,85,87,92
"3344",7446,1,6117,1,86,89,94
"3345",7448,1,4035,1,86,90,94
"3346",7619,1,607,1,87,88,92
"3347",7659,1,10977,1,85,86,94
"3348",7724,1,6739,1,86,88,95
"3349",7977,1,3842,1,89,91,96
"3350",8008,1,1978,1,90,91,96
"3351",8090,1,8389,1,86,89,93
"3352",8159,1,3071,1,87,88,92
"3353",8325,1,11768,1,89,91,97
"3354",8467,1,9656,1,89,91,96
"3355",8600,1,11585,1,87,88,92
"3356",9030,1,3643,1,86,88,93
"3357",9283,1,9073,1,87,88,93
"3358",9341,1,6462,1,85,87,94
"3359",9977,1,7619,1,89,90,95
"3360",10425,1,11824,1,88,91,96
"3361",10665,1,4212,1,88,90,94
"3362",10948,1,3770,1,87,89,95
"3363",11045,1,2550,1,86,88,92
"3364",11064,1,11531,1,89,91,96
"3365",11065,1,12412,1,88,89,93
"3366",11090,1,2610,1,89,90,93
"3367",11310,1,9812,1,85,87,92
"3368",11363,1,8842,1,88,90,95
"3369",11851,1,2034,1,88,90,95
"3370",12118,1,12192,1,87,90,95
"3371",12200,1,3643,1,87,88,94
"3372",12702,1,6100,1,84,87,93
"3373",12759,1,7549,1,89,90,95
"3374",12815,1,8121,1,89,91,95
"3375",13068,1,1863,1,89,91,97
"3376",13077,1,5090,1,85,87,92
"3377",13326,1,9515,1,85,89,93
"3378",13352,1,7549,1,90,91,94
"3379",13383,1,3309,1,84,87,92
"3380",103,1,10172,1,84,88,95
"3381",139,1,29,1,88,89,95
"3382",536,1,7724,1,89,90,98
"3383",697,1,4777,1,90,91,96
"3384",905,1,11411,1,88,92,97
"3385",1476,1,7208,1,85,87,94
"3386",1749,1,9816,1,86,88,94
"3387",1786,1,12696,1,87,89,95
"3388",1964,1,7598,1,86,88,94
"3389",2003,1,688,1,88,90,95
"3390",2043,1,7477,1,87,88,94
"3391",2489,1,5698,1,86,88,93
"3392",2567,1,8988,1,87,88,95
"3393",2672,1,3953,1,88,89,94
"3394",2722,1,9032,1,85,86,93
"3395",2907,1,11224,1,90,92,96
"3396",3219,1,6923,1,89,91,97
"3397",3563,1,12200,1,88,90,99
"3398",3605,1,1863,1,86,87,93
"3399",3609,1,2043,1,89,91,98
"3400",4315,1,3721,1,88,90,96
"3401",4361,1,4054,1,90,92,96
"3402",4597,1,1620,1,88,89,94
"3403",4763,1,8064,1,87,88,93
"3404",4777,1,11823,1,88,90,95
"3405",4939,1,8871,1,88,89,94
"3406",5065,1,1011,1,88,90,94
"3407",5070,1,6593,1,91,92,99
"3408",5544,1,13121,1,88,89,94
"3409",5554,1,1174,1,89,91,96
"3410",5979,1,9509,1,90,92,97
"3411",6060,1,4636,1,90,92,97
"3412",6116,1,12716,1,87,89,95
"3413",6152,1,11824,1,88,90,95
"3414",6160,1,1348,1,85,88,94
"3415",6377,1,10865,1,90,91,96
"3416",6813,1,5356,1,87,89,93
"3417",6923,1,10810,1,87,88,94
"3418",6960,1,4223,1,85,87,93
"3419",7219,1,2489,1,90,92,96
"3420",7294,1,810,1,87,90,94
"3421",7328,1,9341,1,89,91,96
"3422",7451,1,2423,1,90,92,98
"3423",7667,1,2722,1,86,88,95
"3424",7997,1,761,1,89,90,94
"3425",8121,1,7899,1,86,88,94
"3426",8337,1,5615,1,91,92,97
"3427",8440,1,4494,1,85,86,93
"3428",8668,1,10177,1,89,91,95
"3429",8954,1,9541,1,87,92,97
"3430",8992,1,7038,1,90,91,96
"3431",9194,1,8988,1,88,91,96
"3432",9330,1,7247,1,86,87,94
"3433",9404,1,1689,1,90,92,98
"3434",9612,1,12061,1,87,89,93
"3435",9898,1,2423,1,91,92,97
"3436",9909,1,8641,1,88,89,93
"3437",10015,1,3887,1,90,91,95
"3438",10073,1,8912,1,86,91,97
"3439",10272,1,10375,1,86,89,96
"3440",10456,1,761,1,89,90,95
"3441",10490,1,9112,1,90,92,98
"3442",10571,1,1104,1,89,90,96
"3443",10720,1,4494,1,85,89,94
"3444",10933,1,7852,1,86,88,94
"3445",11224,1,11746,1,87,89,95
"3446",11314,1,3895,1,88,90,95
"3447",11531,1,1864,1,87,88,93
"3448",11540,1,9439,1,87,90,99
"3449",11847,1,10542,1,86,88,95
"3450",11889,1,5511,1,85,86,93
"3451",11918,1,6544,1,89,92,96
"3452",11922,1,11585,1,87,89,94
"3453",12410,1,103,1,89,90,95
"3454",12573,1,11634,1,90,92,99
"3455",12898,1,7598,1,85,88,96
"3456",13320,1,5446,1,90,92,98
"3457",13340,1,516,1,90,92,97
"3458",13353,1,5091,1,87,89,93
"3459",537,1,3895,1,88,90,95
"3460",539,1,8121,1,91,92,98
"3461",613,1,9285,1,87,89,95
"3462",1024,1,6086,1,91,92,98
"3463",1174,1,708,1,85,88,95
"3464",1240,1,6222,1,88,90,94
"3465",1512,1,9312,1,91,93,98
"3466",1522,1,8948,1,91,93,98
"3467",1689,1,9597,1,88,89,94
"3468",2091,1,11796,1,91,92,97
"3469",2205,1,3851,1,89,91,95
"3470",2435,1,2270,1,87,91,97
"3471",2865,1,5358,1,89,92,97
"3472",3026,1,3813,1,86,88,95
"3473",3064,1,8600,1,90,92,97
"3474",3071,1,12833,1,85,86,94
"3475",3512,1,12184,1,90,92,96
"3476",3537,1,11314,1,91,92,97
"3477",3587,1,9194,1,91,93,99
"3478",3798,1,575,1,91,92,96
"3479",3963,1,9509,1,89,90,96
"3480",4211,1,12084,1,89,91,96
"3481",4212,1,12049,1,84,87,94
"3482",4658,1,3721,1,88,90,95
"3483",4878,1,13286,1,90,91,95
"3484",5189,1,2435,1,92,93,98
"3485",5446,1,9087,1,87,89,96
"3486",5510,1,6160,1,89,91,96
"3487",5607,1,6524,1,90,92,95
"3488",5984,1,2602,1,91,93,100
"3489",6082,1,1560,1,86,88,94
"3490",6090,1,3875,1,85,89,94
"3491",6097,1,9433,1,87,90,96
"3492",6324,1,810,1,87,88,94
"3493",6639,1,9330,1,90,91,94
"3494",6759,1,1202,1,89,91,96
"3495",6818,1,11796,1,90,91,96
"3496",6865,1,12491,1,89,90,95
"3497",7105,1,8842,1,88,89,95
"3498",7330,1,11363,1,92,93,98
"3499",7378,1,9341,1,88,89,96
"3500",7394,1,716,1,89,90,96
"3501",7677,1,11065,1,90,92,96
"3502",8466,1,10662,1,87,90,97
"3503",8630,1,1179,1,86,90,94
"3504",8778,1,4715,1,87,90,94
"3505",8816,1,4914,1,88,91,97
"3506",8869,1,594,1,88,89,94
"3507",9071,1,5645,1,91,93,98
"3508",9201,1,5371,1,85,89,94
"3509",9656,1,7659,1,86,88,94
"3510",9669,1,5041,1,90,92,97
"3511",9838,1,3319,1,88,90,95
"3512",9975,1,4658,1,91,93,99
"3513",10020,1,1066,1,87,89,94
"3514",10107,1,2701,1,89,91,96
"3515",10386,1,2043,1,89,91,95
"3516",10442,1,8869,1,91,93,101
"3517",10584,1,2577,1,90,93,98
"3518",11199,1,11746,1,89,91,98
"3519",11203,1,3563,1,91,93,101
"3520",11266,1,4211,1,92,93,100
"3521",11339,1,3875,1,86,89,95
"3522",11346,1,3895,1,88,91,95
"3523",11560,1,5975,1,84,87,94
"3524",11654,1,6222,1,87,89,95
"3525",11780,1,10272,1,90,91,96
"3526",11987,1,3895,1,90,92,97
"3527",12197,1,12385,1,85,90,94
"3528",12260,1,12200,1,90,93,98
"3529",12457,1,12292,1,90,91,96
"3530",12491,1,2982,1,87,88,95
"3531",12737,1,29,1,85,89,97
"3532",12739,1,161,1,89,93,100
"3533",12891,1,6621,1,88,93,98
"3534",13296,1,2423,1,92,93,98
"3535",64,1,6152,1,91,92,97
"3536",167,1,5163,1,92,93,99
"3537",1028,1,1850,1,87,90,97
"3538",1088,1,8880,1,85,89,95
"3539",1105,1,4609,1,93,94,99
"3540",1126,1,13068,1,93,94,97
"3541",1164,1,6090,1,91,93,96
"3542",1239,1,10386,1,92,94,99
"3543",1405,1,4939,1,91,93,97
"3544",1644,1,2351,1,91,93,98
"3545",2129,1,2567,1,90,93,97
"3546",2179,1,4315,1,92,94,98
"3547",2257,1,12412,1,88,89,96
"3548",2297,1,8440,1,89,90,95
"3549",2351,1,4914,1,88,90,97
"3550",2439,1,5484,1,91,92,96
"3551",2610,1,6823,1,86,88,95
"3552",2667,1,7105,1,91,93,98
"3553",2848,1,7667,1,89,92,99
"3554",3164,1,12197,1,93,94,100
"3555",3610,1,787,1,90,91,97
"3556",3755,1,161,1,90,93,99
"3557",3838,1,10579,1,88,90,95
"3558",4053,1,10579,1,89,92,99
"3559",4054,1,12808,1,87,89,95
"3560",4094,1,10020,1,91,92,97
"3561",4733,1,3953,1,88,91,98
"3562",4922,1,2488,1,87,89,95
"3563",5836,1,10104,1,87,90,95
"3564",6093,1,9201,1,92,93,98
"3565",6366,1,1228,1,87,89,95
"3566",6581,1,5446,1,90,92,98
"3567",7342,1,10177,1,88,91,97
"3568",7577,1,10522,1,90,91,97
"3569",7662,1,3563,1,92,93,98
"3570",7781,1,1304,1,90,92,97
"3571",7923,1,9656,1,90,92,97
"3572",8025,1,7651,1,87,90,96
"3573",8072,1,6639,1,93,94,98
"3574",8087,1,7285,1,90,92,96
"3575",8187,1,9640,1,89,92,97
"3576",8338,1,1862,1,88,90,95
"3577",8741,1,2610,1,89,91,96
"3578",9104,1,1125,1,90,92,97
"3579",9169,1,3895,1,89,91,96
"3580",9312,1,5279,1,87,90,95
"3581",9393,1,12673,1,89,92,98
"3582",9525,1,5732,1,89,91,97
"3583",9813,1,7451,1,93,94,101
"3584",9947,1,2679,1,90,93,100
"3585",9978,1,925,1,93,94,103
"3586",10183,1,5356,1,89,91,97
"3587",10219,1,8467,1,92,94,100
"3588",10407,1,5323,1,89,90,95
"3589",10578,1,3770,1,87,90,95
"3590",10669,1,6650,1,88,91,98
"3591",10777,1,6524,1,90,93,99
"3592",10783,1,13250,1,93,94,99
"3593",10897,1,4007,1,88,89,95
"3594",10909,1,1014,1,90,91,95
"3595",11227,1,12197,1,91,93,97
"3596",11373,1,12739,1,93,94,99
"3597",11434,1,2034,1,91,92,97
"3598",11508,1,4836,1,88,91,95
"3599",11650,1,8842,1,88,91,98
"3600",11796,1,1368,1,88,89,95
"3601",11877,1,2610,1,91,94,98
"3602",12184,1,12702,1,89,90,95
"3603",12292,1,12192,1,88,89,97
"3604",12507,1,6760,1,88,90,95
"3605",12538,1,10578,1,91,93,96
"3606",12563,1,5041,1,91,92,97
"3607",12803,1,1059,1,88,91,97
"3608",12868,1,11634,1,90,91,95
"3609",12936,1,1817,1,92,93,98
"3610",13008,1,9640,1,89,91,97
"3611",13048,1,5538,1,88,91,96
"3612",13111,1,1341,1,89,92,97
"3613",13289,1,3052,1,91,93,100
"3614",210,1,9525,1,92,94,99
"3615",230,1,5932,1,90,92,97
"3616",253,1,13105,1,92,95,101
"3617",858,1,6366,1,90,92,97
"3618",875,1,2567,1,91,92,96
"3619",925,1,7897,1,89,91,96
"3620",960,1,5056,1,89,90,96
"3621",1192,1,11363,1,92,93,97
"3622",1384,1,5108,1,93,95,100
"3623",1696,1,10107,1,92,94,100
"3624",1758,1,11132,1,88,91,96
"3625",2068,1,537,1,92,93,98
"3626",2121,1,7547,1,93,95,101
"3627",2408,1,103,1,91,93,100
"3628",2671,1,8337,1,92,93,97
"3629",2721,1,4315,1,91,92,96
"3630",2795,1,8090,1,91,93,98
"3631",2972,1,9393,1,93,95,98
"3632",3065,1,5484,1,93,95,99
"3633",3446,1,7328,1,92,95,102
"3634",3690,1,8048,1,90,92,98
"3635",3902,1,5510,1,93,95,99
"3636",3985,1,9977,1,91,94,101
"3637",4500,1,8992,1,92,95,99
"3638",4666,1,11045,1,89,91,96
"3639",4753,1,6090,1,91,93,98
"3640",5108,1,11922,1,91,92,96
"3641",5434,1,2003,1,91,93,99
"3642",5488,1,9086,1,91,93,98
"3643",5545,1,6377,1,91,93,98
"3644",5577,1,9898,1,93,94,99
"3645",5661,1,9541,1,89,90,96
"3646",5720,1,8630,1,91,93,98
"3647",5972,1,5614,1,92,95,101
"3648",6287,1,12008,1,91,93,99
"3649",6541,1,12562,1,90,93,100
"3650",6616,1,10073,1,92,93,98
"3651",6617,1,6524,1,89,90,96
"3652",7167,1,6377,1,92,94,101
"3653",7241,1,7577,1,93,95,98
"3654",7509,1,613,1,92,94,99
"3655",7547,1,3793,1,91,92,98
"3656",7590,1,6617,1,92,95,102
"3657",7758,1,8869,1,90,93,99
"3658",8451,1,536,1,92,94,98
"3659",8526,1,161,1,90,93,100
"3660",8795,1,5123,1,89,92,96
"3661",8948,1,12580,1,88,91,97
"3662",9070,1,9619,1,94,95,101
"3663",9186,1,761,1,90,91,97
"3664",9572,1,13353,1,91,92,99
"3665",9575,1,7139,1,89,90,96
"3666",9878,1,12184,1,92,94,99
"3667",10398,1,4922,1,90,92,97
"3668",10892,1,1620,1,89,92,98
"3669",10959,1,10425,1,92,94,98
"3670",11075,1,5325,1,90,92,98
"3671",11091,1,8008,1,92,94,97
"3672",11723,1,6145,1,92,93,98
"3673",11730,1,12238,1,90,93,99
"3674",11829,1,5280,1,90,91,96
"3675",11989,1,5163,1,94,95,100
"3676",12173,1,6086,1,91,93,97
"3677",12213,1,12150,1,94,95,99
"3678",12853,1,2297,1,91,92,98
"3679",244,1,3770,1,89,92,97
"3680",498,1,10079,1,88,90,97
"3681",527,1,4666,1,92,95,101
"3682",749,1,8008,1,94,95,103
"3683",1082,1,2435,1,92,94,101
"3684",1170,1,4387,1,94,96,100
"3685",1231,1,10579,1,89,94,100
"3686",1406,1,4985,1,87,91,97
"3687",1935,1,11780,1,92,94,101
"3688",2007,1,8090,1,92,94,98
"3689",2024,1,9975,1,94,95,99
"3690",2141,1,5358,1,89,91,98
"3691",2263,1,13105,1,92,93,100
"3692",2478,1,1138,1,92,94,100
"3693",2668,1,9525,1,93,94,102
"3694",2899,1,9640,1,89,93,97
"3695",2941,1,9838,1,91,92,99
"3696",3047,1,6391,1,88,91,97
"3697",3616,1,6576,1,89,93,97
"3698",3642,1,12759,1,91,92,97
"3699",3948,1,11560,1,90,92,98
"3700",4189,1,13320,1,94,95,101
"3701",4203,1,7677,1,92,94,99
"3702",4333,1,9086,1,91,94,100
"3703",4457,1,4609,1,94,96,101
"3704",5024,1,11117,1,95,96,102
"3705",5163,1,7667,1,89,91,97
"3706",5570,1,3609,1,94,95,101
"3707",5690,1,12891,1,95,96,100
"3708",6098,1,2698,1,95,96,100
"3709",6145,1,1476,1,89,91,97
"3710",6535,1,1028,1,91,93,99
"3711",7001,1,12573,1,93,95,102
"3712",7211,1,6116,1,91,93,97
"3713",7520,1,7211,1,95,96,100
"3714",8149,1,5615,1,91,92,99
"3715",8385,1,8338,1,92,96,101
"3716",8431,1,13340,1,94,96,101
"3717",8485,1,4636,1,87,89,97
"3718",8494,1,9169,1,94,96,101
"3719",8651,1,3435,1,93,94,99
"3720",8856,1,9404,1,93,95,99
"3721",9555,1,6082,1,89,93,99
"3722",9619,1,9612,1,90,92,97
"3723",9872,1,5089,1,90,92,97
"3724",9936,1,10073,1,93,95,101
"3725",10016,1,8325,1,92,94,99
"3726",10186,1,13340,1,93,94,98
"3727",10382,1,3838,1,91,93,98
"3728",11577,1,10959,1,94,95,99
"3729",11691,1,9619,1,93,94,97
"3730",11794,1,7619,1,91,93,99
"3731",12150,1,3052,1,90,93,99
"3732",12310,1,1964,1,90,92,97
"3733",12723,1,7881,1,90,95,101
"3734",12876,1,3770,1,87,89,98
"3735",13063,1,10571,1,91,92,97
"3736",13105,1,1202,1,90,91,97
"3737",174,1,9619,1,94,97,102
"3738",242,1,5779,1,92,94,98
"3739",457,1,12876,1,91,93,98
"3740",514,1,9978,1,95,97,102
"3741",784,1,1080,1,96,97,102
"3742",991,1,3219,1,92,93,98
"3743",1080,1,5720,1,93,95,100
"3744",1134,1,8337,1,92,94,99
"3745",1756,1,1522,1,94,97,101
"3746",1784,1,9086,1,91,92,99
"3747",1823,1,9619,1,95,97,103
"3748",2535,1,5984,1,94,95,100
"3749",2545,1,9194,1,92,93,99
"3750",2737,1,1000,1,91,94,100
"3751",3435,1,3074,1,90,92,99
"3752",3655,1,5544,1,91,92,98
"3753",3946,1,12655,1,91,92,98
"3754",4199,1,3838,1,92,94,102
"3755",4207,1,8048,1,91,93,100
"3756",4382,1,3616,1,94,96,102
"3757",4413,1,9169,1,92,94,99
"3758",4954,1,12457,1,91,94,100
"3759",5342,1,8178,1,93,95,101
"3760",5473,1,4597,1,90,93,99
"3761",5503,1,2007,1,95,97,102
"3762",5640,1,5473,1,95,97,101
"3763",5681,1,10777,1,94,95,101
"3764",5807,1,9133,1,96,97,102
"3765",5916,1,9556,1,89,91,98
"3766",6684,1,10073,1,94,96,102
"3767",6694,1,5070,1,93,97,103
"3768",7221,1,13296,1,94,97,105
"3769",7581,1,11540,1,93,94,98
"3770",7725,1,7581,1,95,96,104
"3771",7901,1,9104,1,93,95,99
"3772",7915,1,10020,1,92,97,101
"3773",8028,1,2701,1,90,92,98
"3774",8178,1,9838,1,91,92,98
"3775",8265,1,7962,1,87,91,98
"3776",8684,1,5341,1,94,97,101
"3777",8740,1,9669,1,94,97,102
"3778",8969,1,11158,1,95,96,100
"3779",9109,1,10280,1,94,95,99
"3780",9112,1,4715,1,87,89,98
"3781",9501,1,2721,1,94,95,100
"3782",9736,1,8025,1,92,95,100
"3783",9907,1,11064,1,92,94,98
"3784",9969,1,5614,1,91,94,98
"3785",10205,1,7342,1,92,95,102
"3786",10280,1,539,1,93,94,99
"3787",10466,1,10578,1,93,95,99
"3788",10492,1,8451,1,95,96,104
"3789",10622,1,7677,1,93,94,99
"3790",10787,1,11508,1,93,94,98
"3791",10821,1,6639,1,93,95,100
"3792",10990,1,7342,1,92,95,101
"3793",11054,1,11227,1,94,96,100
"3794",11117,1,10169,1,90,94,100
"3795",11753,1,9030,1,91,94,99
"3796",11767,1,1581,1,89,92,98
"3797",11894,1,11540,1,91,93,99
"3798",12129,1,2637,1,94,96,101
"3799",12210,1,4760,1,92,95,100
"3800",12586,1,8950,1,96,97,102
"3801",12636,1,11314,1,91,93,99
"3802",12743,1,5779,1,93,94,99
"3803",12756,1,8451,1,95,97,103
"3804",12873,1,1758,1,94,96,100
"3805",12896,1,9619,1,93,94,98
"3806",12999,1,9977,1,92,93,98
"3807",13093,1,4361,1,93,96,101
"3808",13299,1,4658,1,92,96,100
"3809",13329,1,5681,1,96,97,103
"3810",13341,1,3219,1,92,93,98
"3811",301,1,3446,1,95,97,103
"3812",413,1,12260,1,94,96,101
"3813",621,1,1104,1,94,95,102
"3814",809,1,9947,1,93,94,99
"3815",1120,1,4609,1,94,96,102
"3816",1132,1,5984,1,95,98,103
"3817",1733,1,11894,1,93,95,101
"3818",1831,1,7781,1,93,95,100
"3819",1908,1,10219,1,96,97,103
"3820",2016,1,4207,1,93,96,101
"3821",2076,1,6541,1,95,97,103
"3822",2474,1,5684,1,89,91,99
"3823",2633,1,8275,1,97,98,103
"3824",2742,1,12260,1,94,95,99
"3825",2834,1,10909,1,92,94,100
"3826",2898,1,253,1,96,98,103
"3827",3042,1,7794,1,97,98,103
"3828",3198,1,10787,1,95,97,103
"3829",3260,1,4099,1,90,92,99
"3830",3353,1,3798,1,93,95,99
"3831",3426,1,8741,1,92,94,101
"3832",3782,1,242,1,95,98,103
"3833",3835,1,3942,1,94,96,101
"3834",3898,1,12184,1,91,95,100
"3835",3942,1,11540,1,91,94,99
"3836",4280,1,12868,1,91,92,99
"3837",4556,1,3609,1,93,95,100
"3838",4609,1,3161,1,91,93,99
"3839",4692,1,11201,1,94,96,102
"3840",4699,1,4658,1,91,93,99
"3841",4838,1,3052,1,91,94,99
"3842",4909,1,167,1,93,94,100
"3843",4913,1,3161,1,92,96,104
"3844",5044,1,12759,1,91,94,99
"3845",5187,1,3052,1,92,95,100
"3846",5274,1,12150,1,94,96,103
"3847",5341,1,9612,1,90,93,101
"3848",5456,1,5341,1,93,96,102
"3849",5568,1,2667,1,94,96,101
"3850",5639,1,9312,1,91,93,99
"3851",6136,1,3501,1,89,93,100
"3852",6811,1,944,1,89,93,100
"3853",6953,1,6098,1,97,98,105
"3854",7417,1,12655,1,92,94,99
"3855",7785,1,7446,1,91,93,99
"3856",7804,1,9169,1,92,93,100
"3857",7850,1,12999,1,94,97,101
"3858",8211,1,8692,1,88,90,99
"3859",8221,1,10720,1,90,93,99
"3860",8275,1,4333,1,95,96,102
"3861",8322,1,498,1,92,93,100
"3862",8464,1,4023,1,92,93,100
"3863",8521,1,5108,1,94,95,101
"3864",8721,1,6060,1,94,96,101
"3865",8847,1,13105,1,92,93,99
"3866",9080,1,9393,1,93,96,100
"3867",9099,1,8008,1,92,95,99
"3868",9133,1,3642,1,93,95,101
"3869",9297,1,5065,1,93,98,102
"3870",9886,1,6535,1,95,97,101
"3871",9943,1,2545,1,95,98,102
"3872",10103,1,11894,1,94,97,102
"3873",10421,1,12158,1,87,91,99
"3874",10470,1,991,1,96,98,104
"3875",10853,1,2899,1,94,98,103
"3876",10920,1,9501,1,95,96,103
"3877",11521,1,13296,1,94,98,103
"3878",11684,1,8856,1,96,98,104
"3879",11897,1,8526,1,94,95,100
"3880",12515,1,2007,1,95,97,103
"3881",12825,1,4333,1,95,97,103
"3882",13137,1,11158,1,95,97,103
"3883",13192,1,11363,1,91,93,99
"3884",255,1,991,1,94,97,101
"3885",297,1,12781,1,97,99,103
"3886",646,1,11266,1,94,96,102
"3887",901,1,4437,1,97,99,107
"3888",914,1,11987,1,94,95,102
"3889",1155,1,11054,1,97,99,104
"3890",1226,1,10062,1,96,97,103
"3891",1580,1,10490,1,94,96,102
"3892",1638,1,10442,1,95,97,103
"3893",1640,1,1405,1,95,96,100
"3894",1660,1,12853,1,94,96,101
"3895",2203,1,6136,1,94,97,103
"3896",2589,1,10016,1,95,97,101
"3897",2698,1,13352,1,92,94,102
"3898",2866,1,5577,1,95,99,103
"3899",3002,1,8325,1,92,94,100
"3900",3206,1,9099,1,97,98,103
"3901",3539,1,9112,1,90,95,101
"3902",3698,1,10821,1,96,97,101
"3903",4130,1,10174,1,97,99,102
"3904",4977,1,5473,1,95,97,102
"3905",5285,1,4146,1,98,99,106
"3906",5714,1,7804,1,94,97,104
"3907",5776,1,9619,1,96,97,101
"3908",6445,1,2667,1,94,95,101
"3909",6611,1,527,1,96,99,104
"3910",6630,1,12896,1,95,96,101
"3911",6634,1,10205,1,96,98,102
"3912",6736,1,9704,1,97,99,103
"3913",6747,1,8008,1,92,96,101
"3914",7170,1,1105,1,95,98,102
"3915",7603,1,3985,1,95,97,102
"3916",7742,1,6112,1,98,99,105
"3917",7998,1,1105,1,95,96,101
"3918",8097,1,5143,1,96,98,104
"3919",8259,1,5024,1,97,98,104
"3920",8358,1,11877,1,95,97,103
"3921",8567,1,7725,1,96,98,104
"3922",8798,1,8521,1,96,97,103
"3923",8901,1,621,1,97,99,106
"3924",9313,1,5984,1,95,97,103
"3925",9418,1,7907,1,91,96,100
"3926",9654,1,9969,1,95,96,101
"3927",9744,1,13296,1,94,96,100
"3928",9841,1,10622,1,95,96,101
"3929",10174,1,5720,1,94,96,102
"3930",10630,1,1406,1,94,95,100
"3931",11201,1,3953,1,90,92,100
"3932",12174,1,8795,1,93,95,100
"3933",12609,1,11117,1,97,98,104
"3934",12757,1,8798,1,98,99,105
"3935",13006,1,11577,1,98,99,103
"3936",266,1,4913,1,98,100,106
"3937",512,1,12174,1,97,98,103
"3938",541,1,749,1,96,99,105
"3939",630,1,9704,1,98,100,104
"3940",797,1,7804,1,94,97,104
"3941",1430,1,2203,1,99,100,107
"3942",1571,1,749,1,96,100,105
"3943",1679,1,875,1,93,96,101
"3944",1803,1,9070,1,97,98,102
"3945",1986,1,8275,1,96,98,102
"3946",1995,1,10103,1,98,100,105
"3947",2890,1,12507,1,93,96,102
"3948",3008,1,4382,1,96,97,101
"3949",3280,1,527,1,98,99,104
"3950",3376,1,1696,1,94,95,101
"3951",3555,1,7241,1,96,97,103
"3952",3584,1,8392,1,97,99,104
"3953",3783,1,11075,1,93,98,103
"3954",3922,1,7520,1,97,98,103
"3955",3999,1,2972,1,97,100,103
"3956",4146,1,11767,1,94,97,102
"3957",4398,1,8651,1,96,98,103
"3958",4437,1,9612,1,91,94,101
"3959",4612,1,12538,1,95,98,104
"3960",4704,1,8451,1,96,99,104
"3961",4798,1,11054,1,97,99,106
"3962",4829,1,9560,1,99,100,105
"3963",4854,1,11730,1,95,96,101
"3964",4856,1,12210,1,97,100,107
"3965",5122,1,4207,1,95,97,103
"3966",5143,1,11730,1,94,95,102
"3967",5225,1,3587,1,94,96,102
"3968",5320,1,5681,1,96,98,104
"3969",5363,1,10622,1,95,97,102
"3970",5477,1,10959,1,95,96,101
"3971",5806,1,1580,1,98,99,104
"3972",5827,1,9654,1,96,100,105
"3973",6289,1,4954,1,95,97,104
"3974",6449,1,12756,1,98,100,104
"3975",6513,1,12428,1,99,100,106
"3976",6590,1,6136,1,95,97,104
"3977",6591,1,11691,1,95,99,104
"3978",8392,1,13320,1,93,94,101
"3979",8457,1,4700,1,97,99,105
"3980",8479,1,9099,1,96,98,103
"3981",8752,1,12896,1,95,98,104
"3982",9225,1,8847,1,94,96,101
"3983",9254,1,2076,1,98,100,107
"3984",9349,1,5720,1,95,98,102
"3985",9560,1,1784,1,95,98,102
"3986",9991,1,5143,1,97,99,106
"3987",10010,1,9841,1,98,100,106
"3988",10830,1,9978,1,95,96,101
"3989",11084,1,64,1,94,97,103
"3990",11158,1,2351,1,92,94,101
"3991",11352,1,13093,1,96,98,104
"3992",12007,1,11434,1,93,96,101
"3993",12671,1,4413,1,96,99,105
"3994",12751,1,539,1,93,95,101
"3995",12781,1,3690,1,93,95,102
"3996",12967,1,12873,1,97,99,102
"3997",13078,1,10016,1,95,97,102
"3998",13146,1,4700,1,97,100,104
"3999",364,1,10466,1,97,101,106
"4000",642,1,11793,1,98,100,106
"4001",824,1,3065,1,97,99,105
"4002",884,1,11203,1,94,97,102
"4003",1099,1,4189,1,96,98,105
"4004",1207,1,6684,1,98,101,106
"4005",1250,1,512,1,98,99,106
"4006",1296,1,2795,1,97,99,104
"4007",1313,1,5368,1,98,99,105
"4008",1373,1,10669,1,95,97,103
"4009",1672,1,3198,1,99,100,103
"4010",1841,1,6684,1,97,98,104
"4011",2516,1,2058,1,99,100,104
"4012",2828,1,1522,1,96,99,104
"4013",2968,1,4692,1,97,99,103
"4014",3029,1,13137,1,98,99,104
"4015",3660,1,5292,1,97,99,106
"4016",3844,1,8969,1,97,99,108
"4017",3907,1,12781,1,97,98,103
"4018",4256,1,4413,1,94,97,102
"4019",4637,1,11723,1,93,96,102
"4020",4681,1,408,1,99,101,105
"4021",4700,1,3690,1,94,96,102
"4022",5292,1,11989,1,96,97,102
"4023",5368,1,9071,1,95,97,103
"4024",5637,1,11266,1,96,98,105
"4025",5677,1,6445,1,97,99,105
"4026",5798,1,1120,1,97,98,104
"4027",6168,1,9704,1,97,98,103
"4028",6322,1,8098,1,99,101,108
"4029",6357,1,2478,1,95,97,103
"4030",6488,1,5690,1,99,101,105
"4031",6527,1,242,1,97,100,105
"4032",6916,1,5681,1,97,98,105
"4033",6937,1,12723,1,96,100,105
"4034",7153,1,7520,1,97,101,106
"4035",7277,1,1823,1,98,100,106
"4036",7359,1,1733,1,96,98,102
"4037",7361,1,4854,1,97,98,105
"4038",7409,1,4256,1,99,101,106
"4039",7678,1,4692,1,99,101,106
"4040",7704,1,5690,1,96,99,105
"4041",8128,1,3316,1,99,101,105
"4042",8200,1,9349,1,99,100,106
"4043",8468,1,2007,1,96,97,104
"4044",8763,1,3002,1,96,99,105
"4045",8892,1,2890,1,99,101,105
"4046",8950,1,5779,1,93,95,102
"4047",8961,1,9418,1,99,101,107
"4048",9325,1,8358,1,99,101,106
"4049",9417,1,4637,1,97,100,108
"4050",9704,1,2263,1,94,96,102
"4051",9760,1,1082,1,96,97,103
"4052",9901,1,3376,1,97,98,102
"4053",9983,1,2668,1,95,97,103
"4054",10062,1,2545,1,94,96,103
"4055",10087,1,5807,1,97,100,105
"4056",10284,1,5714,1,98,101,107
"4057",10441,1,2179,1,95,97,102
"4058",10881,1,2263,1,94,97,103
"4059",10967,1,6377,1,95,97,102
"4060",11034,1,5690,1,98,99,105
"4061",11226,1,6287,1,95,98,102
"4062",11271,1,12864,1,98,101,106
"4063",11319,1,12751,1,97,100,105
"4064",11698,1,8900,1,97,98,104
"4065",11947,1,10920,1,98,99,104
"4066",12159,1,7725,1,98,99,104
"4067",12701,1,10103,1,98,101,105
"4068",12910,1,5274,1,99,101,106
"4069",13233,1,13078,1,99,100,105
"4070",21,1,13299,1,98,100,106
"4071",108,1,6590,1,98,99,103
"4072",268,1,3783,1,99,101,105
"4073",389,1,1226,1,99,101,106
"4074",408,1,12739,1,97,99,105
"4075",635,1,9983,1,99,100,104
"4076",779,1,8763,1,100,101,106
"4077",1111,1,11227,1,95,98,103
"4078",1335,1,809,1,96,98,103
"4079",1673,1,2667,1,94,98,104
"4080",1942,1,5292,1,98,99,104
"4081",2037,1,11075,1,96,99,105
"4082",2058,1,5972,1,97,99,104
"4083",2119,1,4798,1,101,102,107
"4084",2198,1,9099,1,96,99,105
"4085",2754,1,4612,1,99,101,107
"4086",3000,1,9991,1,100,102,106
"4087",3200,1,9936,1,99,101,106
"4088",3364,1,5637,1,100,102,107
"4089",3379,1,10174,1,96,97,104
"4090",3387,1,8479,1,100,102,106
"4091",3667,1,5714,1,99,101,106
"4092",3757,1,4506,1,101,102,107
"4093",4122,1,2972,1,96,100,107
"4094",4537,1,1250,1,100,102,107
"4095",4602,1,3379,1,98,100,105
"4096",4772,1,5431,1,101,102,108
"4097",5533,1,4612,1,99,101,107
"4098",5678,1,1823,1,99,101,106
"4099",5918,1,301,1,98,99,105
"4100",6112,1,7590,1,96,97,104
"4101",6280,1,7998,1,100,102,108
"4102",6688,1,1640,1,98,99,103
"4103",6927,1,2068,1,95,98,104
"4104",6932,1,5972,1,96,99,104
"4105",7073,1,5274,1,97,99,104
"4106",7195,1,9841,1,98,99,104
"4107",7293,1,7359,1,100,102,107
"4108",7606,1,8097,1,99,100,106
"4109",7794,1,6541,1,94,96,103
"4110",8613,1,12174,1,95,99,104
"4111",8900,1,4053,1,95,97,103
"4112",8921,1,11698,1,99,100,104
"4113",9046,1,4333,1,95,99,103
"4114",9714,1,3316,1,98,99,105
"4115",9860,1,10275,1,101,102,108
"4116",10023,1,4692,1,100,101,107
"4117",10197,1,4612,1,100,102,107
"4118",10360,1,9560,1,99,101,106
"4119",11290,1,12428,1,96,98,104
"4120",11311,1,1908,1,98,99,105
"4121",11350,1,5368,1,98,100,105
"4122",11642,1,11352,1,98,100,105
"4123",12345,1,3666,1,101,102,107
"4124",12428,1,11918,1,94,96,103
"4125",13336,1,3555,1,99,101,107
"4126",13346,1,11158,1,98,99,104
"4127",37,1,12671,1,100,102,106
"4128",232,1,5013,1,102,103,108
"4129",1075,1,5292,1,99,101,109
"4130",1325,1,9501,1,99,101,108
"4131",1395,1,5827,1,102,103,109
"4132",1635,1,7361,1,99,100,104
"4133",1936,1,1099,1,98,100,107
"4134",2087,1,7915,1,98,101,105
"4135",2187,1,301,1,99,100,105
"4136",2210,1,2589,1,98,101,104
"4137",2908,1,9907,1,95,98,104
"4138",3316,1,3426,1,95,97,104
"4139",3903,1,1134,1,96,99,106
"4140",4694,1,5570,1,96,99,104
"4141",4881,1,3922,1,100,101,108
"4142",5031,1,9991,1,100,102,107
"4143",5144,1,5368,1,98,100,104
"4144",5178,1,12896,1,97,99,104
"4145",5180,1,9418,1,97,100,105
"4146",5415,1,635,1,102,103,107
"4147",5431,1,13137,1,99,100,105
"4148",5821,1,4692,1,98,100,106
"4149",5896,1,12345,1,102,103,110
"4150",6328,1,13093,1,99,101,107
"4151",6782,1,3376,1,98,100,105
"4152",6845,1,635,1,101,103,108
"4153",7322,1,2179,1,95,98,104
"4154",7442,1,12230,1,101,103,109
"4155",8361,1,5274,1,100,103,107
"4156",8709,1,2866,1,100,101,105
"4157",8874,1,6927,1,99,101,106
"4158",8960,1,9991,1,101,103,108
"4159",9121,1,4977,1,100,103,109
"4160",9302,1,11226,1,99,100,105
"4161",9413,1,1571,1,102,103,109
"4162",9512,1,2516,1,100,102,107
"4163",9639,1,4122,1,102,103,109
"4164",9787,1,5122,1,99,101,104
"4165",10275,1,13346,1,100,101,107
"4166",10420,1,8598,1,99,101,105
"4167",10424,1,7359,1,98,99,105
"4168",10551,1,4256,1,99,101,106
"4169",10689,1,1155,1,100,101,107
"4170",11297,1,12756,1,98,102,107
"4171",11406,1,8921,1,101,103,108
"4172",11527,1,13052,1,100,102,107
"4173",11793,1,1080,1,97,98,104
"4174",11927,1,7606,1,101,103,108
"4175",12229,1,6449,1,101,103,108
"4176",12309,1,1192,1,95,97,104
"4177",12372,1,2198,1,99,100,106
"4178",12466,1,8752,1,100,103,107
"4179",12638,1,10881,1,98,101,106
"4180",12773,1,8950,1,97,99,105
"4181",12864,1,13296,1,95,97,104
"4182",12920,1,10360,1,102,103,109
"4183",13108,1,5285,1,100,103,107
"4184",133,1,4704,1,100,102,109
"4185",267,1,3379,1,101,103,107
"4186",1168,1,7361,1,99,102,108
"4187",1615,1,174,1,99,101,105
"4188",2566,1,2516,1,101,103,107
"4189",2786,1,11713,1,100,102,107
"4190",2824,1,6634,1,99,101,107
"4191",3258,1,5714,1,99,104,110
"4192",3275,1,12781,1,98,102,106
"4193",3441,1,3426,1,95,98,105
"4194",3651,1,3042,1,99,101,105
"4195",3666,1,9560,1,98,100,105
"4196",3767,1,5292,1,98,101,105
"4197",3984,1,1942,1,101,103,107
"4198",4312,1,5285,1,100,102,108
"4199",4391,1,1155,1,100,102,108
"4200",4506,1,3008,1,99,100,108
"4201",4508,1,5013,1,103,104,111
"4202",5088,1,3376,1,98,100,106
"4203",5129,1,7704,1,100,102,109
"4204",5756,1,5807,1,99,100,105
"4205",6041,1,8468,1,99,102,108
"4206",6355,1,9760,1,98,100,105
"4207",6409,1,3260,1,97,99,105
"4208",6745,1,1258,1,102,103,108
"4209",7082,1,4203,1,96,100,106
"4210",7128,1,8098,1,101,103,107
"4211",7190,1,1803,1,101,103,109
"4212",7197,1,5690,1,98,100,107
"4213",7225,1,8874,1,102,104,109
"4214",7244,1,1635,1,101,102,108
"4215",7401,1,5088,1,101,102,106
"4216",7498,1,9760,1,100,102,108
"4217",7763,1,1803,1,99,102,106
"4218",7868,1,3698,1,98,99,105
"4219",7914,1,4122,1,101,102,108
"4220",8098,1,3898,1,97,99,105
"4221",8260,1,8798,1,98,100,105
"4222",8274,1,13146,1,102,103,108
"4223",8363,1,6953,1,100,102,108
"4224",8556,1,10959,1,95,98,105
"4225",8710,1,9713,1,101,103,108
"4226",8810,1,6098,1,97,99,106
"4227",9064,1,5180,1,102,103,107
"4228",9172,1,2076,1,99,100,105
"4229",9176,1,6513,1,103,104,108
"4230",9779,1,8969,1,98,101,107
"4231",10149,1,8892,1,102,104,109
"4232",10277,1,9417,1,102,104,109
"4233",10349,1,5225,1,97,99,105
"4234",10573,1,9225,1,98,103,108
"4235",10646,1,1660,1,98,101,106
"4236",10723,1,5503,1,98,100,108
"4237",11335,1,5776,1,99,100,105
"4238",11337,1,4692,1,97,100,105
"4239",11496,1,10010,1,101,102,107
"4240",11600,1,1638,1,99,101,107
"4241",11687,1,5821,1,101,102,109
"4242",11706,1,9886,1,99,102,106
"4243",11713,1,5690,1,98,99,105
"4244",12283,1,1384,1,98,101,106
"4245",12531,1,7093,1,102,103,110
"4246",12574,1,4537,1,103,104,107
"4247",12677,1,5178,1,101,104,109
"4248",12804,1,2016,1,99,100,107
"4249",12942,1,1803,1,99,101,106
"4250",13117,1,1615,1,102,104,109
"4251",13124,1,9349,1,100,102,107
"4252",13230,1,6953,1,98,100,106
"4253",260,1,10830,1,99,102,107
"4254",456,1,3379,1,97,100,106
"4255",492,1,7958,1,101,102,108
"4256",778,1,2968,1,100,102,107
"4257",1258,1,8097,1,100,101,109
"4258",1372,1,541,1,100,102,108
"4259",1412,1,10470,1,99,102,106
"4260",1475,1,3782,1,99,102,107
"4261",1649,1,3844,1,100,101,106
"4262",2301,1,2198,1,100,102,106
"4263",2360,1,12609,1,100,102,109
"4264",2961,1,8361,1,103,105,111
"4265",3173,1,901,1,102,103,108
"4266",3405,1,9858,1,101,103,108
"4267",3573,1,4506,1,100,102,109
"4268",3736,1,12864,1,98,100,106
"4269",3787,1,6168,1,100,101,109
"4270",4401,1,2566,1,104,105,109
"4271",4422,1,12210,1,97,103,106
"4272",4833,1,13052,1,100,101,107
"4273",4974,1,12007,1,97,99,106
"4274",5066,1,3573,1,103,104,109
"4275",5705,1,133,1,103,104,108
"4276",5926,1,266,1,104,105,111
"4277",5963,1,7195,1,101,105,110
"4278",6247,1,11034,1,100,101,107
"4279",6536,1,7221,1,98,100,107
"4280",6620,1,11268,1,103,104,108
"4281",6949,1,5178,1,100,102,107
"4282",7093,1,9313,1,99,101,109
"4283",7146,1,6449,1,102,103,109
"4284",7582,1,4391,1,103,104,110
"4285",7609,1,1132,1,101,104,110
"4286",7822,1,5144,1,102,105,112
"4287",7958,1,11691,1,95,100,106
"4288",7995,1,2535,1,98,100,106
"4289",8035,1,3280,1,100,101,107
"4290",8082,1,7606,1,101,105,110
"4291",8273,1,914,1,97,101,109
"4292",8598,1,4189,1,97,98,106
"4293",8718,1,255,1,99,101,106
"4294",9211,1,8810,1,101,103,108
"4295",9462,1,1258,1,102,104,110
"4296",9583,1,642,1,100,102,107
"4297",9713,1,1803,1,99,101,106
"4298",9858,1,9555,1,96,100,107
"4299",9937,1,1830,1,103,105,111
"4300",10905,1,6591,1,100,102,107
"4301",11445,1,2566,1,103,105,111
"4302",11718,1,3999,1,101,103,110
"4303",12230,1,6811,1,95,99,106
"4304",12348,1,512,1,99,101,106
"4305",12467,1,3660,1,102,104,111
"4306",12676,1,1155,1,100,102,106
"4307",12821,1,824,1,102,104,108
"4308",12951,1,11706,1,102,104,111
"4309",13052,1,12428,1,97,99,106
"4310",13159,1,12756,1,99,101,106
"4311",50,1,4867,1,105,106,113
"4312",643,1,10723,1,101,103,107
"4313",725,1,11959,1,101,104,110
"4314",1316,1,6041,1,103,104,111
"4315",1448,1,13336,1,103,104,110
"4316",1605,1,10360,1,101,102,108
"4317",1830,1,824,1,100,102,107
"4318",2021,1,7742,1,101,103,107
"4319",2045,1,1395,1,104,106,110
"4320",2547,1,11684,1,101,102,107
"4321",2922,1,1475,1,103,105,111
"4322",3063,1,11600,1,102,104,109
"4323",3237,1,7221,1,99,101,107
"4324",3754,1,11268,1,104,106,111
"4325",3816,1,9462,1,105,106,110
"4326",3997,1,5678,1,102,103,109
"4327",5013,1,824,1,100,102,110
"4328",5175,1,7244,1,104,106,111
"4329",5194,1,1672,1,100,103,108
"4330",5204,1,11706,1,103,104,109
"4331",5259,1,1908,1,99,101,108
"4332",5263,1,12609,1,101,105,110
"4333",5303,1,13124,1,103,104,108
"4334",5848,1,9943,1,99,101,107
"4335",6500,1,4974,1,100,102,107
"4336",6586,1,12531,1,103,106,111
"4337",6837,1,13346,1,100,102,108
"4338",7148,1,1571,1,103,105,110
"4339",7384,1,8258,1,104,106,110
"4340",7430,1,1635,1,101,102,108
"4341",7905,1,6620,1,104,106,113
"4342",7963,1,7995,1,102,104,108
"4343",8319,1,8874,1,102,104,108
"4344",8349,1,12942,1,102,104,110
"4345",8667,1,8892,1,102,103,107
"4346",8829,1,1475,1,103,106,110
"4347",9279,1,8961,1,103,105,110
"4348",9523,1,9302,1,101,102,108
"4349",9806,1,6449,1,101,103,107
"4350",10098,1,4681,1,103,105,110
"4351",10605,1,6168,1,100,103,107
"4352",10849,1,3660,1,102,105,111
"4353",10960,1,6322,1,103,105,109
"4354",11106,1,3237,1,104,106,113
"4355",11788,1,4602,1,102,106,110
"4356",12087,1,11527,1,103,106,111
"4357",12220,1,13146,1,102,104,109
"4358",12497,1,8128,1,102,103,109
"4359",12657,1,6845,1,105,106,113
"4360",12909,1,10360,1,103,105,110
"4361",13030,1,3008,1,98,102,110
"4362",13095,1,9787,1,102,103,108
"4363",13309,1,5431,1,102,105,111
"4364",116,1,7430,1,104,106,111
"4365",510,1,8128,1,102,104,109
"4366",529,1,10275,1,103,106,110
"4367",634,1,5144,1,102,103,110
"4368",951,1,7582,1,105,106,111
"4369",1003,1,11297,1,103,104,109
"4370",1158,1,9983,1,99,103,108
"4371",1450,1,5848,1,104,106,111
"4372",2649,1,10605,1,105,107,112
"4373",3170,1,8082,1,105,106,112
"4374",3259,1,9279,1,106,107,113
"4375",3350,1,12531,1,105,106,111
"4376",3592,1,4391,1,103,105,109
"4377",4008,1,6168,1,100,101,108
"4378",4732,1,8874,1,103,105,110
"4379",4867,1,9417,1,102,104,110
"4380",4885,1,12757,1,100,102,108
"4381",5109,1,6745,1,104,106,111
"4382",5330,1,7293,1,104,106,110
"4383",5786,1,4856,1,102,104,109
"4384",5812,1,9991,1,101,102,108
"4385",5941,1,2786,1,103,104,111
"4386",6110,1,364,1,102,107,113
"4387",6137,1,8952,1,103,106,112
"4388",6450,1,5204,1,105,107,112
"4389",6540,1,1475,1,104,105,109
"4390",6595,1,2210,1,103,105,110
"4391",6705,1,7146,1,105,106,113
"4392",6851,1,10450,1,106,107,113
"4393",6992,1,1475,1,104,106,111
"4394",7157,1,11706,1,103,105,110
"4395",8023,1,1258,1,102,106,112
"4396",8076,1,3667,1,103,105,109
"4397",8258,1,4602,1,102,104,109
"4398",8424,1,4974,1,99,100,108
"4399",8534,1,1316,1,105,107,113
"4400",8876,1,9713,1,103,105,110
"4401",8952,1,21,1,101,102,108
"4402",9642,1,9417,1,102,104,109
"4403",9701,1,7093,1,103,107,114
"4404",10162,1,3405,1,104,107,110
"4405",10450,1,10360,1,102,104,110
"4406",10854,1,6513,1,101,103,108
"4407",11391,1,5129,1,103,104,109
"4408",11876,1,1316,1,105,106,111
"4409",11959,1,2007,1,95,100,108
"4410",12006,1,5088,1,104,106,111
"4411",12064,1,9715,1,106,107,112
"4412",12612,1,13233,1,102,104,110
"4413",12957,1,1635,1,101,103,109
"4414",13376,1,1672,1,101,102,108
"4415",360,1,7067,1,104,105,109
"4416",2311,1,10573,1,104,105,110
"4417",2852,1,7128,1,105,107,112
"4418",3027,1,8200,1,103,105,114
"4419",3134,1,6163,1,103,104,110
"4420",3329,1,8319,1,105,106,112
"4421",3845,1,8098,1,100,105,111
"4422",3858,1,1905,1,103,104,110
"4423",3908,1,7914,1,103,104,109
"4424",4349,1,10098,1,107,108,115
"4425",4363,1,6159,1,107,108,112
"4426",4623,1,4881,1,102,103,109
"4427",4728,1,5896,1,105,107,112
"4428",4904,1,12283,1,104,106,111
"4429",6163,1,9172,1,101,102,110
"4430",6193,1,2087,1,101,104,109
"4431",6471,1,360,1,106,107,112
"4432",7042,1,951,1,106,107,112
"4433",7553,1,12574,1,105,106,110
"4434",7627,1,9279,1,106,107,111
"4435",7975,1,2311,1,106,107,111
"4436",8202,1,8274,1,104,105,111
"4437",8364,1,9715,1,107,108,112
"4438",9248,1,13051,1,105,107,112
"4439",9573,1,10284,1,103,107,112
"4440",9750,1,7225,1,105,106,111
"4441",10042,1,9130,1,107,108,112
"4442",10082,1,5848,1,102,107,111
"4443",10099,1,7678,1,103,105,110
"4444",11025,1,4772,1,103,105,109
"4445",11268,1,4122,1,102,103,109
"4446",11360,1,9806,1,104,106,110
"4447",11401,1,6745,1,104,106,112
"4448",11410,1,6745,1,104,106,111
"4449",11483,1,21,1,101,103,110
"4450",11517,1,8319,1,105,107,113
"4451",11561,1,3548,1,106,107,111
"4452",11590,1,8349,1,105,107,113
"4453",11875,1,7609,1,105,106,110
"4454",11899,1,8960,1,103,104,110
"4455",12321,1,108,1,100,102,109
"4456",12553,1,1158,1,104,105,113
"4457",12645,1,9211,1,104,106,112
"4458",13051,1,4833,1,103,104,111
"4459",1129,1,2525,1,108,109,114
"4460",1175,1,3387,1,103,104,110
"4461",1557,1,11527,1,103,106,112
"4462",1669,1,6456,1,107,108,113
"4463",1735,1,7225,1,105,107,114
"4464",2344,1,13146,1,101,104,110
"4465",2991,1,12467,1,105,108,114
"4466",3066,1,4623,1,105,107,113
"4467",3233,1,12609,1,103,106,111
"4468",3439,1,12920,1,103,107,112
"4469",3548,1,5180,1,102,105,110
"4470",4040,1,3592,1,107,108,116
"4471",4337,1,8097,1,101,105,111
"4472",4736,1,7498,1,103,107,115
"4473",4835,1,37,1,103,105,111
"4474",4991,1,9937,1,106,108,113
"4475",5083,1,510,1,105,108,114
"4476",5315,1,11496,1,104,107,114
"4477",5741,1,5388,1,108,109,117
"4478",6067,1,1250,1,101,106,110
"4479",6151,1,12315,1,108,109,117
"4480",6372,1,13051,1,108,109,116
"4481",6456,1,11483,1,104,105,112
"4482",6551,1,725,1,105,108,112
"4483",7067,1,11947,1,101,103,110
"4484",7136,1,6456,1,106,107,113
"4485",8279,1,10595,1,108,109,114
"4486",8399,1,12283,1,105,107,112
"4487",9082,1,1296,1,101,104,110
"4488",9095,1,12957,1,105,107,115
"4489",9352,1,12348,1,102,104,111
"4490",9412,1,1296,1,100,104,110
"4491",9651,1,6449,1,101,103,110
"4492",9738,1,6705,1,108,109,114
"4493",10116,1,3000,1,104,108,113
"4494",10371,1,4612,1,101,102,110
"4495",10445,1,13051,1,105,107,110
"4496",10606,1,10099,1,106,108,114
"4497",11658,1,1557,1,107,108,113
"4498",12044,1,779,1,103,106,111
"4499",12057,1,6845,1,104,106,110
"4500",12205,1,9176,1,105,108,115
"4501",12501,1,5183,1,106,108,113
"4502",12744,1,8202,1,106,108,113
"4503",12892,1,10023,1,102,105,110
"4504",13273,1,2852,1,108,109,113
"4505",641,1,8361,1,104,105,113
"4506",832,1,11496,1,104,106,112
"4507",878,1,11337,1,103,105,111
"4508",1068,1,12892,1,106,107,113
"4509",1280,1,12677,1,105,108,113
"4510",1561,1,5926,1,106,108,113
"4511",1617,1,7401,1,104,106,112
"4512",1835,1,1905,1,106,108,113
"4513",1905,1,5821,1,102,103,111
"4514",1968,1,4337,1,106,107,112
"4515",2015,1,9412,1,105,107,114
"4516",2832,1,6705,1,107,109,116
"4517",2966,1,11406,1,104,107,111
"4518",3015,1,3405,1,105,110,115
"4519",3191,1,3027,1,108,109,116
"4520",3381,1,3134,1,106,109,114
"4521",3460,1,5259,1,102,105,112
"4522",3932,1,9583,1,104,107,111
"4523",4225,1,634,1,105,106,112
"4524",4319,1,5756,1,101,106,111
"4525",5161,1,12220,1,105,107,113
"4526",5183,1,12910,1,102,105,112
"4527",5673,1,9600,1,107,109,113
"4528",5954,1,10573,1,104,108,114
"4529",6159,1,9064,1,104,105,111
"4530",6478,1,11899,1,105,106,111
"4531",6744,1,1158,1,103,105,111
"4532",7658,1,10277,1,107,109,114
"4533",8016,1,7658,1,109,110,116
"4534",8238,1,1175,1,105,107,112
"4535",9088,1,10562,1,108,110,114
"4536",9150,1,8273,1,102,106,113
"4537",9578,1,10491,1,108,109,113
"4538",9600,1,6744,1,106,107,112
"4539",9715,1,6513,1,103,105,112
"4540",9904,1,10197,1,104,107,113
"4541",9911,1,5263,1,107,108,115
"4542",9912,1,12229,1,104,106,111
"4543",9923,1,12553,1,105,107,111
"4544",10069,1,1158,1,104,108,111
"4545",10093,1,11319,1,101,106,111
"4546",10428,1,3845,1,106,108,114
"4547",10595,1,5031,1,106,107,112
"4548",10730,1,7678,1,102,106,111
"4549",11037,1,3233,1,107,108,114
"4550",12315,1,9642,1,105,107,112
"4551",304,1,7822,1,106,108,112
"4552",710,1,11788,1,108,110,118
"4553",869,1,12087,1,107,108,116
"4554",1051,1,5711,1,109,111,115
"4555",1451,1,1280,1,108,110,115
"4556",2265,1,3027,1,107,109,114
"4557",2515,1,11106,1,107,108,114
"4558",2525,1,7128,1,104,107,113
"4559",3003,1,9176,1,105,109,114
"4560",3347,1,6620,1,107,111,118
"4561",3535,1,5786,1,107,108,113
"4562",4650,1,2966,1,109,110,116
"4563",4659,1,2301,1,105,109,115
"4564",5264,1,13051,1,106,108,116
"4565",5711,1,9642,1,105,108,114
"4566",5987,1,6137,1,107,109,115
"4567",6209,1,10605,1,105,107,112
"4568",6716,1,9806,1,104,107,114
"4569",7126,1,4904,1,108,109,114
"4570",7194,1,12920,1,106,108,113
"4571",7299,1,3535,1,109,110,115
"4572",7323,1,360,1,106,107,113
"4573",7664,1,3439,1,108,110,115
"4574",8073,1,7442,1,105,107,112
"4575",8508,1,2311,1,107,109,113
"4576",8862,1,3329,1,108,109,115
"4577",8891,1,832,1,108,111,115
"4578",9130,1,6500,1,104,106,112
"4579",9202,1,4225,1,107,111,118
"4580",9667,1,9937,1,106,108,112
"4581",9868,1,5013,1,104,107,113
"4582",10491,1,12321,1,104,106,112
"4583",10562,1,12220,1,105,107,114
"4584",10735,1,7067,1,103,107,114
"4585",11008,1,13095,1,105,108,113
"4586",11471,1,2344,1,107,108,116
"4587",11533,1,10162,1,108,110,115
"4588",11766,1,9904,1,108,110,115
"4589",12100,1,1557,1,108,111,115
"4590",12725,1,6586,1,107,110,115
"4591",12797,1,10445,1,109,110,116
"4592",12916,1,2961,1,106,109,112
"4593",13001,1,12553,1,107,109,113
"4594",13014,1,492,1,103,105,112
"4595",18,1,6716,1,108,111,117
"4596",478,1,10116,1,109,111,116
"4597",589,1,11561,1,110,112,117
"4598",1526,1,3845,1,106,108,113
"4599",1528,1,10093,1,108,112,117
"4600",1779,1,899,1,111,112,118
"4601",1865,1,18,1,111,112,119
"4602",2479,1,6280,1,103,106,116
"4603",2540,1,1450,1,110,111,118
"4604",2923,1,9806,1,104,106,114
"4605",4055,1,3003,1,110,111,117
"4606",4937,1,12057,1,108,112,118
"4607",5216,1,11766,1,111,112,116
"4608",5255,1,6716,1,107,108,113
"4609",5350,1,1617,1,107,110,113
"4610",5357,1,2525,1,109,110,114
"4611",5388,1,8082,1,106,107,113
"4612",5489,1,4040,1,109,112,119
"4613",5638,1,5388,1,109,111,116
"4614",5650,1,3932,1,110,111,118
"4615",6046,1,9577,1,110,111,114
"4616",6229,1,6159,1,108,110,114
"4617",6371,1,12467,1,106,107,113
"4618",6750,1,10277,1,106,108,114
"4619",7018,1,7905,1,108,110,115
"4620",7023,1,11471,1,110,112,118
"4621",7813,1,8508,1,110,111,115
"4622",8114,1,12553,1,108,110,116
"4623",8139,1,3063,1,106,108,114
"4624",8310,1,4363,1,109,110,117
"4625",8328,1,267,1,104,108,115
"4626",8527,1,10595,1,109,110,115
"4627",8831,1,12892,1,106,107,113
"4628",8930,1,4659,1,109,110,116
"4629",9280,1,13001,1,109,110,116
"4630",9577,1,6478,1,107,109,114
"4631",9603,1,2961,1,107,109,114
"4632",9695,1,8274,1,103,107,113
"4633",10295,1,6992,1,108,109,116
"4634",11101,1,6110,1,111,112,117
"4635",11135,1,304,1,109,110,116
"4636",11566,1,3754,1,108,110,114
"4637",11677,1,2433,1,110,112,117
"4638",11726,1,8829,1,109,111,119
"4639",11890,1,5711,1,110,111,115
"4640",12090,1,11268,1,105,110,115
"4641",12271,1,6067,1,108,111,118
"4642",12579,1,5,1,111,112,117
"4643",13087,1,12920,1,105,108,114
"4644",5,1,10606,1,110,111,118
"4645",762,1,2966,1,107,110,116
"4646",785,1,9150,1,107,108,115
"4647",891,1,7126,1,110,111,116
"4648",899,1,3754,1,108,110,115
"4649",929,1,5255,1,109,110,115
"4650",964,1,6750,1,110,113,118
"4651",2308,1,4055,1,111,113,119
"4652",2581,1,11037,1,110,111,117
"4653",2757,1,9701,1,108,110,116
"4654",2895,1,11517,1,108,111,119
"4655",3339,1,3381,1,110,112,117
"4656",3471,1,5315,1,109,111,116
"4657",3565,1,9265,1,111,113,120
"4658",3815,1,11876,1,107,108,114
"4659",4370,1,8399,1,111,113,118
"4660",4403,1,899,1,111,113,118
"4661",4746,1,9150,1,107,109,115
"4662",7254,1,11445,1,107,109,114
"4663",7335,1,10730,1,109,110,114
"4664",8680,1,6620,1,106,108,115
"4665",9265,1,5963,1,107,110,116
"4666",9517,1,8279,1,110,111,115
"4667",9764,1,3915,1,111,113,118
"4668",9873,1,3063,1,107,108,116
"4669",10122,1,7384,1,109,112,117
"4670",10366,1,5388,1,108,109,114
"4671",10683,1,4363,1,108,109,114
"4672",10727,1,10735,1,108,112,118
"4673",10756,1,2144,1,110,112,120
"4674",11725,1,6450,1,110,112,118
"4675",12395,1,3815,1,111,112,118
"4676",12606,1,1968,1,109,112,116
"4677",12669,1,878,1,106,107,114
"4678",13356,1,11566,1,111,113,118
"4679",1113,1,6586,1,109,112,116
"4680",1510,1,12797,1,110,113,119
"4681",2144,1,4835,1,107,109,115
"4682",2161,1,710,1,110,111,117
"4683",2459,1,8202,1,106,108,116
"4684",3696,1,12271,1,113,114,121
"4685",3915,1,3439,1,108,110,115
"4686",4691,1,5388,1,109,111,118
"4687",5080,1,762,1,112,113,118
"4688",5448,1,899,1,112,113,118
"4689",5617,1,4991,1,109,110,115
"4690",5966,1,1451,1,111,112,117
"4691",6177,1,9577,1,110,112,117
"4692",6179,1,11274,1,113,114,119
"4693",7202,1,785,1,109,111,115
"4694",7435,1,7323,1,109,111,117
"4695",7747,1,2581,1,112,113,118
"4696",7933,1,7323,1,108,110,115
"4697",7969,1,2702,1,112,113,122
"4698",8811,1,1450,1,109,111,117
"4699",9206,1,12797,1,112,114,118
"4700",9386,1,2832,1,111,113,117
"4701",10845,1,8829,1,107,111,117
"4702",11151,1,3535,1,110,111,117
"4703",12116,1,9095,1,109,112,119
"4704",12795,1,3259,1,109,111,116
"4705",13000,1,5388,1,108,111,116
"4706",13157,1,11037,1,110,112,116
"4707",166,1,5357,1,112,114,119
"4708",676,1,1865,1,113,115,119
"4709",1091,1,1835,1,112,113,121
"4710",1386,1,11590,1,110,113,117
"4711",1527,1,9912,1,108,109,116
"4712",1597,1,9600,1,109,111,116
"4713",1773,1,7126,1,110,113,118
"4714",2080,1,2832,1,110,113,118
"4715",2176,1,4861,1,112,113,119
"4716",2295,1,12802,1,110,113,119
"4717",2433,1,12057,1,107,109,116
"4718",2493,1,7813,1,112,114,119
"4719",2835,1,8364,1,108,111,118
"4720",2843,1,9280,1,111,113,118
"4721",2872,1,1735,1,109,111,116
"4722",3257,1,1669,1,110,111,116
"4723",3283,1,6372,1,110,114,120
"4724",3694,1,5638,1,114,115,122
"4725",4789,1,7933,1,110,112,118
"4726",4861,1,10606,1,109,111,117
"4727",5043,1,2433,1,110,112,117
"4728",5718,1,10082,1,109,111,116
"4729",5990,1,12725,1,113,115,123
"4730",6298,1,6716,1,109,112,117
"4731",7181,1,116,1,108,111,116
"4732",7393,1,9738,1,110,111,117
"4733",7640,1,7553,1,109,111,117
"4734",7730,1,8428,1,114,115,121
"4735",8289,1,7553,1,109,112,119
"4736",9818,1,7393,1,112,113,118
"4737",10324,1,11908,1,114,115,120
"4738",11274,1,7658,1,110,112,117
"4739",11908,1,10366,1,112,113,120
"4740",12046,1,10727,1,114,115,120
"4741",12165,1,2144,1,114,115,120
"4742",12458,1,7126,1,111,112,116
"4743",12747,1,2757,1,111,114,119
"4744",12802,1,12657,1,107,109,116
"4745",12830,1,11590,1,109,111,117
"4746",12878,1,4659,1,111,112,117
"4747",12888,1,2144,1,110,113,117
"4748",431,1,3381,1,111,113,119
"4749",938,1,8862,1,110,111,117
"4750",956,1,1835,1,111,113,119
"4751",1279,1,2540,1,112,115,120
"4752",1979,1,8832,1,115,116,122
"4753",2635,1,6750,1,109,112,118
"4754",2653,1,304,1,109,113,118
"4755",2702,1,11106,1,108,111,117
"4756",3753,1,8905,1,114,115,121
"4757",4098,1,3191,1,110,112,120
"4758",4148,1,2433,1,109,111,118
"4759",5020,1,6298,1,113,115,120
"4760",5466,1,3257,1,112,115,123
"4761",5471,1,1510,1,114,116,121
"4762",5942,1,8905,1,113,114,120
"4763",6746,1,9577,1,110,113,118
"4764",8356,1,2415,1,114,116,122
"4765",8833,1,710,1,112,113,118
"4766",10141,1,11235,1,115,116,123
"4767",10181,1,10727,1,113,116,121
"4768",10279,1,2144,1,110,112,120
"4769",10907,1,7933,1,113,114,119
"4770",11235,1,4691,1,113,114,120
"4771",11761,1,4650,1,113,114,121
"4772",137,1,7969,1,114,116,122
"4773",967,1,5489,1,113,116,123
"4774",2415,1,7299,1,111,113,120
"4775",2427,1,5718,1,115,117,122
"4776",3190,1,8818,1,114,115,120
"4777",3331,1,9150,1,109,111,118
"4778",3332,1,12449,1,114,115,119
"4779",4072,1,5673,1,112,114,119
"4780",4210,1,7254,1,110,112,118
"4781",4392,1,5711,1,109,114,121
"4782",5141,1,6721,1,114,116,121
"4783",5219,1,11878,1,114,117,125
"4784",6056,1,12579,1,114,116,122
"4785",6330,1,4370,1,115,117,123
"4786",6690,1,9818,1,114,116,123
"4787",6721,1,6151,1,111,113,118
"4788",6864,1,1051,1,113,115,121
"4789",7165,1,2843,1,114,116,121
"4790",7376,1,929,1,111,114,119
"4791",7489,1,2415,1,114,116,122
"4792",7790,1,6716,1,110,112,118
"4793",8133,1,710,1,115,117,122
"4794",8223,1,8001,1,114,116,120
"4795",8428,1,785,1,111,113,118
"4796",8905,1,11151,1,111,112,119
"4797",9031,1,10295,1,111,113,121
"4798",9060,1,6682,1,116,117,121
"4799",11191,1,8905,1,114,116,121
"4800",11424,1,956,1,114,115,121
"4801",11539,1,4861,1,112,115,121
"4802",11615,1,5718,1,112,115,120
"4803",11878,1,6151,1,112,113,120
"4804",12449,1,10295,1,111,113,118
"4805",1903,1,6832,1,115,116,122
"4806",2153,1,5019,1,116,118,123
"4807",2584,1,8016,1,114,115,120
"4808",2917,1,9764,1,116,118,123
"4809",3554,1,10727,1,114,118,122
"4810",3618,1,4148,1,112,114,122
"4811",3638,1,11761,1,115,117,122
"4812",3665,1,1167,1,116,118,125
"4813",3878,1,5216,1,114,115,122
"4814",3919,1,10314,1,116,118,123
"4815",4182,1,11101,1,115,118,124
"4816",4544,1,166,1,115,116,120
"4817",4892,1,5019,1,116,117,122
"4818",5019,1,5718,1,112,114,121
"4819",5643,1,18,1,112,113,119
"4820",5757,1,9031,1,114,115,121
"4821",6001,1,12802,1,110,113,120
"4822",6601,1,4370,1,114,117,121
"4823",6682,1,10122,1,113,115,120
"4824",6832,1,7664,1,111,113,120
"4825",7316,1,12878,1,113,116,120
"4826",7387,1,8289,1,114,115,119
"4827",7909,1,8832,1,115,116,121
"4828",8001,1,9577,1,111,113,119
"4829",8050,1,6832,1,114,116,123
"4830",8311,1,938,1,112,115,123
"4831",8818,1,2144,1,112,114,119
"4832",8832,1,1669,1,110,114,119
"4833",9072,1,1113,1,113,114,120
"4834",9209,1,7387,1,116,118,123
"4835",9706,1,2493,1,115,117,123
"4836",10299,1,7165,1,117,118,123
"4837",10314,1,1528,1,114,115,121
"4838",12041,1,12606,1,113,115,122
"4839",12419,1,10324,1,116,118,124
"4840",12496,1,6229,1,111,113,120
"4841",12665,1,11235,1,116,118,122
"4842",12949,1,11761,1,116,118,123
"4843",13264,1,10735,1,110,112,119
"4844",113,1,8833,1,115,116,122
"4845",128,1,7316,1,118,119,124
"4846",1167,1,12747,1,114,116,121
"4847",2052,1,12046,1,116,118,126
"4848",2831,1,9280,1,113,115,121
"4849",4409,1,929,1,112,116,120
"4850",4930,1,10907,1,116,119,124
"4851",5016,1,8311,1,116,118,123
"4852",6331,1,11285,1,116,118,124
"4853",6476,1,4544,1,116,118,123
"4854",8276,1,3471,1,114,115,120
"4855",8340,1,4403,1,114,115,121
"4856",9078,1,4746,1,112,115,120
"4857",9212,1,4659,1,111,113,120
"4858",10625,1,7202,1,113,115,121
"4859",10736,1,1386,1,115,118,122
"4860",11417,1,10727,1,114,116,122
"4861",11665,1,7376,1,115,119,125
"4862",12827,1,6056,1,118,119,125
"4863",12908,1,10279,1,113,115,122
"4864",483,1,3696,1,114,116,121
"4865",872,1,676,1,116,117,123
"4866",1027,1,1285,1,116,118,122
"4867",1061,1,1051,1,113,115,121
"4868",1220,1,12908,1,116,118,123
"4869",1247,1,8428,1,115,116,124
"4870",1285,1,3283,1,115,116,121
"4871",1628,1,8832,1,115,117,121
"4872",1643,1,964,1,114,119,124
"4873",3492,1,12797,1,111,115,122
"4874",4827,1,1386,1,114,116,121
"4875",4933,1,8050,1,118,120,125
"4876",6237,1,1773,1,114,115,121
"4877",7439,1,11235,1,116,119,124
"4878",7579,1,6905,1,119,120,126
"4879",8315,1,12878,1,115,119,123
"4880",8909,1,1628,1,118,119,124
"4881",9286,1,6905,1,119,120,126
"4882",9546,1,12046,1,116,120,126
"4883",10311,1,10625,1,117,118,124
"4884",11261,1,5942,1,115,117,122
"4885",12286,1,10907,1,116,117,121
"4886",12592,1,18,1,112,116,121
"4887",122,1,13086,1,119,120,125
"4888",163,1,166,1,116,118,125
"4889",180,1,13000,1,114,118,124
"4890",387,1,3919,1,119,121,126
"4891",1127,1,483,1,117,119,124
"4892",1521,1,1167,1,118,121,127
"4893",2619,1,5466,1,117,118,122
"4894",3217,1,8356,1,117,118,124
"4895",3325,1,11761,1,117,120,125
"4896",3571,1,6179,1,115,116,122
"4897",4118,1,483,1,117,118,122
"4898",4395,1,6387,1,120,121,126
"4899",4458,1,11261,1,119,121,126
"4900",4669,1,10141,1,117,118,122
"4901",4783,1,128,1,120,121,126
"4902",4859,1,7387,1,118,119,126
"4903",5049,1,2757,1,113,115,122
"4904",6387,1,3283,1,115,117,122
"4905",6777,1,4072,1,116,118,123
"4906",6905,1,9031,1,115,118,122
"4907",7034,1,9374,1,119,121,129
"4908",8612,1,3638,1,120,121,127
"4909",9263,1,11261,1,118,121,127
"4910",9580,1,11261,1,119,120,123
"4911",10567,1,3332,1,117,119,124
"4912",11027,1,8905,1,114,116,122
"4913",11186,1,12592,1,117,119,126
"4914",11285,1,12395,1,113,115,122
"4915",12015,1,6905,1,120,121,126
"4916",12732,1,3571,1,118,121,126
"4917",12895,1,4409,1,119,121,125
"4918",12911,1,7909,1,117,119,123
"4919",12944,1,9706,1,118,120,126
"4920",13086,1,4370,1,116,117,122
"4921",204,1,6905,1,120,122,127
"4922",1049,1,5413,1,120,122,126
"4923",1820,1,1773,1,116,120,125
"4924",2250,1,1127,1,120,121,125
"4925",3513,1,9072,1,117,119,123
"4926",3680,1,1510,1,114,117,123
"4927",4064,1,9209,1,120,121,126
"4928",5413,1,10141,1,117,119,123
"4929",6399,1,11115,1,121,122,129
"4930",6664,1,12827,1,120,121,126
"4931",7119,1,5942,1,115,117,123
"4932",7632,1,4892,1,117,120,126
"4933",9102,1,9212,1,114,118,123
"4934",9550,1,4930,1,120,122,129
"4935",9558,1,6212,1,119,121,125
"4936",10241,1,3332,1,117,118,124
"4937",10532,1,6330,1,118,119,126
"4938",10554,1,4409,1,117,119,123
"4939",10671,1,8133,1,120,121,127
"4940",11001,1,5141,1,117,119,123
"4941",11309,1,3891,1,121,122,125
"4942",11398,1,9706,1,118,120,125
"4943",13074,1,9060,1,119,121,127
"4944",13372,1,11285,1,116,119,124
"4945",39,1,2427,1,118,119,124
"4946",104,1,2755,1,122,123,128
"4947",386,1,5990,1,115,119,126
"4948",1171,1,7316,1,117,119,124
"4949",1456,1,7119,1,118,119,126
"4950",2136,1,10311,1,120,122,128
"4951",2142,1,4544,1,118,120,125
"4952",2218,1,6476,1,119,121,126
"4953",2436,1,3554,1,120,121,126
"4954",2512,1,6682,1,118,119,125
"4955",2773,1,10589,1,119,120,126
"4956",3808,1,6682,1,119,122,128
"4957",3891,1,12165,1,118,119,125
"4958",4846,1,5466,1,116,119,124
"4959",6382,1,13086,1,118,120,124
"4960",6506,1,12419,1,119,120,126
"4961",7693,1,10567,1,121,123,127
"4962",7936,1,6506,1,121,123,128
"4963",9374,1,10141,1,117,118,124
"4964",10589,1,1386,1,115,118,126
"4965",10982,1,2052,1,119,121,126
"4966",11115,1,4118,1,119,120,124
"4967",12740,1,11398,1,121,122,126
"4968",12748,1,3665,1,119,121,126
"4969",2578,1,872,1,119,122,128
"4970",2755,1,8133,1,118,121,126
"4971",2884,1,7674,1,122,124,131
"4972",3981,1,5016,1,119,121,125
"4973",4038,1,2176,1,116,119,128
"4974",4267,1,7165,1,117,120,125
"4975",5462,1,7272,1,122,124,129
"4976",6156,1,7909,1,117,121,129
"4977",6170,1,4892,1,119,121,128
"4978",6212,1,4392,1,116,118,126
"4979",6339,1,872,1,119,122,127
"4980",7272,1,137,1,119,120,125
"4981",8126,1,8311,1,116,118,125
"4982",10363,1,13372,1,120,123,127
"4983",10540,1,12911,1,121,122,127
"4984",11741,1,5990,1,118,120,125
"4985",13190,1,5019,1,117,120,125
"4986",175,1,13086,1,119,121,127
"4987",449,1,1247,1,122,123,128
"4988",947,1,4267,1,122,123,127
"4989",1087,1,6506,1,122,125,132
"4990",1264,1,7376,1,117,120,126
"4991",3152,1,4182,1,120,121,126
"4992",3488,1,11741,1,120,122,127
"4993",3730,1,2142,1,121,123,128
"4994",5715,1,6506,1,122,124,129
"4995",6408,1,122,1,123,125,132
"4996",7674,1,11285,1,117,120,127
"4997",7830,1,12827,1,121,123,128
"4998",8013,1,11115,1,121,123,127
"4999",8760,1,3665,1,119,122,130
"5000",9344,1,5413,1,120,123,130
"5001",9984,1,8909,1,119,120,126
"5002",11388,1,4827,1,119,121,127
"5003",12926,1,5019,1,119,121,126
"5004",13138,1,175,1,123,124,129
"5005",579,1,11741,1,121,123,128
"5006",1582,1,9558,1,123,126,131
"5007",2128,1,12740,1,123,126,132
"5008",2164,1,967,1,118,120,127
"5009",2599,1,4933,1,122,124,128
"5010",3334,1,7830,1,123,126,132
"5011",3874,1,7674,1,121,123,128
"5012",4060,1,6905,1,119,121,127
"5013",4309,1,3874,1,125,126,130
"5014",4384,1,4267,1,121,123,129
"5015",4428,1,13196,1,124,126,132
"5016",6539,1,386,1,120,122,127
"5017",6679,1,3554,1,121,123,128
"5018",7183,1,8863,1,122,126,130
"5019",7746,1,2578,1,123,125,132
"5020",8863,1,5219,1,119,122,128
"5021",9261,1,12740,1,123,125,131
"5022",10638,1,9558,1,123,126,129
"5023",11066,1,11309,1,123,125,131
"5024",11190,1,9550,1,124,126,130
"5025",11800,1,11115,1,121,123,127
"5026",12917,1,9984,1,121,124,129
"5027",134,1,7674,1,123,125,132
"5028",915,1,4458,1,122,124,129
"5029",1328,1,9244,1,126,127,132
"5030",2953,1,2884,1,125,126,133
"5031",3032,1,7119,1,121,124,129
"5032",3856,1,915,1,126,127,133
"5033",4121,1,387,1,122,124,129
"5034",5133,1,6382,1,123,124,131
"5035",6410,1,12665,1,120,123,128
"5036",8669,1,8315,1,122,125,131
"5037",8841,1,12732,1,122,126,134
"5038",8994,1,12944,1,122,123,128
"5039",9834,1,12732,1,122,123,128
"5040",10739,1,7439,1,121,123,128
"5041",11834,1,2917,1,120,123,128
"5042",11901,1,12895,1,122,124,129
"5043",13196,1,8315,1,121,122,128
"5044",468,1,12895,1,123,125,131
"5045",2211,1,1049,1,124,126,133
"5046",2520,1,8669,1,127,128,133
"5047",3533,1,579,1,124,125,131
"5048",4727,1,4933,1,121,123,129
"5049",5268,1,7402,1,125,126,131
"5050",6052,1,10199,1,126,128,132
"5051",6181,1,915,1,126,128,134
"5052",7402,1,7579,1,122,123,129
"5053",8443,1,1264,1,122,125,129
"5054",9244,1,12944,1,122,124,129
"5055",9999,1,1087,1,126,127,133
"5056",10199,1,1521,1,123,125,131
"5057",11914,1,6339,1,124,126,131
"5058",12088,1,11834,1,125,127,133
"5059",12437,1,10857,1,125,126,131
"5060",13315,1,11115,1,121,122,130
"5061",600,1,122,1,121,123,130
"5062",795,1,2578,1,124,129,133
"5063",1265,1,6399,1,122,124,131
"5064",1902,1,2136,1,124,129,134
"5065",1980,1,11901,1,126,129,134
"5066",4863,1,6539,1,123,124,130
"5067",5254,1,5462,1,126,128,133
"5068",8348,1,5133,1,125,127,132
"5069",8560,1,7693,1,126,128,136
"5070",12421,1,12917,1,124,126,133
"5071",12536,1,9244,1,125,126,130
"5072",12921,1,11914,1,126,127,133
"5073",13282,1,4727,1,126,127,131
"5074",13312,1,3032,1,127,128,133
"5075",80,1,7693,1,126,127,131
"5076",3057,1,13218,1,127,128,133
"5077",3626,1,5462,1,126,129,135
"5078",6196,1,9244,1,125,127,131
"5079",6490,1,6679,1,124,129,135
"5080",10857,1,3808,1,123,125,132
"5081",13080,1,13196,1,123,126,131
"5082",13218,1,9550,1,124,126,131
"5083",1004,1,10199,1,128,130,138
"5084",2839,1,4933,1,123,126,132
"5085",3351,1,8841,1,128,131,136
"5086",5782,1,9999,1,128,131,135
"5087",7748,1,579,1,125,129,135
"5088",7964,1,6196,1,128,130,136
"5089",9746,1,12045,1,128,130,135
"5090",11461,1,2839,1,128,130,136
"5091",11910,1,3730,1,124,128,132
"5092",12869,1,1004,1,130,131,137
"5093",13115,1,7936,1,124,126,132
"5094",13220,1,5133,1,126,128,133
"5095",1321,1,1328,1,129,131,138
"5096",1351,1,807,1,130,132,139
"5097",3806,1,13220,1,129,130,135
"5098",5641,1,11800,1,126,128,134
"5099",6053,1,10199,1,128,129,135
"5100",6740,1,13220,1,129,130,135
"5101",7265,1,6181,1,129,130,133
"5102",10793,1,9999,1,129,132,136
"5103",11846,1,9999,1,128,129,135
"5104",12417,1,13312,1,129,131,137
"5105",13010,1,807,1,129,131,135
"5106",13216,1,11914,1,127,130,135
"5107",807,1,4309,1,127,128,134
"5108",3580,1,8841,1,127,128,134
"5109",4272,1,11910,1,129,132,138
"5110",4479,1,795,1,131,133,138
"5111",5927,1,13010,1,132,133,137
"5112",6078,1,6490,1,130,133,137
"5113",6804,1,8982,1,131,133,137
"5114",8063,1,3533,1,130,131,136
"5115",8313,1,12088,1,130,132,137
"5116",8450,1,8936,1,130,132,137
"5117",8936,1,12536,1,127,129,134
"5118",9664,1,6196,1,128,130,137
"5119",11180,1,7265,1,130,133,138
"5120",11195,1,6490,1,130,132,139
"5121",11559,1,795,1,130,133,137
"5122",11599,1,171,1,131,133,138
"5123",12045,1,947,1,125,127,134
"5124",12170,1,6399,1,125,129,135
"5125",171,1,11190,1,127,129,136
"5126",181,1,2520,1,130,132,137
"5127",1702,1,8450,1,132,134,139
"5128",2216,1,5505,1,133,134,140
"5129",3457,1,181,1,132,134,138
"5130",3792,1,1321,1,132,134,140
"5131",3843,1,12421,1,127,129,135
"5132",4285,1,795,1,132,133,137
"5133",5505,1,3626,1,130,131,137
"5134",6719,1,6740,1,131,133,138
"5135",7155,1,8348,1,128,130,135
"5136",8355,1,805,1,132,133,138
"5137",8542,1,10638,1,128,130,135
"5138",8717,1,7183,1,127,129,135
"5139",11088,1,1328,1,131,133,138
"5140",12304,1,12045,1,130,131,136
"5141",429,1,8450,1,133,134,139
"5142",805,1,807,1,129,131,137
"5143",1500,1,12045,1,129,131,137
"5144",5437,1,3351,1,132,133,138
"5145",7465,1,5782,1,132,133,137
"5146",7946,1,12869,1,132,133,137
"5147",8336,1,13312,1,129,131,137
"5148",8982,1,6196,1,129,130,136
"5149",9375,1,8542,1,133,134,141
"5150",10561,1,3843,1,131,133,139
"5151",11717,1,4272,1,133,135,142
"5152",12790,1,3351,1,133,135,140
"5153",1993,1,5641,1,129,133,139
"5154",2614,1,6719,1,135,136,141
"5155",3540,1,8560,1,130,134,138
"5156",5580,1,3806,1,131,133,139
"5157",10454,1,11559,1,133,134,139
"5158",2842,1,11910,1,129,132,138
"5159",3099,1,11195,1,134,136,141
"5160",5834,1,4272,1,134,137,142
"5161",9726,1,8348,1,130,133,138
"5162",10624,1,1351,1,134,136,142
"5163",801,1,1702,1,134,137,141
"5164",3389,1,11559,1,135,136,142
"5165",4237,1,2771,1,136,138,143
"5166",4849,1,181,1,135,137,141
"5167",8607,1,3242,1,137,138,142
"5168",8725,1,1321,1,133,135,139
"5169",9175,1,3351,1,132,134,139
"5170",2696,1,11717,1,136,139,145
"5171",3242,1,1993,1,134,136,142
"5172",3520,1,4272,1,132,136,140
"5173",4075,1,9746,1,131,133,141
"5174",5410,1,429,1,134,137,140
"5175",5902,1,2614,1,136,138,144
"5176",6915,1,1004,1,132,133,141
"5177",9180,1,10793,1,133,135,140
"5178",9618,1,181,1,133,135,141
"5179",10362,1,2771,1,136,137,142
"5180",10433,1,3242,1,137,139,143
"5181",2771,1,8336,1,133,135,141
"5182",6166,1,1702,1,135,137,143
"5183",7005,1,11180,1,135,137,141
"5184",9482,1,8313,1,132,134,142
"5185",9698,1,9618,1,138,139,144
"5186",9731,1,11717,1,136,138,145
"5187",10512,1,12790,1,136,138,143
"5188",12043,1,11088,1,133,137,143
"5189",2256,1,3520,1,137,138,143
"5190",2507,1,10624,1,137,138,142
"5191",2799,1,195,1,139,140,144
"5192",5240,1,3242,1,137,139,144
"5193",5950,1,3540,1,135,137,142
"5194",8006,1,10433,1,140,141,147
"5195",10981,1,11717,1,138,140,145
"5196",11153,1,429,1,137,139,143
"5197",11490,1,6490,1,133,136,142
"5198",12552,1,5927,1,136,137,144
"5199",13248,1,5950,1,139,140,148
"5200",195,1,3457,1,135,138,144
"5201",2592,1,10512,1,139,141,147
"5202",250,1,5902,1,140,142,147
"5203",992,1,4237,1,140,142,146
"5204",3870,1,5410,1,139,142,150
"5205",4472,1,3242,1,138,142,147
"5206",5825,1,3416,1,142,143,147
"5207",7546,1,13248,1,141,143,148
"5208",7728,1,11153,1,140,142,148
"5209",8326,1,3540,1,135,140,145
"5210",8750,1,11153,1,140,142,147
"5211",9930,1,5437,1,134,137,144
"5212",2772,1,10624,1,137,140,145
"5213",3416,1,2799,1,141,142,147
"5214",4366,1,10433,1,141,142,147
"5215",9208,1,2696,1,141,142,147
"5216",293,1,13377,1,142,143,149
"5217",892,1,9698,1,140,141,148
"5218",1339,1,5902,1,139,142,148
"5219",2374,1,5902,1,139,143,149
"5220",2951,1,10981,1,142,144,148
"5221",7646,1,9180,1,138,142,147
"5222",7942,1,9731,1,139,140,146
"5223",9216,1,10512,1,139,142,148
"5224",9275,1,250,1,143,145,150
"5225",10133,1,892,1,143,145,151
"5226",10240,1,4237,1,139,143,147
"5227",11051,1,9618,1,137,139,146
"5228",13229,1,9180,1,138,140,147
"5229",13377,1,4237,1,139,141,147
"5230",877,1,10981,1,141,143,149
"5231",6045,1,8006,1,143,145,151
"5232",6943,1,7646,1,143,146,151
"5233",3123,1,3870,1,143,145,150
"5234",3695,1,10981,1,141,142,148
"5235",9850,1,8006,1,143,146,151
"5236",10973,1,992,1,144,146,149
"5237",11553,1,7546,1,145,146,151
"5238",12413,1,2696,1,141,142,149
"5239",12666,1,2592,1,143,145,149
"5240",337,1,8006,1,142,145,150
"5241",5030,1,13377,1,142,144,150
"5242",7134,1,5825,1,145,147,152
"5243",8143,1,5030,1,146,147,151
"5244",2166,1,5825,1,145,146,152
"5245",4034,1,2951,1,146,148,154
"5246",4948,1,2951,1,145,147,154
"5247",5869,1,250,1,143,147,151
"5248",7955,1,12666,1,146,149,154
"5249",9461,1,3870,1,145,147,154
"5250",11610,1,10133,1,146,147,153
"5251",12557,1,13248,1,143,145,150
"5252",215,1,2951,1,145,146,151
"5253",1273,1,3994,1,147,148,154
"5254",2946,1,2951,1,145,147,152
"5255",5796,1,3695,1,143,147,153
"5256",8768,1,10133,1,147,148,152
"5257",10515,1,7546,1,145,147,152
"5258",12771,1,250,1,143,146,152
"5259",365,1,5030,1,145,149,155
"5260",2717,1,11553,1,147,150,156
"5261",4045,1,250,1,144,149,156
"5262",7324,1,5825,1,145,147,153
"5263",8372,1,892,1,143,147,153
"5264",8732,1,8372,1,148,149,153
"5265",9048,1,1273,1,148,151,157
"5266",12881,1,215,1,147,149,153
"5267",448,1,2951,1,146,149,153
"5268",1954,1,12666,1,146,148,153
"5269",3994,1,2951,1,145,147,154
"5270",6715,1,12557,1,147,148,153
"5271",8329,1,6884,1,150,152,158
"5272",8609,1,877,1,145,148,153
"5273",11816,1,9275,1,146,150,156
"5274",782,1,10240,1,145,147,154
"5275",1263,1,9275,1,146,149,154
"5276",3807,1,365,1,150,152,156
"5277",6325,1,12881,1,151,152,159
"5278",6884,1,10133,1,146,148,154
"5279",9522,1,7955,1,150,153,158
"5280",126,1,7955,1,151,153,157
"5281",1724,1,6715,1,150,154,160
"5282",2945,1,5796,1,148,150,158
"5283",3090,1,5030,1,147,150,156
"5284",5072,1,6045,1,147,150,156
"5285",7702,1,2945,1,152,153,157
"5286",10019,1,8609,1,149,151,156
"5287",11324,1,2945,1,151,154,160
"5288",13271,1,6884,1,150,151,155
"5289",538,1,448,1,152,153,160
"5290",572,1,2166,1,150,152,159
"5291",993,1,7955,1,150,152,156
"5292",7931,1,538,1,154,155,162
"5293",9587,1,448,1,151,155,159
"5294",2956,1,12153,1,154,156,160
"5295",8051,1,11816,1,152,155,160
"5296",12153,1,12881,1,150,153,157
"5297",1928,1,13271,1,152,155,160
"5298",3526,1,11816,1,153,154,159
"5299",6592,1,1954,1,149,150,158
"5300",7564,1,7931,1,156,157,163
"5301",11202,1,1724,1,156,157,166
"5302",5747,1,9522,1,154,155,160
"5303",7522,1,13292,1,157,158,163
"5304",10965,1,9048,1,153,155,159
"5305",11740,1,4218,1,156,158,164
"5306",13308,1,10965,1,156,157,162
"5307",38,1,7931,1,157,159,164
"5308",4047,1,9048,1,154,157,162
"5309",10911,1,5747,1,157,158,164
"5310",13292,1,11816,1,152,156,161
"5311",691,1,12153,1,154,157,163
"5312",1016,1,7564,1,158,159,164
"5313",3012,1,126,1,154,158,163
"5314",3828,1,4218,1,155,157,161
"5315",4218,1,6592,1,151,154,161
"5316",4887,1,1724,1,156,158,163
"5317",9156,1,7702,1,155,158,163
"5318",10067,1,7702,1,153,156,162
"5319",12089,1,13292,1,157,160,166
"5320",12109,1,13292,1,156,158,165
"5321",1575,1,11324,1,155,157,163
"5322",2996,1,572,1,157,158,163
"5323",4701,1,11202,1,158,159,165
"5324",10955,1,11202,1,159,161,166
"5325",12195,1,2956,1,157,160,166
"5326",9796,1,10911,1,159,161,166
"5327",3516,1,12089,1,161,163,168
"5328",11127,1,12195,1,161,162,168
"5329",12595,1,12109,1,160,162,166
"5330",4895,1,12109,1,159,161,168
"5331",7466,1,9796,1,162,164,171
"5332",203,1,4887,1,160,162,167
"5333",5379,1,4712,1,164,165,173
"5334",10408,1,2956,1,159,162,166
"5335",3176,1,4895,1,162,165,170
"5336",4222,1,1016,1,160,162,168
"5337",4712,1,10955,1,161,164,169
"5338",5893,1,12195,1,162,165,170
"5339",3474,1,9796,1,162,164,168
"5340",10148,1,4895,1,162,164,169
"5341",11798,1,38,1,159,163,170
"5342",7733,1,3176,1,166,168,173
"5343",7764,1,10955,1,162,165,172
"5344",7954,1,203,1,162,164,169
"5345",2557,1,7466,1,167,169,176
"5346",4346,1,11798,1,164,166,171
"5347",6127,1,3176,1,165,166,170
"5348",9766,1,9796,1,162,164,170
"5349",3546,1,11798,1,164,166,172
"5350",9226,1,4346,1,167,168,172
"5351",13064,1,12595,1,164,166,172
"5352",2429,1,5893,1,165,168,175
"5353",5482,1,2322,1,169,170,175
"5354",10365,1,3176,1,167,168,174
"5355",9748,1,6127,1,169,170,174
"5356",2322,1,3176,1,166,169,176
"5357",7600,1,2557,1,170,172,178
"5358",13349,1,6127,1,168,172,176
"5359",2109,1,10365,1,171,173,177
"5360",9241,1,9748,1,172,175,179
"5361",6057,1,7733,1,171,174,180
"5362",11886,1,7600,1,173,177,183
"5363",1284,1,11886,1,178,179,185
"5364",4051,1,9790,1,176,178,182
"5365",6653,1,6057,1,175,177,184
"5366",11680,1,11886,1,179,181,186
"5367",9790,1,2109,1,174,176,183
