"","name","group","host","ref_strain","collection_time","sample_number"
"1","01_7175_0000_01",1,7175,"ref_strain",0,1
"2","01_11245_0001_01",1,11245,"ref_strain",1,1
"3","01_6057_0002_01",1,6057,"ref_strain",2,1
"4","01_7592_0003_01",1,7592,"ref_strain",3,1
"5","01_12982_0003_01",1,12982,"ref_strain",3,1
"6","01_13537_0003_01",1,13537,"ref_strain",3,1
"7","01_7572_0004_01",1,7572,"ref_strain",4,1
"8","01_1095_0005_01",1,1095,"ref_strain",5,1
"9","01_3793_0005_01",1,3793,"ref_strain",5,1
"10","01_10353_0005_01",1,10353,"ref_strain",5,1
"11","01_6177_0006_01",1,6177,"ref_strain",6,1
"12","01_3314_0007_01",1,3314,"ref_strain",7,1
"13","01_2466_0009_01",1,2466,"ref_strain",9,1
"14","01_8909_0009_01",1,8909,"ref_strain",9,1
"15","01_13042_0009_01",1,13042,"ref_strain",9,1
"16","01_3637_0011_01",1,3637,"ref_strain",11,1
"17","01_0709_0012_01",1,709,"ref_strain",12,1
"18","01_5488_0012_01",1,5488,"ref_strain",12,1
"19","01_0978_0014_01",1,978,"ref_strain",14,1
"20","01_1354_0015_01",1,1354,"ref_strain",15,1
"21","01_6295_0015_01",1,6295,"ref_strain",15,1
"22","01_6586_0015_01",1,6586,"ref_strain",15,1
"23","01_9331_0015_01",1,9331,"ref_strain",15,1
"24","01_9154_0016_01",1,9154,"ref_strain",16,1
"25","01_10839_0016_01",1,10839,"ref_strain",16,1
"26","01_3133_0019_01",1,3133,"ref_strain",19,1
"27","01_11817_0021_01",1,11817,"ref_strain",21,1
"28","01_5347_0022_01",1,5347,"ref_strain",22,1
"29","01_2953_0023_01",1,2953,"ref_strain",23,1
"30","01_6495_0023_01",1,6495,"ref_strain",23,1
"31","01_8152_0023_01",1,8152,"ref_strain",23,1
"32","01_8230_0023_01",1,8230,"ref_strain",23,1
"33","01_5258_0024_01",1,5258,"ref_strain",24,1
"34","01_12197_0024_01",1,12197,"ref_strain",24,1
"35","01_5157_0025_01",1,5157,"ref_strain",25,1
"36","01_5268_0025_01",1,5268,"ref_strain",25,1
"37","01_10705_0025_01",1,10705,"ref_strain",25,1
"38","01_12259_0025_01",1,12259,"ref_strain",25,1
"39","01_7578_0026_01",1,7578,"ref_strain",26,1
"40","01_8882_0026_01",1,8882,"ref_strain",26,1
"41","01_3212_0027_01",1,3212,"ref_strain",27,1
"42","01_2960_0028_01",1,2960,"ref_strain",28,1
"43","01_8350_0028_01",1,8350,"ref_strain",28,1
"44","01_1188_0029_01",1,1188,"ref_strain",29,1
"45","01_14431_0029_01",1,14431,"ref_strain",29,1
"46","01_0353_0030_01",1,353,"ref_strain",30,1
"47","01_0427_0030_01",1,427,"ref_strain",30,1
"48","01_5973_0030_01",1,5973,"ref_strain",30,1
"49","01_6386_0030_01",1,6386,"ref_strain",30,1
"50","01_12840_0030_01",1,12840,"ref_strain",30,1
"51","01_13686_0030_01",1,13686,"ref_strain",30,1
"52","01_3791_0031_01",1,3791,"ref_strain",31,1
"53","01_8870_0031_01",1,8870,"ref_strain",31,1
"54","01_10993_0031_01",1,10993,"ref_strain",31,1
"55","01_10869_0032_01",1,10869,"ref_strain",32,1
"56","01_5331_0033_01",1,5331,"ref_strain",33,1
"57","01_6250_0033_01",1,6250,"ref_strain",33,1
"58","01_6594_0033_01",1,6594,"ref_strain",33,1
"59","01_7660_0033_01",1,7660,"ref_strain",33,1
"60","01_10464_0033_01",1,10464,"ref_strain",33,1
"61","01_12571_0033_01",1,12571,"ref_strain",33,1
"62","01_13048_0033_01",1,13048,"ref_strain",33,1
"63","01_7452_0034_01",1,7452,"ref_strain",34,1
"64","01_9023_0034_01",1,9023,"ref_strain",34,1
"65","01_10728_0034_01",1,10728,"ref_strain",34,1
"66","01_12327_0034_01",1,12327,"ref_strain",34,1
"67","01_14230_0034_01",1,14230,"ref_strain",34,1
"68","01_14298_0034_01",1,14298,"ref_strain",34,1
"69","01_6419_0035_01",1,6419,"ref_strain",35,1
"70","01_9548_0035_01",1,9548,"ref_strain",35,1
"71","01_10260_0035_01",1,10260,"ref_strain",35,1
"72","01_11858_0035_01",1,11858,"ref_strain",35,1
"73","01_5434_0036_01",1,5434,"ref_strain",36,1
"74","01_5596_0036_01",1,5596,"ref_strain",36,1
"75","01_5771_0037_01",1,5771,"ref_strain",37,1
"76","01_13639_0037_01",1,13639,"ref_strain",37,1
"77","01_1491_0038_01",1,1491,"ref_strain",38,1
"78","01_4897_0038_01",1,4897,"ref_strain",38,1
"79","01_7528_0038_01",1,7528,"ref_strain",38,1
"80","01_0889_0039_01",1,889,"ref_strain",39,1
"81","01_3655_0039_01",1,3655,"ref_strain",39,1
"82","01_4282_0039_01",1,4282,"ref_strain",39,1
"83","01_5218_0040_01",1,5218,"ref_strain",40,1
"84","01_14362_0040_01",1,14362,"ref_strain",40,1
"85","01_0184_0041_01",1,184,"ref_strain",41,1
"86","01_3767_0041_01",1,3767,"ref_strain",41,1
"87","01_5172_0041_01",1,5172,"ref_strain",41,1
"88","01_7053_0041_01",1,7053,"ref_strain",41,1
"89","01_8322_0041_01",1,8322,"ref_strain",41,1
"90","01_12190_0041_01",1,12190,"ref_strain",41,1
"91","01_2098_0042_01",1,2098,"ref_strain",42,1
"92","01_2335_0042_01",1,2335,"ref_strain",42,1
"93","01_2604_0042_01",1,2604,"ref_strain",42,1
"94","01_5640_0042_01",1,5640,"ref_strain",42,1
"95","01_5792_0042_01",1,5792,"ref_strain",42,1
"96","01_9158_0042_01",1,9158,"ref_strain",42,1
"97","01_14160_0042_01",1,14160,"ref_strain",42,1
"98","01_2535_0043_01",1,2535,"ref_strain",43,1
"99","01_5350_0043_01",1,5350,"ref_strain",43,1
"100","01_8961_0043_01",1,8961,"ref_strain",43,1
"101","01_9312_0043_01",1,9312,"ref_strain",43,1
"102","01_9650_0043_01",1,9650,"ref_strain",43,1
"103","01_11904_0043_01",1,11904,"ref_strain",43,1
"104","01_0387_0044_01",1,387,"ref_strain",44,1
"105","01_5957_0044_01",1,5957,"ref_strain",44,1
"106","01_6779_0044_01",1,6779,"ref_strain",44,1
"107","01_7005_0044_01",1,7005,"ref_strain",44,1
"108","01_7102_0044_01",1,7102,"ref_strain",44,1
"109","01_11542_0044_01",1,11542,"ref_strain",44,1
"110","01_12182_0044_01",1,12182,"ref_strain",44,1
"111","01_12745_0044_01",1,12745,"ref_strain",44,1
"112","01_0021_0045_01",1,21,"ref_strain",45,1
"113","01_2110_0045_01",1,2110,"ref_strain",45,1
"114","01_3295_0045_01",1,3295,"ref_strain",45,1
"115","01_6766_0045_01",1,6766,"ref_strain",45,1
"116","01_7183_0045_01",1,7183,"ref_strain",45,1
"117","01_7240_0045_01",1,7240,"ref_strain",45,1
"118","01_7900_0045_01",1,7900,"ref_strain",45,1
"119","01_8607_0045_01",1,8607,"ref_strain",45,1
"120","01_8878_0045_01",1,8878,"ref_strain",45,1
"121","01_11408_0045_01",1,11408,"ref_strain",45,1
"122","01_12106_0045_01",1,12106,"ref_strain",45,1
"123","01_14014_0045_01",1,14014,"ref_strain",45,1
"124","01_0512_0046_01",1,512,"ref_strain",46,1
"125","01_0618_0046_01",1,618,"ref_strain",46,1
"126","01_2264_0046_01",1,2264,"ref_strain",46,1
"127","01_6629_0046_01",1,6629,"ref_strain",46,1
"128","01_8117_0046_01",1,8117,"ref_strain",46,1
"129","01_8166_0046_01",1,8166,"ref_strain",46,1
"130","01_9139_0046_01",1,9139,"ref_strain",46,1
"131","01_9236_0046_01",1,9236,"ref_strain",46,1
"132","01_10230_0046_01",1,10230,"ref_strain",46,1
"133","01_11118_0046_01",1,11118,"ref_strain",46,1
"134","01_11244_0046_01",1,11244,"ref_strain",46,1
"135","01_13300_0046_01",1,13300,"ref_strain",46,1
"136","01_14358_0046_01",1,14358,"ref_strain",46,1
"137","01_0034_0047_01",1,34,"ref_strain",47,1
"138","01_0350_0047_01",1,350,"ref_strain",47,1
"139","01_2327_0047_01",1,2327,"ref_strain",47,1
"140","01_4293_0047_01",1,4293,"ref_strain",47,1
"141","01_5156_0047_01",1,5156,"ref_strain",47,1
"142","01_9572_0047_01",1,9572,"ref_strain",47,1
"143","01_10405_0047_01",1,10405,"ref_strain",47,1
"144","01_12889_0047_01",1,12889,"ref_strain",47,1
"145","01_13292_0047_01",1,13292,"ref_strain",47,1
"146","01_0065_0048_01",1,65,"ref_strain",48,1
"147","01_1795_0048_01",1,1795,"ref_strain",48,1
"148","01_2928_0048_01",1,2928,"ref_strain",48,1
"149","01_3898_0048_01",1,3898,"ref_strain",48,1
"150","01_4624_0048_01",1,4624,"ref_strain",48,1
"151","01_6088_0048_01",1,6088,"ref_strain",48,1
"152","01_6462_0048_01",1,6462,"ref_strain",48,1
"153","01_8212_0048_01",1,8212,"ref_strain",48,1
"154","01_9333_0048_01",1,9333,"ref_strain",48,1
"155","01_9930_0048_01",1,9930,"ref_strain",48,1
"156","01_10753_0048_01",1,10753,"ref_strain",48,1
"157","01_10902_0048_01",1,10902,"ref_strain",48,1
"158","01_11406_0048_01",1,11406,"ref_strain",48,1
"159","01_14254_0048_01",1,14254,"ref_strain",48,1
"160","01_0080_0049_01",1,80,"ref_strain",49,1
"161","01_0660_0049_01",1,660,"ref_strain",49,1
"162","01_1650_0049_01",1,1650,"ref_strain",49,1
"163","01_5803_0049_01",1,5803,"ref_strain",49,1
"164","01_7601_0049_01",1,7601,"ref_strain",49,1
"165","01_7606_0049_01",1,7606,"ref_strain",49,1
"166","01_9419_0049_01",1,9419,"ref_strain",49,1
"167","01_9539_0049_01",1,9539,"ref_strain",49,1
"168","01_13095_0049_01",1,13095,"ref_strain",49,1
"169","01_13234_0049_01",1,13234,"ref_strain",49,1
"170","01_2408_0050_01",1,2408,"ref_strain",50,1
"171","01_12214_0050_01",1,12214,"ref_strain",50,1
"172","01_12823_0050_01",1,12823,"ref_strain",50,1
"173","01_12851_0050_01",1,12851,"ref_strain",50,1
"174","01_0820_0051_01",1,820,"ref_strain",51,1
"175","01_2450_0051_01",1,2450,"ref_strain",51,1
"176","01_2910_0051_01",1,2910,"ref_strain",51,1
"177","01_2973_0051_01",1,2973,"ref_strain",51,1
"178","01_3405_0051_01",1,3405,"ref_strain",51,1
"179","01_4157_0051_01",1,4157,"ref_strain",51,1
"180","01_5759_0051_01",1,5759,"ref_strain",51,1
"181","01_5894_0051_01",1,5894,"ref_strain",51,1
"182","01_6640_0051_01",1,6640,"ref_strain",51,1
"183","01_6923_0051_01",1,6923,"ref_strain",51,1
"184","01_10572_0051_01",1,10572,"ref_strain",51,1
"185","01_11551_0051_01",1,11551,"ref_strain",51,1
"186","01_12727_0051_01",1,12727,"ref_strain",51,1
"187","01_1001_0052_01",1,1001,"ref_strain",52,1
"188","01_5808_0052_01",1,5808,"ref_strain",52,1
"189","01_6461_0052_01",1,6461,"ref_strain",52,1
"190","01_8723_0052_01",1,8723,"ref_strain",52,1
"191","01_10244_0052_01",1,10244,"ref_strain",52,1
"192","01_11241_0052_01",1,11241,"ref_strain",52,1
"193","01_11604_0052_01",1,11604,"ref_strain",52,1
"194","01_11962_0052_01",1,11962,"ref_strain",52,1
"195","01_14035_0052_01",1,14035,"ref_strain",52,1
"196","01_0762_0053_01",1,762,"ref_strain",53,1
"197","01_1939_0053_01",1,1939,"ref_strain",53,1
"198","01_4181_0053_01",1,4181,"ref_strain",53,1
"199","01_4268_0053_01",1,4268,"ref_strain",53,1
"200","01_4423_0053_01",1,4423,"ref_strain",53,1
"201","01_4628_0053_01",1,4628,"ref_strain",53,1
"202","01_5946_0053_01",1,5946,"ref_strain",53,1
"203","01_7283_0053_01",1,7283,"ref_strain",53,1
"204","01_10165_0053_01",1,10165,"ref_strain",53,1
"205","01_10701_0053_01",1,10701,"ref_strain",53,1
"206","01_12332_0053_01",1,12332,"ref_strain",53,1
"207","01_0415_0054_01",1,415,"ref_strain",54,1
"208","01_1698_0054_01",1,1698,"ref_strain",54,1
"209","01_2661_0054_01",1,2661,"ref_strain",54,1
"210","01_3279_0054_01",1,3279,"ref_strain",54,1
"211","01_3483_0054_01",1,3483,"ref_strain",54,1
"212","01_3589_0054_01",1,3589,"ref_strain",54,1
"213","01_6685_0054_01",1,6685,"ref_strain",54,1
"214","01_7047_0054_01",1,7047,"ref_strain",54,1
"215","01_8481_0054_01",1,8481,"ref_strain",54,1
"216","01_12254_0054_01",1,12254,"ref_strain",54,1
"217","01_14069_0054_01",1,14069,"ref_strain",54,1
"218","01_0164_0055_01",1,164,"ref_strain",55,1
"219","01_0661_0055_01",1,661,"ref_strain",55,1
"220","01_1248_0055_01",1,1248,"ref_strain",55,1
"221","01_1688_0055_01",1,1688,"ref_strain",55,1
"222","01_2792_0055_01",1,2792,"ref_strain",55,1
"223","01_3947_0055_01",1,3947,"ref_strain",55,1
"224","01_4222_0055_01",1,4222,"ref_strain",55,1
"225","01_4767_0055_01",1,4767,"ref_strain",55,1
"226","01_5458_0055_01",1,5458,"ref_strain",55,1
"227","01_7191_0055_01",1,7191,"ref_strain",55,1
"228","01_8346_0055_01",1,8346,"ref_strain",55,1
"229","01_9403_0055_01",1,9403,"ref_strain",55,1
"230","01_10081_0055_01",1,10081,"ref_strain",55,1
"231","01_10517_0055_01",1,10517,"ref_strain",55,1
"232","01_0663_0056_01",1,663,"ref_strain",56,1
"233","01_0999_0056_01",1,999,"ref_strain",56,1
"234","01_3183_0056_01",1,3183,"ref_strain",56,1
"235","01_4273_0056_01",1,4273,"ref_strain",56,1
"236","01_4825_0056_01",1,4825,"ref_strain",56,1
"237","01_5491_0056_01",1,5491,"ref_strain",56,1
"238","01_5556_0056_01",1,5556,"ref_strain",56,1
"239","01_6286_0056_01",1,6286,"ref_strain",56,1
"240","01_6498_0056_01",1,6498,"ref_strain",56,1
"241","01_7216_0056_01",1,7216,"ref_strain",56,1
"242","01_8554_0056_01",1,8554,"ref_strain",56,1
"243","01_9091_0056_01",1,9091,"ref_strain",56,1
"244","01_9346_0056_01",1,9346,"ref_strain",56,1
"245","01_11266_0056_01",1,11266,"ref_strain",56,1
"246","01_11887_0056_01",1,11887,"ref_strain",56,1
"247","01_14021_0056_01",1,14021,"ref_strain",56,1
"248","01_0067_0057_01",1,67,"ref_strain",57,1
"249","01_0118_0057_01",1,118,"ref_strain",57,1
"250","01_0688_0057_01",1,688,"ref_strain",57,1
"251","01_1042_0057_01",1,1042,"ref_strain",57,1
"252","01_3453_0057_01",1,3453,"ref_strain",57,1
"253","01_3956_0057_01",1,3956,"ref_strain",57,1
"254","01_5394_0057_01",1,5394,"ref_strain",57,1
"255","01_6044_0057_01",1,6044,"ref_strain",57,1
"256","01_7733_0057_01",1,7733,"ref_strain",57,1
"257","01_8400_0057_01",1,8400,"ref_strain",57,1
"258","01_8467_0057_01",1,8467,"ref_strain",57,1
"259","01_10716_0057_01",1,10716,"ref_strain",57,1
"260","01_12830_0057_01",1,12830,"ref_strain",57,1
"261","01_13832_0057_01",1,13832,"ref_strain",57,1
"262","01_0712_0058_01",1,712,"ref_strain",58,1
"263","01_2278_0058_01",1,2278,"ref_strain",58,1
"264","01_3032_0058_01",1,3032,"ref_strain",58,1
"265","01_3357_0058_01",1,3357,"ref_strain",58,1
"266","01_3496_0058_01",1,3496,"ref_strain",58,1
"267","01_4836_0058_01",1,4836,"ref_strain",58,1
"268","01_5579_0058_01",1,5579,"ref_strain",58,1
"269","01_9392_0058_01",1,9392,"ref_strain",58,1
"270","01_10484_0058_01",1,10484,"ref_strain",58,1
"271","01_12080_0058_01",1,12080,"ref_strain",58,1
"272","01_14433_0058_01",1,14433,"ref_strain",58,1
"273","01_0476_0059_01",1,476,"ref_strain",59,1
"274","01_1080_0059_01",1,1080,"ref_strain",59,1
"275","01_1794_0059_01",1,1794,"ref_strain",59,1
"276","01_3417_0059_01",1,3417,"ref_strain",59,1
"277","01_8452_0059_01",1,8452,"ref_strain",59,1
"278","01_13254_0059_01",1,13254,"ref_strain",59,1
"279","01_14241_0059_01",1,14241,"ref_strain",59,1
"280","01_0814_0060_01",1,814,"ref_strain",60,1
"281","01_1017_0060_01",1,1017,"ref_strain",60,1
"282","01_1144_0060_01",1,1144,"ref_strain",60,1
"283","01_1470_0060_01",1,1470,"ref_strain",60,1
"284","01_1562_0060_01",1,1562,"ref_strain",60,1
"285","01_2100_0060_01",1,2100,"ref_strain",60,1
"286","01_2481_0060_01",1,2481,"ref_strain",60,1
"287","01_3594_0060_01",1,3594,"ref_strain",60,1
"288","01_8312_0060_01",1,8312,"ref_strain",60,1
"289","01_8540_0060_01",1,8540,"ref_strain",60,1
"290","01_8839_0060_01",1,8839,"ref_strain",60,1
"291","01_9916_0060_01",1,9916,"ref_strain",60,1
"292","01_10150_0060_01",1,10150,"ref_strain",60,1
"293","01_11013_0060_01",1,11013,"ref_strain",60,1
"294","01_11908_0060_01",1,11908,"ref_strain",60,1
"295","01_11941_0060_01",1,11941,"ref_strain",60,1
"296","01_12536_0060_01",1,12536,"ref_strain",60,1
"297","01_13198_0060_01",1,13198,"ref_strain",60,1
"298","01_13593_0060_01",1,13593,"ref_strain",60,1
"299","01_0856_0061_01",1,856,"ref_strain",61,1
"300","01_1244_0061_01",1,1244,"ref_strain",61,1
"301","01_1276_0061_01",1,1276,"ref_strain",61,1
"302","01_1487_0061_01",1,1487,"ref_strain",61,1
"303","01_2978_0061_01",1,2978,"ref_strain",61,1
"304","01_3344_0061_01",1,3344,"ref_strain",61,1
"305","01_4532_0061_01",1,4532,"ref_strain",61,1
"306","01_6149_0061_01",1,6149,"ref_strain",61,1
"307","01_6825_0061_01",1,6825,"ref_strain",61,1
"308","01_7080_0061_01",1,7080,"ref_strain",61,1
"309","01_7467_0061_01",1,7467,"ref_strain",61,1
"310","01_8035_0061_01",1,8035,"ref_strain",61,1
"311","01_8162_0061_01",1,8162,"ref_strain",61,1
"312","01_8591_0061_01",1,8591,"ref_strain",61,1
"313","01_8938_0061_01",1,8938,"ref_strain",61,1
"314","01_9462_0061_01",1,9462,"ref_strain",61,1
"315","01_9646_0061_01",1,9646,"ref_strain",61,1
"316","01_11060_0061_01",1,11060,"ref_strain",61,1
"317","01_12835_0061_01",1,12835,"ref_strain",61,1
"318","01_12905_0061_01",1,12905,"ref_strain",61,1
"319","01_13839_0061_01",1,13839,"ref_strain",61,1
"320","01_0888_0062_01",1,888,"ref_strain",62,1
"321","01_1125_0062_01",1,1125,"ref_strain",62,1
"322","01_1716_0062_01",1,1716,"ref_strain",62,1
"323","01_2847_0062_01",1,2847,"ref_strain",62,1
"324","01_3569_0062_01",1,3569,"ref_strain",62,1
"325","01_4308_0062_01",1,4308,"ref_strain",62,1
"326","01_5465_0062_01",1,5465,"ref_strain",62,1
"327","01_5834_0062_01",1,5834,"ref_strain",62,1
"328","01_7210_0062_01",1,7210,"ref_strain",62,1
"329","01_7326_0062_01",1,7326,"ref_strain",62,1
"330","01_7552_0062_01",1,7552,"ref_strain",62,1
"331","01_7985_0062_01",1,7985,"ref_strain",62,1
"332","01_8369_0062_01",1,8369,"ref_strain",62,1
"333","01_8404_0062_01",1,8404,"ref_strain",62,1
"334","01_9494_0062_01",1,9494,"ref_strain",62,1
"335","01_9773_0062_01",1,9773,"ref_strain",62,1
"336","01_10268_0062_01",1,10268,"ref_strain",62,1
"337","01_10342_0062_01",1,10342,"ref_strain",62,1
"338","01_11631_0062_01",1,11631,"ref_strain",62,1
"339","01_13007_0062_01",1,13007,"ref_strain",62,1
"340","01_13202_0062_01",1,13202,"ref_strain",62,1
"341","01_14102_0062_01",1,14102,"ref_strain",62,1
"342","01_14175_0062_01",1,14175,"ref_strain",62,1
"343","01_0223_0063_01",1,223,"ref_strain",63,1
"344","01_0403_0063_01",1,403,"ref_strain",63,1
"345","01_0438_0063_01",1,438,"ref_strain",63,1
"346","01_0912_0063_01",1,912,"ref_strain",63,1
"347","01_4058_0063_01",1,4058,"ref_strain",63,1
"348","01_6113_0063_01",1,6113,"ref_strain",63,1
"349","01_6336_0063_01",1,6336,"ref_strain",63,1
"350","01_6962_0063_01",1,6962,"ref_strain",63,1
"351","01_7322_0063_01",1,7322,"ref_strain",63,1
"352","01_8227_0063_01",1,8227,"ref_strain",63,1
"353","01_10243_0063_01",1,10243,"ref_strain",63,1
"354","01_10414_0063_01",1,10414,"ref_strain",63,1
"355","01_11558_0063_01",1,11558,"ref_strain",63,1
"356","01_12300_0063_01",1,12300,"ref_strain",63,1
"357","01_13263_0063_01",1,13263,"ref_strain",63,1
"358","01_13563_0063_01",1,13563,"ref_strain",63,1
"359","01_2781_0064_01",1,2781,"ref_strain",64,1
"360","01_3154_0064_01",1,3154,"ref_strain",64,1
"361","01_3968_0064_01",1,3968,"ref_strain",64,1
"362","01_4334_0064_01",1,4334,"ref_strain",64,1
"363","01_4631_0064_01",1,4631,"ref_strain",64,1
"364","01_4800_0064_01",1,4800,"ref_strain",64,1
"365","01_4870_0064_01",1,4870,"ref_strain",64,1
"366","01_6587_0064_01",1,6587,"ref_strain",64,1
"367","01_6662_0064_01",1,6662,"ref_strain",64,1
"368","01_6837_0064_01",1,6837,"ref_strain",64,1
"369","01_7343_0064_01",1,7343,"ref_strain",64,1
"370","01_8275_0064_01",1,8275,"ref_strain",64,1
"371","01_8324_0064_01",1,8324,"ref_strain",64,1
"372","01_8387_0064_01",1,8387,"ref_strain",64,1
"373","01_8550_0064_01",1,8550,"ref_strain",64,1
"374","01_9439_0064_01",1,9439,"ref_strain",64,1
"375","01_10083_0064_01",1,10083,"ref_strain",64,1
"376","01_10307_0064_01",1,10307,"ref_strain",64,1
"377","01_10522_0064_01",1,10522,"ref_strain",64,1
"378","01_11047_0064_01",1,11047,"ref_strain",64,1
"379","01_14563_0064_01",1,14563,"ref_strain",64,1
"380","01_14587_0064_01",1,14587,"ref_strain",64,1
"381","01_0589_0065_01",1,589,"ref_strain",65,1
"382","01_1305_0065_01",1,1305,"ref_strain",65,1
"383","01_1865_0065_01",1,1865,"ref_strain",65,1
"384","01_2170_0065_01",1,2170,"ref_strain",65,1
"385","01_2298_0065_01",1,2298,"ref_strain",65,1
"386","01_3077_0065_01",1,3077,"ref_strain",65,1
"387","01_3422_0065_01",1,3422,"ref_strain",65,1
"388","01_3703_0065_01",1,3703,"ref_strain",65,1
"389","01_4027_0065_01",1,4027,"ref_strain",65,1
"390","01_4209_0065_01",1,4209,"ref_strain",65,1
"391","01_4375_0065_01",1,4375,"ref_strain",65,1
"392","01_5114_0065_01",1,5114,"ref_strain",65,1
"393","01_5523_0065_01",1,5523,"ref_strain",65,1
"394","01_6476_0065_01",1,6476,"ref_strain",65,1
"395","01_7675_0065_01",1,7675,"ref_strain",65,1
"396","01_11933_0065_01",1,11933,"ref_strain",65,1
"397","01_12395_0065_01",1,12395,"ref_strain",65,1
"398","01_12748_0065_01",1,12748,"ref_strain",65,1
"399","01_13138_0065_01",1,13138,"ref_strain",65,1
"400","01_13270_0065_01",1,13270,"ref_strain",65,1
"401","01_13950_0065_01",1,13950,"ref_strain",65,1
"402","01_14438_0065_01",1,14438,"ref_strain",65,1
"403","01_0611_0066_01",1,611,"ref_strain",66,1
"404","01_0790_0066_01",1,790,"ref_strain",66,1
"405","01_1191_0066_01",1,1191,"ref_strain",66,1
"406","01_1345_0066_01",1,1345,"ref_strain",66,1
"407","01_1653_0066_01",1,1653,"ref_strain",66,1
"408","01_2909_0066_01",1,2909,"ref_strain",66,1
"409","01_4136_0066_01",1,4136,"ref_strain",66,1
"410","01_4943_0066_01",1,4943,"ref_strain",66,1
"411","01_6158_0066_01",1,6158,"ref_strain",66,1
"412","01_6395_0066_01",1,6395,"ref_strain",66,1
"413","01_7537_0066_01",1,7537,"ref_strain",66,1
"414","01_8510_0066_01",1,8510,"ref_strain",66,1
"415","01_8628_0066_01",1,8628,"ref_strain",66,1
"416","01_8921_0066_01",1,8921,"ref_strain",66,1
"417","01_9787_0066_01",1,9787,"ref_strain",66,1
"418","01_10144_0066_01",1,10144,"ref_strain",66,1
"419","01_10415_0066_01",1,10415,"ref_strain",66,1
"420","01_10459_0066_01",1,10459,"ref_strain",66,1
"421","01_10989_0066_01",1,10989,"ref_strain",66,1
"422","01_12037_0066_01",1,12037,"ref_strain",66,1
"423","01_12549_0066_01",1,12549,"ref_strain",66,1
"424","01_12780_0066_01",1,12780,"ref_strain",66,1
"425","01_13355_0066_01",1,13355,"ref_strain",66,1
"426","01_2706_0067_01",1,2706,"ref_strain",67,1
"427","01_2751_0067_01",1,2751,"ref_strain",67,1
"428","01_2868_0067_01",1,2868,"ref_strain",67,1
"429","01_3160_0067_01",1,3160,"ref_strain",67,1
"430","01_5109_0067_01",1,5109,"ref_strain",67,1
"431","01_5945_0067_01",1,5945,"ref_strain",67,1
"432","01_6513_0067_01",1,6513,"ref_strain",67,1
"433","01_8096_0067_01",1,8096,"ref_strain",67,1
"434","01_8234_0067_01",1,8234,"ref_strain",67,1
"435","01_8595_0067_01",1,8595,"ref_strain",67,1
"436","01_8991_0067_01",1,8991,"ref_strain",67,1
"437","01_9558_0067_01",1,9558,"ref_strain",67,1
"438","01_10082_0067_01",1,10082,"ref_strain",67,1
"439","01_10250_0067_01",1,10250,"ref_strain",67,1
"440","01_10359_0067_01",1,10359,"ref_strain",67,1
"441","01_10612_0067_01",1,10612,"ref_strain",67,1
"442","01_10769_0067_01",1,10769,"ref_strain",67,1
"443","01_11132_0067_01",1,11132,"ref_strain",67,1
"444","01_12289_0067_01",1,12289,"ref_strain",67,1
"445","01_13586_0067_01",1,13586,"ref_strain",67,1
"446","01_14495_0067_01",1,14495,"ref_strain",67,1
"447","01_2022_0068_01",1,2022,"ref_strain",68,1
"448","01_2165_0068_01",1,2165,"ref_strain",68,1
"449","01_2631_0068_01",1,2631,"ref_strain",68,1
"450","01_3166_0068_01",1,3166,"ref_strain",68,1
"451","01_4041_0068_01",1,4041,"ref_strain",68,1
"452","01_4248_0068_01",1,4248,"ref_strain",68,1
"453","01_4700_0068_01",1,4700,"ref_strain",68,1
"454","01_4890_0068_01",1,4890,"ref_strain",68,1
"455","01_5653_0068_01",1,5653,"ref_strain",68,1
"456","01_6031_0068_01",1,6031,"ref_strain",68,1
"457","01_6188_0068_01",1,6188,"ref_strain",68,1
"458","01_7284_0068_01",1,7284,"ref_strain",68,1
"459","01_7679_0068_01",1,7679,"ref_strain",68,1
"460","01_7803_0068_01",1,7803,"ref_strain",68,1
"461","01_8003_0068_01",1,8003,"ref_strain",68,1
"462","01_8580_0068_01",1,8580,"ref_strain",68,1
"463","01_9819_0068_01",1,9819,"ref_strain",68,1
"464","01_10467_0068_01",1,10467,"ref_strain",68,1
"465","01_11589_0068_01",1,11589,"ref_strain",68,1
"466","01_11650_0068_01",1,11650,"ref_strain",68,1
"467","01_12460_0068_01",1,12460,"ref_strain",68,1
"468","01_13371_0068_01",1,13371,"ref_strain",68,1
"469","01_13714_0068_01",1,13714,"ref_strain",68,1
"470","01_14033_0068_01",1,14033,"ref_strain",68,1
"471","01_0199_0069_01",1,199,"ref_strain",69,1
"472","01_0807_0069_01",1,807,"ref_strain",69,1
"473","01_1212_0069_01",1,1212,"ref_strain",69,1
"474","01_1603_0069_01",1,1603,"ref_strain",69,1
"475","01_2657_0069_01",1,2657,"ref_strain",69,1
"476","01_3219_0069_01",1,3219,"ref_strain",69,1
"477","01_3835_0069_01",1,3835,"ref_strain",69,1
"478","01_5281_0069_01",1,5281,"ref_strain",69,1
"479","01_5721_0069_01",1,5721,"ref_strain",69,1
"480","01_6130_0069_01",1,6130,"ref_strain",69,1
"481","01_6195_0069_01",1,6195,"ref_strain",69,1
"482","01_8562_0069_01",1,8562,"ref_strain",69,1
"483","01_8644_0069_01",1,8644,"ref_strain",69,1
"484","01_8813_0069_01",1,8813,"ref_strain",69,1
"485","01_8871_0069_01",1,8871,"ref_strain",69,1
"486","01_8962_0069_01",1,8962,"ref_strain",69,1
"487","01_9025_0069_01",1,9025,"ref_strain",69,1
"488","01_9149_0069_01",1,9149,"ref_strain",69,1
"489","01_9644_0069_01",1,9644,"ref_strain",69,1
"490","01_9658_0069_01",1,9658,"ref_strain",69,1
"491","01_10474_0069_01",1,10474,"ref_strain",69,1
"492","01_10799_0069_01",1,10799,"ref_strain",69,1
"493","01_10865_0069_01",1,10865,"ref_strain",69,1
"494","01_11078_0069_01",1,11078,"ref_strain",69,1
"495","01_11330_0069_01",1,11330,"ref_strain",69,1
"496","01_11578_0069_01",1,11578,"ref_strain",69,1
"497","01_12898_0069_01",1,12898,"ref_strain",69,1
"498","01_12959_0069_01",1,12959,"ref_strain",69,1
"499","01_14315_0069_01",1,14315,"ref_strain",69,1
"500","01_14462_0069_01",1,14462,"ref_strain",69,1
"501","01_0150_0070_01",1,150,"ref_strain",70,1
"502","01_1012_0070_01",1,1012,"ref_strain",70,1
"503","01_1324_0070_01",1,1324,"ref_strain",70,1
"504","01_2024_0070_01",1,2024,"ref_strain",70,1
"505","01_2037_0070_01",1,2037,"ref_strain",70,1
"506","01_2180_0070_01",1,2180,"ref_strain",70,1
"507","01_2193_0070_01",1,2193,"ref_strain",70,1
"508","01_3209_0070_01",1,3209,"ref_strain",70,1
"509","01_4089_0070_01",1,4089,"ref_strain",70,1
"510","01_4387_0070_01",1,4387,"ref_strain",70,1
"511","01_4508_0070_01",1,4508,"ref_strain",70,1
"512","01_5386_0070_01",1,5386,"ref_strain",70,1
"513","01_5915_0070_01",1,5915,"ref_strain",70,1
"514","01_6226_0070_01",1,6226,"ref_strain",70,1
"515","01_6861_0070_01",1,6861,"ref_strain",70,1
"516","01_7132_0070_01",1,7132,"ref_strain",70,1
"517","01_7412_0070_01",1,7412,"ref_strain",70,1
"518","01_8624_0070_01",1,8624,"ref_strain",70,1
"519","01_9038_0070_01",1,9038,"ref_strain",70,1
"520","01_9437_0070_01",1,9437,"ref_strain",70,1
"521","01_9864_0070_01",1,9864,"ref_strain",70,1
"522","01_10134_0070_01",1,10134,"ref_strain",70,1
"523","01_10226_0070_01",1,10226,"ref_strain",70,1
"524","01_10838_0070_01",1,10838,"ref_strain",70,1
"525","01_11073_0070_01",1,11073,"ref_strain",70,1
"526","01_11109_0070_01",1,11109,"ref_strain",70,1
"527","01_12530_0070_01",1,12530,"ref_strain",70,1
"528","01_13632_0070_01",1,13632,"ref_strain",70,1
"529","01_14377_0070_01",1,14377,"ref_strain",70,1
"530","01_0043_0071_01",1,43,"ref_strain",71,1
"531","01_1359_0071_01",1,1359,"ref_strain",71,1
"532","01_1391_0071_01",1,1391,"ref_strain",71,1
"533","01_1568_0071_01",1,1568,"ref_strain",71,1
"534","01_2449_0071_01",1,2449,"ref_strain",71,1
"535","01_2810_0071_01",1,2810,"ref_strain",71,1
"536","01_3816_0071_01",1,3816,"ref_strain",71,1
"537","01_6197_0071_01",1,6197,"ref_strain",71,1
"538","01_6468_0071_01",1,6468,"ref_strain",71,1
"539","01_6605_0071_01",1,6605,"ref_strain",71,1
"540","01_8033_0071_01",1,8033,"ref_strain",71,1
"541","01_8134_0071_01",1,8134,"ref_strain",71,1
"542","01_8758_0071_01",1,8758,"ref_strain",71,1
"543","01_9514_0071_01",1,9514,"ref_strain",71,1
"544","01_9687_0071_01",1,9687,"ref_strain",71,1
"545","01_11322_0071_01",1,11322,"ref_strain",71,1
"546","01_11758_0071_01",1,11758,"ref_strain",71,1
"547","01_12986_0071_01",1,12986,"ref_strain",71,1
"548","01_13256_0071_01",1,13256,"ref_strain",71,1
"549","01_13803_0071_01",1,13803,"ref_strain",71,1
"550","01_13889_0071_01",1,13889,"ref_strain",71,1
"551","01_14527_0071_01",1,14527,"ref_strain",71,1
"552","01_0181_0072_01",1,181,"ref_strain",72,1
"553","01_0581_0072_01",1,581,"ref_strain",72,1
"554","01_0874_0072_01",1,874,"ref_strain",72,1
"555","01_1964_0072_01",1,1964,"ref_strain",72,1
"556","01_2320_0072_01",1,2320,"ref_strain",72,1
"557","01_2541_0072_01",1,2541,"ref_strain",72,1
"558","01_2700_0072_01",1,2700,"ref_strain",72,1
"559","01_2753_0072_01",1,2753,"ref_strain",72,1
"560","01_3495_0072_01",1,3495,"ref_strain",72,1
"561","01_3764_0072_01",1,3764,"ref_strain",72,1
"562","01_4636_0072_01",1,4636,"ref_strain",72,1
"563","01_4758_0072_01",1,4758,"ref_strain",72,1
"564","01_5441_0072_01",1,5441,"ref_strain",72,1
"565","01_5566_0072_01",1,5566,"ref_strain",72,1
"566","01_5968_0072_01",1,5968,"ref_strain",72,1
"567","01_6224_0072_01",1,6224,"ref_strain",72,1
"568","01_6537_0072_01",1,6537,"ref_strain",72,1
"569","01_6842_0072_01",1,6842,"ref_strain",72,1
"570","01_7699_0072_01",1,7699,"ref_strain",72,1
"571","01_8332_0072_01",1,8332,"ref_strain",72,1
"572","01_8525_0072_01",1,8525,"ref_strain",72,1
"573","01_9008_0072_01",1,9008,"ref_strain",72,1
"574","01_9672_0072_01",1,9672,"ref_strain",72,1
"575","01_9937_0072_01",1,9937,"ref_strain",72,1
"576","01_10256_0072_01",1,10256,"ref_strain",72,1
"577","01_11474_0072_01",1,11474,"ref_strain",72,1
"578","01_11952_0072_01",1,11952,"ref_strain",72,1
"579","01_12098_0072_01",1,12098,"ref_strain",72,1
"580","01_12454_0072_01",1,12454,"ref_strain",72,1
"581","01_14484_0072_01",1,14484,"ref_strain",72,1
"582","01_1396_0073_01",1,1396,"ref_strain",73,1
"583","01_1538_0073_01",1,1538,"ref_strain",73,1
"584","01_1749_0073_01",1,1749,"ref_strain",73,1
"585","01_1812_0073_01",1,1812,"ref_strain",73,1
"586","01_2196_0073_01",1,2196,"ref_strain",73,1
"587","01_2460_0073_01",1,2460,"ref_strain",73,1
"588","01_2516_0073_01",1,2516,"ref_strain",73,1
"589","01_2703_0073_01",1,2703,"ref_strain",73,1
"590","01_3487_0073_01",1,3487,"ref_strain",73,1
"591","01_3581_0073_01",1,3581,"ref_strain",73,1
"592","01_3872_0073_01",1,3872,"ref_strain",73,1
"593","01_4071_0073_01",1,4071,"ref_strain",73,1
"594","01_5030_0073_01",1,5030,"ref_strain",73,1
"595","01_6565_0073_01",1,6565,"ref_strain",73,1
"596","01_6578_0073_01",1,6578,"ref_strain",73,1
"597","01_6887_0073_01",1,6887,"ref_strain",73,1
"598","01_7091_0073_01",1,7091,"ref_strain",73,1
"599","01_7924_0073_01",1,7924,"ref_strain",73,1
"600","01_9006_0073_01",1,9006,"ref_strain",73,1
"601","01_10836_0073_01",1,10836,"ref_strain",73,1
"602","01_11411_0073_01",1,11411,"ref_strain",73,1
"603","01_12137_0073_01",1,12137,"ref_strain",73,1
"604","01_12841_0073_01",1,12841,"ref_strain",73,1
"605","01_13244_0073_01",1,13244,"ref_strain",73,1
"606","01_0314_0074_01",1,314,"ref_strain",74,1
"607","01_0541_0074_01",1,541,"ref_strain",74,1
"608","01_0573_0074_01",1,573,"ref_strain",74,1
"609","01_0891_0074_01",1,891,"ref_strain",74,1
"610","01_1136_0074_01",1,1136,"ref_strain",74,1
"611","01_1658_0074_01",1,1658,"ref_strain",74,1
"612","01_1804_0074_01",1,1804,"ref_strain",74,1
"613","01_2920_0074_01",1,2920,"ref_strain",74,1
"614","01_2926_0074_01",1,2926,"ref_strain",74,1
"615","01_3673_0074_01",1,3673,"ref_strain",74,1
"616","01_4275_0074_01",1,4275,"ref_strain",74,1
"617","01_4669_0074_01",1,4669,"ref_strain",74,1
"618","01_4718_0074_01",1,4718,"ref_strain",74,1
"619","01_5432_0074_01",1,5432,"ref_strain",74,1
"620","01_6487_0074_01",1,6487,"ref_strain",74,1
"621","01_6815_0074_01",1,6815,"ref_strain",74,1
"622","01_8083_0074_01",1,8083,"ref_strain",74,1
"623","01_8355_0074_01",1,8355,"ref_strain",74,1
"624","01_10766_0074_01",1,10766,"ref_strain",74,1
"625","01_11085_0074_01",1,11085,"ref_strain",74,1
"626","01_11735_0074_01",1,11735,"ref_strain",74,1
"627","01_11756_0074_01",1,11756,"ref_strain",74,1
"628","01_11903_0074_01",1,11903,"ref_strain",74,1
"629","01_12566_0074_01",1,12566,"ref_strain",74,1
"630","01_12894_0074_01",1,12894,"ref_strain",74,1
"631","01_13087_0074_01",1,13087,"ref_strain",74,1
"632","01_13447_0074_01",1,13447,"ref_strain",74,1
"633","01_13568_0074_01",1,13568,"ref_strain",74,1
"634","01_13831_0074_01",1,13831,"ref_strain",74,1
"635","01_14285_0074_01",1,14285,"ref_strain",74,1
"636","01_14507_0074_01",1,14507,"ref_strain",74,1
"637","01_14570_0074_01",1,14570,"ref_strain",74,1
"638","01_0286_0075_01",1,286,"ref_strain",75,1
"639","01_1456_0075_01",1,1456,"ref_strain",75,1
"640","01_1479_0075_01",1,1479,"ref_strain",75,1
"641","01_1847_0075_01",1,1847,"ref_strain",75,1
"642","01_2898_0075_01",1,2898,"ref_strain",75,1
"643","01_3170_0075_01",1,3170,"ref_strain",75,1
"644","01_3484_0075_01",1,3484,"ref_strain",75,1
"645","01_3609_0075_01",1,3609,"ref_strain",75,1
"646","01_3657_0075_01",1,3657,"ref_strain",75,1
"647","01_3865_0075_01",1,3865,"ref_strain",75,1
"648","01_5660_0075_01",1,5660,"ref_strain",75,1
"649","01_6050_0075_01",1,6050,"ref_strain",75,1
"650","01_6400_0075_01",1,6400,"ref_strain",75,1
"651","01_7280_0075_01",1,7280,"ref_strain",75,1
"652","01_7290_0075_01",1,7290,"ref_strain",75,1
"653","01_7746_0075_01",1,7746,"ref_strain",75,1
"654","01_7908_0075_01",1,7908,"ref_strain",75,1
"655","01_8078_0075_01",1,8078,"ref_strain",75,1
"656","01_8413_0075_01",1,8413,"ref_strain",75,1
"657","01_9080_0075_01",1,9080,"ref_strain",75,1
"658","01_9311_0075_01",1,9311,"ref_strain",75,1
"659","01_9857_0075_01",1,9857,"ref_strain",75,1
"660","01_11573_0075_01",1,11573,"ref_strain",75,1
"661","01_12083_0075_01",1,12083,"ref_strain",75,1
"662","01_12108_0075_01",1,12108,"ref_strain",75,1
"663","01_12271_0075_01",1,12271,"ref_strain",75,1
"664","01_12281_0075_01",1,12281,"ref_strain",75,1
"665","01_12742_0075_01",1,12742,"ref_strain",75,1
"666","01_13142_0075_01",1,13142,"ref_strain",75,1
"667","01_14011_0075_01",1,14011,"ref_strain",75,1
"668","01_0274_0076_01",1,274,"ref_strain",76,1
"669","01_0327_0076_01",1,327,"ref_strain",76,1
"670","01_0347_0076_01",1,347,"ref_strain",76,1
"671","01_0497_0076_01",1,497,"ref_strain",76,1
"672","01_0862_0076_01",1,862,"ref_strain",76,1
"673","01_3350_0076_01",1,3350,"ref_strain",76,1
"674","01_3901_0076_01",1,3901,"ref_strain",76,1
"675","01_4022_0076_01",1,4022,"ref_strain",76,1
"676","01_4642_0076_01",1,4642,"ref_strain",76,1
"677","01_5289_0076_01",1,5289,"ref_strain",76,1
"678","01_5621_0076_01",1,5621,"ref_strain",76,1
"679","01_5919_0076_01",1,5919,"ref_strain",76,1
"680","01_6114_0076_01",1,6114,"ref_strain",76,1
"681","01_6179_0076_01",1,6179,"ref_strain",76,1
"682","01_7112_0076_01",1,7112,"ref_strain",76,1
"683","01_8114_0076_01",1,8114,"ref_strain",76,1
"684","01_8169_0076_01",1,8169,"ref_strain",76,1
"685","01_8767_0076_01",1,8767,"ref_strain",76,1
"686","01_8941_0076_01",1,8941,"ref_strain",76,1
"687","01_9486_0076_01",1,9486,"ref_strain",76,1
"688","01_11239_0076_01",1,11239,"ref_strain",76,1
"689","01_11270_0076_01",1,11270,"ref_strain",76,1
"690","01_11718_0076_01",1,11718,"ref_strain",76,1
"691","01_13140_0076_01",1,13140,"ref_strain",76,1
"692","01_14402_0076_01",1,14402,"ref_strain",76,1
"693","01_0125_0077_01",1,125,"ref_strain",77,1
"694","01_0130_0077_01",1,130,"ref_strain",77,1
"695","01_0330_0077_01",1,330,"ref_strain",77,1
"696","01_0725_0077_01",1,725,"ref_strain",77,1
"697","01_0942_0077_01",1,942,"ref_strain",77,1
"698","01_1132_0077_01",1,1132,"ref_strain",77,1
"699","01_1474_0077_01",1,1474,"ref_strain",77,1
"700","01_1599_0077_01",1,1599,"ref_strain",77,1
"701","01_2273_0077_01",1,2273,"ref_strain",77,1
"702","01_2330_0077_01",1,2330,"ref_strain",77,1
"703","01_2578_0077_01",1,2578,"ref_strain",77,1
"704","01_2676_0077_01",1,2676,"ref_strain",77,1
"705","01_3961_0077_01",1,3961,"ref_strain",77,1
"706","01_4224_0077_01",1,4224,"ref_strain",77,1
"707","01_4790_0077_01",1,4790,"ref_strain",77,1
"708","01_5648_0077_01",1,5648,"ref_strain",77,1
"709","01_5752_0077_01",1,5752,"ref_strain",77,1
"710","01_6467_0077_01",1,6467,"ref_strain",77,1
"711","01_6800_0077_01",1,6800,"ref_strain",77,1
"712","01_7676_0077_01",1,7676,"ref_strain",77,1
"713","01_7754_0077_01",1,7754,"ref_strain",77,1
"714","01_8146_0077_01",1,8146,"ref_strain",77,1
"715","01_9359_0077_01",1,9359,"ref_strain",77,1
"716","01_9366_0077_01",1,9366,"ref_strain",77,1
"717","01_10000_0077_01",1,10000,"ref_strain",77,1
"718","01_10043_0077_01",1,10043,"ref_strain",77,1
"719","01_10534_0077_01",1,10534,"ref_strain",77,1
"720","01_10761_0077_01",1,10761,"ref_strain",77,1
"721","01_10929_0077_01",1,10929,"ref_strain",77,1
"722","01_11115_0077_01",1,11115,"ref_strain",77,1
"723","01_11586_0077_01",1,11586,"ref_strain",77,1
"724","01_12109_0077_01",1,12109,"ref_strain",77,1
"725","01_12390_0077_01",1,12390,"ref_strain",77,1
"726","01_12455_0077_01",1,12455,"ref_strain",77,1
"727","01_12482_0077_01",1,12482,"ref_strain",77,1
"728","01_0088_0078_01",1,88,"ref_strain",78,1
"729","01_0187_0078_01",1,187,"ref_strain",78,1
"730","01_0714_0078_01",1,714,"ref_strain",78,1
"731","01_0724_0078_01",1,724,"ref_strain",78,1
"732","01_1066_0078_01",1,1066,"ref_strain",78,1
"733","01_1423_0078_01",1,1423,"ref_strain",78,1
"734","01_1513_0078_01",1,1513,"ref_strain",78,1
"735","01_2994_0078_01",1,2994,"ref_strain",78,1
"736","01_3034_0078_01",1,3034,"ref_strain",78,1
"737","01_3113_0078_01",1,3113,"ref_strain",78,1
"738","01_3402_0078_01",1,3402,"ref_strain",78,1
"739","01_3411_0078_01",1,3411,"ref_strain",78,1
"740","01_3527_0078_01",1,3527,"ref_strain",78,1
"741","01_4944_0078_01",1,4944,"ref_strain",78,1
"742","01_5123_0078_01",1,5123,"ref_strain",78,1
"743","01_5160_0078_01",1,5160,"ref_strain",78,1
"744","01_6757_0078_01",1,6757,"ref_strain",78,1
"745","01_6862_0078_01",1,6862,"ref_strain",78,1
"746","01_7116_0078_01",1,7116,"ref_strain",78,1
"747","01_7471_0078_01",1,7471,"ref_strain",78,1
"748","01_8281_0078_01",1,8281,"ref_strain",78,1
"749","01_8754_0078_01",1,8754,"ref_strain",78,1
"750","01_8900_0078_01",1,8900,"ref_strain",78,1
"751","01_9222_0078_01",1,9222,"ref_strain",78,1
"752","01_9538_0078_01",1,9538,"ref_strain",78,1
"753","01_9559_0078_01",1,9559,"ref_strain",78,1
"754","01_9841_0078_01",1,9841,"ref_strain",78,1
"755","01_10015_0078_01",1,10015,"ref_strain",78,1
"756","01_10190_0078_01",1,10190,"ref_strain",78,1
"757","01_10468_0078_01",1,10468,"ref_strain",78,1
"758","01_10778_0078_01",1,10778,"ref_strain",78,1
"759","01_11380_0078_01",1,11380,"ref_strain",78,1
"760","01_12432_0078_01",1,12432,"ref_strain",78,1
"761","01_12544_0078_01",1,12544,"ref_strain",78,1
"762","01_13905_0078_01",1,13905,"ref_strain",78,1
"763","01_14592_0078_01",1,14592,"ref_strain",78,1
"764","01_0388_0079_01",1,388,"ref_strain",79,1
"765","01_0603_0079_01",1,603,"ref_strain",79,1
"766","01_0906_0079_01",1,906,"ref_strain",79,1
"767","01_1034_0079_01",1,1034,"ref_strain",79,1
"768","01_1190_0079_01",1,1190,"ref_strain",79,1
"769","01_2191_0079_01",1,2191,"ref_strain",79,1
"770","01_2270_0079_01",1,2270,"ref_strain",79,1
"771","01_2818_0079_01",1,2818,"ref_strain",79,1
"772","01_2933_0079_01",1,2933,"ref_strain",79,1
"773","01_3189_0079_01",1,3189,"ref_strain",79,1
"774","01_3695_0079_01",1,3695,"ref_strain",79,1
"775","01_3709_0079_01",1,3709,"ref_strain",79,1
"776","01_4470_0079_01",1,4470,"ref_strain",79,1
"777","01_4502_0079_01",1,4502,"ref_strain",79,1
"778","01_4826_0079_01",1,4826,"ref_strain",79,1
"779","01_5153_0079_01",1,5153,"ref_strain",79,1
"780","01_5470_0079_01",1,5470,"ref_strain",79,1
"781","01_6613_0079_01",1,6613,"ref_strain",79,1
"782","01_6780_0079_01",1,6780,"ref_strain",79,1
"783","01_8990_0079_01",1,8990,"ref_strain",79,1
"784","01_9345_0079_01",1,9345,"ref_strain",79,1
"785","01_10158_0079_01",1,10158,"ref_strain",79,1
"786","01_10648_0079_01",1,10648,"ref_strain",79,1
"787","01_10983_0079_01",1,10983,"ref_strain",79,1
"788","01_11261_0079_01",1,11261,"ref_strain",79,1
"789","01_12355_0079_01",1,12355,"ref_strain",79,1
"790","01_12962_0079_01",1,12962,"ref_strain",79,1
"791","01_13448_0079_01",1,13448,"ref_strain",79,1
"792","01_14195_0079_01",1,14195,"ref_strain",79,1
"793","01_0520_0080_01",1,520,"ref_strain",80,1
"794","01_1413_0080_01",1,1413,"ref_strain",80,1
"795","01_1488_0080_01",1,1488,"ref_strain",80,1
"796","01_1791_0080_01",1,1791,"ref_strain",80,1
"797","01_3723_0080_01",1,3723,"ref_strain",80,1
"798","01_4346_0080_01",1,4346,"ref_strain",80,1
"799","01_4393_0080_01",1,4393,"ref_strain",80,1
"800","01_4542_0080_01",1,4542,"ref_strain",80,1
"801","01_4843_0080_01",1,4843,"ref_strain",80,1
"802","01_5253_0080_01",1,5253,"ref_strain",80,1
"803","01_5410_0080_01",1,5410,"ref_strain",80,1
"804","01_5728_0080_01",1,5728,"ref_strain",80,1
"805","01_5770_0080_01",1,5770,"ref_strain",80,1
"806","01_6721_0080_01",1,6721,"ref_strain",80,1
"807","01_7547_0080_01",1,7547,"ref_strain",80,1
"808","01_7722_0080_01",1,7722,"ref_strain",80,1
"809","01_8698_0080_01",1,8698,"ref_strain",80,1
"810","01_9092_0080_01",1,9092,"ref_strain",80,1
"811","01_9608_0080_01",1,9608,"ref_strain",80,1
"812","01_9745_0080_01",1,9745,"ref_strain",80,1
"813","01_9953_0080_01",1,9953,"ref_strain",80,1
"814","01_10125_0080_01",1,10125,"ref_strain",80,1
"815","01_10311_0080_01",1,10311,"ref_strain",80,1
"816","01_10328_0080_01",1,10328,"ref_strain",80,1
"817","01_10368_0080_01",1,10368,"ref_strain",80,1
"818","01_10707_0080_01",1,10707,"ref_strain",80,1
"819","01_11445_0080_01",1,11445,"ref_strain",80,1
"820","01_12337_0080_01",1,12337,"ref_strain",80,1
"821","01_12417_0080_01",1,12417,"ref_strain",80,1
"822","01_13066_0080_01",1,13066,"ref_strain",80,1
"823","01_13354_0080_01",1,13354,"ref_strain",80,1
"824","01_13376_0080_01",1,13376,"ref_strain",80,1
"825","01_13725_0080_01",1,13725,"ref_strain",80,1
"826","01_13922_0080_01",1,13922,"ref_strain",80,1
"827","01_0667_0081_01",1,667,"ref_strain",81,1
"828","01_1208_0081_01",1,1208,"ref_strain",81,1
"829","01_1552_0081_01",1,1552,"ref_strain",81,1
"830","01_1645_0081_01",1,1645,"ref_strain",81,1
"831","01_1767_0081_01",1,1767,"ref_strain",81,1
"832","01_2547_0081_01",1,2547,"ref_strain",81,1
"833","01_2963_0081_01",1,2963,"ref_strain",81,1
"834","01_3046_0081_01",1,3046,"ref_strain",81,1
"835","01_3746_0081_01",1,3746,"ref_strain",81,1
"836","01_3942_0081_01",1,3942,"ref_strain",81,1
"837","01_4382_0081_01",1,4382,"ref_strain",81,1
"838","01_5477_0081_01",1,5477,"ref_strain",81,1
"839","01_6038_0081_01",1,6038,"ref_strain",81,1
"840","01_6119_0081_01",1,6119,"ref_strain",81,1
"841","01_6617_0081_01",1,6617,"ref_strain",81,1
"842","01_7314_0081_01",1,7314,"ref_strain",81,1
"843","01_7367_0081_01",1,7367,"ref_strain",81,1
"844","01_7531_0081_01",1,7531,"ref_strain",81,1
"845","01_8039_0081_01",1,8039,"ref_strain",81,1
"846","01_8521_0081_01",1,8521,"ref_strain",81,1
"847","01_8611_0081_01",1,8611,"ref_strain",81,1
"848","01_8625_0081_01",1,8625,"ref_strain",81,1
"849","01_8925_0081_01",1,8925,"ref_strain",81,1
"850","01_9328_0081_01",1,9328,"ref_strain",81,1
"851","01_9330_0081_01",1,9330,"ref_strain",81,1
"852","01_9398_0081_01",1,9398,"ref_strain",81,1
"853","01_9630_0081_01",1,9630,"ref_strain",81,1
"854","01_10080_0081_01",1,10080,"ref_strain",81,1
"855","01_10429_0081_01",1,10429,"ref_strain",81,1
"856","01_10487_0081_01",1,10487,"ref_strain",81,1
"857","01_10530_0081_01",1,10530,"ref_strain",81,1
"858","01_10703_0081_01",1,10703,"ref_strain",81,1
"859","01_11920_0081_01",1,11920,"ref_strain",81,1
"860","01_12142_0081_01",1,12142,"ref_strain",81,1
"861","01_13110_0081_01",1,13110,"ref_strain",81,1
"862","01_0058_0082_01",1,58,"ref_strain",82,1
"863","01_0213_0082_01",1,213,"ref_strain",82,1
"864","01_0222_0082_01",1,222,"ref_strain",82,1
"865","01_0334_0082_01",1,334,"ref_strain",82,1
"866","01_0896_0082_01",1,896,"ref_strain",82,1
"867","01_1185_0082_01",1,1185,"ref_strain",82,1
"868","01_1332_0082_01",1,1332,"ref_strain",82,1
"869","01_1466_0082_01",1,1466,"ref_strain",82,1
"870","01_1675_0082_01",1,1675,"ref_strain",82,1
"871","01_2169_0082_01",1,2169,"ref_strain",82,1
"872","01_2419_0082_01",1,2419,"ref_strain",82,1
"873","01_2546_0082_01",1,2546,"ref_strain",82,1
"874","01_2791_0082_01",1,2791,"ref_strain",82,1
"875","01_3200_0082_01",1,3200,"ref_strain",82,1
"876","01_3524_0082_01",1,3524,"ref_strain",82,1
"877","01_3603_0082_01",1,3603,"ref_strain",82,1
"878","01_3663_0082_01",1,3663,"ref_strain",82,1
"879","01_3704_0082_01",1,3704,"ref_strain",82,1
"880","01_4194_0082_01",1,4194,"ref_strain",82,1
"881","01_4309_0082_01",1,4309,"ref_strain",82,1
"882","01_4438_0082_01",1,4438,"ref_strain",82,1
"883","01_4461_0082_01",1,4461,"ref_strain",82,1
"884","01_5104_0082_01",1,5104,"ref_strain",82,1
"885","01_5982_0082_01",1,5982,"ref_strain",82,1
"886","01_6162_0082_01",1,6162,"ref_strain",82,1
"887","01_7268_0082_01",1,7268,"ref_strain",82,1
"888","01_7275_0082_01",1,7275,"ref_strain",82,1
"889","01_7757_0082_01",1,7757,"ref_strain",82,1
"890","01_8209_0082_01",1,8209,"ref_strain",82,1
"891","01_8446_0082_01",1,8446,"ref_strain",82,1
"892","01_9184_0082_01",1,9184,"ref_strain",82,1
"893","01_9296_0082_01",1,9296,"ref_strain",82,1
"894","01_9692_0082_01",1,9692,"ref_strain",82,1
"895","01_9866_0082_01",1,9866,"ref_strain",82,1
"896","01_10223_0082_01",1,10223,"ref_strain",82,1
"897","01_10741_0082_01",1,10741,"ref_strain",82,1
"898","01_10782_0082_01",1,10782,"ref_strain",82,1
"899","01_10913_0082_01",1,10913,"ref_strain",82,1
"900","01_11027_0082_01",1,11027,"ref_strain",82,1
"901","01_11457_0082_01",1,11457,"ref_strain",82,1
"902","01_11637_0082_01",1,11637,"ref_strain",82,1
"903","01_12208_0082_01",1,12208,"ref_strain",82,1
"904","01_12964_0082_01",1,12964,"ref_strain",82,1
"905","01_13352_0082_01",1,13352,"ref_strain",82,1
"906","01_13431_0082_01",1,13431,"ref_strain",82,1
"907","01_13779_0082_01",1,13779,"ref_strain",82,1
"908","01_13843_0082_01",1,13843,"ref_strain",82,1
"909","01_13978_0082_01",1,13978,"ref_strain",82,1
"910","01_14393_0082_01",1,14393,"ref_strain",82,1
"911","01_0253_0083_01",1,253,"ref_strain",83,1
"912","01_0313_0083_01",1,313,"ref_strain",83,1
"913","01_0910_0083_01",1,910,"ref_strain",83,1
"914","01_1477_0083_01",1,1477,"ref_strain",83,1
"915","01_2092_0083_01",1,2092,"ref_strain",83,1
"916","01_2404_0083_01",1,2404,"ref_strain",83,1
"917","01_3294_0083_01",1,3294,"ref_strain",83,1
"918","01_3855_0083_01",1,3855,"ref_strain",83,1
"919","01_4256_0083_01",1,4256,"ref_strain",83,1
"920","01_4783_0083_01",1,4783,"ref_strain",83,1
"921","01_4874_0083_01",1,4874,"ref_strain",83,1
"922","01_5017_0083_01",1,5017,"ref_strain",83,1
"923","01_5335_0083_01",1,5335,"ref_strain",83,1
"924","01_5681_0083_01",1,5681,"ref_strain",83,1
"925","01_5966_0083_01",1,5966,"ref_strain",83,1
"926","01_6139_0083_01",1,6139,"ref_strain",83,1
"927","01_6938_0083_01",1,6938,"ref_strain",83,1
"928","01_7625_0083_01",1,7625,"ref_strain",83,1
"929","01_8407_0083_01",1,8407,"ref_strain",83,1
"930","01_8600_0083_01",1,8600,"ref_strain",83,1
"931","01_9015_0083_01",1,9015,"ref_strain",83,1
"932","01_9837_0083_01",1,9837,"ref_strain",83,1
"933","01_9979_0083_01",1,9979,"ref_strain",83,1
"934","01_10067_0083_01",1,10067,"ref_strain",83,1
"935","01_10205_0083_01",1,10205,"ref_strain",83,1
"936","01_11625_0083_01",1,11625,"ref_strain",83,1
"937","01_11741_0083_01",1,11741,"ref_strain",83,1
"938","01_11957_0083_01",1,11957,"ref_strain",83,1
"939","01_12498_0083_01",1,12498,"ref_strain",83,1
"940","01_13464_0083_01",1,13464,"ref_strain",83,1
"941","01_14242_0083_01",1,14242,"ref_strain",83,1
"942","01_14291_0083_01",1,14291,"ref_strain",83,1
"943","01_14398_0083_01",1,14398,"ref_strain",83,1
"944","01_0252_0084_01",1,252,"ref_strain",84,1
"945","01_0559_0084_01",1,559,"ref_strain",84,1
"946","01_1421_0084_01",1,1421,"ref_strain",84,1
"947","01_3016_0084_01",1,3016,"ref_strain",84,1
"948","01_3188_0084_01",1,3188,"ref_strain",84,1
"949","01_4032_0084_01",1,4032,"ref_strain",84,1
"950","01_4478_0084_01",1,4478,"ref_strain",84,1
"951","01_4479_0084_01",1,4479,"ref_strain",84,1
"952","01_4539_0084_01",1,4539,"ref_strain",84,1
"953","01_5846_0084_01",1,5846,"ref_strain",84,1
"954","01_5886_0084_01",1,5886,"ref_strain",84,1
"955","01_5905_0084_01",1,5905,"ref_strain",84,1
"956","01_6960_0084_01",1,6960,"ref_strain",84,1
"957","01_7617_0084_01",1,7617,"ref_strain",84,1
"958","01_7649_0084_01",1,7649,"ref_strain",84,1
"959","01_9454_0084_01",1,9454,"ref_strain",84,1
"960","01_10095_0084_01",1,10095,"ref_strain",84,1
"961","01_10188_0084_01",1,10188,"ref_strain",84,1
"962","01_11076_0084_01",1,11076,"ref_strain",84,1
"963","01_11220_0084_01",1,11220,"ref_strain",84,1
"964","01_11294_0084_01",1,11294,"ref_strain",84,1
"965","01_12010_0084_01",1,12010,"ref_strain",84,1
"966","01_12107_0084_01",1,12107,"ref_strain",84,1
"967","01_12186_0084_01",1,12186,"ref_strain",84,1
"968","01_13035_0084_01",1,13035,"ref_strain",84,1
"969","01_13223_0084_01",1,13223,"ref_strain",84,1
"970","01_13465_0084_01",1,13465,"ref_strain",84,1
"971","01_14017_0084_01",1,14017,"ref_strain",84,1
"972","01_14050_0084_01",1,14050,"ref_strain",84,1
"973","01_14150_0084_01",1,14150,"ref_strain",84,1
"974","01_14261_0084_01",1,14261,"ref_strain",84,1
"975","01_14263_0084_01",1,14263,"ref_strain",84,1
"976","01_14328_0084_01",1,14328,"ref_strain",84,1
"977","01_0553_0085_01",1,553,"ref_strain",85,1
"978","01_1171_0085_01",1,1171,"ref_strain",85,1
"979","01_1259_0085_01",1,1259,"ref_strain",85,1
"980","01_1307_0085_01",1,1307,"ref_strain",85,1
"981","01_1401_0085_01",1,1401,"ref_strain",85,1
"982","01_2395_0085_01",1,2395,"ref_strain",85,1
"983","01_3096_0085_01",1,3096,"ref_strain",85,1
"984","01_3306_0085_01",1,3306,"ref_strain",85,1
"985","01_3322_0085_01",1,3322,"ref_strain",85,1
"986","01_3586_0085_01",1,3586,"ref_strain",85,1
"987","01_3684_0085_01",1,3684,"ref_strain",85,1
"988","01_3986_0085_01",1,3986,"ref_strain",85,1
"989","01_4364_0085_01",1,4364,"ref_strain",85,1
"990","01_4389_0085_01",1,4389,"ref_strain",85,1
"991","01_4497_0085_01",1,4497,"ref_strain",85,1
"992","01_5273_0085_01",1,5273,"ref_strain",85,1
"993","01_6128_0085_01",1,6128,"ref_strain",85,1
"994","01_6269_0085_01",1,6269,"ref_strain",85,1
"995","01_6491_0085_01",1,6491,"ref_strain",85,1
"996","01_6511_0085_01",1,6511,"ref_strain",85,1
"997","01_6759_0085_01",1,6759,"ref_strain",85,1
"998","01_7204_0085_01",1,7204,"ref_strain",85,1
"999","01_7352_0085_01",1,7352,"ref_strain",85,1
"1000","01_7526_0085_01",1,7526,"ref_strain",85,1
"1001","01_7767_0085_01",1,7767,"ref_strain",85,1
"1002","01_7822_0085_01",1,7822,"ref_strain",85,1
"1003","01_7975_0085_01",1,7975,"ref_strain",85,1
"1004","01_8252_0085_01",1,8252,"ref_strain",85,1
"1005","01_8359_0085_01",1,8359,"ref_strain",85,1
"1006","01_8389_0085_01",1,8389,"ref_strain",85,1
"1007","01_8428_0085_01",1,8428,"ref_strain",85,1
"1008","01_8460_0085_01",1,8460,"ref_strain",85,1
"1009","01_8615_0085_01",1,8615,"ref_strain",85,1
"1010","01_8942_0085_01",1,8942,"ref_strain",85,1
"1011","01_9037_0085_01",1,9037,"ref_strain",85,1
"1012","01_9448_0085_01",1,9448,"ref_strain",85,1
"1013","01_10193_0085_01",1,10193,"ref_strain",85,1
"1014","01_10304_0085_01",1,10304,"ref_strain",85,1
"1015","01_10387_0085_01",1,10387,"ref_strain",85,1
"1016","01_10448_0085_01",1,10448,"ref_strain",85,1
"1017","01_10880_0085_01",1,10880,"ref_strain",85,1
"1018","01_11499_0085_01",1,11499,"ref_strain",85,1
"1019","01_13068_0085_01",1,13068,"ref_strain",85,1
"1020","01_13391_0085_01",1,13391,"ref_strain",85,1
"1021","01_13404_0085_01",1,13404,"ref_strain",85,1
"1022","01_13669_0085_01",1,13669,"ref_strain",85,1
"1023","01_14010_0085_01",1,14010,"ref_strain",85,1
"1024","01_14086_0085_01",1,14086,"ref_strain",85,1
"1025","01_14522_0085_01",1,14522,"ref_strain",85,1
"1026","01_0549_0086_01",1,549,"ref_strain",86,1
"1027","01_0563_0086_01",1,563,"ref_strain",86,1
"1028","01_0935_0086_01",1,935,"ref_strain",86,1
"1029","01_1149_0086_01",1,1149,"ref_strain",86,1
"1030","01_1213_0086_01",1,1213,"ref_strain",86,1
"1031","01_1400_0086_01",1,1400,"ref_strain",86,1
"1032","01_1725_0086_01",1,1725,"ref_strain",86,1
"1033","01_3560_0086_01",1,3560,"ref_strain",86,1
"1034","01_4527_0086_01",1,4527,"ref_strain",86,1
"1035","01_5151_0086_01",1,5151,"ref_strain",86,1
"1036","01_5237_0086_01",1,5237,"ref_strain",86,1
"1037","01_5297_0086_01",1,5297,"ref_strain",86,1
"1038","01_6566_0086_01",1,6566,"ref_strain",86,1
"1039","01_6739_0086_01",1,6739,"ref_strain",86,1
"1040","01_6890_0086_01",1,6890,"ref_strain",86,1
"1041","01_7226_0086_01",1,7226,"ref_strain",86,1
"1042","01_7742_0086_01",1,7742,"ref_strain",86,1
"1043","01_8057_0086_01",1,8057,"ref_strain",86,1
"1044","01_8082_0086_01",1,8082,"ref_strain",86,1
"1045","01_8492_0086_01",1,8492,"ref_strain",86,1
"1046","01_8784_0086_01",1,8784,"ref_strain",86,1
"1047","01_8964_0086_01",1,8964,"ref_strain",86,1
"1048","01_9214_0086_01",1,9214,"ref_strain",86,1
"1049","01_9823_0086_01",1,9823,"ref_strain",86,1
"1050","01_9924_0086_01",1,9924,"ref_strain",86,1
"1051","01_11293_0086_01",1,11293,"ref_strain",86,1
"1052","01_11306_0086_01",1,11306,"ref_strain",86,1
"1053","01_11381_0086_01",1,11381,"ref_strain",86,1
"1054","01_11486_0086_01",1,11486,"ref_strain",86,1
"1055","01_12348_0086_01",1,12348,"ref_strain",86,1
"1056","01_12844_0086_01",1,12844,"ref_strain",86,1
"1057","01_12845_0086_01",1,12845,"ref_strain",86,1
"1058","01_13288_0086_01",1,13288,"ref_strain",86,1
"1059","01_13470_0086_01",1,13470,"ref_strain",86,1
"1060","01_13927_0086_01",1,13927,"ref_strain",86,1
"1061","01_14221_0086_01",1,14221,"ref_strain",86,1
"1062","01_0298_0087_01",1,298,"ref_strain",87,1
"1063","01_0452_0087_01",1,452,"ref_strain",87,1
"1064","01_0731_0087_01",1,731,"ref_strain",87,1
"1065","01_0859_0087_01",1,859,"ref_strain",87,1
"1066","01_1176_0087_01",1,1176,"ref_strain",87,1
"1067","01_1901_0087_01",1,1901,"ref_strain",87,1
"1068","01_1925_0087_01",1,1925,"ref_strain",87,1
"1069","01_2186_0087_01",1,2186,"ref_strain",87,1
"1070","01_2309_0087_01",1,2309,"ref_strain",87,1
"1071","01_3060_0087_01",1,3060,"ref_strain",87,1
"1072","01_4238_0087_01",1,4238,"ref_strain",87,1
"1073","01_4945_0087_01",1,4945,"ref_strain",87,1
"1074","01_5188_0087_01",1,5188,"ref_strain",87,1
"1075","01_5715_0087_01",1,5715,"ref_strain",87,1
"1076","01_6277_0087_01",1,6277,"ref_strain",87,1
"1077","01_6656_0087_01",1,6656,"ref_strain",87,1
"1078","01_6665_0087_01",1,6665,"ref_strain",87,1
"1079","01_6898_0087_01",1,6898,"ref_strain",87,1
"1080","01_7320_0087_01",1,7320,"ref_strain",87,1
"1081","01_7611_0087_01",1,7611,"ref_strain",87,1
"1082","01_8145_0087_01",1,8145,"ref_strain",87,1
"1083","01_8864_0087_01",1,8864,"ref_strain",87,1
"1084","01_8869_0087_01",1,8869,"ref_strain",87,1
"1085","01_9225_0087_01",1,9225,"ref_strain",87,1
"1086","01_9334_0087_01",1,9334,"ref_strain",87,1
"1087","01_9512_0087_01",1,9512,"ref_strain",87,1
"1088","01_11179_0087_01",1,11179,"ref_strain",87,1
"1089","01_11468_0087_01",1,11468,"ref_strain",87,1
"1090","01_12421_0087_01",1,12421,"ref_strain",87,1
"1091","01_13215_0087_01",1,13215,"ref_strain",87,1
"1092","01_13428_0087_01",1,13428,"ref_strain",87,1
"1093","01_14197_0087_01",1,14197,"ref_strain",87,1
"1094","01_14284_0087_01",1,14284,"ref_strain",87,1
"1095","01_14294_0087_01",1,14294,"ref_strain",87,1
"1096","01_14545_0087_01",1,14545,"ref_strain",87,1
"1097","01_0770_0088_01",1,770,"ref_strain",88,1
"1098","01_1071_0088_01",1,1071,"ref_strain",88,1
"1099","01_2040_0088_01",1,2040,"ref_strain",88,1
"1100","01_2464_0088_01",1,2464,"ref_strain",88,1
"1101","01_3252_0088_01",1,3252,"ref_strain",88,1
"1102","01_3420_0088_01",1,3420,"ref_strain",88,1
"1103","01_3642_0088_01",1,3642,"ref_strain",88,1
"1104","01_4328_0088_01",1,4328,"ref_strain",88,1
"1105","01_4913_0088_01",1,4913,"ref_strain",88,1
"1106","01_5366_0088_01",1,5366,"ref_strain",88,1
"1107","01_5631_0088_01",1,5631,"ref_strain",88,1
"1108","01_5976_0088_01",1,5976,"ref_strain",88,1
"1109","01_6407_0088_01",1,6407,"ref_strain",88,1
"1110","01_8154_0088_01",1,8154,"ref_strain",88,1
"1111","01_8208_0088_01",1,8208,"ref_strain",88,1
"1112","01_8443_0088_01",1,8443,"ref_strain",88,1
"1113","01_8646_0088_01",1,8646,"ref_strain",88,1
"1114","01_8653_0088_01",1,8653,"ref_strain",88,1
"1115","01_9248_0088_01",1,9248,"ref_strain",88,1
"1116","01_9856_0088_01",1,9856,"ref_strain",88,1
"1117","01_10077_0088_01",1,10077,"ref_strain",88,1
"1118","01_10454_0088_01",1,10454,"ref_strain",88,1
"1119","01_10635_0088_01",1,10635,"ref_strain",88,1
"1120","01_10655_0088_01",1,10655,"ref_strain",88,1
"1121","01_10762_0088_01",1,10762,"ref_strain",88,1
"1122","01_11327_0088_01",1,11327,"ref_strain",88,1
"1123","01_11958_0088_01",1,11958,"ref_strain",88,1
"1124","01_12016_0088_01",1,12016,"ref_strain",88,1
"1125","01_12199_0088_01",1,12199,"ref_strain",88,1
"1126","01_12247_0088_01",1,12247,"ref_strain",88,1
"1127","01_12334_0088_01",1,12334,"ref_strain",88,1
"1128","01_12539_0088_01",1,12539,"ref_strain",88,1
"1129","01_12867_0088_01",1,12867,"ref_strain",88,1
"1130","01_12902_0088_01",1,12902,"ref_strain",88,1
"1131","01_12992_0088_01",1,12992,"ref_strain",88,1
"1132","01_13056_0088_01",1,13056,"ref_strain",88,1
"1133","01_13228_0088_01",1,13228,"ref_strain",88,1
"1134","01_13367_0088_01",1,13367,"ref_strain",88,1
"1135","01_13418_0088_01",1,13418,"ref_strain",88,1
"1136","01_13741_0088_01",1,13741,"ref_strain",88,1
"1137","01_13871_0088_01",1,13871,"ref_strain",88,1
"1138","01_14089_0088_01",1,14089,"ref_strain",88,1
"1139","01_1741_0089_01",1,1741,"ref_strain",89,1
"1140","01_2515_0089_01",1,2515,"ref_strain",89,1
"1141","01_2519_0089_01",1,2519,"ref_strain",89,1
"1142","01_2621_0089_01",1,2621,"ref_strain",89,1
"1143","01_2876_0089_01",1,2876,"ref_strain",89,1
"1144","01_3270_0089_01",1,3270,"ref_strain",89,1
"1145","01_3318_0089_01",1,3318,"ref_strain",89,1
"1146","01_3428_0089_01",1,3428,"ref_strain",89,1
"1147","01_3739_0089_01",1,3739,"ref_strain",89,1
"1148","01_3782_0089_01",1,3782,"ref_strain",89,1
"1149","01_3890_0089_01",1,3890,"ref_strain",89,1
"1150","01_4126_0089_01",1,4126,"ref_strain",89,1
"1151","01_4429_0089_01",1,4429,"ref_strain",89,1
"1152","01_4557_0089_01",1,4557,"ref_strain",89,1
"1153","01_4576_0089_01",1,4576,"ref_strain",89,1
"1154","01_4930_0089_01",1,4930,"ref_strain",89,1
"1155","01_5049_0089_01",1,5049,"ref_strain",89,1
"1156","01_5198_0089_01",1,5198,"ref_strain",89,1
"1157","01_5385_0089_01",1,5385,"ref_strain",89,1
"1158","01_5677_0089_01",1,5677,"ref_strain",89,1
"1159","01_5913_0089_01",1,5913,"ref_strain",89,1
"1160","01_6569_0089_01",1,6569,"ref_strain",89,1
"1161","01_6886_0089_01",1,6886,"ref_strain",89,1
"1162","01_7201_0089_01",1,7201,"ref_strain",89,1
"1163","01_7208_0089_01",1,7208,"ref_strain",89,1
"1164","01_7257_0089_01",1,7257,"ref_strain",89,1
"1165","01_7384_0089_01",1,7384,"ref_strain",89,1
"1166","01_7650_0089_01",1,7650,"ref_strain",89,1
"1167","01_8782_0089_01",1,8782,"ref_strain",89,1
"1168","01_8857_0089_01",1,8857,"ref_strain",89,1
"1169","01_8875_0089_01",1,8875,"ref_strain",89,1
"1170","01_9070_0089_01",1,9070,"ref_strain",89,1
"1171","01_9259_0089_01",1,9259,"ref_strain",89,1
"1172","01_9422_0089_01",1,9422,"ref_strain",89,1
"1173","01_9429_0089_01",1,9429,"ref_strain",89,1
"1174","01_9715_0089_01",1,9715,"ref_strain",89,1
"1175","01_9907_0089_01",1,9907,"ref_strain",89,1
"1176","01_10849_0089_01",1,10849,"ref_strain",89,1
"1177","01_11880_0089_01",1,11880,"ref_strain",89,1
"1178","01_12076_0089_01",1,12076,"ref_strain",89,1
"1179","01_12201_0089_01",1,12201,"ref_strain",89,1
"1180","01_12450_0089_01",1,12450,"ref_strain",89,1
"1181","01_12603_0089_01",1,12603,"ref_strain",89,1
"1182","01_13251_0089_01",1,13251,"ref_strain",89,1
"1183","01_13526_0089_01",1,13526,"ref_strain",89,1
"1184","01_13658_0089_01",1,13658,"ref_strain",89,1
"1185","01_13873_0089_01",1,13873,"ref_strain",89,1
"1186","01_13878_0089_01",1,13878,"ref_strain",89,1
"1187","01_13882_0089_01",1,13882,"ref_strain",89,1
"1188","01_13971_0089_01",1,13971,"ref_strain",89,1
"1189","01_13995_0089_01",1,13995,"ref_strain",89,1
"1190","01_14131_0089_01",1,14131,"ref_strain",89,1
"1191","01_14220_0089_01",1,14220,"ref_strain",89,1
"1192","01_0287_0090_01",1,287,"ref_strain",90,1
"1193","01_0307_0090_01",1,307,"ref_strain",90,1
"1194","01_0371_0090_01",1,371,"ref_strain",90,1
"1195","01_1316_0090_01",1,1316,"ref_strain",90,1
"1196","01_1785_0090_01",1,1785,"ref_strain",90,1
"1197","01_1850_0090_01",1,1850,"ref_strain",90,1
"1198","01_2698_0090_01",1,2698,"ref_strain",90,1
"1199","01_2851_0090_01",1,2851,"ref_strain",90,1
"1200","01_2886_0090_01",1,2886,"ref_strain",90,1
"1201","01_3611_0090_01",1,3611,"ref_strain",90,1
"1202","01_3790_0090_01",1,3790,"ref_strain",90,1
"1203","01_4292_0090_01",1,4292,"ref_strain",90,1
"1204","01_4414_0090_01",1,4414,"ref_strain",90,1
"1205","01_4526_0090_01",1,4526,"ref_strain",90,1
"1206","01_4869_0090_01",1,4869,"ref_strain",90,1
"1207","01_5175_0090_01",1,5175,"ref_strain",90,1
"1208","01_5208_0090_01",1,5208,"ref_strain",90,1
"1209","01_5544_0090_01",1,5544,"ref_strain",90,1
"1210","01_5925_0090_01",1,5925,"ref_strain",90,1
"1211","01_6774_0090_01",1,6774,"ref_strain",90,1
"1212","01_6793_0090_01",1,6793,"ref_strain",90,1
"1213","01_7026_0090_01",1,7026,"ref_strain",90,1
"1214","01_7579_0090_01",1,7579,"ref_strain",90,1
"1215","01_8802_0090_01",1,8802,"ref_strain",90,1
"1216","01_9336_0090_01",1,9336,"ref_strain",90,1
"1217","01_9442_0090_01",1,9442,"ref_strain",90,1
"1218","01_9637_0090_01",1,9637,"ref_strain",90,1
"1219","01_9683_0090_01",1,9683,"ref_strain",90,1
"1220","01_9717_0090_01",1,9717,"ref_strain",90,1
"1221","01_9844_0090_01",1,9844,"ref_strain",90,1
"1222","01_9982_0090_01",1,9982,"ref_strain",90,1
"1223","01_10330_0090_01",1,10330,"ref_strain",90,1
"1224","01_10439_0090_01",1,10439,"ref_strain",90,1
"1225","01_10537_0090_01",1,10537,"ref_strain",90,1
"1226","01_10680_0090_01",1,10680,"ref_strain",90,1
"1227","01_10699_0090_01",1,10699,"ref_strain",90,1
"1228","01_12810_0090_01",1,12810,"ref_strain",90,1
"1229","01_12950_0090_01",1,12950,"ref_strain",90,1
"1230","01_12957_0090_01",1,12957,"ref_strain",90,1
"1231","01_13188_0090_01",1,13188,"ref_strain",90,1
"1232","01_13232_0090_01",1,13232,"ref_strain",90,1
"1233","01_13356_0090_01",1,13356,"ref_strain",90,1
"1234","01_13396_0090_01",1,13396,"ref_strain",90,1
"1235","01_13457_0090_01",1,13457,"ref_strain",90,1
"1236","01_13540_0090_01",1,13540,"ref_strain",90,1
"1237","01_13715_0090_01",1,13715,"ref_strain",90,1
"1238","01_13985_0090_01",1,13985,"ref_strain",90,1
"1239","01_14205_0090_01",1,14205,"ref_strain",90,1
"1240","01_14580_0090_01",1,14580,"ref_strain",90,1
"1241","01_0007_0091_01",1,7,"ref_strain",91,1
"1242","01_0023_0091_01",1,23,"ref_strain",91,1
"1243","01_0548_0091_01",1,548,"ref_strain",91,1
"1244","01_0680_0091_01",1,680,"ref_strain",91,1
"1245","01_0685_0091_01",1,685,"ref_strain",91,1
"1246","01_0879_0091_01",1,879,"ref_strain",91,1
"1247","01_0915_0091_01",1,915,"ref_strain",91,1
"1248","01_1704_0091_01",1,1704,"ref_strain",91,1
"1249","01_1818_0091_01",1,1818,"ref_strain",91,1
"1250","01_2013_0091_01",1,2013,"ref_strain",91,1
"1251","01_2207_0091_01",1,2207,"ref_strain",91,1
"1252","01_2974_0091_01",1,2974,"ref_strain",91,1
"1253","01_3223_0091_01",1,3223,"ref_strain",91,1
"1254","01_3548_0091_01",1,3548,"ref_strain",91,1
"1255","01_3686_0091_01",1,3686,"ref_strain",91,1
"1256","01_4396_0091_01",1,4396,"ref_strain",91,1
"1257","01_4441_0091_01",1,4441,"ref_strain",91,1
"1258","01_4572_0091_01",1,4572,"ref_strain",91,1
"1259","01_4605_0091_01",1,4605,"ref_strain",91,1
"1260","01_4616_0091_01",1,4616,"ref_strain",91,1
"1261","01_5646_0091_01",1,5646,"ref_strain",91,1
"1262","01_5906_0091_01",1,5906,"ref_strain",91,1
"1263","01_6174_0091_01",1,6174,"ref_strain",91,1
"1264","01_6194_0091_01",1,6194,"ref_strain",91,1
"1265","01_6744_0091_01",1,6744,"ref_strain",91,1
"1266","01_6810_0091_01",1,6810,"ref_strain",91,1
"1267","01_7109_0091_01",1,7109,"ref_strain",91,1
"1268","01_7721_0091_01",1,7721,"ref_strain",91,1
"1269","01_8202_0091_01",1,8202,"ref_strain",91,1
"1270","01_8240_0091_01",1,8240,"ref_strain",91,1
"1271","01_8295_0091_01",1,8295,"ref_strain",91,1
"1272","01_8694_0091_01",1,8694,"ref_strain",91,1
"1273","01_9277_0091_01",1,9277,"ref_strain",91,1
"1274","01_9390_0091_01",1,9390,"ref_strain",91,1
"1275","01_10358_0091_01",1,10358,"ref_strain",91,1
"1276","01_10866_0091_01",1,10866,"ref_strain",91,1
"1277","01_11490_0091_01",1,11490,"ref_strain",91,1
"1278","01_12752_0091_01",1,12752,"ref_strain",91,1
"1279","01_12869_0091_01",1,12869,"ref_strain",91,1
"1280","01_12979_0091_01",1,12979,"ref_strain",91,1
"1281","01_13616_0091_01",1,13616,"ref_strain",91,1
"1282","01_13813_0091_01",1,13813,"ref_strain",91,1
"1283","01_0057_0092_01",1,57,"ref_strain",92,1
"1284","01_0094_0092_01",1,94,"ref_strain",92,1
"1285","01_0289_0092_01",1,289,"ref_strain",92,1
"1286","01_0333_0092_01",1,333,"ref_strain",92,1
"1287","01_0402_0092_01",1,402,"ref_strain",92,1
"1288","01_0585_0092_01",1,585,"ref_strain",92,1
"1289","01_1347_0092_01",1,1347,"ref_strain",92,1
"1290","01_1356_0092_01",1,1356,"ref_strain",92,1
"1291","01_1486_0092_01",1,1486,"ref_strain",92,1
"1292","01_1565_0092_01",1,1565,"ref_strain",92,1
"1293","01_1824_0092_01",1,1824,"ref_strain",92,1
"1294","01_2616_0092_01",1,2616,"ref_strain",92,1
"1295","01_2789_0092_01",1,2789,"ref_strain",92,1
"1296","01_3116_0092_01",1,3116,"ref_strain",92,1
"1297","01_3145_0092_01",1,3145,"ref_strain",92,1
"1298","01_3147_0092_01",1,3147,"ref_strain",92,1
"1299","01_3253_0092_01",1,3253,"ref_strain",92,1
"1300","01_3333_0092_01",1,3333,"ref_strain",92,1
"1301","01_3457_0092_01",1,3457,"ref_strain",92,1
"1302","01_3567_0092_01",1,3567,"ref_strain",92,1
"1303","01_4155_0092_01",1,4155,"ref_strain",92,1
"1304","01_4257_0092_01",1,4257,"ref_strain",92,1
"1305","01_4385_0092_01",1,4385,"ref_strain",92,1
"1306","01_4420_0092_01",1,4420,"ref_strain",92,1
"1307","01_4549_0092_01",1,4549,"ref_strain",92,1
"1308","01_5964_0092_01",1,5964,"ref_strain",92,1
"1309","01_6176_0092_01",1,6176,"ref_strain",92,1
"1310","01_6514_0092_01",1,6514,"ref_strain",92,1
"1311","01_6709_0092_01",1,6709,"ref_strain",92,1
"1312","01_6870_0092_01",1,6870,"ref_strain",92,1
"1313","01_6930_0092_01",1,6930,"ref_strain",92,1
"1314","01_7051_0092_01",1,7051,"ref_strain",92,1
"1315","01_7473_0092_01",1,7473,"ref_strain",92,1
"1316","01_7977_0092_01",1,7977,"ref_strain",92,1
"1317","01_8031_0092_01",1,8031,"ref_strain",92,1
"1318","01_8148_0092_01",1,8148,"ref_strain",92,1
"1319","01_8470_0092_01",1,8470,"ref_strain",92,1
"1320","01_8915_0092_01",1,8915,"ref_strain",92,1
"1321","01_9681_0092_01",1,9681,"ref_strain",92,1
"1322","01_9759_0092_01",1,9759,"ref_strain",92,1
"1323","01_9884_0092_01",1,9884,"ref_strain",92,1
"1324","01_9951_0092_01",1,9951,"ref_strain",92,1
"1325","01_10198_0092_01",1,10198,"ref_strain",92,1
"1326","01_10478_0092_01",1,10478,"ref_strain",92,1
"1327","01_10748_0092_01",1,10748,"ref_strain",92,1
"1328","01_10909_0092_01",1,10909,"ref_strain",92,1
"1329","01_11123_0092_01",1,11123,"ref_strain",92,1
"1330","01_11383_0092_01",1,11383,"ref_strain",92,1
"1331","01_11386_0092_01",1,11386,"ref_strain",92,1
"1332","01_12009_0092_01",1,12009,"ref_strain",92,1
"1333","01_12723_0092_01",1,12723,"ref_strain",92,1
"1334","01_13617_0092_01",1,13617,"ref_strain",92,1
"1335","01_14070_0092_01",1,14070,"ref_strain",92,1
"1336","01_14110_0092_01",1,14110,"ref_strain",92,1
"1337","01_1471_0093_01",1,1471,"ref_strain",93,1
"1338","01_1825_0093_01",1,1825,"ref_strain",93,1
"1339","01_2324_0093_01",1,2324,"ref_strain",93,1
"1340","01_2691_0093_01",1,2691,"ref_strain",93,1
"1341","01_2988_0093_01",1,2988,"ref_strain",93,1
"1342","01_3806_0093_01",1,3806,"ref_strain",93,1
"1343","01_4397_0093_01",1,4397,"ref_strain",93,1
"1344","01_4614_0093_01",1,4614,"ref_strain",93,1
"1345","01_5235_0093_01",1,5235,"ref_strain",93,1
"1346","01_5391_0093_01",1,5391,"ref_strain",93,1
"1347","01_5712_0093_01",1,5712,"ref_strain",93,1
"1348","01_6201_0093_01",1,6201,"ref_strain",93,1
"1349","01_6315_0093_01",1,6315,"ref_strain",93,1
"1350","01_6718_0093_01",1,6718,"ref_strain",93,1
"1351","01_6931_0093_01",1,6931,"ref_strain",93,1
"1352","01_7243_0093_01",1,7243,"ref_strain",93,1
"1353","01_7502_0093_01",1,7502,"ref_strain",93,1
"1354","01_7557_0093_01",1,7557,"ref_strain",93,1
"1355","01_8004_0093_01",1,8004,"ref_strain",93,1
"1356","01_8645_0093_01",1,8645,"ref_strain",93,1
"1357","01_10034_0093_01",1,10034,"ref_strain",93,1
"1358","01_10392_0093_01",1,10392,"ref_strain",93,1
"1359","01_10551_0093_01",1,10551,"ref_strain",93,1
"1360","01_10998_0093_01",1,10998,"ref_strain",93,1
"1361","01_11095_0093_01",1,11095,"ref_strain",93,1
"1362","01_11153_0093_01",1,11153,"ref_strain",93,1
"1363","01_11166_0093_01",1,11166,"ref_strain",93,1
"1364","01_11335_0093_01",1,11335,"ref_strain",93,1
"1365","01_11378_0093_01",1,11378,"ref_strain",93,1
"1366","01_11404_0093_01",1,11404,"ref_strain",93,1
"1367","01_11407_0093_01",1,11407,"ref_strain",93,1
"1368","01_11789_0093_01",1,11789,"ref_strain",93,1
"1369","01_11840_0093_01",1,11840,"ref_strain",93,1
"1370","01_11876_0093_01",1,11876,"ref_strain",93,1
"1371","01_12040_0093_01",1,12040,"ref_strain",93,1
"1372","01_12466_0093_01",1,12466,"ref_strain",93,1
"1373","01_12602_0093_01",1,12602,"ref_strain",93,1
"1374","01_12859_0093_01",1,12859,"ref_strain",93,1
"1375","01_13495_0093_01",1,13495,"ref_strain",93,1
"1376","01_13610_0093_01",1,13610,"ref_strain",93,1
"1377","01_13683_0093_01",1,13683,"ref_strain",93,1
"1378","01_14289_0093_01",1,14289,"ref_strain",93,1
"1379","01_0147_0094_01",1,147,"ref_strain",94,1
"1380","01_0201_0094_01",1,201,"ref_strain",94,1
"1381","01_0420_0094_01",1,420,"ref_strain",94,1
"1382","01_0620_0094_01",1,620,"ref_strain",94,1
"1383","01_1052_0094_01",1,1052,"ref_strain",94,1
"1384","01_1312_0094_01",1,1312,"ref_strain",94,1
"1385","01_1504_0094_01",1,1504,"ref_strain",94,1
"1386","01_2016_0094_01",1,2016,"ref_strain",94,1
"1387","01_2333_0094_01",1,2333,"ref_strain",94,1
"1388","01_3139_0094_01",1,3139,"ref_strain",94,1
"1389","01_3429_0094_01",1,3429,"ref_strain",94,1
"1390","01_3550_0094_01",1,3550,"ref_strain",94,1
"1391","01_4075_0094_01",1,4075,"ref_strain",94,1
"1392","01_4975_0094_01",1,4975,"ref_strain",94,1
"1393","01_5039_0094_01",1,5039,"ref_strain",94,1
"1394","01_5165_0094_01",1,5165,"ref_strain",94,1
"1395","01_5497_0094_01",1,5497,"ref_strain",94,1
"1396","01_5683_0094_01",1,5683,"ref_strain",94,1
"1397","01_6272_0094_01",1,6272,"ref_strain",94,1
"1398","01_6704_0094_01",1,6704,"ref_strain",94,1
"1399","01_6912_0094_01",1,6912,"ref_strain",94,1
"1400","01_8120_0094_01",1,8120,"ref_strain",94,1
"1401","01_8486_0094_01",1,8486,"ref_strain",94,1
"1402","01_8988_0094_01",1,8988,"ref_strain",94,1
"1403","01_9205_0094_01",1,9205,"ref_strain",94,1
"1404","01_9834_0094_01",1,9834,"ref_strain",94,1
"1405","01_10501_0094_01",1,10501,"ref_strain",94,1
"1406","01_10532_0094_01",1,10532,"ref_strain",94,1
"1407","01_10594_0094_01",1,10594,"ref_strain",94,1
"1408","01_10676_0094_01",1,10676,"ref_strain",94,1
"1409","01_10776_0094_01",1,10776,"ref_strain",94,1
"1410","01_10894_0094_01",1,10894,"ref_strain",94,1
"1411","01_11467_0094_01",1,11467,"ref_strain",94,1
"1412","01_11715_0094_01",1,11715,"ref_strain",94,1
"1413","01_11928_0094_01",1,11928,"ref_strain",94,1
"1414","01_12467_0094_01",1,12467,"ref_strain",94,1
"1415","01_12534_0094_01",1,12534,"ref_strain",94,1
"1416","01_12622_0094_01",1,12622,"ref_strain",94,1
"1417","01_12753_0094_01",1,12753,"ref_strain",94,1
"1418","01_13036_0094_01",1,13036,"ref_strain",94,1
"1419","01_13193_0094_01",1,13193,"ref_strain",94,1
"1420","01_13727_0094_01",1,13727,"ref_strain",94,1
"1421","01_14329_0094_01",1,14329,"ref_strain",94,1
"1422","01_14536_0094_01",1,14536,"ref_strain",94,1
"1423","01_14569_0094_01",1,14569,"ref_strain",94,1
"1424","01_0186_0095_01",1,186,"ref_strain",95,1
"1425","01_0229_0095_01",1,229,"ref_strain",95,1
"1426","01_0963_0095_01",1,963,"ref_strain",95,1
"1427","01_1300_0095_01",1,1300,"ref_strain",95,1
"1428","01_1440_0095_01",1,1440,"ref_strain",95,1
"1429","01_2346_0095_01",1,2346,"ref_strain",95,1
"1430","01_2418_0095_01",1,2418,"ref_strain",95,1
"1431","01_2889_0095_01",1,2889,"ref_strain",95,1
"1432","01_2918_0095_01",1,2918,"ref_strain",95,1
"1433","01_4431_0095_01",1,4431,"ref_strain",95,1
"1434","01_5211_0095_01",1,5211,"ref_strain",95,1
"1435","01_6115_0095_01",1,6115,"ref_strain",95,1
"1436","01_6299_0095_01",1,6299,"ref_strain",95,1
"1437","01_7253_0095_01",1,7253,"ref_strain",95,1
"1438","01_7430_0095_01",1,7430,"ref_strain",95,1
"1439","01_7449_0095_01",1,7449,"ref_strain",95,1
"1440","01_7905_0095_01",1,7905,"ref_strain",95,1
"1441","01_8705_0095_01",1,8705,"ref_strain",95,1
"1442","01_8718_0095_01",1,8718,"ref_strain",95,1
"1443","01_9133_0095_01",1,9133,"ref_strain",95,1
"1444","01_9283_0095_01",1,9283,"ref_strain",95,1
"1445","01_9553_0095_01",1,9553,"ref_strain",95,1
"1446","01_9910_0095_01",1,9910,"ref_strain",95,1
"1447","01_10225_0095_01",1,10225,"ref_strain",95,1
"1448","01_10267_0095_01",1,10267,"ref_strain",95,1
"1449","01_10447_0095_01",1,10447,"ref_strain",95,1
"1450","01_10555_0095_01",1,10555,"ref_strain",95,1
"1451","01_10715_0095_01",1,10715,"ref_strain",95,1
"1452","01_11638_0095_01",1,11638,"ref_strain",95,1
"1453","01_12532_0095_01",1,12532,"ref_strain",95,1
"1454","01_13001_0095_01",1,13001,"ref_strain",95,1
"1455","01_13008_0095_01",1,13008,"ref_strain",95,1
"1456","01_13187_0095_01",1,13187,"ref_strain",95,1
"1457","01_13716_0095_01",1,13716,"ref_strain",95,1
"1458","01_13804_0095_01",1,13804,"ref_strain",95,1
"1459","01_13874_0095_01",1,13874,"ref_strain",95,1
"1460","01_14107_0095_01",1,14107,"ref_strain",95,1
"1461","01_14426_0095_01",1,14426,"ref_strain",95,1
"1462","01_0101_0096_01",1,101,"ref_strain",96,1
"1463","01_0475_0096_01",1,475,"ref_strain",96,1
"1464","01_0602_0096_01",1,602,"ref_strain",96,1
"1465","01_0701_0096_01",1,701,"ref_strain",96,1
"1466","01_1392_0096_01",1,1392,"ref_strain",96,1
"1467","01_1465_0096_01",1,1465,"ref_strain",96,1
"1468","01_2351_0096_01",1,2351,"ref_strain",96,1
"1469","01_2667_0096_01",1,2667,"ref_strain",96,1
"1470","01_2708_0096_01",1,2708,"ref_strain",96,1
"1471","01_3225_0096_01",1,3225,"ref_strain",96,1
"1472","01_3693_0096_01",1,3693,"ref_strain",96,1
"1473","01_4173_0096_01",1,4173,"ref_strain",96,1
"1474","01_4315_0096_01",1,4315,"ref_strain",96,1
"1475","01_4763_0096_01",1,4763,"ref_strain",96,1
"1476","01_6117_0096_01",1,6117,"ref_strain",96,1
"1477","01_6150_0096_01",1,6150,"ref_strain",96,1
"1478","01_6303_0096_01",1,6303,"ref_strain",96,1
"1479","01_6305_0096_01",1,6305,"ref_strain",96,1
"1480","01_6412_0096_01",1,6412,"ref_strain",96,1
"1481","01_6436_0096_01",1,6436,"ref_strain",96,1
"1482","01_6518_0096_01",1,6518,"ref_strain",96,1
"1483","01_6917_0096_01",1,6917,"ref_strain",96,1
"1484","01_7192_0096_01",1,7192,"ref_strain",96,1
"1485","01_7285_0096_01",1,7285,"ref_strain",96,1
"1486","01_7829_0096_01",1,7829,"ref_strain",96,1
"1487","01_8347_0096_01",1,8347,"ref_strain",96,1
"1488","01_8553_0096_01",1,8553,"ref_strain",96,1
"1489","01_8612_0096_01",1,8612,"ref_strain",96,1
"1490","01_8614_0096_01",1,8614,"ref_strain",96,1
"1491","01_9922_0096_01",1,9922,"ref_strain",96,1
"1492","01_10042_0096_01",1,10042,"ref_strain",96,1
"1493","01_10294_0096_01",1,10294,"ref_strain",96,1
"1494","01_10498_0096_01",1,10498,"ref_strain",96,1
"1495","01_10812_0096_01",1,10812,"ref_strain",96,1
"1496","01_10830_0096_01",1,10830,"ref_strain",96,1
"1497","01_10937_0096_01",1,10937,"ref_strain",96,1
"1498","01_11543_0096_01",1,11543,"ref_strain",96,1
"1499","01_11798_0096_01",1,11798,"ref_strain",96,1
"1500","01_11810_0096_01",1,11810,"ref_strain",96,1
"1501","01_12158_0096_01",1,12158,"ref_strain",96,1
"1502","01_12543_0096_01",1,12543,"ref_strain",96,1
"1503","01_13050_0096_01",1,13050,"ref_strain",96,1
"1504","01_13378_0096_01",1,13378,"ref_strain",96,1
"1505","01_13426_0096_01",1,13426,"ref_strain",96,1
"1506","01_13542_0096_01",1,13542,"ref_strain",96,1
"1507","01_13935_0096_01",1,13935,"ref_strain",96,1
"1508","01_14155_0096_01",1,14155,"ref_strain",96,1
"1509","01_14188_0096_01",1,14188,"ref_strain",96,1
"1510","01_0041_0097_01",1,41,"ref_strain",97,1
"1511","01_0055_0097_01",1,55,"ref_strain",97,1
"1512","01_0461_0097_01",1,461,"ref_strain",97,1
"1513","01_0552_0097_01",1,552,"ref_strain",97,1
"1514","01_0828_0097_01",1,828,"ref_strain",97,1
"1515","01_0876_0097_01",1,876,"ref_strain",97,1
"1516","01_1234_0097_01",1,1234,"ref_strain",97,1
"1517","01_1554_0097_01",1,1554,"ref_strain",97,1
"1518","01_2056_0097_01",1,2056,"ref_strain",97,1
"1519","01_2152_0097_01",1,2152,"ref_strain",97,1
"1520","01_2182_0097_01",1,2182,"ref_strain",97,1
"1521","01_2348_0097_01",1,2348,"ref_strain",97,1
"1522","01_2379_0097_01",1,2379,"ref_strain",97,1
"1523","01_2488_0097_01",1,2488,"ref_strain",97,1
"1524","01_2522_0097_01",1,2522,"ref_strain",97,1
"1525","01_2881_0097_01",1,2881,"ref_strain",97,1
"1526","01_2979_0097_01",1,2979,"ref_strain",97,1
"1527","01_3367_0097_01",1,3367,"ref_strain",97,1
"1528","01_3578_0097_01",1,3578,"ref_strain",97,1
"1529","01_3620_0097_01",1,3620,"ref_strain",97,1
"1530","01_4295_0097_01",1,4295,"ref_strain",97,1
"1531","01_4865_0097_01",1,4865,"ref_strain",97,1
"1532","01_5027_0097_01",1,5027,"ref_strain",97,1
"1533","01_5416_0097_01",1,5416,"ref_strain",97,1
"1534","01_5505_0097_01",1,5505,"ref_strain",97,1
"1535","01_5602_0097_01",1,5602,"ref_strain",97,1
"1536","01_5604_0097_01",1,5604,"ref_strain",97,1
"1537","01_6102_0097_01",1,6102,"ref_strain",97,1
"1538","01_6580_0097_01",1,6580,"ref_strain",97,1
"1539","01_6693_0097_01",1,6693,"ref_strain",97,1
"1540","01_6895_0097_01",1,6895,"ref_strain",97,1
"1541","01_6937_0097_01",1,6937,"ref_strain",97,1
"1542","01_7083_0097_01",1,7083,"ref_strain",97,1
"1543","01_7232_0097_01",1,7232,"ref_strain",97,1
"1544","01_7494_0097_01",1,7494,"ref_strain",97,1
"1545","01_8005_0097_01",1,8005,"ref_strain",97,1
"1546","01_8213_0097_01",1,8213,"ref_strain",97,1
"1547","01_8367_0097_01",1,8367,"ref_strain",97,1
"1548","01_8456_0097_01",1,8456,"ref_strain",97,1
"1549","01_8508_0097_01",1,8508,"ref_strain",97,1
"1550","01_8626_0097_01",1,8626,"ref_strain",97,1
"1551","01_9152_0097_01",1,9152,"ref_strain",97,1
"1552","01_9379_0097_01",1,9379,"ref_strain",97,1
"1553","01_9580_0097_01",1,9580,"ref_strain",97,1
"1554","01_9847_0097_01",1,9847,"ref_strain",97,1
"1555","01_10074_0097_01",1,10074,"ref_strain",97,1
"1556","01_10249_0097_01",1,10249,"ref_strain",97,1
"1557","01_10556_0097_01",1,10556,"ref_strain",97,1
"1558","01_10640_0097_01",1,10640,"ref_strain",97,1
"1559","01_11090_0097_01",1,11090,"ref_strain",97,1
"1560","01_11501_0097_01",1,11501,"ref_strain",97,1
"1561","01_11946_0097_01",1,11946,"ref_strain",97,1
"1562","01_12022_0097_01",1,12022,"ref_strain",97,1
"1563","01_12304_0097_01",1,12304,"ref_strain",97,1
"1564","01_12554_0097_01",1,12554,"ref_strain",97,1
"1565","01_12599_0097_01",1,12599,"ref_strain",97,1
"1566","01_13123_0097_01",1,13123,"ref_strain",97,1
"1567","01_13238_0097_01",1,13238,"ref_strain",97,1
"1568","01_13875_0097_01",1,13875,"ref_strain",97,1
"1569","01_13982_0097_01",1,13982,"ref_strain",97,1
"1570","01_14009_0097_01",1,14009,"ref_strain",97,1
"1571","01_14051_0097_01",1,14051,"ref_strain",97,1
"1572","01_14166_0097_01",1,14166,"ref_strain",97,1
"1573","01_0009_0098_01",1,9,"ref_strain",98,1
"1574","01_1081_0098_01",1,1081,"ref_strain",98,1
"1575","01_1090_0098_01",1,1090,"ref_strain",98,1
"1576","01_1102_0098_01",1,1102,"ref_strain",98,1
"1577","01_1583_0098_01",1,1583,"ref_strain",98,1
"1578","01_1943_0098_01",1,1943,"ref_strain",98,1
"1579","01_2067_0098_01",1,2067,"ref_strain",98,1
"1580","01_2266_0098_01",1,2266,"ref_strain",98,1
"1581","01_2462_0098_01",1,2462,"ref_strain",98,1
"1582","01_2596_0098_01",1,2596,"ref_strain",98,1
"1583","01_2673_0098_01",1,2673,"ref_strain",98,1
"1584","01_2741_0098_01",1,2741,"ref_strain",98,1
"1585","01_2935_0098_01",1,2935,"ref_strain",98,1
"1586","01_3439_0098_01",1,3439,"ref_strain",98,1
"1587","01_3621_0098_01",1,3621,"ref_strain",98,1
"1588","01_3843_0098_01",1,3843,"ref_strain",98,1
"1589","01_3991_0098_01",1,3991,"ref_strain",98,1
"1590","01_4260_0098_01",1,4260,"ref_strain",98,1
"1591","01_4368_0098_01",1,4368,"ref_strain",98,1
"1592","01_5119_0098_01",1,5119,"ref_strain",98,1
"1593","01_5351_0098_01",1,5351,"ref_strain",98,1
"1594","01_5469_0098_01",1,5469,"ref_strain",98,1
"1595","01_5825_0098_01",1,5825,"ref_strain",98,1
"1596","01_6822_0098_01",1,6822,"ref_strain",98,1
"1597","01_8080_0098_01",1,8080,"ref_strain",98,1
"1598","01_8136_0098_01",1,8136,"ref_strain",98,1
"1599","01_8750_0098_01",1,8750,"ref_strain",98,1
"1600","01_8876_0098_01",1,8876,"ref_strain",98,1
"1601","01_8974_0098_01",1,8974,"ref_strain",98,1
"1602","01_9098_0098_01",1,9098,"ref_strain",98,1
"1603","01_9198_0098_01",1,9198,"ref_strain",98,1
"1604","01_9479_0098_01",1,9479,"ref_strain",98,1
"1605","01_9568_0098_01",1,9568,"ref_strain",98,1
"1606","01_10055_0098_01",1,10055,"ref_strain",98,1
"1607","01_10234_0098_01",1,10234,"ref_strain",98,1
"1608","01_10899_0098_01",1,10899,"ref_strain",98,1
"1609","01_11743_0098_01",1,11743,"ref_strain",98,1
"1610","01_11779_0098_01",1,11779,"ref_strain",98,1
"1611","01_11787_0098_01",1,11787,"ref_strain",98,1
"1612","01_11838_0098_01",1,11838,"ref_strain",98,1
"1613","01_11998_0098_01",1,11998,"ref_strain",98,1
"1614","01_12464_0098_01",1,12464,"ref_strain",98,1
"1615","01_13028_0098_01",1,13028,"ref_strain",98,1
"1616","01_13347_0098_01",1,13347,"ref_strain",98,1
"1617","01_14177_0098_01",1,14177,"ref_strain",98,1
"1618","01_0732_0099_01",1,732,"ref_strain",99,1
"1619","01_0827_0099_01",1,827,"ref_strain",99,1
"1620","01_1076_0099_01",1,1076,"ref_strain",99,1
"1621","01_1823_0099_01",1,1823,"ref_strain",99,1
"1622","01_1931_0099_01",1,1931,"ref_strain",99,1
"1623","01_2075_0099_01",1,2075,"ref_strain",99,1
"1624","01_2256_0099_01",1,2256,"ref_strain",99,1
"1625","01_2336_0099_01",1,2336,"ref_strain",99,1
"1626","01_2939_0099_01",1,2939,"ref_strain",99,1
"1627","01_3190_0099_01",1,3190,"ref_strain",99,1
"1628","01_3529_0099_01",1,3529,"ref_strain",99,1
"1629","01_3559_0099_01",1,3559,"ref_strain",99,1
"1630","01_4200_0099_01",1,4200,"ref_strain",99,1
"1631","01_4266_0099_01",1,4266,"ref_strain",99,1
"1632","01_4635_0099_01",1,4635,"ref_strain",99,1
"1633","01_5510_0099_01",1,5510,"ref_strain",99,1
"1634","01_6802_0099_01",1,6802,"ref_strain",99,1
"1635","01_6863_0099_01",1,6863,"ref_strain",99,1
"1636","01_7363_0099_01",1,7363,"ref_strain",99,1
"1637","01_7559_0099_01",1,7559,"ref_strain",99,1
"1638","01_8423_0099_01",1,8423,"ref_strain",99,1
"1639","01_8901_0099_01",1,8901,"ref_strain",99,1
"1640","01_8981_0099_01",1,8981,"ref_strain",99,1
"1641","01_9233_0099_01",1,9233,"ref_strain",99,1
"1642","01_9826_0099_01",1,9826,"ref_strain",99,1
"1643","01_10159_0099_01",1,10159,"ref_strain",99,1
"1644","01_10850_0099_01",1,10850,"ref_strain",99,1
"1645","01_11160_0099_01",1,11160,"ref_strain",99,1
"1646","01_11189_0099_01",1,11189,"ref_strain",99,1
"1647","01_11414_0099_01",1,11414,"ref_strain",99,1
"1648","01_11677_0099_01",1,11677,"ref_strain",99,1
"1649","01_11700_0099_01",1,11700,"ref_strain",99,1
"1650","01_11837_0099_01",1,11837,"ref_strain",99,1
"1651","01_11915_0099_01",1,11915,"ref_strain",99,1
"1652","01_12429_0099_01",1,12429,"ref_strain",99,1
"1653","01_12501_0099_01",1,12501,"ref_strain",99,1
"1654","01_12686_0099_01",1,12686,"ref_strain",99,1
"1655","01_12933_0099_01",1,12933,"ref_strain",99,1
"1656","01_12954_0099_01",1,12954,"ref_strain",99,1
"1657","01_13519_0099_01",1,13519,"ref_strain",99,1
"1658","01_13957_0099_01",1,13957,"ref_strain",99,1
"1659","01_14002_0099_01",1,14002,"ref_strain",99,1
"1660","01_14347_0099_01",1,14347,"ref_strain",99,1
"1661","01_0390_0100_01",1,390,"ref_strain",100,1
"1662","01_0487_0100_01",1,487,"ref_strain",100,1
"1663","01_0689_0100_01",1,689,"ref_strain",100,1
"1664","01_0835_0100_01",1,835,"ref_strain",100,1
"1665","01_1311_0100_01",1,1311,"ref_strain",100,1
"1666","01_1919_0100_01",1,1919,"ref_strain",100,1
"1667","01_1998_0100_01",1,1998,"ref_strain",100,1
"1668","01_2366_0100_01",1,2366,"ref_strain",100,1
"1669","01_2565_0100_01",1,2565,"ref_strain",100,1
"1670","01_2693_0100_01",1,2693,"ref_strain",100,1
"1671","01_2731_0100_01",1,2731,"ref_strain",100,1
"1672","01_2906_0100_01",1,2906,"ref_strain",100,1
"1673","01_2919_0100_01",1,2919,"ref_strain",100,1
"1674","01_3143_0100_01",1,3143,"ref_strain",100,1
"1675","01_3811_0100_01",1,3811,"ref_strain",100,1
"1676","01_4069_0100_01",1,4069,"ref_strain",100,1
"1677","01_5240_0100_01",1,5240,"ref_strain",100,1
"1678","01_5657_0100_01",1,5657,"ref_strain",100,1
"1679","01_5782_0100_01",1,5782,"ref_strain",100,1
"1680","01_5909_0100_01",1,5909,"ref_strain",100,1
"1681","01_6142_0100_01",1,6142,"ref_strain",100,1
"1682","01_6206_0100_01",1,6206,"ref_strain",100,1
"1683","01_6457_0100_01",1,6457,"ref_strain",100,1
"1684","01_6671_0100_01",1,6671,"ref_strain",100,1
"1685","01_6761_0100_01",1,6761,"ref_strain",100,1
"1686","01_6808_0100_01",1,6808,"ref_strain",100,1
"1687","01_7299_0100_01",1,7299,"ref_strain",100,1
"1688","01_7581_0100_01",1,7581,"ref_strain",100,1
"1689","01_7811_0100_01",1,7811,"ref_strain",100,1
"1690","01_8323_0100_01",1,8323,"ref_strain",100,1
"1691","01_8453_0100_01",1,8453,"ref_strain",100,1
"1692","01_8791_0100_01",1,8791,"ref_strain",100,1
"1693","01_9368_0100_01",1,9368,"ref_strain",100,1
"1694","01_9734_0100_01",1,9734,"ref_strain",100,1
"1695","01_9804_0100_01",1,9804,"ref_strain",100,1
"1696","01_9867_0100_01",1,9867,"ref_strain",100,1
"1697","01_10320_0100_01",1,10320,"ref_strain",100,1
"1698","01_10431_0100_01",1,10431,"ref_strain",100,1
"1699","01_10854_0100_01",1,10854,"ref_strain",100,1
"1700","01_11125_0100_01",1,11125,"ref_strain",100,1
"1701","01_11793_0100_01",1,11793,"ref_strain",100,1
"1702","01_12013_0100_01",1,12013,"ref_strain",100,1
"1703","01_12604_0100_01",1,12604,"ref_strain",100,1
"1704","01_12829_0100_01",1,12829,"ref_strain",100,1
"1705","01_12871_0100_01",1,12871,"ref_strain",100,1
"1706","01_13222_0100_01",1,13222,"ref_strain",100,1
"1707","01_13509_0100_01",1,13509,"ref_strain",100,1
"1708","01_13602_0100_01",1,13602,"ref_strain",100,1
"1709","01_13731_0100_01",1,13731,"ref_strain",100,1
"1710","01_13879_0100_01",1,13879,"ref_strain",100,1
"1711","01_14382_0100_01",1,14382,"ref_strain",100,1
"1712","01_1155_0101_01",1,1155,"ref_strain",101,1
"1713","01_1521_0101_01",1,1521,"ref_strain",101,1
"1714","01_1927_0101_01",1,1927,"ref_strain",101,1
"1715","01_2088_0101_01",1,2088,"ref_strain",101,1
"1716","01_2341_0101_01",1,2341,"ref_strain",101,1
"1717","01_2743_0101_01",1,2743,"ref_strain",101,1
"1718","01_3061_0101_01",1,3061,"ref_strain",101,1
"1719","01_3672_0101_01",1,3672,"ref_strain",101,1
"1720","01_3751_0101_01",1,3751,"ref_strain",101,1
"1721","01_3874_0101_01",1,3874,"ref_strain",101,1
"1722","01_3929_0101_01",1,3929,"ref_strain",101,1
"1723","01_4347_0101_01",1,4347,"ref_strain",101,1
"1724","01_4353_0101_01",1,4353,"ref_strain",101,1
"1725","01_4498_0101_01",1,4498,"ref_strain",101,1
"1726","01_4819_0101_01",1,4819,"ref_strain",101,1
"1727","01_5014_0101_01",1,5014,"ref_strain",101,1
"1728","01_5381_0101_01",1,5381,"ref_strain",101,1
"1729","01_5428_0101_01",1,5428,"ref_strain",101,1
"1730","01_5774_0101_01",1,5774,"ref_strain",101,1
"1731","01_6415_0101_01",1,6415,"ref_strain",101,1
"1732","01_6465_0101_01",1,6465,"ref_strain",101,1
"1733","01_6700_0101_01",1,6700,"ref_strain",101,1
"1734","01_6897_0101_01",1,6897,"ref_strain",101,1
"1735","01_6956_0101_01",1,6956,"ref_strain",101,1
"1736","01_7907_0101_01",1,7907,"ref_strain",101,1
"1737","01_7919_0101_01",1,7919,"ref_strain",101,1
"1738","01_8399_0101_01",1,8399,"ref_strain",101,1
"1739","01_8635_0101_01",1,8635,"ref_strain",101,1
"1740","01_8816_0101_01",1,8816,"ref_strain",101,1
"1741","01_8833_0101_01",1,8833,"ref_strain",101,1
"1742","01_9340_0101_01",1,9340,"ref_strain",101,1
"1743","01_9465_0101_01",1,9465,"ref_strain",101,1
"1744","01_9669_0101_01",1,9669,"ref_strain",101,1
"1745","01_10154_0101_01",1,10154,"ref_strain",101,1
"1746","01_10528_0101_01",1,10528,"ref_strain",101,1
"1747","01_11371_0101_01",1,11371,"ref_strain",101,1
"1748","01_11436_0101_01",1,11436,"ref_strain",101,1
"1749","01_12119_0101_01",1,12119,"ref_strain",101,1
"1750","01_12461_0101_01",1,12461,"ref_strain",101,1
"1751","01_12520_0101_01",1,12520,"ref_strain",101,1
"1752","01_12720_0101_01",1,12720,"ref_strain",101,1
"1753","01_12934_0101_01",1,12934,"ref_strain",101,1
"1754","01_12946_0101_01",1,12946,"ref_strain",101,1
"1755","01_13124_0101_01",1,13124,"ref_strain",101,1
"1756","01_13126_0101_01",1,13126,"ref_strain",101,1
"1757","01_13225_0101_01",1,13225,"ref_strain",101,1
"1758","01_13497_0101_01",1,13497,"ref_strain",101,1
"1759","01_13748_0101_01",1,13748,"ref_strain",101,1
"1760","01_13847_0101_01",1,13847,"ref_strain",101,1
"1761","01_14063_0101_01",1,14063,"ref_strain",101,1
"1762","01_14126_0101_01",1,14126,"ref_strain",101,1
"1763","01_14245_0101_01",1,14245,"ref_strain",101,1
"1764","01_14306_0101_01",1,14306,"ref_strain",101,1
"1765","01_0189_0102_01",1,189,"ref_strain",102,1
"1766","01_0376_0102_01",1,376,"ref_strain",102,1
"1767","01_0529_0102_01",1,529,"ref_strain",102,1
"1768","01_0554_0102_01",1,554,"ref_strain",102,1
"1769","01_0606_0102_01",1,606,"ref_strain",102,1
"1770","01_1216_0102_01",1,1216,"ref_strain",102,1
"1771","01_1426_0102_01",1,1426,"ref_strain",102,1
"1772","01_1637_0102_01",1,1637,"ref_strain",102,1
"1773","01_2085_0102_01",1,2085,"ref_strain",102,1
"1774","01_2143_0102_01",1,2143,"ref_strain",102,1
"1775","01_2150_0102_01",1,2150,"ref_strain",102,1
"1776","01_2257_0102_01",1,2257,"ref_strain",102,1
"1777","01_2259_0102_01",1,2259,"ref_strain",102,1
"1778","01_2619_0102_01",1,2619,"ref_strain",102,1
"1779","01_3065_0102_01",1,3065,"ref_strain",102,1
"1780","01_3177_0102_01",1,3177,"ref_strain",102,1
"1781","01_3290_0102_01",1,3290,"ref_strain",102,1
"1782","01_3383_0102_01",1,3383,"ref_strain",102,1
"1783","01_3511_0102_01",1,3511,"ref_strain",102,1
"1784","01_3588_0102_01",1,3588,"ref_strain",102,1
"1785","01_4167_0102_01",1,4167,"ref_strain",102,1
"1786","01_4372_0102_01",1,4372,"ref_strain",102,1
"1787","01_4531_0102_01",1,4531,"ref_strain",102,1
"1788","01_4840_0102_01",1,4840,"ref_strain",102,1
"1789","01_4927_0102_01",1,4927,"ref_strain",102,1
"1790","01_5261_0102_01",1,5261,"ref_strain",102,1
"1791","01_5338_0102_01",1,5338,"ref_strain",102,1
"1792","01_5408_0102_01",1,5408,"ref_strain",102,1
"1793","01_5452_0102_01",1,5452,"ref_strain",102,1
"1794","01_5678_0102_01",1,5678,"ref_strain",102,1
"1795","01_5765_0102_01",1,5765,"ref_strain",102,1
"1796","01_6443_0102_01",1,6443,"ref_strain",102,1
"1797","01_6474_0102_01",1,6474,"ref_strain",102,1
"1798","01_7207_0102_01",1,7207,"ref_strain",102,1
"1799","01_7219_0102_01",1,7219,"ref_strain",102,1
"1800","01_7301_0102_01",1,7301,"ref_strain",102,1
"1801","01_7521_0102_01",1,7521,"ref_strain",102,1
"1802","01_7541_0102_01",1,7541,"ref_strain",102,1
"1803","01_7760_0102_01",1,7760,"ref_strain",102,1
"1804","01_7761_0102_01",1,7761,"ref_strain",102,1
"1805","01_8256_0102_01",1,8256,"ref_strain",102,1
"1806","01_8568_0102_01",1,8568,"ref_strain",102,1
"1807","01_8622_0102_01",1,8622,"ref_strain",102,1
"1808","01_8707_0102_01",1,8707,"ref_strain",102,1
"1809","01_8946_0102_01",1,8946,"ref_strain",102,1
"1810","01_9145_0102_01",1,9145,"ref_strain",102,1
"1811","01_9832_0102_01",1,9832,"ref_strain",102,1
"1812","01_9840_0102_01",1,9840,"ref_strain",102,1
"1813","01_10109_0102_01",1,10109,"ref_strain",102,1
"1814","01_10471_0102_01",1,10471,"ref_strain",102,1
"1815","01_10721_0102_01",1,10721,"ref_strain",102,1
"1816","01_10772_0102_01",1,10772,"ref_strain",102,1
"1817","01_10940_0102_01",1,10940,"ref_strain",102,1
"1818","01_10992_0102_01",1,10992,"ref_strain",102,1
"1819","01_12299_0102_01",1,12299,"ref_strain",102,1
"1820","01_12358_0102_01",1,12358,"ref_strain",102,1
"1821","01_12611_0102_01",1,12611,"ref_strain",102,1
"1822","01_12722_0102_01",1,12722,"ref_strain",102,1
"1823","01_13641_0102_01",1,13641,"ref_strain",102,1
"1824","01_13759_0102_01",1,13759,"ref_strain",102,1
"1825","01_14042_0102_01",1,14042,"ref_strain",102,1
"1826","01_14269_0102_01",1,14269,"ref_strain",102,1
"1827","01_14475_0102_01",1,14475,"ref_strain",102,1
"1828","01_0316_0103_01",1,316,"ref_strain",103,1
"1829","01_0569_0103_01",1,569,"ref_strain",103,1
"1830","01_0950_0103_01",1,950,"ref_strain",103,1
"1831","01_1249_0103_01",1,1249,"ref_strain",103,1
"1832","01_1376_0103_01",1,1376,"ref_strain",103,1
"1833","01_1713_0103_01",1,1713,"ref_strain",103,1
"1834","01_2121_0103_01",1,2121,"ref_strain",103,1
"1835","01_2513_0103_01",1,2513,"ref_strain",103,1
"1836","01_2763_0103_01",1,2763,"ref_strain",103,1
"1837","01_2796_0103_01",1,2796,"ref_strain",103,1
"1838","01_2853_0103_01",1,2853,"ref_strain",103,1
"1839","01_3100_0103_01",1,3100,"ref_strain",103,1
"1840","01_3377_0103_01",1,3377,"ref_strain",103,1
"1841","01_4472_0103_01",1,4472,"ref_strain",103,1
"1842","01_4953_0103_01",1,4953,"ref_strain",103,1
"1843","01_4988_0103_01",1,4988,"ref_strain",103,1
"1844","01_5257_0103_01",1,5257,"ref_strain",103,1
"1845","01_5340_0103_01",1,5340,"ref_strain",103,1
"1846","01_5828_0103_01",1,5828,"ref_strain",103,1
"1847","01_5835_0103_01",1,5835,"ref_strain",103,1
"1848","01_6014_0103_01",1,6014,"ref_strain",103,1
"1849","01_6333_0103_01",1,6333,"ref_strain",103,1
"1850","01_7644_0103_01",1,7644,"ref_strain",103,1
"1851","01_7750_0103_01",1,7750,"ref_strain",103,1
"1852","01_8409_0103_01",1,8409,"ref_strain",103,1
"1853","01_8444_0103_01",1,8444,"ref_strain",103,1
"1854","01_8862_0103_01",1,8862,"ref_strain",103,1
"1855","01_9344_0103_01",1,9344,"ref_strain",103,1
"1856","01_9413_0103_01",1,9413,"ref_strain",103,1
"1857","01_9619_0103_01",1,9619,"ref_strain",103,1
"1858","01_9969_0103_01",1,9969,"ref_strain",103,1
"1859","01_10093_0103_01",1,10093,"ref_strain",103,1
"1860","01_10385_0103_01",1,10385,"ref_strain",103,1
"1861","01_10524_0103_01",1,10524,"ref_strain",103,1
"1862","01_10547_0103_01",1,10547,"ref_strain",103,1
"1863","01_10665_0103_01",1,10665,"ref_strain",103,1
"1864","01_10687_0103_01",1,10687,"ref_strain",103,1
"1865","01_11072_0103_01",1,11072,"ref_strain",103,1
"1866","01_11208_0103_01",1,11208,"ref_strain",103,1
"1867","01_11248_0103_01",1,11248,"ref_strain",103,1
"1868","01_11336_0103_01",1,11336,"ref_strain",103,1
"1869","01_11461_0103_01",1,11461,"ref_strain",103,1
"1870","01_11479_0103_01",1,11479,"ref_strain",103,1
"1871","01_12090_0103_01",1,12090,"ref_strain",103,1
"1872","01_12267_0103_01",1,12267,"ref_strain",103,1
"1873","01_12579_0103_01",1,12579,"ref_strain",103,1
"1874","01_12782_0103_01",1,12782,"ref_strain",103,1
"1875","01_13609_0103_01",1,13609,"ref_strain",103,1
"1876","01_13681_0103_01",1,13681,"ref_strain",103,1
"1877","01_14030_0103_01",1,14030,"ref_strain",103,1
"1878","01_14078_0103_01",1,14078,"ref_strain",103,1
"1879","01_14479_0103_01",1,14479,"ref_strain",103,1
"1880","01_0032_0104_01",1,32,"ref_strain",104,1
"1881","01_0163_0104_01",1,163,"ref_strain",104,1
"1882","01_0459_0104_01",1,459,"ref_strain",104,1
"1883","01_0684_0104_01",1,684,"ref_strain",104,1
"1884","01_0760_0104_01",1,760,"ref_strain",104,1
"1885","01_1000_0104_01",1,1000,"ref_strain",104,1
"1886","01_1542_0104_01",1,1542,"ref_strain",104,1
"1887","01_1685_0104_01",1,1685,"ref_strain",104,1
"1888","01_1690_0104_01",1,1690,"ref_strain",104,1
"1889","01_1763_0104_01",1,1763,"ref_strain",104,1
"1890","01_2872_0104_01",1,2872,"ref_strain",104,1
"1891","01_3304_0104_01",1,3304,"ref_strain",104,1
"1892","01_4104_0104_01",1,4104,"ref_strain",104,1
"1893","01_4512_0104_01",1,4512,"ref_strain",104,1
"1894","01_4789_0104_01",1,4789,"ref_strain",104,1
"1895","01_4906_0104_01",1,4906,"ref_strain",104,1
"1896","01_5459_0104_01",1,5459,"ref_strain",104,1
"1897","01_5881_0104_01",1,5881,"ref_strain",104,1
"1898","01_6104_0104_01",1,6104,"ref_strain",104,1
"1899","01_6500_0104_01",1,6500,"ref_strain",104,1
"1900","01_6528_0104_01",1,6528,"ref_strain",104,1
"1901","01_6610_0104_01",1,6610,"ref_strain",104,1
"1902","01_6762_0104_01",1,6762,"ref_strain",104,1
"1903","01_7379_0104_01",1,7379,"ref_strain",104,1
"1904","01_7410_0104_01",1,7410,"ref_strain",104,1
"1905","01_7709_0104_01",1,7709,"ref_strain",104,1
"1906","01_8050_0104_01",1,8050,"ref_strain",104,1
"1907","01_8516_0104_01",1,8516,"ref_strain",104,1
"1908","01_8846_0104_01",1,8846,"ref_strain",104,1
"1909","01_9052_0104_01",1,9052,"ref_strain",104,1
"1910","01_9325_0104_01",1,9325,"ref_strain",104,1
"1911","01_9689_0104_01",1,9689,"ref_strain",104,1
"1912","01_9820_0104_01",1,9820,"ref_strain",104,1
"1913","01_9881_0104_01",1,9881,"ref_strain",104,1
"1914","01_9999_0104_01",1,9999,"ref_strain",104,1
"1915","01_10366_0104_01",1,10366,"ref_strain",104,1
"1916","01_10367_0104_01",1,10367,"ref_strain",104,1
"1917","01_10549_0104_01",1,10549,"ref_strain",104,1
"1918","01_10726_0104_01",1,10726,"ref_strain",104,1
"1919","01_11242_0104_01",1,11242,"ref_strain",104,1
"1920","01_11246_0104_01",1,11246,"ref_strain",104,1
"1921","01_11518_0104_01",1,11518,"ref_strain",104,1
"1922","01_11681_0104_01",1,11681,"ref_strain",104,1
"1923","01_12277_0104_01",1,12277,"ref_strain",104,1
"1924","01_12985_0104_01",1,12985,"ref_strain",104,1
"1925","01_13833_0104_01",1,13833,"ref_strain",104,1
"1926","01_14279_0104_01",1,14279,"ref_strain",104,1
"1927","01_0172_0105_01",1,172,"ref_strain",105,1
"1928","01_0180_0105_01",1,180,"ref_strain",105,1
"1929","01_0232_0105_01",1,232,"ref_strain",105,1
"1930","01_0423_0105_01",1,423,"ref_strain",105,1
"1931","01_0905_0105_01",1,905,"ref_strain",105,1
"1932","01_0930_0105_01",1,930,"ref_strain",105,1
"1933","01_1024_0105_01",1,1024,"ref_strain",105,1
"1934","01_1043_0105_01",1,1043,"ref_strain",105,1
"1935","01_1151_0105_01",1,1151,"ref_strain",105,1
"1936","01_1766_0105_01",1,1766,"ref_strain",105,1
"1937","01_1813_0105_01",1,1813,"ref_strain",105,1
"1938","01_2291_0105_01",1,2291,"ref_strain",105,1
"1939","01_2964_0105_01",1,2964,"ref_strain",105,1
"1940","01_3162_0105_01",1,3162,"ref_strain",105,1
"1941","01_3298_0105_01",1,3298,"ref_strain",105,1
"1942","01_3303_0105_01",1,3303,"ref_strain",105,1
"1943","01_4265_0105_01",1,4265,"ref_strain",105,1
"1944","01_4528_0105_01",1,4528,"ref_strain",105,1
"1945","01_4652_0105_01",1,4652,"ref_strain",105,1
"1946","01_5047_0105_01",1,5047,"ref_strain",105,1
"1947","01_5060_0105_01",1,5060,"ref_strain",105,1
"1948","01_5239_0105_01",1,5239,"ref_strain",105,1
"1949","01_5329_0105_01",1,5329,"ref_strain",105,1
"1950","01_5500_0105_01",1,5500,"ref_strain",105,1
"1951","01_5535_0105_01",1,5535,"ref_strain",105,1
"1952","01_5564_0105_01",1,5564,"ref_strain",105,1
"1953","01_5711_0105_01",1,5711,"ref_strain",105,1
"1954","01_5940_0105_01",1,5940,"ref_strain",105,1
"1955","01_6055_0105_01",1,6055,"ref_strain",105,1
"1956","01_6266_0105_01",1,6266,"ref_strain",105,1
"1957","01_6366_0105_01",1,6366,"ref_strain",105,1
"1958","01_6425_0105_01",1,6425,"ref_strain",105,1
"1959","01_6735_0105_01",1,6735,"ref_strain",105,1
"1960","01_6850_0105_01",1,6850,"ref_strain",105,1
"1961","01_7140_0105_01",1,7140,"ref_strain",105,1
"1962","01_7766_0105_01",1,7766,"ref_strain",105,1
"1963","01_7819_0105_01",1,7819,"ref_strain",105,1
"1964","01_7980_0105_01",1,7980,"ref_strain",105,1
"1965","01_8251_0105_01",1,8251,"ref_strain",105,1
"1966","01_8737_0105_01",1,8737,"ref_strain",105,1
"1967","01_8785_0105_01",1,8785,"ref_strain",105,1
"1968","01_8809_0105_01",1,8809,"ref_strain",105,1
"1969","01_8825_0105_01",1,8825,"ref_strain",105,1
"1970","01_8898_0105_01",1,8898,"ref_strain",105,1
"1971","01_9058_0105_01",1,9058,"ref_strain",105,1
"1972","01_9193_0105_01",1,9193,"ref_strain",105,1
"1973","01_9291_0105_01",1,9291,"ref_strain",105,1
"1974","01_9885_0105_01",1,9885,"ref_strain",105,1
"1975","01_10331_0105_01",1,10331,"ref_strain",105,1
"1976","01_11575_0105_01",1,11575,"ref_strain",105,1
"1977","01_11682_0105_01",1,11682,"ref_strain",105,1
"1978","01_11824_0105_01",1,11824,"ref_strain",105,1
"1979","01_11845_0105_01",1,11845,"ref_strain",105,1
"1980","01_12051_0105_01",1,12051,"ref_strain",105,1
"1981","01_12322_0105_01",1,12322,"ref_strain",105,1
"1982","01_12386_0105_01",1,12386,"ref_strain",105,1
"1983","01_12555_0105_01",1,12555,"ref_strain",105,1
"1984","01_12577_0105_01",1,12577,"ref_strain",105,1
"1985","01_12868_0105_01",1,12868,"ref_strain",105,1
"1986","01_12888_0105_01",1,12888,"ref_strain",105,1
"1987","01_13092_0105_01",1,13092,"ref_strain",105,1
"1988","01_13638_0105_01",1,13638,"ref_strain",105,1
"1989","01_13834_0105_01",1,13834,"ref_strain",105,1
"1990","01_14428_0105_01",1,14428,"ref_strain",105,1
"1991","01_14540_0105_01",1,14540,"ref_strain",105,1
"1992","01_0753_0106_01",1,753,"ref_strain",106,1
"1993","01_1643_0106_01",1,1643,"ref_strain",106,1
"1994","01_1664_0106_01",1,1664,"ref_strain",106,1
"1995","01_2342_0106_01",1,2342,"ref_strain",106,1
"1996","01_3136_0106_01",1,3136,"ref_strain",106,1
"1997","01_3485_0106_01",1,3485,"ref_strain",106,1
"1998","01_3644_0106_01",1,3644,"ref_strain",106,1
"1999","01_4171_0106_01",1,4171,"ref_strain",106,1
"2000","01_4174_0106_01",1,4174,"ref_strain",106,1
"2001","01_4546_0106_01",1,4546,"ref_strain",106,1
"2002","01_4647_0106_01",1,4647,"ref_strain",106,1
"2003","01_4924_0106_01",1,4924,"ref_strain",106,1
"2004","01_4940_0106_01",1,4940,"ref_strain",106,1
"2005","01_4942_0106_01",1,4942,"ref_strain",106,1
"2006","01_5034_0106_01",1,5034,"ref_strain",106,1
"2007","01_5209_0106_01",1,5209,"ref_strain",106,1
"2008","01_5304_0106_01",1,5304,"ref_strain",106,1
"2009","01_5675_0106_01",1,5675,"ref_strain",106,1
"2010","01_5889_0106_01",1,5889,"ref_strain",106,1
"2011","01_6601_0106_01",1,6601,"ref_strain",106,1
"2012","01_6678_0106_01",1,6678,"ref_strain",106,1
"2013","01_6961_0106_01",1,6961,"ref_strain",106,1
"2014","01_7337_0106_01",1,7337,"ref_strain",106,1
"2015","01_8046_0106_01",1,8046,"ref_strain",106,1
"2016","01_8420_0106_01",1,8420,"ref_strain",106,1
"2017","01_8429_0106_01",1,8429,"ref_strain",106,1
"2018","01_8479_0106_01",1,8479,"ref_strain",106,1
"2019","01_8547_0106_01",1,8547,"ref_strain",106,1
"2020","01_8940_0106_01",1,8940,"ref_strain",106,1
"2021","01_9255_0106_01",1,9255,"ref_strain",106,1
"2022","01_9591_0106_01",1,9591,"ref_strain",106,1
"2023","01_9661_0106_01",1,9661,"ref_strain",106,1
"2024","01_9873_0106_01",1,9873,"ref_strain",106,1
"2025","01_10706_0106_01",1,10706,"ref_strain",106,1
"2026","01_10819_0106_01",1,10819,"ref_strain",106,1
"2027","01_11256_0106_01",1,11256,"ref_strain",106,1
"2028","01_12055_0106_01",1,12055,"ref_strain",106,1
"2029","01_12316_0106_01",1,12316,"ref_strain",106,1
"2030","01_12918_0106_01",1,12918,"ref_strain",106,1
"2031","01_13109_0106_01",1,13109,"ref_strain",106,1
"2032","01_13911_0106_01",1,13911,"ref_strain",106,1
"2033","01_13946_0106_01",1,13946,"ref_strain",106,1
"2034","01_14111_0106_01",1,14111,"ref_strain",106,1
"2035","01_14227_0106_01",1,14227,"ref_strain",106,1
"2036","01_14543_0106_01",1,14543,"ref_strain",106,1
"2037","01_0052_0107_01",1,52,"ref_strain",107,1
"2038","01_0111_0107_01",1,111,"ref_strain",107,1
"2039","01_0636_0107_01",1,636,"ref_strain",107,1
"2040","01_0806_0107_01",1,806,"ref_strain",107,1
"2041","01_0949_0107_01",1,949,"ref_strain",107,1
"2042","01_0989_0107_01",1,989,"ref_strain",107,1
"2043","01_1067_0107_01",1,1067,"ref_strain",107,1
"2044","01_1119_0107_01",1,1119,"ref_strain",107,1
"2045","01_1290_0107_01",1,1290,"ref_strain",107,1
"2046","01_1367_0107_01",1,1367,"ref_strain",107,1
"2047","01_1888_0107_01",1,1888,"ref_strain",107,1
"2048","01_1904_0107_01",1,1904,"ref_strain",107,1
"2049","01_1991_0107_01",1,1991,"ref_strain",107,1
"2050","01_2239_0107_01",1,2239,"ref_strain",107,1
"2051","01_2478_0107_01",1,2478,"ref_strain",107,1
"2052","01_2704_0107_01",1,2704,"ref_strain",107,1
"2053","01_2849_0107_01",1,2849,"ref_strain",107,1
"2054","01_3025_0107_01",1,3025,"ref_strain",107,1
"2055","01_3111_0107_01",1,3111,"ref_strain",107,1
"2056","01_4111_0107_01",1,4111,"ref_strain",107,1
"2057","01_4215_0107_01",1,4215,"ref_strain",107,1
"2058","01_4221_0107_01",1,4221,"ref_strain",107,1
"2059","01_4303_0107_01",1,4303,"ref_strain",107,1
"2060","01_4316_0107_01",1,4316,"ref_strain",107,1
"2061","01_4365_0107_01",1,4365,"ref_strain",107,1
"2062","01_5089_0107_01",1,5089,"ref_strain",107,1
"2063","01_5107_0107_01",1,5107,"ref_strain",107,1
"2064","01_5455_0107_01",1,5455,"ref_strain",107,1
"2065","01_5624_0107_01",1,5624,"ref_strain",107,1
"2066","01_6021_0107_01",1,6021,"ref_strain",107,1
"2067","01_6769_0107_01",1,6769,"ref_strain",107,1
"2068","01_6875_0107_01",1,6875,"ref_strain",107,1
"2069","01_7235_0107_01",1,7235,"ref_strain",107,1
"2070","01_9042_0107_01",1,9042,"ref_strain",107,1
"2071","01_9126_0107_01",1,9126,"ref_strain",107,1
"2072","01_9286_0107_01",1,9286,"ref_strain",107,1
"2073","01_9474_0107_01",1,9474,"ref_strain",107,1
"2074","01_9660_0107_01",1,9660,"ref_strain",107,1
"2075","01_9967_0107_01",1,9967,"ref_strain",107,1
"2076","01_10139_0107_01",1,10139,"ref_strain",107,1
"2077","01_10175_0107_01",1,10175,"ref_strain",107,1
"2078","01_10871_0107_01",1,10871,"ref_strain",107,1
"2079","01_11056_0107_01",1,11056,"ref_strain",107,1
"2080","01_11086_0107_01",1,11086,"ref_strain",107,1
"2081","01_11163_0107_01",1,11163,"ref_strain",107,1
"2082","01_11234_0107_01",1,11234,"ref_strain",107,1
"2083","01_11597_0107_01",1,11597,"ref_strain",107,1
"2084","01_12256_0107_01",1,12256,"ref_strain",107,1
"2085","01_12475_0107_01",1,12475,"ref_strain",107,1
"2086","01_12574_0107_01",1,12574,"ref_strain",107,1
"2087","01_12674_0107_01",1,12674,"ref_strain",107,1
"2088","01_12676_0107_01",1,12676,"ref_strain",107,1
"2089","01_12856_0107_01",1,12856,"ref_strain",107,1
"2090","01_13207_0107_01",1,13207,"ref_strain",107,1
"2091","01_13456_0107_01",1,13456,"ref_strain",107,1
"2092","01_13895_0107_01",1,13895,"ref_strain",107,1
"2093","01_13947_0107_01",1,13947,"ref_strain",107,1
"2094","01_14410_0107_01",1,14410,"ref_strain",107,1
"2095","01_14535_0107_01",1,14535,"ref_strain",107,1
"2096","01_0354_0108_01",1,354,"ref_strain",108,1
"2097","01_0519_0108_01",1,519,"ref_strain",108,1
"2098","01_0645_0108_01",1,645,"ref_strain",108,1
"2099","01_0723_0108_01",1,723,"ref_strain",108,1
"2100","01_1158_0108_01",1,1158,"ref_strain",108,1
"2101","01_1406_0108_01",1,1406,"ref_strain",108,1
"2102","01_2214_0108_01",1,2214,"ref_strain",108,1
"2103","01_2446_0108_01",1,2446,"ref_strain",108,1
"2104","01_2632_0108_01",1,2632,"ref_strain",108,1
"2105","01_2636_0108_01",1,2636,"ref_strain",108,1
"2106","01_2904_0108_01",1,2904,"ref_strain",108,1
"2107","01_2983_0108_01",1,2983,"ref_strain",108,1
"2108","01_3127_0108_01",1,3127,"ref_strain",108,1
"2109","01_3159_0108_01",1,3159,"ref_strain",108,1
"2110","01_3690_0108_01",1,3690,"ref_strain",108,1
"2111","01_4606_0108_01",1,4606,"ref_strain",108,1
"2112","01_4657_0108_01",1,4657,"ref_strain",108,1
"2113","01_5117_0108_01",1,5117,"ref_strain",108,1
"2114","01_5280_0108_01",1,5280,"ref_strain",108,1
"2115","01_5506_0108_01",1,5506,"ref_strain",108,1
"2116","01_5554_0108_01",1,5554,"ref_strain",108,1
"2117","01_5682_0108_01",1,5682,"ref_strain",108,1
"2118","01_5775_0108_01",1,5775,"ref_strain",108,1
"2119","01_5857_0108_01",1,5857,"ref_strain",108,1
"2120","01_6409_0108_01",1,6409,"ref_strain",108,1
"2121","01_6812_0108_01",1,6812,"ref_strain",108,1
"2122","01_7423_0108_01",1,7423,"ref_strain",108,1
"2123","01_7855_0108_01",1,7855,"ref_strain",108,1
"2124","01_7925_0108_01",1,7925,"ref_strain",108,1
"2125","01_7965_0108_01",1,7965,"ref_strain",108,1
"2126","01_8414_0108_01",1,8414,"ref_strain",108,1
"2127","01_8676_0108_01",1,8676,"ref_strain",108,1
"2128","01_8742_0108_01",1,8742,"ref_strain",108,1
"2129","01_8803_0108_01",1,8803,"ref_strain",108,1
"2130","01_8835_0108_01",1,8835,"ref_strain",108,1
"2131","01_8932_0108_01",1,8932,"ref_strain",108,1
"2132","01_9401_0108_01",1,9401,"ref_strain",108,1
"2133","01_9504_0108_01",1,9504,"ref_strain",108,1
"2134","01_9852_0108_01",1,9852,"ref_strain",108,1
"2135","01_10017_0108_01",1,10017,"ref_strain",108,1
"2136","01_10660_0108_01",1,10660,"ref_strain",108,1
"2137","01_11007_0108_01",1,11007,"ref_strain",108,1
"2138","01_11071_0108_01",1,11071,"ref_strain",108,1
"2139","01_11346_0108_01",1,11346,"ref_strain",108,1
"2140","01_11464_0108_01",1,11464,"ref_strain",108,1
"2141","01_11736_0108_01",1,11736,"ref_strain",108,1
"2142","01_12148_0108_01",1,12148,"ref_strain",108,1
"2143","01_12518_0108_01",1,12518,"ref_strain",108,1
"2144","01_12850_0108_01",1,12850,"ref_strain",108,1
"2145","01_13049_0108_01",1,13049,"ref_strain",108,1
"2146","01_13628_0108_01",1,13628,"ref_strain",108,1
"2147","01_14557_0108_01",1,14557,"ref_strain",108,1
"2148","01_0616_0109_01",1,616,"ref_strain",109,1
"2149","01_0900_0109_01",1,900,"ref_strain",109,1
"2150","01_1302_0109_01",1,1302,"ref_strain",109,1
"2151","01_1923_0109_01",1,1923,"ref_strain",109,1
"2152","01_2230_0109_01",1,2230,"ref_strain",109,1
"2153","01_2409_0109_01",1,2409,"ref_strain",109,1
"2154","01_2440_0109_01",1,2440,"ref_strain",109,1
"2155","01_2463_0109_01",1,2463,"ref_strain",109,1
"2156","01_2571_0109_01",1,2571,"ref_strain",109,1
"2157","01_2997_0109_01",1,2997,"ref_strain",109,1
"2158","01_4207_0109_01",1,4207,"ref_strain",109,1
"2159","01_4231_0109_01",1,4231,"ref_strain",109,1
"2160","01_4253_0109_01",1,4253,"ref_strain",109,1
"2161","01_4648_0109_01",1,4648,"ref_strain",109,1
"2162","01_4665_0109_01",1,4665,"ref_strain",109,1
"2163","01_4911_0109_01",1,4911,"ref_strain",109,1
"2164","01_5062_0109_01",1,5062,"ref_strain",109,1
"2165","01_5761_0109_01",1,5761,"ref_strain",109,1
"2166","01_5850_0109_01",1,5850,"ref_strain",109,1
"2167","01_6225_0109_01",1,6225,"ref_strain",109,1
"2168","01_6941_0109_01",1,6941,"ref_strain",109,1
"2169","01_7120_0109_01",1,7120,"ref_strain",109,1
"2170","01_7135_0109_01",1,7135,"ref_strain",109,1
"2171","01_7195_0109_01",1,7195,"ref_strain",109,1
"2172","01_8175_0109_01",1,8175,"ref_strain",109,1
"2173","01_8181_0109_01",1,8181,"ref_strain",109,1
"2174","01_8375_0109_01",1,8375,"ref_strain",109,1
"2175","01_8514_0109_01",1,8514,"ref_strain",109,1
"2176","01_8937_0109_01",1,8937,"ref_strain",109,1
"2177","01_9153_0109_01",1,9153,"ref_strain",109,1
"2178","01_9531_0109_01",1,9531,"ref_strain",109,1
"2179","01_9632_0109_01",1,9632,"ref_strain",109,1
"2180","01_10472_0109_01",1,10472,"ref_strain",109,1
"2181","01_10793_0109_01",1,10793,"ref_strain",109,1
"2182","01_11368_0109_01",1,11368,"ref_strain",109,1
"2183","01_11881_0109_01",1,11881,"ref_strain",109,1
"2184","01_11993_0109_01",1,11993,"ref_strain",109,1
"2185","01_12239_0109_01",1,12239,"ref_strain",109,1
"2186","01_12512_0109_01",1,12512,"ref_strain",109,1
"2187","01_12970_0109_01",1,12970,"ref_strain",109,1
"2188","01_13101_0109_01",1,13101,"ref_strain",109,1
"2189","01_13217_0109_01",1,13217,"ref_strain",109,1
"2190","01_13368_0109_01",1,13368,"ref_strain",109,1
"2191","01_13462_0109_01",1,13462,"ref_strain",109,1
"2192","01_13846_0109_01",1,13846,"ref_strain",109,1
"2193","01_14083_0109_01",1,14083,"ref_strain",109,1
"2194","01_0284_0110_01",1,284,"ref_strain",110,1
"2195","01_0302_0110_01",1,302,"ref_strain",110,1
"2196","01_0473_0110_01",1,473,"ref_strain",110,1
"2197","01_0501_0110_01",1,501,"ref_strain",110,1
"2198","01_0535_0110_01",1,535,"ref_strain",110,1
"2199","01_0811_0110_01",1,811,"ref_strain",110,1
"2200","01_0826_0110_01",1,826,"ref_strain",110,1
"2201","01_0969_0110_01",1,969,"ref_strain",110,1
"2202","01_0984_0110_01",1,984,"ref_strain",110,1
"2203","01_1501_0110_01",1,1501,"ref_strain",110,1
"2204","01_1585_0110_01",1,1585,"ref_strain",110,1
"2205","01_2168_0110_01",1,2168,"ref_strain",110,1
"2206","01_2844_0110_01",1,2844,"ref_strain",110,1
"2207","01_3336_0110_01",1,3336,"ref_strain",110,1
"2208","01_3702_0110_01",1,3702,"ref_strain",110,1
"2209","01_3724_0110_01",1,3724,"ref_strain",110,1
"2210","01_3933_0110_01",1,3933,"ref_strain",110,1
"2211","01_4299_0110_01",1,4299,"ref_strain",110,1
"2212","01_4504_0110_01",1,4504,"ref_strain",110,1
"2213","01_4553_0110_01",1,4553,"ref_strain",110,1
"2214","01_4571_0110_01",1,4571,"ref_strain",110,1
"2215","01_4656_0110_01",1,4656,"ref_strain",110,1
"2216","01_4734_0110_01",1,4734,"ref_strain",110,1
"2217","01_4766_0110_01",1,4766,"ref_strain",110,1
"2218","01_4877_0110_01",1,4877,"ref_strain",110,1
"2219","01_4979_0110_01",1,4979,"ref_strain",110,1
"2220","01_5174_0110_01",1,5174,"ref_strain",110,1
"2221","01_5430_0110_01",1,5430,"ref_strain",110,1
"2222","01_5707_0110_01",1,5707,"ref_strain",110,1
"2223","01_6220_0110_01",1,6220,"ref_strain",110,1
"2224","01_6239_0110_01",1,6239,"ref_strain",110,1
"2225","01_6253_0110_01",1,6253,"ref_strain",110,1
"2226","01_6670_0110_01",1,6670,"ref_strain",110,1
"2227","01_6719_0110_01",1,6719,"ref_strain",110,1
"2228","01_7381_0110_01",1,7381,"ref_strain",110,1
"2229","01_7641_0110_01",1,7641,"ref_strain",110,1
"2230","01_7723_0110_01",1,7723,"ref_strain",110,1
"2231","01_7857_0110_01",1,7857,"ref_strain",110,1
"2232","01_8277_0110_01",1,8277,"ref_strain",110,1
"2233","01_8318_0110_01",1,8318,"ref_strain",110,1
"2234","01_8515_0110_01",1,8515,"ref_strain",110,1
"2235","01_8976_0110_01",1,8976,"ref_strain",110,1
"2236","01_9084_0110_01",1,9084,"ref_strain",110,1
"2237","01_9086_0110_01",1,9086,"ref_strain",110,1
"2238","01_9116_0110_01",1,9116,"ref_strain",110,1
"2239","01_9272_0110_01",1,9272,"ref_strain",110,1
"2240","01_9710_0110_01",1,9710,"ref_strain",110,1
"2241","01_9898_0110_01",1,9898,"ref_strain",110,1
"2242","01_10056_0110_01",1,10056,"ref_strain",110,1
"2243","01_10428_0110_01",1,10428,"ref_strain",110,1
"2244","01_10608_0110_01",1,10608,"ref_strain",110,1
"2245","01_10740_0110_01",1,10740,"ref_strain",110,1
"2246","01_10935_0110_01",1,10935,"ref_strain",110,1
"2247","01_11231_0110_01",1,11231,"ref_strain",110,1
"2248","01_11285_0110_01",1,11285,"ref_strain",110,1
"2249","01_11311_0110_01",1,11311,"ref_strain",110,1
"2250","01_11649_0110_01",1,11649,"ref_strain",110,1
"2251","01_11889_0110_01",1,11889,"ref_strain",110,1
"2252","01_12363_0110_01",1,12363,"ref_strain",110,1
"2253","01_12513_0110_01",1,12513,"ref_strain",110,1
"2254","01_12621_0110_01",1,12621,"ref_strain",110,1
"2255","01_12778_0110_01",1,12778,"ref_strain",110,1
"2256","01_12800_0110_01",1,12800,"ref_strain",110,1
"2257","01_13194_0110_01",1,13194,"ref_strain",110,1
"2258","01_13430_0110_01",1,13430,"ref_strain",110,1
"2259","01_13635_0110_01",1,13635,"ref_strain",110,1
"2260","01_13919_0110_01",1,13919,"ref_strain",110,1
"2261","01_13920_0110_01",1,13920,"ref_strain",110,1
"2262","01_14193_0110_01",1,14193,"ref_strain",110,1
"2263","01_14356_0110_01",1,14356,"ref_strain",110,1
"2264","01_0035_0111_01",1,35,"ref_strain",111,1
"2265","01_0361_0111_01",1,361,"ref_strain",111,1
"2266","01_0443_0111_01",1,443,"ref_strain",111,1
"2267","01_1205_0111_01",1,1205,"ref_strain",111,1
"2268","01_1246_0111_01",1,1246,"ref_strain",111,1
"2269","01_1427_0111_01",1,1427,"ref_strain",111,1
"2270","01_1529_0111_01",1,1529,"ref_strain",111,1
"2271","01_1544_0111_01",1,1544,"ref_strain",111,1
"2272","01_1802_0111_01",1,1802,"ref_strain",111,1
"2273","01_2367_0111_01",1,2367,"ref_strain",111,1
"2274","01_2701_0111_01",1,2701,"ref_strain",111,1
"2275","01_2957_0111_01",1,2957,"ref_strain",111,1
"2276","01_3132_0111_01",1,3132,"ref_strain",111,1
"2277","01_3182_0111_01",1,3182,"ref_strain",111,1
"2278","01_3276_0111_01",1,3276,"ref_strain",111,1
"2279","01_4808_0111_01",1,4808,"ref_strain",111,1
"2280","01_5016_0111_01",1,5016,"ref_strain",111,1
"2281","01_5020_0111_01",1,5020,"ref_strain",111,1
"2282","01_5274_0111_01",1,5274,"ref_strain",111,1
"2283","01_5411_0111_01",1,5411,"ref_strain",111,1
"2284","01_5642_0111_01",1,5642,"ref_strain",111,1
"2285","01_5777_0111_01",1,5777,"ref_strain",111,1
"2286","01_5985_0111_01",1,5985,"ref_strain",111,1
"2287","01_6033_0111_01",1,6033,"ref_strain",111,1
"2288","01_6047_0111_01",1,6047,"ref_strain",111,1
"2289","01_6907_0111_01",1,6907,"ref_strain",111,1
"2290","01_7206_0111_01",1,7206,"ref_strain",111,1
"2291","01_7548_0111_01",1,7548,"ref_strain",111,1
"2292","01_8097_0111_01",1,8097,"ref_strain",111,1
"2293","01_8670_0111_01",1,8670,"ref_strain",111,1
"2294","01_8916_0111_01",1,8916,"ref_strain",111,1
"2295","01_9349_0111_01",1,9349,"ref_strain",111,1
"2296","01_9475_0111_01",1,9475,"ref_strain",111,1
"2297","01_9616_0111_01",1,9616,"ref_strain",111,1
"2298","01_10065_0111_01",1,10065,"ref_strain",111,1
"2299","01_10346_0111_01",1,10346,"ref_strain",111,1
"2300","01_10695_0111_01",1,10695,"ref_strain",111,1
"2301","01_10806_0111_01",1,10806,"ref_strain",111,1
"2302","01_11004_0111_01",1,11004,"ref_strain",111,1
"2303","01_11744_0111_01",1,11744,"ref_strain",111,1
"2304","01_11856_0111_01",1,11856,"ref_strain",111,1
"2305","01_12064_0111_01",1,12064,"ref_strain",111,1
"2306","01_12067_0111_01",1,12067,"ref_strain",111,1
"2307","01_12136_0111_01",1,12136,"ref_strain",111,1
"2308","01_12269_0111_01",1,12269,"ref_strain",111,1
"2309","01_12441_0111_01",1,12441,"ref_strain",111,1
"2310","01_12556_0111_01",1,12556,"ref_strain",111,1
"2311","01_12650_0111_01",1,12650,"ref_strain",111,1
"2312","01_12666_0111_01",1,12666,"ref_strain",111,1
"2313","01_12914_0111_01",1,12914,"ref_strain",111,1
"2314","01_13161_0111_01",1,13161,"ref_strain",111,1
"2315","01_13229_0111_01",1,13229,"ref_strain",111,1
"2316","01_13983_0111_01",1,13983,"ref_strain",111,1
"2317","01_14179_0111_01",1,14179,"ref_strain",111,1
"2318","01_14345_0111_01",1,14345,"ref_strain",111,1
"2319","01_0245_0112_01",1,245,"ref_strain",112,1
"2320","01_0335_0112_01",1,335,"ref_strain",112,1
"2321","01_0340_0112_01",1,340,"ref_strain",112,1
"2322","01_0551_0112_01",1,551,"ref_strain",112,1
"2323","01_1230_0112_01",1,1230,"ref_strain",112,1
"2324","01_1588_0112_01",1,1588,"ref_strain",112,1
"2325","01_1684_0112_01",1,1684,"ref_strain",112,1
"2326","01_2809_0112_01",1,2809,"ref_strain",112,1
"2327","01_2956_0112_01",1,2956,"ref_strain",112,1
"2328","01_3081_0112_01",1,3081,"ref_strain",112,1
"2329","01_3750_0112_01",1,3750,"ref_strain",112,1
"2330","01_3781_0112_01",1,3781,"ref_strain",112,1
"2331","01_3905_0112_01",1,3905,"ref_strain",112,1
"2332","01_4001_0112_01",1,4001,"ref_strain",112,1
"2333","01_4355_0112_01",1,4355,"ref_strain",112,1
"2334","01_4383_0112_01",1,4383,"ref_strain",112,1
"2335","01_4643_0112_01",1,4643,"ref_strain",112,1
"2336","01_4849_0112_01",1,4849,"ref_strain",112,1
"2337","01_4917_0112_01",1,4917,"ref_strain",112,1
"2338","01_5098_0112_01",1,5098,"ref_strain",112,1
"2339","01_5352_0112_01",1,5352,"ref_strain",112,1
"2340","01_5883_0112_01",1,5883,"ref_strain",112,1
"2341","01_5974_0112_01",1,5974,"ref_strain",112,1
"2342","01_6062_0112_01",1,6062,"ref_strain",112,1
"2343","01_6444_0112_01",1,6444,"ref_strain",112,1
"2344","01_6760_0112_01",1,6760,"ref_strain",112,1
"2345","01_7229_0112_01",1,7229,"ref_strain",112,1
"2346","01_7279_0112_01",1,7279,"ref_strain",112,1
"2347","01_7398_0112_01",1,7398,"ref_strain",112,1
"2348","01_7422_0112_01",1,7422,"ref_strain",112,1
"2349","01_7533_0112_01",1,7533,"ref_strain",112,1
"2350","01_7587_0112_01",1,7587,"ref_strain",112,1
"2351","01_7672_0112_01",1,7672,"ref_strain",112,1
"2352","01_7998_0112_01",1,7998,"ref_strain",112,1
"2353","01_8072_0112_01",1,8072,"ref_strain",112,1
"2354","01_8210_0112_01",1,8210,"ref_strain",112,1
"2355","01_8233_0112_01",1,8233,"ref_strain",112,1
"2356","01_8741_0112_01",1,8741,"ref_strain",112,1
"2357","01_8761_0112_01",1,8761,"ref_strain",112,1
"2358","01_9060_0112_01",1,9060,"ref_strain",112,1
"2359","01_9219_0112_01",1,9219,"ref_strain",112,1
"2360","01_9476_0112_01",1,9476,"ref_strain",112,1
"2361","01_10090_0112_01",1,10090,"ref_strain",112,1
"2362","01_10127_0112_01",1,10127,"ref_strain",112,1
"2363","01_10586_0112_01",1,10586,"ref_strain",112,1
"2364","01_10751_0112_01",1,10751,"ref_strain",112,1
"2365","01_10798_0112_01",1,10798,"ref_strain",112,1
"2366","01_12072_0112_01",1,12072,"ref_strain",112,1
"2367","01_12354_0112_01",1,12354,"ref_strain",112,1
"2368","01_12533_0112_01",1,12533,"ref_strain",112,1
"2369","01_12593_0112_01",1,12593,"ref_strain",112,1
"2370","01_12981_0112_01",1,12981,"ref_strain",112,1
"2371","01_13476_0112_01",1,13476,"ref_strain",112,1
"2372","01_13673_0112_01",1,13673,"ref_strain",112,1
"2373","01_13951_0112_01",1,13951,"ref_strain",112,1
"2374","01_14068_0112_01",1,14068,"ref_strain",112,1
"2375","01_14206_0112_01",1,14206,"ref_strain",112,1
"2376","01_14281_0112_01",1,14281,"ref_strain",112,1
"2377","01_14508_0112_01",1,14508,"ref_strain",112,1
"2378","01_14561_0112_01",1,14561,"ref_strain",112,1
"2379","01_0239_0113_01",1,239,"ref_strain",113,1
"2380","01_0432_0113_01",1,432,"ref_strain",113,1
"2381","01_0458_0113_01",1,458,"ref_strain",113,1
"2382","01_2065_0113_01",1,2065,"ref_strain",113,1
"2383","01_2355_0113_01",1,2355,"ref_strain",113,1
"2384","01_2694_0113_01",1,2694,"ref_strain",113,1
"2385","01_2984_0113_01",1,2984,"ref_strain",113,1
"2386","01_3023_0113_01",1,3023,"ref_strain",113,1
"2387","01_3519_0113_01",1,3519,"ref_strain",113,1
"2388","01_3627_0113_01",1,3627,"ref_strain",113,1
"2389","01_3797_0113_01",1,3797,"ref_strain",113,1
"2390","01_4565_0113_01",1,4565,"ref_strain",113,1
"2391","01_4595_0113_01",1,4595,"ref_strain",113,1
"2392","01_5012_0113_01",1,5012,"ref_strain",113,1
"2393","01_5363_0113_01",1,5363,"ref_strain",113,1
"2394","01_5420_0113_01",1,5420,"ref_strain",113,1
"2395","01_5634_0113_01",1,5634,"ref_strain",113,1
"2396","01_5647_0113_01",1,5647,"ref_strain",113,1
"2397","01_6539_0113_01",1,6539,"ref_strain",113,1
"2398","01_7037_0113_01",1,7037,"ref_strain",113,1
"2399","01_7136_0113_01",1,7136,"ref_strain",113,1
"2400","01_7377_0113_01",1,7377,"ref_strain",113,1
"2401","01_7463_0113_01",1,7463,"ref_strain",113,1
"2402","01_7691_0113_01",1,7691,"ref_strain",113,1
"2403","01_7861_0113_01",1,7861,"ref_strain",113,1
"2404","01_8042_0113_01",1,8042,"ref_strain",113,1
"2405","01_8246_0113_01",1,8246,"ref_strain",113,1
"2406","01_8271_0113_01",1,8271,"ref_strain",113,1
"2407","01_9546_0113_01",1,9546,"ref_strain",113,1
"2408","01_9719_0113_01",1,9719,"ref_strain",113,1
"2409","01_10022_0113_01",1,10022,"ref_strain",113,1
"2410","01_10494_0113_01",1,10494,"ref_strain",113,1
"2411","01_10505_0113_01",1,10505,"ref_strain",113,1
"2412","01_11059_0113_01",1,11059,"ref_strain",113,1
"2413","01_11216_0113_01",1,11216,"ref_strain",113,1
"2414","01_11286_0113_01",1,11286,"ref_strain",113,1
"2415","01_11516_0113_01",1,11516,"ref_strain",113,1
"2416","01_11520_0113_01",1,11520,"ref_strain",113,1
"2417","01_12123_0113_01",1,12123,"ref_strain",113,1
"2418","01_12237_0113_01",1,12237,"ref_strain",113,1
"2419","01_12430_0113_01",1,12430,"ref_strain",113,1
"2420","01_12486_0113_01",1,12486,"ref_strain",113,1
"2421","01_12669_0113_01",1,12669,"ref_strain",113,1
"2422","01_12691_0113_01",1,12691,"ref_strain",113,1
"2423","01_13928_0113_01",1,13928,"ref_strain",113,1
"2424","01_14095_0113_01",1,14095,"ref_strain",113,1
"2425","01_14169_0113_01",1,14169,"ref_strain",113,1
"2426","01_14194_0113_01",1,14194,"ref_strain",113,1
"2427","01_14309_0113_01",1,14309,"ref_strain",113,1
"2428","01_14354_0113_01",1,14354,"ref_strain",113,1
"2429","01_0087_0114_01",1,87,"ref_strain",114,1
"2430","01_0185_0114_01",1,185,"ref_strain",114,1
"2431","01_0982_0114_01",1,982,"ref_strain",114,1
"2432","01_1292_0114_01",1,1292,"ref_strain",114,1
"2433","01_1295_0114_01",1,1295,"ref_strain",114,1
"2434","01_1319_0114_01",1,1319,"ref_strain",114,1
"2435","01_1928_0114_01",1,1928,"ref_strain",114,1
"2436","01_2125_0114_01",1,2125,"ref_strain",114,1
"2437","01_2411_0114_01",1,2411,"ref_strain",114,1
"2438","01_2439_0114_01",1,2439,"ref_strain",114,1
"2439","01_2727_0114_01",1,2727,"ref_strain",114,1
"2440","01_2755_0114_01",1,2755,"ref_strain",114,1
"2441","01_3005_0114_01",1,3005,"ref_strain",114,1
"2442","01_3286_0114_01",1,3286,"ref_strain",114,1
"2443","01_3493_0114_01",1,3493,"ref_strain",114,1
"2444","01_3535_0114_01",1,3535,"ref_strain",114,1
"2445","01_4004_0114_01",1,4004,"ref_strain",114,1
"2446","01_4314_0114_01",1,4314,"ref_strain",114,1
"2447","01_4482_0114_01",1,4482,"ref_strain",114,1
"2448","01_4522_0114_01",1,4522,"ref_strain",114,1
"2449","01_5139_0114_01",1,5139,"ref_strain",114,1
"2450","01_5396_0114_01",1,5396,"ref_strain",114,1
"2451","01_5464_0114_01",1,5464,"ref_strain",114,1
"2452","01_6242_0114_01",1,6242,"ref_strain",114,1
"2453","01_6427_0114_01",1,6427,"ref_strain",114,1
"2454","01_7324_0114_01",1,7324,"ref_strain",114,1
"2455","01_7589_0114_01",1,7589,"ref_strain",114,1
"2456","01_7599_0114_01",1,7599,"ref_strain",114,1
"2457","01_7608_0114_01",1,7608,"ref_strain",114,1
"2458","01_8163_0114_01",1,8163,"ref_strain",114,1
"2459","01_8302_0114_01",1,8302,"ref_strain",114,1
"2460","01_8385_0114_01",1,8385,"ref_strain",114,1
"2461","01_8688_0114_01",1,8688,"ref_strain",114,1
"2462","01_8799_0114_01",1,8799,"ref_strain",114,1
"2463","01_8867_0114_01",1,8867,"ref_strain",114,1
"2464","01_8949_0114_01",1,8949,"ref_strain",114,1
"2465","01_9049_0114_01",1,9049,"ref_strain",114,1
"2466","01_9777_0114_01",1,9777,"ref_strain",114,1
"2467","01_11483_0114_01",1,11483,"ref_strain",114,1
"2468","01_11591_0114_01",1,11591,"ref_strain",114,1
"2469","01_11621_0114_01",1,11621,"ref_strain",114,1
"2470","01_11734_0114_01",1,11734,"ref_strain",114,1
"2471","01_11922_0114_01",1,11922,"ref_strain",114,1
"2472","01_12030_0114_01",1,12030,"ref_strain",114,1
"2473","01_12213_0114_01",1,12213,"ref_strain",114,1
"2474","01_12573_0114_01",1,12573,"ref_strain",114,1
"2475","01_13020_0114_01",1,13020,"ref_strain",114,1
"2476","01_13157_0114_01",1,13157,"ref_strain",114,1
"2477","01_13499_0114_01",1,13499,"ref_strain",114,1
"2478","01_0527_0115_01",1,527,"ref_strain",115,1
"2479","01_1022_0115_01",1,1022,"ref_strain",115,1
"2480","01_1649_0115_01",1,1649,"ref_strain",115,1
"2481","01_1714_0115_01",1,1714,"ref_strain",115,1
"2482","01_1799_0115_01",1,1799,"ref_strain",115,1
"2483","01_1993_0115_01",1,1993,"ref_strain",115,1
"2484","01_2709_0115_01",1,2709,"ref_strain",115,1
"2485","01_3059_0115_01",1,3059,"ref_strain",115,1
"2486","01_3407_0115_01",1,3407,"ref_strain",115,1
"2487","01_3639_0115_01",1,3639,"ref_strain",115,1
"2488","01_4464_0115_01",1,4464,"ref_strain",115,1
"2489","01_4547_0115_01",1,4547,"ref_strain",115,1
"2490","01_5246_0115_01",1,5246,"ref_strain",115,1
"2491","01_5520_0115_01",1,5520,"ref_strain",115,1
"2492","01_5931_0115_01",1,5931,"ref_strain",115,1
"2493","01_6536_0115_01",1,6536,"ref_strain",115,1
"2494","01_6563_0115_01",1,6563,"ref_strain",115,1
"2495","01_7300_0115_01",1,7300,"ref_strain",115,1
"2496","01_7303_0115_01",1,7303,"ref_strain",115,1
"2497","01_7357_0115_01",1,7357,"ref_strain",115,1
"2498","01_7472_0115_01",1,7472,"ref_strain",115,1
"2499","01_7620_0115_01",1,7620,"ref_strain",115,1
"2500","01_7688_0115_01",1,7688,"ref_strain",115,1
"2501","01_7948_0115_01",1,7948,"ref_strain",115,1
"2502","01_8055_0115_01",1,8055,"ref_strain",115,1
"2503","01_8304_0115_01",1,8304,"ref_strain",115,1
"2504","01_8411_0115_01",1,8411,"ref_strain",115,1
"2505","01_8911_0115_01",1,8911,"ref_strain",115,1
"2506","01_9757_0115_01",1,9757,"ref_strain",115,1
"2507","01_9833_0115_01",1,9833,"ref_strain",115,1
"2508","01_10021_0115_01",1,10021,"ref_strain",115,1
"2509","01_11138_0115_01",1,11138,"ref_strain",115,1
"2510","01_11350_0115_01",1,11350,"ref_strain",115,1
"2511","01_11441_0115_01",1,11441,"ref_strain",115,1
"2512","01_11624_0115_01",1,11624,"ref_strain",115,1
"2513","01_12047_0115_01",1,12047,"ref_strain",115,1
"2514","01_12145_0115_01",1,12145,"ref_strain",115,1
"2515","01_12731_0115_01",1,12731,"ref_strain",115,1
"2516","01_12936_0115_01",1,12936,"ref_strain",115,1
"2517","01_13177_0115_01",1,13177,"ref_strain",115,1
"2518","01_13248_0115_01",1,13248,"ref_strain",115,1
"2519","01_13286_0115_01",1,13286,"ref_strain",115,1
"2520","01_13415_0115_01",1,13415,"ref_strain",115,1
"2521","01_13606_0115_01",1,13606,"ref_strain",115,1
"2522","01_13687_0115_01",1,13687,"ref_strain",115,1
"2523","01_0664_0116_01",1,664,"ref_strain",116,1
"2524","01_0677_0116_01",1,677,"ref_strain",116,1
"2525","01_1232_0116_01",1,1232,"ref_strain",116,1
"2526","01_1371_0116_01",1,1371,"ref_strain",116,1
"2527","01_1514_0116_01",1,1514,"ref_strain",116,1
"2528","01_1872_0116_01",1,1872,"ref_strain",116,1
"2529","01_2054_0116_01",1,2054,"ref_strain",116,1
"2530","01_2402_0116_01",1,2402,"ref_strain",116,1
"2531","01_2637_0116_01",1,2637,"ref_strain",116,1
"2532","01_2812_0116_01",1,2812,"ref_strain",116,1
"2533","01_2880_0116_01",1,2880,"ref_strain",116,1
"2534","01_3389_0116_01",1,3389,"ref_strain",116,1
"2535","01_3465_0116_01",1,3465,"ref_strain",116,1
"2536","01_3774_0116_01",1,3774,"ref_strain",116,1
"2537","01_4637_0116_01",1,4637,"ref_strain",116,1
"2538","01_4685_0116_01",1,4685,"ref_strain",116,1
"2539","01_4858_0116_01",1,4858,"ref_strain",116,1
"2540","01_5656_0116_01",1,5656,"ref_strain",116,1
"2541","01_6182_0116_01",1,6182,"ref_strain",116,1
"2542","01_6196_0116_01",1,6196,"ref_strain",116,1
"2543","01_6801_0116_01",1,6801,"ref_strain",116,1
"2544","01_6841_0116_01",1,6841,"ref_strain",116,1
"2545","01_6952_0116_01",1,6952,"ref_strain",116,1
"2546","01_7401_0116_01",1,7401,"ref_strain",116,1
"2547","01_7459_0116_01",1,7459,"ref_strain",116,1
"2548","01_7903_0116_01",1,7903,"ref_strain",116,1
"2549","01_7972_0116_01",1,7972,"ref_strain",116,1
"2550","01_7978_0116_01",1,7978,"ref_strain",116,1
"2551","01_8196_0116_01",1,8196,"ref_strain",116,1
"2552","01_8200_0116_01",1,8200,"ref_strain",116,1
"2553","01_8300_0116_01",1,8300,"ref_strain",116,1
"2554","01_8314_0116_01",1,8314,"ref_strain",116,1
"2555","01_8396_0116_01",1,8396,"ref_strain",116,1
"2556","01_8640_0116_01",1,8640,"ref_strain",116,1
"2557","01_9339_0116_01",1,9339,"ref_strain",116,1
"2558","01_9645_0116_01",1,9645,"ref_strain",116,1
"2559","01_9655_0116_01",1,9655,"ref_strain",116,1
"2560","01_9743_0116_01",1,9743,"ref_strain",116,1
"2561","01_10020_0116_01",1,10020,"ref_strain",116,1
"2562","01_10192_0116_01",1,10192,"ref_strain",116,1
"2563","01_10689_0116_01",1,10689,"ref_strain",116,1
"2564","01_10835_0116_01",1,10835,"ref_strain",116,1
"2565","01_11768_0116_01",1,11768,"ref_strain",116,1
"2566","01_12887_0116_01",1,12887,"ref_strain",116,1
"2567","01_13080_0116_01",1,13080,"ref_strain",116,1
"2568","01_13543_0116_01",1,13543,"ref_strain",116,1
"2569","01_13880_0116_01",1,13880,"ref_strain",116,1
"2570","01_13958_0116_01",1,13958,"ref_strain",116,1
"2571","01_14165_0116_01",1,14165,"ref_strain",116,1
"2572","01_0194_0117_01",1,194,"ref_strain",117,1
"2573","01_0673_0117_01",1,673,"ref_strain",117,1
"2574","01_1163_0117_01",1,1163,"ref_strain",117,1
"2575","01_1482_0117_01",1,1482,"ref_strain",117,1
"2576","01_1595_0117_01",1,1595,"ref_strain",117,1
"2577","01_1835_0117_01",1,1835,"ref_strain",117,1
"2578","01_1846_0117_01",1,1846,"ref_strain",117,1
"2579","01_2089_0117_01",1,2089,"ref_strain",117,1
"2580","01_3275_0117_01",1,3275,"ref_strain",117,1
"2581","01_3488_0117_01",1,3488,"ref_strain",117,1
"2582","01_3651_0117_01",1,3651,"ref_strain",117,1
"2583","01_4696_0117_01",1,4696,"ref_strain",117,1
"2584","01_4730_0117_01",1,4730,"ref_strain",117,1
"2585","01_4757_0117_01",1,4757,"ref_strain",117,1
"2586","01_4959_0117_01",1,4959,"ref_strain",117,1
"2587","01_5190_0117_01",1,5190,"ref_strain",117,1
"2588","01_6236_0117_01",1,6236,"ref_strain",117,1
"2589","01_6986_0117_01",1,6986,"ref_strain",117,1
"2590","01_7024_0117_01",1,7024,"ref_strain",117,1
"2591","01_7465_0117_01",1,7465,"ref_strain",117,1
"2592","01_8013_0117_01",1,8013,"ref_strain",117,1
"2593","01_8017_0117_01",1,8017,"ref_strain",117,1
"2594","01_8089_0117_01",1,8089,"ref_strain",117,1
"2595","01_8296_0117_01",1,8296,"ref_strain",117,1
"2596","01_8585_0117_01",1,8585,"ref_strain",117,1
"2597","01_8618_0117_01",1,8618,"ref_strain",117,1
"2598","01_8683_0117_01",1,8683,"ref_strain",117,1
"2599","01_9343_0117_01",1,9343,"ref_strain",117,1
"2600","01_9436_0117_01",1,9436,"ref_strain",117,1
"2601","01_9908_0117_01",1,9908,"ref_strain",117,1
"2602","01_9927_0117_01",1,9927,"ref_strain",117,1
"2603","01_10024_0117_01",1,10024,"ref_strain",117,1
"2604","01_10664_0117_01",1,10664,"ref_strain",117,1
"2605","01_11041_0117_01",1,11041,"ref_strain",117,1
"2606","01_11398_0117_01",1,11398,"ref_strain",117,1
"2607","01_11686_0117_01",1,11686,"ref_strain",117,1
"2608","01_11906_0117_01",1,11906,"ref_strain",117,1
"2609","01_11960_0117_01",1,11960,"ref_strain",117,1
"2610","01_12025_0117_01",1,12025,"ref_strain",117,1
"2611","01_12071_0117_01",1,12071,"ref_strain",117,1
"2612","01_12940_0117_01",1,12940,"ref_strain",117,1
"2613","01_13523_0117_01",1,13523,"ref_strain",117,1
"2614","01_13704_0117_01",1,13704,"ref_strain",117,1
"2615","01_13756_0117_01",1,13756,"ref_strain",117,1
"2616","01_14153_0117_01",1,14153,"ref_strain",117,1
"2617","01_14218_0117_01",1,14218,"ref_strain",117,1
"2618","01_0030_0118_01",1,30,"ref_strain",118,1
"2619","01_0392_0118_01",1,392,"ref_strain",118,1
"2620","01_0460_0118_01",1,460,"ref_strain",118,1
"2621","01_0683_0118_01",1,683,"ref_strain",118,1
"2622","01_0703_0118_01",1,703,"ref_strain",118,1
"2623","01_0866_0118_01",1,866,"ref_strain",118,1
"2624","01_1046_0118_01",1,1046,"ref_strain",118,1
"2625","01_1164_0118_01",1,1164,"ref_strain",118,1
"2626","01_1944_0118_01",1,1944,"ref_strain",118,1
"2627","01_2069_0118_01",1,2069,"ref_strain",118,1
"2628","01_2277_0118_01",1,2277,"ref_strain",118,1
"2629","01_2588_0118_01",1,2588,"ref_strain",118,1
"2630","01_2717_0118_01",1,2717,"ref_strain",118,1
"2631","01_2878_0118_01",1,2878,"ref_strain",118,1
"2632","01_3846_0118_01",1,3846,"ref_strain",118,1
"2633","01_4122_0118_01",1,4122,"ref_strain",118,1
"2634","01_4272_0118_01",1,4272,"ref_strain",118,1
"2635","01_4488_0118_01",1,4488,"ref_strain",118,1
"2636","01_4651_0118_01",1,4651,"ref_strain",118,1
"2637","01_5736_0118_01",1,5736,"ref_strain",118,1
"2638","01_6570_0118_01",1,6570,"ref_strain",118,1
"2639","01_7351_0118_01",1,7351,"ref_strain",118,1
"2640","01_7888_0118_01",1,7888,"ref_strain",118,1
"2641","01_8126_0118_01",1,8126,"ref_strain",118,1
"2642","01_8149_0118_01",1,8149,"ref_strain",118,1
"2643","01_8390_0118_01",1,8390,"ref_strain",118,1
"2644","01_8402_0118_01",1,8402,"ref_strain",118,1
"2645","01_9213_0118_01",1,9213,"ref_strain",118,1
"2646","01_10391_0118_01",1,10391,"ref_strain",118,1
"2647","01_10582_0118_01",1,10582,"ref_strain",118,1
"2648","01_12356_0118_01",1,12356,"ref_strain",118,1
"2649","01_12489_0118_01",1,12489,"ref_strain",118,1
"2650","01_12515_0118_01",1,12515,"ref_strain",118,1
"2651","01_12809_0118_01",1,12809,"ref_strain",118,1
"2652","01_12861_0118_01",1,12861,"ref_strain",118,1
"2653","01_12900_0118_01",1,12900,"ref_strain",118,1
"2654","01_13000_0118_01",1,13000,"ref_strain",118,1
"2655","01_13074_0118_01",1,13074,"ref_strain",118,1
"2656","01_13381_0118_01",1,13381,"ref_strain",118,1
"2657","01_13611_0118_01",1,13611,"ref_strain",118,1
"2658","01_13698_0118_01",1,13698,"ref_strain",118,1
"2659","01_13798_0118_01",1,13798,"ref_strain",118,1
"2660","01_13849_0118_01",1,13849,"ref_strain",118,1
"2661","01_14023_0118_01",1,14023,"ref_strain",118,1
"2662","01_14053_0118_01",1,14053,"ref_strain",118,1
"2663","01_0516_0119_01",1,516,"ref_strain",119,1
"2664","01_0657_0119_01",1,657,"ref_strain",119,1
"2665","01_0705_0119_01",1,705,"ref_strain",119,1
"2666","01_0730_0119_01",1,730,"ref_strain",119,1
"2667","01_0830_0119_01",1,830,"ref_strain",119,1
"2668","01_1077_0119_01",1,1077,"ref_strain",119,1
"2669","01_1584_0119_01",1,1584,"ref_strain",119,1
"2670","01_1765_0119_01",1,1765,"ref_strain",119,1
"2671","01_2467_0119_01",1,2467,"ref_strain",119,1
"2672","01_2520_0119_01",1,2520,"ref_strain",119,1
"2673","01_2570_0119_01",1,2570,"ref_strain",119,1
"2674","01_3099_0119_01",1,3099,"ref_strain",119,1
"2675","01_3361_0119_01",1,3361,"ref_strain",119,1
"2676","01_3526_0119_01",1,3526,"ref_strain",119,1
"2677","01_3680_0119_01",1,3680,"ref_strain",119,1
"2678","01_4686_0119_01",1,4686,"ref_strain",119,1
"2679","01_5379_0119_01",1,5379,"ref_strain",119,1
"2680","01_5832_0119_01",1,5832,"ref_strain",119,1
"2681","01_6026_0119_01",1,6026,"ref_strain",119,1
"2682","01_6479_0119_01",1,6479,"ref_strain",119,1
"2683","01_6609_0119_01",1,6609,"ref_strain",119,1
"2684","01_7093_0119_01",1,7093,"ref_strain",119,1
"2685","01_7237_0119_01",1,7237,"ref_strain",119,1
"2686","01_7719_0119_01",1,7719,"ref_strain",119,1
"2687","01_7745_0119_01",1,7745,"ref_strain",119,1
"2688","01_7798_0119_01",1,7798,"ref_strain",119,1
"2689","01_8116_0119_01",1,8116,"ref_strain",119,1
"2690","01_8143_0119_01",1,8143,"ref_strain",119,1
"2691","01_8164_0119_01",1,8164,"ref_strain",119,1
"2692","01_8577_0119_01",1,8577,"ref_strain",119,1
"2693","01_9169_0119_01",1,9169,"ref_strain",119,1
"2694","01_9289_0119_01",1,9289,"ref_strain",119,1
"2695","01_9869_0119_01",1,9869,"ref_strain",119,1
"2696","01_10285_0119_01",1,10285,"ref_strain",119,1
"2697","01_10336_0119_01",1,10336,"ref_strain",119,1
"2698","01_10690_0119_01",1,10690,"ref_strain",119,1
"2699","01_10995_0119_01",1,10995,"ref_strain",119,1
"2700","01_11005_0119_01",1,11005,"ref_strain",119,1
"2701","01_11135_0119_01",1,11135,"ref_strain",119,1
"2702","01_12183_0119_01",1,12183,"ref_strain",119,1
"2703","01_12424_0119_01",1,12424,"ref_strain",119,1
"2704","01_12527_0119_01",1,12527,"ref_strain",119,1
"2705","01_12653_0119_01",1,12653,"ref_strain",119,1
"2706","01_13517_0119_01",1,13517,"ref_strain",119,1
"2707","01_14047_0119_01",1,14047,"ref_strain",119,1
"2708","01_0140_0120_01",1,140,"ref_strain",120,1
"2709","01_0533_0120_01",1,533,"ref_strain",120,1
"2710","01_1625_0120_01",1,1625,"ref_strain",120,1
"2711","01_1773_0120_01",1,1773,"ref_strain",120,1
"2712","01_1798_0120_01",1,1798,"ref_strain",120,1
"2713","01_1886_0120_01",1,1886,"ref_strain",120,1
"2714","01_2083_0120_01",1,2083,"ref_strain",120,1
"2715","01_2163_0120_01",1,2163,"ref_strain",120,1
"2716","01_2720_0120_01",1,2720,"ref_strain",120,1
"2717","01_2845_0120_01",1,2845,"ref_strain",120,1
"2718","01_3441_0120_01",1,3441,"ref_strain",120,1
"2719","01_3475_0120_01",1,3475,"ref_strain",120,1
"2720","01_3539_0120_01",1,3539,"ref_strain",120,1
"2721","01_3545_0120_01",1,3545,"ref_strain",120,1
"2722","01_4125_0120_01",1,4125,"ref_strain",120,1
"2723","01_4492_0120_01",1,4492,"ref_strain",120,1
"2724","01_5011_0120_01",1,5011,"ref_strain",120,1
"2725","01_5033_0120_01",1,5033,"ref_strain",120,1
"2726","01_5118_0120_01",1,5118,"ref_strain",120,1
"2727","01_5376_0120_01",1,5376,"ref_strain",120,1
"2728","01_5413_0120_01",1,5413,"ref_strain",120,1
"2729","01_5443_0120_01",1,5443,"ref_strain",120,1
"2730","01_7159_0120_01",1,7159,"ref_strain",120,1
"2731","01_7187_0120_01",1,7187,"ref_strain",120,1
"2732","01_7598_0120_01",1,7598,"ref_strain",120,1
"2733","01_7981_0120_01",1,7981,"ref_strain",120,1
"2734","01_8012_0120_01",1,8012,"ref_strain",120,1
"2735","01_8223_0120_01",1,8223,"ref_strain",120,1
"2736","01_8559_0120_01",1,8559,"ref_strain",120,1
"2737","01_8673_0120_01",1,8673,"ref_strain",120,1
"2738","01_9299_0120_01",1,9299,"ref_strain",120,1
"2739","01_9371_0120_01",1,9371,"ref_strain",120,1
"2740","01_9729_0120_01",1,9729,"ref_strain",120,1
"2741","01_9785_0120_01",1,9785,"ref_strain",120,1
"2742","01_10963_0120_01",1,10963,"ref_strain",120,1
"2743","01_11325_0120_01",1,11325,"ref_strain",120,1
"2744","01_11860_0120_01",1,11860,"ref_strain",120,1
"2745","01_12077_0120_01",1,12077,"ref_strain",120,1
"2746","01_12600_0120_01",1,12600,"ref_strain",120,1
"2747","01_12798_0120_01",1,12798,"ref_strain",120,1
"2748","01_12828_0120_01",1,12828,"ref_strain",120,1
"2749","01_13674_0120_01",1,13674,"ref_strain",120,1
"2750","01_14005_0120_01",1,14005,"ref_strain",120,1
"2751","01_14260_0120_01",1,14260,"ref_strain",120,1
"2752","01_14505_0120_01",1,14505,"ref_strain",120,1
"2753","01_0044_0121_01",1,44,"ref_strain",121,1
"2754","01_0505_0121_01",1,505,"ref_strain",121,1
"2755","01_0624_0121_01",1,624,"ref_strain",121,1
"2756","01_0887_0121_01",1,887,"ref_strain",121,1
"2757","01_0966_0121_01",1,966,"ref_strain",121,1
"2758","01_1073_0121_01",1,1073,"ref_strain",121,1
"2759","01_1210_0121_01",1,1210,"ref_strain",121,1
"2760","01_1402_0121_01",1,1402,"ref_strain",121,1
"2761","01_1472_0121_01",1,1472,"ref_strain",121,1
"2762","01_1592_0121_01",1,1592,"ref_strain",121,1
"2763","01_1593_0121_01",1,1593,"ref_strain",121,1
"2764","01_2226_0121_01",1,2226,"ref_strain",121,1
"2765","01_2501_0121_01",1,2501,"ref_strain",121,1
"2766","01_2768_0121_01",1,2768,"ref_strain",121,1
"2767","01_3104_0121_01",1,3104,"ref_strain",121,1
"2768","01_3584_0121_01",1,3584,"ref_strain",121,1
"2769","01_4064_0121_01",1,4064,"ref_strain",121,1
"2770","01_4533_0121_01",1,4533,"ref_strain",121,1
"2771","01_5412_0121_01",1,5412,"ref_strain",121,1
"2772","01_5537_0121_01",1,5537,"ref_strain",121,1
"2773","01_5581_0121_01",1,5581,"ref_strain",121,1
"2774","01_5649_0121_01",1,5649,"ref_strain",121,1
"2775","01_6068_0121_01",1,6068,"ref_strain",121,1
"2776","01_6116_0121_01",1,6116,"ref_strain",121,1
"2777","01_6175_0121_01",1,6175,"ref_strain",121,1
"2778","01_6423_0121_01",1,6423,"ref_strain",121,1
"2779","01_6688_0121_01",1,6688,"ref_strain",121,1
"2780","01_7692_0121_01",1,7692,"ref_strain",121,1
"2781","01_7775_0121_01",1,7775,"ref_strain",121,1
"2782","01_7880_0121_01",1,7880,"ref_strain",121,1
"2783","01_8058_0121_01",1,8058,"ref_strain",121,1
"2784","01_8377_0121_01",1,8377,"ref_strain",121,1
"2785","01_9563_0121_01",1,9563,"ref_strain",121,1
"2786","01_9674_0121_01",1,9674,"ref_strain",121,1
"2787","01_10280_0121_01",1,10280,"ref_strain",121,1
"2788","01_10634_0121_01",1,10634,"ref_strain",121,1
"2789","01_11020_0121_01",1,11020,"ref_strain",121,1
"2790","01_11141_0121_01",1,11141,"ref_strain",121,1
"2791","01_11654_0121_01",1,11654,"ref_strain",121,1
"2792","01_11669_0121_01",1,11669,"ref_strain",121,1
"2793","01_11955_0121_01",1,11955,"ref_strain",121,1
"2794","01_12085_0121_01",1,12085,"ref_strain",121,1
"2795","01_12138_0121_01",1,12138,"ref_strain",121,1
"2796","01_12243_0121_01",1,12243,"ref_strain",121,1
"2797","01_12329_0121_01",1,12329,"ref_strain",121,1
"2798","01_12345_0121_01",1,12345,"ref_strain",121,1
"2799","01_12879_0121_01",1,12879,"ref_strain",121,1
"2800","01_12897_0121_01",1,12897,"ref_strain",121,1
"2801","01_13015_0121_01",1,13015,"ref_strain",121,1
"2802","01_14452_0121_01",1,14452,"ref_strain",121,1
"2803","01_0749_0122_01",1,749,"ref_strain",122,1
"2804","01_1054_0122_01",1,1054,"ref_strain",122,1
"2805","01_1133_0122_01",1,1133,"ref_strain",122,1
"2806","01_1873_0122_01",1,1873,"ref_strain",122,1
"2807","01_1906_0122_01",1,1906,"ref_strain",122,1
"2808","01_1979_0122_01",1,1979,"ref_strain",122,1
"2809","01_2267_0122_01",1,2267,"ref_strain",122,1
"2810","01_2540_0122_01",1,2540,"ref_strain",122,1
"2811","01_2695_0122_01",1,2695,"ref_strain",122,1
"2812","01_2805_0122_01",1,2805,"ref_strain",122,1
"2813","01_3292_0122_01",1,3292,"ref_strain",122,1
"2814","01_3334_0122_01",1,3334,"ref_strain",122,1
"2815","01_3713_0122_01",1,3713,"ref_strain",122,1
"2816","01_3769_0122_01",1,3769,"ref_strain",122,1
"2817","01_3925_0122_01",1,3925,"ref_strain",122,1
"2818","01_4333_0122_01",1,4333,"ref_strain",122,1
"2819","01_4503_0122_01",1,4503,"ref_strain",122,1
"2820","01_5705_0122_01",1,5705,"ref_strain",122,1
"2821","01_5787_0122_01",1,5787,"ref_strain",122,1
"2822","01_5819_0122_01",1,5819,"ref_strain",122,1
"2823","01_6492_0122_01",1,6492,"ref_strain",122,1
"2824","01_6643_0122_01",1,6643,"ref_strain",122,1
"2825","01_6754_0122_01",1,6754,"ref_strain",122,1
"2826","01_7003_0122_01",1,7003,"ref_strain",122,1
"2827","01_7178_0122_01",1,7178,"ref_strain",122,1
"2828","01_7310_0122_01",1,7310,"ref_strain",122,1
"2829","01_7476_0122_01",1,7476,"ref_strain",122,1
"2830","01_7951_0122_01",1,7951,"ref_strain",122,1
"2831","01_8326_0122_01",1,8326,"ref_strain",122,1
"2832","01_8374_0122_01",1,8374,"ref_strain",122,1
"2833","01_8647_0122_01",1,8647,"ref_strain",122,1
"2834","01_9487_0122_01",1,9487,"ref_strain",122,1
"2835","01_9519_0122_01",1,9519,"ref_strain",122,1
"2836","01_9805_0122_01",1,9805,"ref_strain",122,1
"2837","01_10240_0122_01",1,10240,"ref_strain",122,1
"2838","01_10432_0122_01",1,10432,"ref_strain",122,1
"2839","01_10618_0122_01",1,10618,"ref_strain",122,1
"2840","01_10731_0122_01",1,10731,"ref_strain",122,1
"2841","01_11091_0122_01",1,11091,"ref_strain",122,1
"2842","01_11655_0122_01",1,11655,"ref_strain",122,1
"2843","01_11874_0122_01",1,11874,"ref_strain",122,1
"2844","01_11959_0122_01",1,11959,"ref_strain",122,1
"2845","01_12638_0122_01",1,12638,"ref_strain",122,1
"2846","01_13479_0122_01",1,13479,"ref_strain",122,1
"2847","01_13772_0122_01",1,13772,"ref_strain",122,1
"2848","01_13901_0122_01",1,13901,"ref_strain",122,1
"2849","01_14253_0122_01",1,14253,"ref_strain",122,1
"2850","01_0225_0123_01",1,225,"ref_strain",123,1
"2851","01_0368_0123_01",1,368,"ref_strain",123,1
"2852","01_1011_0123_01",1,1011,"ref_strain",123,1
"2853","01_1608_0123_01",1,1608,"ref_strain",123,1
"2854","01_2129_0123_01",1,2129,"ref_strain",123,1
"2855","01_2159_0123_01",1,2159,"ref_strain",123,1
"2856","01_2512_0123_01",1,2512,"ref_strain",123,1
"2857","01_3514_0123_01",1,3514,"ref_strain",123,1
"2858","01_4049_0123_01",1,4049,"ref_strain",123,1
"2859","01_4150_0123_01",1,4150,"ref_strain",123,1
"2860","01_4909_0123_01",1,4909,"ref_strain",123,1
"2861","01_5248_0123_01",1,5248,"ref_strain",123,1
"2862","01_5533_0123_01",1,5533,"ref_strain",123,1
"2863","01_5745_0123_01",1,5745,"ref_strain",123,1
"2864","01_5750_0123_01",1,5750,"ref_strain",123,1
"2865","01_6321_0123_01",1,6321,"ref_strain",123,1
"2866","01_6442_0123_01",1,6442,"ref_strain",123,1
"2867","01_6712_0123_01",1,6712,"ref_strain",123,1
"2868","01_7039_0123_01",1,7039,"ref_strain",123,1
"2869","01_7475_0123_01",1,7475,"ref_strain",123,1
"2870","01_8124_0123_01",1,8124,"ref_strain",123,1
"2871","01_8165_0123_01",1,8165,"ref_strain",123,1
"2872","01_8592_0123_01",1,8592,"ref_strain",123,1
"2873","01_8599_0123_01",1,8599,"ref_strain",123,1
"2874","01_8999_0123_01",1,8999,"ref_strain",123,1
"2875","01_9467_0123_01",1,9467,"ref_strain",123,1
"2876","01_10091_0123_01",1,10091,"ref_strain",123,1
"2877","01_10377_0123_01",1,10377,"ref_strain",123,1
"2878","01_10482_0123_01",1,10482,"ref_strain",123,1
"2879","01_10569_0123_01",1,10569,"ref_strain",123,1
"2880","01_10864_0123_01",1,10864,"ref_strain",123,1
"2881","01_11017_0123_01",1,11017,"ref_strain",123,1
"2882","01_11373_0123_01",1,11373,"ref_strain",123,1
"2883","01_11742_0123_01",1,11742,"ref_strain",123,1
"2884","01_13054_0123_01",1,13054,"ref_strain",123,1
"2885","01_13399_0123_01",1,13399,"ref_strain",123,1
"2886","01_13580_0123_01",1,13580,"ref_strain",123,1
"2887","01_14062_0123_01",1,14062,"ref_strain",123,1
"2888","01_1235_0124_01",1,1235,"ref_strain",124,1
"2889","01_1273_0124_01",1,1273,"ref_strain",124,1
"2890","01_1759_0124_01",1,1759,"ref_strain",124,1
"2891","01_2668_0124_01",1,2668,"ref_strain",124,1
"2892","01_3024_0124_01",1,3024,"ref_strain",124,1
"2893","01_3555_0124_01",1,3555,"ref_strain",124,1
"2894","01_3562_0124_01",1,3562,"ref_strain",124,1
"2895","01_3632_0124_01",1,3632,"ref_strain",124,1
"2896","01_3777_0124_01",1,3777,"ref_strain",124,1
"2897","01_3903_0124_01",1,3903,"ref_strain",124,1
"2898","01_4290_0124_01",1,4290,"ref_strain",124,1
"2899","01_4561_0124_01",1,4561,"ref_strain",124,1
"2900","01_5864_0124_01",1,5864,"ref_strain",124,1
"2901","01_5866_0124_01",1,5866,"ref_strain",124,1
"2902","01_6140_0124_01",1,6140,"ref_strain",124,1
"2903","01_6411_0124_01",1,6411,"ref_strain",124,1
"2904","01_6654_0124_01",1,6654,"ref_strain",124,1
"2905","01_6834_0124_01",1,6834,"ref_strain",124,1
"2906","01_7370_0124_01",1,7370,"ref_strain",124,1
"2907","01_7456_0124_01",1,7456,"ref_strain",124,1
"2908","01_7570_0124_01",1,7570,"ref_strain",124,1
"2909","01_8267_0124_01",1,8267,"ref_strain",124,1
"2910","01_8354_0124_01",1,8354,"ref_strain",124,1
"2911","01_8426_0124_01",1,8426,"ref_strain",124,1
"2912","01_8526_0124_01",1,8526,"ref_strain",124,1
"2913","01_8715_0124_01",1,8715,"ref_strain",124,1
"2914","01_8922_0124_01",1,8922,"ref_strain",124,1
"2915","01_9513_0124_01",1,9513,"ref_strain",124,1
"2916","01_9530_0124_01",1,9530,"ref_strain",124,1
"2917","01_9740_0124_01",1,9740,"ref_strain",124,1
"2918","01_10641_0124_01",1,10641,"ref_strain",124,1
"2919","01_10667_0124_01",1,10667,"ref_strain",124,1
"2920","01_10773_0124_01",1,10773,"ref_strain",124,1
"2921","01_10834_0124_01",1,10834,"ref_strain",124,1
"2922","01_10908_0124_01",1,10908,"ref_strain",124,1
"2923","01_11102_0124_01",1,11102,"ref_strain",124,1
"2924","01_11902_0124_01",1,11902,"ref_strain",124,1
"2925","01_11932_0124_01",1,11932,"ref_strain",124,1
"2926","01_12434_0124_01",1,12434,"ref_strain",124,1
"2927","01_12526_0124_01",1,12526,"ref_strain",124,1
"2928","01_12923_0124_01",1,12923,"ref_strain",124,1
"2929","01_13141_0124_01",1,13141,"ref_strain",124,1
"2930","01_13204_0124_01",1,13204,"ref_strain",124,1
"2931","01_13268_0124_01",1,13268,"ref_strain",124,1
"2932","01_13385_0124_01",1,13385,"ref_strain",124,1
"2933","01_13647_0124_01",1,13647,"ref_strain",124,1
"2934","01_13815_0124_01",1,13815,"ref_strain",124,1
"2935","01_0138_0125_01",1,138,"ref_strain",125,1
"2936","01_0254_0125_01",1,254,"ref_strain",125,1
"2937","01_0858_0125_01",1,858,"ref_strain",125,1
"2938","01_0895_0125_01",1,895,"ref_strain",125,1
"2939","01_1418_0125_01",1,1418,"ref_strain",125,1
"2940","01_1441_0125_01",1,1441,"ref_strain",125,1
"2941","01_1606_0125_01",1,1606,"ref_strain",125,1
"2942","01_1609_0125_01",1,1609,"ref_strain",125,1
"2943","01_1779_0125_01",1,1779,"ref_strain",125,1
"2944","01_2471_0125_01",1,2471,"ref_strain",125,1
"2945","01_3259_0125_01",1,3259,"ref_strain",125,1
"2946","01_3283_0125_01",1,3283,"ref_strain",125,1
"2947","01_3512_0125_01",1,3512,"ref_strain",125,1
"2948","01_3591_0125_01",1,3591,"ref_strain",125,1
"2949","01_3743_0125_01",1,3743,"ref_strain",125,1
"2950","01_4818_0125_01",1,4818,"ref_strain",125,1
"2951","01_5262_0125_01",1,5262,"ref_strain",125,1
"2952","01_5355_0125_01",1,5355,"ref_strain",125,1
"2953","01_5822_0125_01",1,5822,"ref_strain",125,1
"2954","01_6515_0125_01",1,6515,"ref_strain",125,1
"2955","01_7064_0125_01",1,7064,"ref_strain",125,1
"2956","01_7072_0125_01",1,7072,"ref_strain",125,1
"2957","01_7119_0125_01",1,7119,"ref_strain",125,1
"2958","01_7327_0125_01",1,7327,"ref_strain",125,1
"2959","01_7411_0125_01",1,7411,"ref_strain",125,1
"2960","01_8026_0125_01",1,8026,"ref_strain",125,1
"2961","01_8092_0125_01",1,8092,"ref_strain",125,1
"2962","01_8197_0125_01",1,8197,"ref_strain",125,1
"2963","01_8218_0125_01",1,8218,"ref_strain",125,1
"2964","01_8242_0125_01",1,8242,"ref_strain",125,1
"2965","01_9399_0125_01",1,9399,"ref_strain",125,1
"2966","01_9424_0125_01",1,9424,"ref_strain",125,1
"2967","01_9891_0125_01",1,9891,"ref_strain",125,1
"2968","01_9918_0125_01",1,9918,"ref_strain",125,1
"2969","01_10166_0125_01",1,10166,"ref_strain",125,1
"2970","01_10837_0125_01",1,10837,"ref_strain",125,1
"2971","01_10885_0125_01",1,10885,"ref_strain",125,1
"2972","01_11951_0125_01",1,11951,"ref_strain",125,1
"2973","01_12391_0125_01",1,12391,"ref_strain",125,1
"2974","01_13076_0125_01",1,13076,"ref_strain",125,1
"2975","01_14322_0125_01",1,14322,"ref_strain",125,1
"2976","01_14333_0125_01",1,14333,"ref_strain",125,1
"2977","01_14443_0125_01",1,14443,"ref_strain",125,1
"2978","01_14565_0125_01",1,14565,"ref_strain",125,1
"2979","01_0493_0126_01",1,493,"ref_strain",126,1
"2980","01_1223_0126_01",1,1223,"ref_strain",126,1
"2981","01_1782_0126_01",1,1782,"ref_strain",126,1
"2982","01_2726_0126_01",1,2726,"ref_strain",126,1
"2983","01_3172_0126_01",1,3172,"ref_strain",126,1
"2984","01_3656_0126_01",1,3656,"ref_strain",126,1
"2985","01_3674_0126_01",1,3674,"ref_strain",126,1
"2986","01_3780_0126_01",1,3780,"ref_strain",126,1
"2987","01_3920_0126_01",1,3920,"ref_strain",126,1
"2988","01_4607_0126_01",1,4607,"ref_strain",126,1
"2989","01_4661_0126_01",1,4661,"ref_strain",126,1
"2990","01_4904_0126_01",1,4904,"ref_strain",126,1
"2991","01_5018_0126_01",1,5018,"ref_strain",126,1
"2992","01_5456_0126_01",1,5456,"ref_strain",126,1
"2993","01_5483_0126_01",1,5483,"ref_strain",126,1
"2994","01_5893_0126_01",1,5893,"ref_strain",126,1
"2995","01_6567_0126_01",1,6567,"ref_strain",126,1
"2996","01_6607_0126_01",1,6607,"ref_strain",126,1
"2997","01_6699_0126_01",1,6699,"ref_strain",126,1
"2998","01_7490_0126_01",1,7490,"ref_strain",126,1
"2999","01_8121_0126_01",1,8121,"ref_strain",126,1
"3000","01_8732_0126_01",1,8732,"ref_strain",126,1
"3001","01_9068_0126_01",1,9068,"ref_strain",126,1
"3002","01_9507_0126_01",1,9507,"ref_strain",126,1
"3003","01_9803_0126_01",1,9803,"ref_strain",126,1
"3004","01_10197_0126_01",1,10197,"ref_strain",126,1
"3005","01_10573_0126_01",1,10573,"ref_strain",126,1
"3006","01_11178_0126_01",1,11178,"ref_strain",126,1
"3007","01_11709_0126_01",1,11709,"ref_strain",126,1
"3008","01_12375_0126_01",1,12375,"ref_strain",126,1
"3009","01_12507_0126_01",1,12507,"ref_strain",126,1
"3010","01_12575_0126_01",1,12575,"ref_strain",126,1
"3011","01_12717_0126_01",1,12717,"ref_strain",126,1
"3012","01_13025_0126_01",1,13025,"ref_strain",126,1
"3013","01_13041_0126_01",1,13041,"ref_strain",126,1
"3014","01_13117_0126_01",1,13117,"ref_strain",126,1
"3015","01_13178_0126_01",1,13178,"ref_strain",126,1
"3016","01_13719_0126_01",1,13719,"ref_strain",126,1
"3017","01_13736_0126_01",1,13736,"ref_strain",126,1
"3018","01_14407_0126_01",1,14407,"ref_strain",126,1
"3019","01_0467_0127_01",1,467,"ref_strain",127,1
"3020","01_0468_0127_01",1,468,"ref_strain",127,1
"3021","01_0690_0127_01",1,690,"ref_strain",127,1
"3022","01_0913_0127_01",1,913,"ref_strain",127,1
"3023","01_2505_0127_01",1,2505,"ref_strain",127,1
"3024","01_3006_0127_01",1,3006,"ref_strain",127,1
"3025","01_3479_0127_01",1,3479,"ref_strain",127,1
"3026","01_3536_0127_01",1,3536,"ref_strain",127,1
"3027","01_4059_0127_01",1,4059,"ref_strain",127,1
"3028","01_4866_0127_01",1,4866,"ref_strain",127,1
"3029","01_6373_0127_01",1,6373,"ref_strain",127,1
"3030","01_6410_0127_01",1,6410,"ref_strain",127,1
"3031","01_6504_0127_01",1,6504,"ref_strain",127,1
"3032","01_7603_0127_01",1,7603,"ref_strain",127,1
"3033","01_8043_0127_01",1,8043,"ref_strain",127,1
"3034","01_8398_0127_01",1,8398,"ref_strain",127,1
"3035","01_8743_0127_01",1,8743,"ref_strain",127,1
"3036","01_8787_0127_01",1,8787,"ref_strain",127,1
"3037","01_8977_0127_01",1,8977,"ref_strain",127,1
"3038","01_9358_0127_01",1,9358,"ref_strain",127,1
"3039","01_9407_0127_01",1,9407,"ref_strain",127,1
"3040","01_12255_0127_01",1,12255,"ref_strain",127,1
"3041","01_12324_0127_01",1,12324,"ref_strain",127,1
"3042","01_12381_0127_01",1,12381,"ref_strain",127,1
"3043","01_12448_0127_01",1,12448,"ref_strain",127,1
"3044","01_12718_0127_01",1,12718,"ref_strain",127,1
"3045","01_12777_0127_01",1,12777,"ref_strain",127,1
"3046","01_13084_0127_01",1,13084,"ref_strain",127,1
"3047","01_13211_0127_01",1,13211,"ref_strain",127,1
"3048","01_13663_0127_01",1,13663,"ref_strain",127,1
"3049","01_14196_0127_01",1,14196,"ref_strain",127,1
"3050","01_14308_0127_01",1,14308,"ref_strain",127,1
"3051","01_14317_0127_01",1,14317,"ref_strain",127,1
"3052","01_14397_0127_01",1,14397,"ref_strain",127,1
"3053","01_0537_0128_01",1,537,"ref_strain",128,1
"3054","01_0656_0128_01",1,656,"ref_strain",128,1
"3055","01_1499_0128_01",1,1499,"ref_strain",128,1
"3056","01_1784_0128_01",1,1784,"ref_strain",128,1
"3057","01_2712_0128_01",1,2712,"ref_strain",128,1
"3058","01_3582_0128_01",1,3582,"ref_strain",128,1
"3059","01_4566_0128_01",1,4566,"ref_strain",128,1
"3060","01_4795_0128_01",1,4795,"ref_strain",128,1
"3061","01_6146_0128_01",1,6146,"ref_strain",128,1
"3062","01_6438_0128_01",1,6438,"ref_strain",128,1
"3063","01_6694_0128_01",1,6694,"ref_strain",128,1
"3064","01_7052_0128_01",1,7052,"ref_strain",128,1
"3065","01_7446_0128_01",1,7446,"ref_strain",128,1
"3066","01_7711_0128_01",1,7711,"ref_strain",128,1
"3067","01_8229_0128_01",1,8229,"ref_strain",128,1
"3068","01_9047_0128_01",1,9047,"ref_strain",128,1
"3069","01_9262_0128_01",1,9262,"ref_strain",128,1
"3070","01_9354_0128_01",1,9354,"ref_strain",128,1
"3071","01_9676_0128_01",1,9676,"ref_strain",128,1
"3072","01_10019_0128_01",1,10019,"ref_strain",128,1
"3073","01_10071_0128_01",1,10071,"ref_strain",128,1
"3074","01_10259_0128_01",1,10259,"ref_strain",128,1
"3075","01_10305_0128_01",1,10305,"ref_strain",128,1
"3076","01_11813_0128_01",1,11813,"ref_strain",128,1
"3077","01_12587_0128_01",1,12587,"ref_strain",128,1
"3078","01_12740_0128_01",1,12740,"ref_strain",128,1
"3079","01_13119_0128_01",1,13119,"ref_strain",128,1
"3080","01_13744_0128_01",1,13744,"ref_strain",128,1
"3081","01_13820_0128_01",1,13820,"ref_strain",128,1
"3082","01_13977_0128_01",1,13977,"ref_strain",128,1
"3083","01_14113_0128_01",1,14113,"ref_strain",128,1
"3084","01_14136_0128_01",1,14136,"ref_strain",128,1
"3085","01_14492_0128_01",1,14492,"ref_strain",128,1
"3086","01_0219_0129_01",1,219,"ref_strain",129,1
"3087","01_0437_0129_01",1,437,"ref_strain",129,1
"3088","01_0845_0129_01",1,845,"ref_strain",129,1
"3089","01_1139_0129_01",1,1139,"ref_strain",129,1
"3090","01_1397_0129_01",1,1397,"ref_strain",129,1
"3091","01_1411_0129_01",1,1411,"ref_strain",129,1
"3092","01_2382_0129_01",1,2382,"ref_strain",129,1
"3093","01_2749_0129_01",1,2749,"ref_strain",129,1
"3094","01_3067_0129_01",1,3067,"ref_strain",129,1
"3095","01_3268_0129_01",1,3268,"ref_strain",129,1
"3096","01_4562_0129_01",1,4562,"ref_strain",129,1
"3097","01_4677_0129_01",1,4677,"ref_strain",129,1
"3098","01_5399_0129_01",1,5399,"ref_strain",129,1
"3099","01_5450_0129_01",1,5450,"ref_strain",129,1
"3100","01_5699_0129_01",1,5699,"ref_strain",129,1
"3101","01_6900_0129_01",1,6900,"ref_strain",129,1
"3102","01_7553_0129_01",1,7553,"ref_strain",129,1
"3103","01_7585_0129_01",1,7585,"ref_strain",129,1
"3104","01_7834_0129_01",1,7834,"ref_strain",129,1
"3105","01_8664_0129_01",1,8664,"ref_strain",129,1
"3106","01_8963_0129_01",1,8963,"ref_strain",129,1
"3107","01_9010_0129_01",1,9010,"ref_strain",129,1
"3108","01_9063_0129_01",1,9063,"ref_strain",129,1
"3109","01_9978_0129_01",1,9978,"ref_strain",129,1
"3110","01_10595_0129_01",1,10595,"ref_strain",129,1
"3111","01_11868_0129_01",1,11868,"ref_strain",129,1
"3112","01_12948_0129_01",1,12948,"ref_strain",129,1
"3113","01_13044_0129_01",1,13044,"ref_strain",129,1
"3114","01_13097_0129_01",1,13097,"ref_strain",129,1
"3115","01_13436_0129_01",1,13436,"ref_strain",129,1
"3116","01_13455_0129_01",1,13455,"ref_strain",129,1
"3117","01_13486_0129_01",1,13486,"ref_strain",129,1
"3118","01_13501_0129_01",1,13501,"ref_strain",129,1
"3119","01_13665_0129_01",1,13665,"ref_strain",129,1
"3120","01_0117_0130_01",1,117,"ref_strain",130,1
"3121","01_0397_0130_01",1,397,"ref_strain",130,1
"3122","01_0651_0130_01",1,651,"ref_strain",130,1
"3123","01_1078_0130_01",1,1078,"ref_strain",130,1
"3124","01_1123_0130_01",1,1123,"ref_strain",130,1
"3125","01_1516_0130_01",1,1516,"ref_strain",130,1
"3126","01_2832_0130_01",1,2832,"ref_strain",130,1
"3127","01_3445_0130_01",1,3445,"ref_strain",130,1
"3128","01_3447_0130_01",1,3447,"ref_strain",130,1
"3129","01_3460_0130_01",1,3460,"ref_strain",130,1
"3130","01_3474_0130_01",1,3474,"ref_strain",130,1
"3131","01_3738_0130_01",1,3738,"ref_strain",130,1
"3132","01_3930_0130_01",1,3930,"ref_strain",130,1
"3133","01_3965_0130_01",1,3965,"ref_strain",130,1
"3134","01_4010_0130_01",1,4010,"ref_strain",130,1
"3135","01_4158_0130_01",1,4158,"ref_strain",130,1
"3136","01_4550_0130_01",1,4550,"ref_strain",130,1
"3137","01_4645_0130_01",1,4645,"ref_strain",130,1
"3138","01_5181_0130_01",1,5181,"ref_strain",130,1
"3139","01_5691_0130_01",1,5691,"ref_strain",130,1
"3140","01_5849_0130_01",1,5849,"ref_strain",130,1
"3141","01_6451_0130_01",1,6451,"ref_strain",130,1
"3142","01_7387_0130_01",1,7387,"ref_strain",130,1
"3143","01_7508_0130_01",1,7508,"ref_strain",130,1
"3144","01_8113_0130_01",1,8113,"ref_strain",130,1
"3145","01_8431_0130_01",1,8431,"ref_strain",130,1
"3146","01_8473_0130_01",1,8473,"ref_strain",130,1
"3147","01_8619_0130_01",1,8619,"ref_strain",130,1
"3148","01_10025_0130_01",1,10025,"ref_strain",130,1
"3149","01_10057_0130_01",1,10057,"ref_strain",130,1
"3150","01_10156_0130_01",1,10156,"ref_strain",130,1
"3151","01_10955_0130_01",1,10955,"ref_strain",130,1
"3152","01_11008_0130_01",1,11008,"ref_strain",130,1
"3153","01_11606_0130_01",1,11606,"ref_strain",130,1
"3154","01_11786_0130_01",1,11786,"ref_strain",130,1
"3155","01_12529_0130_01",1,12529,"ref_strain",130,1
"3156","01_12967_0130_01",1,12967,"ref_strain",130,1
"3157","01_13153_0130_01",1,13153,"ref_strain",130,1
"3158","01_13636_0130_01",1,13636,"ref_strain",130,1
"3159","01_14339_0130_01",1,14339,"ref_strain",130,1
"3160","01_14439_0130_01",1,14439,"ref_strain",130,1
"3161","01_14566_0130_01",1,14566,"ref_strain",130,1
"3162","01_0338_0131_01",1,338,"ref_strain",131,1
"3163","01_0383_0131_01",1,383,"ref_strain",131,1
"3164","01_0796_0131_01",1,796,"ref_strain",131,1
"3165","01_2171_0131_01",1,2171,"ref_strain",131,1
"3166","01_4523_0131_01",1,4523,"ref_strain",131,1
"3167","01_4995_0131_01",1,4995,"ref_strain",131,1
"3168","01_5008_0131_01",1,5008,"ref_strain",131,1
"3169","01_5013_0131_01",1,5013,"ref_strain",131,1
"3170","01_5021_0131_01",1,5021,"ref_strain",131,1
"3171","01_6349_0131_01",1,6349,"ref_strain",131,1
"3172","01_7002_0131_01",1,7002,"ref_strain",131,1
"3173","01_7057_0131_01",1,7057,"ref_strain",131,1
"3174","01_7616_0131_01",1,7616,"ref_strain",131,1
"3175","01_7793_0131_01",1,7793,"ref_strain",131,1
"3176","01_7910_0131_01",1,7910,"ref_strain",131,1
"3177","01_8156_0131_01",1,8156,"ref_strain",131,1
"3178","01_8584_0131_01",1,8584,"ref_strain",131,1
"3179","01_8995_0131_01",1,8995,"ref_strain",131,1
"3180","01_9611_0131_01",1,9611,"ref_strain",131,1
"3181","01_10768_0131_01",1,10768,"ref_strain",131,1
"3182","01_11243_0131_01",1,11243,"ref_strain",131,1
"3183","01_11583_0131_01",1,11583,"ref_strain",131,1
"3184","01_11863_0131_01",1,11863,"ref_strain",131,1
"3185","01_12161_0131_01",1,12161,"ref_strain",131,1
"3186","01_12741_0131_01",1,12741,"ref_strain",131,1
"3187","01_12915_0131_01",1,12915,"ref_strain",131,1
"3188","01_13536_0131_01",1,13536,"ref_strain",131,1
"3189","01_14090_0131_01",1,14090,"ref_strain",131,1
"3190","01_14139_0131_01",1,14139,"ref_strain",131,1
"3191","01_14533_0131_01",1,14533,"ref_strain",131,1
"3192","01_0710_0132_01",1,710,"ref_strain",132,1
"3193","01_0914_0132_01",1,914,"ref_strain",132,1
"3194","01_1037_0132_01",1,1037,"ref_strain",132,1
"3195","01_2433_0132_01",1,2433,"ref_strain",132,1
"3196","01_2525_0132_01",1,2525,"ref_strain",132,1
"3197","01_2705_0132_01",1,2705,"ref_strain",132,1
"3198","01_3438_0132_01",1,3438,"ref_strain",132,1
"3199","01_4487_0132_01",1,4487,"ref_strain",132,1
"3200","01_4946_0132_01",1,4946,"ref_strain",132,1
"3201","01_5101_0132_01",1,5101,"ref_strain",132,1
"3202","01_5490_0132_01",1,5490,"ref_strain",132,1
"3203","01_6213_0132_01",1,6213,"ref_strain",132,1
"3204","01_6218_0132_01",1,6218,"ref_strain",132,1
"3205","01_6832_0132_01",1,6832,"ref_strain",132,1
"3206","01_7095_0132_01",1,7095,"ref_strain",132,1
"3207","01_7474_0132_01",1,7474,"ref_strain",132,1
"3208","01_7912_0132_01",1,7912,"ref_strain",132,1
"3209","01_8073_0132_01",1,8073,"ref_strain",132,1
"3210","01_8544_0132_01",1,8544,"ref_strain",132,1
"3211","01_8597_0132_01",1,8597,"ref_strain",132,1
"3212","01_9088_0132_01",1,9088,"ref_strain",132,1
"3213","01_9469_0132_01",1,9469,"ref_strain",132,1
"3214","01_10227_0132_01",1,10227,"ref_strain",132,1
"3215","01_10298_0132_01",1,10298,"ref_strain",132,1
"3216","01_10313_0132_01",1,10313,"ref_strain",132,1
"3217","01_10379_0132_01",1,10379,"ref_strain",132,1
"3218","01_10670_0132_01",1,10670,"ref_strain",132,1
"3219","01_11284_0132_01",1,11284,"ref_strain",132,1
"3220","01_12147_0132_01",1,12147,"ref_strain",132,1
"3221","01_12265_0132_01",1,12265,"ref_strain",132,1
"3222","01_12404_0132_01",1,12404,"ref_strain",132,1
"3223","01_12581_0132_01",1,12581,"ref_strain",132,1
"3224","01_12757_0132_01",1,12757,"ref_strain",132,1
"3225","01_13277_0132_01",1,13277,"ref_strain",132,1
"3226","01_13541_0132_01",1,13541,"ref_strain",132,1
"3227","01_14411_0132_01",1,14411,"ref_strain",132,1
"3228","01_14509_0132_01",1,14509,"ref_strain",132,1
"3229","01_14582_0132_01",1,14582,"ref_strain",132,1
"3230","01_0096_0133_01",1,96,"ref_strain",133,1
"3231","01_0323_0133_01",1,323,"ref_strain",133,1
"3232","01_0980_0133_01",1,980,"ref_strain",133,1
"3233","01_1490_0133_01",1,1490,"ref_strain",133,1
"3234","01_1740_0133_01",1,1740,"ref_strain",133,1
"3235","01_1808_0133_01",1,1808,"ref_strain",133,1
"3236","01_2734_0133_01",1,2734,"ref_strain",133,1
"3237","01_2943_0133_01",1,2943,"ref_strain",133,1
"3238","01_3195_0133_01",1,3195,"ref_strain",133,1
"3239","01_3317_0133_01",1,3317,"ref_strain",133,1
"3240","01_3755_0133_01",1,3755,"ref_strain",133,1
"3241","01_3891_0133_01",1,3891,"ref_strain",133,1
"3242","01_5605_0133_01",1,5605,"ref_strain",133,1
"3243","01_5607_0133_01",1,5607,"ref_strain",133,1
"3244","01_5686_0133_01",1,5686,"ref_strain",133,1
"3245","01_5807_0133_01",1,5807,"ref_strain",133,1
"3246","01_6297_0133_01",1,6297,"ref_strain",133,1
"3247","01_6531_0133_01",1,6531,"ref_strain",133,1
"3248","01_6749_0133_01",1,6749,"ref_strain",133,1
"3249","01_6805_0133_01",1,6805,"ref_strain",133,1
"3250","01_6816_0133_01",1,6816,"ref_strain",133,1
"3251","01_7027_0133_01",1,7027,"ref_strain",133,1
"3252","01_7044_0133_01",1,7044,"ref_strain",133,1
"3253","01_7383_0133_01",1,7383,"ref_strain",133,1
"3254","01_7405_0133_01",1,7405,"ref_strain",133,1
"3255","01_7642_0133_01",1,7642,"ref_strain",133,1
"3256","01_7994_0133_01",1,7994,"ref_strain",133,1
"3257","01_8063_0133_01",1,8063,"ref_strain",133,1
"3258","01_8496_0133_01",1,8496,"ref_strain",133,1
"3259","01_8714_0133_01",1,8714,"ref_strain",133,1
"3260","01_8775_0133_01",1,8775,"ref_strain",133,1
"3261","01_9493_0133_01",1,9493,"ref_strain",133,1
"3262","01_9502_0133_01",1,9502,"ref_strain",133,1
"3263","01_9536_0133_01",1,9536,"ref_strain",133,1
"3264","01_9758_0133_01",1,9758,"ref_strain",133,1
"3265","01_10611_0133_01",1,10611,"ref_strain",133,1
"3266","01_10686_0133_01",1,10686,"ref_strain",133,1
"3267","01_11224_0133_01",1,11224,"ref_strain",133,1
"3268","01_11862_0133_01",1,11862,"ref_strain",133,1
"3269","01_12955_0133_01",1,12955,"ref_strain",133,1
"3270","01_13412_0133_01",1,13412,"ref_strain",133,1
"3271","01_13601_0133_01",1,13601,"ref_strain",133,1
"3272","01_13751_0133_01",1,13751,"ref_strain",133,1
"3273","01_0644_0134_01",1,644,"ref_strain",134,1
"3274","01_1297_0134_01",1,1297,"ref_strain",134,1
"3275","01_1467_0134_01",1,1467,"ref_strain",134,1
"3276","01_1570_0134_01",1,1570,"ref_strain",134,1
"3277","01_1598_0134_01",1,1598,"ref_strain",134,1
"3278","01_1732_0134_01",1,1732,"ref_strain",134,1
"3279","01_2302_0134_01",1,2302,"ref_strain",134,1
"3280","01_2646_0134_01",1,2646,"ref_strain",134,1
"3281","01_2716_0134_01",1,2716,"ref_strain",134,1
"3282","01_3610_0134_01",1,3610,"ref_strain",134,1
"3283","01_3876_0134_01",1,3876,"ref_strain",134,1
"3284","01_3926_0134_01",1,3926,"ref_strain",134,1
"3285","01_4285_0134_01",1,4285,"ref_strain",134,1
"3286","01_5302_0134_01",1,5302,"ref_strain",134,1
"3287","01_6125_0134_01",1,6125,"ref_strain",134,1
"3288","01_7231_0134_01",1,7231,"ref_strain",134,1
"3289","01_7266_0134_01",1,7266,"ref_strain",134,1
"3290","01_8459_0134_01",1,8459,"ref_strain",134,1
"3291","01_8475_0134_01",1,8475,"ref_strain",134,1
"3292","01_8917_0134_01",1,8917,"ref_strain",134,1
"3293","01_8958_0134_01",1,8958,"ref_strain",134,1
"3294","01_9728_0134_01",1,9728,"ref_strain",134,1
"3295","01_9858_0134_01",1,9858,"ref_strain",134,1
"3296","01_10112_0134_01",1,10112,"ref_strain",134,1
"3297","01_10281_0134_01",1,10281,"ref_strain",134,1
"3298","01_10694_0134_01",1,10694,"ref_strain",134,1
"3299","01_10736_0134_01",1,10736,"ref_strain",134,1
"3300","01_11024_0134_01",1,11024,"ref_strain",134,1
"3301","01_11155_0134_01",1,11155,"ref_strain",134,1
"3302","01_11237_0134_01",1,11237,"ref_strain",134,1
"3303","01_11979_0134_01",1,11979,"ref_strain",134,1
"3304","01_14553_0134_01",1,14553,"ref_strain",134,1
"3305","01_0619_0135_01",1,619,"ref_strain",135,1
"3306","01_0745_0135_01",1,745,"ref_strain",135,1
"3307","01_1062_0135_01",1,1062,"ref_strain",135,1
"3308","01_1298_0135_01",1,1298,"ref_strain",135,1
"3309","01_1937_0135_01",1,1937,"ref_strain",135,1
"3310","01_2042_0135_01",1,2042,"ref_strain",135,1
"3311","01_2123_0135_01",1,2123,"ref_strain",135,1
"3312","01_2430_0135_01",1,2430,"ref_strain",135,1
"3313","01_2907_0135_01",1,2907,"ref_strain",135,1
"3314","01_3358_0135_01",1,3358,"ref_strain",135,1
"3315","01_3969_0135_01",1,3969,"ref_strain",135,1
"3316","01_4068_0135_01",1,4068,"ref_strain",135,1
"3317","01_4161_0135_01",1,4161,"ref_strain",135,1
"3318","01_4178_0135_01",1,4178,"ref_strain",135,1
"3319","01_5037_0135_01",1,5037,"ref_strain",135,1
"3320","01_5553_0135_01",1,5553,"ref_strain",135,1
"3321","01_5576_0135_01",1,5576,"ref_strain",135,1
"3322","01_7075_0135_01",1,7075,"ref_strain",135,1
"3323","01_8188_0135_01",1,8188,"ref_strain",135,1
"3324","01_8424_0135_01",1,8424,"ref_strain",135,1
"3325","01_8841_0135_01",1,8841,"ref_strain",135,1
"3326","01_10500_0135_01",1,10500,"ref_strain",135,1
"3327","01_10568_0135_01",1,10568,"ref_strain",135,1
"3328","01_11524_0135_01",1,11524,"ref_strain",135,1
"3329","01_11577_0135_01",1,11577,"ref_strain",135,1
"3330","01_11864_0135_01",1,11864,"ref_strain",135,1
"3331","01_11977_0135_01",1,11977,"ref_strain",135,1
"3332","01_12079_0135_01",1,12079,"ref_strain",135,1
"3333","01_12135_0135_01",1,12135,"ref_strain",135,1
"3334","01_12184_0135_01",1,12184,"ref_strain",135,1
"3335","01_12275_0135_01",1,12275,"ref_strain",135,1
"3336","01_12547_0135_01",1,12547,"ref_strain",135,1
"3337","01_13322_0135_01",1,13322,"ref_strain",135,1
"3338","01_13496_0135_01",1,13496,"ref_strain",135,1
"3339","01_13892_0135_01",1,13892,"ref_strain",135,1
"3340","01_14178_0135_01",1,14178,"ref_strain",135,1
"3341","01_0374_0136_01",1,374,"ref_strain",136,1
"3342","01_1150_0136_01",1,1150,"ref_strain",136,1
"3343","01_1648_0136_01",1,1648,"ref_strain",136,1
"3344","01_1976_0136_01",1,1976,"ref_strain",136,1
"3345","01_2406_0136_01",1,2406,"ref_strain",136,1
"3346","01_4012_0136_01",1,4012,"ref_strain",136,1
"3347","01_4063_0136_01",1,4063,"ref_strain",136,1
"3348","01_4358_0136_01",1,4358,"ref_strain",136,1
"3349","01_4401_0136_01",1,4401,"ref_strain",136,1
"3350","01_4481_0136_01",1,4481,"ref_strain",136,1
"3351","01_5146_0136_01",1,5146,"ref_strain",136,1
"3352","01_5309_0136_01",1,5309,"ref_strain",136,1
"3353","01_5840_0136_01",1,5840,"ref_strain",136,1
"3354","01_6075_0136_01",1,6075,"ref_strain",136,1
"3355","01_6880_0136_01",1,6880,"ref_strain",136,1
"3356","01_7388_0136_01",1,7388,"ref_strain",136,1
"3357","01_8276_0136_01",1,8276,"ref_strain",136,1
"3358","01_8980_0136_01",1,8980,"ref_strain",136,1
"3359","01_9561_0136_01",1,9561,"ref_strain",136,1
"3360","01_10106_0136_01",1,10106,"ref_strain",136,1
"3361","01_10238_0136_01",1,10238,"ref_strain",136,1
"3362","01_10677_0136_01",1,10677,"ref_strain",136,1
"3363","01_11683_0136_01",1,11683,"ref_strain",136,1
"3364","01_11916_0136_01",1,11916,"ref_strain",136,1
"3365","01_12284_0136_01",1,12284,"ref_strain",136,1
"3366","01_12525_0136_01",1,12525,"ref_strain",136,1
"3367","01_13030_0136_01",1,13030,"ref_strain",136,1
"3368","01_14134_0136_01",1,14134,"ref_strain",136,1
"3369","01_14432_0136_01",1,14432,"ref_strain",136,1
"3370","01_0015_0137_01",1,15,"ref_strain",137,1
"3371","01_0251_0137_01",1,251,"ref_strain",137,1
"3372","01_0421_0137_01",1,421,"ref_strain",137,1
"3373","01_1199_0137_01",1,1199,"ref_strain",137,1
"3374","01_1485_0137_01",1,1485,"ref_strain",137,1
"3375","01_2099_0137_01",1,2099,"ref_strain",137,1
"3376","01_2510_0137_01",1,2510,"ref_strain",137,1
"3377","01_3071_0137_01",1,3071,"ref_strain",137,1
"3378","01_3837_0137_01",1,3837,"ref_strain",137,1
"3379","01_4519_0137_01",1,4519,"ref_strain",137,1
"3380","01_5504_0137_01",1,5504,"ref_strain",137,1
"3381","01_5665_0137_01",1,5665,"ref_strain",137,1
"3382","01_5764_0137_01",1,5764,"ref_strain",137,1
"3383","01_6919_0137_01",1,6919,"ref_strain",137,1
"3384","01_6968_0137_01",1,6968,"ref_strain",137,1
"3385","01_7122_0137_01",1,7122,"ref_strain",137,1
"3386","01_7350_0137_01",1,7350,"ref_strain",137,1
"3387","01_8403_0137_01",1,8403,"ref_strain",137,1
"3388","01_8558_0137_01",1,8558,"ref_strain",137,1
"3389","01_9862_0137_01",1,9862,"ref_strain",137,1
"3390","01_10470_0137_01",1,10470,"ref_strain",137,1
"3391","01_11301_0137_01",1,11301,"ref_strain",137,1
"3392","01_11851_0137_01",1,11851,"ref_strain",137,1
"3393","01_12175_0137_01",1,12175,"ref_strain",137,1
"3394","01_12930_0137_01",1,12930,"ref_strain",137,1
"3395","01_13061_0137_01",1,13061,"ref_strain",137,1
"3396","01_13566_0137_01",1,13566,"ref_strain",137,1
"3397","01_14105_0137_01",1,14105,"ref_strain",137,1
"3398","01_14277_0137_01",1,14277,"ref_strain",137,1
"3399","01_1263_0138_01",1,1263,"ref_strain",138,1
"3400","01_1323_0138_01",1,1323,"ref_strain",138,1
"3401","01_1780_0138_01",1,1780,"ref_strain",138,1
"3402","01_2497_0138_01",1,2497,"ref_strain",138,1
"3403","01_2629_0138_01",1,2629,"ref_strain",138,1
"3404","01_2783_0138_01",1,2783,"ref_strain",138,1
"3405","01_3280_0138_01",1,3280,"ref_strain",138,1
"3406","01_3607_0138_01",1,3607,"ref_strain",138,1
"3407","01_3842_0138_01",1,3842,"ref_strain",138,1
"3408","01_4439_0138_01",1,4439,"ref_strain",138,1
"3409","01_4934_0138_01",1,4934,"ref_strain",138,1
"3410","01_5247_0138_01",1,5247,"ref_strain",138,1
"3411","01_5284_0138_01",1,5284,"ref_strain",138,1
"3412","01_7394_0138_01",1,7394,"ref_strain",138,1
"3413","01_8036_0138_01",1,8036,"ref_strain",138,1
"3414","01_8172_0138_01",1,8172,"ref_strain",138,1
"3415","01_9402_0138_01",1,9402,"ref_strain",138,1
"3416","01_10479_0138_01",1,10479,"ref_strain",138,1
"3417","01_10619_0138_01",1,10619,"ref_strain",138,1
"3418","01_10744_0138_01",1,10744,"ref_strain",138,1
"3419","01_10921_0138_01",1,10921,"ref_strain",138,1
"3420","01_10933_0138_01",1,10933,"ref_strain",138,1
"3421","01_10936_0138_01",1,10936,"ref_strain",138,1
"3422","01_10960_0138_01",1,10960,"ref_strain",138,1
"3423","01_11667_0138_01",1,11667,"ref_strain",138,1
"3424","01_12035_0138_01",1,12035,"ref_strain",138,1
"3425","01_12362_0138_01",1,12362,"ref_strain",138,1
"3426","01_12407_0138_01",1,12407,"ref_strain",138,1
"3427","01_13854_0138_01",1,13854,"ref_strain",138,1
"3428","01_0281_0139_01",1,281,"ref_strain",139,1
"3429","01_1417_0139_01",1,1417,"ref_strain",139,1
"3430","01_1624_0139_01",1,1624,"ref_strain",139,1
"3431","01_2178_0139_01",1,2178,"ref_strain",139,1
"3432","01_2387_0139_01",1,2387,"ref_strain",139,1
"3433","01_2710_0139_01",1,2710,"ref_strain",139,1
"3434","01_2860_0139_01",1,2860,"ref_strain",139,1
"3435","01_2946_0139_01",1,2946,"ref_strain",139,1
"3436","01_3694_0139_01",1,3694,"ref_strain",139,1
"3437","01_3770_0139_01",1,3770,"ref_strain",139,1
"3438","01_3847_0139_01",1,3847,"ref_strain",139,1
"3439","01_4057_0139_01",1,4057,"ref_strain",139,1
"3440","01_4351_0139_01",1,4351,"ref_strain",139,1
"3441","01_4649_0139_01",1,4649,"ref_strain",139,1
"3442","01_4864_0139_01",1,4864,"ref_strain",139,1
"3443","01_5519_0139_01",1,5519,"ref_strain",139,1
"3444","01_5573_0139_01",1,5573,"ref_strain",139,1
"3445","01_6579_0139_01",1,6579,"ref_strain",139,1
"3446","01_6650_0139_01",1,6650,"ref_strain",139,1
"3447","01_7255_0139_01",1,7255,"ref_strain",139,1
"3448","01_8060_0139_01",1,8060,"ref_strain",139,1
"3449","01_8848_0139_01",1,8848,"ref_strain",139,1
"3450","01_9887_0139_01",1,9887,"ref_strain",139,1
"3451","01_10276_0139_01",1,10276,"ref_strain",139,1
"3452","01_10860_0139_01",1,10860,"ref_strain",139,1
"3453","01_10874_0139_01",1,10874,"ref_strain",139,1
"3454","01_11420_0139_01",1,11420,"ref_strain",139,1
"3455","01_11450_0139_01",1,11450,"ref_strain",139,1
"3456","01_11695_0139_01",1,11695,"ref_strain",139,1
"3457","01_11891_0139_01",1,11891,"ref_strain",139,1
"3458","01_12048_0139_01",1,12048,"ref_strain",139,1
"3459","01_14019_0139_01",1,14019,"ref_strain",139,1
"3460","01_14036_0139_01",1,14036,"ref_strain",139,1
"3461","01_0079_0140_01",1,79,"ref_strain",140,1
"3462","01_1489_0140_01",1,1489,"ref_strain",140,1
"3463","01_2444_0140_01",1,2444,"ref_strain",140,1
"3464","01_4868_0140_01",1,4868,"ref_strain",140,1
"3465","01_4954_0140_01",1,4954,"ref_strain",140,1
"3466","01_6577_0140_01",1,6577,"ref_strain",140,1
"3467","01_7182_0140_01",1,7182,"ref_strain",140,1
"3468","01_7629_0140_01",1,7629,"ref_strain",140,1
"3469","01_7751_0140_01",1,7751,"ref_strain",140,1
"3470","01_7892_0140_01",1,7892,"ref_strain",140,1
"3471","01_7928_0140_01",1,7928,"ref_strain",140,1
"3472","01_8401_0140_01",1,8401,"ref_strain",140,1
"3473","01_8432_0140_01",1,8432,"ref_strain",140,1
"3474","01_9562_0140_01",1,9562,"ref_strain",140,1
"3475","01_9905_0140_01",1,9905,"ref_strain",140,1
"3476","01_10295_0140_01",1,10295,"ref_strain",140,1
"3477","01_10603_0140_01",1,10603,"ref_strain",140,1
"3478","01_10642_0140_01",1,10642,"ref_strain",140,1
"3479","01_11023_0140_01",1,11023,"ref_strain",140,1
"3480","01_11821_0140_01",1,11821,"ref_strain",140,1
"3481","01_13474_0140_01",1,13474,"ref_strain",140,1
"3482","01_13489_0140_01",1,13489,"ref_strain",140,1
"3483","01_13539_0140_01",1,13539,"ref_strain",140,1
"3484","01_13645_0140_01",1,13645,"ref_strain",140,1
"3485","01_14024_0140_01",1,14024,"ref_strain",140,1
"3486","01_14164_0140_01",1,14164,"ref_strain",140,1
"3487","01_14441_0140_01",1,14441,"ref_strain",140,1
"3488","01_1547_0141_01",1,1547,"ref_strain",141,1
"3489","01_1742_0141_01",1,1742,"ref_strain",141,1
"3490","01_2666_0141_01",1,2666,"ref_strain",141,1
"3491","01_2738_0141_01",1,2738,"ref_strain",141,1
"3492","01_2987_0141_01",1,2987,"ref_strain",141,1
"3493","01_3109_0141_01",1,3109,"ref_strain",141,1
"3494","01_3221_0141_01",1,3221,"ref_strain",141,1
"3495","01_3300_0141_01",1,3300,"ref_strain",141,1
"3496","01_3570_0141_01",1,3570,"ref_strain",141,1
"3497","01_3720_0141_01",1,3720,"ref_strain",141,1
"3498","01_3955_0141_01",1,3955,"ref_strain",141,1
"3499","01_4320_0141_01",1,4320,"ref_strain",141,1
"3500","01_4577_0141_01",1,4577,"ref_strain",141,1
"3501","01_4617_0141_01",1,4617,"ref_strain",141,1
"3502","01_5358_0141_01",1,5358,"ref_strain",141,1
"3503","01_6032_0141_01",1,6032,"ref_strain",141,1
"3504","01_6129_0141_01",1,6129,"ref_strain",141,1
"3505","01_6211_0141_01",1,6211,"ref_strain",141,1
"3506","01_6215_0141_01",1,6215,"ref_strain",141,1
"3507","01_6293_0141_01",1,6293,"ref_strain",141,1
"3508","01_6460_0141_01",1,6460,"ref_strain",141,1
"3509","01_6955_0141_01",1,6955,"ref_strain",141,1
"3510","01_7087_0141_01",1,7087,"ref_strain",141,1
"3511","01_7847_0141_01",1,7847,"ref_strain",141,1
"3512","01_8224_0141_01",1,8224,"ref_strain",141,1
"3513","01_8243_0141_01",1,8243,"ref_strain",141,1
"3514","01_8397_0141_01",1,8397,"ref_strain",141,1
"3515","01_8524_0141_01",1,8524,"ref_strain",141,1
"3516","01_9533_0141_01",1,9533,"ref_strain",141,1
"3517","01_9762_0141_01",1,9762,"ref_strain",141,1
"3518","01_10384_0141_01",1,10384,"ref_strain",141,1
"3519","01_10438_0141_01",1,10438,"ref_strain",141,1
"3520","01_10659_0141_01",1,10659,"ref_strain",141,1
"3521","01_11781_0141_01",1,11781,"ref_strain",141,1
"3522","01_11828_0141_01",1,11828,"ref_strain",141,1
"3523","01_12126_0141_01",1,12126,"ref_strain",141,1
"3524","01_12511_0141_01",1,12511,"ref_strain",141,1
"3525","01_13083_0141_01",1,13083,"ref_strain",141,1
"3526","01_13173_0141_01",1,13173,"ref_strain",141,1
"3527","01_13186_0141_01",1,13186,"ref_strain",141,1
"3528","01_14103_0141_01",1,14103,"ref_strain",141,1
"3529","01_0246_0142_01",1,246,"ref_strain",142,1
"3530","01_1762_0142_01",1,1762,"ref_strain",142,1
"3531","01_2374_0142_01",1,2374,"ref_strain",142,1
"3532","01_2824_0142_01",1,2824,"ref_strain",142,1
"3533","01_2840_0142_01",1,2840,"ref_strain",142,1
"3534","01_3083_0142_01",1,3083,"ref_strain",142,1
"3535","01_3094_0142_01",1,3094,"ref_strain",142,1
"3536","01_4517_0142_01",1,4517,"ref_strain",142,1
"3537","01_4882_0142_01",1,4882,"ref_strain",142,1
"3538","01_4918_0142_01",1,4918,"ref_strain",142,1
"3539","01_5064_0142_01",1,5064,"ref_strain",142,1
"3540","01_5522_0142_01",1,5522,"ref_strain",142,1
"3541","01_6072_0142_01",1,6072,"ref_strain",142,1
"3542","01_6469_0142_01",1,6469,"ref_strain",142,1
"3543","01_6855_0142_01",1,6855,"ref_strain",142,1
"3544","01_6997_0142_01",1,6997,"ref_strain",142,1
"3545","01_7477_0142_01",1,7477,"ref_strain",142,1
"3546","01_8672_0142_01",1,8672,"ref_strain",142,1
"3547","01_8797_0142_01",1,8797,"ref_strain",142,1
"3548","01_9132_0142_01",1,9132,"ref_strain",142,1
"3549","01_10875_0142_01",1,10875,"ref_strain",142,1
"3550","01_11323_0142_01",1,11323,"ref_strain",142,1
"3551","01_11626_0142_01",1,11626,"ref_strain",142,1
"3552","01_11636_0142_01",1,11636,"ref_strain",142,1
"3553","01_11716_0142_01",1,11716,"ref_strain",142,1
"3554","01_12113_0142_01",1,12113,"ref_strain",142,1
"3555","01_12196_0142_01",1,12196,"ref_strain",142,1
"3556","01_12262_0142_01",1,12262,"ref_strain",142,1
"3557","01_12891_0142_01",1,12891,"ref_strain",142,1
"3558","01_13382_0142_01",1,13382,"ref_strain",142,1
"3559","01_13413_0142_01",1,13413,"ref_strain",142,1
"3560","01_14273_0142_01",1,14273,"ref_strain",142,1
"3561","01_14400_0142_01",1,14400,"ref_strain",142,1
"3562","01_14444_0142_01",1,14444,"ref_strain",142,1
"3563","01_0395_0143_01",1,395,"ref_strain",143,1
"3564","01_0865_0143_01",1,865,"ref_strain",143,1
"3565","01_1060_0143_01",1,1060,"ref_strain",143,1
"3566","01_1355_0143_01",1,1355,"ref_strain",143,1
"3567","01_1849_0143_01",1,1849,"ref_strain",143,1
"3568","01_2187_0143_01",1,2187,"ref_strain",143,1
"3569","01_2268_0143_01",1,2268,"ref_strain",143,1
"3570","01_2279_0143_01",1,2279,"ref_strain",143,1
"3571","01_2557_0143_01",1,2557,"ref_strain",143,1
"3572","01_2672_0143_01",1,2672,"ref_strain",143,1
"3573","01_2947_0143_01",1,2947,"ref_strain",143,1
"3574","01_4208_0143_01",1,4208,"ref_strain",143,1
"3575","01_4246_0143_01",1,4246,"ref_strain",143,1
"3576","01_5095_0143_01",1,5095,"ref_strain",143,1
"3577","01_5614_0143_01",1,5614,"ref_strain",143,1
"3578","01_5735_0143_01",1,5735,"ref_strain",143,1
"3579","01_6564_0143_01",1,6564,"ref_strain",143,1
"3580","01_6689_0143_01",1,6689,"ref_strain",143,1
"3581","01_6750_0143_01",1,6750,"ref_strain",143,1
"3582","01_8133_0143_01",1,8133,"ref_strain",143,1
"3583","01_8231_0143_01",1,8231,"ref_strain",143,1
"3584","01_8320_0143_01",1,8320,"ref_strain",143,1
"3585","01_8357_0143_01",1,8357,"ref_strain",143,1
"3586","01_9097_0143_01",1,9097,"ref_strain",143,1
"3587","01_9396_0143_01",1,9396,"ref_strain",143,1
"3588","01_10444_0143_01",1,10444,"ref_strain",143,1
"3589","01_10509_0143_01",1,10509,"ref_strain",143,1
"3590","01_10628_0143_01",1,10628,"ref_strain",143,1
"3591","01_10971_0143_01",1,10971,"ref_strain",143,1
"3592","01_11521_0143_01",1,11521,"ref_strain",143,1
"3593","01_12484_0143_01",1,12484,"ref_strain",143,1
"3594","01_12649_0143_01",1,12649,"ref_strain",143,1
"3595","01_13699_0143_01",1,13699,"ref_strain",143,1
"3596","01_0076_0144_01",1,76,"ref_strain",144,1
"3597","01_1168_0144_01",1,1168,"ref_strain",144,1
"3598","01_2542_0144_01",1,2542,"ref_strain",144,1
"3599","01_3330_0144_01",1,3330,"ref_strain",144,1
"3600","01_4021_0144_01",1,4021,"ref_strain",144,1
"3601","01_4694_0144_01",1,4694,"ref_strain",144,1
"3602","01_4955_0144_01",1,4955,"ref_strain",144,1
"3603","01_5315_0144_01",1,5315,"ref_strain",144,1
"3604","01_6765_0144_01",1,6765,"ref_strain",144,1
"3605","01_7094_0144_01",1,7094,"ref_strain",144,1
"3606","01_7744_0144_01",1,7744,"ref_strain",144,1
"3607","01_7931_0144_01",1,7931,"ref_strain",144,1
"3608","01_8170_0144_01",1,8170,"ref_strain",144,1
"3609","01_8729_0144_01",1,8729,"ref_strain",144,1
"3610","01_9510_0144_01",1,9510,"ref_strain",144,1
"3611","01_10092_0144_01",1,10092,"ref_strain",144,1
"3612","01_10848_0144_01",1,10848,"ref_strain",144,1
"3613","01_10991_0144_01",1,10991,"ref_strain",144,1
"3614","01_11353_0144_01",1,11353,"ref_strain",144,1
"3615","01_11376_0144_01",1,11376,"ref_strain",144,1
"3616","01_11469_0144_01",1,11469,"ref_strain",144,1
"3617","01_11472_0144_01",1,11472,"ref_strain",144,1
"3618","01_11487_0144_01",1,11487,"ref_strain",144,1
"3619","01_11535_0144_01",1,11535,"ref_strain",144,1
"3620","01_11844_0144_01",1,11844,"ref_strain",144,1
"3621","01_12118_0144_01",1,12118,"ref_strain",144,1
"3622","01_13305_0144_01",1,13305,"ref_strain",144,1
"3623","01_14132_0144_01",1,14132,"ref_strain",144,1
"3624","01_14412_0144_01",1,14412,"ref_strain",144,1
"3625","01_14454_0144_01",1,14454,"ref_strain",144,1
"3626","01_0877_0145_01",1,877,"ref_strain",145,1
"3627","01_1229_0145_01",1,1229,"ref_strain",145,1
"3628","01_1330_0145_01",1,1330,"ref_strain",145,1
"3629","01_1510_0145_01",1,1510,"ref_strain",145,1
"3630","01_1613_0145_01",1,1613,"ref_strain",145,1
"3631","01_2161_0145_01",1,2161,"ref_strain",145,1
"3632","01_2839_0145_01",1,2839,"ref_strain",145,1
"3633","01_3020_0145_01",1,3020,"ref_strain",145,1
"3634","01_3873_0145_01",1,3873,"ref_strain",145,1
"3635","01_4018_0145_01",1,4018,"ref_strain",145,1
"3636","01_4654_0145_01",1,4654,"ref_strain",145,1
"3637","01_5317_0145_01",1,5317,"ref_strain",145,1
"3638","01_6284_0145_01",1,6284,"ref_strain",145,1
"3639","01_6583_0145_01",1,6583,"ref_strain",145,1
"3640","01_7137_0145_01",1,7137,"ref_strain",145,1
"3641","01_7591_0145_01",1,7591,"ref_strain",145,1
"3642","01_8263_0145_01",1,8263,"ref_strain",145,1
"3643","01_8330_0145_01",1,8330,"ref_strain",145,1
"3644","01_9752_0145_01",1,9752,"ref_strain",145,1
"3645","01_9798_0145_01",1,9798,"ref_strain",145,1
"3646","01_10126_0145_01",1,10126,"ref_strain",145,1
"3647","01_10246_0145_01",1,10246,"ref_strain",145,1
"3648","01_10310_0145_01",1,10310,"ref_strain",145,1
"3649","01_10649_0145_01",1,10649,"ref_strain",145,1
"3650","01_10662_0145_01",1,10662,"ref_strain",145,1
"3651","01_11165_0145_01",1,11165,"ref_strain",145,1
"3652","01_11333_0145_01",1,11333,"ref_strain",145,1
"3653","01_11374_0145_01",1,11374,"ref_strain",145,1
"3654","01_11511_0145_01",1,11511,"ref_strain",145,1
"3655","01_12447_0145_01",1,12447,"ref_strain",145,1
"3656","01_12890_0145_01",1,12890,"ref_strain",145,1
"3657","01_14383_0145_01",1,14383,"ref_strain",145,1
"3658","01_0734_0146_01",1,734,"ref_strain",146,1
"3659","01_0773_0146_01",1,773,"ref_strain",146,1
"3660","01_1245_0146_01",1,1245,"ref_strain",146,1
"3661","01_1636_0146_01",1,1636,"ref_strain",146,1
"3662","01_2959_0146_01",1,2959,"ref_strain",146,1
"3663","01_3140_0146_01",1,3140,"ref_strain",146,1
"3664","01_4205_0146_01",1,4205,"ref_strain",146,1
"3665","01_4264_0146_01",1,4264,"ref_strain",146,1
"3666","01_4881_0146_01",1,4881,"ref_strain",146,1
"3667","01_5233_0146_01",1,5233,"ref_strain",146,1
"3668","01_5370_0146_01",1,5370,"ref_strain",146,1
"3669","01_5836_0146_01",1,5836,"ref_strain",146,1
"3670","01_6981_0146_01",1,6981,"ref_strain",146,1
"3671","01_7848_0146_01",1,7848,"ref_strain",146,1
"3672","01_8186_0146_01",1,8186,"ref_strain",146,1
"3673","01_8250_0146_01",1,8250,"ref_strain",146,1
"3674","01_8583_0146_01",1,8583,"ref_strain",146,1
"3675","01_8654_0146_01",1,8654,"ref_strain",146,1
"3676","01_9420_0146_01",1,9420,"ref_strain",146,1
"3677","01_9492_0146_01",1,9492,"ref_strain",146,1
"3678","01_9623_0146_01",1,9623,"ref_strain",146,1
"3679","01_10951_0146_01",1,10951,"ref_strain",146,1
"3680","01_11827_0146_01",1,11827,"ref_strain",146,1
"3681","01_11930_0146_01",1,11930,"ref_strain",146,1
"3682","01_12801_0146_01",1,12801,"ref_strain",146,1
"3683","01_12825_0146_01",1,12825,"ref_strain",146,1
"3684","01_13810_0146_01",1,13810,"ref_strain",146,1
"3685","01_14390_0146_01",1,14390,"ref_strain",146,1
"3686","01_14396_0146_01",1,14396,"ref_strain",146,1
"3687","01_0491_0147_01",1,491,"ref_strain",147,1
"3688","01_0886_0147_01",1,886,"ref_strain",147,1
"3689","01_1833_0147_01",1,1833,"ref_strain",147,1
"3690","01_1953_0147_01",1,1953,"ref_strain",147,1
"3691","01_2511_0147_01",1,2511,"ref_strain",147,1
"3692","01_2714_0147_01",1,2714,"ref_strain",147,1
"3693","01_3063_0147_01",1,3063,"ref_strain",147,1
"3694","01_3073_0147_01",1,3073,"ref_strain",147,1
"3695","01_3393_0147_01",1,3393,"ref_strain",147,1
"3696","01_3832_0147_01",1,3832,"ref_strain",147,1
"3697","01_4193_0147_01",1,4193,"ref_strain",147,1
"3698","01_4455_0147_01",1,4455,"ref_strain",147,1
"3699","01_4938_0147_01",1,4938,"ref_strain",147,1
"3700","01_5617_0147_01",1,5617,"ref_strain",147,1
"3701","01_5627_0147_01",1,5627,"ref_strain",147,1
"3702","01_5650_0147_01",1,5650,"ref_strain",147,1
"3703","01_5725_0147_01",1,5725,"ref_strain",147,1
"3704","01_5987_0147_01",1,5987,"ref_strain",147,1
"3705","01_5988_0147_01",1,5988,"ref_strain",147,1
"3706","01_6313_0147_01",1,6313,"ref_strain",147,1
"3707","01_6804_0147_01",1,6804,"ref_strain",147,1
"3708","01_6847_0147_01",1,6847,"ref_strain",147,1
"3709","01_7150_0147_01",1,7150,"ref_strain",147,1
"3710","01_7165_0147_01",1,7165,"ref_strain",147,1
"3711","01_7575_0147_01",1,7575,"ref_strain",147,1
"3712","01_7640_0147_01",1,7640,"ref_strain",147,1
"3713","01_8659_0147_01",1,8659,"ref_strain",147,1
"3714","01_9005_0147_01",1,9005,"ref_strain",147,1
"3715","01_9451_0147_01",1,9451,"ref_strain",147,1
"3716","01_9653_0147_01",1,9653,"ref_strain",147,1
"3717","01_10397_0147_01",1,10397,"ref_strain",147,1
"3718","01_10435_0147_01",1,10435,"ref_strain",147,1
"3719","01_11253_0147_01",1,11253,"ref_strain",147,1
"3720","01_11367_0147_01",1,11367,"ref_strain",147,1
"3721","01_11663_0147_01",1,11663,"ref_strain",147,1
"3722","01_11687_0147_01",1,11687,"ref_strain",147,1
"3723","01_11872_0147_01",1,11872,"ref_strain",147,1
"3724","01_12087_0147_01",1,12087,"ref_strain",147,1
"3725","01_12433_0147_01",1,12433,"ref_strain",147,1
"3726","01_12675_0147_01",1,12675,"ref_strain",147,1
"3727","01_12699_0147_01",1,12699,"ref_strain",147,1
"3728","01_13795_0147_01",1,13795,"ref_strain",147,1
"3729","01_13967_0147_01",1,13967,"ref_strain",147,1
"3730","01_14305_0147_01",1,14305,"ref_strain",147,1
"3731","01_14331_0147_01",1,14331,"ref_strain",147,1
"3732","01_0038_0148_01",1,38,"ref_strain",148,1
"3733","01_0220_0148_01",1,220,"ref_strain",148,1
"3734","01_0809_0148_01",1,809,"ref_strain",148,1
"3735","01_1615_0148_01",1,1615,"ref_strain",148,1
"3736","01_1876_0148_01",1,1876,"ref_strain",148,1
"3737","01_2550_0148_01",1,2550,"ref_strain",148,1
"3738","01_2813_0148_01",1,2813,"ref_strain",148,1
"3739","01_3935_0148_01",1,3935,"ref_strain",148,1
"3740","01_4186_0148_01",1,4186,"ref_strain",148,1
"3741","01_5806_0148_01",1,5806,"ref_strain",148,1
"3742","01_6112_0148_01",1,6112,"ref_strain",148,1
"3743","01_6393_0148_01",1,6393,"ref_strain",148,1
"3744","01_6516_0148_01",1,6516,"ref_strain",148,1
"3745","01_6940_0148_01",1,6940,"ref_strain",148,1
"3746","01_8038_0148_01",1,8038,"ref_strain",148,1
"3747","01_9167_0148_01",1,9167,"ref_strain",148,1
"3748","01_9246_0148_01",1,9246,"ref_strain",148,1
"3749","01_9738_0148_01",1,9738,"ref_strain",148,1
"3750","01_10135_0148_01",1,10135,"ref_strain",148,1
"3751","01_10220_0148_01",1,10220,"ref_strain",148,1
"3752","01_10407_0148_01",1,10407,"ref_strain",148,1
"3753","01_10544_0148_01",1,10544,"ref_strain",148,1
"3754","01_12916_0148_01",1,12916,"ref_strain",148,1
"3755","01_13753_0148_01",1,13753,"ref_strain",148,1
"3756","01_14080_0148_01",1,14080,"ref_strain",148,1
"3757","01_0341_0149_01",1,341,"ref_strain",149,1
"3758","01_0425_0149_01",1,425,"ref_strain",149,1
"3759","01_0448_0149_01",1,448,"ref_strain",149,1
"3760","01_1157_0149_01",1,1157,"ref_strain",149,1
"3761","01_1233_0149_01",1,1233,"ref_strain",149,1
"3762","01_1692_0149_01",1,1692,"ref_strain",149,1
"3763","01_1889_0149_01",1,1889,"ref_strain",149,1
"3764","01_2041_0149_01",1,2041,"ref_strain",149,1
"3765","01_2671_0149_01",1,2671,"ref_strain",149,1
"3766","01_2802_0149_01",1,2802,"ref_strain",149,1
"3767","01_2955_0149_01",1,2955,"ref_strain",149,1
"3768","01_3413_0149_01",1,3413,"ref_strain",149,1
"3769","01_4432_0149_01",1,4432,"ref_strain",149,1
"3770","01_5944_0149_01",1,5944,"ref_strain",149,1
"3771","01_5990_0149_01",1,5990,"ref_strain",149,1
"3772","01_6020_0149_01",1,6020,"ref_strain",149,1
"3773","01_6024_0149_01",1,6024,"ref_strain",149,1
"3774","01_6074_0149_01",1,6074,"ref_strain",149,1
"3775","01_7196_0149_01",1,7196,"ref_strain",149,1
"3776","01_7448_0149_01",1,7448,"ref_strain",149,1
"3777","01_7860_0149_01",1,7860,"ref_strain",149,1
"3778","01_7874_0149_01",1,7874,"ref_strain",149,1
"3779","01_8571_0149_01",1,8571,"ref_strain",149,1
"3780","01_8697_0149_01",1,8697,"ref_strain",149,1
"3781","01_9935_0149_01",1,9935,"ref_strain",149,1
"3782","01_10900_0149_01",1,10900,"ref_strain",149,1
"3783","01_10939_0149_01",1,10939,"ref_strain",149,1
"3784","01_11067_0149_01",1,11067,"ref_strain",149,1
"3785","01_11209_0149_01",1,11209,"ref_strain",149,1
"3786","01_12416_0149_01",1,12416,"ref_strain",149,1
"3787","01_12623_0149_01",1,12623,"ref_strain",149,1
"3788","01_13156_0149_01",1,13156,"ref_strain",149,1
"3789","01_13585_0149_01",1,13585,"ref_strain",149,1
"3790","01_13637_0149_01",1,13637,"ref_strain",149,1
"3791","01_13707_0149_01",1,13707,"ref_strain",149,1
"3792","01_0739_0150_01",1,739,"ref_strain",150,1
"3793","01_0750_0150_01",1,750,"ref_strain",150,1
"3794","01_2458_0150_01",1,2458,"ref_strain",150,1
"3795","01_3019_0150_01",1,3019,"ref_strain",150,1
"3796","01_3206_0150_01",1,3206,"ref_strain",150,1
"3797","01_3376_0150_01",1,3376,"ref_strain",150,1
"3798","01_3480_0150_01",1,3480,"ref_strain",150,1
"3799","01_3813_0150_01",1,3813,"ref_strain",150,1
"3800","01_3946_0150_01",1,3946,"ref_strain",150,1
"3801","01_4467_0150_01",1,4467,"ref_strain",150,1
"3802","01_5495_0150_01",1,5495,"ref_strain",150,1
"3803","01_7833_0150_01",1,7833,"ref_strain",150,1
"3804","01_8394_0150_01",1,8394,"ref_strain",150,1
"3805","01_8546_0150_01",1,8546,"ref_strain",150,1
"3806","01_8561_0150_01",1,8561,"ref_strain",150,1
"3807","01_8807_0150_01",1,8807,"ref_strain",150,1
"3808","01_10185_0150_01",1,10185,"ref_strain",150,1
"3809","01_10577_0150_01",1,10577,"ref_strain",150,1
"3810","01_10796_0150_01",1,10796,"ref_strain",150,1
"3811","01_11051_0150_01",1,11051,"ref_strain",150,1
"3812","01_11105_0150_01",1,11105,"ref_strain",150,1
"3813","01_11114_0150_01",1,11114,"ref_strain",150,1
"3814","01_11124_0150_01",1,11124,"ref_strain",150,1
"3815","01_12502_0150_01",1,12502,"ref_strain",150,1
"3816","01_13130_0150_01",1,13130,"ref_strain",150,1
"3817","01_13331_0150_01",1,13331,"ref_strain",150,1
"3818","01_13899_0150_01",1,13899,"ref_strain",150,1
"3819","01_0143_0151_01",1,143,"ref_strain",151,1
"3820","01_0358_0151_01",1,358,"ref_strain",151,1
"3821","01_0841_0151_01",1,841,"ref_strain",151,1
"3822","01_1112_0151_01",1,1112,"ref_strain",151,1
"3823","01_2185_0151_01",1,2185,"ref_strain",151,1
"3824","01_2300_0151_01",1,2300,"ref_strain",151,1
"3825","01_2319_0151_01",1,2319,"ref_strain",151,1
"3826","01_2970_0151_01",1,2970,"ref_strain",151,1
"3827","01_3443_0151_01",1,3443,"ref_strain",151,1
"3828","01_3478_0151_01",1,3478,"ref_strain",151,1
"3829","01_4634_0151_01",1,4634,"ref_strain",151,1
"3830","01_5538_0151_01",1,5538,"ref_strain",151,1
"3831","01_5726_0151_01",1,5726,"ref_strain",151,1
"3832","01_6003_0151_01",1,6003,"ref_strain",151,1
"3833","01_6126_0151_01",1,6126,"ref_strain",151,1
"3834","01_6208_0151_01",1,6208,"ref_strain",151,1
"3835","01_6557_0151_01",1,6557,"ref_strain",151,1
"3836","01_6672_0151_01",1,6672,"ref_strain",151,1
"3837","01_7013_0151_01",1,7013,"ref_strain",151,1
"3838","01_7143_0151_01",1,7143,"ref_strain",151,1
"3839","01_7184_0151_01",1,7184,"ref_strain",151,1
"3840","01_7189_0151_01",1,7189,"ref_strain",151,1
"3841","01_7376_0151_01",1,7376,"ref_strain",151,1
"3842","01_7509_0151_01",1,7509,"ref_strain",151,1
"3843","01_7835_0151_01",1,7835,"ref_strain",151,1
"3844","01_8037_0151_01",1,8037,"ref_strain",151,1
"3845","01_10516_0151_01",1,10516,"ref_strain",151,1
"3846","01_12217_0151_01",1,12217,"ref_strain",151,1
"3847","01_14045_0151_01",1,14045,"ref_strain",151,1
"3848","01_14435_0151_01",1,14435,"ref_strain",151,1
"3849","01_0885_0152_01",1,885,"ref_strain",152,1
"3850","01_1040_0152_01",1,1040,"ref_strain",152,1
"3851","01_1722_0152_01",1,1722,"ref_strain",152,1
"3852","01_1837_0152_01",1,1837,"ref_strain",152,1
"3853","01_2380_0152_01",1,2380,"ref_strain",152,1
"3854","01_2438_0152_01",1,2438,"ref_strain",152,1
"3855","01_2574_0152_01",1,2574,"ref_strain",152,1
"3856","01_3033_0152_01",1,3033,"ref_strain",152,1
"3857","01_3821_0152_01",1,3821,"ref_strain",152,1
"3858","01_4563_0152_01",1,4563,"ref_strain",152,1
"3859","01_5067_0152_01",1,5067,"ref_strain",152,1
"3860","01_5916_0152_01",1,5916,"ref_strain",152,1
"3861","01_7435_0152_01",1,7435,"ref_strain",152,1
"3862","01_7690_0152_01",1,7690,"ref_strain",152,1
"3863","01_9989_0152_01",1,9989,"ref_strain",152,1
"3864","01_10255_0152_01",1,10255,"ref_strain",152,1
"3865","01_10282_0152_01",1,10282,"ref_strain",152,1
"3866","01_10386_0152_01",1,10386,"ref_strain",152,1
"3867","01_10437_0152_01",1,10437,"ref_strain",152,1
"3868","01_12885_0152_01",1,12885,"ref_strain",152,1
"3869","01_13767_0152_01",1,13767,"ref_strain",152,1
"3870","01_14446_0152_01",1,14446,"ref_strain",152,1
"3871","01_0697_0153_01",1,697,"ref_strain",153,1
"3872","01_0850_0153_01",1,850,"ref_strain",153,1
"3873","01_1154_0153_01",1,1154,"ref_strain",153,1
"3874","01_1241_0153_01",1,1241,"ref_strain",153,1
"3875","01_1870_0153_01",1,1870,"ref_strain",153,1
"3876","01_4240_0153_01",1,4240,"ref_strain",153,1
"3877","01_5737_0153_01",1,5737,"ref_strain",153,1
"3878","01_6507_0153_01",1,6507,"ref_strain",153,1
"3879","01_7288_0153_01",1,7288,"ref_strain",153,1
"3880","01_8032_0153_01",1,8032,"ref_strain",153,1
"3881","01_8065_0153_01",1,8065,"ref_strain",153,1
"3882","01_8348_0153_01",1,8348,"ref_strain",153,1
"3883","01_9621_0153_01",1,9621,"ref_strain",153,1
"3884","01_9627_0153_01",1,9627,"ref_strain",153,1
"3885","01_10723_0153_01",1,10723,"ref_strain",153,1
"3886","01_11181_0153_01",1,11181,"ref_strain",153,1
"3887","01_11427_0153_01",1,11427,"ref_strain",153,1
"3888","01_11571_0153_01",1,11571,"ref_strain",153,1
"3889","01_13016_0153_01",1,13016,"ref_strain",153,1
"3890","01_14135_0153_01",1,14135,"ref_strain",153,1
"3891","01_14391_0153_01",1,14391,"ref_strain",153,1
"3892","01_0720_0154_01",1,720,"ref_strain",154,1
"3893","01_0741_0154_01",1,741,"ref_strain",154,1
"3894","01_2078_0154_01",1,2078,"ref_strain",154,1
"3895","01_2217_0154_01",1,2217,"ref_strain",154,1
"3896","01_2778_0154_01",1,2778,"ref_strain",154,1
"3897","01_5122_0154_01",1,5122,"ref_strain",154,1
"3898","01_5177_0154_01",1,5177,"ref_strain",154,1
"3899","01_5229_0154_01",1,5229,"ref_strain",154,1
"3900","01_5977_0154_01",1,5977,"ref_strain",154,1
"3901","01_6051_0154_01",1,6051,"ref_strain",154,1
"3902","01_6538_0154_01",1,6538,"ref_strain",154,1
"3903","01_7445_0154_01",1,7445,"ref_strain",154,1
"3904","01_7986_0154_01",1,7986,"ref_strain",154,1
"3905","01_8022_0154_01",1,8022,"ref_strain",154,1
"3906","01_8480_0154_01",1,8480,"ref_strain",154,1
"3907","01_8773_0154_01",1,8773,"ref_strain",154,1
"3908","01_9352_0154_01",1,9352,"ref_strain",154,1
"3909","01_11063_0154_01",1,11063,"ref_strain",154,1
"3910","01_11848_0154_01",1,11848,"ref_strain",154,1
"3911","01_12209_0154_01",1,12209,"ref_strain",154,1
"3912","01_12463_0154_01",1,12463,"ref_strain",154,1
"3913","01_12607_0154_01",1,12607,"ref_strain",154,1
"3914","01_0282_0155_01",1,282,"ref_strain",155,1
"3915","01_1006_0155_01",1,1006,"ref_strain",155,1
"3916","01_1147_0155_01",1,1147,"ref_strain",155,1
"3917","01_1257_0155_01",1,1257,"ref_strain",155,1
"3918","01_2375_0155_01",1,2375,"ref_strain",155,1
"3919","01_3035_0155_01",1,3035,"ref_strain",155,1
"3920","01_3641_0155_01",1,3641,"ref_strain",155,1
"3921","01_4663_0155_01",1,4663,"ref_strain",155,1
"3922","01_7651_0155_01",1,7651,"ref_strain",155,1
"3923","01_7797_0155_01",1,7797,"ref_strain",155,1
"3924","01_7886_0155_01",1,7886,"ref_strain",155,1
"3925","01_8437_0155_01",1,8437,"ref_strain",155,1
"3926","01_10381_0155_01",1,10381,"ref_strain",155,1
"3927","01_10958_0155_01",1,10958,"ref_strain",155,1
"3928","01_11036_0155_01",1,11036,"ref_strain",155,1
"3929","01_11658_0155_01",1,11658,"ref_strain",155,1
"3930","01_12399_0155_01",1,12399,"ref_strain",155,1
"3931","01_12697_0155_01",1,12697,"ref_strain",155,1
"3932","01_12781_0155_01",1,12781,"ref_strain",155,1
"3933","01_13392_0155_01",1,13392,"ref_strain",155,1
"3934","01_14270_0155_01",1,14270,"ref_strain",155,1
"3935","01_14293_0155_01",1,14293,"ref_strain",155,1
"3936","01_0526_0156_01",1,526,"ref_strain",156,1
"3937","01_0546_0156_01",1,546,"ref_strain",156,1
"3938","01_0584_0156_01",1,584,"ref_strain",156,1
"3939","01_1723_0156_01",1,1723,"ref_strain",156,1
"3940","01_3616_0156_01",1,3616,"ref_strain",156,1
"3941","01_4338_0156_01",1,4338,"ref_strain",156,1
"3942","01_5767_0156_01",1,5767,"ref_strain",156,1
"3943","01_5854_0156_01",1,5854,"ref_strain",156,1
"3944","01_6237_0156_01",1,6237,"ref_strain",156,1
"3945","01_6319_0156_01",1,6319,"ref_strain",156,1
"3946","01_6394_0156_01",1,6394,"ref_strain",156,1
"3947","01_6551_0156_01",1,6551,"ref_strain",156,1
"3948","01_6595_0156_01",1,6595,"ref_strain",156,1
"3949","01_7631_0156_01",1,7631,"ref_strain",156,1
"3950","01_8474_0156_01",1,8474,"ref_strain",156,1
"3951","01_8652_0156_01",1,8652,"ref_strain",156,1
"3952","01_9353_0156_01",1,9353,"ref_strain",156,1
"3953","01_9851_0156_01",1,9851,"ref_strain",156,1
"3954","01_10111_0156_01",1,10111,"ref_strain",156,1
"3955","01_10685_0156_01",1,10685,"ref_strain",156,1
"3956","01_10877_0156_01",1,10877,"ref_strain",156,1
"3957","01_11613_0156_01",1,11613,"ref_strain",156,1
"3958","01_12654_0156_01",1,12654,"ref_strain",156,1
"3959","01_12755_0156_01",1,12755,"ref_strain",156,1
"3960","01_12860_0156_01",1,12860,"ref_strain",156,1
"3961","01_12880_0156_01",1,12880,"ref_strain",156,1
"3962","01_13525_0156_01",1,13525,"ref_strain",156,1
"3963","01_14072_0156_01",1,14072,"ref_strain",156,1
"3964","01_14231_0156_01",1,14231,"ref_strain",156,1
"3965","01_0577_0157_01",1,577,"ref_strain",157,1
"3966","01_1141_0157_01",1,1141,"ref_strain",157,1
"3967","01_1148_0157_01",1,1148,"ref_strain",157,1
"3968","01_1270_0157_01",1,1270,"ref_strain",157,1
"3969","01_2245_0157_01",1,2245,"ref_strain",157,1
"3970","01_3574_0157_01",1,3574,"ref_strain",157,1
"3971","01_3963_0157_01",1,3963,"ref_strain",157,1
"3972","01_4065_0157_01",1,4065,"ref_strain",157,1
"3973","01_5625_0157_01",1,5625,"ref_strain",157,1
"3974","01_5687_0157_01",1,5687,"ref_strain",157,1
"3975","01_6156_0157_01",1,6156,"ref_strain",157,1
"3976","01_7584_0157_01",1,7584,"ref_strain",157,1
"3977","01_8024_0157_01",1,8024,"ref_strain",157,1
"3978","01_8572_0157_01",1,8572,"ref_strain",157,1
"3979","01_9110_0157_01",1,9110,"ref_strain",157,1
"3980","01_9395_0157_01",1,9395,"ref_strain",157,1
"3981","01_9417_0157_01",1,9417,"ref_strain",157,1
"3982","01_9503_0157_01",1,9503,"ref_strain",157,1
"3983","01_9663_0157_01",1,9663,"ref_strain",157,1
"3984","01_11154_0157_01",1,11154,"ref_strain",157,1
"3985","01_11925_0157_01",1,11925,"ref_strain",157,1
"3986","01_11975_0157_01",1,11975,"ref_strain",157,1
"3987","01_11992_0157_01",1,11992,"ref_strain",157,1
"3988","01_13079_0157_01",1,13079,"ref_strain",157,1
"3989","01_13290_0157_01",1,13290,"ref_strain",157,1
"3990","01_1975_0158_01",1,1975,"ref_strain",158,1
"3991","01_2825_0158_01",1,2825,"ref_strain",158,1
"3992","01_3629_0158_01",1,3629,"ref_strain",158,1
"3993","01_3659_0158_01",1,3659,"ref_strain",158,1
"3994","01_3850_0158_01",1,3850,"ref_strain",158,1
"3995","01_5050_0158_01",1,5050,"ref_strain",158,1
"3996","01_5615_0158_01",1,5615,"ref_strain",158,1
"3997","01_6618_0158_01",1,6618,"ref_strain",158,1
"3998","01_7389_0158_01",1,7389,"ref_strain",158,1
"3999","01_7633_0158_01",1,7633,"ref_strain",158,1
"4000","01_8933_0158_01",1,8933,"ref_strain",158,1
"4001","01_12012_0158_01",1,12012,"ref_strain",158,1
"4002","01_12181_0158_01",1,12181,"ref_strain",158,1
"4003","01_13407_0158_01",1,13407,"ref_strain",158,1
"4004","01_14087_0158_01",1,14087,"ref_strain",158,1
"4005","01_14355_0158_01",1,14355,"ref_strain",158,1
"4006","01_1476_0159_01",1,1476,"ref_strain",159,1
"4007","01_1481_0159_01",1,1481,"ref_strain",159,1
"4008","01_1832_0159_01",1,1832,"ref_strain",159,1
"4009","01_2250_0159_01",1,2250,"ref_strain",159,1
"4010","01_2480_0159_01",1,2480,"ref_strain",159,1
"4011","01_2924_0159_01",1,2924,"ref_strain",159,1
"4012","01_3009_0159_01",1,3009,"ref_strain",159,1
"4013","01_3364_0159_01",1,3364,"ref_strain",159,1
"4014","01_3499_0159_01",1,3499,"ref_strain",159,1
"4015","01_3522_0159_01",1,3522,"ref_strain",159,1
"4016","01_4903_0159_01",1,4903,"ref_strain",159,1
"4017","01_6799_0159_01",1,6799,"ref_strain",159,1
"4018","01_8123_0159_01",1,8123,"ref_strain",159,1
"4019","01_9001_0159_01",1,9001,"ref_strain",159,1
"4020","01_9690_0159_01",1,9690,"ref_strain",159,1
"4021","01_9838_0159_01",1,9838,"ref_strain",159,1
"4022","01_10181_0159_01",1,10181,"ref_strain",159,1
"4023","01_10297_0159_01",1,10297,"ref_strain",159,1
"4024","01_10879_0159_01",1,10879,"ref_strain",159,1
"4025","01_11556_0159_01",1,11556,"ref_strain",159,1
"4026","01_11564_0159_01",1,11564,"ref_strain",159,1
"4027","01_11708_0159_01",1,11708,"ref_strain",159,1
"4028","01_12820_0159_01",1,12820,"ref_strain",159,1
"4029","01_13552_0159_01",1,13552,"ref_strain",159,1
"4030","01_2602_0160_01",1,2602,"ref_strain",160,1
"4031","01_3080_0160_01",1,3080,"ref_strain",160,1
"4032","01_3128_0160_01",1,3128,"ref_strain",160,1
"4033","01_3838_0160_01",1,3838,"ref_strain",160,1
"4034","01_4536_0160_01",1,4536,"ref_strain",160,1
"4035","01_4817_0160_01",1,4817,"ref_strain",160,1
"4036","01_4926_0160_01",1,4926,"ref_strain",160,1
"4037","01_5487_0160_01",1,5487,"ref_strain",160,1
"4038","01_7922_0160_01",1,7922,"ref_strain",160,1
"4039","01_10087_0160_01",1,10087,"ref_strain",160,1
"4040","01_10219_0160_01",1,10219,"ref_strain",160,1
"4041","01_10420_0160_01",1,10420,"ref_strain",160,1
"4042","01_10449_0160_01",1,10449,"ref_strain",160,1
"4043","01_10651_0160_01",1,10651,"ref_strain",160,1
"4044","01_11388_0160_01",1,11388,"ref_strain",160,1
"4045","01_12383_0160_01",1,12383,"ref_strain",160,1
"4046","01_13034_0160_01",1,13034,"ref_strain",160,1
"4047","01_13679_0160_01",1,13679,"ref_strain",160,1
"4048","01_14259_0160_01",1,14259,"ref_strain",160,1
"4049","01_0159_0161_01",1,159,"ref_strain",161,1
"4050","01_0617_0161_01",1,617,"ref_strain",161,1
"4051","01_1727_0161_01",1,1727,"ref_strain",161,1
"4052","01_2370_0161_01",1,2370,"ref_strain",161,1
"4053","01_2377_0161_01",1,2377,"ref_strain",161,1
"4054","01_2713_0161_01",1,2713,"ref_strain",161,1
"4055","01_4899_0161_01",1,4899,"ref_strain",161,1
"4056","01_7141_0161_01",1,7141,"ref_strain",161,1
"4057","01_7271_0161_01",1,7271,"ref_strain",161,1
"4058","01_7771_0161_01",1,7771,"ref_strain",161,1
"4059","01_7825_0161_01",1,7825,"ref_strain",161,1
"4060","01_9258_0161_01",1,9258,"ref_strain",161,1
"4061","01_9423_0161_01",1,9423,"ref_strain",161,1
"4062","01_9426_0161_01",1,9426,"ref_strain",161,1
"4063","01_9604_0161_01",1,9604,"ref_strain",161,1
"4064","01_9808_0161_01",1,9808,"ref_strain",161,1
"4065","01_10213_0161_01",1,10213,"ref_strain",161,1
"4066","01_11640_0161_01",1,11640,"ref_strain",161,1
"4067","01_11713_0161_01",1,11713,"ref_strain",161,1
"4068","01_12318_0161_01",1,12318,"ref_strain",161,1
"4069","01_12331_0161_01",1,12331,"ref_strain",161,1
"4070","01_12920_0161_01",1,12920,"ref_strain",161,1
"4071","01_13326_0161_01",1,13326,"ref_strain",161,1
"4072","01_13640_0161_01",1,13640,"ref_strain",161,1
"4073","01_13791_0161_01",1,13791,"ref_strain",161,1
"4074","01_0595_0162_01",1,595,"ref_strain",162,1
"4075","01_3155_0162_01",1,3155,"ref_strain",162,1
"4076","01_3987_0162_01",1,3987,"ref_strain",162,1
"4077","01_4405_0162_01",1,4405,"ref_strain",162,1
"4078","01_4466_0162_01",1,4466,"ref_strain",162,1
"4079","01_6058_0162_01",1,6058,"ref_strain",162,1
"4080","01_6485_0162_01",1,6485,"ref_strain",162,1
"4081","01_6782_0162_01",1,6782,"ref_strain",162,1
"4082","01_9165_0162_01",1,9165,"ref_strain",162,1
"4083","01_11054_0162_01",1,11054,"ref_strain",162,1
"4084","01_13327_0162_01",1,13327,"ref_strain",162,1
"4085","01_13684_0162_01",1,13684,"ref_strain",162,1
"4086","01_13969_0162_01",1,13969,"ref_strain",162,1
"4087","01_0669_0163_01",1,669,"ref_strain",163,1
"4088","01_3051_0163_01",1,3051,"ref_strain",163,1
"4089","01_3273_0163_01",1,3273,"ref_strain",163,1
"4090","01_3626_0163_01",1,3626,"ref_strain",163,1
"4091","01_4081_0163_01",1,4081,"ref_strain",163,1
"4092","01_5593_0163_01",1,5593,"ref_strain",163,1
"4093","01_5742_0163_01",1,5742,"ref_strain",163,1
"4094","01_8520_0163_01",1,8520,"ref_strain",163,1
"4095","01_9348_0163_01",1,9348,"ref_strain",163,1
"4096","01_9966_0163_01",1,9966,"ref_strain",163,1
"4097","01_9977_0163_01",1,9977,"ref_strain",163,1
"4098","01_10258_0163_01",1,10258,"ref_strain",163,1
"4099","01_10339_0163_01",1,10339,"ref_strain",163,1
"4100","01_10696_0163_01",1,10696,"ref_strain",163,1
"4101","01_10889_0163_01",1,10889,"ref_strain",163,1
"4102","01_12054_0163_01",1,12054,"ref_strain",163,1
"4103","01_12248_0163_01",1,12248,"ref_strain",163,1
"4104","01_13150_0163_01",1,13150,"ref_strain",163,1
"4105","01_13280_0163_01",1,13280,"ref_strain",163,1
"4106","01_14511_0163_01",1,14511,"ref_strain",163,1
"4107","01_1679_0164_01",1,1679,"ref_strain",164,1
"4108","01_1821_0164_01",1,1821,"ref_strain",164,1
"4109","01_1960_0164_01",1,1960,"ref_strain",164,1
"4110","01_2137_0164_01",1,2137,"ref_strain",164,1
"4111","01_2225_0164_01",1,2225,"ref_strain",164,1
"4112","01_2595_0164_01",1,2595,"ref_strain",164,1
"4113","01_4518_0164_01",1,4518,"ref_strain",164,1
"4114","01_4593_0164_01",1,4593,"ref_strain",164,1
"4115","01_5794_0164_01",1,5794,"ref_strain",164,1
"4116","01_6383_0164_01",1,6383,"ref_strain",164,1
"4117","01_6543_0164_01",1,6543,"ref_strain",164,1
"4118","01_9035_0164_01",1,9035,"ref_strain",164,1
"4119","01_13800_0164_01",1,13800,"ref_strain",164,1
"4120","01_2461_0165_01",1,2461,"ref_strain",165,1
"4121","01_2670_0165_01",1,2670,"ref_strain",165,1
"4122","01_2897_0165_01",1,2897,"ref_strain",165,1
"4123","01_3313_0165_01",1,3313,"ref_strain",165,1
"4124","01_3354_0165_01",1,3354,"ref_strain",165,1
"4125","01_3572_0165_01",1,3572,"ref_strain",165,1
"4126","01_3964_0165_01",1,3964,"ref_strain",165,1
"4127","01_5266_0165_01",1,5266,"ref_strain",165,1
"4128","01_5632_0165_01",1,5632,"ref_strain",165,1
"4129","01_5658_0165_01",1,5658,"ref_strain",165,1
"4130","01_8438_0165_01",1,8438,"ref_strain",165,1
"4131","01_8713_0165_01",1,8713,"ref_strain",165,1
"4132","01_10382_0165_01",1,10382,"ref_strain",165,1
"4133","01_10423_0165_01",1,10423,"ref_strain",165,1
"4134","01_13115_0165_01",1,13115,"ref_strain",165,1
"4135","01_1275_0166_01",1,1275,"ref_strain",166,1
"4136","01_1498_0166_01",1,1498,"ref_strain",166,1
"4137","01_1619_0166_01",1,1619,"ref_strain",166,1
"4138","01_2141_0166_01",1,2141,"ref_strain",166,1
"4139","01_2349_0166_01",1,2349,"ref_strain",166,1
"4140","01_3285_0166_01",1,3285,"ref_strain",166,1
"4141","01_3575_0166_01",1,3575,"ref_strain",166,1
"4142","01_3735_0166_01",1,3735,"ref_strain",166,1
"4143","01_4037_0166_01",1,4037,"ref_strain",166,1
"4144","01_4811_0166_01",1,4811,"ref_strain",166,1
"4145","01_4850_0166_01",1,4850,"ref_strain",166,1
"4146","01_5685_0166_01",1,5685,"ref_strain",166,1
"4147","01_6942_0166_01",1,6942,"ref_strain",166,1
"4148","01_7223_0166_01",1,7223,"ref_strain",166,1
"4149","01_9870_0166_01",1,9870,"ref_strain",166,1
"4150","01_10944_0166_01",1,10944,"ref_strain",166,1
"4151","01_11238_0166_01",1,11238,"ref_strain",166,1
"4152","01_12698_0166_01",1,12698,"ref_strain",166,1
"4153","01_2807_0167_01",1,2807,"ref_strain",167,1
"4154","01_3036_0167_01",1,3036,"ref_strain",167,1
"4155","01_3352_0167_01",1,3352,"ref_strain",167,1
"4156","01_3922_0167_01",1,3922,"ref_strain",167,1
"4157","01_7813_0167_01",1,7813,"ref_strain",167,1
"4158","01_9242_0167_01",1,9242,"ref_strain",167,1
"4159","01_9537_0167_01",1,9537,"ref_strain",167,1
"4160","01_10788_0167_01",1,10788,"ref_strain",167,1
"4161","01_11289_0167_01",1,11289,"ref_strain",167,1
"4162","01_12034_0167_01",1,12034,"ref_strain",167,1
"4163","01_13570_0167_01",1,13570,"ref_strain",167,1
"4164","01_1363_0168_01",1,1363,"ref_strain",168,1
"4165","01_2076_0168_01",1,2076,"ref_strain",168,1
"4166","01_2175_0168_01",1,2175,"ref_strain",168,1
"4167","01_4134_0168_01",1,4134,"ref_strain",168,1
"4168","01_4336_0168_01",1,4336,"ref_strain",168,1
"4169","01_5324_0168_01",1,5324,"ref_strain",168,1
"4170","01_7482_0168_01",1,7482,"ref_strain",168,1
"4171","01_7832_0168_01",1,7832,"ref_strain",168,1
"4172","01_7982_0168_01",1,7982,"ref_strain",168,1
"4173","01_9400_0168_01",1,9400,"ref_strain",168,1
"4174","01_9481_0168_01",1,9481,"ref_strain",168,1
"4175","01_9806_0168_01",1,9806,"ref_strain",168,1
"4176","01_11107_0168_01",1,11107,"ref_strain",168,1
"4177","01_12919_0168_01",1,12919,"ref_strain",168,1
"4178","01_14235_0168_01",1,14235,"ref_strain",168,1
"4179","01_0370_0169_01",1,370,"ref_strain",169,1
"4180","01_0764_0169_01",1,764,"ref_strain",169,1
"4181","01_2931_0169_01",1,2931,"ref_strain",169,1
"4182","01_6913_0169_01",1,6913,"ref_strain",169,1
"4183","01_7215_0169_01",1,7215,"ref_strain",169,1
"4184","01_7434_0169_01",1,7434,"ref_strain",169,1
"4185","01_7795_0169_01",1,7795,"ref_strain",169,1
"4186","01_8102_0169_01",1,8102,"ref_strain",169,1
"4187","01_10148_0169_01",1,10148,"ref_strain",169,1
"4188","01_10469_0169_01",1,10469,"ref_strain",169,1
"4189","01_13980_0169_01",1,13980,"ref_strain",169,1
"4190","01_1053_0170_01",1,1053,"ref_strain",170,1
"4191","01_1271_0170_01",1,1271,"ref_strain",170,1
"4192","01_1558_0170_01",1,1558,"ref_strain",170,1
"4193","01_3114_0170_01",1,3114,"ref_strain",170,1
"4194","01_5669_0170_01",1,5669,"ref_strain",170,1
"4195","01_6287_0170_01",1,6287,"ref_strain",170,1
"4196","01_7574_0170_01",1,7574,"ref_strain",170,1
"4197","01_8832_0170_01",1,8832,"ref_strain",170,1
"4198","01_9332_0170_01",1,9332,"ref_strain",170,1
"4199","01_12253_0170_01",1,12253,"ref_strain",170,1
"4200","01_13737_0170_01",1,13737,"ref_strain",170,1
"4201","01_0922_0171_01",1,922,"ref_strain",171,1
"4202","01_1016_0171_01",1,1016,"ref_strain",171,1
"4203","01_1469_0171_01",1,1469,"ref_strain",171,1
"4204","01_1965_0171_01",1,1965,"ref_strain",171,1
"4205","01_2332_0171_01",1,2332,"ref_strain",171,1
"4206","01_3771_0171_01",1,3771,"ref_strain",171,1
"4207","01_8225_0171_01",1,8225,"ref_strain",171,1
"4208","01_9053_0171_01",1,9053,"ref_strain",171,1
"4209","01_11050_0171_01",1,11050,"ref_strain",171,1
"4210","01_11225_0171_01",1,11225,"ref_strain",171,1
"4211","01_12216_0171_01",1,12216,"ref_strain",171,1
"4212","01_12222_0171_01",1,12222,"ref_strain",171,1
"4213","01_1457_0172_01",1,1457,"ref_strain",172,1
"4214","01_1507_0172_01",1,1507,"ref_strain",172,1
"4215","01_1728_0172_01",1,1728,"ref_strain",172,1
"4216","01_1864_0172_01",1,1864,"ref_strain",172,1
"4217","01_2295_0172_01",1,2295,"ref_strain",172,1
"4218","01_4765_0172_01",1,4765,"ref_strain",172,1
"4219","01_5183_0172_01",1,5183,"ref_strain",172,1
"4220","01_6486_0172_01",1,6486,"ref_strain",172,1
"4221","01_6929_0172_01",1,6929,"ref_strain",172,1
"4222","01_7338_0172_01",1,7338,"ref_strain",172,1
"4223","01_9656_0172_01",1,9656,"ref_strain",172,1
"4224","01_9725_0172_01",1,9725,"ref_strain",172,1
"4225","01_11192_0172_01",1,11192,"ref_strain",172,1
"4226","01_11193_0172_01",1,11193,"ref_strain",172,1
"4227","01_11739_0172_01",1,11739,"ref_strain",172,1
"4228","01_12899_0172_01",1,12899,"ref_strain",172,1
"4229","01_13031_0172_01",1,13031,"ref_strain",172,1
"4230","01_2192_0173_01",1,2192,"ref_strain",173,1
"4231","01_2517_0173_01",1,2517,"ref_strain",173,1
"4232","01_3039_0173_01",1,3039,"ref_strain",173,1
"4233","01_3489_0173_01",1,3489,"ref_strain",173,1
"4234","01_5219_0173_01",1,5219,"ref_strain",173,1
"4235","01_5760_0173_01",1,5760,"ref_strain",173,1
"4236","01_6254_0173_01",1,6254,"ref_strain",173,1
"4237","01_6772_0173_01",1,6772,"ref_strain",173,1
"4238","01_7073_0173_01",1,7073,"ref_strain",173,1
"4239","01_9878_0173_01",1,9878,"ref_strain",173,1
"4240","01_10130_0173_01",1,10130,"ref_strain",173,1
"4241","01_10335_0173_01",1,10335,"ref_strain",173,1
"4242","01_11119_0173_01",1,11119,"ref_strain",173,1
"4243","01_11148_0173_01",1,11148,"ref_strain",173,1
"4244","01_11387_0173_01",1,11387,"ref_strain",173,1
"4245","01_12944_0173_01",1,12944,"ref_strain",173,1
"4246","01_1277_0174_01",1,1277,"ref_strain",174,1
"4247","01_4361_0174_01",1,4361,"ref_strain",174,1
"4248","01_5279_0174_01",1,5279,"ref_strain",174,1
"4249","01_7378_0174_01",1,7378,"ref_strain",174,1
"4250","01_9176_0174_01",1,9176,"ref_strain",174,1
"4251","01_9468_0174_01",1,9468,"ref_strain",174,1
"4252","01_9499_0174_01",1,9499,"ref_strain",174,1
"4253","01_10797_0174_01",1,10797,"ref_strain",174,1
"4254","01_10859_0174_01",1,10859,"ref_strain",174,1
"4255","01_12212_0174_01",1,12212,"ref_strain",174,1
"4256","01_12408_0174_01",1,12408,"ref_strain",174,1
"4257","01_13348_0174_01",1,13348,"ref_strain",174,1
"4258","01_0351_0175_01",1,351,"ref_strain",175,1
"4259","01_2008_0175_01",1,2008,"ref_strain",175,1
"4260","01_3399_0175_01",1,3399,"ref_strain",175,1
"4261","01_3760_0175_01",1,3760,"ref_strain",175,1
"4262","01_4958_0175_01",1,4958,"ref_strain",175,1
"4263","01_5713_0175_01",1,5713,"ref_strain",175,1
"4264","01_6153_0175_01",1,6153,"ref_strain",175,1
"4265","01_6915_0175_01",1,6915,"ref_strain",175,1
"4266","01_7153_0175_01",1,7153,"ref_strain",175,1
"4267","01_7828_0175_01",1,7828,"ref_strain",175,1
"4268","01_8881_0175_01",1,8881,"ref_strain",175,1
"4269","01_9912_0175_01",1,9912,"ref_strain",175,1
"4270","01_10002_0175_01",1,10002,"ref_strain",175,1
"4271","01_11203_0175_01",1,11203,"ref_strain",175,1
"4272","01_12736_0175_01",1,12736,"ref_strain",175,1
"4273","01_13893_0175_01",1,13893,"ref_strain",175,1
"4274","01_1949_0176_01",1,1949,"ref_strain",176,1
"4275","01_2004_0176_01",1,2004,"ref_strain",176,1
"4276","01_3307_0176_01",1,3307,"ref_strain",176,1
"4277","01_4985_0176_01",1,4985,"ref_strain",176,1
"4278","01_6690_0176_01",1,6690,"ref_strain",176,1
"4279","01_8549_0176_01",1,8549,"ref_strain",176,1
"4280","01_10076_0176_01",1,10076,"ref_strain",176,1
"4281","01_10697_0176_01",1,10697,"ref_strain",176,1
"4282","01_12626_0176_01",1,12626,"ref_strain",176,1
"4283","01_1186_0177_01",1,1186,"ref_strain",177,1
"4284","01_2077_0177_01",1,2077,"ref_strain",177,1
"4285","01_2190_0177_01",1,2190,"ref_strain",177,1
"4286","01_2675_0177_01",1,2675,"ref_strain",177,1
"4287","01_2862_0177_01",1,2862,"ref_strain",177,1
"4288","01_2883_0177_01",1,2883,"ref_strain",177,1
"4289","01_3057_0177_01",1,3057,"ref_strain",177,1
"4290","01_3289_0177_01",1,3289,"ref_strain",177,1
"4291","01_4019_0177_01",1,4019,"ref_strain",177,1
"4292","01_4047_0177_01",1,4047,"ref_strain",177,1
"4293","01_4725_0177_01",1,4725,"ref_strain",177,1
"4294","01_4855_0177_01",1,4855,"ref_strain",177,1
"4295","01_6392_0177_01",1,6392,"ref_strain",177,1
"4296","01_7213_0177_01",1,7213,"ref_strain",177,1
"4297","01_8693_0177_01",1,8693,"ref_strain",177,1
"4298","01_9383_0177_01",1,9383,"ref_strain",177,1
"4299","01_10275_0177_01",1,10275,"ref_strain",177,1
"4300","01_2885_0178_01",1,2885,"ref_strain",178,1
"4301","01_3269_0178_01",1,3269,"ref_strain",178,1
"4302","01_3403_0178_01",1,3403,"ref_strain",178,1
"4303","01_3614_0178_01",1,3614,"ref_strain",178,1
"4304","01_5342_0178_01",1,5342,"ref_strain",178,1
"4305","01_5445_0178_01",1,5445,"ref_strain",178,1
"4306","01_6473_0178_01",1,6473,"ref_strain",178,1
"4307","01_6710_0178_01",1,6710,"ref_strain",178,1
"4308","01_0986_0179_01",1,986,"ref_strain",179,1
"4309","01_3074_0179_01",1,3074,"ref_strain",179,1
"4310","01_3092_0179_01",1,3092,"ref_strain",179,1
"4311","01_4434_0179_01",1,4434,"ref_strain",179,1
"4312","01_4901_0179_01",1,4901,"ref_strain",179,1
"4313","01_5723_0179_01",1,5723,"ref_strain",179,1
"4314","01_7941_0179_01",1,7941,"ref_strain",179,1
"4315","01_8421_0179_01",1,8421,"ref_strain",179,1
"4316","01_10535_0179_01",1,10535,"ref_strain",179,1
"4317","01_11970_0179_01",1,11970,"ref_strain",179,1
"4318","01_13063_0179_01",1,13063,"ref_strain",179,1
"4319","01_13560_0179_01",1,13560,"ref_strain",179,1
"4320","01_13816_0179_01",1,13816,"ref_strain",179,1
"4321","01_0570_0180_01",1,570,"ref_strain",180,1
"4322","01_6267_0180_01",1,6267,"ref_strain",180,1
"4323","01_7149_0180_01",1,7149,"ref_strain",180,1
"4324","01_7737_0180_01",1,7737,"ref_strain",180,1
"4325","01_13505_0180_01",1,13505,"ref_strain",180,1
"4326","01_0115_0181_01",1,115,"ref_strain",181,1
"4327","01_0433_0181_01",1,433,"ref_strain",181,1
"4328","01_2784_0181_01",1,2784,"ref_strain",181,1
"4329","01_3466_0181_01",1,3466,"ref_strain",181,1
"4330","01_3761_0181_01",1,3761,"ref_strain",181,1
"4331","01_4296_0181_01",1,4296,"ref_strain",181,1
"4332","01_5426_0181_01",1,5426,"ref_strain",181,1
"4333","01_5659_0181_01",1,5659,"ref_strain",181,1
"4334","01_9239_0181_01",1,9239,"ref_strain",181,1
"4335","01_9618_0181_01",1,9618,"ref_strain",181,1
"4336","01_10924_0181_01",1,10924,"ref_strain",181,1
"4337","01_13033_0181_01",1,13033,"ref_strain",181,1
"4338","01_13491_0181_01",1,13491,"ref_strain",181,1
"4339","01_0590_0182_01",1,590,"ref_strain",182,1
"4340","01_2638_0182_01",1,2638,"ref_strain",182,1
"4341","01_3299_0182_01",1,3299,"ref_strain",182,1
"4342","01_3737_0182_01",1,3737,"ref_strain",182,1
"4343","01_4639_0182_01",1,4639,"ref_strain",182,1
"4344","01_5103_0182_01",1,5103,"ref_strain",182,1
"4345","01_5259_0182_01",1,5259,"ref_strain",182,1
"4346","01_6439_0182_01",1,6439,"ref_strain",182,1
"4347","01_7974_0182_01",1,7974,"ref_strain",182,1
"4348","01_9574_0182_01",1,9574,"ref_strain",182,1
"4349","01_11546_0182_01",1,11546,"ref_strain",182,1
"4350","01_14244_0182_01",1,14244,"ref_strain",182,1
"4351","01_14370_0182_01",1,14370,"ref_strain",182,1
"4352","01_0778_0183_01",1,778,"ref_strain",183,1
"4353","01_3541_0183_01",1,3541,"ref_strain",183,1
"4354","01_4097_0183_01",1,4097,"ref_strain",183,1
"4355","01_4191_0183_01",1,4191,"ref_strain",183,1
"4356","01_4537_0183_01",1,4537,"ref_strain",183,1
"4357","01_4627_0183_01",1,4627,"ref_strain",183,1
"4358","01_6401_0183_01",1,6401,"ref_strain",183,1
"4359","01_9685_0183_01",1,9685,"ref_strain",183,1
"4360","01_11931_0183_01",1,11931,"ref_strain",183,1
"4361","01_11935_0183_01",1,11935,"ref_strain",183,1
"4362","01_0670_0184_01",1,670,"ref_strain",184,1
"4363","01_1567_0184_01",1,1567,"ref_strain",184,1
"4364","01_1811_0184_01",1,1811,"ref_strain",184,1
"4365","01_3305_0184_01",1,3305,"ref_strain",184,1
"4366","01_4083_0184_01",1,4083,"ref_strain",184,1
"4367","01_4710_0184_01",1,4710,"ref_strain",184,1
"4368","01_8749_0184_01",1,8749,"ref_strain",184,1
"4369","01_9483_0184_01",1,9483,"ref_strain",184,1
"4370","01_10184_0184_01",1,10184,"ref_strain",184,1
"4371","01_11351_0184_01",1,11351,"ref_strain",184,1
"4372","01_12188_0184_01",1,12188,"ref_strain",184,1
"4373","01_12683_0184_01",1,12683,"ref_strain",184,1
"4374","01_13010_0184_01",1,13010,"ref_strain",184,1
"4375","01_13106_0184_01",1,13106,"ref_strain",184,1
"4376","01_1788_0185_01",1,1788,"ref_strain",185,1
"4377","01_4014_0185_01",1,4014,"ref_strain",185,1
"4378","01_6073_0185_01",1,6073,"ref_strain",185,1
"4379","01_6234_0185_01",1,6234,"ref_strain",185,1
"4380","01_6466_0185_01",1,6466,"ref_strain",185,1
"4381","01_7706_0185_01",1,7706,"ref_strain",185,1
"4382","01_9440_0185_01",1,9440,"ref_strain",185,1
"4383","01_10462_0185_01",1,10462,"ref_strain",185,1
"4384","01_10981_0185_01",1,10981,"ref_strain",185,1
"4385","01_11537_0185_01",1,11537,"ref_strain",185,1
"4386","01_13085_0185_01",1,13085,"ref_strain",185,1
"4387","01_13366_0185_01",1,13366,"ref_strain",185,1
"4388","01_14280_0185_01",1,14280,"ref_strain",185,1
"4389","01_0299_0186_01",1,299,"ref_strain",186,1
"4390","01_3011_0186_01",1,3011,"ref_strain",186,1
"4391","01_4098_0186_01",1,4098,"ref_strain",186,1
"4392","01_4567_0186_01",1,4567,"ref_strain",186,1
"4393","01_13492_0186_01",1,13492,"ref_strain",186,1
"4394","01_1159_0187_01",1,1159,"ref_strain",187,1
"4395","01_1375_0187_01",1,1375,"ref_strain",187,1
"4396","01_1686_0187_01",1,1686,"ref_strain",187,1
"4397","01_3271_0187_01",1,3271,"ref_strain",187,1
"4398","01_3272_0187_01",1,3272,"ref_strain",187,1
"4399","01_3510_0187_01",1,3510,"ref_strain",187,1
"4400","01_4773_0187_01",1,4773,"ref_strain",187,1
"4401","01_9848_0187_01",1,9848,"ref_strain",187,1
"4402","01_10078_0187_01",1,10078,"ref_strain",187,1
"4403","01_10734_0187_01",1,10734,"ref_strain",187,1
"4404","01_11195_0187_01",1,11195,"ref_strain",187,1
"4405","01_11365_0187_01",1,11365,"ref_strain",187,1
"4406","01_14337_0187_01",1,14337,"ref_strain",187,1
"4407","01_0729_0188_01",1,729,"ref_strain",188,1
"4408","01_1461_0188_01",1,1461,"ref_strain",188,1
"4409","01_4463_0188_01",1,4463,"ref_strain",188,1
"4410","01_6367_0188_01",1,6367,"ref_strain",188,1
"4411","01_7115_0188_01",1,7115,"ref_strain",188,1
"4412","01_7262_0188_01",1,7262,"ref_strain",188,1
"4413","01_10164_0188_01",1,10164,"ref_strain",188,1
"4414","01_10652_0188_01",1,10652,"ref_strain",188,1
"4415","01_12606_0188_01",1,12606,"ref_strain",188,1
"4416","01_13818_0188_01",1,13818,"ref_strain",188,1
"4417","01_0014_0189_01",1,14,"ref_strain",189,1
"4418","01_1284_0189_01",1,1284,"ref_strain",189,1
"4419","01_1986_0189_01",1,1986,"ref_strain",189,1
"4420","01_6059_0189_01",1,6059,"ref_strain",189,1
"4421","01_6424_0189_01",1,6424,"ref_strain",189,1
"4422","01_9103_0189_01",1,9103,"ref_strain",189,1
"4423","01_11332_0189_01",1,11332,"ref_strain",189,1
"4424","01_12233_0189_01",1,12233,"ref_strain",189,1
"4425","01_3687_0190_01",1,3687,"ref_strain",190,1
"4426","01_4198_0190_01",1,4198,"ref_strain",190,1
"4427","01_6621_0190_01",1,6621,"ref_strain",190,1
"4428","01_10957_0190_01",1,10957,"ref_strain",190,1
"4429","01_11500_0190_01",1,11500,"ref_strain",190,1
"4430","01_11617_0190_01",1,11617,"ref_strain",190,1
"4431","01_11981_0190_01",1,11981,"ref_strain",190,1
"4432","01_14332_0190_01",1,14332,"ref_strain",190,1
"4433","01_3164_0191_01",1,3164,"ref_strain",191,1
"4434","01_3197_0191_01",1,3197,"ref_strain",191,1
"4435","01_6205_0191_01",1,6205,"ref_strain",191,1
"4436","01_7853_0191_01",1,7853,"ref_strain",191,1
"4437","01_8986_0191_01",1,8986,"ref_strain",191,1
"4438","01_10380_0191_01",1,10380,"ref_strain",191,1
"4439","01_0214_0192_01",1,214,"ref_strain",192,1
"4440","01_6365_0192_01",1,6365,"ref_strain",192,1
"4441","01_8457_0192_01",1,8457,"ref_strain",192,1
"4442","01_8721_0192_01",1,8721,"ref_strain",192,1
"4443","01_10647_0192_01",1,10647,"ref_strain",192,1
"4444","01_12286_0192_01",1,12286,"ref_strain",192,1
"4445","01_1079_0193_01",1,1079,"ref_strain",193,1
"4446","01_2742_0193_01",1,2742,"ref_strain",193,1
"4447","01_2905_0193_01",1,2905,"ref_strain",193,1
"4448","01_3909_0193_01",1,3909,"ref_strain",193,1
"4449","01_7663_0193_01",1,7663,"ref_strain",193,1
"4450","01_8627_0193_01",1,8627,"ref_strain",193,1
"4451","01_10533_0193_01",1,10533,"ref_strain",193,1
"4452","01_13276_0193_01",1,13276,"ref_strain",193,1
"4453","01_14018_0193_01",1,14018,"ref_strain",193,1
"4454","01_2311_0194_01",1,2311,"ref_strain",194,1
"4455","01_11316_0194_01",1,11316,"ref_strain",194,1
"4456","01_11859_0194_01",1,11859,"ref_strain",194,1
"4457","01_12818_0194_01",1,12818,"ref_strain",194,1
"4458","01_1035_0195_01",1,1035,"ref_strain",195,1
"4459","01_2021_0195_01",1,2021,"ref_strain",195,1
"4460","01_6013_0195_01",1,6013,"ref_strain",195,1
"4461","01_10178_0195_01",1,10178,"ref_strain",195,1
"4462","01_14473_0195_01",1,14473,"ref_strain",195,1
"4463","01_0779_0196_01",1,779,"ref_strain",196,1
"4464","01_0981_0196_01",1,981,"ref_strain",196,1
"4465","01_1064_0196_01",1,1064,"ref_strain",196,1
"4466","01_3653_0196_01",1,3653,"ref_strain",196,1
"4467","01_3825_0196_01",1,3825,"ref_strain",196,1
"4468","01_4433_0196_01",1,4433,"ref_strain",196,1
"4469","01_10488_0196_01",1,10488,"ref_strain",196,1
"4470","01_0075_0197_01",1,75,"ref_strain",197,1
"4471","01_0296_0197_01",1,296,"ref_strain",197,1
"4472","01_3845_0197_01",1,3845,"ref_strain",197,1
"4473","01_5924_0197_01",1,5924,"ref_strain",197,1
"4474","01_7460_0197_01",1,7460,"ref_strain",197,1
"4475","01_7655_0197_01",1,7655,"ref_strain",197,1
"4476","01_7770_0197_01",1,7770,"ref_strain",197,1
"4477","01_8831_0197_01",1,8831,"ref_strain",197,1
"4478","01_11347_0197_01",1,11347,"ref_strain",197,1
"4479","01_11433_0197_01",1,11433,"ref_strain",197,1
"4480","01_13722_0197_01",1,13722,"ref_strain",197,1
"4481","01_1106_0198_01",1,1106,"ref_strain",198,1
"4482","01_0881_0199_01",1,881,"ref_strain",199,1
"4483","01_0890_0199_01",1,890,"ref_strain",199,1
"4484","01_1527_0199_01",1,1527,"ref_strain",199,1
"4485","01_2304_0199_01",1,2304,"ref_strain",199,1
"4486","01_5023_0199_01",1,5023,"ref_strain",199,1
"4487","01_5341_0199_01",1,5341,"ref_strain",199,1
"4488","01_11988_0199_01",1,11988,"ref_strain",199,1
"4489","01_1211_0200_01",1,1211,"ref_strain",200,1
"4490","01_2908_0200_01",1,2908,"ref_strain",200,1
"4491","01_5061_0200_01",1,5061,"ref_strain",200,1
"4492","01_11965_0200_01",1,11965,"ref_strain",200,1
"4493","01_14490_0200_01",1,14490,"ref_strain",200,1
"4494","01_1620_0201_01",1,1620,"ref_strain",201,1
"4495","01_4451_0201_01",1,4451,"ref_strain",201,1
"4496","01_4991_0201_01",1,4991,"ref_strain",201,1
"4497","01_5663_0201_01",1,5663,"ref_strain",201,1
"4498","01_10233_0201_01",1,10233,"ref_strain",201,1
"4499","01_11688_0201_01",1,11688,"ref_strain",201,1
"4500","01_12074_0201_01",1,12074,"ref_strain",201,1
"4501","01_13852_0201_01",1,13852,"ref_strain",201,1
"4502","01_14084_0201_01",1,14084,"ref_strain",201,1
"4503","01_3741_0202_01",1,3741,"ref_strain",202,1
"4504","01_8028_0202_01",1,8028,"ref_strain",202,1
"4505","01_9754_0202_01",1,9754,"ref_strain",202,1
"4506","01_10583_0202_01",1,10583,"ref_strain",202,1
"4507","01_13666_0202_01",1,13666,"ref_strain",202,1
"4508","01_0137_0203_01",1,137,"ref_strain",203,1
"4509","01_7755_0203_01",1,7755,"ref_strain",203,1
"4510","01_12251_0203_01",1,12251,"ref_strain",203,1
"4511","01_14352_0203_01",1,14352,"ref_strain",203,1
"4512","01_14394_0203_01",1,14394,"ref_strain",203,1
"4513","01_2119_0204_01",1,2119,"ref_strain",204,1
"4514","01_2322_0204_01",1,2322,"ref_strain",204,1
"4515","01_3030_0204_01",1,3030,"ref_strain",204,1
"4516","01_6843_0204_01",1,6843,"ref_strain",204,1
"4517","01_7055_0204_01",1,7055,"ref_strain",204,1
"4518","01_9490_0204_01",1,9490,"ref_strain",204,1
"4519","01_7801_0205_01",1,7801,"ref_strain",205,1
"4520","01_7865_0205_01",1,7865,"ref_strain",205,1
"4521","01_12996_0205_01",1,12996,"ref_strain",205,1
"4522","01_0727_0206_01",1,727,"ref_strain",206,1
"4523","01_1532_0206_01",1,1532,"ref_strain",206,1
"4524","01_1855_0206_01",1,1855,"ref_strain",206,1
"4525","01_6849_0206_01",1,6849,"ref_strain",206,1
"4526","01_7854_0206_01",1,7854,"ref_strain",206,1
"4527","01_8085_0206_01",1,8085,"ref_strain",206,1
"4528","01_9640_0206_01",1,9640,"ref_strain",206,1
"4529","01_12994_0206_01",1,12994,"ref_strain",206,1
"4530","01_3012_0207_01",1,3012,"ref_strain",207,1
"4531","01_6995_0207_01",1,6995,"ref_strain",207,1
"4532","01_13728_0207_01",1,13728,"ref_strain",207,1
"4533","01_3442_0208_01",1,3442,"ref_strain",208,1
"4534","01_9278_0208_01",1,9278,"ref_strain",208,1
"4535","01_0755_0209_01",1,755,"ref_strain",209,1
"4536","01_6988_0209_01",1,6988,"ref_strain",209,1
"4537","01_8021_0209_01",1,8021,"ref_strain",209,1
"4538","01_8317_0209_01",1,8317,"ref_strain",209,1
"4539","01_9839_0209_01",1,9839,"ref_strain",209,1
"4540","01_13304_0209_01",1,13304,"ref_strain",209,1
"4541","01_13836_0209_01",1,13836,"ref_strain",209,1
"4542","01_14076_0209_01",1,14076,"ref_strain",209,1
"4543","01_14189_0209_01",1,14189,"ref_strain",209,1
"4544","01_3337_0210_01",1,3337,"ref_strain",210,1
"4545","01_4842_0210_01",1,4842,"ref_strain",210,1
"4546","01_6045_0210_01",1,6045,"ref_strain",210,1
"4547","01_1420_0211_01",1,1420,"ref_strain",211,1
"4548","01_6459_0211_01",1,6459,"ref_strain",211,1
"4549","01_9854_0211_01",1,9854,"ref_strain",211,1
"4550","01_4848_0212_01",1,4848,"ref_strain",212,1
"4551","01_5111_0212_01",1,5111,"ref_strain",212,1
"4552","01_6568_0212_01",1,6568,"ref_strain",212,1
"4553","01_7562_0212_01",1,7562,"ref_strain",212,1
"4554","01_9500_0212_01",1,9500,"ref_strain",212,1
"4555","01_11778_0212_01",1,11778,"ref_strain",212,1
"4556","01_8331_0213_01",1,8331,"ref_strain",213,1
"4557","01_10927_0213_01",1,10927,"ref_strain",213,1
"4558","01_0490_0214_01",1,490,"ref_strain",214,1
"4559","01_5793_0214_01",1,5793,"ref_strain",214,1
"4560","01_3470_0215_01",1,3470,"ref_strain",215,1
"4561","01_5467_0215_01",1,5467,"ref_strain",215,1
"4562","01_4602_0216_01",1,4602,"ref_strain",216,1
"4563","01_6144_0216_01",1,6144,"ref_strain",216,1
"4564","01_6905_0216_01",1,6905,"ref_strain",216,1
"4565","01_7062_0216_01",1,7062,"ref_strain",216,1
"4566","01_7318_0219_01",1,7318,"ref_strain",219,1
"4567","01_8943_0219_01",1,8943,"ref_strain",219,1
"4568","01_10063_0219_01",1,10063,"ref_strain",219,1
"4569","01_10360_0219_01",1,10360,"ref_strain",219,1
"4570","01_6428_0221_01",1,6428,"ref_strain",221,1
"4571","01_2017_0222_01",1,2017,"ref_strain",222,1
"4572","01_2389_0222_01",1,2389,"ref_strain",222,1
"4573","01_3281_0222_01",1,3281,"ref_strain",222,1
"4574","01_9667_0222_01",1,9667,"ref_strain",222,1
"4575","01_13136_0223_01",1,13136,"ref_strain",223,1
"4576","01_4961_0224_01",1,4961,"ref_strain",224,1
"4577","01_13825_0224_01",1,13825,"ref_strain",224,1
"4578","01_7420_0226_01",1,7420,"ref_strain",226,1
"4579","01_9876_0226_01",1,9876,"ref_strain",226,1
"4580","01_2733_0227_01",1,2733,"ref_strain",227,1
"4581","01_5078_0227_01",1,5078,"ref_strain",227,1
"4582","01_5241_0227_01",1,5241,"ref_strain",227,1
"4583","01_14531_0227_01",1,14531,"ref_strain",227,1
"4584","01_11169_0228_01",1,11169,"ref_strain",228,1
"4585","01_13195_0228_01",1,13195,"ref_strain",228,1
"4586","01_6455_0229_01",1,6455,"ref_strain",229,1
"4587","01_8278_0229_01",1,8278,"ref_strain",229,1
"4588","01_5242_0231_01",1,5242,"ref_strain",231,1
"4589","01_0676_0232_01",1,676,"ref_strain",232,1
"4590","01_9679_0232_01",1,9679,"ref_strain",232,1
"4591","01_2643_0233_01",1,2643,"ref_strain",233,1
"4592","01_4683_0234_01",1,4683,"ref_strain",234,1
"4593","01_13340_0238_01",1,13340,"ref_strain",238,1
"4594","01_0882_0239_01",1,882,"ref_strain",239,1
"4595","01_1670_0239_01",1,1670,"ref_strain",239,1
"4596","01_6288_0241_01",1,6288,"ref_strain",241,1
"4597","01_10231_0248_01",1,10231,"ref_strain",248,1
