"","host_id","group","infector_id","infector_group","exposure_time","infectious_time","recovery_time"
"1",11379,1,NA,NA,0,0,6
"2",119,1,NA,NA,0,0,6
"3",5088,1,NA,NA,0,0,5
"4",10610,1,NA,NA,0,0,5
"5",1755,1,NA,NA,0,0,6
"6",9225,1,10610,1,2,3,9
"7",3364,1,5088,1,3,5,9
"8",4027,1,7096,1,3,4,9
"9",9163,1,5088,1,2,4,11
"10",7096,1,119,1,1,3,9
"11",9976,1,9225,1,6,7,12
"12",2230,1,9163,1,5,8,14
"13",4166,1,11379,1,1,4,9
"14",7325,1,4369,1,6,8,13
"15",579,1,4141,1,7,8,13
"16",4141,1,4166,1,4,6,12
"17",5792,1,3364,1,6,9,13
"18",8199,1,4369,1,7,8,14
"19",9654,1,4141,1,7,9,15
"20",7251,1,7096,1,7,9,13
"21",4193,1,9976,1,8,11,16
"22",4369,1,9225,1,4,5,12
"23",9064,1,579,1,8,11,17
"24",149,1,3364,1,6,9,17
"25",5340,1,4141,1,8,10,14
"26",10544,1,8199,1,9,11,17
"27",10621,1,9654,1,10,12,18
"28",1021,1,4027,1,7,10,16
"29",1644,1,4166,1,8,10,15
"30",2024,1,9654,1,9,11,16
"31",3953,1,7251,1,11,12,18
"32",4886,1,9654,1,10,11,15
"33",6614,1,9654,1,10,13,18
"34",9603,1,7251,1,11,13,18
"35",819,1,2230,1,9,11,17
"36",2556,1,2230,1,12,14,19
"37",4967,1,4141,1,9,11,16
"38",5498,1,579,1,10,12,19
"39",5643,1,2230,1,8,9,16
"40",9199,1,1021,1,12,15,22
"41",1203,1,9603,1,14,16,22
"42",1664,1,8199,1,10,11,17
"43",5617,1,5643,1,11,15,21
"44",7455,1,7325,1,9,11,17
"45",10915,1,10621,1,13,16,20
"46",839,1,579,1,11,14,19
"47",4483,1,9976,1,9,12,18
"48",7983,1,5498,1,13,16,20
"49",10748,1,1021,1,11,14,18
"50",1625,1,7455,1,12,13,20
"51",2902,1,1664,1,12,15,21
"52",7818,1,743,1,16,18,23
"53",743,1,9603,1,14,15,21
"54",9207,1,2024,1,12,15,20
"55",3668,1,1664,1,12,17,22
"56",6333,1,839,1,15,17,21
"57",7583,1,1625,1,14,16,22
"58",379,1,9603,1,15,16,23
"59",3901,1,743,1,16,17,22
"60",6265,1,7818,1,19,21,25
"61",9632,1,9603,1,15,18,24
"62",10226,1,9603,1,15,17,22
"63",4881,1,2556,1,15,20,25
"64",5082,1,5498,1,17,20,26
"65",5357,1,5669,1,19,21,26
"66",5669,1,2556,1,17,18,23
"67",6182,1,1203,1,19,22,28
"68",7545,1,10226,1,18,19,24
"69",11175,1,7983,1,17,21,28
"70",1463,1,7545,1,21,23,29
"71",2824,1,11175,1,22,23,29
"72",3596,1,5669,1,19,20,25
"73",5439,1,3901,1,20,22,26
"74",10067,1,6333,1,19,20,27
"75",11371,1,10226,1,18,19,24
"76",1385,1,5439,1,22,23,28
"77",4331,1,6333,1,20,21,27
"78",5736,1,7818,1,18,20,26
"79",5802,1,5669,1,18,23,29
"80",7989,1,6333,1,18,20,26
"81",9817,1,7545,1,20,24,28
"82",10742,1,6265,1,21,23,28
"83",9944,1,11371,1,20,23,28
"84",10195,1,5082,1,21,24,30
"85",10365,1,7983,1,17,25,30
"86",2828,1,4331,1,22,23,30
"87",4517,1,10226,1,18,20,27
"88",6225,1,6333,1,18,20,27
"89",6512,1,4331,1,22,23,27
"90",10679,1,4331,1,21,23,27
"91",11315,1,668,1,24,26,32
"92",466,1,9817,1,25,26,31
"93",6586,1,5439,1,23,24,30
"94",8078,1,11371,1,20,22,28
"95",8100,1,11371,1,20,24,28
"96",10980,1,5357,1,22,25,32
"97",11263,1,4331,1,23,26,33
"98",668,1,6182,1,22,24,29
"99",2171,1,10980,1,26,28,32
"100",3913,1,10195,1,26,28,33
"101",5380,1,668,1,25,28,33
"102",7895,1,8078,1,25,27,34
"103",10854,1,6265,1,22,25,33
"104",738,1,4880,1,27,28,35
"105",2132,1,2828,1,24,25,30
"106",2912,1,2132,1,26,28,32
"107",5335,1,6586,1,25,26,31
"108",6862,1,10854,1,27,29,34
"109",10138,1,6586,1,26,29,35
"110",10644,1,466,1,27,28,34
"111",4880,1,2824,1,24,25,33
"112",6434,1,6265,1,24,26,33
"113",10527,1,7895,1,28,30,34
"114",11445,1,5439,1,24,26,32
"115",354,1,8100,1,25,28,33
"116",497,1,1896,1,30,31,34
"117",2248,1,9704,1,30,31,35
"118",5263,1,4582,1,30,31,35
"119",6057,1,6434,1,28,31,36
"120",7028,1,9817,1,27,30,35
"121",7259,1,10551,1,30,31,36
"122",10551,1,9704,1,28,29,34
"123",10708,1,6586,1,25,28,34
"124",10868,1,10980,1,27,30,35
"125",11192,1,5439,1,24,28,33
"126",441,1,712,1,30,32,37
"127",1265,1,10365,1,26,28,34
"128",1311,1,738,1,29,30,33
"129",1896,1,10980,1,26,29,34
"130",2837,1,10507,1,29,32,38
"131",4582,1,7895,1,27,29,36
"132",4875,1,6862,1,30,32,38
"133",5054,1,738,1,29,31,35
"134",6967,1,5380,1,29,31,37
"135",9704,1,8100,1,25,27,33
"136",646,1,6434,1,26,28,35
"137",712,1,10195,1,27,29,34
"138",2979,1,6862,1,29,32,38
"139",4270,1,7273,1,32,33,37
"140",4823,1,9704,1,28,30,35
"141",5874,1,712,1,30,33,36
"142",5912,1,668,1,25,28,34
"143",10507,1,1463,1,25,28,34
"144",6167,1,5335,1,27,29,35
"145",6867,1,7574,1,33,34,39
"146",7732,1,2837,1,33,34,39
"147",8990,1,9475,1,32,34,38
"148",9237,1,6967,1,33,34,42
"149",9833,1,8440,1,32,34,40
"150",3826,1,7273,1,32,34,39
"151",4871,1,10980,1,29,32,36
"152",6774,1,6862,1,30,33,36
"153",8440,1,4880,1,26,30,36
"154",9397,1,4582,1,31,33,37
"155",9475,1,5380,1,29,31,36
"156",1154,1,7574,1,34,35,41
"157",1370,1,10644,1,32,34,40
"158",2429,1,9397,1,34,36,41
"159",2826,1,712,1,31,33,37
"160",4906,1,5263,1,32,34,39
"161",5887,1,4152,1,34,36,40
"162",7574,1,9704,1,29,32,38
"163",7683,1,6774,1,34,36,40
"164",8056,1,6057,1,33,34,39
"165",8302,1,7854,1,34,35,41
"166",10432,1,738,1,30,32,38
"167",309,1,9704,1,28,30,39
"168",375,1,4582,1,32,33,38
"169",457,1,10432,1,32,34,39
"170",2838,1,375,1,34,36,41
"171",2903,1,5054,1,33,35,39
"172",4152,1,712,1,31,34,38
"173",4197,1,10432,1,33,37,41
"174",4330,1,2826,1,34,37,41
"175",5121,1,10527,1,32,36,42
"176",5440,1,9813,1,35,37,43
"177",7273,1,2171,1,30,31,38
"178",7854,1,9704,1,30,34,40
"179",7999,1,4871,1,34,36,41
"180",8412,1,7259,1,33,35,39
"181",9152,1,457,1,35,37,45
"182",9598,1,4823,1,31,32,38
"183",10555,1,3913,1,30,36,42
"184",10895,1,309,1,32,35,39
"185",1450,1,4906,1,35,36,42
"186",1470,1,1370,1,35,37,42
"187",2081,1,4875,1,36,38,43
"188",3635,1,3826,1,36,38,43
"189",5153,1,2837,1,34,36,40
"190",5479,1,8302,1,36,38,42
"191",8487,1,10895,1,36,37,42
"192",8582,1,9397,1,35,36,42
"193",9145,1,2903,1,36,38,44
"194",9813,1,10868,1,32,33,40
"195",353,1,9397,1,36,37,42
"196",1434,1,5874,1,35,37,44
"197",3844,1,2837,1,33,36,40
"198",4888,1,1434,1,37,38,42
"199",5015,1,817,1,38,39,44
"200",6137,1,4906,1,36,38,44
"201",9442,1,3844,1,37,39,45
"202",9455,1,4871,1,33,34,40
"203",9852,1,9598,1,34,36,40
"204",10353,1,1370,1,36,38,42
"205",23,1,4888,1,39,40,45
"206",817,1,9852,1,37,38,43
"207",892,1,3844,1,37,40,47
"208",3370,1,4197,1,38,40,45
"209",4660,1,9833,1,37,39,45
"210",6072,1,5121,1,37,39,43
"211",6097,1,7259,1,35,38,43
"212",6431,1,2903,1,37,39,46
"213",6632,1,1370,1,35,37,43
"214",7504,1,5440,1,38,39,43
"215",8847,1,8990,1,36,38,42
"216",9609,1,7732,1,36,37,43
"217",1270,1,8582,1,37,39,42
"218",1687,1,441,1,35,37,42
"219",3012,1,1687,1,37,39,44
"220",3354,1,9316,1,40,41,44
"221",4674,1,10353,1,39,41,46
"222",5465,1,9316,1,39,40,45
"223",6015,1,10353,1,39,41,47
"224",6113,1,2903,1,36,38,45
"225",6352,1,9813,1,35,39,44
"226",9316,1,9833,1,35,38,43
"227",9828,1,6594,1,38,39,43
"228",10734,1,4197,1,39,40,45
"229",11328,1,5153,1,37,39,46
"230",96,1,2903,1,36,38,43
"231",171,1,3769,1,40,41,46
"232",2016,1,8302,1,37,40,45
"233",2095,1,1370,1,37,39,45
"234",2112,1,6113,1,40,42,47
"235",3769,1,2903,1,36,39,45
"236",6594,1,7732,1,35,37,43
"237",7240,1,9560,1,41,42,48
"238",7523,1,8582,1,38,40,44
"239",8347,1,5440,1,40,42,47
"240",8529,1,10895,1,37,39,44
"241",8997,1,2429,1,38,39,44
"242",9546,1,4197,1,39,41,47
"243",9560,1,10895,1,37,39,43
"244",1153,1,8302,1,37,39,45
"245",3631,1,6072,1,39,43,47
"246",4367,1,3635,1,39,41,46
"247",4529,1,4330,1,38,40,45
"248",5791,1,10555,1,39,41,47
"249",7903,1,8997,1,40,42,48
"250",8481,1,3635,1,38,42,46
"251",8532,1,2429,1,38,41,46
"252",906,1,1270,1,40,42,45
"253",1283,1,6632,1,38,40,46
"254",2018,1,5791,1,42,43,48
"255",2056,1,8445,1,42,43,47
"256",2878,1,11328,1,40,41,47
"257",3880,1,8302,1,39,41,45
"258",4706,1,2878,1,41,42,47
"259",4970,1,9609,1,40,41,47
"260",8903,1,8487,1,40,44,49
"261",9265,1,4472,1,42,44,50
"262",10558,1,9546,1,41,44,50
"263",226,1,7903,1,42,43,48
"264",4472,1,8582,1,39,41,46
"265",4737,1,4888,1,39,40,47
"266",5665,1,2016,1,41,43,48
"267",6044,1,7504,1,42,43,47
"268",6915,1,8445,1,41,43,47
"269",7175,1,2112,1,42,43,50
"270",8445,1,96,1,39,41,48
"271",8535,1,9546,1,41,44,48
"272",8622,1,9152,1,41,42,48
"273",11137,1,817,1,39,42,47
"274",11225,1,6137,1,40,41,46
"275",294,1,6137,1,39,43,48
"276",334,1,7903,1,43,44,51
"277",1829,1,2056,1,44,45,49
"278",2493,1,9152,1,38,40,48
"279",8571,1,6015,1,43,44,49
"280",454,1,4529,1,42,44,49
"281",770,1,3370,1,44,46,52
"282",1674,1,4529,1,42,43,48
"283",2261,1,8703,1,44,45,51
"284",3554,1,7175,1,45,46,52
"285",4046,1,7175,1,44,46,52
"286",8685,1,6915,1,44,46,53
"287",9226,1,171,1,42,45,51
"288",10371,1,1270,1,41,43,48
"289",423,1,1134,1,45,47,51
"290",1134,1,11225,1,42,44,51
"291",2674,1,334,1,45,47,52
"292",5305,1,6044,1,44,46,53
"293",5653,1,4737,1,42,45,50
"294",6498,1,8347,1,44,46,50
"295",7409,1,6044,1,44,46,51
"296",7792,1,6594,1,39,43,49
"297",7965,1,171,1,43,45,50
"298",8703,1,2056,1,43,44,50
"299",9344,1,294,1,46,47,53
"300",9927,1,5015,1,42,43,50
"301",11154,1,5653,1,45,48,52
"302",297,1,8347,1,43,47,51
"303",2293,1,226,1,47,48,52
"304",3100,1,8571,1,45,48,54
"305",3735,1,8903,1,45,47,53
"306",5550,1,2018,1,44,47,51
"307",6176,1,4367,1,42,44,50
"308",6305,1,8903,1,45,46,52
"309",10075,1,6044,1,44,45,50
"310",10772,1,4674,1,44,45,52
"311",11104,1,7175,1,43,45,50
"312",654,1,8903,1,45,46,51
"313",1013,1,3012,1,41,43,51
"314",1444,1,334,1,46,48,53
"315",2011,1,8685,1,46,49,55
"316",2017,1,4472,1,42,45,51
"317",2061,1,334,1,45,46,53
"318",2492,1,10558,1,46,47,51
"319",2989,1,226,1,44,46,52
"320",4329,1,5653,1,46,49,54
"321",5684,1,2017,1,46,48,53
"322",6022,1,2112,1,44,46,52
"323",8551,1,9265,1,44,47,52
"324",8829,1,5550,1,47,49,54
"325",9522,1,1829,1,47,48,54
"326",9660,1,2017,1,48,50,55
"327",421,1,9226,1,46,48,54
"328",903,1,2061,1,47,50,55
"329",2332,1,2148,1,50,51,58
"330",2958,1,10772,1,48,51,58
"331",4599,1,7815,1,50,51,55
"332",6885,1,7409,1,49,50,55
"333",7815,1,2261,1,47,49,53
"334",7975,1,3735,1,49,51,56
"335",8030,1,10772,1,46,47,53
"336",9438,1,8030,1,49,51,58
"337",10342,1,3735,1,48,50,56
"338",10351,1,6915,1,44,46,52
"339",10693,1,8571,1,46,50,53
"340",766,1,1444,1,48,49,56
"341",1235,1,6176,1,44,48,53
"342",2946,1,903,1,51,52,57
"343",3517,1,7815,1,49,51,57
"344",3734,1,3735,1,50,52,57
"345",6781,1,9344,1,48,51,56
"346",9570,1,1829,1,46,48,53
"347",9921,1,766,1,51,52,58
"348",10322,1,8030,1,49,50,53
"349",1667,1,2958,1,51,53,58
"350",2000,1,2492,1,48,52,60
"351",2148,1,770,1,47,49,55
"352",3151,1,654,1,47,49,54
"353",3172,1,2293,1,49,52,56
"354",4738,1,8703,1,47,49,54
"355",4786,1,6498,1,47,51,56
"356",5306,1,10351,1,48,49,56
"357",5831,1,10322,1,51,52,56
"358",6188,1,11154,1,50,51,56
"359",6582,1,423,1,48,50,55
"360",7519,1,8551,1,48,51,56
"361",8225,1,5653,1,47,50,56
"362",10919,1,4745,1,52,53,58
"363",10961,1,9226,1,47,49,54
"364",324,1,6885,1,51,53,57
"365",936,1,2011,1,51,52,57
"366",973,1,2018,1,47,49,58
"367",3962,1,10961,1,50,51,56
"368",4135,1,297,1,48,50,55
"369",4745,1,421,1,49,51,56
"370",4809,1,4135,1,51,52,57
"371",6216,1,1829,1,47,50,56
"372",7752,1,7519,1,52,53,58
"373",10257,1,8225,1,51,53,57
"374",10385,1,6305,1,48,49,55
"375",10477,1,10385,1,51,52,58
"376",750,1,8155,1,54,55,61
"377",1317,1,6885,1,51,55,60
"378",1366,1,9660,1,51,53,58
"379",2529,1,4135,1,52,54,59
"380",3532,1,2492,1,47,53,62
"381",3698,1,5550,1,49,51,56
"382",6036,1,903,1,51,52,57
"383",6110,1,6216,1,50,52,56
"384",6519,1,9570,1,49,51,56
"385",6962,1,8685,1,50,52,58
"386",7113,1,10919,1,54,55,61
"387",7381,1,6781,1,52,53,57
"388",7557,1,2946,1,53,55,62
"389",9139,1,7182,1,52,54,58
"390",9754,1,6915,1,45,48,56
"391",10530,1,766,1,53,55,59
"392",11195,1,2674,1,48,52,57
"393",11443,1,3962,1,53,54,60
"394",2522,1,2958,1,52,54,58
"395",3617,1,6582,1,51,52,57
"396",6116,1,2332,1,53,54,60
"397",6829,1,7750,1,55,56,62
"398",6887,1,3172,1,53,55,59
"399",7066,1,4786,1,52,55,59
"400",7182,1,2011,1,50,51,59
"401",8155,1,10322,1,51,54,59
"402",8545,1,8030,1,50,52,58
"403",8575,1,8551,1,51,52,57
"404",10025,1,654,1,48,52,58
"405",305,1,4046,1,48,53,58
"406",448,1,8575,1,53,55,58
"407",802,1,6885,1,53,55,60
"408",1743,1,3962,1,52,56,61
"409",2194,1,7752,1,54,56,60
"410",2602,1,10257,1,54,55,59
"411",2825,1,9438,1,53,54,60
"412",3688,1,2946,1,53,55,60
"413",3783,1,10477,1,54,56,61
"414",4057,1,6110,1,53,55,62
"415",4914,1,4135,1,52,54,60
"416",5750,1,10342,1,51,52,58
"417",8807,1,4135,1,52,55,61
"418",9130,1,6036,1,53,54,58
"419",9639,1,6036,1,53,57,62
"420",10122,1,4599,1,53,55,60
"421",10142,1,6885,1,52,54,58
"422",11325,1,11195,1,53,55,60
"423",11392,1,9921,1,55,57,62
"424",30,1,10122,1,56,57,62
"425",292,1,4599,1,53,55,61
"426",662,1,4057,1,56,58,62
"427",1015,1,7519,1,54,56,61
"428",1888,1,11443,1,56,58,63
"429",2538,1,3330,1,57,58,65
"430",2649,1,1949,1,55,57,61
"431",3027,1,7182,1,52,55,61
"432",3699,1,4599,1,52,55,59
"433",4284,1,3885,1,57,58,63
"434",5839,1,8575,1,53,55,63
"435",5970,1,8575,1,53,55,62
"436",7906,1,13,1,57,58,61
"437",8012,1,7752,1,54,58,62
"438",8077,1,8829,1,50,54,60
"439",8112,1,3617,1,54,56,61
"440",10188,1,3734,1,52,53,59
"441",10802,1,3172,1,53,55,59
"442",11013,1,1667,1,54,56,61
"443",1949,1,10693,1,51,54,61
"444",2635,1,13,1,57,59,64
"445",3425,1,8862,1,55,58,65
"446",3636,1,10477,1,53,56,61
"447",3885,1,8829,1,53,55,61
"448",4040,1,56,1,57,59,65
"449",4083,1,10188,1,54,56,63
"450",4783,1,10142,1,55,57,63
"451",4942,1,7066,1,57,59,64
"452",5508,1,10693,1,52,54,60
"453",5725,1,10142,1,56,57,61
"454",6963,1,10142,1,55,56,63
"455",7750,1,4329,1,51,55,60
"456",8799,1,8155,1,56,57,63
"457",8862,1,8030,1,51,54,60
"458",9653,1,4914,1,55,57,61
"459",9773,1,750,1,56,58,64
"460",10352,1,10411,1,57,58,63
"461",10526,1,3962,1,54,56,61
"462",10548,1,6829,1,56,59,63
"463",11283,1,448,1,55,58,63
"464",13,1,10919,1,55,56,64
"465",56,1,6188,1,52,55,61
"466",1711,1,8848,1,58,60,65
"467",2183,1,11443,1,55,56,62
"468",4121,1,10919,1,55,57,61
"469",4361,1,10142,1,55,57,64
"470",4648,1,7750,1,57,59,63
"471",5300,1,1667,1,53,57,63
"472",5784,1,11443,1,55,57,64
"473",5850,1,9130,1,55,58,64
"474",6023,1,3734,1,55,57,62
"475",7162,1,3532,1,55,57,62
"476",7233,1,2529,1,55,58,64
"477",7649,1,3636,1,58,59,65
"478",8213,1,5839,1,56,58,63
"479",8435,1,11195,1,54,57,62
"480",8844,1,7750,1,57,60,65
"481",10411,1,7519,1,54,56,62
"482",1109,1,3194,1,60,61,65
"483",1143,1,10411,1,57,59,62
"484",1916,1,7113,1,56,58,64
"485",2296,1,3330,1,59,61,67
"486",2319,1,903,1,53,56,62
"487",2693,1,1409,1,59,60,64
"488",2773,1,8155,1,55,57,63
"489",3330,1,10142,1,56,57,62
"490",4032,1,2958,1,56,58,62
"491",4383,1,4083,1,58,61,66
"492",4839,1,1366,1,55,57,62
"493",5225,1,9130,1,55,58,62
"494",7301,1,2773,1,57,59,65
"495",8057,1,1888,1,58,59,64
"496",8298,1,1409,1,59,61,65
"497",8848,1,9921,1,54,57,63
"498",8978,1,8807,1,56,59,64
"499",10668,1,10530,1,57,58,63
"500",10925,1,5839,1,57,58,62
"501",10940,1,4783,1,58,60,68
"502",980,1,1888,1,60,62,68
"503",1348,1,10411,1,58,60,65
"504",1409,1,3783,1,57,58,63
"505",1539,1,10940,1,61,62,68
"506",1648,1,10352,1,59,60,67
"507",3194,1,1743,1,58,59,63
"508",3353,1,3425,1,59,62,66
"509",3881,1,9139,1,56,58,65
"510",4138,1,1711,1,60,62,68
"511",4440,1,10613,1,59,61,66
"512",5259,1,13,1,56,60,65
"513",5759,1,10919,1,55,58,64
"514",6065,1,11013,1,58,61,65
"515",6183,1,296,1,59,60,63
"516",6186,1,10257,1,54,57,63
"517",6684,1,10940,1,61,62,66
"518",7281,1,3532,1,55,58,63
"519",7357,1,11443,1,57,60,65
"520",7904,1,296,1,60,61,68
"521",8163,1,3532,1,55,57,63
"522",8484,1,10411,1,57,59,65
"523",8596,1,6635,1,60,62,67
"524",1039,1,750,1,56,58,64
"525",2110,1,2146,1,62,63,69
"526",2146,1,1317,1,57,61,66
"527",3098,1,7752,1,57,59,64
"528",3601,1,3885,1,58,60,65
"529",4713,1,3783,1,58,60,65
"530",5474,1,3881,1,60,62,68
"531",5974,1,6829,1,57,60,66
"532",6007,1,10628,1,61,62,67
"533",6165,1,9653,1,57,59,65
"534",6237,1,10613,1,60,61,67
"535",6388,1,3601,1,60,63,68
"536",6567,1,10927,1,62,63,67
"537",6634,1,1015,1,58,59,64
"538",6635,1,9139,1,56,58,64
"539",6902,1,1711,1,61,63,71
"540",7762,1,3098,1,61,62,67
"541",9033,1,10613,1,60,61,66
"542",9616,1,9773,1,59,61,67
"543",10628,1,5970,1,57,59,65
"544",296,1,1949,1,57,58,65
"545",987,1,10927,1,63,64,69
"546",1165,1,10352,1,59,62,68
"547",1639,1,2000,1,57,60,65
"548",2414,1,10339,1,61,63,68
"549",2462,1,8271,1,63,64,73
"550",3003,1,2146,1,61,62,66
"551",3565,1,662,1,59,61,66
"552",4292,1,4783,1,58,61,66
"553",4594,1,7906,1,60,61,67
"554",4778,1,11434,1,63,64,68
"555",5514,1,13,1,57,62,67
"556",6084,1,6237,1,63,64,71
"557",6266,1,1165,1,63,64,68
"558",6834,1,7301,1,60,62,68
"559",6930,1,2319,1,58,59,65
"560",7310,1,9639,1,59,61,65
"561",7582,1,10142,1,57,59,65
"562",7713,1,3194,1,60,62,67
"563",7782,1,5514,1,63,64,70
"564",8386,1,4040,1,61,64,69
"565",8618,1,10940,1,62,64,68
"566",8732,1,3330,1,59,60,65
"567",9305,1,10339,1,61,62,66
"568",9651,1,6183,1,60,63,68
"569",9766,1,10548,1,61,64,71
"570",9774,1,5225,1,59,61,65
"571",10207,1,10925,1,60,64,70
"572",10339,1,13,1,58,60,70
"573",10531,1,8298,1,62,64,69
"574",10613,1,1667,1,56,59,66
"575",11411,1,1409,1,59,61,68
"576",43,1,2691,1,62,64,71
"577",335,1,4942,1,60,63,70
"578",374,1,11411,1,63,65,69
"579",665,1,8057,1,61,64,70
"580",2544,1,1165,1,63,65,70
"581",2598,1,6829,1,58,60,66
"582",2691,1,4839,1,60,61,67
"583",3331,1,1039,1,62,64,68
"584",3671,1,9653,1,60,62,67
"585",3986,1,2691,1,62,63,70
"586",4258,1,6183,1,61,64,68
"587",4441,1,7904,1,62,63,67
"588",5646,1,7281,1,58,60,66
"589",5648,1,2691,1,62,63,67
"590",6031,1,7301,1,60,62,67
"591",6360,1,4991,1,62,64,69
"592",7596,1,7582,1,60,62,68
"593",7873,1,1348,1,61,65,69
"594",8311,1,10613,1,60,62,66
"595",9482,1,4007,1,64,65,72
"596",144,1,296,1,60,62,69
"597",1209,1,8298,1,62,65,70
"598",1621,1,8848,1,58,62,67
"599",1912,1,3194,1,61,64,68
"600",2145,1,2691,1,63,66,71
"601",2245,1,4207,1,63,65,71
"602",2385,1,3194,1,60,63,67
"603",2605,1,4284,1,60,63,68
"604",2908,1,2414,1,65,66,70
"605",3023,1,1165,1,63,66,74
"606",4978,1,6930,1,61,63,68
"607",4991,1,11013,1,57,60,67
"608",5193,1,3565,1,63,66,72
"609",6311,1,11434,1,64,66,71
"610",6692,1,7713,1,63,65,73
"611",6822,1,3098,1,61,63,68
"612",7849,1,8298,1,61,64,70
"613",8271,1,3425,1,59,61,67
"614",8451,1,6634,1,61,64,70
"615",8802,1,1916,1,59,63,69
"616",10564,1,4068,1,65,66,72
"617",10653,1,1109,1,62,64,69
"618",10656,1,4713,1,60,62,68
"619",10927,1,1743,1,57,61,70
"620",11110,1,1621,1,63,66,70
"621",11250,1,6834,1,63,64,69
"622",11434,1,3098,1,60,62,67
"623",1401,1,6065,1,62,65,69
"624",1600,1,1348,1,61,63,68
"625",2096,1,4991,1,63,66,72
"626",3529,1,8732,1,62,64,68
"627",4303,1,1906,1,66,67,72
"628",4883,1,8451,1,66,67,73
"629",4934,1,1600,1,64,65,70
"630",5176,1,6567,1,64,65,70
"631",5668,1,1143,1,61,64,69
"632",7831,1,4007,1,65,66,72
"633",8140,1,692,1,65,66,71
"634",9527,1,4441,1,64,66,72
"635",10070,1,10927,1,63,66,72
"636",10826,1,8802,1,65,67,73
"637",10838,1,9468,1,65,66,70
"638",534,1,987,1,67,68,75
"639",692,1,3671,1,63,65,71
"640",1416,1,2605,1,64,66,71
"641",1447,1,5818,1,64,65,71
"642",2285,1,6822,1,65,67,72
"643",2368,1,6684,1,63,66,71
"644",2814,1,1120,1,65,66,71
"645",4068,1,4991,1,61,64,70
"646",4120,1,4440,1,63,65,69
"647",4207,1,5300,1,60,63,70
"648",4523,1,4007,1,65,67,72
"649",5818,1,10927,1,62,63,69
"650",5941,1,3986,1,66,67,71
"651",6848,1,7782,1,65,68,74
"652",7672,1,692,1,66,67,72
"653",8246,1,6567,1,66,68,74
"654",8597,1,1614,1,66,67,71
"655",8935,1,8451,1,65,68,73
"656",9468,1,4440,1,63,65,69
"657",9720,1,3425,1,60,67,74
"658",9942,1,5818,1,64,66,71
"659",10804,1,3881,1,60,63,70
"660",11094,1,9305,1,62,64,69
"661",11298,1,4594,1,63,64,69
"662",455,1,5646,1,65,67,73
"663",1099,1,8596,1,64,65,70
"664",1120,1,9651,1,64,65,72
"665",1906,1,8844,1,61,63,70
"666",2163,1,8802,1,66,68,73
"667",2373,1,4934,1,67,69,74
"668",3099,1,11298,1,65,66,71
"669",3604,1,3023,1,67,68,74
"670",3918,1,4068,1,66,67,72
"671",4376,1,692,1,67,69,75
"672",5819,1,9527,1,67,69,75
"673",6184,1,5818,1,64,66,73
"674",7846,1,8386,1,65,66,72
"675",8074,1,4978,1,66,68,73
"676",8594,1,7672,1,68,69,76
"677",8691,1,5344,1,66,67,72
"678",8693,1,4260,1,68,69,73
"679",9027,1,3565,1,61,65,71
"680",9149,1,6311,1,66,68,72
"681",9681,1,4207,1,65,66,70
"682",10071,1,10207,1,65,67,71
"683",10837,1,4978,1,64,68,71
"684",10887,1,10804,1,65,67,72
"685",11087,1,1906,1,65,67,72
"686",174,1,2544,1,66,68,73
"687",855,1,9286,1,69,70,76
"688",1506,1,1120,1,66,68,75
"689",2242,1,6065,1,64,67,72
"690",2487,1,2908,1,68,69,74
"691",2768,1,374,1,67,70,75
"692",2846,1,9651,1,64,65,72
"693",3279,1,1401,1,66,68,73
"694",3818,1,6822,1,64,65,72
"695",4007,1,1109,1,62,64,71
"696",4185,1,8802,1,66,69,73
"697",4716,1,989,1,68,69,74
"698",4747,1,665,1,66,68,73
"699",4807,1,4883,1,68,69,72
"700",5344,1,6237,1,63,65,71
"701",6127,1,5344,1,66,69,74
"702",6275,1,2368,1,67,69,76
"703",6439,1,8388,1,68,70,75
"704",6859,1,5514,1,63,66,71
"705",7536,1,9651,1,66,67,71
"706",8687,1,3986,1,64,67,74
"707",8985,1,10887,1,68,70,74
"708",9165,1,11110,1,67,68,75
"709",9219,1,3099,1,67,70,76
"710",9285,1,11250,1,65,67,73
"711",9679,1,2414,1,66,67,72
"712",10175,1,11110,1,68,69,75
"713",10416,1,6822,1,64,66,71
"714",10475,1,5129,1,67,69,75
"715",10495,1,2908,1,66,67,71
"716",10683,1,4120,1,67,69,74
"717",10811,1,4991,1,62,64,72
"718",11187,1,5176,1,67,69,74
"719",518,1,2846,1,67,70,75
"720",638,1,5474,1,63,65,72
"721",875,1,335,1,64,65,72
"722",989,1,8386,1,66,68,74
"723",1307,1,4978,1,64,66,72
"724",1531,1,8687,1,68,70,76
"725",2037,1,10070,1,67,69,74
"726",2165,1,3099,1,67,69,75
"727",2294,1,9285,1,68,70,76
"728",2859,1,11187,1,70,71,75
"729",2906,1,9286,1,70,71,75
"730",3271,1,1906,1,64,67,72
"731",3461,1,8691,1,68,70,76
"732",3650,1,3680,1,70,71,75
"733",3712,1,6567,1,65,66,73
"734",4014,1,2242,1,68,69,74
"735",4260,1,987,1,66,67,72
"736",4462,1,3565,1,63,65,72
"737",4539,1,5474,1,64,67,72
"738",4815,1,638,1,66,69,74
"739",4857,1,1120,1,66,68,73
"740",5220,1,5129,1,68,69,74
"741",6147,1,2605,1,64,66,72
"742",6561,1,11298,1,66,71,76
"743",7052,1,3818,1,67,68,72
"744",7268,1,4303,1,69,71,77
"745",7486,1,6311,1,67,69,73
"746",7628,1,9681,1,68,70,74
"747",7655,1,1600,1,66,68,72
"748",7930,1,11298,1,65,71,76
"749",8065,1,5974,1,63,65,72
"750",8177,1,6859,1,68,70,75
"751",8388,1,6388,1,66,67,73
"752",9049,1,10887,1,68,69,73
"753",9248,1,11110,1,67,68,75
"754",9630,1,7052,1,69,71,77
"755",9968,1,5176,1,66,67,73
"756",10145,1,2846,1,67,68,74
"757",10553,1,4007,1,67,70,74
"758",11096,1,9468,1,66,69,75
"759",11098,1,692,1,66,68,75
"760",920,1,9285,1,69,70,74
"761",1050,1,6848,1,70,71,76
"762",1362,1,7849,1,67,70,76
"763",1504,1,6311,1,68,70,75
"764",1614,1,2693,1,62,65,73
"765",1810,1,4376,1,69,71,76
"766",2025,1,9165,1,69,70,78
"767",2196,1,6360,1,68,71,76
"768",2738,1,6822,1,66,67,75
"769",3087,1,9942,1,67,70,76
"770",3680,1,5129,1,67,69,73
"771",4870,1,2245,1,70,72,78
"772",5077,1,7846,1,67,69,73
"773",5129,1,4441,1,64,66,74
"774",5147,1,989,1,69,70,77
"775",5466,1,11250,1,67,69,75
"776",6251,1,8074,1,70,71,75
"777",6894,1,5818,1,65,68,73
"778",6982,1,6360,1,68,72,78
"779",8006,1,10683,1,71,72,75
"780",8067,1,11250,1,66,68,75
"781",8579,1,2110,1,65,68,73
"782",9286,1,2462,1,66,68,73
"783",9778,1,692,1,67,70,77
"784",9926,1,10475,1,70,71,75
"785",9979,1,4539,1,68,70,75
"786",10503,1,4207,1,64,65,73
"787",10738,1,1307,1,69,72,78
"788",11046,1,9149,1,71,72,77
"789",11444,1,3604,1,70,72,78
"790",314,1,9778,1,70,71,75
"791",718,1,5466,1,71,73,78
"792",836,1,3818,1,68,70,75
"793",1728,1,2145,1,68,70,76
"794",1799,1,8687,1,68,69,75
"795",2067,1,11187,1,71,73,77
"796",2463,1,4260,1,67,69,75
"797",2642,1,518,1,71,73,78
"798",2882,1,9248,1,71,73,77
"799",3127,1,2285,1,69,70,74
"800",3872,1,9979,1,70,73,78
"801",4084,1,6184,1,67,69,74
"802",4179,1,7846,1,67,70,77
"803",4227,1,2196,1,72,73,79
"804",4675,1,3023,1,69,71,76
"805",4757,1,10683,1,71,73,76
"806",5299,1,875,1,67,69,75
"807",5371,1,6859,1,67,70,75
"808",5435,1,10071,1,68,70,75
"809",5787,1,5299,1,70,71,80
"810",5955,1,6275,1,70,72,78
"811",6235,1,2908,1,67,69,74
"812",7010,1,4883,1,68,69,74
"813",7197,1,4376,1,70,72,76
"814",7774,1,5941,1,68,70,75
"815",9655,1,10475,1,71,73,80
"816",10093,1,7672,1,70,71,76
"817",10331,1,8451,1,65,67,75
"818",10627,1,4179,1,71,73,78
"819",11078,1,1416,1,67,70,75
"820",11394,1,8935,1,69,71,77
"821",1260,1,7486,1,70,73,79
"822",2254,1,4778,1,66,69,75
"823",3827,1,11046,1,73,74,79
"824",4396,1,11444,1,73,74,80
"825",5284,1,3680,1,70,72,76
"826",6722,1,4539,1,68,70,75
"827",7290,1,5077,1,70,72,77
"828",7760,1,920,1,71,72,78
"829",7947,1,7672,1,69,71,77
"830",7993,1,10331,1,69,72,77
"831",8005,1,1504,1,72,73,77
"832",8191,1,9149,1,69,71,76
"833",8461,1,3461,1,71,74,80
"834",8536,1,5299,1,71,73,77
"835",10044,1,8246,1,69,71,78
"836",10383,1,6859,1,67,70,76
"837",10455,1,875,1,67,70,76
"838",10728,1,6722,1,71,73,78
"839",10998,1,10455,1,73,74,79
"840",11289,1,9219,1,70,71,76
"841",554,1,8074,1,70,71,76
"842",833,1,8177,1,71,72,77
"843",847,1,5955,1,74,75,82
"844",1243,1,7290,1,73,74,78
"845",1353,1,7947,1,72,74,78
"846",2353,1,4587,1,72,74,78
"847",2772,1,2738,1,68,71,76
"848",2965,1,2859,1,72,73,77
"849",3582,1,3099,1,67,68,76
"850",3948,1,833,1,73,74,80
"851",4116,1,5947,1,73,75,79
"852",4502,1,6127,1,70,71,76
"853",4587,1,989,1,68,71,77
"854",5143,1,638,1,68,70,77
"855",5184,1,7628,1,71,72,77
"856",6019,1,11324,1,74,75,80
"857",6387,1,8074,1,70,71,78
"858",6652,1,1050,1,72,74,78
"859",6935,1,3279,1,70,71,77
"860",7603,1,1322,1,73,75,80
"861",7615,1,3604,1,69,71,76
"862",7670,1,6439,1,72,74,80
"863",7717,1,2768,1,72,75,79
"864",7830,1,8191,1,72,74,78
"865",7984,1,10416,1,68,72,77
"866",8040,1,7930,1,72,75,80
"867",8342,1,10455,1,71,72,78
"868",9445,1,855,1,71,74,79
"869",9624,1,9681,1,67,69,77
"870",10108,1,7010,1,72,74,78
"871",10283,1,4778,1,65,67,76
"872",11022,1,5143,1,71,74,80
"873",265,1,8055,1,74,75,80
"874",298,1,10495,1,70,75,81
"875",471,1,1307,1,68,71,78
"876",1322,1,1531,1,71,72,78
"877",1386,1,2906,1,73,74,80
"878",1622,1,9219,1,72,73,78
"879",1995,1,9286,1,70,72,78
"880",2128,1,2487,1,72,74,77
"881",2678,1,3127,1,72,75,82
"882",3122,1,3461,1,71,73,80
"883",3487,1,612,1,73,75,80
"884",4338,1,8191,1,72,75,79
"885",4486,1,1540,1,74,75,79
"886",4742,1,2463,1,70,71,77
"887",4890,1,2025,1,72,73,79
"888",4921,1,2971,1,73,75,81
"889",5069,1,612,1,73,75,81
"890",5619,1,5787,1,73,75,81
"891",5710,1,4807,1,71,72,77
"892",6397,1,2772,1,72,74,79
"893",6492,1,920,1,71,72,77
"894",6496,1,314,1,73,76,84
"895",6804,1,11289,1,72,73,78
"896",7035,1,1115,1,74,76,80
"897",7207,1,7831,1,69,71,77
"898",7401,1,7197,1,74,76,81
"899",7587,1,2294,1,72,74,79
"900",7653,1,2254,1,74,76,80
"901",7941,1,5787,1,73,75,81
"902",8062,1,7947,1,73,75,83
"903",8555,1,10383,1,71,73,80
"904",8667,1,6722,1,71,75,79
"905",9037,1,6722,1,71,73,79
"906",9118,1,920,1,71,73,77
"907",9418,1,7655,1,69,73,79
"908",10198,1,1810,1,72,75,80
"909",10249,1,8985,1,72,74,79
"910",10654,1,989,1,70,72,78
"911",10788,1,3604,1,69,72,78
"912",10815,1,10070,1,70,73,80
"913",10828,1,10331,1,70,72,78
"914",10836,1,1728,1,72,74,80
"915",11324,1,5787,1,72,73,78
"916",11360,1,10837,1,69,71,80
"917",181,1,10627,1,75,77,82
"918",445,1,10093,1,72,74,80
"919",509,1,7655,1,70,72,78
"920",612,1,7010,1,70,72,79
"921",635,1,7207,1,73,75,81
"922",658,1,2882,1,74,75,79
"923",792,1,11022,1,74,75,82
"924",1112,1,8536,1,74,76,83
"925",1115,1,2768,1,72,73,79
"926",1225,1,4675,1,72,74,79
"927",1821,1,9418,1,75,77,85
"928",1853,1,8342,1,73,75,82
"929",2341,1,10044,1,73,74,80
"930",2445,1,5710,1,73,76,83
"931",2575,1,9285,1,69,74,78
"932",2792,1,7774,1,71,72,78
"933",2956,1,5299,1,72,73,80
"934",2981,1,8055,1,74,75,80
"935",3469,1,5955,1,75,76,83
"936",3479,1,2971,1,73,76,81
"937",3541,1,989,1,69,72,78
"938",3879,1,2067,1,74,76,80
"939",4335,1,836,1,72,73,78
"940",4643,1,7615,1,73,75,79
"941",5026,1,7615,1,73,77,82
"942",5947,1,10887,1,69,72,79
"943",6924,1,6580,1,73,75,80
"944",7008,1,7464,1,76,77,82
"945",7078,1,3650,1,73,77,81
"946",7464,1,10627,1,74,75,79
"947",7806,1,855,1,73,74,79
"948",8003,1,7615,1,72,73,80
"949",8007,1,8246,1,71,73,80
"950",8055,1,10070,1,68,72,78
"951",8060,1,4883,1,69,72,78
"952",8980,1,10128,1,74,76,80
"953",9548,1,7010,1,70,72,78
"954",10914,1,5371,1,72,73,79
"955",11054,1,1622,1,74,76,82
"956",143,1,7628,1,71,73,79
"957",447,1,1260,1,74,75,80
"958",812,1,518,1,72,74,80
"959",1745,1,314,1,72,74,81
"960",2344,1,7628,1,72,73,79
"961",2510,1,2792,1,74,76,82
"962",2677,1,1322,1,73,74,79
"963",2971,1,8693,1,70,72,79
"964",3776,1,11046,1,73,74,80
"965",4499,1,8040,1,76,78,83
"966",4504,1,1225,1,75,76,80
"967",4846,1,4921,1,77,78,83
"968",5637,1,10788,1,74,76,80
"969",5659,1,3827,1,75,77,83
"970",6018,1,10249,1,77,78,83
"971",6758,1,2882,1,74,76,82
"972",6818,1,6492,1,74,76,80
"973",6940,1,855,1,72,74,79
"974",7219,1,10788,1,74,75,82
"975",7390,1,1353,1,76,77,82
"976",7651,1,5435,1,73,76,80
"977",8533,1,11324,1,74,76,80
"978",8616,1,2981,1,76,78,83
"979",9114,1,7993,1,76,78,84
"980",9250,1,2373,1,72,76,80
"981",9315,1,3122,1,74,77,81
"982",9361,1,3479,1,77,78,84
"983",10042,1,6982,1,73,77,84
"984",10128,1,8985,1,72,73,79
"985",10259,1,8980,1,77,78,85
"986",10280,1,1386,1,75,76,80
"987",10831,1,5184,1,75,78,81
"988",861,1,2882,1,74,76,80
"989",870,1,4486,1,77,78,86
"990",1043,1,10280,1,77,79,86
"991",1163,1,8228,1,78,79,85
"992",1540,1,3461,1,71,74,80
"993",1574,1,9548,1,74,77,83
"994",1722,1,10828,1,76,78,84
"995",2679,1,3680,1,71,73,80
"996",3521,1,4781,1,77,79,84
"997",4320,1,6081,1,77,79,84
"998",4781,1,554,1,73,76,81
"999",5130,1,6898,1,77,78,83
"1000",5352,1,4227,1,74,75,82
"1001",6090,1,7653,1,78,79,84
"1002",6884,1,9219,1,75,79,84
"1003",7249,1,10815,1,74,76,81
"1004",7406,1,1112,1,77,78,84
"1005",7721,1,4675,1,73,76,81
"1006",7747,1,8461,1,75,76,80
"1007",8041,1,10627,1,74,77,84
"1008",8120,1,8533,1,77,78,83
"1009",8399,1,5194,1,76,77,82
"1010",8508,1,2353,1,75,79,84
"1011",8739,1,1622,1,74,75,80
"1012",9040,1,2971,1,73,75,81
"1013",9160,1,6408,1,77,79,85
"1014",9740,1,10044,1,75,77,84
"1015",9742,1,10455,1,71,74,80
"1016",10356,1,1420,1,78,79,83
"1017",10410,1,8555,1,75,78,81
"1018",10702,1,1243,1,74,76,85
"1019",10967,1,7670,1,76,78,83
"1020",51,1,10160,1,77,80,86
"1021",496,1,5619,1,76,78,84
"1022",735,1,1243,1,75,77,82
"1023",825,1,7219,1,76,80,86
"1024",1638,1,658,1,76,79,83
"1025",1700,1,5997,1,78,80,85
"1026",1883,1,7636,1,77,78,83
"1027",2336,1,7035,1,77,79,85
"1028",2519,1,7721,1,78,79,83
"1029",3395,1,7760,1,74,76,81
"1030",3527,1,9315,1,77,79,83
"1031",3942,1,4921,1,76,77,83
"1032",4222,1,1225,1,76,78,84
"1033",4310,1,5294,1,78,80,85
"1034",4560,1,10815,1,76,79,84
"1035",6081,1,1115,1,74,77,85
"1036",6238,1,5130,1,79,80,84
"1037",6408,1,9778,1,74,76,81
"1038",6429,1,8007,1,74,75,83
"1039",6580,1,5143,1,72,73,82
"1040",7347,1,3776,1,75,77,83
"1041",7636,1,11444,1,74,76,82
"1042",7696,1,10391,1,79,80,85
"1043",7981,1,687,1,79,80,85
"1044",8025,1,10160,1,77,79,85
"1045",9047,1,9315,1,78,80,86
"1046",9358,1,8739,1,77,79,83
"1047",9535,1,8040,1,76,77,82
"1048",10047,1,861,1,77,78,83
"1049",10160,1,7197,1,74,76,83
"1050",10252,1,6652,1,76,78,82
"1051",10674,1,1112,1,77,78,83
"1052",10699,1,10914,1,74,76,81
"1053",10965,1,4504,1,79,80,87
"1054",11199,1,9742,1,74,78,83
"1055",11223,1,10998,1,75,79,86
"1056",11349,1,8177,1,72,75,82
"1057",80,1,6258,1,77,78,86
"1058",166,1,6019,1,77,79,83
"1059",286,1,6818,1,78,81,86
"1060",413,1,265,1,78,80,87
"1061",585,1,10836,1,75,77,84
"1062",589,1,9497,1,78,81,85
"1063",1303,1,1812,1,79,80,83
"1064",1420,1,6818,1,77,78,82
"1065",1812,1,1386,1,75,78,83
"1066",1905,1,5130,1,79,80,85
"1067",3597,1,3776,1,76,79,84
"1068",3622,1,10699,1,77,80,85
"1069",3661,1,1574,1,78,79,84
"1070",3747,1,4757,1,74,77,82
"1071",4031,1,3776,1,76,79,87
"1072",4215,1,4870,1,74,76,83
"1073",4237,1,7587,1,75,79,84
"1074",4268,1,10654,1,74,77,83
"1075",4507,1,7390,1,77,80,85
"1076",5194,1,7268,1,74,75,82
"1077",5294,1,2981,1,76,77,82
"1078",5756,1,1622,1,76,78,83
"1079",5915,1,7078,1,78,81,86
"1080",5933,1,9535,1,79,81,86
"1081",5997,1,812,1,76,78,83
"1082",6258,1,554,1,72,76,83
"1083",6263,1,5069,1,76,79,85
"1084",6898,1,10788,1,73,75,84
"1085",7630,1,3776,1,76,78,85
"1086",7753,1,4396,1,75,78,84
"1087",7793,1,9535,1,77,79,83
"1088",8228,1,10108,1,76,77,83
"1089",8550,1,1638,1,80,81,85
"1090",8601,1,11054,1,78,80,84
"1091",8722,1,9037,1,77,78,85
"1092",9153,1,1353,1,77,78,85
"1093",9697,1,8616,1,79,81,87
"1094",9749,1,5352,1,77,79,83
"1095",10052,1,4502,1,74,77,82
"1096",242,1,1700,1,81,82,89
"1097",687,1,5787,1,73,77,83
"1098",994,1,4031,1,79,82,88
"1099",1253,1,3087,1,74,80,85
"1100",1300,1,3747,1,78,79,85
"1101",1415,1,447,1,77,78,85
"1102",1601,1,10259,1,79,82,86
"1103",2957,1,7636,1,78,80,89
"1104",2962,1,6924,1,76,79,85
"1105",3000,1,9315,1,78,80,86
"1106",3654,1,6758,1,77,80,87
"1107",3705,1,847,1,75,77,83
"1108",3863,1,11299,1,80,81,87
"1109",4295,1,5637,1,79,82,86
"1110",4631,1,6652,1,75,77,83
"1111",6214,1,735,1,78,80,86
"1112",6252,1,10741,1,79,80,84
"1113",6513,1,4320,1,80,81,89
"1114",6710,1,4560,1,80,82,88
"1115",6766,1,3879,1,77,79,83
"1116",6811,1,166,1,80,81,86
"1117",6986,1,5194,1,76,78,85
"1118",7528,1,10998,1,74,78,84
"1119",7987,1,6940,1,76,78,83
"1120",8092,1,9250,1,77,78,85
"1121",8376,1,5026,1,78,79,85
"1122",8823,1,298,1,76,77,84
"1123",9034,1,7008,1,79,80,84
"1124",9179,1,5294,1,78,81,86
"1125",9291,1,10391,1,80,82,86
"1126",9497,1,812,1,76,78,83
"1127",9682,1,8092,1,79,82,86
"1128",10391,1,4643,1,77,78,85
"1129",10593,1,9535,1,79,81,86
"1130",11262,1,7390,1,79,80,86
"1131",11299,1,9040,1,78,80,85
"1132",12,1,4499,1,79,81,90
"1133",73,1,3000,1,81,83,89
"1134",969,1,8092,1,80,83,89
"1135",1095,1,6924,1,76,79,84
"1136",1131,1,7249,1,78,81,85
"1137",1321,1,8601,1,81,83,88
"1138",2435,1,10309,1,79,81,87
"1139",2806,1,7981,1,81,82,86
"1140",3282,1,9114,1,79,80,86
"1141",5419,1,2336,1,80,81,86
"1142",5423,1,286,1,81,82,88
"1143",5682,1,7973,1,80,82,86
"1144",5764,1,4268,1,78,80,85
"1145",5992,1,10280,1,79,80,86
"1146",6361,1,6818,1,78,80,87
"1147",6591,1,8722,1,79,80,86
"1148",6735,1,4507,1,81,82,87
"1149",7580,1,7008,1,78,80,86
"1150",7890,1,8980,1,78,80,86
"1151",8604,1,5659,1,80,81,86
"1152",8621,1,6238,1,81,83,86
"1153",8653,1,10252,1,80,82,88
"1154",8817,1,4499,1,79,81,89
"1155",9343,1,9315,1,78,80,86
"1156",9456,1,1812,1,79,81,87
"1157",9544,1,6766,1,81,83,89
"1158",10647,1,3942,1,78,83,89
"1159",10741,1,1853,1,76,77,84
"1160",10899,1,9497,1,80,81,86
"1161",10900,1,10391,1,79,82,87
"1162",10953,1,10249,1,75,78,84
"1163",11051,1,181,1,79,81,85
"1164",11296,1,8040,1,77,80,87
"1165",317,1,5444,1,82,84,89
"1166",384,1,5130,1,81,83,88
"1167",1029,1,3527,1,81,83,87
"1168",1059,1,11223,1,82,84,91
"1169",1144,1,4781,1,78,80,86
"1170",1241,1,9535,1,78,80,85
"1171",1262,1,7981,1,82,84,91
"1172",1454,1,10356,1,80,81,87
"1173",1623,1,7000,1,83,84,92
"1174",1660,1,812,1,75,79,85
"1175",1724,1,4781,1,77,81,86
"1176",1800,1,7840,1,82,84,90
"1177",2020,1,9456,1,83,84,91
"1178",2121,1,735,1,79,81,87
"1179",2815,1,9037,1,76,80,85
"1180",2886,1,8980,1,78,82,88
"1181",2888,1,5524,1,82,84,90
"1182",3559,1,2519,1,81,83,88
"1183",3944,1,10831,1,79,80,85
"1184",4676,1,3395,1,80,82,89
"1185",4723,1,8120,1,81,82,87
"1186",4761,1,5756,1,80,82,87
"1187",4792,1,4320,1,82,84,90
"1188",5073,1,4631,1,78,79,85
"1189",5349,1,6429,1,79,81,88
"1190",5444,1,496,1,80,81,85
"1191",5748,1,1144,1,81,83,88
"1192",5782,1,10042,1,78,81,86
"1193",6033,1,8627,1,82,84,88
"1194",6287,1,6591,1,80,81,87
"1195",6355,1,3282,1,80,83,87
"1196",7840,1,585,1,80,82,86
"1197",7956,1,3944,1,82,83,89
"1198",7973,1,8722,1,79,80,85
"1199",8111,1,1382,1,80,81,86
"1200",8173,1,5419,1,83,84,90
"1201",8209,1,286,1,81,84,89
"1202",9260,1,9034,1,81,82,88
"1203",10305,1,6513,1,82,84,89
"1204",10309,1,2677,1,75,79,85
"1205",10440,1,5069,1,78,79,87
"1206",10889,1,8111,1,83,84,87
"1207",10987,1,2028,1,82,84,88
"1208",11239,1,8092,1,79,82,88
"1209",11376,1,4310,1,81,83,88
"1210",501,1,7890,1,81,83,90
"1211",753,1,3527,1,81,84,91
"1212",1101,1,8604,1,82,84,91
"1213",1382,1,7670,1,76,79,87
"1214",1395,1,1905,1,83,85,90
"1215",1597,1,7696,1,81,84,90
"1216",1893,1,825,1,82,83,88
"1217",2028,1,5130,1,79,81,86
"1218",2043,1,8550,1,82,83,87
"1219",2115,1,8376,1,81,85,90
"1220",3534,1,7670,1,79,82,88
"1221",3706,1,9414,1,84,85,90
"1222",3902,1,1241,1,80,82,89
"1223",4229,1,51,1,82,84,93
"1224",4269,1,5682,1,83,85,91
"1225",4680,1,80,1,79,80,88
"1226",4813,1,9697,1,83,85,90
"1227",5091,1,1300,1,80,81,87
"1228",5100,1,3534,1,83,85,89
"1229",5108,1,1241,1,81,84,87
"1230",5264,1,7347,1,78,81,86
"1231",5275,1,6238,1,82,83,87
"1232",5524,1,8399,1,78,80,86
"1233",5580,1,10391,1,80,82,86
"1234",5663,1,4761,1,83,84,89
"1235",5705,1,8817,1,82,84,88
"1236",6303,1,12,1,83,85,93
"1237",6763,1,9343,1,82,84,89
"1238",6906,1,9371,1,83,85,92
"1239",7000,1,8025,1,80,81,88
"1240",7295,1,1454,1,82,84,89
"1241",7468,1,8709,1,83,84,88
"1242",7664,1,3559,1,83,84,90
"1243",8221,1,10259,1,80,82,86
"1244",8308,1,10259,1,81,82,87
"1245",8352,1,6252,1,81,84,90
"1246",8366,1,11296,1,82,85,91
"1247",8378,1,4560,1,80,81,86
"1248",8712,1,210,1,82,83,88
"1249",9975,1,1700,1,81,82,86
"1250",11055,1,3000,1,83,85,91
"1251",82,1,1660,1,80,83,88
"1252",326,1,8817,1,83,84,89
"1253",578,1,7793,1,81,82,87
"1254",620,1,2435,1,82,85,90
"1255",1854,1,1131,1,82,83,87
"1256",2441,1,82,1,84,86,92
"1257",2588,1,11299,1,82,84,88
"1258",2876,1,1601,1,83,84,89
"1259",2972,1,10965,1,82,84,88
"1260",3388,1,6766,1,81,84,90
"1261",3427,1,5915,1,83,85,89
"1262",3432,1,501,1,84,86,90
"1263",4183,1,8817,1,83,84,92
"1264",4192,1,589,1,83,85,89
"1265",4637,1,242,1,83,84,89
"1266",4771,1,6758,1,79,82,88
"1267",4965,1,10965,1,82,86,91
"1268",5480,1,6948,1,84,86,91
"1269",5777,1,6811,1,83,86,92
"1270",5863,1,9895,1,84,86,91
"1271",6220,1,242,1,83,84,92
"1272",6224,1,501,1,84,86,90
"1273",7424,1,8709,1,83,84,89
"1274",7592,1,5349,1,83,85,90
"1275",7597,1,8621,1,84,86,92
"1276",7610,1,4237,1,82,83,89
"1277",7742,1,4637,1,84,85,89
"1278",7788,1,7000,1,82,84,89
"1279",7832,1,5130,1,79,81,87
"1280",8045,1,8601,1,81,83,87
"1281",8059,1,6986,1,81,85,91
"1282",8568,1,7890,1,81,83,88
"1283",8709,1,7406,1,81,82,87
"1284",8733,1,11376,1,84,85,91
"1285",9094,1,10953,1,80,82,87
"1286",9414,1,6513,1,82,84,91
"1287",9692,1,286,1,82,85,89
"1288",9695,1,7832,1,83,84,89
"1289",9750,1,3747,1,79,82,87
"1290",9790,1,9291,1,84,85,90
"1291",9842,1,8378,1,83,86,92
"1292",9895,1,11262,1,81,83,88
"1293",11228,1,1095,1,81,82,87
"1294",22,1,6033,1,85,87,91
"1295",106,1,1101,1,85,87,92
"1296",210,1,8508,1,80,82,89
"1297",1455,1,4201,1,86,87,92
"1298",1500,1,51,1,82,84,91
"1299",1675,1,5748,1,84,85,91
"1300",2275,1,4031,1,81,85,91
"1301",2418,1,589,1,82,83,89
"1302",2498,1,9414,1,85,87,93
"1303",2596,1,8111,1,84,87,92
"1304",2599,1,10047,1,81,83,88
"1305",2654,1,10309,1,81,83,88
"1306",2718,1,6591,1,82,84,88
"1307",2943,1,4295,1,85,87,93
"1308",3609,1,8604,1,84,86,91
"1309",3691,1,5444,1,82,84,90
"1310",3707,1,6361,1,81,82,88
"1311",5057,1,3655,1,84,85,90
"1312",5496,1,9414,1,85,87,95
"1313",5820,1,2435,1,82,84,88
"1314",6071,1,8045,1,84,85,91
"1315",6169,1,10900,1,83,86,92
"1316",6558,1,4295,1,84,86,90
"1317",6599,1,5444,1,83,85,92
"1318",6857,1,6355,1,85,87,93
"1319",6893,1,8221,1,84,86,90
"1320",6948,1,9343,1,81,83,88
"1321",7264,1,3521,1,80,84,88
"1322",7405,1,8366,1,85,86,92
"1323",7690,1,9094,1,83,86,91
"1324",8124,1,5748,1,83,85,90
"1325",8627,1,3479,1,77,80,89
"1326",8918,1,2435,1,82,84,90
"1327",9026,1,9221,1,85,87,92
"1328",9087,1,5799,1,84,86,91
"1329",9221,1,8550,1,81,83,89
"1330",9393,1,10259,1,81,83,90
"1331",9571,1,7000,1,82,84,90
"1332",9583,1,10647,1,84,86,92
"1333",9623,1,1059,1,85,86,91
"1334",10139,1,6361,1,82,85,91
"1335",10386,1,4761,1,84,86,90
"1336",11079,1,8627,1,82,86,91
"1337",238,1,8092,1,80,84,89
"1338",333,1,1029,1,84,85,89
"1339",371,1,7987,1,80,83,89
"1340",686,1,10960,1,86,88,92
"1341",797,1,5933,1,84,85,92
"1342",877,1,8221,1,83,86,92
"1343",951,1,3944,1,82,85,90
"1344",1207,1,6033,1,85,88,94
"1345",1376,1,6579,1,87,88,92
"1346",1405,1,994,1,82,84,89
"1347",1823,1,6893,1,87,88,94
"1348",1827,1,8209,1,86,87,92
"1349",2330,1,4201,1,85,87,92
"1350",2346,1,9750,1,83,84,91
"1351",2447,1,4295,1,83,87,94
"1352",2750,1,8045,1,84,85,91
"1353",3234,1,7788,1,85,87,93
"1354",3366,1,4507,1,82,84,89
"1355",3593,1,8601,1,83,84,89
"1356",3633,1,10900,1,85,87,92
"1357",3655,1,11051,1,81,83,89
"1358",3762,1,2654,1,83,86,91
"1359",4106,1,7592,1,86,88,93
"1360",4201,1,10900,1,83,84,89
"1361",4443,1,11228,1,83,85,89
"1362",4898,1,58,1,87,88,93
"1363",5454,1,8267,1,84,87,95
"1364",5586,1,7117,1,85,87,91
"1365",5864,1,7592,1,86,88,93
"1366",6103,1,2654,1,85,88,93
"1367",6380,1,166,1,82,85,90
"1368",6697,1,6906,1,87,88,93
"1369",6874,1,7832,1,82,84,89
"1370",7117,1,6214,1,82,84,90
"1371",7659,1,7528,1,83,84,89
"1372",7718,1,8366,1,85,87,92
"1373",9198,1,371,1,85,86,91
"1374",10250,1,1893,1,84,86,89
"1375",10258,1,6874,1,85,86,92
"1376",10763,1,9899,1,86,87,92
"1377",10841,1,9678,1,87,88,95
"1378",10884,1,6874,1,85,87,94
"1379",10960,1,8817,1,82,84,91
"1380",11024,1,11228,1,85,87,93
"1381",11052,1,6710,1,83,85,90
"1382",11165,1,22,1,87,88,93
"1383",11206,1,6735,1,86,88,95
"1384",11231,1,1276,1,87,88,93
"1385",58,1,8209,1,85,86,91
"1386",109,1,6874,1,86,88,92
"1387",740,1,9692,1,88,89,94
"1388",942,1,4761,1,83,85,91
"1389",974,1,238,1,84,87,92
"1390",998,1,3534,1,83,86,90
"1391",1145,1,1321,1,86,89,93
"1392",1228,1,3902,1,84,86,93
"1393",1672,1,11228,1,83,86,91
"1394",1772,1,10900,1,84,85,90
"1395",2189,1,5091,1,83,85,90
"1396",2537,1,8568,1,85,89,94
"1397",2947,1,5838,1,87,89,94
"1398",3051,1,8604,1,82,83,91
"1399",4382,1,10899,1,83,86,92
"1400",4908,1,6735,1,84,86,92
"1401",4960,1,4443,1,86,88,94
"1402",5799,1,4310,1,81,83,90
"1403",5838,1,589,1,83,86,92
"1404",5853,1,3691,1,88,89,95
"1405",6098,1,7840,1,83,85,90
"1406",6219,1,2115,1,87,88,96
"1407",6579,1,9260,1,84,86,91
"1408",7327,1,7746,1,85,87,92
"1409",7746,1,5782,1,82,85,91
"1410",8212,1,8111,1,82,85,91
"1411",8220,1,9071,1,88,89,93
"1412",8267,1,1095,1,82,83,90
"1413",8317,1,951,1,87,89,95
"1414",8490,1,9750,1,84,86,90
"1415",8510,1,3633,1,87,89,94
"1416",8625,1,9740,1,81,84,90
"1417",8896,1,6857,1,88,89,94
"1418",9111,1,1253,1,84,86,90
"1419",9371,1,8228,1,80,82,90
"1420",9372,1,4792,1,86,88,94
"1421",9524,1,58,1,87,89,93
"1422",9646,1,6906,1,88,89,94
"1423",9678,1,8366,1,86,87,93
"1424",9785,1,7270,1,87,89,94
"1425",10020,1,9750,1,84,86,90
"1426",10156,1,2888,1,86,89,94
"1427",10827,1,4382,1,87,88,93
"1428",10876,1,6591,1,81,85,90
"1429",10939,1,5580,1,84,86,92
"1430",11265,1,2275,1,86,88,92
"1431",130,1,7405,1,87,89,94
"1432",417,1,2886,1,87,88,96
"1433",568,1,2249,1,88,89,94
"1434",1276,1,11239,1,84,85,91
"1435",2249,1,10876,1,86,87,93
"1436",2366,1,10841,1,89,90,96
"1437",2817,1,4965,1,87,90,96
"1438",3044,1,4280,1,89,90,95
"1439",3384,1,2447,1,88,89,93
"1440",3607,1,8568,1,84,87,93
"1441",3724,1,2115,1,87,88,93
"1442",3737,1,5349,1,82,84,91
"1443",3803,1,4463,1,89,90,95
"1444",3828,1,4813,1,87,88,91
"1445",3831,1,7117,1,85,88,92
"1446",4064,1,9843,1,87,88,95
"1447",4280,1,10386,1,87,89,94
"1448",4463,1,9695,1,86,88,95
"1449",4589,1,8212,1,87,89,95
"1450",4644,1,5782,1,83,85,91
"1451",5061,1,10960,1,86,88,92
"1452",5097,1,7327,1,89,90,95
"1453",5159,1,998,1,87,89,93
"1454",5661,1,3902,1,83,86,91
"1455",5749,1,1854,1,85,87,92
"1456",6585,1,140,1,88,90,94
"1457",6958,1,9179,1,82,86,93
"1458",7270,1,9692,1,86,87,94
"1459",7692,1,2718,1,86,88,94
"1460",7785,1,11080,1,87,90,96
"1461",7789,1,11200,1,87,89,95
"1462",7801,1,2888,1,85,88,93
"1463",8269,1,2275,1,87,88,96
"1464",8300,1,8733,1,86,87,93
"1465",8409,1,9221,1,85,86,91
"1466",8780,1,2418,1,85,88,94
"1467",9071,1,317,1,85,87,91
"1468",9240,1,8045,1,84,86,92
"1469",9712,1,11051,1,82,83,91
"1470",9837,1,4382,1,88,89,94
"1471",9899,1,8601,1,82,85,91
"1472",10285,1,4212,1,89,90,93
"1473",11080,1,8712,1,85,86,91
"1474",11147,1,1500,1,86,89,96
"1475",11191,1,3622,1,82,85,91
"1476",11390,1,5748,1,83,86,91
"1477",140,1,9695,1,85,87,94
"1478",368,1,4459,1,87,89,94
"1479",799,1,8267,1,83,85,92
"1480",916,1,2888,1,85,88,94
"1481",2290,1,620,1,88,90,94
"1482",2730,1,6224,1,87,89,95
"1483",3261,1,1006,1,88,89,94
"1484",3491,1,10939,1,88,91,95
"1485",3701,1,6874,1,86,88,94
"1486",3889,1,1893,1,84,87,93
"1487",4055,1,894,1,89,91,97
"1488",4459,1,7295,1,86,87,92
"1489",4544,1,7690,1,87,89,94
"1490",4566,1,11191,1,88,91,96
"1491",4668,1,6644,1,87,89,94
"1492",5536,1,4064,1,89,91,96
"1493",5657,1,8209,1,87,89,93
"1494",5708,1,1029,1,85,87,93
"1495",5983,1,2886,1,85,86,92
"1496",6406,1,11024,1,89,91,97
"1497",6485,1,1144,1,81,86,92
"1498",6644,1,3737,1,85,87,92
"1499",7195,1,4382,1,87,89,95
"1500",7457,1,2135,1,89,90,95
"1501",7680,1,6579,1,87,91,96
"1502",7741,1,1827,1,88,89,94
"1503",8215,1,2249,1,88,90,94
"1504",9078,1,4443,1,86,88,92
"1505",9241,1,9071,1,88,91,96
"1506",9370,1,4297,1,88,90,95
"1507",9631,1,951,1,86,89,93
"1508",10532,1,686,1,90,91,95
"1509",10749,1,9899,1,86,87,94
"1510",11003,1,6103,1,89,91,96
"1511",11214,1,5838,1,87,89,95
"1512",11365,1,6948,1,84,86,92
"1513",416,1,11191,1,86,88,95
"1514",559,1,1376,1,90,92,98
"1515",1006,1,3706,1,87,88,94
"1516",1591,1,6744,1,90,92,99
"1517",1933,1,620,1,87,90,96
"1518",2085,1,6585,1,90,91,95
"1519",2087,1,8317,1,90,92,99
"1520",2089,1,333,1,87,89,94
"1521",2118,1,6098,1,86,88,94
"1522",2295,1,3701,1,89,92,99
"1523",2470,1,11265,1,90,92,99
"1524",2789,1,9554,1,90,92,97
"1525",2810,1,5661,1,88,89,94
"1526",3114,1,242,1,88,91,96
"1527",3649,1,3113,1,90,91,98
"1528",3666,1,9692,1,87,88,94
"1529",3798,1,368,1,90,91,96
"1530",4212,1,11228,1,85,88,96
"1531",4297,1,3534,1,83,86,93
"1532",4611,1,6209,1,88,89,94
"1533",5205,1,2537,1,90,92,99
"1534",5464,1,9238,1,90,92,97
"1535",5602,1,11052,1,86,88,94
"1536",5776,1,9087,1,89,91,96
"1537",6159,1,8896,1,90,91,98
"1538",6209,1,2599,1,85,87,93
"1539",6310,1,9524,1,90,91,95
"1540",6611,1,1500,1,85,87,93
"1541",6832,1,4644,1,86,87,94
"1542",6869,1,4463,1,90,92,97
"1543",7156,1,5838,1,86,88,94
"1544",7202,1,1276,1,88,90,94
"1545",7328,1,6763,1,87,88,93
"1546",7377,1,3607,1,89,91,95
"1547",7443,1,7117,1,88,90,95
"1548",8423,1,9240,1,88,90,97
"1549",9335,1,2596,1,89,91,96
"1550",9346,1,7741,1,90,92,97
"1551",9722,1,333,1,86,87,93
"1552",9901,1,1827,1,89,91,94
"1553",10382,1,1006,1,89,92,99
"1554",10766,1,2765,1,88,91,96
"1555",11158,1,10156,1,90,92,96
"1556",11200,1,238,1,85,86,93
"1557",11441,1,7597,1,87,89,95
"1558",177,1,1823,1,89,91,96
"1559",328,1,4668,1,91,92,97
"1560",894,1,3691,1,86,88,95
"1561",1123,1,4064,1,90,91,95
"1562",1312,1,9843,1,90,91,100
"1563",1329,1,1284,1,92,93,98
"1564",1512,1,8269,1,88,91,99
"1565",1571,1,3691,1,85,88,94
"1566",1739,1,8918,1,87,89,94
"1567",1758,1,9790,1,86,88,94
"1568",2135,1,6169,1,86,88,94
"1569",2257,1,9785,1,90,93,100
"1570",2467,1,5454,1,87,90,95
"1571",2765,1,2599,1,86,87,94
"1572",3206,1,2537,1,91,93,99
"1573",3319,1,1893,1,84,88,95
"1574",4186,1,5100,1,86,89,94
"1575",5281,1,4668,1,90,93,99
"1576",6379,1,11441,1,91,92,97
"1577",6480,1,2156,1,91,93,98
"1578",6744,1,6303,1,88,89,97
"1579",7061,1,4382,1,88,89,94
"1580",7244,1,5657,1,90,92,97
"1581",7346,1,4186,1,91,92,97
"1582",7442,1,3044,1,92,93,99
"1583",7609,1,3706,1,86,88,94
"1584",7899,1,8780,1,90,92,96
"1585",8204,1,8300,1,89,91,96
"1586",8798,1,5983,1,86,92,97
"1587",9238,1,2447,1,88,89,96
"1588",9554,1,7789,1,89,90,95
"1589",9792,1,5749,1,90,93,98
"1590",9810,1,130,1,90,92,98
"1591",9884,1,7785,1,91,93,99
"1592",9902,1,5863,1,87,90,96
"1593",9923,1,5057,1,87,90,95
"1594",10245,1,2888,1,85,89,94
"1595",10373,1,11390,1,88,91,97
"1596",10571,1,10386,1,88,90,95
"1597",11240,1,3803,1,90,93,98
"1598",11305,1,1933,1,91,93,97
"1599",11425,1,4382,1,87,90,95
"1600",358,1,5863,1,87,90,95
"1601",364,1,3607,1,89,91,97
"1602",777,1,10749,1,88,90,97
"1603",1284,1,2498,1,89,91,95
"1604",1445,1,4382,1,88,90,97
"1605",1522,1,1964,1,93,94,99
"1606",1548,1,333,1,87,90,95
"1607",1840,1,177,1,93,94,98
"1608",1964,1,8409,1,90,92,98
"1609",2075,1,140,1,89,92,95
"1610",2150,1,358,1,92,93,99
"1611",2298,1,187,1,92,93,100
"1612",2328,1,6744,1,90,91,95
"1613",2416,1,10245,1,89,92,96
"1614",2617,1,9372,1,89,93,99
"1615",2877,1,5708,1,88,91,95
"1616",3113,1,6958,1,87,89,95
"1617",3126,1,9238,1,91,93,100
"1618",3285,1,10827,1,90,92,98
"1619",3391,1,9370,1,91,93,102
"1620",3477,1,2537,1,91,93,97
"1621",3791,1,3607,1,89,90,95
"1622",3819,1,797,1,89,91,96
"1623",4319,1,4908,1,89,90,95
"1624",4429,1,4382,1,89,90,96
"1625",4559,1,130,1,91,93,101
"1626",4685,1,6310,1,92,94,99
"1627",4904,1,2810,1,90,92,99
"1628",5168,1,7692,1,89,92,98
"1629",5347,1,5661,1,88,91,98
"1630",5428,1,2730,1,90,94,99
"1631",5473,1,11052,1,88,90,95
"1632",5624,1,5097,1,91,94,99
"1633",5689,1,9678,1,88,91,98
"1634",6107,1,10763,1,89,94,99
"1635",6195,1,5602,1,90,91,97
"1636",6463,1,4192,1,88,90,95
"1637",6637,1,2156,1,91,93,99
"1638",6796,1,4637,1,86,91,95
"1639",6886,1,10827,1,89,91,97
"1640",7070,1,10888,1,92,94,99
"1641",7169,1,4106,1,90,92,97
"1642",7331,1,11441,1,90,91,96
"1643",7385,1,9071,1,89,91,95
"1644",7422,1,4297,1,89,90,95
"1645",7502,1,140,1,89,91,96
"1646",7543,1,1207,1,89,91,96
"1647",7807,1,3319,1,90,91,95
"1648",8252,1,9678,1,89,91,97
"1649",8286,1,8962,1,91,93,100
"1650",8417,1,8269,1,90,92,98
"1651",8566,1,2330,1,88,90,96
"1652",8613,1,11265,1,88,93,99
"1653",8856,1,2537,1,91,92,97
"1654",8962,1,686,1,90,91,97
"1655",8970,1,3234,1,89,92,97
"1656",9349,1,9524,1,89,91,96
"1657",9394,1,9554,1,91,92,96
"1658",9843,1,9414,1,84,87,95
"1659",9859,1,130,1,89,91,98
"1660",9872,1,9524,1,91,93,97
"1661",10007,1,6169,1,89,91,95
"1662",10196,1,877,1,88,90,95
"1663",10420,1,11265,1,89,91,96
"1664",10658,1,11191,1,88,90,95
"1665",10665,1,11265,1,89,94,100
"1666",10797,1,2596,1,89,90,95
"1667",10888,1,1803,1,91,92,98
"1668",11006,1,4429,1,92,94,99
"1669",11010,1,8300,1,89,91,96
"1670",288,1,9524,1,90,92,96
"1671",387,1,3791,1,91,93,99
"1672",398,1,5473,1,91,94,101
"1673",531,1,9386,1,93,95,100
"1674",1077,1,3384,1,91,94,99
"1675",1410,1,4589,1,91,93,99
"1676",1605,1,9678,1,90,91,96
"1677",1645,1,4544,1,91,94,99
"1678",1803,1,1276,1,89,90,97
"1679",1975,1,5657,1,91,92,97
"1680",2046,1,1445,1,92,94,100
"1681",2156,1,6893,1,87,90,96
"1682",2325,1,8220,1,90,92,96
"1683",2388,1,6637,1,94,95,99
"1684",2652,1,7061,1,91,93,101
"1685",2721,1,11024,1,87,92,99
"1686",2898,1,11147,1,91,92,98
"1687",3439,1,1145,1,90,91,97
"1688",3766,1,11158,1,93,95,100
"1689",3824,1,11231,1,90,93,99
"1690",3891,1,1803,1,91,95,100
"1691",3955,1,9335,1,93,94,100
"1692",4806,1,4064,1,90,92,98
"1693",4917,1,740,1,91,93,100
"1694",5157,1,9837,1,89,90,96
"1695",5169,1,7385,1,93,95,101
"1696",5320,1,3491,1,92,94,99
"1697",5427,1,328,1,93,95,99
"1698",5453,1,1739,1,90,91,97
"1699",5631,1,8970,1,93,94,99
"1700",5703,1,4319,1,92,93,98
"1701",5739,1,1284,1,93,95,99
"1702",5857,1,1571,1,89,92,96
"1703",5905,1,3384,1,90,92,97
"1704",5977,1,3384,1,91,92,96
"1705",6000,1,11003,1,92,93,98
"1706",6059,1,740,1,90,91,97
"1707",6535,1,5347,1,93,95,102
"1708",6702,1,559,1,93,94,102
"1709",6838,1,2789,1,94,95,100
"1710",6909,1,6644,1,88,91,97
"1711",6951,1,1739,1,90,91,97
"1712",7003,1,4566,1,92,93,98
"1713",7835,1,4297,1,89,91,96
"1714",7998,1,109,1,90,92,98
"1715",8270,1,368,1,90,93,102
"1716",8825,1,5689,1,92,95,99
"1717",8996,1,7331,1,92,94,99
"1718",8999,1,4668,1,92,94,97
"1719",9192,1,6796,1,92,94,100
"1720",9353,1,2416,1,93,94,100
"1721",9574,1,10007,1,93,95,99
"1722",9687,1,2413,1,94,95,99
"1723",9728,1,9026,1,89,92,96
"1724",9815,1,5703,1,94,95,100
"1725",10290,1,10386,1,87,88,96
"1726",11007,1,5159,1,90,91,97
"1727",11090,1,5205,1,93,94,100
"1728",287,1,11024,1,89,92,98
"1729",339,1,8423,1,91,94,101
"1730",563,1,8215,1,91,92,98
"1731",885,1,5510,1,94,95,100
"1732",1252,1,9394,1,94,95,103
"1733",1349,1,2923,1,94,95,100
"1734",1536,1,9346,1,93,95,99
"1735",2004,1,6951,1,93,94,98
"1736",2100,1,2652,1,94,95,100
"1737",2413,1,4566,1,92,93,97
"1738",2421,1,416,1,90,92,97
"1739",2558,1,2118,1,90,92,98
"1740",2967,1,2150,1,94,96,102
"1741",3107,1,1823,1,89,91,97
"1742",3355,1,10330,1,94,96,101
"1743",3713,1,7502,1,93,95,101
"1744",4126,1,5159,1,92,94,98
"1745",4734,1,5381,1,95,96,103
"1746",4864,1,2295,1,93,95,98
"1747",4887,1,4055,1,92,94,99
"1748",4892,1,9238,1,92,93,99
"1749",5032,1,303,1,93,94,101
"1750",5120,1,5853,1,90,91,97
"1751",5221,1,2249,1,91,93,97
"1752",5289,1,3491,1,92,93,101
"1753",5510,1,1803,1,92,93,98
"1754",5780,1,5776,1,92,94,99
"1755",5830,1,5157,1,90,94,99
"1756",5917,1,8204,1,93,95,101
"1757",6045,1,9646,1,90,93,99
"1758",6350,1,7363,1,94,95,99
"1759",6650,1,1739,1,91,93,97
"1760",7103,1,8970,1,94,95,99
"1761",7150,1,2498,1,89,93,98
"1762",7343,1,5703,1,94,96,100
"1763",7358,1,3819,1,92,94,98
"1764",7359,1,3666,1,89,92,99
"1765",7363,1,9631,1,90,93,99
"1766",7369,1,10245,1,90,92,98
"1767",7579,1,2789,1,95,96,101
"1768",7646,1,2652,1,94,95,103
"1769",7779,1,11301,1,95,96,103
"1770",7951,1,10749,1,90,91,97
"1771",8021,1,6869,1,93,95,100
"1772",8195,1,2298,1,94,95,103
"1773",8428,1,4604,1,94,96,99
"1774",8448,1,2135,1,90,91,98
"1775",8747,1,1077,1,95,96,103
"1776",9386,1,4544,1,90,92,97
"1777",9618,1,8733,1,90,91,97
"1778",10238,1,10382,1,92,95,99
"1779",10282,1,1823,1,90,92,100
"1780",10330,1,8423,1,91,93,98
"1781",10392,1,7826,1,95,96,99
"1782",10427,1,10382,1,93,94,102
"1783",10488,1,7443,1,91,92,97
"1784",10717,1,1145,1,90,92,100
"1785",10875,1,8220,1,92,96,100
"1786",10932,1,1145,1,89,91,97
"1787",11088,1,2421,1,93,96,102
"1788",11285,1,2817,1,93,94,97
"1789",72,1,285,1,95,96,100
"1790",162,1,5318,1,94,96,100
"1791",187,1,11265,1,89,91,98
"1792",731,1,7169,1,94,97,103
"1793",1191,1,9335,1,92,94,98
"1794",1198,1,6951,1,92,95,99
"1795",1472,1,9923,1,92,93,101
"1796",1514,1,563,1,93,94,101
"1797",1610,1,5428,1,94,95,101
"1798",1746,1,8448,1,93,96,101
"1799",1867,1,9554,1,91,92,98
"1800",2321,1,9810,1,93,96,99
"1801",2362,1,6909,1,92,94,99
"1802",2430,1,58,1,88,93,99
"1803",2589,1,777,1,92,94,102
"1804",2784,1,10532,1,92,94,102
"1805",2839,1,9524,1,90,92,98
"1806",2893,1,7543,1,94,95,100
"1807",2917,1,5729,1,96,97,101
"1808",2923,1,10888,1,92,93,98
"1809",3243,1,7807,1,92,94,98
"1810",3356,1,2784,1,95,97,104
"1811",3602,1,9335,1,92,94,98
"1812",3765,1,3391,1,94,96,100
"1813",3838,1,7826,1,96,97,102
"1814",3919,1,8780,1,89,92,99
"1815",3924,1,5347,1,94,97,102
"1816",4133,1,5536,1,93,95,99
"1817",4234,1,8021,1,95,96,100
"1818",4827,1,7442,1,94,96,102
"1819",5599,1,10373,1,92,93,98
"1820",5672,1,7359,1,94,96,102
"1821",6121,1,7785,1,92,94,99
"1822",6793,1,10658,1,91,93,99
"1823",7134,1,4186,1,90,92,98
"1824",7388,1,8798,1,93,95,100
"1825",7521,1,2730,1,90,92,102
"1826",7826,1,10196,1,92,94,101
"1827",8394,1,5169,1,95,96,101
"1828",8671,1,177,1,93,95,99
"1829",9448,1,6585,1,91,93,98
"1830",9770,1,11003,1,92,95,101
"1831",9827,1,8970,1,93,94,98
"1832",9850,1,1329,1,94,95,100
"1833",10072,1,8566,1,91,93,99
"1834",10217,1,7443,1,92,93,98
"1835",10480,1,10717,1,93,96,101
"1836",10487,1,5221,1,93,95,102
"1837",10496,1,5703,1,93,96,101
"1838",10951,1,9902,1,93,94,100
"1839",11301,1,10932,1,92,93,99
"1840",228,1,9192,1,95,97,103
"1841",303,1,4186,1,91,93,99
"1842",574,1,7061,1,91,93,99
"1843",704,1,11240,1,94,96,102
"1844",1125,1,2075,1,92,93,99
"1845",1704,1,387,1,95,97,102
"1846",2593,1,6637,1,94,95,99
"1847",2666,1,10827,1,90,93,100
"1848",2690,1,5510,1,94,96,100
"1849",2836,1,2416,1,93,97,102
"1850",2856,1,10717,1,95,97,103
"1851",3130,1,11003,1,92,94,101
"1852",3837,1,3477,1,94,95,100
"1853",4003,1,5942,1,96,98,105
"1854",4288,1,2817,1,93,95,101
"1855",4381,1,9728,1,94,96,102
"1856",4633,1,358,1,92,94,100
"1857",4791,1,7789,1,91,94,100
"1858",4896,1,2421,1,94,95,100
"1859",5039,1,5830,1,96,98,102
"1860",5148,1,5830,1,96,97,102
"1861",5318,1,9335,1,92,94,99
"1862",5381,1,287,1,93,94,99
"1863",5443,1,416,1,90,94,101
"1864",5815,1,6585,1,93,94,99
"1865",5965,1,5729,1,96,98,103
"1866",6384,1,2416,1,95,96,101
"1867",6563,1,4346,1,97,98,102
"1868",7031,1,3919,1,93,96,101
"1869",7353,1,8195,1,96,98,102
"1870",7652,1,10487,1,96,98,103
"1871",7910,1,10797,1,93,96,100
"1872",8022,1,7363,1,96,97,102
"1873",8443,1,9859,1,92,94,101
"1874",9050,1,6838,1,97,98,106
"1875",9261,1,7244,1,94,97,101
"1876",9424,1,7385,1,92,94,99
"1877",9684,1,7385,1,93,98,102
"1878",10036,1,2617,1,94,95,102
"1879",10601,1,3824,1,94,96,101
"1880",10623,1,10282,1,94,95,100
"1881",10931,1,6637,1,96,97,102
"1882",10944,1,368,1,89,91,100
"1883",11015,1,5205,1,94,95,100
"1884",11066,1,9646,1,92,95,100
"1885",11146,1,3919,1,93,96,101
"1886",11193,1,7422,1,92,96,101
"1887",346,1,1145,1,90,95,100
"1888",400,1,4600,1,98,99,103
"1889",486,1,9728,1,95,97,103
"1890",504,1,4124,1,97,98,105
"1891",631,1,7470,1,96,99,105
"1892",1188,1,5427,1,97,99,103
"1893",1234,1,9441,1,97,98,103
"1894",1250,1,2817,1,92,95,103
"1895",1603,1,10931,1,98,99,105
"1896",1902,1,1548,1,94,97,104
"1897",2277,1,2856,1,97,99,104
"1898",2490,1,11193,1,97,99,105
"1899",2615,1,1803,1,90,94,100
"1900",2804,1,1349,1,97,98,103
"1901",3250,1,3602,1,95,98,103
"1902",3283,1,830,1,98,99,104
"1903",3483,1,5381,1,95,96,103
"1904",3621,1,11147,1,92,94,101
"1905",3674,1,10665,1,96,97,103
"1906",3981,1,7169,1,94,95,102
"1907",3996,1,1125,1,95,96,100
"1908",4271,1,285,1,95,98,104
"1909",4484,1,1250,1,96,98,102
"1910",4600,1,2470,1,93,95,100
"1911",4604,1,5853,1,90,93,101
"1912",4636,1,1252,1,97,99,103
"1913",4715,1,1252,1,96,98,104
"1914",4926,1,10072,1,94,97,103
"1915",4953,1,2100,1,96,98,107
"1916",5027,1,4734,1,98,99,106
"1917",5136,1,1125,1,96,98,103
"1918",5729,1,2652,1,93,95,100
"1919",6161,1,483,1,97,99,105
"1920",6509,1,2721,1,95,96,103
"1921",7294,1,8252,1,96,97,102
"1922",7411,1,5443,1,95,97,101
"1923",7470,1,8417,1,93,94,102
"1924",7490,1,830,1,98,99,103
"1925",7546,1,11010,1,93,95,102
"1926",8017,1,1645,1,95,99,104
"1927",8137,1,6709,1,96,98,104
"1928",8264,1,6000,1,94,96,100
"1929",8404,1,5281,1,93,95,101
"1930",8441,1,8404,1,96,98,104
"1931",8845,1,9268,1,96,97,102
"1932",9268,1,11010,1,92,94,101
"1933",9441,1,2943,1,92,95,101
"1934",9703,1,2697,1,98,99,104
"1935",9998,1,3130,1,95,96,103
"1936",10053,1,10797,1,91,94,100
"1937",10137,1,5815,1,98,99,103
"1938",10173,1,4604,1,96,97,103
"1939",10197,1,3384,1,92,95,100
"1940",10233,1,368,1,93,96,101
"1941",10260,1,7385,1,93,96,101
"1942",11359,1,6796,1,92,94,100
"1943",16,1,8999,1,96,98,108
"1944",36,1,9050,1,99,100,106
"1945",284,1,5631,1,97,98,104
"1946",285,1,3107,1,92,94,101
"1947",483,1,2298,1,95,96,102
"1948",602,1,4600,1,97,100,107
"1949",642,1,4869,1,99,100,104
"1950",822,1,9515,1,98,100,106
"1951",832,1,5510,1,96,98,103
"1952",1196,1,2967,1,97,99,103
"1953",1368,1,2474,1,98,100,103
"1954",1488,1,1975,1,93,95,101
"1955",2474,1,1867,1,95,97,103
"1956",2697,1,4887,1,95,97,102
"1957",2879,1,7910,1,97,100,105
"1958",3420,1,2362,1,95,97,102
"1959",3594,1,5857,1,93,94,101
"1960",3634,1,3713,1,98,100,106
"1961",3681,1,11285,1,95,97,103
"1962",3950,1,3082,1,99,100,105
"1963",3980,1,4896,1,98,100,106
"1964",4346,1,387,1,95,96,102
"1965",4360,1,5111,1,97,98,103
"1966",4394,1,1250,1,96,97,103
"1967",4641,1,8671,1,96,98,103
"1968",4670,1,9792,1,95,97,104
"1969",4769,1,486,1,98,100,107
"1970",4841,1,5169,1,96,99,107
"1971",4860,1,2268,1,99,100,106
"1972",4952,1,1933,1,92,95,101
"1973",5115,1,3328,1,98,99,107
"1974",5126,1,4464,1,98,99,104
"1975",5158,1,11088,1,97,99,106
"1976",5218,1,5654,1,95,98,103
"1977",5518,1,1349,1,98,100,104
"1978",5654,1,3439,1,92,94,101
"1979",5942,1,2721,1,94,95,101
"1980",6009,1,339,1,96,97,102
"1981",6709,1,8423,1,91,95,103
"1982",6999,1,9606,1,98,100,104
"1983",7242,1,5599,1,94,96,101
"1984",7489,1,6838,1,96,98,103
"1985",7980,1,10427,1,96,98,102
"1986",8344,1,5111,1,96,98,103
"1987",8560,1,10806,1,98,100,105
"1988",8878,1,10326,1,97,99,104
"1989",8898,1,830,1,98,99,103
"1990",8994,1,7470,1,95,98,103
"1991",9017,1,2321,1,97,100,105
"1992",9314,1,2589,1,95,97,101
"1993",9413,1,4604,1,95,96,102
"1994",9515,1,7546,1,95,96,102
"1995",9606,1,5631,1,95,96,103
"1996",9607,1,7910,1,97,99,105
"1997",9698,1,5111,1,97,98,103
"1998",10050,1,2004,1,94,98,105
"1999",10092,1,10420,1,94,95,101
"2000",10326,1,303,1,93,95,103
"2001",10441,1,4827,1,97,100,105
"2002",10537,1,10036,1,97,99,106
"2003",10673,1,3243,1,96,98,105
"2004",11224,1,10072,1,96,98,104
"2005",11420,1,3356,1,99,100,104
"2006",201,1,10173,1,98,100,104
"2007",577,1,4904,1,94,98,105
"2008",830,1,5464,1,94,97,103
"2009",1158,1,832,1,100,101,105
"2010",1787,1,8264,1,97,99,105
"2011",1792,1,504,1,99,101,105
"2012",2138,1,3390,1,98,99,105
"2013",2404,1,6307,1,100,101,108
"2014",2610,1,7134,1,95,97,102
"2015",3029,1,7343,1,97,100,104
"2016",3082,1,9441,1,96,99,104
"2017",3112,1,2652,1,95,98,102
"2018",3129,1,7470,1,95,97,102
"2019",3171,1,4791,1,96,99,104
"2020",3294,1,7379,1,98,101,106
"2021",3328,1,6121,1,95,97,103
"2022",3390,1,11425,1,93,97,103
"2023",3586,1,731,1,99,101,106
"2024",3695,1,9119,1,99,101,106
"2025",3767,1,4273,1,98,100,104
"2026",3979,1,8021,1,96,98,102
"2027",4124,1,5739,1,96,97,105
"2028",4259,1,5624,1,95,98,103
"2029",4273,1,6702,1,96,98,105
"2030",4464,1,5729,1,96,97,103
"2031",4635,1,4633,1,96,99,105
"2032",4869,1,6709,1,97,99,104
"2033",5111,1,7169,1,94,96,102
"2034",5170,1,5599,1,94,98,104
"2035",5234,1,10601,1,97,100,105
"2036",5350,1,4464,1,98,100,106
"2037",5382,1,8022,1,98,100,105
"2038",5706,1,303,1,96,97,104
"2039",5837,1,3082,1,100,101,106
"2040",6052,1,11066,1,97,99,107
"2041",6082,1,9998,1,97,98,103
"2042",6282,1,2156,1,95,96,102
"2043",6502,1,964,1,99,100,103
"2044",6541,1,7031,1,98,99,104
"2045",6617,1,11066,1,96,98,103
"2046",6942,1,7411,1,99,100,105
"2047",7049,1,11146,1,98,101,107
"2048",7077,1,8613,1,95,97,103
"2049",7483,1,4641,1,98,100,104
"2050",7626,1,3924,1,99,101,105
"2051",7769,1,8671,1,96,98,102
"2052",7882,1,10197,1,96,99,105
"2053",8351,1,1512,1,96,98,103
"2054",8492,1,3206,1,97,99,105
"2055",9119,1,1536,1,98,99,105
"2056",9645,1,9606,1,97,99,104
"2057",9767,1,187,1,95,97,103
"2058",10158,1,8351,1,99,100,106
"2059",10183,1,5651,1,97,98,105
"2060",10236,1,5960,1,99,101,107
"2061",10437,1,3924,1,98,99,104
"2062",10444,1,5672,1,97,99,104
"2063",10557,1,3243,1,96,97,103
"2064",10664,1,2836,1,98,100,107
"2065",10806,1,11090,1,95,97,102
"2066",11166,1,2839,1,94,96,102
"2067",759,1,7494,1,98,102,109
"2068",964,1,3996,1,97,98,104
"2069",1057,1,2610,1,99,101,105
"2070",1136,1,4952,1,100,101,106
"2071",1320,1,3390,1,98,99,105
"2072",1403,1,7294,1,99,101,105
"2073",1432,1,9279,1,100,101,106
"2074",1585,1,228,1,97,98,104
"2075",2031,1,8428,1,97,99,105
"2076",2103,1,5170,1,98,100,105
"2077",2268,1,10072,1,95,99,105
"2078",2283,1,11185,1,100,102,107
"2079",2924,1,5815,1,97,99,103
"2080",2959,1,1191,1,97,99,104
"2081",2995,1,162,1,96,99,104
"2082",3189,1,7242,1,99,101,107
"2083",3220,1,5510,1,94,97,103
"2084",3265,1,885,1,96,98,103
"2085",3266,1,4791,1,95,97,104
"2086",3272,1,7579,1,97,100,106
"2087",3613,1,4124,1,99,101,109
"2088",3810,1,10444,1,100,102,107
"2089",3988,1,1603,1,100,102,106
"2090",3997,1,10487,1,97,98,105
"2091",5110,1,4259,1,100,102,108
"2092",5658,1,1789,1,100,102,105
"2093",5718,1,7910,1,97,98,103
"2094",5960,1,1514,1,96,97,104
"2095",6529,1,3713,1,96,99,104
"2096",6790,1,1198,1,96,98,105
"2097",7075,1,5157,1,94,97,104
"2098",7083,1,7242,1,99,100,104
"2099",7120,1,6709,1,96,98,103
"2100",7124,1,3950,1,101,102,108
"2101",8554,1,1250,1,97,99,105
"2102",8728,1,8195,1,96,98,105
"2103",8955,1,6790,1,99,100,105
"2104",9279,1,3266,1,99,100,105
"2105",9640,1,830,1,98,102,109
"2106",10304,1,631,1,100,102,107
"2107",10486,1,4360,1,100,102,106
"2108",10794,1,9815,1,97,99,105
"2109",10907,1,11088,1,98,100,104
"2110",15,1,9606,1,98,100,106
"2111",244,1,3891,1,98,100,106
"2112",429,1,964,1,99,101,108
"2113",432,1,6942,1,100,102,108
"2114",624,1,9119,1,100,102,106
"2115",640,1,2004,1,95,98,106
"2116",841,1,2362,1,97,100,105
"2117",898,1,3328,1,100,103,108
"2118",1067,1,3250,1,99,101,107
"2119",1375,1,8728,1,100,101,109
"2120",1461,1,1789,1,101,102,107
"2121",1658,1,4578,1,100,101,106
"2122",1789,1,9606,1,97,100,105
"2123",2053,1,3420,1,97,99,104
"2124",2077,1,9515,1,97,99,104
"2125",2233,1,9607,1,101,103,106
"2126",2300,1,4394,1,98,101,106
"2127",2533,1,2474,1,99,100,105
"2128",2595,1,5148,1,100,101,107
"2129",3433,1,5965,1,99,101,106
"2130",3642,1,1975,1,93,98,104
"2131",3809,1,10437,1,99,100,106
"2132",3927,1,2251,1,102,103,107
"2133",4020,1,11240,1,94,98,104
"2134",4546,1,4124,1,99,101,106
"2135",4814,1,5706,1,99,100,105
"2136",4922,1,10931,1,98,101,105
"2137",5084,1,6535,1,97,100,105
"2138",5154,1,5281,1,95,102,105
"2139",5178,1,2257,1,95,98,104
"2140",5231,1,36,1,101,103,109
"2141",5390,1,9770,1,99,102,108
"2142",5647,1,7489,1,98,99,104
"2143",5651,1,387,1,95,96,104
"2144",5779,1,5942,1,95,97,105
"2145",6154,1,11088,1,97,102,107
"2146",6215,1,1057,1,102,103,109
"2147",6295,1,1746,1,97,100,105
"2148",6307,1,10233,1,96,99,105
"2149",6547,1,10806,1,98,100,106
"2150",6619,1,3613,1,102,103,108
"2151",6853,1,7077,1,98,101,106
"2152",6905,1,6999,1,101,102,108
"2153",6908,1,2995,1,101,103,108
"2154",7054,1,8195,1,97,99,105
"2155",7179,1,4280,1,92,98,104
"2156",7379,1,4791,1,95,98,104
"2157",7494,1,10488,1,96,97,104
"2158",7932,1,5148,1,98,101,106
"2159",8238,1,731,1,98,99,104
"2160",8793,1,9767,1,98,99,105
"2161",9005,1,7980,1,99,101,106
"2162",9077,1,2321,1,98,101,105
"2163",9132,1,4271,1,100,102,108
"2164",9159,1,1410,1,97,100,106
"2165",9266,1,1610,1,97,99,104
"2166",9308,1,346,1,96,97,104
"2167",9883,1,964,1,100,102,108
"2168",9920,1,8351,1,99,101,104
"2169",9954,1,8441,1,100,103,108
"2170",10046,1,7882,1,100,103,109
"2171",10299,1,2917,1,98,100,105
"2172",10315,1,8560,1,101,102,108
"2173",10433,1,4381,1,99,100,104
"2174",11185,1,4600,1,97,99,106
"2175",213,1,731,1,98,101,107
"2176",619,1,3356,1,100,101,106
"2177",851,1,3979,1,99,101,107
"2178",958,1,1368,1,102,103,107
"2179",1080,1,7626,1,102,104,108
"2180",1371,1,8560,1,101,103,107
"2181",1374,1,7075,1,99,101,106
"2182",1483,1,6307,1,100,104,108
"2183",1635,1,9261,1,98,100,107
"2184",1981,1,10001,1,103,104,108
"2185",2495,1,731,1,99,101,107
"2186",2887,1,841,1,101,102,110
"2187",3249,1,42,1,100,101,105
"2188",3300,1,3328,1,98,101,106
"2189",3494,1,8793,1,101,103,108
"2190",3763,1,1461,1,103,104,109
"2191",3848,1,10794,1,100,101,109
"2192",3964,1,9607,1,100,102,108
"2193",4174,1,2697,1,99,101,105
"2194",4371,1,8264,1,97,99,105
"2195",4389,1,7881,1,103,104,109
"2196",4752,1,5382,1,101,104,108
"2197",4790,1,10233,1,97,100,107
"2198",5101,1,6161,1,101,103,108
"2199",5156,1,216,1,100,102,107
"2200",5164,1,8898,1,100,101,107
"2201",5326,1,9792,1,96,99,105
"2202",5338,1,7120,1,99,101,108
"2203",6088,1,3390,1,98,99,105
"2204",6108,1,4381,1,98,99,105
"2205",6483,1,6547,1,101,102,107
"2206",6685,1,3838,1,100,103,108
"2207",6989,1,8560,1,102,104,110
"2208",7238,1,4271,1,101,104,109
"2209",7296,1,7932,1,103,104,109
"2210",7338,1,2031,1,100,103,108
"2211",7500,1,4860,1,103,104,108
"2212",7647,1,7083,1,102,104,110
"2213",7756,1,3250,1,102,104,111
"2214",7775,1,3029,1,102,103,109
"2215",7881,1,42,1,100,102,108
"2216",8129,1,5158,1,100,101,106
"2217",8515,1,4249,1,102,103,110
"2218",8615,1,483,1,97,101,106
"2219",9035,1,9883,1,103,104,110
"2220",9224,1,8955,1,102,104,112
"2221",9368,1,9770,1,97,99,105
"2222",9409,1,3272,1,101,102,108
"2223",10201,1,4464,1,98,100,107
"2224",10287,1,7775,1,103,104,109
"2225",10419,1,8898,1,100,101,106
"2226",11044,1,841,1,102,104,111
"2227",11294,1,3767,1,101,103,106
"2228",3,1,1585,1,100,102,108
"2229",42,1,10326,1,97,99,107
"2230",173,1,4313,1,103,105,113
"2231",216,1,8747,1,97,100,106
"2232",234,1,3980,1,102,103,108
"2233",659,1,1188,1,102,104,110
"2234",835,1,5381,1,97,99,106
"2235",985,1,2046,1,95,97,106
"2236",1135,1,2495,1,102,105,110
"2237",1160,1,2103,1,102,105,112
"2238",1425,1,1908,1,102,104,111
"2239",1670,1,9017,1,102,104,108
"2240",1805,1,6563,1,100,102,107
"2241",1918,1,6790,1,99,101,107
"2242",1934,1,201,1,103,105,111
"2243",2214,1,3979,1,101,102,108
"2244",2271,1,10794,1,100,101,106
"2245",2504,1,216,1,103,104,109
"2246",2632,1,7291,1,104,105,110
"2247",2717,1,8492,1,100,101,106
"2248",2862,1,7077,1,99,101,107
"2249",3164,1,2214,1,103,104,111
"2250",3426,1,7343,1,97,99,106
"2251",3514,1,759,1,103,104,107
"2252",3518,1,908,1,103,105,110
"2253",3728,1,3029,1,102,105,111
"2254",3957,1,7147,1,104,105,114
"2255",4156,1,5739,1,97,102,106
"2256",4249,1,4841,1,99,101,106
"2257",4313,1,5965,1,100,102,107
"2258",4512,1,9266,1,101,103,107
"2259",4578,1,7343,1,98,99,106
"2260",4649,1,5136,1,99,101,109
"2261",4673,1,6121,1,98,101,106
"2262",4748,1,5234,1,101,102,106
"2263",4959,1,9050,1,99,101,107
"2264",5068,1,3964,1,103,105,111
"2265",6259,1,6154,1,103,105,111
"2266",6417,1,10201,1,102,104,108
"2267",6464,1,1787,1,103,104,109
"2268",6725,1,2077,1,100,101,109
"2269",6733,1,6685,1,104,105,110
"2270",6841,1,619,1,103,105,112
"2271",7036,1,2836,1,98,100,106
"2272",7147,1,7353,1,100,103,107
"2273",7291,1,9159,1,101,102,109
"2274",7616,1,7243,1,103,104,108
"2275",7643,1,11420,1,101,104,112
"2276",8321,1,10050,1,99,101,112
"2277",8425,1,4381,1,99,102,110
"2278",8694,1,3979,1,100,103,107
"2279",8989,1,1368,1,101,102,106
"2280",9123,1,1067,1,103,104,109
"2281",9205,1,3265,1,99,100,107
"2282",9510,1,3613,1,102,103,111
"2283",9590,1,10537,1,102,103,110
"2284",9717,1,9205,1,101,102,107
"2285",9743,1,6942,1,102,104,111
"2286",9796,1,7910,1,99,102,107
"2287",10001,1,7489,1,98,102,107
"2288",10481,1,4633,1,98,99,106
"2289",10776,1,8129,1,102,104,109
"2290",11174,1,1349,1,97,99,107
"2291",495,1,5348,1,103,104,109
"2292",666,1,3899,1,103,105,109
"2293",816,1,5390,1,103,104,109
"2294",912,1,5382,1,101,103,108
"2295",929,1,8492,1,102,103,107
"2296",1044,1,6942,1,102,104,109
"2297",1881,1,5348,1,103,104,110
"2298",1908,1,6541,1,100,102,107
"2299",1915,1,4546,1,105,106,112
"2300",1942,1,7647,1,105,106,112
"2301",1991,1,10299,1,104,105,110
"2302",1994,1,4790,1,101,103,110
"2303",2033,1,7652,1,101,102,107
"2304",2182,1,10001,1,105,106,112
"2305",2251,1,3390,1,98,101,107
"2306",2458,1,2138,1,102,103,108
"2307",2482,1,8963,1,105,106,111
"2308",2594,1,504,1,99,101,107
"2309",2614,1,10236,1,105,106,111
"2310",2758,1,9640,1,103,105,112
"2311",2795,1,10158,1,103,105,109
"2312",2849,1,4617,1,105,106,110
"2313",3033,1,5348,1,104,105,109
"2314",3086,1,3988,1,103,105,111
"2315",3134,1,3082,1,100,101,107
"2316",3196,1,8321,1,102,104,112
"2317",3352,1,2862,1,103,105,111
"2318",3548,1,3164,1,105,106,111
"2319",3802,1,4953,1,103,104,109
"2320",4253,1,4636,1,100,102,107
"2321",4553,1,6035,1,105,106,111
"2322",4946,1,4635,1,101,103,109
"2323",5080,1,8615,1,104,105,110
"2324",5210,1,9590,1,104,106,111
"2325",5348,1,504,1,99,102,107
"2326",5402,1,10077,1,105,106,112
"2327",5509,1,822,1,100,104,110
"2328",5526,1,10931,1,98,102,110
"2329",5662,1,11420,1,100,101,108
"2330",5856,1,6295,1,101,104,108
"2331",5932,1,10077,1,104,105,111
"2332",5944,1,5326,1,101,105,109
"2333",6035,1,4715,1,99,102,107
"2334",6765,1,9266,1,100,101,108
"2335",6980,1,2277,1,100,103,109
"2336",7009,1,6765,1,103,106,111
"2337",7243,1,3171,1,100,102,108
"2338",7698,1,4790,1,102,103,108
"2339",7842,1,3695,1,103,106,112
"2340",7927,1,6082,1,99,101,107
"2341",8413,1,964,1,100,102,110
"2342",8474,1,5110,1,103,104,110
"2343",8936,1,5027,1,101,105,113
"2344",8960,1,2622,1,102,105,109
"2345",8963,1,4259,1,101,104,109
"2346",8971,1,908,1,103,106,111
"2347",9652,1,4896,1,97,101,109
"2348",9711,1,9743,1,105,106,111
"2349",9811,1,2879,1,101,103,107
"2350",10055,1,10236,1,102,104,108
"2351",10240,1,4790,1,101,103,108
"2352",10243,1,2233,1,105,106,112
"2353",10288,1,4381,1,98,101,107
"2354",10378,1,1603,1,101,104,108
"2355",10524,1,9413,1,98,102,107
"2356",10719,1,5658,1,104,106,111
"2357",10722,1,7980,1,100,102,107
"2358",10879,1,3927,1,104,106,112
"2359",10984,1,11420,1,101,102,107
"2360",11307,1,5136,1,99,102,108
"2361",11383,1,8287,1,105,106,111
"2362",331,1,3196,1,106,107,113
"2363",503,1,912,1,105,107,112
"2364",705,1,929,1,104,106,113
"2365",751,1,9123,1,105,107,111
"2366",907,1,6685,1,105,107,112
"2367",1140,1,9132,1,103,105,110
"2368",1439,1,2887,1,103,105,112
"2369",1523,1,1805,1,102,104,110
"2370",1566,1,2458,1,104,106,110
"2371",1966,1,7927,1,101,103,108
"2372",1968,1,9017,1,103,104,108
"2373",2613,1,9640,1,102,104,112
"2374",2622,1,7343,1,98,100,108
"2375",2983,1,9796,1,103,104,108
"2376",3042,1,602,1,105,107,113
"2377",3084,1,10524,1,104,106,110
"2378",3248,1,9920,1,102,103,109
"2379",3309,1,1908,1,104,106,112
"2380",3488,1,3613,1,103,104,108
"2381",3886,1,3283,1,100,102,108
"2382",3899,1,7494,1,99,102,108
"2383",3909,1,3082,1,101,103,108
"2384",4094,1,4516,1,104,106,113
"2385",4515,1,5647,1,100,102,108
"2386",4516,1,10236,1,102,103,108
"2387",4876,1,2697,1,101,103,108
"2388",5163,1,4484,1,101,103,109
"2389",5425,1,7775,1,104,106,111
"2390",5548,1,3248,1,104,107,112
"2391",5652,1,9920,1,102,105,111
"2392",5924,1,8560,1,104,105,110
"2393",5952,1,1792,1,102,104,109
"2394",6505,1,1746,1,99,102,108
"2395",6597,1,5837,1,103,106,110
"2396",6717,1,11044,1,105,107,113
"2397",6730,1,2717,1,102,106,111
"2398",7057,1,2594,1,103,105,110
"2399",7510,1,136,1,103,104,108
"2400",7511,1,8845,1,100,104,109
"2401",8231,1,4946,1,104,105,112
"2402",8405,1,6942,1,101,103,109
"2403",8430,1,7932,1,102,104,110
"2404",8463,1,822,1,101,102,108
"2405",8502,1,9510,1,104,105,110
"2406",8724,1,10055,1,104,107,113
"2407",8972,1,10201,1,102,104,110
"2408",9045,1,5338,1,102,104,109
"2409",9812,1,1908,1,104,106,111
"2410",9981,1,6035,1,104,107,113
"2411",10077,1,10664,1,101,103,109
"2412",10078,1,6790,1,100,103,109
"2413",10179,1,4174,1,103,106,112
"2414",10574,1,2458,1,104,105,111
"2415",10615,1,1067,1,104,107,111
"2416",10695,1,4748,1,103,104,108
"2417",10814,1,9698,1,99,103,108
"2418",10872,1,5924,1,105,106,112
"2419",11229,1,6725,1,102,104,108
"2420",62,1,3294,1,103,105,109
"2421",98,1,1375,1,103,105,110
"2422",100,1,9920,1,101,105,111
"2423",136,1,10931,1,100,102,109
"2424",190,1,8351,1,99,102,109
"2425",198,1,100,1,106,107,112
"2426",214,1,5390,1,103,104,110
"2427",247,1,630,1,103,107,114
"2428",293,1,9159,1,102,103,109
"2429",406,1,964,1,99,105,112
"2430",491,1,495,1,105,108,112
"2431",519,1,6453,1,106,108,113
"2432",710,1,3980,1,102,104,109
"2433",972,1,9045,1,105,106,110
"2434",1070,1,5652,1,106,107,112
"2435",1117,1,1994,1,104,105,110
"2436",1146,1,8963,1,106,107,113
"2437",1219,1,10064,1,105,107,113
"2438",1389,1,4249,1,101,104,109
"2439",1430,1,5231,1,105,107,110
"2440",1526,1,2233,1,103,104,111
"2441",1593,1,3886,1,104,105,111
"2442",1632,1,7243,1,103,105,110
"2443",1756,1,7881,1,104,107,112
"2444",1927,1,3777,1,104,106,112
"2445",2169,1,2214,1,103,105,111
"2446",2376,1,3272,1,102,105,110
"2447",2728,1,8912,1,105,106,111
"2448",2910,1,10609,1,107,108,113
"2449",2913,1,2283,1,105,108,116
"2450",2921,1,1057,1,102,104,109
"2451",2984,1,6908,1,103,106,111
"2452",3381,1,3980,1,103,105,110
"2453",3697,1,4946,1,103,105,111
"2454",3777,1,3171,1,101,104,110
"2455",3925,1,2594,1,102,103,109
"2456",4015,1,6307,1,101,103,109
"2457",4090,1,3086,1,106,107,113
"2458",4306,1,5080,1,106,107,112
"2459",4410,1,2495,1,103,104,110
"2460",4617,1,2924,1,101,103,109
"2461",4709,1,9159,1,103,104,110
"2462",5034,1,6215,1,104,105,109
"2463",5760,1,1981,1,105,106,111
"2464",6297,1,7510,1,106,108,114
"2465",6321,1,8989,1,103,104,111
"2466",6323,1,3809,1,102,104,109
"2467",6672,1,5348,1,102,104,111
"2468",7039,1,9123,1,106,107,112
"2469",7050,1,5021,1,106,108,114
"2470",7584,1,2458,1,105,106,112
"2471",7863,1,1918,1,103,104,110
"2472",8161,1,2613,1,105,107,111
"2473",8205,1,5338,1,102,103,110
"2474",8287,1,3300,1,102,104,111
"2475",8314,1,3802,1,105,106,111
"2476",8370,1,5718,1,99,103,109
"2477",8591,1,6453,1,106,107,111
"2478",8758,1,9409,1,104,108,113
"2479",9020,1,9640,1,103,106,111
"2480",9048,1,10695,1,105,107,111
"2481",9133,1,1371,1,103,106,112
"2482",9378,1,6725,1,104,107,113
"2483",9575,1,10989,1,106,108,113
"2484",10008,1,2169,1,106,108,114
"2485",10064,1,9205,1,101,103,109
"2486",10086,1,6417,1,106,107,112
"2487",10112,1,434,1,107,108,114
"2488",10552,1,5231,1,105,107,112
"2489",10570,1,2458,1,104,106,109
"2490",10760,1,9883,1,103,106,110
"2491",10912,1,7616,1,106,107,111
"2492",10963,1,3248,1,104,107,111
"2493",10989,1,10984,1,103,105,110
"2494",11203,1,2595,1,101,102,109
"2495",108,1,8161,1,108,109,115
"2496",111,1,6685,1,106,108,114
"2497",323,1,8425,1,103,104,110
"2498",332,1,9005,1,102,105,111
"2499",623,1,9920,1,103,104,110
"2500",630,1,7980,1,101,103,110
"2501",803,1,929,1,106,108,114
"2502",908,1,10487,1,100,102,110
"2503",948,1,6733,1,105,108,115
"2504",1004,1,9020,1,107,109,116
"2505",1083,1,5101,1,104,105,111
"2506",1192,1,3237,1,107,108,112
"2507",2076,1,2300,1,103,104,110
"2508",2582,1,3697,1,107,109,115
"2509",2865,1,9726,1,107,109,114
"2510",2871,1,9224,1,107,109,114
"2511",3237,1,9717,1,105,106,110
"2512",3567,1,9045,1,105,109,113
"2513",3690,1,7775,1,104,106,111
"2514",3745,1,1425,1,105,107,112
"2515",4296,1,8405,1,105,107,111
"2516",4596,1,9796,1,103,105,110
"2517",4630,1,4790,1,103,106,110
"2518",4803,1,136,1,105,108,114
"2519",5116,1,1764,1,108,109,113
"2520",5323,1,5028,1,107,109,114
"2521",5417,1,1483,1,104,107,113
"2522",5597,1,9577,1,106,108,114
"2523",5713,1,3925,1,106,108,114
"2524",6335,1,10502,1,108,109,115
"2525",6523,1,36,1,101,104,110
"2526",6919,1,1140,1,106,107,113
"2527",6936,1,3886,1,104,105,112
"2528",7048,1,2983,1,106,109,115
"2529",7232,1,9732,1,107,109,116
"2530",8486,1,1942,1,107,108,114
"2531",8516,1,6453,1,106,109,115
"2532",8524,1,3084,1,107,109,114
"2533",8882,1,293,1,105,107,111
"2534",8976,1,7756,1,105,106,110
"2535",9069,1,3927,1,104,106,110
"2536",9187,1,5163,1,104,106,112
"2537",9577,1,8793,1,102,105,110
"2538",9604,1,6474,1,107,109,112
"2539",9726,1,6505,1,103,105,110
"2540",9732,1,7647,1,105,107,113
"2541",9864,1,2076,1,105,107,112
"2542",10069,1,1635,1,105,107,113
"2543",10073,1,10077,1,104,106,111
"2544",10436,1,3249,1,102,103,110
"2545",10502,1,1981,1,105,106,113
"2546",10609,1,642,1,102,106,111
"2547",11140,1,8426,1,107,108,112
"2548",11159,1,9711,1,108,109,114
"2549",282,1,1083,1,105,106,111
"2550",377,1,851,1,104,106,112
"2551",764,1,1135,1,107,109,117
"2552",896,1,10046,1,105,107,112
"2553",925,1,11405,1,108,110,114
"2554",1239,1,1523,1,106,107,114
"2555",1393,1,432,1,104,107,112
"2556",1402,1,1160,1,106,108,114
"2557",1551,1,7575,1,108,109,114
"2558",1626,1,4253,1,102,106,113
"2559",1708,1,7500,1,105,108,113
"2560",1802,1,7036,1,104,106,113
"2561",2091,1,331,1,108,110,118
"2562",2160,1,9808,1,109,110,116
"2563",2190,1,1934,1,106,108,111
"2564",2235,1,10609,1,106,107,113
"2565",2238,1,10570,1,107,109,114
"2566",2549,1,7756,1,106,109,115
"2567",2631,1,10574,1,106,108,113
"2568",2802,1,4596,1,108,109,113
"2569",2922,1,10304,1,106,108,113
"2570",2975,1,1927,1,107,109,113
"2571",3876,1,8976,1,108,110,114
"2572",4176,1,9510,1,104,106,111
"2573",4293,1,1374,1,103,106,112
"2574",4345,1,10989,1,105,106,112
"2575",5021,1,10664,1,101,106,113
"2576",5449,1,3407,1,108,109,114
"2577",5533,1,7756,1,105,107,112
"2578",5534,1,1915,1,107,109,113
"2579",5636,1,4709,1,105,108,113
"2580",5670,1,9510,1,105,106,111
"2581",5712,1,10086,1,108,110,115
"2582",5845,1,4876,1,105,107,113
"2583",6241,1,10288,1,102,104,114
"2584",6336,1,2458,1,104,105,111
"2585",6377,1,7009,1,107,108,115
"2586",6453,1,2251,1,102,105,112
"2587",6474,1,9590,1,104,106,113
"2588",6768,1,8694,1,104,109,113
"2589",6816,1,6597,1,107,108,112
"2590",6870,1,9743,1,104,106,113
"2591",7575,1,1994,1,105,107,114
"2592",7577,1,9812,1,107,109,115
"2593",7607,1,4015,1,107,109,114
"2594",7668,1,5845,1,108,110,115
"2595",7754,1,5338,1,103,106,113
"2596",7763,1,1160,1,107,108,113
"2597",7836,1,4512,1,106,108,113
"2598",8033,1,5670,1,109,110,115
"2599",8745,1,6730,1,107,109,114
"2600",9107,1,10240,1,104,109,114
"2601",9989,1,9577,1,107,108,112
"2602",10162,1,9575,1,109,110,116
"2603",10554,1,3909,1,104,107,112
"2604",11067,1,7775,1,105,107,113
"2605",11252,1,10574,1,106,108,113
"2606",41,1,7842,1,107,109,114
"2607",103,1,10311,1,108,109,115
"2608",127,1,434,1,109,110,116
"2609",478,1,1802,1,108,109,114
"2610",717,1,6241,1,105,109,115
"2611",778,1,1135,1,107,108,112
"2612",1002,1,6453,1,106,108,113
"2613",1278,1,11140,1,109,111,116
"2614",1554,1,5210,1,106,107,112
"2615",1793,1,10078,1,104,109,114
"2616",2874,1,10476,1,108,111,116
"2617",2940,1,5932,1,106,109,114
"2618",2978,1,2975,1,109,110,116
"2619",3102,1,6483,1,103,104,112
"2620",3166,1,3697,1,106,109,114
"2621",3216,1,3690,1,107,110,114
"2622",3337,1,1239,1,107,111,116
"2623",3407,1,10304,1,104,106,112
"2624",3595,1,247,1,108,109,115
"2625",3616,1,8231,1,106,108,112
"2626",3817,1,10073,1,108,109,115
"2627",3915,1,10963,1,108,110,116
"2628",4043,1,10112,1,109,110,115
"2629",4082,1,1402,1,109,110,115
"2630",4218,1,3407,1,107,108,115
"2631",4498,1,1593,1,106,107,113
"2632",4645,1,5163,1,106,110,116
"2633",5028,1,1371,1,104,106,112
"2634",5313,1,1140,1,106,108,114
"2635",5353,1,9045,1,107,111,116
"2636",5588,1,10240,1,106,107,114
"2637",6320,1,3957,1,107,109,112
"2638",6403,1,778,1,109,111,117
"2639",6589,1,8161,1,109,111,117
"2640",6638,1,8912,1,107,108,114
"2641",7257,1,7756,1,106,109,114
"2642",7606,1,5080,1,106,107,114
"2643",7996,1,10008,1,110,111,117
"2644",8058,1,434,1,107,108,113
"2645",8426,1,3802,1,105,106,114
"2646",8462,1,10502,1,108,109,115
"2647",8675,1,9020,1,108,110,117
"2648",8788,1,10112,1,109,110,117
"2649",8891,1,611,1,109,110,116
"2650",8912,1,2622,1,102,104,112
"2651",8937,1,3925,1,107,108,112
"2652",9156,1,198,1,107,108,113
"2653",9277,1,9133,1,107,108,112
"2654",9561,1,8314,1,108,109,115
"2655",9594,1,10078,1,106,107,112
"2656",9887,1,519,1,109,111,116
"2657",10311,1,666,1,106,107,112
"2658",10476,1,6523,1,105,107,114
"2659",10934,1,10719,1,108,110,116
"2660",10945,1,11140,1,110,111,117
"2661",11108,1,4410,1,104,106,112
"2662",11179,1,1004,1,109,110,116
"2663",434,1,4015,1,105,106,113
"2664",729,1,5670,1,108,110,115
"2665",748,1,41,1,109,110,114
"2666",806,1,8971,1,108,110,117
"2667",899,1,2795,1,107,109,115
"2668",1022,1,9577,1,106,108,113
"2669",1491,1,698,1,111,112,116
"2670",1699,1,1554,1,108,111,117
"2671",2041,1,1219,1,108,109,114
"2672",2071,1,8231,1,107,108,114
"2673",2244,1,214,1,105,107,113
"2674",2437,1,3915,1,110,112,117
"2675",2536,1,8895,1,111,112,117
"2676",2676,1,1593,1,107,108,113
"2677",2747,1,2238,1,110,112,117
"2678",2788,1,3225,1,110,112,118
"2679",2905,1,3616,1,109,111,116
"2680",2938,1,1219,1,108,109,113
"2681",3028,1,9808,1,110,112,120
"2682",3072,1,3033,1,107,110,115
"2683",3074,1,9981,1,108,110,116
"2684",3191,1,2244,1,110,112,117
"2685",3225,1,9726,1,107,109,114
"2686",3246,1,1942,1,107,112,116
"2687",3401,1,7756,1,109,111,116
"2688",3608,1,5417,1,108,109,113
"2689",3903,1,1802,1,106,109,115
"2690",4488,1,2376,1,108,110,116
"2691",4570,1,1402,1,110,111,116
"2692",4585,1,1554,1,108,109,113
"2693",4717,1,8205,1,104,106,113
"2694",4930,1,2041,1,110,112,118
"2695",5267,1,8161,1,108,112,117
"2696",5628,1,9966,1,110,111,116
"2697",6032,1,2376,1,108,110,116
"2698",6540,1,2938,1,110,112,118
"2699",6545,1,10008,1,109,111,118
"2700",6655,1,10934,1,111,112,119
"2701",7018,1,1708,1,108,112,119
"2702",7071,1,5533,1,108,109,115
"2703",7187,1,3514,1,106,107,113
"2704",7410,1,1915,1,110,112,116
"2705",7722,1,2975,1,111,112,117
"2706",7939,1,1593,1,108,110,114
"2707",8162,1,6768,1,109,110,116
"2708",8259,1,8936,1,106,107,113
"2709",8507,1,5509,1,105,106,113
"2710",8680,1,3074,1,111,112,118
"2711",9507,1,2631,1,109,112,116
"2712",9762,1,5533,1,108,110,117
"2713",9966,1,10615,1,107,109,113
"2714",9971,1,6335,1,110,112,119
"2715",10082,1,2871,1,110,111,116
"2716",10344,1,6321,1,106,107,113
"2717",10505,1,1981,1,106,107,113
"2718",10692,1,214,1,105,109,116
"2719",215,1,11383,1,107,109,115
"2720",250,1,803,1,109,111,117
"2721",458,1,9277,1,110,112,116
"2722",611,1,4596,1,106,108,114
"2723",828,1,9575,1,110,111,114
"2724",840,1,9954,1,104,112,117
"2725",895,1,10706,1,111,112,116
"2726",1164,1,1393,1,108,111,116
"2727",1534,1,5636,1,109,110,114
"2728",1586,1,2376,1,106,109,115
"2729",1764,1,2076,1,105,108,115
"2730",1790,1,10879,1,108,111,116
"2731",1948,1,1140,1,108,110,115
"2732",2201,1,2190,1,109,112,117
"2733",2302,1,10776,1,106,107,114
"2734",2357,1,8507,1,108,110,114
"2735",2428,1,2922,1,110,111,115
"2736",2969,1,3876,1,111,113,117
"2737",3085,1,6026,1,111,113,119
"2738",3161,1,4553,1,107,109,114
"2739",3778,1,2865,1,112,113,118
"2740",3993,1,10344,1,109,111,116
"2741",4365,1,10554,1,108,111,116
"2742",4445,1,10476,1,108,112,117
"2743",5072,1,9786,1,110,111,117
"2744",5370,1,7836,1,110,111,115
"2745",5511,1,9128,1,111,112,115
"2746",5598,1,5636,1,109,113,117
"2747",6396,1,9277,1,110,112,119
"2748",6664,1,6733,1,106,109,114
"2749",6773,1,10879,1,107,110,115
"2750",6821,1,2071,1,109,110,114
"2751",6933,1,7662,1,110,113,119
"2752",7286,1,8758,1,110,113,116
"2753",7288,1,7754,1,109,110,116
"2754",7333,1,803,1,109,111,119
"2755",7340,1,10879,1,107,109,116
"2756",7361,1,10069,1,107,109,115
"2757",7773,1,778,1,111,112,116
"2758",7813,1,3166,1,111,112,118
"2759",8699,1,4109,1,111,113,118
"2760",8865,1,5116,1,111,113,118
"2761",8901,1,10963,1,109,110,116
"2762",9101,1,10934,1,112,113,119
"2763",9104,1,6026,1,111,113,120
"2764",9106,1,10872,1,111,113,119
"2765",9182,1,10534,1,111,113,117
"2766",9348,1,778,1,109,113,119
"2767",9661,1,24,1,110,113,119
"2768",9752,1,9594,1,109,112,116
"2769",9786,1,9590,1,106,109,115
"2770",9808,1,10570,1,107,108,118
"2771",10135,1,8937,1,110,112,116
"2772",10426,1,6980,1,105,107,114
"2773",10493,1,3166,1,110,111,116
"2774",10534,1,9711,1,107,109,115
"2775",10706,1,247,1,108,110,115
"2776",10747,1,925,1,110,112,117
"2777",11071,1,8960,1,107,109,115
"2778",11126,1,5636,1,110,112,118
"2779",11216,1,406,1,108,110,115
"2780",11295,1,2235,1,108,110,114
"2781",11402,1,11140,1,109,111,115
"2782",24,1,9743,1,108,110,117
"2783",698,1,6377,1,109,110,115
"2784",849,1,7577,1,110,112,119
"2785",1619,1,2504,1,106,109,115
"2786",2102,1,11252,1,109,111,116
"2787",2220,1,3583,1,113,114,120
"2788",2397,1,9128,1,112,113,117
"2789",2505,1,8895,1,110,112,115
"2790",2835,1,2582,1,110,112,116
"2791",2904,1,7039,1,109,112,116
"2792",3061,1,8745,1,111,114,117
"2793",3281,1,899,1,110,112,117
"2794",4225,1,111,1,110,112,117
"2795",4350,1,9762,1,111,114,120
"2796",4477,1,10945,1,113,114,119
"2797",4487,1,2938,1,109,111,115
"2798",4506,1,8426,1,109,111,117
"2799",4622,1,1793,1,111,112,118
"2800",4726,1,10476,1,110,111,116
"2801",4820,1,3381,1,106,111,119
"2802",4902,1,6821,1,111,113,120
"2803",5112,1,10692,1,111,112,119
"2804",5981,1,5323,1,110,111,117
"2805",6026,1,8976,1,108,110,117
"2806",6370,1,10692,1,110,113,118
"2807",6770,1,3876,1,112,114,120
"2808",6855,1,9277,1,109,110,116
"2809",6907,1,6870,1,109,111,115
"2810",7081,1,11067,1,109,112,118
"2811",7094,1,2482,1,109,110,116
"2812",7662,1,5636,1,109,110,117
"2813",8143,1,9233,1,113,114,120
"2814",8348,1,1586,1,110,112,119
"2815",8763,1,519,1,109,111,116
"2816",9038,1,8788,1,111,112,116
"2817",9227,1,3915,1,111,114,117
"2818",9229,1,10073,1,108,110,115
"2819",9272,1,4176,1,108,110,116
"2820",10130,1,1060,1,113,114,119
"2821",10314,1,41,1,111,112,117
"2822",10759,1,6320,1,111,114,119
"2823",10850,1,11159,1,111,113,118
"2824",10936,1,2938,1,110,113,117
"2825",11405,1,3248,1,105,107,115
"2826",463,1,10609,1,108,111,116
"2827",476,1,3745,1,109,112,117
"2828",492,1,4488,1,111,113,122
"2829",1331,1,6377,1,109,111,116
"2830",1446,1,7575,1,109,112,117
"2831",1508,1,6032,1,111,112,117
"2832",1688,1,2940,1,111,114,118
"2833",1838,1,2160,1,111,115,121
"2834",2137,1,7575,1,109,112,117
"2835",2426,1,8162,1,111,113,119
"2836",3066,1,1948,1,113,115,120
"2837",3081,1,8895,1,112,113,118
"2838",3236,1,6026,1,113,114,120
"2839",3301,1,11252,1,110,112,118
"2840",3549,1,10692,1,111,113,117
"2841",4067,1,5981,1,112,114,120
"2842",4109,1,10534,1,109,110,116
"2843",4181,1,9981,1,110,112,116
"2844",4354,1,2182,1,108,110,116
"2845",4563,1,4726,1,111,113,120
"2846",4590,1,4498,1,109,111,117
"2847",4979,1,2190,1,110,112,117
"2848",5354,1,7763,1,109,111,116
"2849",5575,1,8745,1,112,113,119
"2850",5579,1,1004,1,110,111,117
"2851",5707,1,5511,1,113,114,121
"2852",5832,1,9348,1,114,115,120
"2853",6025,1,9128,1,112,113,120
"2854",6345,1,849,1,112,114,119
"2855",7053,1,6855,1,112,114,119
"2856",7211,1,10112,1,110,111,116
"2857",7289,1,127,1,110,112,118
"2858",7476,1,4834,1,113,115,123
"2859",8081,1,3225,1,112,113,119
"2860",8090,1,2052,1,113,114,119
"2861",8101,1,869,1,113,115,121
"2862",8114,1,2505,1,113,115,120
"2863",8160,1,2910,1,108,112,117
"2864",8174,1,6664,1,109,110,118
"2865",8587,1,1948,1,111,114,118
"2866",8895,1,8405,1,107,110,116
"2867",9233,1,2549,1,112,113,119
"2868",9463,1,3074,1,113,115,122
"2869",9761,1,3081,1,114,115,121
"2870",9963,1,4085,1,114,115,120
"2871",10650,1,2137,1,113,114,119
"2872",10725,1,2984,1,107,110,117
"2873",11065,1,4218,1,109,111,116
"2874",11170,1,10554,1,109,113,118
"2875",63,1,899,1,110,112,117
"2876",191,1,5353,1,112,114,119
"2877",220,1,7282,1,115,116,120
"2878",237,1,803,1,109,112,118
"2879",370,1,2428,1,113,115,120
"2880",396,1,5981,1,114,116,121
"2881",869,1,3567,1,109,112,117
"2882",927,1,8891,1,112,114,120
"2883",1060,1,972,1,109,111,120
"2884",1274,1,7286,1,114,116,122
"2885",1866,1,6816,1,110,113,118
"2886",1958,1,9762,1,113,116,121
"2887",2052,1,2802,1,111,113,118
"2888",2218,1,8033,1,111,112,118
"2889",2326,1,8788,1,111,112,118
"2890",2580,1,4043,1,113,114,120
"2891",2646,1,10135,1,113,115,119
"2892",2687,1,6032,1,114,115,122
"2893",2766,1,9913,1,113,115,120
"2894",2776,1,4820,1,113,115,119
"2895",2794,1,9711,1,109,111,117
"2896",3037,1,3166,1,111,112,118
"2897",3228,1,7211,1,112,113,118
"2898",3583,1,2041,1,111,112,117
"2899",3770,1,463,1,112,115,120
"2900",3985,1,1554,1,109,111,119
"2901",4233,1,3037,1,115,116,121
"2902",4407,1,9887,1,112,114,120
"2903",4460,1,7050,1,110,112,119
"2904",4556,1,7836,1,110,112,118
"2905",4834,1,2582,1,110,111,117
"2906",4977,1,7367,1,114,115,120
"2907",5008,1,2428,1,111,114,118
"2908",5699,1,10135,1,113,114,119
"2909",5771,1,3915,1,111,113,118
"2910",5888,1,698,1,111,113,118
"2911",6089,1,9575,1,110,112,118
"2912",6262,1,9989,1,111,112,117
"2913",6882,1,6032,1,112,113,120
"2914",7171,1,2071,1,110,113,117
"2915",7262,1,7257,1,112,115,121
"2916",7403,1,1146,1,108,111,117
"2917",7531,1,4071,1,115,116,122
"2918",7687,1,4487,1,112,113,120
"2919",8018,1,1278,1,112,114,121
"2920",8125,1,8524,1,111,115,120
"2921",8329,1,9106,1,114,115,120
"2922",8389,1,1927,1,107,110,117
"2923",8630,1,2766,1,115,116,120
"2924",8657,1,5732,1,114,115,119
"2925",8889,1,10012,1,115,116,123
"2926",9185,1,1699,1,113,115,122
"2927",9395,1,3225,1,110,112,119
"2928",9980,1,5598,1,114,116,122
"2929",10061,1,7050,1,109,111,117
"2930",10423,1,2160,1,111,114,121
"2931",10473,1,5449,1,113,114,119
"2932",10539,1,11179,1,111,114,122
"2933",10619,1,7018,1,113,114,119
"2934",10645,1,2052,1,114,116,120
"2935",10851,1,6816,1,110,111,117
"2936",10877,1,5771,1,114,115,119
"2937",11121,1,6663,1,115,116,122
"2938",11226,1,2235,1,110,112,118
"2939",11255,1,3085,1,114,116,119
"2940",11329,1,8432,1,114,116,120
"2941",311,1,5969,1,115,117,120
"2942",1041,1,3985,1,113,114,119
"2943",1438,1,4094,1,110,113,118
"2944",1703,1,6831,1,116,117,120
"2945",2380,1,4930,1,113,114,118
"2946",4001,1,3778,1,114,115,120
"2947",4189,1,7018,1,113,114,119
"2948",4482,1,7340,1,111,112,118
"2949",4652,1,10162,1,112,114,119
"2950",4796,1,1164,1,112,116,120
"2951",5247,1,10945,1,112,114,119
"2952",5403,1,10870,1,115,116,121
"2953",5431,1,10582,1,115,116,122
"2954",5773,1,9463,1,116,117,122
"2955",5829,1,6770,1,115,117,122
"2956",6130,1,9963,1,115,116,121
"2957",6222,1,4125,1,115,117,122
"2958",6500,1,3085,1,115,117,122
"2959",6521,1,7361,1,111,113,120
"2960",6663,1,9661,1,113,114,119
"2961",7027,1,6377,1,109,113,119
"2962",7105,1,1508,1,114,115,119
"2963",7314,1,5354,1,112,114,120
"2964",7367,1,127,1,110,113,118
"2965",7540,1,6933,1,115,117,121
"2966",7735,1,8090,1,115,117,124
"2967",8432,1,4090,1,109,113,119
"2968",8631,1,3778,1,114,116,121
"2969",9128,1,1430,1,108,111,118
"2970",9412,1,370,1,116,117,123
"2971",9537,1,3225,1,111,115,120
"2972",9885,1,458,1,114,116,123
"2973",9913,1,948,1,108,112,118
"2974",10114,1,11252,1,110,114,121
"2975",10153,1,8763,1,113,114,121
"2976",10163,1,8763,1,112,113,120
"2977",10393,1,4803,1,110,112,119
"2978",10582,1,925,1,112,114,120
"2979",10849,1,10493,1,112,113,119
"2980",11343,1,463,1,112,115,119
"2981",89,1,10759,1,114,116,122
"2982",235,1,2220,1,115,117,124
"2983",274,1,9661,1,114,117,123
"2984",846,1,5072,1,112,114,120
"2985",1691,1,2091,1,114,115,120
"2986",1753,1,3583,1,113,115,121
"2987",1839,1,8090,1,115,116,122
"2988",2185,1,5754,1,117,118,125
"2989",2260,1,4726,1,113,115,120
"2990",2502,1,7288,1,111,113,119
"2991",2651,1,11295,1,113,115,119
"2992",2870,1,10163,1,114,116,122
"2993",2955,1,846,1,115,116,120
"2994",3073,1,10936,1,116,117,124
"2995",3252,1,9661,1,115,118,124
"2996",3492,1,5008,1,115,116,123
"2997",3526,1,11216,1,113,116,122
"2998",3623,1,2505,1,112,115,120
"2999",3830,1,5773,1,117,118,124
"3000",3898,1,10706,1,112,114,119
"3001",4039,1,10936,1,114,117,121
"3002",4085,1,3166,1,112,113,119
"3003",4119,1,9185,1,116,118,124
"3004",4125,1,5370,1,113,114,120
"3005",4131,1,8889,1,117,118,124
"3006",4399,1,8162,1,112,114,119
"3007",4527,1,2426,1,114,116,122
"3008",4625,1,6540,1,113,115,120
"3009",4773,1,4902,1,114,116,121
"3010",4859,1,5628,1,113,116,120
"3011",5018,1,2710,1,117,118,124
"3012",5190,1,7289,1,113,114,119
"3013",5605,1,948,1,112,114,119
"3014",5754,1,5732,1,113,115,122
"3015",5969,1,215,1,112,114,119
"3016",6264,1,5112,1,114,116,121
"3017",6539,1,6025,1,114,115,120
"3018",6557,1,2794,1,112,115,120
"3019",6750,1,5845,1,108,115,120
"3020",7282,1,5112,1,112,114,119
"3021",7658,1,11170,1,114,117,121
"3022",7710,1,11143,1,114,116,120
"3023",8023,1,5247,1,115,118,122
"3024",8121,1,11170,1,114,116,122
"3025",8244,1,9963,1,116,118,124
"3026",8289,1,5579,1,112,115,120
"3027",8466,1,5707,1,115,116,121
"3028",8548,1,10135,1,113,114,120
"3029",8580,1,315,1,117,118,124
"3030",8771,1,3281,1,114,116,120
"3031",9028,1,24,1,112,113,119
"3032",9539,1,1274,1,116,117,121
"3033",9552,1,5112,1,114,116,122
"3034",10012,1,2631,1,109,114,120
"3035",10035,1,8631,1,117,118,121
"3036",10131,1,11329,1,116,117,124
"3037",10180,1,10936,1,114,116,121
"3038",10224,1,2102,1,112,114,120
"3039",10469,1,3066,1,116,118,124
"3040",10581,1,4570,1,113,117,124
"3041",10870,1,4043,1,111,113,120
"3042",10903,1,3093,1,116,118,123
"3043",11113,1,11343,1,116,118,124
"3044",11143,1,6026,1,112,113,119
"3045",386,1,10224,1,115,117,121
"3046",592,1,7262,1,117,119,126
"3047",614,1,10061,1,114,115,122
"3048",955,1,8548,1,116,117,121
"3049",1137,1,2052,1,115,117,122
"3050",2585,1,4189,1,115,118,125
"3051",2710,1,4622,1,113,115,120
"3052",2998,1,9101,1,116,118,122
"3053",3203,1,5247,1,115,118,124
"3054",3346,1,2975,1,110,113,120
"3055",3678,1,3526,1,118,119,125
"3056",3952,1,8369,1,117,119,124
"3057",4016,1,5969,1,115,118,123
"3058",4180,1,8466,1,117,118,123
"3059",4760,1,5969,1,116,119,124
"3060",5207,1,2680,1,117,118,124
"3061",5365,1,3081,1,114,117,123
"3062",5378,1,4477,1,115,116,121
"3063",5603,1,840,1,114,115,123
"3064",5833,1,2520,1,117,118,123
"3065",5859,1,2502,1,114,117,122
"3066",5962,1,10759,1,116,118,125
"3067",6731,1,4001,1,116,118,123
"3068",6976,1,7314,1,116,117,121
"3069",7585,1,3228,1,113,116,122
"3070",8142,1,1551,1,113,115,121
"3071",8157,1,9227,1,115,117,122
"3072",8248,1,6089,1,114,115,120
"3073",8309,1,2220,1,115,118,123
"3074",8506,1,4652,1,116,119,124
"3075",9022,1,11065,1,112,116,121
"3076",9036,1,6933,1,113,116,123
"3077",9125,1,11126,1,113,115,120
"3078",9202,1,4482,1,114,116,122
"3079",9484,1,3876,1,111,114,122
"3080",9545,1,4067,1,115,116,121
"3081",9689,1,3066,1,116,118,123
"3082",9854,1,6539,1,116,117,123
"3083",9858,1,4590,1,113,115,121
"3084",10317,1,5605,1,116,117,122
"3085",10478,1,396,1,117,119,123
"3086",10677,1,10153,1,115,117,123
"3087",10810,1,1826,1,117,119,125
"3088",11084,1,9539,1,118,119,126
"3089",14,1,11344,1,117,120,125
"3090",1596,1,10082,1,112,114,123
"3091",1826,1,6545,1,112,115,121
"3092",2034,1,3526,1,118,120,125
"3093",2274,1,10012,1,115,117,123
"3094",2457,1,4556,1,115,119,124
"3095",2616,1,10823,1,118,119,125
"3096",3093,1,250,1,114,115,123
"3097",3190,1,1596,1,115,117,123
"3098",3921,1,10460,1,116,118,123
"3099",4071,1,2357,1,111,114,121
"3100",4127,1,4407,1,117,118,123
"3101",4194,1,8630,1,118,119,123
"3102",4224,1,8316,1,119,120,125
"3103",4765,1,7585,1,118,119,123
"3104",4993,1,1691,1,116,118,126
"3105",5020,1,5829,1,117,119,125
"3106",5245,1,7639,1,117,118,122
"3107",5309,1,89,1,117,118,122
"3108",5732,1,8758,1,110,113,121
"3109",5798,1,2580,1,115,117,122
"3110",6005,1,3191,1,114,115,121
"3111",6027,1,8081,1,114,116,121
"3112",6690,1,9106,1,114,116,121
"3113",6831,1,6396,1,114,115,121
"3114",7014,1,191,1,116,117,122
"3115",7348,1,10677,1,117,118,122
"3116",7739,1,2160,1,112,116,121
"3117",8316,1,9233,1,114,117,122
"3118",8369,1,7367,1,114,116,121
"3119",8695,1,10619,1,117,120,124
"3120",9332,1,3190,1,117,119,128
"3121",10253,1,6222,1,118,120,129
"3122",10599,1,1041,1,115,118,122
"3123",10823,1,7367,1,114,117,125
"3124",10957,1,8329,1,117,119,125
"3125",11244,1,6540,1,113,115,121
"3126",11344,1,10539,1,115,116,121
"3127",11416,1,492,1,115,118,123
"3128",313,1,5190,1,116,117,123
"3129",315,1,8081,1,115,116,122
"3130",485,1,2651,1,116,118,122
"3131",613,1,2585,1,120,121,126
"3132",688,1,8725,1,119,120,124
"3133",1167,1,7105,1,117,120,125
"3134",1290,1,396,1,117,118,126
"3135",1544,1,6005,1,116,118,123
"3136",1891,1,4363,1,118,119,124
"3137",2520,1,3228,1,113,116,122
"3138",2714,1,10423,1,116,118,124
"3139",2966,1,8114,1,117,119,124
"3140",3069,1,10650,1,116,118,125
"3141",3080,1,11069,1,120,121,126
"3142",3344,1,10460,1,118,120,124
"3143",3405,1,4563,1,114,115,123
"3144",3612,1,2955,1,116,120,126
"3145",3823,1,313,1,119,121,126
"3146",3865,1,3770,1,117,121,125
"3147",4363,1,2580,1,114,117,123
"3148",4374,1,3093,1,118,120,124
"3149",5432,1,9885,1,117,118,124
"3150",5629,1,10870,1,114,116,122
"3151",5988,1,7825,1,117,118,126
"3152",6024,1,1137,1,118,119,125
"3153",6058,1,4773,1,118,120,125
"3154",6229,1,315,1,116,117,125
"3155",6236,1,5433,1,118,119,123
"3156",6420,1,89,1,117,118,124
"3157",6618,1,7908,1,120,121,126
"3158",6789,1,7639,1,119,121,126
"3159",6817,1,10850,1,115,119,125
"3160",6983,1,10180,1,117,119,127
"3161",7002,1,2520,1,119,121,124
"3162",7392,1,5732,1,114,116,122
"3163",7581,1,8506,1,120,121,126
"3164",7599,1,191,1,115,116,122
"3165",8028,1,10599,1,119,121,126
"3166",8505,1,4039,1,118,119,125
"3167",8744,1,1838,1,118,120,125
"3168",8769,1,7410,1,113,117,123
"3169",8907,1,2426,1,114,117,123
"3170",9062,1,8316,1,118,120,124
"3171",9420,1,2380,1,115,116,122
"3172",9620,1,7735,1,118,119,125
"3173",10460,1,5116,1,112,116,122
"3174",10704,1,6750,1,117,118,124
"3175",11182,1,10224,1,116,118,124
"3176",11196,1,10823,1,119,121,126
"3177",25,1,8725,1,118,120,125
"3178",344,1,7658,1,118,119,124
"3179",593,1,10759,1,116,120,124
"3180",683,1,10926,1,120,122,130
"3181",723,1,4039,1,118,121,127
"3182",1088,1,7476,1,116,118,123
"3183",1178,1,3081,1,114,118,124
"3184",1428,1,4363,1,118,120,125
"3185",1538,1,10035,1,120,121,126
"3186",1573,1,10645,1,119,121,126
"3187",1695,1,9029,1,120,121,126
"3188",1924,1,5699,1,115,117,123
"3189",2082,1,11329,1,118,120,125
"3190",2551,1,4765,1,120,121,126
"3191",2680,1,4930,1,113,116,123
"3192",2985,1,9008,1,119,121,126
"3193",3785,1,804,1,120,121,125
"3194",3796,1,6500,1,118,120,127
"3195",4025,1,5365,1,119,121,126
"3196",5312,1,4127,1,119,121,126
"3197",5359,1,8680,1,115,118,124
"3198",5433,1,4796,1,116,118,124
"3199",6083,1,9028,1,116,119,124
"3200",6711,1,10469,1,118,119,125
"3201",7342,1,4765,1,119,122,129
"3202",7419,1,6663,1,115,119,125
"3203",7588,1,11268,1,118,120,126
"3204",7639,1,4225,1,113,115,123
"3205",7720,1,2457,1,119,120,128
"3206",7908,1,955,1,118,120,126
"3207",8113,1,5798,1,117,119,125
"3208",8483,1,4563,1,116,119,124
"3209",8764,1,10810,1,121,122,127
"3210",9008,1,9202,1,117,118,125
"3211",9081,1,5798,1,118,120,124
"3212",9197,1,5988,1,119,122,127
"3213",9255,1,2274,1,118,121,126
"3214",9325,1,6264,1,117,119,124
"3215",9435,1,2646,1,116,117,123
"3216",9771,1,10317,1,121,122,127
"3217",9839,1,485,1,118,120,124
"3218",10133,1,7014,1,119,122,127
"3219",10189,1,6557,1,116,118,124
"3220",10643,1,8125,1,115,117,124
"3221",11017,1,5754,1,118,119,123
"3222",11135,1,3190,1,119,121,126
"3223",11248,1,8369,1,118,119,125
"3224",11268,1,8090,1,115,117,123
"3225",11408,1,5575,1,115,116,123
"3226",156,1,6024,1,120,123,129
"3227",852,1,5754,1,116,118,124
"3228",874,1,4977,1,117,118,124
"3229",904,1,6770,1,116,120,127
"3230",937,1,5245,1,120,121,128
"3231",1127,1,8889,1,118,121,126
"3232",1473,1,4527,1,117,118,124
"3233",1773,1,6976,1,119,121,125
"3234",2241,1,5771,1,115,116,125
"3235",2456,1,5829,1,118,120,126
"3236",2484,1,3599,1,120,121,125
"3237",2755,1,8143,1,115,118,126
"3238",2997,1,1753,1,117,120,126
"3239",3116,1,9008,1,119,120,126
"3240",3183,1,3921,1,119,120,124
"3241",3394,1,9029,1,122,123,128
"3242",3599,1,8125,1,117,119,124
"3243",3725,1,311,1,118,120,126
"3244",3774,1,1088,1,118,119,125
"3245",4150,1,6690,1,117,120,124
"3246",4164,1,8631,1,118,120,125
"3247",4451,1,7540,1,119,121,126
"3248",4510,1,6222,1,118,121,127
"3249",4520,1,2241,1,118,120,124
"3250",4650,1,2955,1,118,120,124
"3251",4744,1,9022,1,119,121,126
"3252",4753,1,2274,1,119,120,124
"3253",4811,1,8858,1,120,122,126
"3254",4845,1,10957,1,121,123,128
"3255",5023,1,5207,1,120,122,127
"3256",5268,1,1924,1,119,120,125
"3257",5741,1,8125,1,116,118,124
"3258",5742,1,7599,1,117,120,124
"3259",5803,1,4977,1,117,118,124
"3260",5810,1,10650,1,116,117,126
"3261",6128,1,5773,1,119,120,126
"3262",6488,1,4180,1,120,123,128
"3263",6584,1,8398,1,119,120,127
"3264",6598,1,5268,1,121,122,128
"3265",7198,1,10704,1,120,121,124
"3266",7227,1,6817,1,122,123,128
"3267",7493,1,3921,1,119,121,125
"3268",7537,1,10926,1,119,120,124
"3269",7682,1,1274,1,118,119,125
"3270",7825,1,63,1,113,115,125
"3271",7921,1,4650,1,122,123,128
"3272",8227,1,5207,1,119,121,127
"3273",8398,1,3526,1,117,118,124
"3274",8619,1,7710,1,117,120,125
"3275",9029,1,10473,1,116,119,125
"3276",9058,1,313,1,118,120,127
"3277",10011,1,3252,1,119,122,126
"3278",10808,1,5859,1,119,120,126
"3279",11062,1,4374,1,121,123,128
"3280",11069,1,1826,1,116,120,126
"3281",11188,1,396,1,120,121,127
"3282",11426,1,1533,1,121,123,128
"3283",752,1,9239,1,122,123,130
"3284",804,1,7710,1,117,119,125
"3285",1142,1,9435,1,118,119,125
"3286",1213,1,9125,1,117,119,126
"3287",1533,1,9125,1,118,120,126
"3288",1607,1,10131,1,122,123,127
"3289",1649,1,3865,1,121,123,128
"3290",1861,1,11329,1,117,119,125
"3291",2136,1,852,1,119,121,126
"3292",2358,1,3974,1,122,124,131
"3293",2532,1,10810,1,121,124,129
"3294",3335,1,8706,1,121,124,130
"3295",3611,1,8725,1,120,121,126
"3296",3771,1,3830,1,118,120,125
"3297",4658,1,4131,1,120,122,127
"3298",4667,1,7493,1,122,124,129
"3299",4722,1,9332,1,120,122,127
"3300",5181,1,315,1,118,121,128
"3301",5375,1,5312,1,122,124,130
"3302",5426,1,5431,1,116,118,126
"3303",5457,1,6539,1,116,123,129
"3304",5695,1,6500,1,118,120,126
"3305",5980,1,9854,1,119,123,127
"3306",6070,1,14,1,122,124,131
"3307",6173,1,904,1,120,123,129
"3308",6234,1,10581,1,120,122,129
"3309",6248,1,11248,1,119,122,128
"3310",7568,1,4760,1,120,122,127
"3311",7638,1,4451,1,122,124,128
"3312",7867,1,7014,1,119,122,130
"3313",7967,1,8771,1,118,120,127
"3314",8032,1,5773,1,119,122,129
"3315",8421,1,3611,1,121,123,127
"3316",8495,1,4993,1,120,123,128
"3317",8681,1,6952,1,122,123,127
"3318",8706,1,6690,1,118,120,126
"3319",8725,1,5754,1,116,118,126
"3320",8858,1,235,1,118,119,125
"3321",9102,1,9839,1,121,123,127
"3322",9235,1,4902,1,117,120,127
"3323",9246,1,11268,1,119,121,126
"3324",9257,1,6695,1,123,124,128
"3325",9906,1,5742,1,121,122,127
"3326",9961,1,9029,1,120,122,126
"3327",9972,1,11188,1,122,123,128
"3328",10029,1,11344,1,118,120,126
"3329",10132,1,7493,1,123,124,131
"3330",10167,1,8907,1,119,120,126
"3331",10278,1,4773,1,120,122,127
"3332",10485,1,10253,1,121,122,128
"3333",10926,1,2220,1,115,119,126
"3334",10971,1,315,1,119,122,126
"3335",10993,1,6500,1,119,122,127
"3336",482,1,9620,1,121,123,129
"3337",629,1,8706,1,122,125,130
"3338",997,1,9022,1,120,125,130
"3339",1040,1,5742,1,122,123,129
"3340",1132,1,8369,1,118,121,127
"3341",1392,1,7487,1,122,124,128
"3342",1686,1,955,1,120,121,126
"3343",1811,1,10618,1,124,125,130
"3344",2210,1,5833,1,120,122,128
"3345",2486,1,11293,1,123,124,129
"3346",3022,1,7728,1,122,123,127
"3347",3125,1,2966,1,120,121,126
"3348",3533,1,1861,1,121,123,128
"3349",3564,1,3678,1,119,121,126
"3350",3912,1,440,1,123,125,130
"3351",3974,1,7053,1,118,121,128
"3352",4018,1,2185,1,119,121,127
"3353",4028,1,3116,1,122,124,131
"3354",4146,1,3830,1,119,121,126
"3355",4238,1,8619,1,120,122,127
"3356",4300,1,10469,1,120,121,127
"3357",5048,1,6058,1,121,122,128
"3358",5288,1,5695,1,121,123,129
"3359",5627,1,10029,1,121,124,129
"3360",5869,1,4744,1,122,123,128
"3361",6273,1,1142,1,121,125,129
"3362",6367,1,9062,1,120,123,128
"3363",6404,1,6805,1,124,125,131
"3364",6456,1,7499,1,123,125,129
"3365",6506,1,10997,1,122,125,129
"3366",6805,1,4760,1,121,123,129
"3367",7356,1,5359,1,121,123,128
"3368",7728,1,315,1,119,121,126
"3369",8281,1,3952,1,120,123,128
"3370",8322,1,10029,1,123,124,134
"3371",8973,1,1538,1,122,124,129
"3372",9319,1,8505,1,119,122,126
"3373",9983,1,8506,1,122,123,129
"3374",10336,1,7581,1,122,125,130
"3375",10626,1,8706,1,121,122,128
"3376",10680,1,9036,1,117,120,126
"3377",11002,1,5962,1,119,122,127
"3378",11293,1,4563,1,115,120,126
"3379",385,1,551,1,123,125,131
"3380",551,1,8858,1,120,122,127
"3381",959,1,9319,1,123,124,129
"3382",1068,1,5695,1,122,124,128
"3383",1129,1,937,1,122,123,127
"3384",1279,1,4845,1,124,125,129
"3385",1594,1,4658,1,122,124,130
"3386",2072,1,7908,1,122,123,128
"3387",2292,1,1142,1,120,122,127
"3388",2306,1,2997,1,122,123,128
"3389",2420,1,3203,1,120,122,128
"3390",2927,1,8706,1,122,124,129
"3391",3329,1,6058,1,122,123,128
"3392",3380,1,8222,1,124,126,131
"3393",3437,1,1392,1,124,126,130
"3394",3581,1,2771,1,123,126,132
"3395",3874,1,8495,1,123,125,130
"3396",3926,1,8506,1,120,122,128
"3397",3940,1,21,1,124,126,130
"3398",4444,1,344,1,120,123,127
"3399",4810,1,11113,1,120,122,129
"3400",5332,1,3564,1,122,124,128
"3401",5926,1,8506,1,120,121,127
"3402",6170,1,3898,1,116,121,127
"3403",6550,1,8028,1,123,125,129
"3404",6556,1,2997,1,121,124,129
"3405",6695,1,3678,1,121,122,128
"3406",6812,1,1167,1,121,123,129
"3407",6952,1,4131,1,119,121,127
"3408",6956,1,6128,1,123,125,130
"3409",8144,1,5926,1,122,124,128
"3410",8518,1,8858,1,122,124,131
"3411",9373,1,2585,1,121,124,131
"3412",9411,1,1773,1,122,124,129
"3413",9428,1,688,1,122,123,128
"3414",9900,1,7493,1,123,125,131
"3415",9950,1,1213,1,121,124,130
"3416",10499,1,10835,1,125,126,133
"3417",10618,1,7002,1,122,123,129
"3418",10703,1,723,1,122,124,128
"3419",10712,1,752,1,124,126,134
"3420",10835,1,4374,1,121,123,128
"3421",10997,1,10704,1,120,121,127
"3422",11056,1,1137,1,118,122,129
"3423",11058,1,10680,1,121,123,128
"3424",11272,1,9839,1,121,122,127
"3425",21,1,8309,1,120,122,129
"3426",229,1,4811,1,124,125,130
"3427",831,1,10626,1,124,125,130
"3428",1390,1,9941,1,126,127,135
"3429",1567,1,904,1,121,122,128
"3430",2729,1,1573,1,122,124,128
"3431",2840,1,10485,1,125,126,132
"3432",3136,1,1742,1,125,127,131
"3433",3325,1,4025,1,124,126,131
"3434",3361,1,5312,1,123,124,130
"3435",3882,1,3394,1,124,126,132
"3436",4221,1,8032,1,123,125,129
"3437",4281,1,10133,1,125,126,132
"3438",4474,1,9235,1,121,125,131
"3439",4849,1,4744,1,122,127,133
"3440",4997,1,8227,1,122,126,130
"3441",5189,1,8619,1,121,123,128
"3442",5424,1,9961,1,123,124,131
"3443",5567,1,1392,1,125,126,131
"3444",5737,1,11084,1,122,125,130
"3445",6268,1,4119,1,119,121,128
"3446",7391,1,4238,1,123,126,132
"3447",7487,1,1958,1,119,121,128
"3448",7852,1,11248,1,121,125,132
"3449",8043,1,8681,1,125,127,132
"3450",8222,1,688,1,121,123,128
"3451",8784,1,8222,1,125,127,131
"3452",8814,1,551,1,122,126,131
"3453",8818,1,3335,1,124,126,131
"3454",9157,1,3865,1,123,126,131
"3455",9239,1,10704,1,120,121,129
"3456",9398,1,1695,1,123,125,131
"3457",9835,1,5375,1,125,126,130
"3458",9871,1,4180,1,120,123,128
"3459",10459,1,5737,1,126,127,131
"3460",10533,1,2210,1,123,124,128
"3461",10923,1,8973,1,125,126,130
"3462",10992,1,7487,1,123,125,130
"3463",11413,1,4146,1,124,126,132
"3464",206,1,7142,1,124,127,131
"3465",208,1,9489,1,126,128,134
"3466",245,1,3974,1,122,124,130
"3467",440,1,11121,1,118,122,130
"3468",549,1,3612,1,122,123,129
"3469",1606,1,7356,1,124,126,133
"3470",1616,1,7227,1,123,125,129
"3471",2068,1,6170,1,122,123,129
"3472",2243,1,4221,1,126,128,132
"3473",2512,1,245,1,125,126,131
"3474",2553,1,8032,1,126,128,134
"3475",2771,1,6083,1,121,123,130
"3476",2945,1,9983,1,123,125,130
"3477",3178,1,10971,1,123,125,131
"3478",3255,1,3394,1,124,126,130
"3479",3313,1,7588,1,124,125,130
"3480",3382,1,8858,1,122,127,134
"3481",3438,1,2484,1,123,127,131
"3482",3954,1,874,1,121,123,130
"3483",4147,1,3080,1,122,125,130
"3484",4342,1,7867,1,124,125,130
"3485",4344,1,11084,1,121,127,132
"3486",4591,1,4194,1,121,124,129
"3487",4787,1,4963,1,127,128,136
"3488",4829,1,8028,1,123,125,130
"3489",5128,1,5980,1,124,127,132
"3490",5341,1,9839,1,122,124,130
"3491",5400,1,9058,1,121,127,133
"3492",5416,1,5341,1,126,128,133
"3493",6669,1,6689,1,126,128,132
"3494",7099,1,5332,1,125,127,132
"3495",7142,1,3116,1,121,123,129
"3496",7499,1,11135,1,121,122,129
"3497",7677,1,4811,1,124,126,131
"3498",7704,1,6598,1,124,126,131
"3499",7978,1,10991,1,126,128,134
"3500",8126,1,8706,1,122,126,130
"3501",8166,1,2562,1,127,128,133
"3502",8349,1,592,1,120,123,129
"3503",8779,1,8784,1,127,128,133
"3504",9356,1,1088,1,120,123,130
"3505",9470,1,6339,1,126,128,132
"3506",9489,1,6268,1,124,125,129
"3507",9596,1,385,1,127,128,132
"3508",9806,1,6805,1,124,127,133
"3509",9941,1,6695,1,123,124,129
"3510",9956,1,4650,1,122,125,130
"3511",10136,1,5023,1,124,126,130
"3512",10651,1,6268,1,122,125,134
"3513",10675,1,4591,1,124,126,130
"3514",10904,1,10971,1,123,125,130
"3515",182,1,3952,1,121,123,130
"3516",514,1,4811,1,124,125,132
"3517",601,1,10227,1,127,128,133
"3518",617,1,10618,1,126,129,134
"3519",1073,1,5424,1,125,126,132
"3520",1595,1,4642,1,127,128,133
"3521",1742,1,10478,1,121,125,131
"3522",1956,1,9941,1,127,128,131
"3523",2304,1,6556,1,125,126,130
"3524",2390,1,5567,1,128,129,134
"3525",2452,1,4510,1,122,124,130
"3526",2562,1,6070,1,125,126,131
"3527",2695,1,8032,1,123,125,130
"3528",4041,1,2532,1,127,128,133
"3529",4424,1,5023,1,125,127,133
"3530",4642,1,3865,1,122,125,130
"3531",4873,1,9950,1,125,126,130
"3532",4983,1,3335,1,125,128,134
"3533",5177,1,9771,1,124,127,132
"3534",5448,1,7867,1,126,127,131
"3535",5565,1,9062,1,122,123,130
"3536",6063,1,9835,1,126,127,133
"3537",6074,1,8518,1,126,128,134
"3538",6156,1,8764,1,124,126,132
"3539",6317,1,3796,1,120,123,130
"3540",6530,1,8324,1,128,129,135
"3541",6689,1,10626,1,123,125,131
"3542",6762,1,4018,1,122,125,130
"3543",7145,1,9102,1,125,127,132
"3544",7203,1,1538,1,123,125,132
"3545",7427,1,514,1,126,127,131
"3546",7451,1,6983,1,125,127,132
"3547",7833,1,7638,1,125,126,132
"3548",7897,1,1594,1,125,126,132
"3549",7970,1,6689,1,127,128,133
"3550",8530,1,9771,1,125,127,134
"3551",8629,1,959,1,124,127,133
"3552",8781,1,6024,1,121,124,130
"3553",8923,1,10808,1,120,124,130
"3554",9019,1,9771,1,124,127,130
"3555",9103,1,10957,1,120,124,130
"3556",9382,1,8421,1,124,126,133
"3557",9893,1,182,1,124,126,131
"3558",9969,1,4997,1,128,129,134
"3559",10227,1,9356,1,125,126,131
"3560",10447,1,4829,1,126,127,130
"3561",10991,1,182,1,123,125,131
"3562",11243,1,5189,1,124,126,132
"3563",11440,1,831,1,126,127,133
"3564",695,1,3380,1,127,129,133
"3565",938,1,7142,1,125,127,131
"3566",1061,1,11413,1,127,130,134
"3567",1097,1,2840,1,127,130,136
"3568",1939,1,3183,1,121,125,131
"3569",2217,1,229,1,126,128,133
"3570",3140,1,10993,1,124,126,131
"3571",3322,1,9489,1,128,129,134
"3572",3624,1,9411,1,127,128,133
"3573",3768,1,2840,1,128,130,136
"3574",4195,1,4510,1,124,126,131
"3575",4588,1,6651,1,126,128,133
"3576",4693,1,3255,1,127,129,133
"3577",4980,1,5567,1,129,130,137
"3578",5569,1,10808,1,123,125,133
"3579",5807,1,3940,1,128,130,135
"3580",5946,1,9835,1,127,128,131
"3581",6314,1,8322,1,126,129,134
"3582",6339,1,3725,1,123,125,131
"3583",6373,1,11135,1,123,125,132
"3584",6386,1,5926,1,123,127,132
"3585",6621,1,4658,1,125,127,134
"3586",6651,1,723,1,123,125,131
"3587",6792,1,9961,1,123,124,131
"3588",7913,1,10618,1,123,127,132
"3589",8146,1,9373,1,124,126,134
"3590",8339,1,5128,1,128,130,135
"3591",8460,1,2457,1,122,126,131
"3592",8984,1,10459,1,129,130,137
"3593",9195,1,5288,1,124,126,132
"3594",9410,1,6273,1,127,130,134
"3595",9937,1,9454,1,129,130,134
"3596",9985,1,9950,1,126,129,134
"3597",10716,1,10991,1,126,127,132
"3598",10784,1,5737,1,126,128,134
"3599",10809,1,7537,1,121,126,131
"3600",11111,1,2729,1,125,127,132
"3601",11321,1,8764,1,124,125,134
"3602",325,1,7467,1,129,130,135
"3603",932,1,3882,1,127,129,133
"3604",1100,1,6488,1,124,128,133
"3605",1189,1,10835,1,125,126,133
"3606",1313,1,3325,1,127,129,133
"3607",1499,1,2420,1,125,127,133
"3608",1783,1,11058,1,125,128,135
"3609",2265,1,9956,1,127,129,134
"3610",2297,1,4164,1,124,126,132
"3611",3014,1,7704,1,129,131,136
"3612",3399,1,4963,1,129,131,137
"3613",3490,1,1773,1,124,128,133
"3614",3758,1,938,1,128,131,136
"3615",4364,1,11243,1,126,128,134
"3616",4439,1,6339,1,126,129,134
"3617",4458,1,2306,1,126,131,135
"3618",4850,1,9489,1,128,130,137
"3619",4891,1,8032,1,123,128,134
"3620",5144,1,1127,1,123,126,133
"3621",5990,1,5946,1,129,131,135
"3622",6332,1,9835,1,128,130,134
"3623",7744,1,7021,1,129,131,136
"3624",7955,1,3926,1,124,127,133
"3625",7990,1,3490,1,129,131,136
"3626",8156,1,4983,1,128,130,136
"3627",8354,1,4849,1,128,130,135
"3628",8374,1,6812,1,124,128,132
"3629",8458,1,5177,1,127,129,134
"3630",8563,1,9771,1,124,127,133
"3631",8952,1,8043,1,129,131,137
"3632",9258,1,4147,1,127,130,135
"3633",10211,1,7142,1,124,128,132
"3634",10450,1,11062,1,125,127,132
"3635",11116,1,10533,1,125,127,133
"3636",11269,1,8563,1,128,130,135
"3637",2342,1,1189,1,127,130,135
"3638",2812,1,9489,1,126,129,134
"3639",3393,1,4963,1,127,130,135
"3640",3442,1,2068,1,127,129,135
"3641",3522,1,1390,1,128,129,134
"3642",3906,1,6074,1,129,130,136
"3643",3910,1,8781,1,125,127,133
"3644",4102,1,6314,1,131,132,137
"3645",4178,1,8518,1,126,129,134
"3646",4736,1,7099,1,129,131,135
"3647",4947,1,10971,1,125,126,133
"3648",5145,1,10211,1,128,130,135
"3649",5342,1,1783,1,129,130,137
"3650",5549,1,5375,1,126,128,135
"3651",6001,1,10992,1,129,131,135
"3652",6006,1,5424,1,126,128,134
"3653",6064,1,1068,1,125,126,133
"3654",6739,1,7978,1,130,131,136
"3655",6850,1,5926,1,124,127,133
"3656",7021,1,6762,1,126,128,134
"3657",7467,1,6792,1,126,127,135
"3658",7515,1,10923,1,127,129,135
"3659",7724,1,3910,1,128,130,135
"3660",7928,1,6063,1,128,129,133
"3661",8324,1,2532,1,126,128,133
"3662",8385,1,2452,1,126,128,133
"3663",8424,1,10809,1,127,131,135
"3664",8643,1,10011,1,124,128,133
"3665",9004,1,3335,1,128,130,134
"3666",9454,1,4591,1,126,128,133
"3667",10084,1,4281,1,127,128,134
"3668",10303,1,9893,1,127,128,133
"3669",10920,1,9258,1,131,132,136
"3670",11267,1,206,1,128,130,136
"3671",11433,1,10992,1,126,129,137
"3672",85,1,3255,1,127,128,134
"3673",218,1,3178,1,128,129,134
"3674",1155,1,3394,1,126,129,135
"3675",1550,1,8222,1,124,127,135
"3676",2431,1,8156,1,131,132,137
"3677",2554,1,9454,1,129,130,137
"3678",2636,1,5567,1,128,130,135
"3679",3318,1,9373,1,126,130,137
"3680",4432,1,8339,1,132,133,138
"3681",4963,1,4658,1,124,126,134
"3682",4981,1,10712,1,127,129,135
"3683",5797,1,9771,1,125,129,134
"3684",5882,1,2304,1,127,129,134
"3685",6244,1,9985,1,130,131,135
"3686",6253,1,3380,1,127,130,134
"3687",6683,1,5797,1,130,133,137
"3688",7387,1,10922,1,131,133,140
"3689",7423,1,5342,1,131,133,139
"3690",7459,1,4439,1,129,131,136
"3691",7803,1,5341,1,127,129,134
"3692",7865,1,1783,1,129,131,135
"3693",7944,1,6173,1,127,130,135
"3694",8642,1,6598,1,124,127,134
"3695",9041,1,514,1,126,131,136
"3696",9140,1,10450,1,128,130,134
"3697",9183,1,9871,1,125,128,134
"3698",9292,1,2265,1,130,133,138
"3699",9723,1,695,1,130,131,137
"3700",10922,1,6156,1,129,130,135
"3701",263,1,7803,1,130,132,138
"3702",1000,1,1061,1,131,132,136
"3703",1063,1,10447,1,128,131,137
"3704",1081,1,7852,1,127,129,137
"3705",1358,1,7263,1,132,133,138
"3706",1521,1,4281,1,128,130,136
"3707",1666,1,4424,1,130,133,138
"3708",3241,1,1607,1,125,128,135
"3709",4758,1,3382,1,129,131,135
"3710",5133,1,2840,1,128,130,135
"3711",5596,1,8043,1,129,131,137
"3712",5903,1,9411,1,127,130,135
"3713",6395,1,5042,1,131,133,139
"3714",7181,1,9937,1,130,131,136
"3715",7263,1,8460,1,127,131,135
"3716",8116,1,1097,1,131,132,137
"3717",8411,1,3648,1,132,134,139
"3718",8538,1,4178,1,131,133,138
"3719",8558,1,10922,1,131,133,138
"3720",8826,1,3581,1,127,128,136
"3721",8904,1,6006,1,130,133,138
"3722",8961,1,10459,1,130,132,137
"3723",9782,1,5400,1,128,130,135
"3724",10169,1,8818,1,127,129,135
"3725",10438,1,4693,1,131,134,139
"3726",10500,1,1390,1,127,130,135
"3727",11059,1,8043,1,129,132,138
"3728",329,1,7865,1,132,133,137
"3729",701,1,1081,1,130,133,138
"3730",1012,1,7978,1,129,132,137
"3731",1396,1,4980,1,131,132,138
"3732",1471,1,1097,1,132,134,139
"3733",1628,1,9292,1,133,135,140
"3734",1680,1,9782,1,131,132,138
"3735",2626,1,9470,1,130,132,137
"3736",2703,1,1000,1,134,135,139
"3737",3482,1,1521,1,132,133,138
"3738",3648,1,10923,1,129,131,136
"3739",3911,1,617,1,129,131,136
"3740",4132,1,3768,1,132,134,140
"3741",4291,1,7803,1,131,133,139
"3742",4751,1,5042,1,131,132,137
"3743",5042,1,1742,1,127,130,136
"3744",5938,1,8385,1,129,130,137
"3745",7004,1,3322,1,133,135,140
"3746",7241,1,4178,1,132,134,139
"3747",7549,1,8952,1,133,135,141
"3748",7814,1,10102,1,133,135,140
"3749",7936,1,5133,1,131,134,138
"3750",8042,1,6506,1,127,131,136
"3751",8588,1,9454,1,130,132,136
"3752",9046,1,8643,1,131,132,136
"3753",9619,1,8374,1,129,132,139
"3754",9917,1,7145,1,128,131,140
"3755",10129,1,5807,1,131,133,137
"3756",10375,1,7263,1,132,133,138
"3757",10380,1,218,1,131,132,137
"3758",10381,1,1939,1,130,131,138
"3759",11331,1,3255,1,127,129,136
"3760",11374,1,6621,1,128,131,138
"3761",725,1,4849,1,129,133,137
"3762",1118,1,3768,1,131,133,141
"3763",1266,1,4432,1,135,136,142
"3764",1707,1,932,1,130,131,138
"3765",1913,1,9258,1,131,134,138
"3766",3092,1,218,1,130,131,138
"3767",3197,1,10303,1,132,133,140
"3768",3205,1,11374,1,133,134,140
"3769",3999,1,8588,1,133,135,139
"3770",4287,1,9969,1,131,133,139
"3771",4592,1,3318,1,131,135,140
"3772",4623,1,1707,1,133,135,139
"3773",5360,1,4132,1,135,136,141
"3774",5842,1,8458,1,130,132,139
"3775",6105,1,7263,1,133,135,142
"3776",6135,1,7467,1,128,132,138
"3777",6198,1,1974,1,134,136,142
"3778",7033,1,2812,1,132,134,139
"3779",7480,1,1521,1,132,134,139
"3780",8320,1,2636,1,132,133,139
"3781",8478,1,4891,1,131,133,138
"3782",9142,1,7263,1,132,135,141
"3783",9514,1,5882,1,132,134,140
"3784",9555,1,10985,1,134,135,141
"3785",9801,1,1000,1,134,136,141
"3786",10059,1,4981,1,131,133,140
"3787",10102,1,9183,1,130,132,137
"3788",10347,1,6332,1,130,133,138
"3789",10448,1,2431,1,133,135,140
"3790",10985,1,11433,1,131,133,138
"3791",11320,1,9596,1,130,132,137
"3792",11330,1,9969,1,130,131,137
"3793",362,1,5938,1,132,133,138
"3794",438,1,8558,1,135,136,140
"3795",541,1,325,1,131,133,138
"3796",543,1,8478,1,135,136,141
"3797",1877,1,4891,1,131,132,138
"3798",1974,1,8563,1,129,132,139
"3799",2166,1,1680,1,132,134,139
"3800",3385,1,5041,1,135,136,142
"3801",3939,1,3768,1,135,137,142
"3802",4250,1,2821,1,136,137,145
"3803",5041,1,2553,1,130,132,139
"3804",5055,1,7263,1,134,136,141
"3805",5303,1,1707,1,132,133,138
"3806",7711,1,11270,1,134,137,142
"3807",8393,1,7865,1,132,134,138
"3808",9795,1,8904,1,134,137,142
"3809",10275,1,10985,1,135,137,141
"3810",10396,1,7480,1,134,136,143
"3811",10833,1,3197,1,134,135,141
"3812",10842,1,5459,1,135,137,143
"3813",11270,1,11330,1,132,133,140
"3814",53,1,8393,1,135,136,142
"3815",1989,1,8116,1,135,136,144
"3816",3036,1,3385,1,137,138,144
"3817",3720,1,9969,1,131,133,140
"3818",4426,1,3490,1,130,132,139
"3819",4491,1,1628,1,136,138,145
"3820",4779,1,5807,1,131,133,139
"3821",5024,1,7936,1,135,137,143
"3822",5436,1,1913,1,135,136,143
"3823",5459,1,9041,1,132,134,139
"3824",5701,1,1974,1,133,135,140
"3825",5841,1,3482,1,135,136,141
"3826",6296,1,5459,1,136,138,145
"3827",6446,1,4364,1,129,133,140
"3828",7091,1,10438,1,137,138,142
"3829",7236,1,5478,1,136,138,142
"3830",7275,1,3758,1,133,135,140
"3831",7571,1,1396,1,132,136,140
"3832",7764,1,3393,1,131,133,139
"3833",8167,1,11270,1,134,136,141
"3834",8677,1,8354,1,132,136,141
"3835",9506,1,7241,1,134,135,141
"3836",10219,1,7936,1,135,136,140
"3837",10516,1,1913,1,136,138,144
"3838",11197,1,7004,1,136,138,144
"3839",11345,1,9985,1,130,135,139
"3840",1397,1,5042,1,135,137,141
"3841",2929,1,3999,1,137,138,145
"3842",3306,1,4592,1,137,138,142
"3843",4115,1,5701,1,137,139,144
"3844",5311,1,2821,1,136,138,142
"3845",5587,1,1012,1,134,135,141
"3846",6326,1,7241,1,135,138,142
"3847",6726,1,8952,1,133,136,142
"3848",6825,1,7387,1,135,138,144
"3849",7697,1,4432,1,134,136,141
"3850",9230,1,10448,1,136,139,146
"3851",9538,1,5478,1,137,139,145
"3852",10575,1,5807,1,131,133,141
"3853",10580,1,8538,1,135,136,140
"3854",145,1,5587,1,136,137,144
"3855",369,1,10833,1,136,138,143
"3856",540,1,5587,1,136,138,142
"3857",1264,1,9514,1,135,138,142
"3858",2821,1,9917,1,133,135,141
"3859",3153,1,5478,1,136,138,143
"3860",3553,1,6105,1,136,137,143
"3861",3590,1,11280,1,136,137,142
"3862",3773,1,5462,1,138,140,146
"3863",4681,1,4102,1,134,136,141
"3864",4701,1,7711,1,138,139,144
"3865",5006,1,10580,1,137,139,144
"3866",5016,1,4426,1,134,138,145
"3867",5149,1,3036,1,139,140,143
"3868",5345,1,2170,1,137,139,143
"3869",5883,1,1012,1,134,137,141
"3870",5987,1,9292,1,137,140,146
"3871",6381,1,7241,1,136,138,143
"3872",7064,1,8904,1,134,137,143
"3873",8498,1,3758,1,134,136,141
"3874",8711,1,1397,1,138,140,146
"3875",8861,1,5360,1,136,137,142
"3876",9408,1,11331,1,132,135,141
"3877",9457,1,6395,1,135,137,143
"3878",10100,1,4779,1,136,138,142
"3879",10281,1,11280,1,138,140,145
"3880",11280,1,4426,1,133,135,141
"3881",365,1,8904,1,134,138,142
"3882",866,1,5753,1,139,141,148
"3883",1152,1,2166,1,136,138,144
"3884",1172,1,6726,1,138,139,144
"3885",1863,1,1358,1,134,136,142
"3886",2042,1,7744,1,133,136,143
"3887",2170,1,9292,1,134,136,142
"3888",2227,1,10438,1,135,139,144
"3889",2811,1,5016,1,139,140,145
"3890",2830,1,10370,1,139,141,147
"3891",4091,1,10275,1,138,140,145
"3892",4428,1,3939,1,138,140,146
"3893",4867,1,4132,1,139,140,145
"3894",5438,1,2166,1,135,137,142
"3895",5462,1,3720,1,134,136,142
"3896",5478,1,9292,1,134,135,143
"3897",5590,1,6326,1,139,140,145
"3898",5805,1,5436,1,137,139,143
"3899",7513,1,1266,1,137,140,145
"3900",8256,1,7936,1,136,138,143
"3901",8304,1,10580,1,138,141,145
"3902",8333,1,1989,1,137,139,146
"3903",8767,1,9457,1,138,140,145
"3904",8883,1,3036,1,138,140,145
"3905",10022,1,1118,1,134,136,143
"3906",10813,1,6296,1,139,140,146
"3907",508,1,5462,1,137,138,145
"3908",636,1,2042,1,137,139,145
"3909",724,1,9555,1,137,138,144
"3910",1008,1,1471,1,135,137,143
"3911",1363,1,10448,1,137,139,144
"3912",2527,1,10813,1,141,142,146
"3913",3155,1,1863,1,139,142,147
"3914",3371,1,10396,1,138,140,146
"3915",4148,1,6607,1,140,141,147
"3916",4862,1,9506,1,136,138,145
"3917",5694,1,7814,1,136,138,143
"3918",5753,1,4623,1,136,138,143
"3919",6129,1,1989,1,137,139,144
"3920",6520,1,5694,1,140,142,148
"3921",6607,1,4592,1,137,139,143
"3922",7125,1,11133,1,137,139,145
"3923",7550,1,3553,1,139,140,147
"3924",8069,1,6788,1,140,142,148
"3925",8437,1,1989,1,138,140,146
"3926",10370,1,9506,1,136,139,143
"3927",11133,1,7387,1,134,136,144
"3928",11373,1,8167,1,138,141,148
"3929",11401,1,1396,1,134,137,143
"3930",535,1,4132,1,137,139,145
"3931",570,1,5149,1,141,143,148
"3932",690,1,1000,1,134,136,144
"3933",1633,1,1397,1,138,140,146
"3934",1771,1,1172,1,140,141,147
"3935",2656,1,7549,1,136,139,144
"3936",3193,1,7236,1,139,141,146
"3937",3473,1,5360,1,136,138,146
"3938",3476,1,2042,1,138,139,146
"3939",5058,1,1172,1,140,141,148
"3940",5095,1,7549,1,137,140,146
"3941",6788,1,10396,1,138,139,144
"3942",7738,1,10218,1,140,141,146
"3943",7845,1,145,1,139,141,147
"3944",7857,1,4701,1,139,142,147
"3945",8091,1,10580,1,137,139,144
"3946",8402,1,6105,1,137,139,144
"3947",9334,1,7845,1,141,143,149
"3948",10218,1,3482,1,136,139,144
"3949",10762,1,5701,1,138,140,146
"3950",1641,1,10438,1,137,139,145
"3951",1984,1,53,1,138,141,146
"3952",2184,1,9230,1,140,142,146
"3953",2270,1,4148,1,143,144,150
"3954",3148,1,10022,1,142,144,149
"3955",3738,1,4701,1,140,143,149
"3956",3825,1,5701,1,139,140,146
"3957",3960,1,8437,1,141,144,148
"3958",4501,1,4862,1,139,141,145
"3959",4984,1,8711,1,141,143,148
"3960",5017,1,6788,1,141,144,148
"3961",7184,1,5058,1,142,144,148
"3962",7210,1,6788,1,141,143,148
"3963",7684,1,3773,1,141,142,147
"3964",8141,1,6446,1,136,138,146
"3965",10090,1,4291,1,135,138,146
"3966",10134,1,6726,1,137,139,146
"3967",10307,1,7550,1,141,142,147
"3968",506,1,1633,1,142,144,149
"3969",1296,1,10762,1,140,141,149
"3970",1937,1,8407,1,143,144,148
"3971",2396,1,2227,1,140,143,148
"3972",3295,1,1397,1,138,141,147
"3973",3566,1,10370,1,140,142,149
"3974",4017,1,10370,1,140,143,148
"3975",4103,1,1152,1,140,143,148
"3976",4143,1,5590,1,143,144,148
"3977",5079,1,6198,1,138,141,146
"3978",6313,1,5006,1,139,141,148
"3979",6471,1,10218,1,142,145,150
"3980",6499,1,508,1,141,143,149
"3981",6543,1,5095,1,143,145,150
"3982",6610,1,3934,1,143,145,149
"3983",7576,1,8437,1,141,144,150
"3984",9146,1,5813,1,144,145,150
"3985",9693,1,1266,1,137,141,147
"3986",10562,1,2830,1,142,144,151
"3987",10659,1,3566,1,143,144,148
"3988",810,1,9693,1,142,144,149
"3989",3934,1,5883,1,140,142,147
"3990",4005,1,1641,1,142,143,149
"3991",5813,1,7236,1,140,143,147
"3992",6879,1,8069,1,143,144,150
"3993",7777,1,2166,1,137,140,147
"3994",7905,1,5883,1,137,139,148
"3995",8710,1,9795,1,141,143,150
"3996",9297,1,3155,1,144,146,151
"3997",10731,1,2184,1,143,144,148
"3998",10974,1,3939,1,139,142,147
"3999",3557,1,9334,1,144,146,151
"4000",4395,1,5987,1,141,145,150
"4001",6752,1,5149,1,142,143,148
"4002",6975,1,7777,1,141,144,150
"4003",7771,1,9886,1,145,147,152
"4004",10642,1,5058,1,142,143,149
"4005",11150,1,9538,1,141,144,151
"4006",645,1,8883,1,142,145,150
"4007",784,1,506,1,144,146,151
"4008",1759,1,5006,1,141,145,149
"4009",2813,1,7513,1,141,144,149
"4010",3314,1,6610,1,146,147,153
"4011",4481,1,7210,1,145,147,153
"4012",5576,1,10439,1,145,148,155
"4013",6751,1,3738,1,144,145,150
"4014",7223,1,6610,1,146,147,153
"4015",7802,1,5345,1,142,144,150
"4016",8390,1,6564,1,145,146,152
"4017",8407,1,1264,1,140,142,149
"4018",8741,1,4103,1,146,147,151
"4019",9003,1,8091,1,142,145,152
"4020",9338,1,2396,1,144,147,151
"4021",9357,1,3371,1,141,146,151
"4022",9487,1,10642,1,144,146,151
"4023",10439,1,1296,1,142,144,151
"4024",11020,1,6520,1,143,148,152
"4025",4598,1,2527,1,144,145,151
"4026",5092,1,3557,1,147,148,153
"4027",6564,1,2830,1,142,143,150
"4028",7020,1,7684,1,143,145,150
"4029",9331,1,2527,1,143,144,150
"4030",9772,1,10281,1,143,145,151
"4031",9886,1,4984,1,143,145,151
"4032",29,1,1937,1,145,147,153
"4033",801,1,6543,1,146,148,155
"4034",926,1,6877,1,147,149,155
"4035",1555,1,7020,1,147,149,154
"4036",2104,1,4428,1,143,147,151
"4037",2180,1,6752,1,145,148,153
"4038",4832,1,9487,1,147,148,154
"4039",6877,1,8069,1,144,146,151
"4040",7055,1,11397,1,149,150,154
"4041",7446,1,1937,1,146,150,154
"4042",8346,1,7020,1,145,147,151
"4043",9485,1,5079,1,142,146,151
"4044",9671,1,4984,1,145,147,152
"4045",11367,1,7738,1,143,145,151
"4046",1208,1,3148,1,145,147,156
"4047",1221,1,5092,1,150,151,155
"4048",2762,1,9491,1,149,150,156
"4049",3298,1,6751,1,149,151,157
"4050",3736,1,6751,1,148,149,154
"4051",5114,1,9485,1,148,151,158
"4052",6196,1,8346,1,147,148,153
"4053",7093,1,9772,1,147,148,152
"4054",7705,1,506,1,146,149,155
"4055",8408,1,9297,1,147,148,152
"4056",9169,1,506,1,147,149,155
"4057",10622,1,11020,1,149,151,156
"4058",1858,1,11043,1,150,151,157
"4059",1928,1,9338,1,148,149,154
"4060",2518,1,4832,1,150,152,158
"4061",5790,1,11397,1,150,151,158
"4062",5918,1,2104,1,149,151,156
"4063",6051,1,8390,1,147,149,155
"4064",6486,1,8741,1,149,152,157
"4065",9491,1,9772,1,146,148,153
"4066",10277,1,9357,1,147,152,156
"4067",11220,1,7705,1,150,151,157
"4068",249,1,8408,1,150,152,157
"4069",2787,1,9487,1,149,150,155
"4070",2867,1,9169,1,150,151,154
"4071",3429,1,2184,1,145,147,154
"4072",3900,1,4598,1,146,148,154
"4073",3923,1,2813,1,147,149,155
"4074",4584,1,9357,1,147,149,156
"4075",5769,1,4584,1,151,153,158
"4076",8808,1,9487,1,147,152,156
"4077",9764,1,2270,1,144,147,154
"4078",10080,1,6543,1,147,149,154
"4079",10726,1,2396,1,147,150,155
"4080",11043,1,6879,1,145,149,155
"4081",11095,1,506,1,146,149,156
"4082",11397,1,4984,1,144,148,154
"4083",4294,1,8741,1,148,151,157
"4084",5278,1,29,1,148,151,157
"4085",5927,1,10726,1,152,154,161
"4086",7023,1,2867,1,152,154,160
"4087",8867,1,2762,1,151,152,158
"4088",10312,1,6051,1,150,153,158
"4089",2500,1,10277,1,153,154,160
"4090",5361,1,1858,1,152,154,161
"4091",7972,1,1555,1,150,152,159
"4092",8491,1,2180,1,150,154,158
"4093",9097,1,3566,1,147,149,156
"4094",9302,1,10307,1,144,150,156
"4095",9390,1,9357,1,148,151,156
"4096",9556,1,5114,1,152,153,157
"4097",9589,1,1858,1,152,154,162
"4098",10115,1,9764,1,148,150,158
"4099",137,1,784,1,147,153,161
"4100",351,1,5114,1,154,155,161
"4101",826,1,2518,1,153,156,160
"4102",2990,1,2867,1,152,154,160
"4103",4438,1,9302,1,151,152,157
"4104",4638,1,4481,1,151,153,158
"4105",6442,1,7055,1,152,155,161
"4106",6904,1,5576,1,149,153,157
"4107",8109,1,7055,1,151,154,159
"4108",8876,1,8408,1,149,150,157
"4109",11123,1,3900,1,149,151,158
"4110",1205,1,3736,1,151,152,158
"4111",1917,1,8383,1,155,156,162
"4112",3500,1,2500,1,156,157,165
"4113",5506,1,9556,1,154,157,163
"4114",8400,1,9556,1,154,156,161
"4115",9282,1,7023,1,156,157,163
"4116",558,1,7023,1,156,158,163
"4117",3904,1,6904,1,155,156,161
"4118",3936,1,5355,1,156,158,162
"4119",4128,1,9556,1,155,158,163
"4120",4446,1,1858,1,153,154,160
"4121",5774,1,137,1,155,158,163
"4122",7991,1,8383,1,156,157,161
"4123",8383,1,2762,1,152,155,160
"4124",9769,1,9556,1,154,155,160
"4125",10608,1,8808,1,153,155,160
"4126",473,1,7705,1,154,156,160
"4127",793,1,3904,1,158,159,164
"4128",1652,1,7023,1,155,157,162
"4129",2475,1,4446,1,155,156,160
"4130",3245,1,11220,1,152,155,160
"4131",5355,1,8876,1,151,153,160
"4132",5967,1,9169,1,151,155,161
"4133",6375,1,6609,1,158,159,164
"4134",8830,1,8491,1,156,159,167
"4135",9060,1,8876,1,152,155,161
"4136",9232,1,9556,1,155,156,160
"4137",10037,1,10277,1,153,155,160
"4138",10230,1,6486,1,153,155,161
"4139",3524,1,4638,1,154,157,165
"4140",3614,1,1246,1,157,158,163
"4141",6609,1,5114,1,153,157,163
"4142",7679,1,10277,1,153,156,161
"4143",8276,1,6904,1,155,158,165
"4144",8503,1,7991,1,158,160,166
"4145",90,1,1246,1,157,158,162
"4146",437,1,4438,1,155,157,163
"4147",650,1,10312,1,155,156,162
"4148",853,1,3524,1,157,160,165
"4149",1246,1,9556,1,154,156,163
"4150",5383,1,6609,1,158,160,166
"4151",6131,1,4446,1,155,157,162
"4152",6873,1,8276,1,159,160,167
"4153",7527,1,9060,1,156,158,163
"4154",9312,1,5967,1,157,160,166
"4155",711,1,437,1,159,161,167
"4156",1269,1,8383,1,156,158,163
"4157",1668,1,7991,1,158,159,166
"4158",2179,1,4128,1,159,162,169
"4159",2472,1,6131,1,159,161,165
"4160",3293,1,5506,1,158,160,166
"4161",5186,1,6904,1,155,156,163
"4162",6163,1,5355,1,156,158,164
"4163",7276,1,1652,1,160,161,165
"4164",9242,1,5774,1,159,160,163
"4165",3094,1,8400,1,157,159,165
"4166",5504,1,5967,1,157,159,164
"4167",5616,1,3904,1,157,160,167
"4168",6094,1,1652,1,159,160,165
"4169",8360,1,6163,1,159,160,165
"4170",10672,1,8830,1,161,163,167
"4171",763,1,3094,1,160,162,167
"4172",1343,1,351,1,156,159,166
"4173",3914,1,7679,1,157,160,166
"4174",5385,1,90,1,159,160,166
"4175",5734,1,9312,1,161,163,170
"4176",8313,1,3500,1,157,159,166
"4177",7473,1,5383,1,162,164,169
"4178",8189,1,1343,1,160,162,167
"4179",9580,1,3293,1,161,162,170
"4180",2741,1,9282,1,159,161,168
"4181",2933,1,9580,1,163,165,171
"4182",8115,1,2741,1,162,163,167
"4183",8908,1,4446,1,158,161,167
"4184",1584,1,2933,1,165,166,173
"4185",1997,1,6163,1,161,163,169
"4186",2022,1,5385,1,163,166,170
"4187",3262,1,793,1,160,162,169
"4188",5351,1,7276,1,162,164,170
"4189",8000,1,6163,1,160,162,168
"4190",8946,1,8276,1,160,162,168
"4191",9784,1,793,1,162,163,168
"4192",1862,1,9242,1,161,164,170
"4193",3299,1,5351,1,166,167,171
"4194",5059,1,9449,1,164,166,171
"4195",8480,1,7473,1,165,166,171
"4196",9449,1,3094,1,159,163,169
"4197",1630,1,8115,1,164,167,171
"4198",4144,1,711,1,161,164,170
"4199",6145,1,5734,1,164,165,170
"4200",9443,1,11005,1,167,169,174
"4201",1255,1,6145,1,167,169,174
"4202",3832,1,2933,1,166,168,174
"4203",4054,1,2933,1,166,168,174
"4204",3386,1,1997,1,165,168,174
"4205",6441,1,7473,1,166,169,172
"4206",8292,1,6163,1,162,167,173
"4207",9474,1,7473,1,165,167,172
"4208",9934,1,763,1,163,167,172
"4209",11005,1,3262,1,163,166,172
"4210",290,1,9474,1,168,171,176
"4211",787,1,4144,1,165,169,175
"4212",2272,1,2933,1,167,170,177
"4213",2819,1,6441,1,169,171,176
"4214",4924,1,2933,1,166,167,173
"4215",8066,1,3832,1,169,172,177
"4216",8743,1,3832,1,170,172,177
"4217",9326,1,9449,1,165,169,175
"4218",11362,1,3299,1,169,171,175
"4219",2360,1,787,1,171,172,177
"4220",5123,1,7473,1,165,167,174
"4221",20,1,9326,1,171,173,178
"4222",3489,1,11005,1,171,172,176
"4223",5122,1,3489,1,173,174,181
"4224",193,1,11362,1,172,174,179
"4225",1089,1,3832,1,169,171,176
"4226",1798,1,2272,1,172,174,180
"4227",9731,1,4054,1,172,173,178
"4228",10662,1,1031,1,171,173,178
"4229",3710,1,4924,1,168,170,177
"4230",4575,1,9731,1,174,176,182
"4231",5322,1,3489,1,173,174,178
"4232",7086,1,9443,1,173,174,181
"4233",8512,1,9731,1,173,174,177
"4234",1031,1,6145,1,167,170,178
"4235",6680,1,7086,1,175,177,182
"4236",11275,1,1031,1,176,177,182
"4237",5362,1,4575,1,177,178,184
"4238",7313,1,193,1,175,177,183
"4239",6528,1,8512,1,176,178,185
"4240",7654,1,2360,1,173,175,180
"4241",9096,1,9443,1,170,172,180
"4242",393,1,5122,1,175,179,183
"4243",992,1,7654,1,177,178,182
"4244",1730,1,7654,1,177,179,183
"4245",7015,1,193,1,175,176,181
"4246",1542,1,3489,1,175,177,182
"4247",6004,1,7313,1,178,179,183
"4248",1352,1,5362,1,180,182,186
"4249",4603,1,7654,1,175,177,183
"4250",6232,1,4603,1,178,179,183
"4251",409,1,1542,1,178,180,186
"4252",1885,1,2890,1,182,183,187
"4253",3592,1,409,1,182,184,188
"4254",1814,1,6004,1,181,182,187
"4255",2890,1,5362,1,179,181,186
"4256",2999,1,409,1,182,184,189
"4257",3497,1,11275,1,178,181,187
"4258",3890,1,409,1,181,182,188
"4259",2524,1,1885,1,184,187,192
"4260",6438,1,1814,1,184,186,191
"4261",10141,1,3592,1,186,187,193
"4262",7260,1,3890,1,183,186,191
"4263",8981,1,1885,1,183,186,191
"4264",9322,1,2999,1,186,187,193
"4265",6038,1,7260,1,187,189,194
"4266",424,1,2524,1,189,192,196
"4267",6823,1,6038,1,189,191,196
"4268",9051,1,9322,1,190,195,199
"4269",2149,1,10988,1,191,193,198
"4270",10988,1,6038,1,189,190,199
"4271",3632,1,424,1,193,194,200
"4272",2424,1,9051,1,197,198,208
"4273",8482,1,3632,1,195,200,206
"4274",9600,1,8482,1,203,205,209
"4275",10294,1,8482,1,202,204,208
"4276",1448,1,9600,1,206,207,213
"4277",8096,1,10294,1,205,207,211
"4278",1116,1,1448,1,207,209,215
