"","host_id","group","infector_id","infector_group","exposure_time","infectious_time","recovery_time"
"1",4183,1,NA,NA,0,0,5
"2",6055,1,NA,NA,0,0,5
"3",5725,1,NA,NA,0,0,4
"4",2167,1,4183,1,1,2,7
"5",3550,1,NA,NA,0,0,5
"6",12608,1,NA,NA,0,0,5
"7",3012,1,NA,NA,0,0,5
"8",11449,1,3012,1,1,3,7
"9",7104,1,3012,1,1,2,9
"10",11762,1,NA,NA,0,0,7
"11",2666,1,6055,1,2,5,10
"12",683,1,5725,1,3,5,10
"13",14175,1,2167,1,2,3,9
"14",4617,1,7104,1,3,6,10
"15",13686,1,14175,1,5,8,13
"16",5170,1,4617,1,6,7,11
"17",9517,1,4617,1,8,10,16
"18",2328,1,14175,1,5,8,14
"19",1148,1,9517,1,12,13,17
"20",11106,1,2666,1,5,8,15
"21",2670,1,9517,1,12,14,19
"22",4984,1,9517,1,10,12,17
"23",13770,1,4984,1,12,14,21
"24",2,1,6210,1,13,15,20
"25",3338,1,9517,1,12,15,21
"26",5084,1,11106,1,10,13,18
"27",6210,1,13686,1,10,11,18
"28",9906,1,13770,1,15,16,20
"29",11847,1,9517,1,11,16,24
"30",2955,1,3338,1,16,17,21
"31",3011,1,14441,1,18,20,27
"32",5182,1,3338,1,16,19,22
"33",14441,1,3338,1,16,17,23
"34",554,1,2,1,16,20,26
"35",2741,1,3338,1,18,20,25
"36",3396,1,2670,1,16,19,23
"37",3893,1,5182,1,21,22,28
"38",4155,1,13770,1,16,18,24
"39",9968,1,13770,1,18,19,26
"40",12932,1,3338,1,17,20,25
"41",9463,1,7441,1,20,22,28
"42",12510,1,4155,1,19,20,25
"43",331,1,4155,1,18,21,26
"44",2419,1,7441,1,20,22,26
"45",6196,1,5182,1,20,23,28
"46",7441,1,3338,1,16,19,26
"47",2593,1,3453,1,23,25,31
"48",4302,1,3396,1,20,23,27
"49",8104,1,9906,1,19,22,29
"50",12356,1,9968,1,20,24,28
"51",13849,1,9968,1,20,22,28
"52",565,1,13849,1,24,25,30
"53",971,1,2189,1,24,25,29
"54",1124,1,12932,1,23,25,29
"55",2189,1,331,1,21,22,29
"56",3381,1,554,1,20,22,27
"57",3453,1,14441,1,20,21,27
"58",13465,1,3011,1,23,25,31
"59",13469,1,5182,1,21,22,28
"60",1777,1,9463,1,24,25,30
"61",1911,1,7441,1,22,24,30
"62",5249,1,2419,1,23,26,32
"63",5359,1,14055,1,25,26,33
"64",14055,1,331,1,23,24,28
"65",14734,1,12356,1,26,27,32
"66",5038,1,12356,1,25,27,33
"67",8454,1,5359,1,27,29,32
"68",13473,1,4302,1,24,26,33
"69",14512,1,331,1,24,26,33
"70",30,1,5249,1,28,29,34
"71",1667,1,2593,1,26,28,33
"72",6374,1,14055,1,24,26,32
"73",7132,1,6374,1,27,30,37
"74",8079,1,1124,1,27,28,34
"75",10419,1,6196,1,25,26,31
"76",12462,1,1911,1,26,28,34
"77",13137,1,1255,1,27,30,35
"78",8764,1,10571,1,30,31,38
"79",10726,1,1124,1,27,29,34
"80",931,1,971,1,25,27,33
"81",1255,1,565,1,26,27,33
"82",10571,1,13473,1,28,30,35
"83",10792,1,1255,1,30,31,38
"84",12036,1,12356,1,25,27,33
"85",13450,1,1124,1,26,28,33
"86",1066,1,10726,1,30,32,38
"87",4070,1,5038,1,29,32,38
"88",5853,1,12462,1,29,30,38
"89",8739,1,30,1,29,30,35
"90",9936,1,1667,1,29,31,36
"91",14285,1,30,1,30,32,37
"92",1860,1,8454,1,30,33,41
"93",2071,1,6458,1,32,34,39
"94",2155,1,14734,1,28,31,36
"95",3355,1,8454,1,30,33,37
"96",5386,1,13672,1,33,34,37
"97",8814,1,12462,1,31,33,40
"98",9983,1,1255,1,28,32,37
"99",10659,1,5359,1,28,30,36
"100",12658,1,709,1,32,34,40
"101",13672,1,13450,1,29,32,38
"102",27,1,8079,1,31,32,37
"103",1363,1,8739,1,31,32,38
"104",3214,1,12356,1,26,29,37
"105",5000,1,5038,1,28,30,36
"106",5234,1,2155,1,32,34,37
"107",7278,1,14512,1,27,30,37
"108",7580,1,8764,1,32,34,40
"109",9269,1,13450,1,29,31,37
"110",10783,1,10520,1,34,35,40
"111",13198,1,4070,1,33,35,40
"112",6458,1,10726,1,30,31,37
"113",9409,1,6308,1,34,36,43
"114",10520,1,13450,1,30,33,38
"115",11445,1,157,1,34,36,40
"116",11901,1,3214,1,32,34,38
"117",13368,1,13137,1,31,35,40
"118",14750,1,1363,1,33,35,40
"119",3244,1,10792,1,31,33,38
"120",3563,1,10792,1,33,36,43
"121",6023,1,7228,1,35,36,42
"122",6308,1,7278,1,32,33,38
"123",431,1,13198,1,36,38,44
"124",709,1,30,1,30,32,39
"125",1583,1,4070,1,33,36,40
"126",4619,1,13213,1,37,38,43
"127",4623,1,12658,1,37,38,44
"128",7228,1,2155,1,33,35,40
"129",8040,1,1860,1,36,38,43
"130",10099,1,11901,1,36,38,43
"131",10202,1,5234,1,35,38,44
"132",14039,1,6308,1,34,37,43
"133",157,1,8079,1,29,32,40
"134",981,1,11445,1,37,39,44
"135",1906,1,27,1,35,36,40
"136",4015,1,12658,1,37,39,44
"137",4041,1,5501,1,37,38,44
"138",4351,1,1066,1,35,37,42
"139",5501,1,4070,1,34,36,42
"140",5554,1,4070,1,33,36,40
"141",5834,1,10726,1,31,35,41
"142",10390,1,27,1,36,38,42
"143",11247,1,8814,1,36,37,42
"144",602,1,2071,1,35,36,42
"145",787,1,1845,1,38,40,45
"146",1845,1,3244,1,36,37,43
"147",7841,1,5554,1,38,40,45
"148",10477,1,14750,1,36,38,45
"149",14665,1,12658,1,35,36,41
"150",1371,1,12951,1,40,41,45
"151",2288,1,9151,1,38,40,46
"152",5214,1,2071,1,35,37,42
"153",5839,1,6879,1,40,41,46
"154",6082,1,2071,1,36,38,45
"155",7804,1,602,1,38,41,46
"156",8900,1,1363,1,35,37,43
"157",9075,1,12951,1,40,41,46
"158",9151,1,13198,1,36,37,42
"159",9154,1,1906,1,37,40,45
"160",11130,1,13368,1,38,40,44
"161",12166,1,12658,1,36,38,43
"162",13213,1,10520,1,35,37,45
"163",127,1,2071,1,36,37,45
"164",504,1,9409,1,39,40,44
"165",4761,1,7580,1,36,38,45
"166",5950,1,13368,1,38,39,43
"167",6400,1,981,1,41,42,47
"168",6879,1,4041,1,38,39,44
"169",9221,1,6082,1,39,41,47
"170",11062,1,7228,1,36,40,45
"171",12293,1,1363,1,36,37,43
"172",12868,1,4015,1,40,42,49
"173",12951,1,4351,1,38,39,45
"174",754,1,14039,1,40,42,46
"175",4827,1,9058,1,42,43,47
"176",5179,1,13198,1,37,40,46
"177",6676,1,6879,1,41,43,47
"178",7825,1,10099,1,40,42,46
"179",8824,1,12293,1,38,41,46
"180",9058,1,6023,1,37,40,44
"181",9861,1,12212,1,42,43,49
"182",10852,1,5214,1,39,41,47
"183",11437,1,11062,1,41,43,48
"184",11448,1,11130,1,41,43,47
"185",11970,1,431,1,40,42,46
"186",427,1,504,1,42,44,50
"187",3223,1,1845,1,39,40,45
"188",3841,1,3223,1,41,43,47
"189",4800,1,10390,1,40,43,47
"190",5198,1,4041,1,40,43,47
"191",5792,1,2288,1,43,44,49
"192",7603,1,5839,1,43,44,50
"193",9294,1,13198,1,36,40,45
"194",12188,1,9075,1,41,43,48
"195",13912,1,431,1,40,44,50
"196",14097,1,6879,1,40,42,47
"197",627,1,9151,1,39,40,47
"198",768,1,5950,1,42,43,48
"199",1600,1,7804,1,42,45,52
"200",3306,1,7804,1,42,44,49
"201",3366,1,3841,1,43,44,49
"202",3455,1,5950,1,39,41,46
"203",3921,1,754,1,43,45,50
"204",4073,1,10099,1,39,41,47
"205",5614,1,12951,1,43,45,52
"206",7307,1,10202,1,40,43,48
"207",9281,1,8040,1,40,42,48
"208",9812,1,3455,1,42,44,50
"209",11985,1,4073,1,43,45,50
"210",12013,1,4015,1,40,43,49
"211",12124,1,13368,1,38,40,46
"212",12212,1,14750,1,37,41,48
"213",12668,1,787,1,41,43,49
"214",3472,1,3841,1,44,45,52
"215",4608,1,6023,1,37,40,47
"216",6529,1,9075,1,42,44,47
"217",7560,1,768,1,43,46,51
"218",8877,1,10852,1,42,45,51
"219",11201,1,4015,1,41,42,48
"220",11681,1,9154,1,42,43,49
"221",356,1,9281,1,43,47,52
"222",474,1,14097,1,44,46,50
"223",2544,1,7299,1,44,46,50
"224",2706,1,3064,1,44,46,51
"225",3245,1,981,1,40,45,50
"226",4159,1,9812,1,45,47,52
"227",6465,1,13912,1,45,47,53
"228",6470,1,4608,1,41,42,48
"229",6598,1,12212,1,43,44,49
"230",7299,1,627,1,42,43,48
"231",7874,1,7825,1,42,44,48
"232",10117,1,6082,1,40,44,49
"233",10882,1,3455,1,44,45,51
"234",11112,1,7603,1,45,47,54
"235",326,1,11201,1,43,44,50
"236",467,1,7825,1,43,45,51
"237",527,1,6470,1,43,45,51
"238",1783,1,4827,1,44,45,51
"239",4026,1,4619,1,41,43,50
"240",4362,1,4827,1,44,46,51
"241",4431,1,9075,1,41,43,51
"242",5302,1,1330,1,47,48,53
"243",5485,1,11448,1,44,46,52
"244",6624,1,4800,1,44,46,52
"245",7044,1,4608,1,42,45,52
"246",7125,1,12166,1,41,43,51
"247",9418,1,7125,1,44,46,52
"248",11134,1,7299,1,46,47,52
"249",11916,1,7299,1,44,47,52
"250",13335,1,97,1,46,47,53
"251",13726,1,5485,1,47,48,55
"252",97,1,11681,1,44,45,50
"253",624,1,9861,1,44,45,51
"254",730,1,10117,1,45,46,50
"255",1086,1,14525,1,47,48,54
"256",1406,1,1330,1,47,49,55
"257",1411,1,4800,1,46,48,53
"258",1650,1,10117,1,44,46,50
"259",3064,1,7825,1,42,44,51
"260",4106,1,4073,1,46,47,53
"261",4554,1,4073,1,46,48,53
"262",5887,1,3366,1,46,48,52
"263",7156,1,427,1,46,47,52
"264",7414,1,3455,1,44,46,52
"265",7850,1,3841,1,44,47,52
"266",8592,1,12188,1,44,45,51
"267",9921,1,6624,1,47,49,55
"268",10080,1,768,1,45,48,52
"269",10439,1,4073,1,44,45,50
"270",12134,1,3306,1,46,48,54
"271",12354,1,8877,1,46,49,55
"272",12376,1,5950,1,41,43,51
"273",13858,1,5614,1,46,49,54
"274",14090,1,7603,1,44,45,50
"275",14183,1,5614,1,48,49,55
"276",495,1,7044,1,45,47,52
"277",1544,1,14097,1,45,47,52
"278",2302,1,10117,1,45,47,52
"279",2526,1,2706,1,47,48,54
"280",2973,1,11112,1,47,49,53
"281",3168,1,5485,1,47,50,54
"282",3501,1,9861,1,46,47,52
"283",6368,1,5792,1,46,49,52
"284",6894,1,11130,1,42,45,51
"285",7213,1,10513,1,48,49,54
"286",7646,1,9418,1,47,49,54
"287",8383,1,3245,1,47,48,53
"288",9523,1,3921,1,46,48,53
"289",10095,1,11134,1,48,49,53
"290",10820,1,7874,1,46,48,53
"291",12972,1,2544,1,48,50,55
"292",13291,1,7560,1,48,49,52
"293",14525,1,3366,1,44,46,52
"294",14735,1,7617,1,49,50,55
"295",486,1,5254,1,50,51,57
"296",1195,1,11201,1,44,48,53
"297",1332,1,474,1,47,50,55
"298",1515,1,6624,1,47,49,55
"299",1573,1,8877,1,47,50,55
"300",2736,1,13726,1,50,51,56
"301",3279,1,13726,1,49,51,57
"302",3879,1,326,1,45,47,54
"303",5254,1,356,1,48,49,55
"304",9781,1,6624,1,48,49,54
"305",10112,1,4911,1,48,49,55
"306",10513,1,1330,1,47,48,52
"307",13027,1,9418,1,47,49,55
"308",13874,1,326,1,46,47,53
"309",14018,1,1411,1,49,50,54
"310",14025,1,1330,1,47,51,56
"311",14191,1,1411,1,49,51,58
"312",14204,1,14525,1,48,50,55
"313",14364,1,1650,1,48,49,55
"314",1330,1,12188,1,44,46,53
"315",1416,1,495,1,48,51,56
"316",2095,1,4911,1,50,51,59
"317",2421,1,3501,1,50,52,57
"318",4192,1,5302,1,50,52,57
"319",4488,1,1544,1,47,49,53
"320",4872,1,11916,1,47,50,58
"321",4911,1,13912,1,46,48,53
"322",4983,1,2706,1,47,49,54
"323",5380,1,10112,1,50,51,56
"324",5560,1,9523,1,48,50,56
"325",5573,1,7617,1,49,51,55
"326",5685,1,3029,1,51,52,58
"327",5943,1,13912,1,46,49,55
"328",7526,1,2707,1,50,52,56
"329",7617,1,4827,1,45,48,53
"330",8326,1,4362,1,47,48,54
"331",9206,1,1086,1,50,51,56
"332",9710,1,13405,1,51,52,56
"333",10250,1,5714,1,51,52,58
"334",10378,1,730,1,47,48,53
"335",10818,1,1411,1,50,52,58
"336",12282,1,768,1,45,47,53
"337",14180,1,326,1,46,48,54
"338",14321,1,10513,1,50,51,56
"339",14573,1,1411,1,49,51,57
"340",99,1,4911,1,49,50,55
"341",108,1,13874,1,50,52,56
"342",1042,1,10080,1,50,52,59
"343",1063,1,9921,1,50,51,56
"344",1268,1,11134,1,48,50,55
"345",1725,1,4159,1,49,50,54
"346",2096,1,2302,1,48,50,58
"347",2219,1,8383,1,50,52,57
"348",3029,1,7560,1,47,50,54
"349",3515,1,3501,1,49,50,56
"350",3648,1,12376,1,46,49,56
"351",3775,1,14757,1,51,53,56
"352",4099,1,356,1,49,51,56
"353",4355,1,4106,1,51,53,58
"354",4576,1,9921,1,51,52,56
"355",4639,1,13509,1,50,52,57
"356",4721,1,4010,1,51,53,57
"357",5714,1,4362,1,48,50,55
"358",6343,1,13291,1,50,53,57
"359",6498,1,10820,1,49,50,56
"360",7459,1,1725,1,50,52,57
"361",8556,1,11064,1,50,52,60
"362",8720,1,1330,1,47,49,55
"363",8740,1,5302,1,50,53,59
"364",9878,1,12282,1,48,51,55
"365",10226,1,12022,1,51,53,59
"366",11006,1,2376,1,52,53,58
"367",11043,1,326,1,48,51,55
"368",11068,1,624,1,46,48,54
"369",11085,1,14364,1,51,52,58
"370",11271,1,7213,1,50,52,56
"371",11723,1,13291,1,51,53,57
"372",11779,1,13726,1,49,52,57
"373",12022,1,9523,1,49,50,54
"374",12609,1,1268,1,50,52,56
"375",12846,1,3472,1,49,51,57
"376",13008,1,9921,1,50,53,57
"377",13211,1,7156,1,48,52,57
"378",13405,1,2302,1,49,50,54
"379",13509,1,12489,1,49,50,57
"380",13940,1,11064,1,50,51,57
"381",14626,1,6498,1,52,53,60
"382",107,1,3501,1,49,52,56
"383",632,1,2376,1,51,54,59
"384",1092,1,2736,1,52,53,58
"385",1289,1,527,1,47,49,55
"386",1438,1,10378,1,49,51,56
"387",2092,1,5302,1,48,51,58
"388",2376,1,7617,1,49,51,56
"389",2707,1,1600,1,47,49,56
"390",2708,1,3501,1,48,50,55
"391",3207,1,12972,1,51,54,58
"392",3292,1,1515,1,50,52,58
"393",3325,1,2277,1,53,54,60
"394",4010,1,10513,1,48,50,55
"395",4863,1,5380,1,53,54,60
"396",5449,1,1330,1,49,52,58
"397",5844,1,4362,1,49,51,57
"398",6202,1,14321,1,53,54,60
"399",7615,1,11043,1,52,54,62
"400",7840,1,2096,1,51,52,57
"401",7882,1,2706,1,48,51,57
"402",9643,1,6222,1,52,54,59
"403",10163,1,10513,1,49,52,56
"404",11064,1,11985,1,47,49,55
"405",11878,1,6222,1,52,54,59
"406",12489,1,13912,1,44,47,55
"407",13939,1,4159,1,47,49,55
"408",14445,1,14364,1,50,51,57
"409",14757,1,7603,1,46,50,55
"410",510,1,11641,1,52,54,58
"411",1204,1,6624,1,48,50,56
"412",2183,1,3279,1,53,54,59
"413",3240,1,14735,1,51,53,57
"414",3452,1,14321,1,52,55,60
"415",4785,1,1195,1,51,53,58
"416",5130,1,13509,1,51,54,60
"417",5316,1,1042,1,53,55,62
"418",5408,1,13309,1,54,55,62
"419",6304,1,3279,1,52,55,60
"420",6720,1,1573,1,51,53,57
"421",7497,1,7646,1,52,53,58
"422",7680,1,1042,1,53,54,61
"423",8269,1,4911,1,51,52,58
"424",8613,1,14525,1,50,51,56
"425",8969,1,13509,1,52,53,58
"426",9948,1,3501,1,48,51,57
"427",10348,1,4010,1,52,53,58
"428",10511,1,8720,1,49,52,56
"429",10638,1,5449,1,53,54,59
"430",11641,1,7617,1,49,51,56
"431",12286,1,5302,1,52,53,58
"432",12910,1,12846,1,53,54,61
"433",12931,1,5560,1,51,52,57
"434",13089,1,9948,1,53,54,59
"435",13186,1,12972,1,51,52,56
"436",13624,1,5560,1,52,53,58
"437",14102,1,4355,1,53,55,62
"438",14388,1,11112,1,49,52,57
"439",14724,1,13726,1,50,54,60
"440",1266,1,4637,1,55,56,61
"441",1680,1,1438,1,53,56,61
"442",2277,1,8720,1,50,52,57
"443",2327,1,1544,1,49,51,57
"444",2347,1,12609,1,53,55,60
"445",2452,1,8613,1,52,53,58
"446",2626,1,13674,1,54,56,62
"447",2658,1,4099,1,52,54,59
"448",2750,1,12489,1,49,52,59
"449",3147,1,5943,1,52,54,59
"450",3437,1,9629,1,55,56,62
"451",3697,1,14364,1,50,51,60
"452",4896,1,10226,1,54,55,59
"453",5888,1,5302,1,51,52,57
"454",5959,1,3366,1,47,51,58
"455",6038,1,89,1,54,56,65
"456",6178,1,8613,1,52,54,60
"457",6222,1,7044,1,48,51,57
"458",6398,1,13006,1,52,53,58
"459",6928,1,13405,1,50,52,58
"460",7320,1,2327,1,51,52,57
"461",8055,1,4639,1,53,55,59
"462",8320,1,3279,1,53,54,60
"463",9144,1,9853,1,54,56,63
"464",9381,1,1063,1,52,54,60
"465",9629,1,1544,1,48,51,57
"466",9853,1,4911,1,50,53,58
"467",10091,1,1204,1,51,53,57
"468",10682,1,8556,1,53,56,61
"469",11331,1,13624,1,54,56,61
"470",11380,1,6720,1,54,56,60
"471",11473,1,1573,1,51,52,57
"472",11543,1,14204,1,52,55,59
"473",13006,1,8720,1,49,51,59
"474",13861,1,13989,1,53,55,59
"475",13938,1,5685,1,53,55,59
"476",14275,1,1515,1,50,52,57
"477",14372,1,2750,1,53,56,60
"478",251,1,1086,1,52,56,61
"479",866,1,14445,1,53,54,59
"480",921,1,1204,1,51,52,60
"481",978,1,4355,1,54,57,64
"482",1576,1,10511,1,52,54,58
"483",1633,1,13938,1,56,57,63
"484",1714,1,486,1,53,55,60
"485",2056,1,4701,1,55,57,61
"486",2590,1,3168,1,52,54,58
"487",2630,1,5302,1,51,53,58
"488",3254,1,10226,1,55,57,61
"489",4279,1,3240,1,54,56,61
"490",4637,1,11043,1,52,54,59
"491",4675,1,14573,1,53,55,58
"492",5303,1,14090,1,49,53,58
"493",5486,1,3325,1,55,57,64
"494",5724,1,9853,1,55,56,61
"495",5852,1,5943,1,51,53,59
"496",6482,1,4675,1,56,57,62
"497",6631,1,1725,1,51,53,59
"498",6785,1,13940,1,53,56,61
"499",8120,1,3029,1,52,55,59
"500",8239,1,14204,1,52,53,58
"501",8713,1,6631,1,55,57,62
"502",9057,1,5130,1,54,56,60
"503",9375,1,6720,1,54,55,61
"504",9477,1,13089,1,55,57,61
"505",10014,1,4554,1,52,54,60
"506",11015,1,4863,1,55,57,64
"507",11132,1,14183,1,50,51,58
"508",11920,1,8631,1,56,57,63
"509",12128,1,6368,1,51,52,59
"510",13309,1,9206,1,52,53,59
"511",13384,1,14275,1,53,57,62
"512",13674,1,9781,1,50,53,58
"513",13699,1,10638,1,55,57,61
"514",13952,1,5844,1,53,54,61
"515",13989,1,14018,1,51,52,58
"516",14376,1,12846,1,53,55,62
"517",14521,1,1573,1,51,54,60
"518",392,1,7646,1,52,55,60
"519",902,1,11271,1,54,56,65
"520",1364,1,14025,1,52,54,61
"521",2428,1,13008,1,55,56,64
"522",2680,1,11400,1,56,58,63
"523",3117,1,7602,1,56,58,64
"524",3594,1,108,1,53,55,60
"525",3726,1,6928,1,53,56,59
"526",4371,1,13989,1,53,55,59
"527",4522,1,7617,1,51,55,61
"528",4753,1,4675,1,56,57,61
"529",4898,1,2630,1,55,56,61
"530",5678,1,10638,1,56,58,63
"531",5681,1,2452,1,54,56,61
"532",5777,1,5130,1,55,57,63
"533",5815,1,1364,1,55,57,62
"534",6462,1,12286,1,54,56,61
"535",7522,1,3594,1,56,57,62
"536",8645,1,2736,1,53,55,61
"537",9753,1,5852,1,54,57,64
"538",10432,1,6597,1,56,57,60
"539",10952,1,10226,1,56,57,63
"540",11401,1,3697,1,52,55,59
"541",11421,1,11132,1,53,56,63
"542",11849,1,5346,1,55,57,61
"543",11938,1,2590,1,55,57,66
"544",11990,1,11421,1,57,58,61
"545",12150,1,9629,1,54,57,64
"546",12171,1,5852,1,55,58,63
"547",12305,1,13186,1,53,54,59
"548",13321,1,14025,1,52,54,62
"549",13463,1,7213,1,53,57,63
"550",13533,1,1063,1,53,54,60
"551",13594,1,4099,1,55,56,61
"552",14022,1,5844,1,52,54,60
"553",14128,1,10163,1,54,56,62
"554",14639,1,5724,1,57,58,64
"555",14675,1,14626,1,55,56,62
"556",14784,1,12305,1,56,58,64
"557",89,1,4488,1,52,54,60
"558",183,1,8399,1,57,59,62
"559",291,1,10401,1,56,59,64
"560",590,1,13309,1,54,55,61
"561",591,1,7526,1,54,55,61
"562",779,1,7433,1,55,56,61
"563",1226,1,4701,1,56,58,64
"564",1702,1,921,1,54,56,60
"565",2772,1,11779,1,54,57,60
"566",3048,1,11779,1,55,58,64
"567",3837,1,10401,1,57,59,64
"568",4231,1,10511,1,53,55,62
"569",4267,1,3147,1,55,57,63
"570",4701,1,3279,1,53,55,62
"571",5346,1,11043,1,53,54,61
"572",5811,1,11400,1,56,58,63
"573",5900,1,11473,1,54,55,61
"574",5962,1,14275,1,53,55,61
"575",6282,1,10818,1,54,56,62
"576",6771,1,4675,1,57,58,63
"577",6902,1,9057,1,57,58,64
"578",7008,1,10892,1,58,59,67
"579",7392,1,10014,1,56,57,63
"580",7433,1,12022,1,51,54,60
"581",7602,1,5844,1,52,54,61
"582",7765,1,3147,1,55,57,63
"583",7977,1,6498,1,52,53,61
"584",8191,1,14724,1,55,57,64
"585",8292,1,11380,1,57,59,64
"586",8399,1,7526,1,54,55,61
"587",8612,1,11655,1,57,59,66
"588",8631,1,8556,1,53,56,61
"589",9934,1,6282,1,57,59,65
"590",10977,1,4279,1,57,59,63
"591",11400,1,11043,1,54,55,60
"592",11655,1,9878,1,52,54,63
"593",11976,1,655,1,57,58,65
"594",12467,1,8645,1,56,58,62
"595",12557,1,5852,1,55,56,65
"596",13535,1,5714,1,51,55,60
"597",13803,1,12609,1,54,58,62
"598",14113,1,6178,1,55,59,63
"599",14383,1,13309,1,54,56,62
"600",14552,1,6498,1,51,55,61
"601",23,1,1714,1,56,59,64
"602",567,1,10401,1,56,60,67
"603",1423,1,2164,1,59,60,66
"604",1672,1,12810,1,58,60,64
"605",2153,1,11779,1,53,55,61
"606",2506,1,9477,1,58,59,65
"607",2756,1,10250,1,54,57,63
"608",2806,1,9144,1,57,60,64
"609",2856,1,11421,1,56,58,62
"610",3091,1,8320,1,57,58,63
"611",3138,1,14321,1,52,54,61
"612",3442,1,2630,1,54,56,61
"613",3458,1,3726,1,57,58,62
"614",3626,1,7433,1,55,57,62
"615",3681,1,12609,1,55,58,63
"616",3757,1,9003,1,58,59,66
"617",4583,1,10226,1,56,57,61
"618",5622,1,10163,1,53,56,62
"619",5978,1,5815,1,57,59,63
"620",6113,1,9144,1,57,58,66
"621",6515,1,12609,1,54,56,61
"622",6573,1,6343,1,54,55,61
"623",6597,1,2376,1,53,55,61
"624",7696,1,11723,1,54,57,61
"625",8062,1,2421,1,55,56,61
"626",8213,1,11990,1,58,60,65
"627",8791,1,11015,1,58,59,64
"628",8805,1,3325,1,56,58,64
"629",8870,1,11849,1,58,59,65
"630",9020,1,13938,1,56,58,63
"631",9496,1,6389,1,59,60,64
"632",10399,1,2756,1,57,60,66
"633",10401,1,2421,1,53,55,62
"634",10887,1,632,1,55,57,64
"635",10892,1,2347,1,55,57,66
"636",11252,1,9753,1,58,59,64
"637",11501,1,2630,1,53,55,62
"638",11628,1,3091,1,59,60,67
"639",12151,1,9629,1,54,56,61
"640",12731,1,14383,1,57,59,64
"641",12810,1,2630,1,54,57,61
"642",13251,1,11085,1,53,54,62
"643",13478,1,11501,1,57,59,64
"644",14162,1,9381,1,55,57,64
"645",14200,1,4267,1,58,60,65
"646",14691,1,12286,1,55,58,62
"647",14772,1,10952,1,58,59,64
"648",129,1,3207,1,55,58,63
"649",231,1,2590,1,56,57,63
"650",248,1,5068,1,60,61,69
"651",1091,1,6202,1,57,60,66
"652",1130,1,13463,1,59,61,68
"653",1986,1,6462,1,57,59,66
"654",2033,1,4863,1,56,58,64
"655",2164,1,9057,1,56,57,62
"656",2188,1,11006,1,56,57,62
"657",2530,1,13535,1,57,59,64
"658",2959,1,11380,1,59,61,67
"659",3493,1,6489,1,59,60,67
"660",3578,1,1576,1,57,61,66
"661",4742,1,3207,1,55,57,63
"662",5068,1,14372,1,58,59,63
"663",5133,1,13077,1,57,61,66
"664",5473,1,14333,1,59,61,66
"665",5771,1,12286,1,54,57,65
"666",5931,1,12467,1,59,60,65
"667",6389,1,3626,1,58,59,64
"668",6489,1,10348,1,56,58,63
"669",6835,1,9394,1,60,61,65
"670",6972,1,7602,1,55,58,62
"671",7078,1,4583,1,58,59,64
"672",7141,1,7079,1,59,61,66
"673",8622,1,9020,1,60,61,66
"674",8725,1,591,1,56,57,63
"675",9147,1,9310,1,60,61,65
"676",9310,1,13861,1,56,58,63
"677",9394,1,6489,1,58,59,64
"678",10200,1,8740,1,56,58,63
"679",10456,1,6324,1,60,61,66
"680",10484,1,4863,1,56,59,63
"681",11523,1,799,1,59,60,65
"682",11981,1,14162,1,57,58,65
"683",12481,1,5681,1,57,59,65
"684",12830,1,11976,1,58,61,67
"685",13104,1,5962,1,58,60,65
"686",13158,1,8870,1,60,61,65
"687",13224,1,4872,1,51,55,62
"688",13272,1,3138,1,56,58,64
"689",13374,1,3681,1,59,61,68
"690",13530,1,8191,1,58,60,67
"691",13768,1,13944,1,60,61,65
"692",14499,1,5900,1,57,60,65
"693",14634,1,1364,1,56,58,64
"694",14703,1,11543,1,56,59,63
"695",7,1,7079,1,59,61,65
"696",41,1,6398,1,54,56,63
"697",195,1,6489,1,59,62,67
"698",266,1,5681,1,58,59,64
"699",633,1,14639,1,59,61,68
"700",1081,1,1266,1,57,59,64
"701",1403,1,12467,1,59,60,64
"702",1922,1,2218,1,60,62,68
"703",2012,1,8292,1,60,61,65
"704",2062,1,4010,1,52,56,63
"705",2343,1,5316,1,59,60,64
"706",2434,1,6268,1,59,62,67
"707",3956,1,12731,1,59,60,65
"708",4433,1,2756,1,58,62,68
"709",4948,1,10226,1,56,58,63
"710",5081,1,8713,1,57,60,66
"711",5582,1,9057,1,58,59,64
"712",5594,1,11252,1,60,62,67
"713",6142,1,3837,1,59,61,66
"714",6146,1,14641,1,61,62,67
"715",6241,1,9020,1,60,62,65
"716",6268,1,3452,1,56,58,65
"717",6324,1,6597,1,57,59,64
"718",6620,1,14639,1,58,60,65
"719",6630,1,4742,1,59,60,64
"720",6850,1,5622,1,57,59,64
"721",7070,1,4279,1,57,59,64
"722",7725,1,11938,1,58,59,68
"723",8194,1,3442,1,57,61,68
"724",8222,1,251,1,56,58,63
"725",8477,1,12731,1,59,60,65
"726",8830,1,1204,1,53,57,64
"727",9003,1,7765,1,57,58,64
"728",9063,1,2719,1,60,62,67
"729",9406,1,5681,1,57,60,65
"730",10064,1,9057,1,58,60,66
"731",10766,1,13384,1,58,59,66
"732",11240,1,14634,1,58,60,64
"733",11461,1,11981,1,60,61,65
"734",11536,1,11981,1,61,62,68
"735",11799,1,6222,1,54,59,64
"736",12117,1,13251,1,55,58,63
"737",12249,1,13077,1,58,60,65
"738",12268,1,8239,1,54,59,65
"739",12383,1,7392,1,59,62,69
"740",12384,1,10766,1,61,62,69
"741",12687,1,14333,1,59,61,68
"742",12724,1,6771,1,59,61,67
"743",12765,1,1091,1,60,62,67
"744",13054,1,13803,1,59,61,66
"745",13281,1,2719,1,60,62,66
"746",13352,1,6771,1,59,60,65
"747",13474,1,3452,1,56,59,64
"748",13685,1,1226,1,59,62,67
"749",13884,1,6222,1,55,57,63
"750",13944,1,3437,1,58,59,65
"751",14001,1,14333,1,60,62,67
"752",14488,1,5316,1,56,60,64
"753",14641,1,9020,1,59,60,66
"754",24,1,11015,1,58,59,64
"755",708,1,8830,1,58,60,64
"756",793,1,4896,1,57,59,65
"757",799,1,10401,1,56,58,65
"758",1104,1,6389,1,60,62,69
"759",1455,1,10977,1,60,63,67
"760",1460,1,10682,1,58,60,64
"761",1511,1,567,1,61,62,68
"762",1539,1,12150,1,61,62,68
"763",1626,1,11252,1,59,63,68
"764",1889,1,1672,1,62,63,69
"765",2052,1,1081,1,60,61,67
"766",2149,1,9753,1,58,60,64
"767",2218,1,8645,1,57,59,65
"768",2359,1,9020,1,60,61,66
"769",2719,1,3207,1,55,59,64
"770",2901,1,8031,1,59,61,67
"771",3101,1,9080,1,60,62,68
"772",3354,1,2856,1,61,63,67
"773",3364,1,7273,1,61,62,67
"774",3613,1,13594,1,59,60,66
"775",4421,1,14614,1,61,62,66
"776",4968,1,291,1,60,62,66
"777",5578,1,10766,1,60,62,67
"778",5955,1,8725,1,60,61,69
"779",6158,1,1460,1,62,63,67
"780",6339,1,6282,1,57,59,64
"781",6346,1,3117,1,59,60,64
"782",6717,1,9310,1,60,62,68
"783",6726,1,2056,1,59,60,64
"784",6863,1,13207,1,59,61,66
"785",7537,1,231,1,58,60,66
"786",7809,1,5777,1,60,61,66
"787",8031,1,3207,1,57,59,64
"788",8148,1,5678,1,59,62,66
"789",8627,1,14784,1,59,61,68
"790",8636,1,2359,1,62,63,69
"791",8876,1,3613,1,61,62,65
"792",9080,1,7392,1,58,60,65
"793",9289,1,11037,1,62,63,68
"794",9672,1,10682,1,57,60,66
"795",9789,1,2506,1,60,62,67
"796",9831,1,5486,1,59,60,65
"797",9837,1,11085,1,54,58,64
"798",10466,1,6038,1,58,59,64
"799",10612,1,8222,1,60,61,66
"800",11037,1,14691,1,60,61,68
"801",11270,1,10638,1,56,58,66
"802",11439,1,422,1,62,63,67
"803",11747,1,9753,1,62,63,67
"804",11753,1,14383,1,59,61,66
"805",11896,1,7320,1,55,59,64
"806",11983,1,2772,1,59,61,66
"807",12005,1,251,1,58,60,66
"808",12160,1,7696,1,58,59,66
"809",12208,1,6482,1,58,59,65
"810",12227,1,10348,1,56,61,65
"811",12324,1,1702,1,57,59,67
"812",12379,1,2188,1,61,63,68
"813",13077,1,10638,1,55,57,64
"814",13207,1,6202,1,56,58,64
"815",13496,1,11543,1,57,59,64
"816",13505,1,14383,1,58,60,66
"817",13619,1,11252,1,61,63,68
"818",13758,1,13938,1,56,58,64
"819",14334,1,1702,1,58,60,66
"820",14541,1,14383,1,60,61,66
"821",14598,1,4701,1,57,61,65
"822",14614,1,4753,1,59,61,66
"823",426,1,251,1,57,61,66
"824",473,1,10211,1,62,63,69
"825",655,1,13186,1,53,57,65
"826",857,1,6282,1,61,62,69
"827",1451,1,1823,1,62,64,68
"828",1818,1,10432,1,58,60,65
"829",1823,1,12324,1,60,61,67
"830",1920,1,1656,1,62,63,68
"831",1968,1,6324,1,61,62,66
"832",2176,1,7537,1,61,63,67
"833",2461,1,13884,1,59,61,69
"834",2615,1,8805,1,61,62,67
"835",2935,1,6863,1,62,64,69
"836",3035,1,655,1,60,62,68
"837",3260,1,5582,1,60,64,71
"838",3456,1,7433,1,59,60,68
"839",3502,1,1633,1,59,61,67
"840",3736,1,11990,1,59,61,65
"841",4572,1,9496,1,62,64,69
"842",5407,1,6771,1,59,61,66
"843",7079,1,866,1,56,58,65
"844",7122,1,10682,1,58,62,67
"845",7179,1,8477,1,61,64,67
"846",7215,1,12467,1,60,61,66
"847",7273,1,7392,1,58,60,66
"848",7306,1,11990,1,60,61,66
"849",7697,1,266,1,60,63,67
"850",8260,1,11799,1,61,62,69
"851",8573,1,13952,1,56,61,69
"852",8934,1,11037,1,62,64,70
"853",9184,1,4141,1,62,64,69
"854",9233,1,2772,1,58,62,70
"855",9402,1,4785,1,55,58,66
"856",9471,1,14372,1,57,60,65
"857",9536,1,8292,1,59,61,66
"858",9810,1,2806,1,61,62,66
"859",10092,1,7070,1,61,62,67
"860",10346,1,14113,1,61,63,68
"861",10651,1,10682,1,58,60,65
"862",10997,1,10612,1,61,62,68
"863",11165,1,12117,1,60,62,65
"864",11171,1,2062,1,58,60,65
"865",11649,1,6630,1,62,63,67
"866",12058,1,6324,1,61,64,68
"867",12139,1,7696,1,58,60,66
"868",12417,1,364,1,62,64,70
"869",12605,1,2756,1,59,60,67
"870",13466,1,1091,1,60,63,69
"871",13972,1,3613,1,63,64,67
"872",14047,1,11006,1,55,59,65
"873",14065,1,10703,1,63,64,71
"874",69,1,5295,1,62,65,70
"875",310,1,6389,1,61,64,70
"876",364,1,9477,1,59,60,67
"877",666,1,10484,1,59,61,66
"878",804,1,9810,1,63,65,70
"879",1059,1,3425,1,63,65,70
"880",1102,1,13077,1,59,61,68
"881",1107,1,8062,1,58,60,66
"882",1312,1,14101,1,63,65,70
"883",1396,1,9394,1,60,65,70
"884",1742,1,9394,1,61,63,69
"885",2045,1,5578,1,63,64,69
"886",2415,1,11628,1,61,64,70
"887",2668,1,1091,1,61,64,70
"888",3211,1,2188,1,59,63,70
"889",3744,1,2176,1,64,65,74
"890",4141,1,2056,1,59,62,68
"891",4846,1,8477,1,61,62,69
"892",4960,1,7,1,62,64,69
"893",5076,1,13158,1,62,65,70
"894",5236,1,1539,1,63,64,69
"895",5381,1,14333,1,59,62,68
"896",5396,1,13638,1,62,63,68
"897",6216,1,6038,1,58,61,66
"898",6588,1,6142,1,62,65,71
"899",6917,1,1460,1,63,64,69
"900",6946,1,6489,1,59,61,67
"901",7158,1,13474,1,60,63,69
"902",7372,1,7482,1,63,65,70
"903",7643,1,11543,1,58,61,68
"904",7749,1,8859,1,62,63,67
"905",7785,1,9789,1,63,64,67
"906",7887,1,1539,1,63,65,70
"907",7890,1,2434,1,63,65,69
"908",8053,1,13685,1,63,65,71
"909",8087,1,11799,1,60,63,67
"910",8142,1,23,1,63,64,71
"911",8437,1,14333,1,60,62,67
"912",9030,1,7725,1,60,62,68
"913",9211,1,6785,1,58,60,66
"914",9395,1,9831,1,60,61,66
"915",9995,1,14334,1,61,64,69
"916",10098,1,12324,1,60,61,67
"917",10118,1,2002,1,63,64,69
"918",10211,1,9402,1,59,61,67
"919",10356,1,12150,1,58,61,66
"920",10440,1,9030,1,63,65,71
"921",10457,1,1102,1,62,65,69
"922",10703,1,11976,1,59,61,67
"923",10859,1,9395,1,62,64,68
"924",10917,1,8477,1,62,63,70
"925",11139,1,14691,1,60,62,68
"926",11292,1,8859,1,62,64,69
"927",11459,1,14426,1,64,65,72
"928",11498,1,8477,1,61,62,67
"929",11656,1,2218,1,61,63,67
"930",11672,1,12208,1,60,63,66
"931",12056,1,10432,1,59,60,66
"932",12335,1,7537,1,61,62,67
"933",13593,1,8805,1,60,62,69
"934",13638,1,2056,1,58,61,68
"935",13763,1,10064,1,60,61,67
"936",14101,1,14552,1,58,62,67
"937",14366,1,14691,1,60,61,67
"938",14426,1,14113,1,61,63,69
"939",14584,1,13685,1,63,64,71
"940",258,1,13478,1,61,63,68
"941",422,1,13463,1,59,61,67
"942",472,1,6620,1,61,66,71
"943",626,1,13972,1,65,66,70
"944",678,1,13466,1,65,66,72
"945",1185,1,7070,1,60,64,69
"946",1656,1,1818,1,61,62,67
"947",1739,1,6693,1,65,66,73
"948",2481,1,3254,1,59,63,69
"949",3044,1,10564,1,62,64,70
"950",3795,1,291,1,62,64,69
"951",3809,1,11461,1,62,63,68
"952",3849,1,310,1,65,66,73
"953",4065,1,6863,1,62,65,69
"954",4416,1,8573,1,62,63,68
"955",4424,1,10064,1,62,63,68
"956",4629,1,9471,1,62,64,70
"957",4652,1,13763,1,61,63,68
"958",6001,1,9147,1,63,64,70
"959",6073,1,10564,1,63,64,68
"960",6364,1,8055,1,56,59,67
"961",6387,1,11439,1,64,65,71
"962",6541,1,13758,1,63,66,71
"963",6603,1,3354,1,64,66,71
"964",6750,1,11649,1,64,66,72
"965",6885,1,1511,1,64,66,72
"966",7415,1,12249,1,64,66,71
"967",7416,1,857,1,62,65,70
"968",7473,1,7122,1,65,66,70
"969",7482,1,14784,1,60,62,67
"970",7529,1,11940,1,64,66,71
"971",7594,1,8062,1,58,63,67
"972",7914,1,14128,1,61,63,70
"973",8500,1,3757,1,61,62,68
"974",8787,1,9233,1,62,65,70
"975",8832,1,4292,1,65,66,71
"976",8864,1,9185,1,64,66,69
"977",8912,1,13207,1,58,61,67
"978",8959,1,10082,1,64,65,73
"979",9183,1,9233,1,63,64,68
"980",9918,1,9068,1,63,65,70
"981",10082,1,6630,1,61,63,68
"982",10127,1,708,1,62,64,69
"983",10575,1,11171,1,63,66,69
"984",10987,1,14598,1,62,64,70
"985",11003,1,11396,1,64,66,71
"986",11108,1,804,1,65,66,71
"987",11133,1,5582,1,60,62,67
"988",11208,1,9395,1,62,64,69
"989",11250,1,13054,1,63,64,69
"990",11396,1,1986,1,61,63,68
"991",11482,1,7725,1,61,64,71
"992",11519,1,12434,1,63,64,69
"993",11919,1,3837,1,60,62,69
"994",12209,1,183,1,60,63,71
"995",12238,1,13474,1,61,64,69
"996",12361,1,9810,1,62,64,68
"997",12596,1,9471,1,63,65,71
"998",12688,1,541,1,64,66,70
"999",12961,1,12335,1,63,65,69
"1000",13225,1,12724,1,62,63,71
"1001",13798,1,12765,1,63,65,69
"1002",13943,1,10484,1,61,63,68
"1003",14036,1,8870,1,61,65,70
"1004",14333,1,11380,1,57,58,67
"1005",14689,1,1460,1,61,64,68
"1006",385,1,14334,1,62,66,69
"1007",541,1,11990,1,60,62,69
"1008",569,1,6216,1,63,65,69
"1009",687,1,666,1,63,65,71
"1010",1264,1,3044,1,65,66,71
"1011",1417,1,10399,1,64,65,70
"1012",1477,1,7158,1,63,65,72
"1013",1485,1,13530,1,61,63,69
"1014",1698,1,12830,1,61,62,69
"1015",1748,1,2901,1,64,66,74
"1016",1942,1,11317,1,66,67,74
"1017",2093,1,5811,1,60,63,68
"1018",2233,1,5381,1,63,65,71
"1019",2507,1,9080,1,61,64,69
"1020",2894,1,3354,1,65,67,73
"1021",3036,1,14641,1,61,63,68
"1022",3277,1,708,1,61,65,70
"1023",3389,1,1633,1,61,64,70
"1024",3425,1,3458,1,59,61,68
"1025",3477,1,12682,1,64,65,69
"1026",3802,1,2233,1,66,67,72
"1027",3866,1,10977,1,62,64,70
"1028",3992,1,1742,1,63,64,69
"1029",4013,1,3493,1,62,63,69
"1030",4024,1,4948,1,59,62,69
"1031",4292,1,12227,1,62,64,69
"1032",4317,1,1698,1,64,65,71
"1033",4338,1,6146,1,63,64,69
"1034",4341,1,13619,1,65,67,72
"1035",5023,1,1417,1,65,67,72
"1036",5064,1,13466,1,65,67,72
"1037",5135,1,13593,1,63,64,69
"1038",5295,1,11938,1,58,60,70
"1039",5375,1,2045,1,64,66,70
"1040",5645,1,7563,1,65,67,73
"1041",5726,1,10289,1,66,67,71
"1042",5825,1,8912,1,61,63,68
"1043",5871,1,10346,1,64,67,72
"1044",5932,1,13281,1,63,65,69
"1045",6166,1,10356,1,62,64,68
"1046",6539,1,7122,1,65,66,72
"1047",6655,1,2218,1,61,63,71
"1048",6949,1,10456,1,62,64,72
"1049",7397,1,8142,1,66,67,73
"1050",7563,1,6726,1,62,64,68
"1051",7668,1,3456,1,61,63,68
"1052",8384,1,7158,1,65,66,73
"1053",8859,1,14639,1,59,61,68
"1054",8937,1,291,1,60,62,69
"1055",9068,1,6339,1,61,62,68
"1056",9128,1,9063,1,63,65,69
"1057",9172,1,195,1,63,64,70
"1058",9282,1,7809,1,63,66,70
"1059",9299,1,8500,1,64,65,70
"1060",9638,1,1981,1,65,67,74
"1061",10122,1,8573,1,62,63,68
"1062",10563,1,8912,1,64,67,72
"1063",10564,1,4701,1,58,60,68
"1064",10602,1,1081,1,63,64,70
"1065",11358,1,1091,1,61,64,69
"1066",11750,1,4416,1,65,67,72
"1067",11790,1,6717,1,63,64,70
"1068",11808,1,7179,1,65,67,72
"1069",11940,1,13505,1,62,63,68
"1070",11947,1,8876,1,63,65,72
"1071",12269,1,12724,1,63,64,70
"1072",12434,1,6142,1,62,63,68
"1073",12682,1,10466,1,61,63,69
"1074",12981,1,14288,1,64,66,74
"1075",13694,1,14065,1,65,67,71
"1076",14094,1,2380,1,66,67,72
"1077",14197,1,6682,1,65,66,72
"1078",14288,1,8725,1,60,63,69
"1079",14357,1,9789,1,64,65,70
"1080",14385,1,10987,1,65,66,72
"1081",14592,1,8437,1,63,65,70
"1082",14593,1,2434,1,63,66,70
"1083",14685,1,426,1,63,67,72
"1084",14749,1,8500,1,64,65,70
"1085",14798,1,10211,1,64,65,71
"1086",40,1,5068,1,61,63,71
"1087",546,1,13374,1,63,66,73
"1088",573,1,13158,1,64,66,70
"1089",588,1,1477,1,66,67,72
"1090",800,1,1889,1,65,67,71
"1091",987,1,6216,1,62,64,72
"1092",1013,1,11396,1,66,67,73
"1093",1121,1,5381,1,64,66,71
"1094",1258,1,13416,1,67,68,77
"1095",1394,1,4629,1,66,68,72
"1096",1559,1,12058,1,65,66,70
"1097",1582,1,8864,1,66,68,72
"1098",1722,1,3234,1,66,67,75
"1099",1727,1,6620,1,60,62,69
"1100",1728,1,4013,1,64,66,72
"1101",1981,1,13803,1,61,63,69
"1102",2002,1,2343,1,61,62,69
"1103",2355,1,9651,1,65,66,72
"1104",2595,1,3613,1,62,64,70
"1105",2617,1,3613,1,61,62,69
"1106",2647,1,1460,1,63,65,69
"1107",2714,1,8912,1,62,64,69
"1108",2722,1,6389,1,61,63,69
"1109",3234,1,14426,1,64,65,71
"1110",3283,1,12379,1,65,66,72
"1111",3639,1,7141,1,63,66,71
"1112",3772,1,1559,1,67,68,74
"1113",4504,1,9789,1,63,67,72
"1114",4878,1,2176,1,64,65,70
"1115",5089,1,14101,1,63,65,70
"1116",5156,1,1958,1,65,67,72
"1117",5379,1,3809,1,65,66,72
"1118",5540,1,14164,1,66,67,72
"1119",5615,1,10703,1,63,65,71
"1120",5669,1,2359,1,64,66,71
"1121",5760,1,10564,1,61,63,69
"1122",6047,1,9185,1,65,66,73
"1123",6184,1,1185,1,64,66,72
"1124",6336,1,6539,1,67,68,71
"1125",6416,1,7594,1,65,67,73
"1126",6869,1,4572,1,67,68,74
"1127",7300,1,11396,1,63,66,71
"1128",7507,1,1312,1,66,67,72
"1129",7567,1,11649,1,65,68,74
"1130",7610,1,11753,1,62,63,71
"1131",7730,1,14200,1,63,65,72
"1132",7764,1,473,1,64,68,74
"1133",7884,1,3389,1,65,66,72
"1134",8178,1,3651,1,67,68,73
"1135",8254,1,14614,1,63,65,69
"1136",8417,1,987,1,66,68,74
"1137",8538,1,6113,1,60,66,73
"1138",9073,1,9789,1,63,64,69
"1139",9162,1,3101,1,63,65,70
"1140",9226,1,7668,1,63,64,69
"1141",9729,1,14691,1,61,64,70
"1142",9996,1,4421,1,63,65,71
"1143",10289,1,10356,1,63,65,71
"1144",11000,1,9395,1,64,66,73
"1145",11285,1,1922,1,63,65,71
"1146",11319,1,2052,1,63,64,70
"1147",11520,1,2343,1,62,64,70
"1148",11796,1,7563,1,67,68,73
"1149",11904,1,9183,1,65,67,72
"1150",11979,1,4421,1,62,63,69
"1151",12677,1,4416,1,64,68,72
"1152",13061,1,3502,1,63,64,70
"1153",13070,1,14036,1,66,67,71
"1154",13410,1,9172,1,66,67,71
"1155",13546,1,8437,1,62,64,69
"1156",13953,1,9226,1,66,68,73
"1157",13954,1,14426,1,65,67,73
"1158",14164,1,11165,1,63,65,69
"1159",14317,1,14164,1,66,67,73
"1160",14683,1,14488,1,61,64,69
"1161",277,1,3010,1,67,69,75
"1162",397,1,11035,1,67,68,73
"1163",468,1,9996,1,66,69,73
"1164",649,1,473,1,65,67,72
"1165",653,1,11035,1,67,69,75
"1166",765,1,7809,1,62,65,71
"1167",775,1,7529,1,67,68,75
"1168",889,1,10050,1,67,68,72
"1169",1453,1,3639,1,67,68,72
"1170",1700,1,3744,1,67,69,74
"1171",1707,1,6073,1,65,66,71
"1172",1881,1,13798,1,65,66,70
"1173",1943,1,14455,1,64,66,72
"1174",1958,1,12682,1,64,65,70
"1175",1997,1,8260,1,64,68,73
"1176",2319,1,6682,1,65,66,72
"1177",2380,1,1485,1,64,65,73
"1178",2491,1,11459,1,67,69,74
"1179",2546,1,567,1,62,64,71
"1180",2632,1,422,1,62,64,70
"1181",2900,1,4141,1,63,65,71
"1182",3010,1,1727,1,64,66,71
"1183",3200,1,3035,1,63,65,71
"1184",3247,1,4433,1,63,65,71
"1185",3359,1,4652,1,64,68,74
"1186",3651,1,8859,1,64,66,71
"1187",3813,1,4878,1,66,68,73
"1188",4033,1,9158,1,67,68,74
"1189",4060,1,13061,1,65,68,73
"1190",5146,1,12682,1,65,67,72
"1191",5422,1,1107,1,62,66,71
"1192",5451,1,7709,1,68,69,74
"1193",5644,1,7215,1,62,64,70
"1194",5697,1,10987,1,66,67,73
"1195",5876,1,13268,1,68,69,76
"1196",5918,1,473,1,65,66,71
"1197",6111,1,14592,1,66,67,72
"1198",6682,1,3035,1,63,64,70
"1199",6693,1,8194,1,61,65,70
"1200",6877,1,12379,1,64,66,70
"1201",7282,1,11979,1,66,67,71
"1202",7462,1,10346,1,66,67,72
"1203",7763,1,3260,1,66,68,74
"1204",7900,1,2002,1,63,64,71
"1205",8322,1,2668,1,65,67,73
"1206",9158,1,1102,1,63,65,70
"1207",9185,1,3757,1,60,63,70
"1208",9312,1,13685,1,63,67,73
"1209",9383,1,8254,1,65,66,70
"1210",9442,1,11139,1,63,67,71
"1211",9758,1,5932,1,67,68,75
"1212",9769,1,3364,1,63,64,71
"1213",10149,1,5578,1,63,64,70
"1214",10214,1,14614,1,64,66,73
"1215",10614,1,13459,1,67,68,73
"1216",10641,1,11292,1,66,68,73
"1217",11035,1,3101,1,63,65,70
"1218",11058,1,13225,1,66,69,72
"1219",11094,1,1121,1,67,68,74
"1220",11159,1,12777,1,64,68,73
"1221",11226,1,13466,1,65,68,72
"1222",11256,1,14683,1,66,67,74
"1223",11317,1,541,1,63,65,70
"1224",11591,1,1511,1,63,65,73
"1225",11757,1,6655,1,64,69,74
"1226",12165,1,11108,1,66,68,72
"1227",12198,1,9536,1,63,65,70
"1228",12298,1,7415,1,67,69,73
"1229",12320,1,7668,1,64,66,70
"1230",12378,1,9073,1,66,69,73
"1231",12514,1,7594,1,64,65,71
"1232",12692,1,10289,1,66,67,72
"1233",12777,1,8477,1,61,63,71
"1234",12898,1,11519,1,66,67,71
"1235",13052,1,13207,1,60,62,70
"1236",13268,1,7749,1,66,67,71
"1237",13306,1,5236,1,66,68,74
"1238",13416,1,13972,1,64,66,70
"1239",13438,1,12765,1,65,67,72
"1240",13459,1,8254,1,66,67,72
"1241",13501,1,5540,1,67,69,74
"1242",13595,1,5918,1,67,68,73
"1243",13646,1,1460,1,61,65,72
"1244",13774,1,11208,1,67,68,74
"1245",14019,1,3651,1,67,68,72
"1246",14123,1,8959,1,66,67,73
"1247",14193,1,7887,1,66,67,75
"1248",136,1,8053,1,66,68,73
"1249",208,1,9729,1,66,67,72
"1250",611,1,7730,1,67,69,74
"1251",673,1,9729,1,65,68,73
"1252",762,1,3639,1,67,70,75
"1253",886,1,10337,1,67,68,74
"1254",965,1,11108,1,68,70,76
"1255",1067,1,1559,1,67,69,77
"1256",1316,1,6917,1,66,69,74
"1257",1365,1,1673,1,69,70,76
"1258",1548,1,7473,1,67,69,73
"1259",1561,1,3849,1,68,70,76
"1260",1914,1,1728,1,67,70,74
"1261",1933,1,2296,1,68,70,74
"1262",2705,1,14288,1,64,66,72
"1263",2724,1,9312,1,67,70,77
"1264",2769,1,6682,1,65,67,73
"1265",3465,1,9080,1,63,65,73
"1266",3764,1,1920,1,65,66,72
"1267",3929,1,567,1,64,67,73
"1268",4133,1,9185,1,64,66,71
"1269",4147,1,6184,1,67,69,73
"1270",4297,1,4960,1,66,67,71
"1271",4505,1,5089,1,66,67,71
"1272",4861,1,5644,1,66,69,74
"1273",5476,1,4878,1,67,69,74
"1274",5965,1,3211,1,65,67,72
"1275",6132,1,11292,1,65,67,71
"1276",6249,1,2722,1,64,66,71
"1277",6296,1,2507,1,66,68,73
"1278",6457,1,4433,1,63,67,71
"1279",6618,1,13014,1,68,70,74
"1280",6888,1,13943,1,67,69,75
"1281",7192,1,7730,1,66,68,76
"1282",7288,1,10127,1,68,69,75
"1283",7362,1,10214,1,67,69,74
"1284",7429,1,29,1,68,70,77
"1285",7457,1,6158,1,64,67,72
"1286",7568,1,8937,1,62,65,71
"1287",7618,1,1922,1,63,64,71
"1288",7915,1,12682,1,65,67,73
"1289",8716,1,5615,1,66,68,72
"1290",8783,1,10987,1,65,67,71
"1291",8799,1,11904,1,68,70,76
"1292",9479,1,472,1,68,69,75
"1293",9651,1,14047,1,61,64,71
"1294",9685,1,2175,1,67,68,73
"1295",10337,1,13052,1,63,65,72
"1296",10345,1,5375,1,67,70,75
"1297",10633,1,7887,1,66,67,73
"1298",10690,1,13667,1,69,70,77
"1299",10721,1,12198,1,68,69,73
"1300",10971,1,1264,1,67,69,74
"1301",11073,1,7529,1,67,69,74
"1302",11149,1,3010,1,67,70,74
"1303",11157,1,14455,1,65,67,73
"1304",11531,1,10082,1,65,68,73
"1305",11832,1,3992,1,65,69,73
"1306",11937,1,3234,1,66,67,72
"1307",12062,1,13546,1,65,67,71
"1308",12115,1,6111,1,68,70,76
"1309",12302,1,14593,1,68,70,76
"1310",12446,1,7300,1,67,68,73
"1311",12540,1,775,1,69,70,76
"1312",13014,1,10456,1,64,67,71
"1313",13028,1,10997,1,63,68,74
"1314",13160,1,14036,1,66,67,72
"1315",13241,1,6541,1,67,69,76
"1316",13582,1,13646,1,66,68,74
"1317",13642,1,10703,1,64,68,74
"1318",13836,1,5156,1,68,69,75
"1319",13990,1,14682,1,68,69,73
"1320",13994,1,5644,1,65,66,71
"1321",14012,1,3277,1,66,68,73
"1322",14048,1,2002,1,64,66,73
"1323",14059,1,2769,1,68,70,76
"1324",14134,1,13416,1,68,69,73
"1325",14269,1,10440,1,67,70,77
"1326",14370,1,5422,1,67,70,76
"1327",14455,1,8213,1,62,63,71
"1328",29,1,6655,1,64,66,72
"1329",243,1,8133,1,70,71,77
"1330",450,1,8538,1,67,70,74
"1331",518,1,6001,1,67,71,75
"1332",549,1,1013,1,68,71,78
"1333",566,1,546,1,68,69,74
"1334",639,1,1264,1,67,69,75
"1335",862,1,6924,1,69,70,74
"1336",955,1,7890,1,68,69,74
"1337",1119,1,13028,1,70,71,77
"1338",1265,1,6949,1,65,66,72
"1339",1452,1,7887,1,67,69,74
"1340",1673,1,1185,1,65,68,73
"1341",1674,1,2355,1,67,70,75
"1342",2175,1,10703,1,63,65,72
"1343",2207,1,573,1,67,69,75
"1344",2430,1,2002,1,65,67,72
"1345",2431,1,4794,1,67,68,73
"1346",2482,1,13160,1,69,71,76
"1347",2831,1,14197,1,67,69,74
"1348",2859,1,1559,1,68,69,75
"1349",3088,1,2430,1,69,71,76
"1350",3374,1,2233,1,67,68,75
"1351",3474,1,7915,1,69,71,77
"1352",3545,1,1920,1,66,68,72
"1353",3695,1,3929,1,70,71,77
"1354",3718,1,7372,1,66,68,74
"1355",3971,1,4968,1,63,67,72
"1356",4188,1,7887,1,66,67,72
"1357",4354,1,12987,1,70,71,78
"1358",4375,1,3374,1,69,70,76
"1359",4631,1,13982,1,70,71,76
"1360",4794,1,9995,1,65,66,72
"1361",4817,1,9030,1,64,68,76
"1362",4879,1,8538,1,68,70,75
"1363",5341,1,14426,1,65,67,72
"1364",5914,1,7610,1,65,67,73
"1365",6037,1,13646,1,67,68,73
"1366",6286,1,12898,1,69,70,76
"1367",6722,1,8053,1,66,67,72
"1368",6757,1,7730,1,66,71,75
"1369",6759,1,5697,1,68,70,75
"1370",6831,1,633,1,62,65,72
"1371",7033,1,10302,1,69,71,76
"1372",7263,1,5236,1,66,69,74
"1373",7279,1,11649,1,66,68,74
"1374",7312,1,2595,1,67,70,76
"1375",7569,1,2319,1,70,71,76
"1376",7675,1,5375,1,68,70,75
"1377",7709,1,3036,1,64,66,73
"1378",7754,1,7279,1,69,71,76
"1379",7816,1,2002,1,64,67,73
"1380",7897,1,9282,1,67,69,74
"1381",8133,1,10149,1,65,68,72
"1382",8577,1,9995,1,66,68,72
"1383",8813,1,4505,1,68,69,73
"1384",8850,1,1417,1,66,69,73
"1385",9120,1,13836,1,69,70,74
"1386",9170,1,13416,1,69,71,75
"1387",9212,1,8254,1,67,71,76
"1388",9598,1,1477,1,69,71,77
"1389",9715,1,12417,1,66,68,74
"1390",10116,1,7288,1,70,71,76
"1391",10535,1,2481,1,65,67,72
"1392",10719,1,1997,1,69,70,73
"1393",10985,1,7897,1,70,71,76
"1394",11206,1,13028,1,69,70,74
"1395",11273,1,5955,1,63,66,73
"1396",11276,1,11482,1,66,69,75
"1397",11336,1,11165,1,64,67,72
"1398",11390,1,12687,1,62,66,72
"1399",11793,1,13667,1,67,68,74
"1400",11813,1,9918,1,65,69,74
"1401",11856,1,11757,1,69,71,76
"1402",11906,1,9810,1,63,65,72
"1403",11936,1,10917,1,67,70,75
"1404",11958,1,626,1,67,68,73
"1405",11967,1,6146,1,64,67,75
"1406",12000,1,12504,1,70,71,78
"1407",12174,1,4317,1,67,69,74
"1408",12330,1,14164,1,66,68,75
"1409",12410,1,800,1,67,69,74
"1410",12504,1,546,1,67,68,73
"1411",12524,1,623,1,69,70,75
"1412",12547,1,2595,1,66,68,72
"1413",12665,1,9299,1,66,67,73
"1414",12699,1,3283,1,67,69,73
"1415",12971,1,11250,1,65,67,74
"1416",13065,1,14019,1,69,70,75
"1417",13139,1,5422,1,68,70,75
"1418",13667,1,666,1,63,66,73
"1419",13771,1,6693,1,66,68,74
"1420",13810,1,9128,1,66,69,74
"1421",14105,1,687,1,67,69,74
"1422",14165,1,2319,1,67,70,76
"1423",14260,1,12898,1,68,69,74
"1424",14414,1,8437,1,64,67,73
"1425",14446,1,8864,1,67,69,74
"1426",14589,1,9128,1,67,69,74
"1427",122,1,12692,1,68,70,74
"1428",379,1,10214,1,70,71,76
"1429",400,1,9128,1,66,69,73
"1430",531,1,12446,1,69,70,73
"1431",562,1,4133,1,68,69,73
"1432",689,1,4147,1,70,71,76
"1433",773,1,11276,1,70,72,78
"1434",828,1,10970,1,70,71,78
"1435",1001,1,3200,1,66,69,74
"1436",1562,1,397,1,70,72,78
"1437",1685,1,3718,1,71,72,76
"1438",1751,1,7102,1,70,71,75
"1439",2296,1,14455,1,64,67,74
"1440",2584,1,5726,1,67,68,74
"1441",2807,1,678,1,68,71,76
"1442",3177,1,13972,1,66,69,75
"1443",3206,1,1943,1,68,70,77
"1444",3375,1,7312,1,71,72,76
"1445",3492,1,780,1,69,70,75
"1446",3701,1,9120,1,71,72,78
"1447",3717,1,1453,1,69,71,76
"1448",3749,1,12238,1,67,69,73
"1449",3884,1,11285,1,70,72,78
"1450",4028,1,2430,1,69,71,77
"1451",4151,1,12765,1,65,67,73
"1452",4206,1,4794,1,68,71,75
"1453",4395,1,3992,1,67,68,73
"1454",4777,1,1942,1,68,69,75
"1455",4873,1,4504,1,70,72,78
"1456",4893,1,4777,1,70,72,78
"1457",5008,1,4292,1,67,70,76
"1458",5035,1,9551,1,71,72,77
"1459",5297,1,12898,1,68,69,75
"1460",5453,1,14123,1,70,72,77
"1461",5635,1,11906,1,67,69,74
"1462",6101,1,6924,1,69,70,73
"1463",6297,1,11159,1,70,71,75
"1464",6312,1,1958,1,69,70,76
"1465",6425,1,11591,1,68,70,75
"1466",7114,1,1396,1,66,69,75
"1467",7321,1,2296,1,67,70,74
"1468",8201,1,5023,1,68,70,77
"1469",8349,1,8937,1,64,66,73
"1470",8521,1,4879,1,70,72,76
"1471",8727,1,12410,1,70,71,77
"1472",8796,1,10214,1,68,70,75
"1473",8823,1,11108,1,69,70,75
"1474",9326,1,1677,1,71,72,76
"1475",9445,1,5965,1,69,71,76
"1476",9585,1,649,1,68,71,77
"1477",9658,1,11832,1,70,72,80
"1478",10031,1,7415,1,67,70,75
"1479",10050,1,12777,1,65,67,73
"1480",10100,1,10970,1,70,72,76
"1481",10144,1,7587,1,69,70,76
"1482",10302,1,3247,1,66,68,74
"1483",10387,1,14798,1,67,69,73
"1484",10507,1,6603,1,66,67,74
"1485",10699,1,12320,1,67,69,73
"1486",10727,1,5932,1,65,67,74
"1487",10883,1,1548,1,70,72,76
"1488",11242,1,7158,1,65,67,74
"1489",11243,1,12906,1,70,71,76
"1490",11586,1,6037,1,69,70,76
"1491",11698,1,7816,1,69,71,76
"1492",11752,1,7897,1,71,72,77
"1493",12003,1,2894,1,68,69,75
"1494",12129,1,3716,1,71,72,77
"1495",12265,1,11813,1,70,71,76
"1496",12614,1,4960,1,67,70,76
"1497",12782,1,14164,1,67,69,76
"1498",12987,1,1265,1,67,69,75
"1499",13004,1,3749,1,70,72,78
"1500",13038,1,1548,1,70,72,78
"1501",13129,1,3283,1,67,69,75
"1502",13510,1,541,1,65,67,74
"1503",13580,1,208,1,69,71,77
"1504",13684,1,9312,1,71,72,76
"1505",13897,1,10721,1,70,72,77
"1506",13917,1,13459,1,68,69,74
"1507",13982,1,14593,1,68,69,74
"1508",14003,1,14165,1,71,72,78
"1509",14104,1,8832,1,69,70,74
"1510",14156,1,472,1,69,70,74
"1511",14187,1,626,1,67,69,74
"1512",14478,1,13990,1,70,71,74
"1513",14616,1,6750,1,71,72,78
"1514",14682,1,11439,1,65,67,74
"1515",125,1,626,1,68,70,76
"1516",128,1,14197,1,67,69,74
"1517",185,1,2276,1,71,73,77
"1518",297,1,12198,1,66,69,75
"1519",327,1,10387,1,71,73,78
"1520",350,1,1582,1,69,71,75
"1521",372,1,277,1,70,71,78
"1522",616,1,10838,1,71,73,78
"1523",623,1,5023,1,67,69,76
"1524",651,1,12330,1,70,72,79
"1525",780,1,310,1,65,68,74
"1526",892,1,136,1,68,69,74
"1527",996,1,2831,1,72,73,78
"1528",1036,1,12174,1,70,71,78
"1529",1248,1,8178,1,69,71,77
"1530",1250,1,3772,1,70,72,77
"1531",1344,1,3802,1,69,72,77
"1532",1773,1,7288,1,71,72,76
"1533",1877,1,4861,1,70,73,79
"1534",1950,1,12446,1,71,72,78
"1535",2265,1,4013,1,65,69,76
"1536",2360,1,12379,1,65,67,74
"1537",2511,1,12782,1,70,72,76
"1538",2659,1,12302,1,71,73,81
"1539",3241,1,955,1,70,73,79
"1540",3290,1,11936,1,71,73,78
"1541",3581,1,8208,1,71,73,79
"1542",3589,1,5375,1,69,72,77
"1543",3607,1,6001,1,65,69,75
"1544",3848,1,14446,1,70,71,78
"1545",4077,1,4817,1,70,73,80
"1546",4127,1,14385,1,68,71,75
"1547",4131,1,7282,1,68,70,75
"1548",4730,1,8133,1,69,70,76
"1549",4890,1,9685,1,69,70,74
"1550",4980,1,6539,1,68,69,74
"1551",5120,1,11586,1,72,73,79
"1552",5131,1,12540,1,71,73,78
"1553",5550,1,14685,1,68,69,74
"1554",5865,1,5914,1,68,71,75
"1555",5881,1,14164,1,67,69,76
"1556",5949,1,1748,1,68,69,74
"1557",5967,1,6603,1,68,69,75
"1558",6048,1,3234,1,70,72,77
"1559",6107,1,10345,1,71,72,78
"1560",6124,1,3802,1,70,73,79
"1561",6272,1,7271,1,72,73,79
"1562",6357,1,11058,1,70,72,76
"1563",6509,1,1067,1,70,72,79
"1564",6665,1,9551,1,70,73,78
"1565",6924,1,13646,1,66,68,75
"1566",7102,1,2894,1,69,70,76
"1567",7271,1,10727,1,68,69,74
"1568",7313,1,3929,1,69,70,75
"1569",7469,1,2430,1,68,69,75
"1570",7843,1,4131,1,70,71,76
"1571",8047,1,11003,1,67,69,74
"1572",8109,1,7122,1,66,70,75
"1573",8121,1,6888,1,71,72,78
"1574",8313,1,3848,1,72,73,78
"1575",8323,1,8053,1,67,70,74
"1576",8765,1,14260,1,71,73,77
"1577",9287,1,758,1,72,73,78
"1578",9339,1,6869,1,69,72,77
"1579",9398,1,9651,1,66,67,74
"1580",9551,1,13695,1,67,69,75
"1581",9667,1,2894,1,69,71,76
"1582",9842,1,11937,1,69,70,75
"1583",9874,1,11482,1,66,67,74
"1584",9942,1,11119,1,70,72,77
"1585",10266,1,12446,1,70,72,76
"1586",10449,1,11226,1,70,73,78
"1587",10582,1,3247,1,67,70,75
"1588",10607,1,4060,1,69,71,76
"1589",10640,1,9715,1,69,70,75
"1590",10698,1,8047,1,70,73,79
"1591",10838,1,2355,1,68,70,77
"1592",10930,1,1067,1,70,73,78
"1593",10970,1,13667,1,67,69,75
"1594",11450,1,1067,1,70,71,76
"1595",11787,1,5760,1,65,71,75
"1596",12029,1,10614,1,69,71,75
"1597",12135,1,1933,1,70,71,78
"1598",12306,1,2769,1,68,70,77
"1599",12360,1,10607,1,71,73,78
"1600",12420,1,12378,1,70,72,77
"1601",12577,1,243,1,72,73,79
"1602",12660,1,800,1,68,70,76
"1603",12819,1,8398,1,68,69,76
"1604",12833,1,7192,1,69,71,76
"1605",12906,1,13410,1,68,69,75
"1606",13318,1,11073,1,70,72,76
"1607",13695,1,8787,1,66,67,74
"1608",13728,1,10614,1,68,70,76
"1609",13751,1,14260,1,72,73,76
"1610",13791,1,1036,1,72,73,77
"1611",13882,1,593,1,69,71,76
"1612",13902,1,14829,1,69,70,75
"1613",13957,1,3545,1,69,71,76
"1614",13996,1,10971,1,70,71,78
"1615",14061,1,6184,1,68,71,77
"1616",14177,1,955,1,71,72,77
"1617",14242,1,3849,1,67,69,74
"1618",14696,1,13546,1,67,73,79
"1619",14829,1,11292,1,66,68,74
"1620",20,1,6425,1,72,74,78
"1621",158,1,1881,1,69,72,78
"1622",172,1,7567,1,69,70,76
"1623",278,1,12238,1,68,71,76
"1624",299,1,10721,1,71,72,78
"1625",593,1,4505,1,68,69,75
"1626",720,1,4375,1,71,73,79
"1627",758,1,7884,1,67,71,75
"1628",805,1,4878,1,66,68,75
"1629",1295,1,122,1,72,74,78
"1630",1378,1,10535,1,68,70,75
"1631",1501,1,7569,1,72,73,79
"1632",1677,1,2705,1,67,70,76
"1633",1710,1,14187,1,70,72,79
"1634",1843,1,7569,1,72,74,78
"1635",1987,1,13695,1,68,70,76
"1636",2073,1,6132,1,68,69,75
"1637",2107,1,11531,1,71,74,79
"1638",2582,1,9810,1,65,69,75
"1639",2914,1,12994,1,72,74,79
"1640",3372,1,12378,1,71,73,78
"1641",3413,1,12677,1,70,72,76
"1642",3716,1,2434,1,65,69,75
"1643",3914,1,5914,1,71,73,78
"1644",4051,1,14269,1,71,73,79
"1645",4269,1,8384,1,67,72,77
"1646",4280,1,13990,1,71,73,79
"1647",4331,1,11947,1,68,70,76
"1648",4440,1,11256,1,69,71,76
"1649",4590,1,1914,1,71,73,78
"1650",5013,1,3010,1,67,68,75
"1651",5466,1,243,1,73,74,78
"1652",5741,1,6655,1,64,67,75
"1653",5873,1,6924,1,69,70,75
"1654",5915,1,7397,1,68,70,75
"1655",5995,1,13154,1,71,73,79
"1656",6013,1,14012,1,70,72,78
"1657",6115,1,13014,1,69,71,78
"1658",6452,1,2265,1,70,73,81
"1659",6615,1,10354,1,72,74,78
"1660",6679,1,7397,1,69,71,76
"1661",6691,1,7033,1,72,73,77
"1662",6696,1,805,1,71,72,76
"1663",6751,1,5242,1,73,74,81
"1664",6791,1,14019,1,69,71,75
"1665",6797,1,11073,1,70,71,75
"1666",6858,1,12306,1,72,74,81
"1667",6880,1,3718,1,70,71,78
"1668",6923,1,2207,1,70,72,78
"1669",6936,1,2724,1,72,74,80
"1670",7014,1,5341,1,68,70,75
"1671",7247,1,7102,1,71,73,79
"1672",7267,1,13501,1,70,73,80
"1673",7342,1,10507,1,70,71,75
"1674",7587,1,12596,1,66,68,75
"1675",7672,1,12660,1,71,73,79
"1676",7948,1,11094,1,69,71,77
"1677",8111,1,10641,1,69,71,76
"1678",8208,1,29,1,67,70,76
"1679",8398,1,11979,1,64,67,75
"1680",8667,1,1933,1,71,73,79
"1681",8712,1,7899,1,73,74,78
"1682",8785,1,5071,1,71,73,80
"1683",8862,1,7271,1,71,72,77
"1684",8875,1,6750,1,69,70,75
"1685",9240,1,14061,1,72,73,80
"1686",9347,1,7321,1,71,74,79
"1687",9366,1,11937,1,70,73,78
"1688",9506,1,12692,1,69,72,78
"1689",10042,1,10727,1,68,69,76
"1690",10234,1,3849,1,67,70,75
"1691",10237,1,4777,1,71,74,80
"1692",10464,1,9685,1,70,71,77
"1693",10490,1,14165,1,71,73,79
"1694",10660,1,4861,1,72,74,79
"1695",10929,1,12129,1,73,74,78
"1696",10975,1,172,1,71,73,77
"1697",11119,1,6047,1,67,69,76
"1698",11214,1,13996,1,71,73,77
"1699",11255,1,9918,1,69,70,76
"1700",11554,1,6111,1,68,70,75
"1701",11654,1,10212,1,72,74,78
"1702",11739,1,7313,1,72,73,79
"1703",11815,1,13065,1,71,73,77
"1704",12210,1,639,1,70,72,76
"1705",12280,1,372,1,72,74,78
"1706",12560,1,5341,1,68,70,75
"1707",12703,1,11042,1,71,73,78
"1708",12876,1,14193,1,69,71,76
"1709",12933,1,8133,1,69,71,78
"1710",13031,1,2491,1,70,71,77
"1711",13154,1,9715,1,69,70,76
"1712",13217,1,2491,1,71,73,78
"1713",13256,1,11073,1,70,72,78
"1714",13377,1,11159,1,70,72,76
"1715",13425,1,13694,1,68,69,75
"1716",13525,1,1987,1,71,74,81
"1717",13,1,6888,1,70,71,77
"1718",100,1,566,1,70,72,78
"1719",335,1,11042,1,72,74,77
"1720",496,1,12422,1,71,72,77
"1721",785,1,9598,1,74,75,83
"1722",851,1,7114,1,69,75,83
"1723",1254,1,9918,1,67,69,76
"1724",1488,1,1700,1,70,72,77
"1725",1532,1,6297,1,71,73,77
"1726",1660,1,6679,1,73,74,79
"1727",1669,1,10116,1,72,75,80
"1728",1828,1,1378,1,73,74,79
"1729",2201,1,10582,1,72,74,78
"1730",2396,1,11531,1,69,71,79
"1731",2665,1,13957,1,73,74,80
"1732",3102,1,1971,1,74,75,79
"1733",3311,1,7754,1,72,75,79
"1734",3332,1,945,1,74,75,80
"1735",3368,1,8201,1,71,73,77
"1736",3539,1,10212,1,73,75,79
"1737",3556,1,14156,1,71,74,78
"1738",3583,1,13953,1,70,71,76
"1739",3667,1,12994,1,72,73,78
"1740",3794,1,10971,1,71,73,78
"1741",3895,1,805,1,70,71,77
"1742",3919,1,828,1,72,73,76
"1743",3940,1,10345,1,70,72,77
"1744",4075,1,758,1,73,75,80
"1745",4454,1,4708,1,73,74,79
"1746",4485,1,199,1,71,72,77
"1747",4633,1,4033,1,72,75,80
"1748",4692,1,10614,1,69,71,77
"1749",4831,1,10640,1,71,73,78
"1750",5071,1,1185,1,67,70,76
"1751",5242,1,3492,1,71,72,80
"1752",5267,1,8323,1,71,74,79
"1753",5336,1,2511,1,73,75,82
"1754",5364,1,12062,1,70,72,77
"1755",5463,1,1997,1,69,72,78
"1756",5813,1,12330,1,71,73,79
"1757",5816,1,6184,1,68,70,77
"1758",6163,1,5156,1,68,71,76
"1759",6264,1,13154,1,71,72,80
"1760",6469,1,12540,1,71,73,79
"1761",6567,1,13065,1,72,75,80
"1762",6980,1,996,1,74,75,80
"1763",7220,1,1067,1,70,72,79
"1764",7396,1,9007,1,74,75,79
"1765",7512,1,5375,1,69,73,77
"1766",7885,1,11243,1,72,73,78
"1767",7973,1,6924,1,70,72,76
"1768",8083,1,7469,1,72,74,80
"1769",8084,1,5949,1,71,72,77
"1770",8158,1,12981,1,69,72,78
"1771",8175,1,4331,1,71,75,80
"1772",8557,1,1001,1,71,74,80
"1773",8658,1,199,1,72,74,78
"1774",8750,1,13865,1,72,73,76
"1775",9337,1,1316,1,70,72,78
"1776",9482,1,7321,1,71,73,76
"1777",9499,1,5064,1,69,72,76
"1778",9587,1,1452,1,71,72,78
"1779",9788,1,9585,1,71,73,78
"1780",9822,1,10575,1,68,70,77
"1781",9876,1,5865,1,72,74,81
"1782",9904,1,11058,1,71,72,76
"1783",10007,1,1561,1,72,74,79
"1784",10026,1,9822,1,74,75,80
"1785",10212,1,8053,1,67,71,76
"1786",10328,1,7312,1,71,72,78
"1787",10363,1,2265,1,71,73,80
"1788",10375,1,1119,1,73,74,78
"1789",10498,1,566,1,70,72,78
"1790",10656,1,5364,1,73,74,79
"1791",10683,1,8121,1,73,75,81
"1792",10980,1,10116,1,72,73,77
"1793",10999,1,7899,1,73,75,80
"1794",11216,1,6115,1,72,74,81
"1795",11346,1,6101,1,71,73,78
"1796",11413,1,1748,1,68,70,76
"1797",11422,1,3813,1,69,73,78
"1798",11795,1,9788,1,74,75,81
"1799",12422,1,5644,1,65,70,77
"1800",12751,1,12062,1,69,71,76
"1801",12813,1,5476,1,70,72,78
"1802",12994,1,11790,1,68,71,76
"1803",13153,1,1036,1,73,75,82
"1804",13349,1,11157,1,70,72,78
"1805",13516,1,14295,1,72,74,79
"1806",13550,1,651,1,73,75,82
"1807",13557,1,3368,1,74,75,83
"1808",14213,1,3492,1,73,74,78
"1809",14295,1,3716,1,70,71,77
"1810",14323,1,5297,1,73,75,80
"1811",14506,1,2482,1,71,73,77
"1812",14662,1,10050,1,70,71,76
"1813",14669,1,14134,1,70,74,79
"1814",76,1,6272,1,74,75,79
"1815",199,1,11094,1,69,70,78
"1816",621,1,10375,1,75,76,81
"1817",672,1,7192,1,69,73,79
"1818",840,1,5635,1,72,74,81
"1819",945,1,172,1,71,73,78
"1820",995,1,10042,1,70,73,78
"1821",1033,1,8121,1,74,76,81
"1822",1110,1,12547,1,70,72,78
"1823",1205,1,5297,1,71,74,78
"1824",1337,1,678,1,69,73,78
"1825",1343,1,6618,1,72,76,81
"1826",1598,1,593,1,71,73,77
"1827",1733,1,2276,1,71,74,80
"1828",2276,1,11208,1,67,70,77
"1829",2504,1,6357,1,73,75,83
"1830",2570,1,11346,1,73,75,81
"1831",2596,1,3716,1,70,73,79
"1832",2649,1,9312,1,71,74,79
"1833",2676,1,2914,1,75,76,81
"1834",2790,1,3413,1,73,75,81
"1835",3004,1,13575,1,75,76,83
"1836",3051,1,1674,1,70,73,79
"1837",3110,1,10116,1,72,73,79
"1838",3182,1,5635,1,70,72,77
"1839",3562,1,3290,1,75,76,81
"1840",3724,1,11856,1,73,74,77
"1841",3862,1,13377,1,73,75,80
"1842",4103,1,6048,1,73,74,77
"1843",4266,1,2207,1,70,72,78
"1844",4329,1,8875,1,71,73,77
"1845",4528,1,7843,1,73,75,81
"1846",4550,1,5550,1,72,73,79
"1847",4626,1,8208,1,71,73,77
"1848",4627,1,13582,1,71,74,78
"1849",4687,1,9842,1,71,74,80
"1850",4708,1,2859,1,70,73,79
"1851",4782,1,1987,1,71,74,79
"1852",5025,1,122,1,72,73,77
"1853",5034,1,1914,1,71,72,78
"1854",5218,1,6425,1,72,74,81
"1855",5400,1,10144,1,71,75,80
"1856",5426,1,11227,1,74,75,82
"1857",5605,1,13982,1,71,73,78
"1858",5690,1,7362,1,70,74,80
"1859",6067,1,8567,1,73,76,81
"1860",6323,1,11757,1,70,72,78
"1861",6494,1,3695,1,72,74,82
"1862",6568,1,9479,1,70,72,77
"1863",6611,1,673,1,72,74,78
"1864",6623,1,6312,1,71,72,78
"1865",6697,1,13882,1,73,76,81
"1866",6810,1,8557,1,75,76,81
"1867",6913,1,10641,1,69,73,80
"1868",7077,1,14446,1,70,73,78
"1869",7080,1,13139,1,71,72,77
"1870",7539,1,7675,1,72,76,81
"1871",7707,1,4051,1,74,76,80
"1872",7761,1,12265,1,73,74,79
"1873",7791,1,13129,1,71,72,77
"1874",7824,1,3938,1,74,76,80
"1875",7899,1,562,1,70,72,77
"1876",7994,1,13065,1,72,74,79
"1877",8036,1,4890,1,72,74,79
"1878",8068,1,10464,1,72,74,80
"1879",8094,1,13409,1,74,76,81
"1880",8130,1,13917,1,70,71,77
"1881",8187,1,12165,1,70,72,77
"1882",8332,1,12135,1,73,75,80
"1883",8356,1,6880,1,72,74,81
"1884",8468,1,6101,1,71,75,80
"1885",8621,1,12819,1,71,74,79
"1886",8760,1,6124,1,74,75,80
"1887",8810,1,8111,1,72,74,79
"1888",8978,1,9585,1,72,73,79
"1889",9007,1,13028,1,71,73,80
"1890",9027,1,12577,1,74,76,82
"1891",9149,1,8121,1,73,74,79
"1892",9159,1,13893,1,73,75,79
"1893",9443,1,6452,1,74,76,80
"1894",9677,1,5918,1,70,73,77
"1895",9727,1,11159,1,69,71,78
"1896",9819,1,6797,1,71,73,78
"1897",9828,1,5364,1,73,75,80
"1898",9895,1,4890,1,71,73,78
"1899",9955,1,10042,1,72,75,80
"1900",9973,1,10719,1,70,74,80
"1901",9985,1,14633,1,73,76,81
"1902",10166,1,6757,1,72,75,79
"1903",10217,1,14616,1,73,74,78
"1904",10313,1,13897,1,73,76,82
"1905",10354,1,5379,1,70,72,78
"1906",10408,1,7271,1,70,74,78
"1907",10654,1,1914,1,72,74,80
"1908",10905,1,12135,1,71,74,78
"1909",11042,1,11750,1,68,70,77
"1910",11227,1,13642,1,70,73,78
"1911",11235,1,10464,1,73,75,80
"1912",11533,1,11149,1,72,73,80
"1913",11646,1,11856,1,72,75,82
"1914",11725,1,8727,1,72,75,80
"1915",11749,1,4051,1,74,75,81
"1916",12098,1,773,1,73,74,79
"1917",12224,1,14682,1,70,72,77
"1918",12408,1,7529,1,67,71,77
"1919",12543,1,11149,1,73,74,80
"1920",12727,1,5865,1,72,75,81
"1921",12732,1,8083,1,75,76,80
"1922",12808,1,2584,1,69,72,77
"1923",13203,1,7791,1,73,74,81
"1924",13341,1,1561,1,72,75,77
"1925",13409,1,10234,1,71,73,77
"1926",13442,1,1501,1,74,75,82
"1927",13605,1,12751,1,72,74,81
"1928",13801,1,11757,1,73,75,80
"1929",13834,1,1248,1,72,73,78
"1930",13865,1,1748,1,67,71,77
"1931",13910,1,3717,1,74,76,82
"1932",14024,1,10026,1,75,76,81
"1933",14174,1,3088,1,72,73,78
"1934",14293,1,12420,1,74,75,82
"1935",14453,1,14061,1,73,75,81
"1936",14628,1,7267,1,73,76,79
"1937",14633,1,10345,1,72,73,79
"1938",14770,1,350,1,72,76,80
"1939",202,1,3701,1,74,76,81
"1940",349,1,7721,1,74,76,82
"1941",393,1,13139,1,74,75,79
"1942",482,1,7885,1,75,77,81
"1943",535,1,10031,1,71,72,79
"1944",610,1,10007,1,75,76,82
"1945",656,1,2265,1,70,74,80
"1946",786,1,1561,1,71,74,80
"1947",898,1,9598,1,73,75,80
"1948",1159,1,13028,1,71,72,78
"1949",1350,1,3372,1,74,77,82
"1950",1409,1,773,1,74,76,83
"1951",1420,1,4890,1,72,75,80
"1952",1498,1,3368,1,74,77,81
"1953",1523,1,7033,1,72,75,79
"1954",1584,1,20,1,75,76,80
"1955",1599,1,7220,1,74,76,81
"1956",1688,1,13640,1,76,77,83
"1957",1841,1,4631,1,72,75,81
"1958",2280,1,4127,1,73,75,80
"1959",2354,1,10980,1,73,77,80
"1960",2397,1,9667,1,72,74,78
"1961",2575,1,12000,1,73,75,81
"1962",2731,1,10354,1,73,77,83
"1963",2843,1,10031,1,71,73,78
"1964",3099,1,10611,1,76,77,85
"1965",3263,1,6124,1,74,75,81
"1966",3557,1,12029,1,73,76,82
"1967",3878,1,128,1,71,73,79
"1968",4193,1,7754,1,72,73,79
"1969",4197,1,1700,1,70,73,80
"1970",4819,1,3182,1,73,75,79
"1971",4860,1,13349,1,76,77,81
"1972",4918,1,13139,1,71,74,80
"1973",4938,1,13982,1,71,72,79
"1974",5118,1,8158,1,72,75,80
"1975",5315,1,4893,1,73,75,79
"1976",5320,1,3088,1,73,75,79
"1977",5477,1,12782,1,73,76,82
"1978",5484,1,11698,1,72,74,78
"1979",5548,1,9499,1,73,75,80
"1980",5733,1,2914,1,75,77,85
"1981",5774,1,2859,1,71,73,78
"1982",5775,1,5463,1,73,76,81
"1983",5903,1,3914,1,75,76,81
"1984",6024,1,7429,1,71,73,79
"1985",6068,1,2397,1,75,77,83
"1986",6080,1,9007,1,75,77,81
"1987",6328,1,3895,1,72,74,79
"1988",6371,1,11058,1,70,72,79
"1989",6565,1,6328,1,75,77,85
"1990",6579,1,10628,1,76,77,82
"1991",6942,1,8978,1,75,76,80
"1992",6944,1,9287,1,74,76,80
"1993",6951,1,1488,1,73,74,79
"1994",7003,1,9598,1,72,75,81
"1995",7453,1,535,1,73,75,80
"1996",7496,1,12223,1,74,76,81
"1997",7633,1,1119,1,72,74,80
"1998",7721,1,7764,1,69,73,79
"1999",7857,1,7763,1,70,72,78
"2000",7861,1,4879,1,72,75,81
"2001",7868,1,5813,1,75,76,81
"2002",7919,1,6509,1,73,75,81
"2003",8129,1,13349,1,73,74,78
"2004",8137,1,9007,1,75,77,83
"2005",8190,1,10810,1,75,76,82
"2006",8224,1,12265,1,72,74,79
"2007",8664,1,14105,1,73,75,79
"2008",8904,1,1159,1,73,75,79
"2009",9382,1,12420,1,74,76,82
"2010",9435,1,689,1,73,76,84
"2011",9802,1,11042,1,73,75,80
"2012",9851,1,4331,1,71,74,80
"2013",9889,1,689,1,73,76,82
"2014",10038,1,12029,1,72,73,78
"2015",10148,1,5451,1,70,74,79
"2016",10315,1,4395,1,70,73,78
"2017",10415,1,3660,1,75,76,82
"2018",10503,1,828,1,72,75,80
"2019",10517,1,9788,1,74,76,83
"2020",10611,1,1316,1,72,74,81
"2021",10663,1,10607,1,72,76,80
"2022",10837,1,965,1,73,75,82
"2023",10899,1,12360,1,74,76,82
"2024",10912,1,11216,1,75,76,81
"2025",10916,1,8567,1,74,76,83
"2026",11111,1,9212,1,73,74,82
"2027",11121,1,9585,1,72,75,79
"2028",11253,1,5995,1,74,76,82
"2029",11263,1,1250,1,74,76,82
"2030",11469,1,4147,1,70,73,78
"2031",11699,1,13640,1,76,77,82
"2032",11718,1,10607,1,73,75,80
"2033",12006,1,14589,1,73,77,81
"2034",12039,1,7721,1,75,77,82
"2035",12218,1,12560,1,72,74,79
"2036",12239,1,14094,1,68,70,78
"2037",12539,1,12378,1,71,73,79
"2038",12634,1,10970,1,71,72,78
"2039",12671,1,5466,1,75,77,84
"2040",12957,1,7080,1,73,75,80
"2041",13059,1,6880,1,72,75,81
"2042",13167,1,8313,1,74,75,80
"2043",13191,1,6888,1,72,75,84
"2044",13575,1,5242,1,73,74,80
"2045",13893,1,3247,1,67,73,78
"2046",13967,1,6425,1,71,74,78
"2047",13974,1,6509,1,73,75,80
"2048",14084,1,9499,1,73,74,79
"2049",14112,1,12378,1,71,73,80
"2050",14251,1,7288,1,71,73,78
"2051",14435,1,13893,1,74,75,81
"2052",14535,1,9445,1,71,73,78
"2053",14560,1,6312,1,71,72,79
"2054",14601,1,2687,1,76,77,81
"2055",60,1,11450,1,73,77,81
"2056",126,1,1501,1,74,77,82
"2057",184,1,4357,1,76,77,82
"2058",275,1,10451,1,76,78,83
"2059",296,1,6604,1,75,76,85
"2060",322,1,8549,1,76,78,84
"2061",415,1,13751,1,73,75,79
"2062",667,1,12003,1,73,76,80
"2063",788,1,1987,1,70,72,79
"2064",791,1,243,1,73,77,83
"2065",802,1,10072,1,76,77,81
"2066",1263,1,6944,1,76,78,85
"2067",1346,1,6791,1,72,74,80
"2068",1375,1,3368,1,75,76,82
"2069",1536,1,4357,1,77,78,82
"2070",1631,1,8621,1,75,76,80
"2071",1643,1,5025,1,74,76,80
"2072",1817,1,8765,1,75,78,82
"2073",1971,1,12547,1,69,73,79
"2074",1972,1,14174,1,74,77,82
"2075",2016,1,13684,1,72,74,80
"2076",2146,1,7857,1,73,76,83
"2077",2220,1,1321,1,76,78,82
"2078",2301,1,335,1,76,78,83
"2079",2578,1,9506,1,74,77,83
"2080",2629,1,7672,1,74,75,79
"2081",2677,1,13801,1,76,77,85
"2082",3047,1,13203,1,76,77,82
"2083",3112,1,1843,1,76,78,84
"2084",3123,1,9863,1,77,78,83
"2085",3210,1,14696,1,75,77,82
"2086",3337,1,11042,1,73,76,82
"2087",3443,1,13684,1,73,75,80
"2088",3665,1,10498,1,74,76,82
"2089",3973,1,8190,1,76,77,84
"2090",3983,1,965,1,73,75,79
"2091",3985,1,12280,1,75,77,82
"2092",4049,1,11739,1,74,76,82
"2093",4137,1,8468,1,76,78,83
"2094",4180,1,13501,1,71,74,80
"2095",4598,1,5669,1,70,73,79
"2096",4947,1,10498,1,75,77,84
"2097",4974,1,7267,1,74,78,84
"2098",5154,1,1562,1,75,77,83
"2099",5240,1,13791,1,74,76,81
"2100",5349,1,7656,1,74,76,81
"2101",5467,1,9445,1,74,76,82
"2102",5616,1,350,1,73,77,83
"2103",5623,1,3794,1,74,76,82
"2104",5786,1,11450,1,74,76,80
"2105",6421,1,7672,1,74,76,81
"2106",6445,1,773,1,74,75,79
"2107",6604,1,1159,1,72,73,79
"2108",6636,1,3581,1,74,77,82
"2109",6865,1,14506,1,74,76,82
"2110",6992,1,13996,1,72,76,82
"2111",7051,1,14478,1,73,76,82
"2112",7146,1,5267,1,76,78,82
"2113",7474,1,12813,1,73,74,79
"2114",7656,1,1933,1,71,73,79
"2115",7694,1,7321,1,72,74,79
"2116",7731,1,549,1,73,75,79
"2117",7742,1,8730,1,77,78,84
"2118",7872,1,14628,1,77,78,84
"2119",7982,1,898,1,77,78,82
"2120",8126,1,11793,1,70,74,79
"2121",8341,1,1914,1,71,74,80
"2122",8490,1,6163,1,72,74,79
"2123",8542,1,14177,1,74,76,81
"2124",8567,1,10234,1,71,73,79
"2125",8924,1,9677,1,74,75,82
"2126",9338,1,9665,1,76,78,83
"2127",9436,1,11115,1,73,75,80
"2128",9556,1,7442,1,77,78,83
"2129",9777,1,7791,1,76,77,81
"2130",9939,1,13059,1,75,77,83
"2131",10164,1,14295,1,72,74,79
"2132",10187,1,3556,1,75,77,80
"2133",10376,1,13996,1,74,75,79
"2134",10397,1,11450,1,72,74,79
"2135",10429,1,1337,1,74,76,81
"2136",10451,1,10234,1,72,74,79
"2137",10485,1,10660,1,75,77,81
"2138",10628,1,5242,1,73,75,79
"2139",10810,1,4131,1,71,74,79
"2140",11005,1,6124,1,74,75,80
"2141",11115,1,11073,1,71,73,79
"2142",11233,1,9598,1,74,78,84
"2143",11268,1,12813,1,73,75,80
"2144",11357,1,76,1,76,77,85
"2145",11599,1,12727,1,76,77,84
"2146",11797,1,2201,1,74,76,80
"2147",11929,1,9170,1,74,75,82
"2148",12015,1,9027,1,77,78,83
"2149",12086,1,4918,1,77,78,82
"2150",12200,1,11698,1,75,77,80
"2151",12223,1,2807,1,72,73,79
"2152",12274,1,4331,1,72,75,81
"2153",12473,1,3375,1,75,78,86
"2154",12556,1,6107,1,74,76,82
"2155",12841,1,8187,1,72,76,82
"2156",13113,1,1685,1,73,76,84
"2157",13122,1,11268,1,76,77,82
"2158",13232,1,8208,1,73,75,83
"2159",13640,1,14061,1,74,75,81
"2160",13797,1,11253,1,77,78,83
"2161",13839,1,4485,1,73,75,82
"2162",13956,1,5426,1,75,77,82
"2163",14064,1,8549,1,76,77,82
"2164",14241,1,12360,1,75,76,80
"2165",14258,1,672,1,76,78,82
"2166",14571,1,14260,1,71,74,80
"2167",14704,1,1987,1,71,73,79
"2168",14746,1,1365,1,72,75,82
"2169",14820,1,13349,1,75,76,81
"2170",189,1,4528,1,76,78,85
"2171",218,1,8490,1,75,77,83
"2172",319,1,1631,1,78,79,83
"2173",399,1,3581,1,76,78,83
"2174",428,1,13728,1,72,73,80
"2175",605,1,3311,1,76,77,84
"2176",776,1,9863,1,78,79,84
"2177",861,1,372,1,73,74,80
"2178",1270,1,9985,1,76,77,81
"2179",1279,1,14241,1,76,79,84
"2180",1321,1,1532,1,73,75,82
"2181",1487,1,5786,1,78,79,84
"2182",1541,1,2201,1,77,78,84
"2183",1921,1,9198,1,77,78,84
"2184",1975,1,6665,1,75,77,84
"2185",1991,1,10363,1,74,76,83
"2186",2211,1,549,1,73,76,81
"2187",2236,1,3716,1,73,74,80
"2188",2315,1,656,1,76,79,85
"2189",2345,1,1488,1,75,77,82
"2190",2398,1,14349,1,76,77,82
"2191",2495,1,3724,1,76,77,83
"2192",2534,1,9347,1,75,76,81
"2193",2577,1,11332,1,78,79,83
"2194",2797,1,828,1,73,75,82
"2195",2799,1,6880,1,73,75,82
"2196",2903,1,3895,1,73,76,81
"2197",2934,1,11533,1,75,77,81
"2198",3031,1,11646,1,76,78,84
"2199",3076,1,335,1,76,77,81
"2200",3128,1,13038,1,74,76,83
"2201",3193,1,13791,1,74,76,83
"2202",3392,1,13967,1,75,76,83
"2203",3395,1,8356,1,75,76,81
"2204",3535,1,1501,1,78,79,84
"2205",3595,1,6604,1,75,78,81
"2206",3938,1,277,1,71,73,80
"2207",4250,1,4266,1,73,75,80
"2208",4327,1,350,1,72,77,83
"2209",4357,1,7791,1,73,75,80
"2210",4438,1,7453,1,76,77,82
"2211",4529,1,13203,1,76,78,84
"2212",4536,1,496,1,73,76,81
"2213",4726,1,11382,1,75,78,84
"2214",4941,1,6858,1,76,78,83
"2215",4986,1,4180,1,76,78,86
"2216",5293,1,14084,1,75,77,83
"2217",5525,1,3794,1,75,77,84
"2218",5729,1,13139,1,72,75,82
"2219",5966,1,10315,1,74,75,80
"2220",6075,1,1877,1,75,76,82
"2221",6577,1,3724,1,75,77,84
"2222",6616,1,4075,1,76,77,81
"2223",6662,1,1598,1,76,78,82
"2224",6687,1,8130,1,73,75,82
"2225",6725,1,14241,1,77,78,84
"2226",6802,1,8332,1,78,79,85
"2227",7029,1,12673,1,77,78,82
"2228",7061,1,10822,1,78,79,83
"2229",7123,1,3973,1,78,79,84
"2230",7223,1,1972,1,78,79,86
"2231",7442,1,12751,1,73,75,80
"2232",7571,1,13092,1,78,79,87
"2233",8188,1,13910,1,77,79,85
"2234",8489,1,14213,1,75,79,85
"2235",8549,1,11752,1,72,75,81
"2236",8628,1,9788,1,75,78,83
"2237",8831,1,8621,1,76,79,84
"2238",9055,1,3413,1,73,77,82
"2239",9198,1,12813,1,75,76,81
"2240",9426,1,12634,1,73,75,80
"2241",9494,1,12029,1,74,77,82
"2242",9540,1,4250,1,77,78,85
"2243",9571,1,13525,1,75,78,83
"2244",9614,1,3110,1,75,77,83
"2245",9665,1,12751,1,73,76,82
"2246",9834,1,6421,1,78,79,83
"2247",9855,1,10660,1,76,79,85
"2248",10072,1,13038,1,72,76,81
"2249",10109,1,10328,1,74,78,82
"2250",10238,1,791,1,78,79,83
"2251",10407,1,11725,1,77,79,84
"2252",10521,1,9788,1,75,78,85
"2253",10784,1,6124,1,76,77,83
"2254",10875,1,11073,1,71,73,80
"2255",10972,1,1501,1,75,78,84
"2256",10995,1,4730,1,73,75,82
"2257",11014,1,6357,1,73,75,80
"2258",11131,1,4049,1,78,79,85
"2259",11153,1,8712,1,75,76,83
"2260",11274,1,10995,1,77,78,84
"2261",11278,1,4861,1,70,73,80
"2262",11433,1,11005,1,77,79,84
"2263",11470,1,12808,1,73,77,83
"2264",11645,1,7994,1,76,78,83
"2265",11650,1,468,1,72,75,80
"2266",11760,1,11815,1,74,76,81
"2267",11853,1,3110,1,74,77,81
"2268",12404,1,14112,1,75,78,83
"2269",12465,1,14112,1,74,77,81
"2270",12480,1,14370,1,71,74,80
"2271",12629,1,3855,1,77,79,83
"2272",12673,1,14704,1,75,76,80
"2273",12955,1,3492,1,72,75,81
"2274",13149,1,14696,1,76,77,84
"2275",13333,1,566,1,73,74,80
"2276",13467,1,4590,1,75,78,85
"2277",13587,1,428,1,74,76,82
"2278",13666,1,4051,1,74,75,81
"2279",13847,1,13516,1,76,77,83
"2280",14008,1,5118,1,77,78,82
"2281",14182,1,2629,1,76,79,83
"2282",14232,1,13333,1,76,78,85
"2283",14255,1,3589,1,75,77,82
"2284",14349,1,2859,1,71,76,83
"2285",14399,1,8978,1,74,78,83
"2286",82,1,8924,1,76,78,85
"2287",101,1,12210,1,75,77,83
"2288",106,1,8567,1,75,77,81
"2289",131,1,4329,1,74,75,83
"2290",198,1,13092,1,78,79,85
"2291",808,1,6944,1,77,80,85
"2292",918,1,14293,1,76,77,83
"2293",1038,1,8968,1,78,80,84
"2294",1303,1,2629,1,76,77,84
"2295",1414,1,11413,1,73,75,84
"2296",1434,1,8094,1,77,79,84
"2297",1480,1,10109,1,79,80,84
"2298",1563,1,6445,1,77,79,84
"2299",1618,1,11853,1,78,79,84
"2300",2015,1,11648,1,79,80,86
"2301",2079,1,9212,1,73,74,81
"2302",2517,1,6696,1,73,76,81
"2303",2537,1,2676,1,77,78,82
"2304",2687,1,6604,1,74,76,82
"2305",2718,1,10905,1,75,77,84
"2306",2781,1,14269,1,73,75,81
"2307",2875,1,10654,1,76,77,84
"2308",3141,1,9658,1,73,76,81
"2309",3316,1,535,1,73,76,83
"2310",3460,1,13409,1,75,76,82
"2311",3540,1,8468,1,77,78,82
"2312",3591,1,4687,1,75,78,84
"2313",3671,1,3665,1,77,78,82
"2314",3687,1,14174,1,75,77,83
"2315",3855,1,11725,1,76,77,85
"2316",3896,1,4550,1,74,77,81
"2317",3970,1,3973,1,79,80,85
"2318",4136,1,8036,1,75,76,82
"2319",4259,1,13092,1,78,80,84
"2320",4620,1,7824,1,78,80,86
"2321",4885,1,2665,1,75,76,81
"2322",4932,1,12408,1,74,76,83
"2323",5106,1,6048,1,73,74,81
"2324",5173,1,11235,1,77,79,85
"2325",5371,1,3460,1,77,79,85
"2326",5427,1,6124,1,77,79,83
"2327",5552,1,3311,1,76,79,84
"2328",5572,1,9876,1,75,77,83
"2329",5849,1,13232,1,76,77,81
"2330",5912,1,10663,1,77,80,84
"2331",5938,1,3460,1,77,79,86
"2332",5968,1,9863,1,78,80,86
"2333",5990,1,6048,1,74,77,82
"2334",6175,1,14506,1,74,75,81
"2335",6182,1,9955,1,77,79,83
"2336",6199,1,1346,1,75,77,84
"2337",6265,1,14213,1,75,78,84
"2338",6277,1,3031,1,79,80,87
"2339",6535,1,12280,1,75,78,83
"2340",6926,1,945,1,75,77,81
"2341",7110,1,1414,1,76,78,83
"2342",7127,1,14633,1,77,78,83
"2343",7180,1,13204,1,77,79,84
"2344",7305,1,10354,1,73,76,82
"2345",7612,1,7707,1,77,80,85
"2346",7743,1,3729,1,78,80,85
"2347",7832,1,12408,1,75,76,82
"2348",8008,1,8121,1,73,75,81
"2349",8081,1,297,1,73,76,82
"2350",8086,1,5903,1,76,78,82
"2351",8165,1,335,1,75,77,83
"2352",8186,1,7982,1,79,80,85
"2353",8218,1,8744,1,76,77,84
"2354",8316,1,8165,1,78,80,86
"2355",8526,1,8356,1,75,77,82
"2356",8680,1,2797,1,76,77,82
"2357",8682,1,802,1,78,80,86
"2358",8744,1,9598,1,72,75,81
"2359",8841,1,5605,1,75,76,81
"2360",8884,1,5466,1,75,78,84
"2361",8968,1,12218,1,75,76,81
"2362",9161,1,11470,1,78,79,84
"2363",9199,1,12480,1,75,77,81
"2364",9219,1,2687,1,79,80,86
"2365",9320,1,11929,1,76,77,81
"2366",9321,1,202,1,77,79,85
"2367",9574,1,11533,1,77,80,88
"2368",9578,1,10980,1,74,75,81
"2369",9637,1,11115,1,74,76,81
"2370",10032,1,8036,1,76,79,84
"2371",10362,1,14258,1,79,80,86
"2372",10622,1,13038,1,73,75,81
"2373",10816,1,11869,1,78,80,85
"2374",10847,1,8680,1,78,80,86
"2375",11061,1,9904,1,73,75,81
"2376",11140,1,8567,1,74,76,84
"2377",11266,1,8386,1,79,80,84
"2378",11332,1,10698,1,73,77,81
"2379",11382,1,13028,1,72,74,82
"2380",11408,1,9788,1,75,76,83
"2381",11415,1,3937,1,78,79,86
"2382",11661,1,12210,1,73,77,83
"2383",11869,1,4633,1,76,77,83
"2384",11876,1,8521,1,74,77,82
"2385",11914,1,5118,1,76,78,81
"2386",12084,1,7003,1,77,79,83
"2387",12527,1,8924,1,76,77,82
"2388",12648,1,5690,1,77,78,84
"2389",12661,1,8313,1,75,76,82
"2390",12940,1,11650,1,78,79,84
"2391",12942,1,1773,1,74,75,81
"2392",13075,1,14453,1,76,80,86
"2393",13112,1,9665,1,77,78,83
"2394",13204,1,11739,1,75,76,81
"2395",13302,1,7868,1,77,78,82
"2396",13611,1,415,1,76,79,84
"2397",13712,1,11268,1,77,79,84
"2398",13799,1,6936,1,75,77,84
"2399",13823,1,7077,1,75,78,83
"2400",13900,1,3724,1,75,76,82
"2401",13922,1,1159,1,75,76,81
"2402",14050,1,8190,1,77,78,84
"2403",14280,1,5364,1,74,77,81
"2404",14382,1,11661,1,78,80,86
"2405",139,1,10490,1,75,77,82
"2406",236,1,7220,1,74,77,82
"2407",357,1,8712,1,77,79,83
"2408",436,1,11797,1,77,79,85
"2409",516,1,13122,1,78,80,89
"2410",537,1,4819,1,77,78,82
"2411",846,1,3983,1,77,81,87
"2412",1101,1,2504,1,77,79,84
"2413",1153,1,14633,1,74,75,82
"2414",1242,1,3794,1,74,77,82
"2415",1362,1,10449,1,74,76,84
"2416",1446,1,7396,1,78,80,85
"2417",1716,1,11739,1,74,75,83
"2418",1888,1,5242,1,74,77,82
"2419",2090,1,10912,1,77,80,84
"2420",2129,1,4986,1,79,80,86
"2421",2133,1,2462,1,80,81,89
"2422",2293,1,8664,1,77,79,85
"2423",2483,1,5349,1,77,79,85
"2424",2860,1,5477,1,77,80,85
"2425",2909,1,4329,1,75,77,83
"2426",2913,1,8341,1,76,78,85
"2427",2979,1,13153,1,76,78,84
"2428",3157,1,8218,1,80,81,88
"2429",3178,1,6951,1,75,77,82
"2430",3232,1,996,1,74,76,82
"2431",3273,1,14258,1,80,81,88
"2432",3660,1,1067,1,71,74,82
"2433",3693,1,13979,1,77,78,84
"2434",3729,1,9677,1,75,77,82
"2435",3737,1,12955,1,76,79,86
"2436",3755,1,6535,1,79,80,86
"2437",4074,1,9140,1,80,81,86
"2438",4262,1,13191,1,76,80,84
"2439",4506,1,10660,1,76,80,86
"2440",4738,1,14349,1,77,78,83
"2441",4818,1,9161,1,80,81,86
"2442",4961,1,12360,1,76,78,82
"2443",4965,1,13956,1,77,81,86
"2444",4996,1,11121,1,77,80,86
"2445",5080,1,14084,1,75,77,82
"2446",5085,1,1888,1,78,80,86
"2447",5145,1,4687,1,76,78,84
"2448",5325,1,5690,1,75,78,84
"2449",5366,1,11661,1,78,81,85
"2450",5372,1,6802,1,79,81,85
"2451",5447,1,12727,1,75,78,82
"2452",5542,1,8188,1,80,81,87
"2453",5633,1,10656,1,76,78,83
"2454",5749,1,9382,1,77,79,84
"2455",5753,1,6075,1,78,79,84
"2456",5935,1,202,1,79,81,86
"2457",5941,1,9426,1,76,78,83
"2458",6002,1,3539,1,78,79,84
"2459",6026,1,11787,1,73,76,83
"2460",6237,1,7051,1,77,79,84
"2461",6530,1,13409,1,74,78,83
"2462",6628,1,12671,1,78,80,86
"2463",6649,1,8658,1,75,77,84
"2464",7010,1,8628,1,79,81,86
"2465",7087,1,13112,1,79,81,87
"2466",7182,1,6926,1,80,81,86
"2467",7194,1,7242,1,79,81,88
"2468",7357,1,10837,1,77,81,84
"2469",7593,1,36,1,77,78,85
"2470",7661,1,9876,1,75,79,87
"2471",7837,1,11818,1,79,81,86
"2472",7931,1,10628,1,76,78,82
"2473",7971,1,6623,1,73,80,85
"2474",8127,1,8126,1,78,80,84
"2475",8244,1,5463,1,75,76,82
"2476",8279,1,2575,1,76,78,84
"2477",8337,1,14064,1,79,81,86
"2478",8374,1,1828,1,77,79,85
"2479",8386,1,3316,1,77,78,82
"2480",8410,1,4819,1,77,80,87
"2481",8692,1,3375,1,73,75,83
"2482",8931,1,1877,1,74,77,84
"2483",9098,1,9443,1,77,81,86
"2484",9140,1,1536,1,79,80,87
"2485",9285,1,8978,1,75,78,83
"2486",9541,1,13937,1,78,80,85
"2487",9563,1,9285,1,80,81,87
"2488",9600,1,3031,1,79,81,87
"2489",9604,1,8541,1,78,80,86
"2490",9714,1,3687,1,79,80,85
"2491",9735,1,14255,1,79,80,84
"2492",9863,1,8187,1,74,76,82
"2493",10085,1,9443,1,78,79,84
"2494",10247,1,13149,1,79,80,86
"2495",10260,1,9788,1,75,78,84
"2496",10325,1,139,1,78,81,87
"2497",10417,1,4947,1,78,79,84
"2498",10488,1,8744,1,76,78,84
"2499",10524,1,788,1,75,78,83
"2500",10541,1,12015,1,79,81,87
"2501",10733,1,11408,1,77,78,84
"2502",10748,1,1991,1,77,80,86
"2503",10822,1,7761,1,76,78,83
"2504",10937,1,6530,1,80,81,86
"2505",11002,1,8081,1,77,78,84
"2506",11069,1,3112,1,79,81,87
"2507",11097,1,12601,1,79,80,85
"2508",11211,1,7899,1,76,78,82
"2509",11475,1,13561,1,79,81,86
"2510",11582,1,8036,1,74,78,84
"2511",11778,1,6024,1,74,77,83
"2512",11818,1,4627,1,75,77,82
"2513",12077,1,3290,1,74,77,83
"2514",12163,1,9024,1,78,79,85
"2515",12214,1,6175,1,77,79,85
"2516",12225,1,9667,1,72,75,82
"2517",12311,1,10237,1,76,79,84
"2518",12472,1,4726,1,78,80,86
"2519",12512,1,111,1,80,81,84
"2520",12567,1,9863,1,77,78,83
"2521",12696,1,11582,1,79,80,84
"2522",12715,1,14571,1,76,79,84
"2523",13001,1,5388,1,79,81,86
"2524",13032,1,3290,1,74,77,82
"2525",13130,1,1409,1,78,79,84
"2526",13331,1,6026,1,78,80,87
"2527",13360,1,2936,1,79,81,86
"2528",13362,1,1153,1,76,78,82
"2529",13480,1,2578,1,78,80,86
"2530",13655,1,10451,1,77,78,82
"2531",13723,1,6926,1,78,79,84
"2532",13937,1,11752,1,73,75,82
"2533",13979,1,14156,1,72,75,83
"2534",14436,1,4726,1,79,80,86
"2535",14555,1,2534,1,77,78,84
"2536",36,1,7885,1,75,77,83
"2537",45,1,10260,1,79,82,86
"2538",85,1,3178,1,81,82,87
"2539",111,1,6942,1,77,79,83
"2540",337,1,10972,1,79,81,85
"2541",449,1,667,1,77,79,83
"2542",483,1,449,1,80,81,87
"2543",512,1,6942,1,77,78,84
"2544",858,1,1488,1,74,77,84
"2545",975,1,6237,1,80,82,87
"2546",1172,1,4860,1,79,80,85
"2547",1402,1,14399,1,81,82,87
"2548",1518,1,2146,1,77,78,83
"2549",1525,1,4947,1,78,80,83
"2550",1638,1,82,1,80,81,84
"2551",1741,1,1536,1,79,81,86
"2552",1769,1,3395,1,77,78,84
"2553",1802,1,9007,1,75,81,86
"2554",1816,1,5700,1,81,82,87
"2555",2131,1,5633,1,80,82,87
"2556",2462,1,5548,1,77,79,83
"2557",2518,1,5690,1,75,77,84
"2558",2993,1,11735,1,79,80,85
"2559",3124,1,9614,1,78,79,83
"2560",3153,1,189,1,78,80,84
"2561",3322,1,9559,1,81,82,88
"2562",3326,1,7051,1,78,80,85
"2563",3517,1,1688,1,78,80,84
"2564",3804,1,6199,1,78,80,86
"2565",3818,1,9205,1,79,80,87
"2566",3882,1,11603,1,81,82,87
"2567",3918,1,2015,1,81,82,86
"2568",3931,1,1536,1,79,82,89
"2569",3936,1,3332,1,76,79,84
"2570",3937,1,2649,1,75,77,83
"2571",4080,1,7453,1,78,80,84
"2572",4118,1,12539,1,75,78,83
"2573",4313,1,1375,1,78,79,84
"2574",4602,1,11470,1,78,80,86
"2575",4788,1,1446,1,81,82,87
"2576",4920,1,9321,1,81,82,87
"2577",4967,1,10816,1,80,81,85
"2578",4988,1,7832,1,78,80,86
"2579",5014,1,14601,1,79,82,86
"2580",5388,1,10148,1,75,78,83
"2581",5648,1,14662,1,74,77,83
"2582",5701,1,6237,1,80,81,88
"2583",5884,1,2913,1,80,82,88
"2584",5928,1,808,1,81,82,87
"2585",6149,1,335,1,75,78,84
"2586",6185,1,13063,1,78,79,84
"2587",6303,1,415,1,76,79,83
"2588",6419,1,13823,1,78,80,86
"2589",6648,1,12673,1,77,78,84
"2590",7057,1,7832,1,78,80,86
"2591",7062,1,2146,1,77,81,87
"2592",7063,1,7453,1,77,79,85
"2593",7144,1,11654,1,77,79,84
"2594",7166,1,9863,1,77,78,83
"2595",7310,1,11002,1,79,81,88
"2596",7335,1,8542,1,77,80,85
"2597",7518,1,13525,1,75,78,85
"2598",7717,1,13783,1,81,82,86
"2599",7881,1,7061,1,79,80,87
"2600",7951,1,8968,1,77,80,85
"2601",7999,1,6265,1,79,82,87
"2602",8195,1,6075,1,80,81,86
"2603",8219,1,1563,1,81,82,87
"2604",8347,1,126,1,78,79,84
"2605",8354,1,537,1,79,80,86
"2606",8541,1,8658,1,76,77,83
"2607",8731,1,785,1,77,79,83
"2608",9036,1,4025,1,79,82,87
"2609",9115,1,9677,1,75,78,83
"2610",9191,1,1203,1,81,82,88
"2611",9399,1,14454,1,81,82,88
"2612",9559,1,5648,1,78,80,86
"2613",9567,1,436,1,80,81,86
"2614",9581,1,4819,1,75,77,83
"2615",9844,1,1498,1,79,81,86
"2616",9885,1,8731,1,80,82,85
"2617",9896,1,10007,1,76,79,86
"2618",10147,1,7868,1,79,80,88
"2619",10184,1,4831,1,75,78,83
"2620",10218,1,2799,1,76,78,84
"2621",10282,1,8489,1,81,82,86
"2622",10310,1,4180,1,76,79,84
"2623",10462,1,4049,1,78,79,84
"2624",10515,1,2211,1,77,78,83
"2625",10599,1,2026,1,79,82,87
"2626",10824,1,4947,1,78,80,86
"2627",11135,1,8831,1,80,82,87
"2628",11170,1,6048,1,75,78,85
"2629",11254,1,610,1,78,79,84
"2630",11298,1,10451,1,76,79,85
"2631",11541,1,13122,1,78,81,86
"2632",11589,1,13212,1,78,79,85
"2633",11735,1,13557,1,76,79,87
"2634",11826,1,14506,1,76,78,84
"2635",11851,1,12101,1,79,81,86
"2636",11900,1,6328,1,78,80,87
"2637",11982,1,8405,1,79,81,87
"2638",12105,1,13525,1,77,79,84
"2639",12121,1,1270,1,78,79,85
"2640",12182,1,5849,1,79,82,88
"2641",12289,1,8468,1,78,79,84
"2642",12290,1,2665,1,76,79,84
"2643",12359,1,6636,1,79,80,85
"2644",12500,1,2934,1,78,80,87
"2645",12601,1,13059,1,76,77,85
"2646",12672,1,11599,1,78,79,88
"2647",12719,1,7396,1,76,80,84
"2648",12835,1,12672,1,80,82,88
"2649",12873,1,3557,1,76,78,84
"2650",13063,1,10980,1,76,77,85
"2651",13131,1,3937,1,79,82,88
"2652",13445,1,4080,1,81,82,87
"2653",13497,1,13063,1,79,81,87
"2654",13561,1,3985,1,77,78,83
"2655",13632,1,13847,1,78,82,85
"2656",13766,1,8386,1,79,80,83
"2657",13769,1,8175,1,76,77,83
"2658",13978,1,8904,1,76,79,84
"2659",14051,1,7029,1,80,82,87
"2660",14071,1,10628,1,77,79,83
"2661",14429,1,12077,1,78,80,85
"2662",14600,1,5753,1,81,82,88
"2663",14631,1,4197,1,74,76,83
"2664",14646,1,13112,1,78,79,84
"2665",14699,1,13826,1,81,82,89
"2666",146,1,12200,1,78,79,84
"2667",153,1,6579,1,78,80,86
"2668",204,1,14038,1,81,83,88
"2669",237,1,12556,1,77,79,84
"2670",286,1,14064,1,78,79,84
"2671",289,1,10995,1,76,78,84
"2672",351,1,12015,1,79,81,86
"2673",692,1,12673,1,79,81,88
"2674",729,1,11875,1,82,83,88
"2675",881,1,13063,1,78,81,85
"2676",890,1,10905,1,76,77,85
"2677",964,1,4357,1,78,81,87
"2678",1196,1,1498,1,79,80,85
"2679",1323,1,5733,1,78,82,88
"2680",1574,1,3392,1,76,79,84
"2681",1617,1,7982,1,78,79,86
"2682",1719,1,2090,1,80,82,88
"2683",1812,1,12101,1,81,82,88
"2684",1876,1,5733,1,78,80,89
"2685",1916,1,3183,1,81,83,89
"2686",1917,1,6980,1,77,80,85
"2687",1934,1,1434,1,79,82,89
"2688",1946,1,1350,1,78,80,84
"2689",1954,1,9614,1,78,80,84
"2690",1960,1,10187,1,79,80,85
"2691",2026,1,1159,1,77,78,84
"2692",2077,1,3557,1,79,82,87
"2693",2089,1,13113,1,77,80,86
"2694",2114,1,2534,1,78,79,86
"2695",2163,1,10524,1,78,80,85
"2696",2316,1,5753,1,81,82,87
"2697",2407,1,11661,1,78,80,85
"2698",2523,1,153,1,81,83,89
"2699",2743,1,7743,1,81,82,86
"2700",2765,1,12601,1,77,80,85
"2701",2939,1,2687,1,77,80,85
"2702",3000,1,13799,1,79,80,85
"2703",3013,1,9939,1,81,82,91
"2704",3107,1,1975,1,79,83,88
"2705",3144,1,10417,1,80,83,89
"2706",3176,1,11235,1,77,80,87
"2707",3183,1,11269,1,80,81,87
"2708",3440,1,14571,1,77,80,86
"2709",3528,1,10462,1,81,83,89
"2710",3611,1,13467,1,79,80,85
"2711",3655,1,7612,1,81,83,86
"2712",3825,1,13611,1,81,83,89
"2713",3885,1,10912,1,76,78,84
"2714",3920,1,12543,1,77,79,85
"2715",4019,1,9556,1,79,83,88
"2716",4025,1,9149,1,75,76,84
"2717",4035,1,3899,1,81,83,92
"2718",4104,1,1242,1,78,81,87
"2719",4170,1,12500,1,81,82,87
"2720",4321,1,14435,1,78,82,87
"2721",4515,1,6662,1,79,81,85
"2722",4612,1,6016,1,82,83,89
"2723",4768,1,8692,1,76,79,86
"2724",4868,1,6419,1,81,83,90
"2725",4991,1,13167,1,77,80,85
"2726",5115,1,14506,1,76,80,88
"2727",5158,1,8129,1,76,79,84
"2728",5180,1,13075,1,81,82,86
"2729",5243,1,14601,1,80,83,89
"2730",5365,1,2537,1,79,81,87
"2731",5421,1,12672,1,80,83,90
"2732",5468,1,8731,1,81,82,86
"2733",5507,1,3755,1,81,83,89
"2734",5700,1,8680,1,79,80,87
"2735",5766,1,7275,1,81,83,90
"2736",5794,1,610,1,78,79,84
"2737",5822,1,11749,1,77,79,86
"2738",5953,1,10260,1,79,81,87
"2739",5960,1,897,1,82,83,87
"2740",6274,1,1817,1,79,81,86
"2741",6290,1,2517,1,78,80,84
"2742",6381,1,11,1,81,83,87
"2743",6383,1,3818,1,81,83,89
"2744",6418,1,1972,1,79,80,88
"2745",6450,1,10109,1,79,81,88
"2746",6511,1,9168,1,81,83,89
"2747",6561,1,13092,1,81,83,89
"2748",6599,1,3047,1,78,82,87
"2749",6657,1,3540,1,79,80,84
"2750",6828,1,12577,1,74,78,84
"2751",7047,1,2979,1,80,82,87
"2752",7103,1,1971,1,75,78,84
"2753",7185,1,3937,1,78,82,87
"2754",7242,1,1828,1,75,77,86
"2755",7275,1,7103,1,80,81,87
"2756",7365,1,3562,1,77,79,84
"2757",7405,1,11014,1,77,79,84
"2758",7438,1,7824,1,77,79,84
"2759",7722,1,5145,1,80,83,89
"2760",7751,1,14307,1,82,83,88
"2761",7767,1,5426,1,76,83,88
"2762",7813,1,7717,1,82,83,88
"2763",7946,1,14628,1,77,80,84
"2764",8004,1,8884,1,80,81,87
"2765",8167,1,12290,1,80,82,89
"2766",8321,1,8081,1,80,82,87
"2767",8348,1,12121,1,80,82,88
"2768",8361,1,14176,1,80,82,87
"2769",8387,1,1172,1,80,81,85
"2770",8405,1,5623,1,77,79,84
"2771",8455,1,13092,1,77,80,87
"2772",8530,1,9581,1,79,80,85
"2773",8601,1,3973,1,78,80,84
"2774",8615,1,399,1,79,81,86
"2775",8643,1,1563,1,82,83,87
"2776",8730,1,14213,1,75,76,84
"2777",8788,1,2301,1,80,82,88
"2778",8899,1,296,1,79,80,84
"2779",9024,1,7761,1,75,77,84
"2780",9228,1,7872,1,80,82,87
"2781",9575,1,6810,1,79,82,87
"2782",9752,1,10885,1,82,83,87
"2783",9799,1,3047,1,78,81,87
"2784",10389,1,2676,1,77,80,86
"2785",10794,1,3755,1,81,82,86
"2786",11008,1,12473,1,79,82,87
"2787",11236,1,5966,1,77,79,84
"2788",11440,1,7539,1,78,83,89
"2789",11458,1,5552,1,80,81,85
"2790",11603,1,3337,1,78,81,88
"2791",11694,1,7505,1,80,82,88
"2792",12416,1,6876,1,80,82,86
"2793",12457,1,8541,1,78,82,88
"2794",12585,1,1960,1,82,83,87
"2795",12895,1,4438,1,79,81,87
"2796",12952,1,6026,1,78,80,84
"2797",13011,1,7661,1,81,82,86
"2798",13127,1,12873,1,80,82,88
"2799",13212,1,3375,1,75,77,85
"2800",13215,1,14232,1,79,81,87
"2801",13528,1,5154,1,80,81,85
"2802",13802,1,10912,1,77,80,86
"2803",13826,1,3110,1,76,78,85
"2804",14005,1,10218,1,79,80,86
"2805",14038,1,2903,1,78,80,87
"2806",14139,1,3176,1,81,83,87
"2807",14307,1,3687,1,79,80,87
"2808",14518,1,296,1,77,80,87
"2809",14587,1,11268,1,77,79,84
"2810",14681,1,1101,1,80,82,88
"2811",14716,1,5118,1,77,81,87
"2812",14808,1,776,1,81,83,88
"2813",14812,1,5173,1,80,82,87
"2814",11,1,6697,1,78,80,88
"2815",323,1,9939,1,79,80,85
"2816",438,1,9939,1,79,80,85
"2817",693,1,2860,1,80,82,87
"2818",1117,1,13092,1,78,80,85
"2819",1203,1,3983,1,76,78,85
"2820",1228,1,13769,1,79,80,86
"2821",1229,1,10109,1,80,82,87
"2822",1276,1,3693,1,81,83,89
"2823",1407,1,2936,1,81,84,89
"2824",1428,1,12629,1,81,82,87
"2825",1469,1,9751,1,82,83,89
"2826",1556,1,7087,1,81,82,87
"2827",1649,1,11851,1,82,84,90
"2828",1712,1,4137,1,79,82,88
"2829",1894,1,14436,1,81,83,88
"2830",1976,1,9285,1,82,83,87
"2831",1980,1,2293,1,81,82,86
"2832",2318,1,8601,1,81,82,87
"2833",2320,1,12853,1,81,83,87
"2834",2410,1,5966,1,77,82,91
"2835",2457,1,10524,1,80,81,87
"2836",2634,1,3818,1,81,84,91
"2837",2710,1,7305,1,77,78,85
"2838",2795,1,126,1,78,81,85
"2839",2936,1,10916,1,77,79,86
"2840",3006,1,14518,1,81,84,90
"2841",3075,1,9136,1,82,84,88
"2842",3304,1,5753,1,81,83,89
"2843",3345,1,12780,1,83,84,89
"2844",3397,1,4170,1,83,84,89
"2845",3505,1,3885,1,78,80,87
"2846",3533,1,11211,1,80,82,87
"2847",3566,1,8816,1,82,83,89
"2848",3646,1,6418,1,81,83,87
"2849",3652,1,4941,1,79,81,88
"2850",3710,1,11988,1,82,84,89
"2851",3728,1,13187,1,82,84,90
"2852",3823,1,9914,1,80,81,86
"2853",3833,1,2211,1,77,80,85
"2854",3900,1,6577,1,78,80,86
"2855",3963,1,8387,1,82,84,88
"2856",4022,1,1541,1,79,80,89
"2857",4119,1,7872,1,80,83,89
"2858",4161,1,2790,1,78,80,86
"2859",4516,1,4591,1,82,84,91
"2860",4591,1,1536,1,79,81,86
"2861",4656,1,12270,1,81,84,88
"2862",4732,1,14770,1,78,81,86
"2863",4735,1,3833,1,82,83,90
"2864",5333,1,1350,1,78,80,86
"2865",5538,1,13611,1,81,83,88
"2866",5541,1,10514,1,82,83,89
"2867",5587,1,4818,1,82,84,89
"2868",5828,1,1480,1,82,84,90
"2869",6095,1,2845,1,83,84,90
"2870",6137,1,13802,1,81,82,88
"2871",6159,1,12274,1,78,81,85
"2872",6520,1,11269,1,80,83,87
"2873",6575,1,1229,1,82,84,89
"2874",6652,1,7045,1,82,84,89
"2875",6664,1,3392,1,79,84,87
"2876",7032,1,11284,1,81,82,86
"2877",7159,1,12577,1,78,80,86
"2878",7232,1,14600,1,82,84,88
"2879",7393,1,7144,1,80,81,85
"2880",7559,1,12952,1,82,84,90
"2881",7766,1,846,1,81,84,88
"2882",8033,1,4726,1,80,82,88
"2883",8050,1,5085,1,81,84,88
"2884",8125,1,11646,1,76,80,85
"2885",8197,1,3885,1,79,81,88
"2886",8273,1,6579,1,79,82,87
"2887",8317,1,6371,1,77,79,86
"2888",8373,1,941,1,83,84,89
"2889",8428,1,6992,1,76,78,85
"2890",8434,1,7600,1,82,84,90
"2891",8447,1,1303,1,78,80,87
"2892",8614,1,4726,1,81,82,86
"2893",8701,1,3896,1,79,80,85
"2894",9136,1,10899,1,79,81,85
"2895",9205,1,2799,1,77,78,85
"2896",9266,1,2718,1,78,84,89
"2897",9331,1,8279,1,81,82,87
"2898",9520,1,237,1,81,82,87
"2899",9597,1,5648,1,80,82,88
"2900",9695,1,8841,1,78,80,85
"2901",9836,1,6767,1,83,84,90
"2902",9891,1,14258,1,79,82,86
"2903",9914,1,1498,1,78,79,86
"2904",9920,1,12853,1,79,82,86
"2905",9924,1,131,1,77,82,88
"2906",9992,1,3535,1,80,82,86
"2907",10001,1,7103,1,80,83,90
"2908",10053,1,1716,1,79,81,85
"2909",10107,1,13611,1,82,83,89
"2910",10331,1,11014,1,77,79,86
"2911",10514,1,2517,1,79,81,86
"2912",10566,1,1921,1,80,82,87
"2913",10569,1,11818,1,78,81,85
"2914",10646,1,8138,1,82,84,88
"2915",10700,1,7062,1,82,84,90
"2916",10790,1,9559,1,81,84,91
"2917",10885,1,9985,1,79,81,86
"2918",10908,1,4885,1,78,80,86
"2919",10959,1,11121,1,76,79,85
"2920",11007,1,950,1,83,84,90
"2921",11030,1,4885,1,77,81,89
"2922",11080,1,10972,1,79,83,87
"2923",11082,1,4529,1,78,80,85
"2924",11147,1,14005,1,81,82,88
"2925",11269,1,3581,1,77,79,85
"2926",11393,1,5953,1,82,83,87
"2927",11407,1,12873,1,79,82,87
"2928",11465,1,3899,1,80,83,89
"2929",11471,1,7612,1,81,82,87
"2930",11518,1,1350,1,78,80,86
"2931",11648,1,13525,1,76,78,85
"2932",11691,1,13698,1,82,83,88
"2933",11821,1,3973,1,79,80,88
"2934",11875,1,6942,1,78,81,87
"2935",11910,1,3076,1,79,82,86
"2936",11988,1,198,1,79,81,87
"2937",12097,1,11603,1,82,84,88
"2938",12101,1,3263,1,76,78,85
"2939",12106,1,791,1,78,80,85
"2940",12250,1,12955,1,77,79,85
"2941",12253,1,1101,1,80,82,88
"2942",12270,1,14024,1,78,80,87
"2943",12307,1,1631,1,77,80,85
"2944",12349,1,14477,1,81,83,90
"2945",12536,1,218,1,80,82,88
"2946",12572,1,1921,1,80,82,85
"2947",12615,1,9992,1,83,84,90
"2948",12720,1,8354,1,81,83,88
"2949",12811,1,3833,1,81,84,89
"2950",12853,1,13575,1,75,77,85
"2951",12976,1,10085,1,79,80,85
"2952",13092,1,8036,1,76,77,85
"2953",13177,1,106,1,78,80,85
"2954",13228,1,3031,1,79,81,87
"2955",13435,1,1038,1,81,84,91
"2956",13559,1,14646,1,80,84,89
"2957",13621,1,6802,1,81,83,88
"2958",13779,1,9036,1,83,84,88
"2959",13783,1,858,1,78,80,86
"2960",13790,1,13302,1,79,82,86
"2961",14088,1,14616,1,77,79,85
"2962",14108,1,5349,1,78,81,87
"2963",14149,1,14716,1,81,82,87
"2964",14347,1,7110,1,79,81,87
"2965",14744,1,13766,1,82,84,90
"2966",75,1,12601,1,78,80,86
"2967",109,1,14436,1,82,85,92
"2968",178,1,1624,1,83,84,89
"2969",197,1,9563,1,82,83,89
"2970",325,1,5542,1,82,84,90
"2971",386,1,11851,1,83,84,91
"2972",637,1,10032,1,80,82,86
"2973",710,1,11589,1,81,85,90
"2974",713,1,3900,1,81,83,90
"2975",719,1,9140,1,81,83,88
"2976",740,1,13059,1,77,80,86
"2977",897,1,8244,1,77,80,88
"2978",926,1,11851,1,82,83,88
"2979",950,1,5293,1,79,81,89
"2980",1041,1,12715,1,81,83,87
"2981",1129,1,8188,1,80,82,88
"2982",1198,1,3326,1,81,83,89
"2983",1257,1,1229,1,82,83,87
"2984",1379,1,11875,1,83,85,90
"2985",1431,1,9168,1,81,84,87
"2986",1442,1,12121,1,80,81,86
"2987",1551,1,8405,1,80,82,87
"2988",1624,1,14323,1,79,82,88
"2989",1805,1,7045,1,83,85,91
"2990",1806,1,12307,1,81,82,89
"2991",1807,1,13910,1,79,82,86
"2992",2206,1,9248,1,84,85,89
"2993",2675,1,14349,1,79,82,88
"2994",2709,1,12500,1,81,83,87
"2995",2870,1,10238,1,82,85,90
"2996",2960,1,9688,1,82,85,89
"2997",3002,1,4818,1,82,84,88
"2998",3067,1,8347,1,80,81,87
"2999",3197,1,7571,1,80,81,87
"3000",3506,1,12039,1,78,82,87
"3001",3664,1,3818,1,81,84,92
"3002",3834,1,7405,1,80,83,90
"3003",3880,1,11582,1,80,82,87
"3004",3887,1,6381,1,83,85,91
"3005",3899,1,918,1,77,80,87
"3006",4095,1,9844,1,83,84,89
"3007",4117,1,3506,1,83,85,90
"3008",4260,1,10407,1,80,82,88
"3009",4316,1,1954,1,82,83,87
"3010",4413,1,3652,1,82,84,88
"3011",4414,1,12841,1,79,80,86
"3012",4465,1,1741,1,82,83,88
"3013",4643,1,8138,1,83,84,90
"3014",4717,1,357,1,81,83,89
"3015",4780,1,1551,1,82,84,90
"3016",4792,1,10417,1,81,83,89
"3017",5196,1,8036,1,77,80,86
"3018",5340,1,5552,1,80,82,87
"3019",5810,1,11589,1,80,82,87
"3020",5818,1,13528,1,83,85,91
"3021",5909,1,13075,1,81,84,88
"3022",5939,1,897,1,82,84,90
"3023",6042,1,14176,1,80,82,88
"3024",6081,1,3535,1,81,83,90
"3025",6085,1,9156,1,84,85,91
"3026",6152,1,75,1,81,83,89
"3027",6333,1,2710,1,81,84,89
"3028",6442,1,776,1,80,82,87
"3029",6451,1,10223,1,83,84,88
"3030",6767,1,12163,1,80,82,87
"3031",6876,1,14024,1,76,79,86
"3032",6910,1,11415,1,81,83,87
"3033",7021,1,11875,1,82,84,90
"3034",7045,1,82,1,80,81,86
"3035",7240,1,1624,1,83,84,89
"3036",7256,1,3804,1,81,84,90
"3037",7502,1,964,1,82,83,87
"3038",7505,1,8068,1,75,78,86
"3039",7513,1,13712,1,80,81,86
"3040",7600,1,6616,1,79,81,87
"3041",7624,1,6530,1,79,82,88
"3042",7855,1,9476,1,84,85,92
"3043",8065,1,4965,1,81,82,88
"3044",8070,1,1172,1,82,84,88
"3045",8138,1,2090,1,81,82,87
"3046",8153,1,14255,1,80,83,88
"3047",8314,1,3242,1,84,85,90
"3048",8416,1,10072,1,78,81,86
"3049",8461,1,3141,1,80,84,91
"3050",8513,1,7661,1,81,83,88
"3051",8555,1,13187,1,82,83,88
"3052",8563,1,4259,1,81,82,87
"3053",8774,1,14071,1,81,82,86
"3054",9078,1,9571,1,80,82,86
"3055",9239,1,10847,1,81,83,91
"3056",9351,1,9228,1,83,85,90
"3057",9458,1,3833,1,81,85,91
"3058",9483,1,14518,1,81,83,87
"3059",9569,1,10147,1,83,84,88
"3060",9593,1,10656,1,76,79,86
"3061",9653,1,6530,1,79,82,87
"3062",9688,1,5648,1,79,81,88
"3063",9867,1,881,1,84,85,90
"3064",9928,1,10541,1,82,83,89
"3065",9976,1,5372,1,82,84,87
"3066",10295,1,12163,1,81,82,86
"3067",10536,1,11263,1,78,80,86
"3068",10538,1,3031,1,80,82,86
"3069",10618,1,12465,1,79,81,86
"3070",10687,1,14071,1,80,83,87
"3071",10925,1,7931,1,80,84,89
"3072",11029,1,11900,1,84,85,88
"3073",11137,1,11266,1,81,83,89
"3074",11312,1,2298,1,82,84,89
"3075",11436,1,8749,1,83,85,89
"3076",11472,1,4732,1,82,83,90
"3077",11478,1,12648,1,81,83,89
"3078",11560,1,1980,1,83,85,89
"3079",11770,1,2354,1,78,80,86
"3080",11912,1,4295,1,82,84,88
"3081",12184,1,10536,1,81,83,89
"3082",12258,1,1624,1,83,84,89
"3083",12316,1,7513,1,84,85,90
"3084",12338,1,3985,1,79,81,87
"3085",12518,1,12473,1,79,81,86
"3086",12968,1,9399,1,83,84,89
"3087",13187,1,4529,1,79,81,86
"3088",13237,1,1688,1,79,83,87
"3089",13276,1,3273,1,82,84,91
"3090",13698,1,7110,1,78,81,86
"3091",13773,1,3273,1,84,85,90
"3092",13924,1,10026,1,77,79,86
"3093",13958,1,14323,1,77,79,86
"3094",13961,1,2913,1,81,83,89
"3095",14086,1,5541,1,84,85,90
"3096",14100,1,14429,1,82,85,90
"3097",14115,1,237,1,81,82,86
"3098",14131,1,9571,1,79,80,86
"3099",14167,1,12338,1,82,83,90
"3100",14176,1,5903,1,77,79,86
"3101",14246,1,11030,1,83,84,88
"3102",14308,1,13978,1,80,82,86
"3103",14477,1,13655,1,79,80,87
"3104",14686,1,75,1,81,83,90
"3105",14739,1,11415,1,81,84,89
"3106",103,1,11648,1,80,83,88
"3107",175,1,5388,1,80,82,87
"3108",352,1,7813,1,84,86,89
"3109",433,1,6767,1,83,85,90
"3110",447,1,11211,1,81,82,89
"3111",469,1,7197,1,84,86,90
"3112",615,1,2015,1,82,85,92
"3113",770,1,178,1,85,86,91
"3114",859,1,10514,1,82,83,87
"3115",941,1,4022,1,81,82,88
"3116",948,1,2089,1,81,85,91
"3117",1011,1,1117,1,81,82,88
"3118",1080,1,7074,1,84,85,92
"3119",1112,1,4656,1,85,86,92
"3120",1251,1,3038,1,84,86,92
"3121",1274,1,10389,1,81,84,88
"3122",1333,1,12940,1,81,85,92
"3123",1430,1,8429,1,85,86,93
"3124",1654,1,2077,1,84,86,92
"3125",1659,1,8348,1,83,86,92
"3126",1872,1,10147,1,81,85,88
"3127",1891,1,9285,1,80,81,87
"3128",2072,1,2131,1,83,85,92
"3129",2266,1,7837,1,81,83,88
"3130",2352,1,3804,1,83,85,90
"3131",2438,1,1960,1,82,85,92
"3132",2458,1,6652,1,85,86,93
"3133",2554,1,8416,1,84,86,93
"3134",2660,1,3124,1,80,81,88
"3135",2845,1,10053,1,81,82,88
"3136",2851,1,11589,1,80,82,88
"3137",2945,1,6112,1,83,85,91
"3138",3037,1,3750,1,84,86,94
"3139",3038,1,7661,1,80,83,91
"3140",3135,1,7159,1,82,85,93
"3141",3175,1,5115,1,80,82,87
"3142",3272,1,4414,1,82,84,91
"3143",3358,1,776,1,80,82,87
"3144",3485,1,7063,1,81,82,87
"3145",3633,1,1446,1,84,85,89
"3146",3709,1,4074,1,83,84,90
"3147",3754,1,11147,1,83,85,89
"3148",3763,1,1196,1,81,82,88
"3149",4295,1,13655,1,79,81,87
"3150",4443,1,7518,1,79,82,87
"3151",4490,1,6112,1,83,86,90
"3152",4658,1,7180,1,81,83,90
"3153",4685,1,13958,1,81,83,90
"3154",4834,1,9751,1,82,83,88
"3155",5093,1,11851,1,83,84,90
"3156",5190,1,6664,1,85,86,91
"3157",5281,1,11910,1,83,85,91
"3158",5308,1,897,1,82,84,90
"3159",5495,1,12437,1,84,86,91
"3160",5586,1,4669,1,84,85,90
"3161",5747,1,9168,1,81,84,89
"3162",5846,1,7335,1,81,82,89
"3163",6016,1,13937,1,78,80,87
"3164",6112,1,7223,1,81,82,87
"3165",6262,1,6042,1,83,85,91
"3166",6342,1,10514,1,82,84,89
"3167",6399,1,9078,1,83,84,89
"3168",6472,1,14518,1,83,85,89
"3169",6475,1,11211,1,80,84,89
"3170",6779,1,9115,1,80,82,87
"3171",6927,1,2298,1,82,83,87
"3172",6939,1,7144,1,80,84,88
"3173",7074,1,516,1,81,83,88
"3174",7197,1,4313,1,81,83,88
"3175",7226,1,13228,1,82,85,91
"3176",7234,1,8197,1,83,85,90
"3177",7272,1,14139,1,84,85,89
"3178",7380,1,14433,1,85,86,94
"3179",7439,1,13826,1,79,82,87
"3180",7493,1,319,1,80,83,88
"3181",7959,1,1719,1,83,84,89
"3182",8085,1,1487,1,80,82,89
"3183",8174,1,10666,1,84,85,90
"3184",8424,1,10097,1,83,84,91
"3185",8475,1,9219,1,81,84,88
"3186",8608,1,11236,1,80,81,87
"3187",8749,1,8317,1,80,82,87
"3188",8767,1,6407,1,83,85,91
"3189",8816,1,6530,1,79,81,88
"3190",8828,1,2089,1,81,84,90
"3191",8925,1,153,1,82,83,89
"3192",8971,1,8186,1,81,82,88
"3193",8988,1,7393,1,82,84,90
"3194",9168,1,7146,1,79,80,87
"3195",9209,1,14005,1,83,85,91
"3196",9232,1,13698,1,82,85,90
"3197",9248,1,9896,1,80,83,91
"3198",9408,1,9714,1,81,83,89
"3199",9431,1,11988,1,82,83,88
"3200",9635,1,11851,1,82,86,90
"3201",9711,1,2077,1,83,86,89
"3202",9751,1,10085,1,80,81,87
"3203",9840,1,12101,1,83,84,89
"3204",9970,1,10184,1,80,85,89
"3205",9972,1,13375,1,84,86,91
"3206",10037,1,10515,1,81,83,88
"3207",10351,1,14429,1,81,84,93
"3208",10425,1,10107,1,84,86,93
"3209",10450,1,12696,1,81,84,88
"3210",10492,1,204,1,85,86,91
"3211",10585,1,9604,1,82,85,91
"3212",10593,1,14307,1,81,83,90
"3213",10993,1,1638,1,82,85,91
"3214",11125,1,204,1,84,86,90
"3215",11172,1,7393,1,82,85,90
"3216",11175,1,5794,1,80,83,88
"3217",11307,1,8701,1,81,84,90
"3218",11394,1,8405,1,82,84,89
"3219",11652,1,7159,1,82,83,89
"3220",11730,1,4080,1,81,83,90
"3221",11855,1,14812,1,83,84,90
"3222",11934,1,4967,1,81,82,90
"3223",12028,1,12648,1,81,83,88
"3224",12031,1,4967,1,82,86,91
"3225",12064,1,12518,1,83,84,92
"3226",12092,1,11,1,82,86,93
"3227",12662,1,9098,1,82,83,90
"3228",12763,1,5427,1,80,82,87
"3229",12890,1,12253,1,82,84,90
"3230",12934,1,4161,1,83,86,92
"3231",13086,1,4818,1,83,84,89
"3232",13134,1,3072,1,82,83,88
"3233",13518,1,1916,1,84,85,89
"3234",13709,1,5701,1,81,82,87
"3235",13853,1,8387,1,82,84,90
"3236",14202,1,11407,1,82,83,87
"3237",14233,1,13360,1,82,83,90
"3238",14316,1,8816,1,82,84,91
"3239",14439,1,2483,1,82,85,90
"3240",14544,1,11599,1,80,84,90
"3241",14666,1,8065,1,82,85,90
"3242",176,1,12039,1,79,82,88
"3243",442,1,6112,1,84,87,94
"3244",492,1,11518,1,81,84,89
"3245",586,1,4620,1,81,82,91
"3246",794,1,13924,1,81,85,91
"3247",1074,1,12338,1,83,86,90
"3248",1155,1,3655,1,85,86,93
"3249",1211,1,6081,1,84,86,92
"3250",1282,1,3326,1,83,84,88
"3251",1340,1,4515,1,82,85,91
"3252",1388,1,7047,1,85,87,91
"3253",1663,1,13497,1,82,83,89
"3254",1670,1,6381,1,85,87,92
"3255",1709,1,11167,1,85,86,93
"3256",1761,1,483,1,82,84,89
"3257",1793,1,5424,1,83,85,91
"3258",2024,1,1038,1,83,85,90
"3259",2063,1,45,1,85,87,90
"3260",2151,1,11098,1,84,85,90
"3261",2231,1,10247,1,82,85,91
"3262",2246,1,6939,1,85,87,91
"3263",2307,1,5372,1,82,83,90
"3264",2329,1,4768,1,80,82,90
"3265",2400,1,11694,1,83,85,90
"3266",2450,1,1556,1,84,85,89
"3267",2721,1,8070,1,85,87,92
"3268",2730,1,10053,1,82,84,90
"3269",2899,1,11876,1,79,81,88
"3270",2943,1,45,1,84,85,90
"3271",3063,1,1198,1,85,86,91
"3272",3072,1,14258,1,79,81,88
"3273",3152,1,1719,1,83,85,91
"3274",3216,1,3176,1,81,84,88
"3275",3242,1,1769,1,79,82,89
"3276",3282,1,6511,1,84,85,90
"3277",3750,1,7365,1,81,83,89
"3278",3840,1,11415,1,81,84,88
"3279",3842,1,3304,1,84,86,90
"3280",3972,1,8273,1,83,85,90
"3281",4138,1,950,1,82,83,89
"3282",4167,1,11472,1,84,86,91
"3283",4282,1,9920,1,83,85,90
"3284",4492,1,14051,1,84,86,90
"3285",4523,1,9098,1,82,85,91
"3286",4568,1,8006,1,83,84,88
"3287",4648,1,926,1,85,86,89
"3288",4820,1,10053,1,84,85,88
"3289",5125,1,2634,1,85,87,92
"3290",5252,1,8925,1,84,86,93
"3291",5513,1,2731,1,78,82,88
"3292",5536,1,10407,1,82,84,90
"3293",5543,1,4515,1,82,84,89
"3294",5545,1,7496,1,80,82,89
"3295",5618,1,8416,1,83,85,91
"3296",6103,1,8530,1,82,84,88
"3297",6120,1,13131,1,84,86,92
"3298",6217,1,5884,1,85,86,90
"3299",6407,1,322,1,79,82,89
"3300",6430,1,14600,1,83,84,88
"3301",6441,1,8513,1,86,87,91
"3302",6500,1,14716,1,82,85,90
"3303",6533,1,9161,1,81,83,89
"3304",6590,1,6342,1,84,86,92
"3305",6673,1,7946,1,81,84,91
"3306",6768,1,9408,1,84,86,92
"3307",7171,1,237,1,80,83,88
"3308",7205,1,7624,1,83,84,88
"3309",7244,1,9399,1,83,85,91
"3310",7281,1,8945,1,85,87,92
"3311",7303,1,9527,1,86,87,92
"3312",7418,1,3825,1,84,87,91
"3313",7458,1,8006,1,84,86,90
"3314",7573,1,4717,1,84,85,90
"3315",7576,1,9161,1,81,83,89
"3316",7888,1,5822,1,81,82,90
"3317",7941,1,11773,1,85,87,93
"3318",8312,1,9836,1,86,87,91
"3319",8359,1,10993,1,85,86,91
"3320",8367,1,14008,1,80,82,88
"3321",8429,1,82,1,80,84,88
"3322",8520,1,4137,1,82,86,93
"3323",8598,1,5935,1,83,85,91
"3324",8688,1,1129,1,82,83,88
"3325",8939,1,12662,1,85,87,93
"3326",8973,1,11475,1,81,82,88
"3327",9005,1,4262,1,82,85,91
"3328",9069,1,449,1,80,85,91
"3329",9110,1,13435,1,85,86,91
"3330",9133,1,7837,1,84,87,90
"3331",9201,1,1934,1,83,84,90
"3332",9254,1,5935,1,82,85,90
"3333",9401,1,10331,1,81,83,88
"3334",9476,1,4022,1,81,84,89
"3335",9706,1,6418,1,81,86,91
"3336",9962,1,11691,1,83,84,89
"3337",10054,1,8731,1,80,83,89
"3338",10097,1,5822,1,80,82,88
"3339",10181,1,7600,1,83,86,91
"3340",10223,1,6159,1,82,83,89
"3341",10368,1,9885,1,84,87,93
"3342",10578,1,3535,1,81,83,88
"3343",10647,1,4717,1,86,87,92
"3344",10666,1,10032,1,80,82,88
"3345",10751,1,2163,1,81,83,88
"3346",10797,1,11458,1,83,86,93
"3347",10839,1,4988,1,81,82,89
"3348",10969,1,4669,1,84,86,90
"3349",11098,1,8455,1,82,83,88
"3350",11114,1,10599,1,85,86,90
"3351",11281,1,14395,1,85,87,92
"3352",11284,1,13712,1,80,81,88
"3353",11581,1,2457,1,83,85,90
"3354",11715,1,9567,1,83,85,89
"3355",11731,1,4941,1,81,85,88
"3356",11736,1,1038,1,82,84,88
"3357",11742,1,13144,1,84,87,91
"3358",12040,1,12028,1,84,85,88
"3359",12230,1,5794,1,80,84,90
"3360",12259,1,3804,1,83,84,89
"3361",12297,1,12084,1,80,82,88
"3362",12389,1,1080,1,86,87,93
"3363",12565,1,2709,1,85,86,89
"3364",12809,1,3517,1,81,83,88
"3365",13022,1,12797,1,85,87,93
"3366",13074,1,6137,1,83,84,90
"3367",13144,1,5158,1,80,81,88
"3368",13157,1,8643,1,84,85,90
"3369",13180,1,9140,1,83,85,90
"3370",13255,1,14477,1,80,82,89
"3371",13273,1,8374,1,80,82,88
"3372",13372,1,11982,1,83,84,91
"3373",13375,1,10310,1,81,83,88
"3374",13476,1,7837,1,82,86,91
"3375",13602,1,586,1,84,87,93
"3376",13641,1,7110,1,81,83,88
"3377",13862,1,7087,1,83,84,88
"3378",13933,1,5541,1,84,85,92
"3379",13962,1,5749,1,80,82,88
"3380",14127,1,9855,1,80,81,88
"3381",14266,1,6442,1,83,85,90
"3382",14313,1,1916,1,84,86,90
"3383",14375,1,1556,1,84,86,89
"3384",14395,1,6648,1,79,83,88
"3385",14430,1,8731,1,82,84,90
"3386",14433,1,6303,1,81,83,91
"3387",14462,1,12679,1,85,86,92
"3388",14495,1,3652,1,82,85,94
"3389",14717,1,7310,1,82,84,89
"3390",14764,1,3937,1,79,82,88
"3391",114,1,12895,1,83,85,90
"3392",156,1,9970,1,86,88,93
"3393",274,1,2899,1,82,84,89
"3394",292,1,14518,1,82,87,91
"3395",334,1,12313,1,86,88,94
"3396",339,1,9972,1,87,88,92
"3397",560,1,3251,1,86,88,95
"3398",596,1,14115,1,84,85,92
"3399",634,1,7244,1,86,88,92
"3400",839,1,9600,1,85,87,92
"3401",1008,1,14139,1,84,86,92
"3402",1200,1,8153,1,83,87,92
"3403",1391,1,3183,1,82,86,93
"3404",1546,1,11,1,81,84,90
"3405",1566,1,5122,1,85,86,92
"3406",1640,1,10816,1,82,84,90
"3407",2068,1,7197,1,85,86,91
"3408",2145,1,14051,1,84,86,91
"3409",2157,1,7729,1,86,88,92
"3410",2684,1,9735,1,82,84,89
"3411",2697,1,1480,1,82,84,89
"3412",2895,1,11855,1,85,87,93
"3413",2956,1,1251,1,86,87,90
"3414",2977,1,14764,1,85,87,92
"3415",3251,1,13187,1,82,84,91
"3416",3278,1,12536,1,84,85,90
"3417",3612,1,351,1,83,85,91
"3418",3700,1,12696,1,82,84,89
"3419",3767,1,1421,1,87,88,94
"3420",3843,1,5196,1,83,84,89
"3421",4016,1,7576,1,85,87,92
"3422",4218,1,13961,1,84,86,91
"3423",4252,1,13978,1,83,85,90
"3424",4257,1,9959,1,86,87,92
"3425",4399,1,4669,1,83,86,91
"3426",4498,1,12349,1,84,85,90
"3427",4614,1,13228,1,82,84,90
"3428",4805,1,10450,1,85,86,92
"3429",4995,1,3655,1,84,87,92
"3430",5189,1,10885,1,83,84,90
"3431",5324,1,9574,1,83,85,92
"3432",5409,1,3242,1,83,84,89
"3433",5419,1,13001,1,83,84,89
"3434",5505,1,11478,1,85,86,91
"3435",5776,1,7503,1,84,85,91
"3436",6031,1,12720,1,85,88,92
"3437",6033,1,12662,1,84,86,91
"3438",6060,1,4591,1,83,85,89
"3439",6177,1,3067,1,82,84,89
"3440",6213,1,8361,1,85,87,92
"3441",6337,1,1976,1,84,86,90
"3442",6355,1,6085,1,86,87,91
"3443",6572,1,8615,1,84,86,92
"3444",6592,1,9266,1,85,86,91
"3445",6846,1,9836,1,85,87,92
"3446",6871,1,3763,1,83,85,91
"3447",6899,1,8006,1,84,87,92
"3448",6964,1,5401,1,86,87,94
"3449",6990,1,4568,1,85,88,94
"3450",7095,1,2077,1,83,85,90
"3451",7107,1,1038,1,83,85,89
"3452",7162,1,12313,1,86,88,94
"3453",7455,1,729,1,84,86,91
"3454",7492,1,2410,1,84,85,91
"3455",7503,1,5552,1,81,83,91
"3456",7517,1,12064,1,84,85,90
"3457",7527,1,11715,1,86,88,95
"3458",7535,1,7047,1,84,87,92
"3459",7652,1,3880,1,84,85,90
"3460",7701,1,5776,1,86,88,93
"3461",7771,1,325,1,85,88,91
"3462",7829,1,4167,1,86,88,92
"3463",8096,1,2939,1,82,83,89
"3464",8247,1,12297,1,83,86,93
"3465",8586,1,5909,1,86,87,93
"3466",8620,1,1891,1,83,85,89
"3467",8632,1,3710,1,85,88,93
"3468",8663,1,14812,1,83,85,90
"3469",8679,1,11694,1,83,86,89
"3470",8700,1,13641,1,84,86,91
"3471",8768,1,14716,1,83,85,92
"3472",8871,1,10365,1,87,88,94
"3473",8938,1,1640,1,85,87,93
"3474",8960,1,9410,1,85,87,94
"3475",8964,1,3840,1,86,87,92
"3476",9043,1,8608,1,85,88,94
"3477",9156,1,8680,1,81,84,89
"3478",9298,1,7232,1,85,87,93
"3479",9365,1,1474,1,86,88,92
"3480",9438,1,1806,1,84,86,94
"3481",9595,1,6939,1,85,86,91
"3482",9687,1,8774,1,83,88,93
"3483",9754,1,11478,1,85,88,92
"3484",9877,1,12338,1,83,84,90
"3485",9959,1,7503,1,84,86,92
"3486",10073,1,7881,1,82,84,89
"3487",10155,1,12763,1,85,88,92
"3488",10338,1,3282,1,85,88,94
"3489",10341,1,14454,1,81,83,90
"3490",10416,1,13480,1,81,84,89
"3491",10630,1,10541,1,82,85,89
"3492",10739,1,596,1,86,87,93
"3493",10758,1,14108,1,83,85,92
"3494",10914,1,7197,1,84,85,90
"3495",11086,1,12536,1,84,85,91
"3496",11167,1,1498,1,78,82,90
"3497",11487,1,8367,1,82,84,91
"3498",11515,1,5953,1,81,83,89
"3499",11547,1,1805,1,85,88,94
"3500",11720,1,14808,1,84,86,90
"3501",11732,1,3013,1,83,85,89
"3502",11773,1,1563,1,82,84,89
"3503",11831,1,6274,1,82,83,91
"3504",11915,1,9744,1,86,87,93
"3505",12083,1,8945,1,86,88,93
"3506",12100,1,7559,1,85,87,94
"3507",12191,1,9593,1,80,82,90
"3508",12313,1,14182,1,82,84,90
"3509",12332,1,1916,1,85,88,94
"3510",12333,1,13360,1,84,86,91
"3511",12395,1,9069,1,85,88,93
"3512",12440,1,175,1,83,86,91
"3513",12553,1,13603,1,85,86,91
"3514",12576,1,3652,1,82,86,91
"3515",12590,1,4717,1,84,87,92
"3516",12679,1,13621,1,84,85,91
"3517",12780,1,7223,1,80,81,89
"3518",12796,1,10073,1,85,88,95
"3519",12797,1,14716,1,83,84,90
"3520",12804,1,3963,1,85,88,95
"3521",13018,1,9069,1,86,87,93
"3522",13081,1,11691,1,83,85,90
"3523",13099,1,3664,1,85,87,91
"3524",13116,1,3646,1,84,86,90
"3525",13124,1,13790,1,83,85,91
"3526",13202,1,7755,1,86,88,95
"3527",13344,1,10295,1,84,87,92
"3528",13428,1,4967,1,82,84,90
"3529",13444,1,6381,1,83,84,92
"3530",13623,1,1624,1,83,85,89
"3531",13676,1,859,1,86,88,93
"3532",13840,1,13127,1,83,85,89
"3533",13984,1,9867,1,86,88,92
"3534",14030,1,11515,1,84,86,90
"3535",14133,1,6451,1,87,88,95
"3536",14238,1,14100,1,87,88,95
"3537",14296,1,4669,1,86,88,93
"3538",14404,1,12923,1,86,87,93
"3539",14438,1,6927,1,84,86,93
"3540",14558,1,794,1,87,88,95
"3541",14583,1,2943,1,86,87,91
"3542",17,1,11478,1,84,86,93
"3543",177,1,1428,1,84,87,93
"3544",284,1,694,1,86,87,93
"3545",324,1,3152,1,86,88,95
"3546",344,1,9248,1,87,89,93
"3547",368,1,4492,1,86,87,92
"3548",421,1,13124,1,86,88,94
"3549",571,1,103,1,84,86,90
"3550",690,1,14038,1,81,84,91
"3551",694,1,4465,1,84,85,90
"3552",905,1,13779,1,86,89,95
"3553",1045,1,11910,1,84,88,97
"3554",1048,1,1430,1,87,88,94
"3555",1087,1,4532,1,86,87,92
"3556",1094,1,5180,1,83,85,92
"3557",1219,1,6533,1,85,89,93
"3558",1259,1,3842,1,87,89,95
"3559",1267,1,2684,1,86,89,93
"3560",1294,1,7107,1,85,87,92
"3561",1304,1,3273,1,82,85,91
"3562",1358,1,10416,1,85,88,94
"3563",1426,1,13075,1,84,85,91
"3564",1801,1,11147,1,84,85,91
"3565",1862,1,13372,1,85,88,95
"3566",2102,1,6927,1,85,88,93
"3567",2298,1,11415,1,79,81,91
"3568",2373,1,13779,1,85,88,93
"3569",2382,1,2634,1,85,88,91
"3570",2621,1,4252,1,87,89,94
"3571",2766,1,9970,1,86,88,94
"3572",2777,1,7624,1,83,84,90
"3573",2787,1,14764,1,83,87,92
"3574",2872,1,8614,1,85,86,93
"3575",2969,1,5545,1,85,86,91
"3576",3018,1,13641,1,84,86,92
"3577",3059,1,9191,1,83,89,95
"3578",3098,1,4624,1,86,87,91
"3579",3198,1,1812,1,84,87,92
"3580",3295,1,6592,1,87,88,93
"3581",3385,1,9706,1,87,89,94
"3582",3722,1,3842,1,86,88,94
"3583",3752,1,1129,1,84,85,90
"3584",3771,1,10365,1,87,89,94
"3585",3786,1,3157,1,82,86,94
"3586",3957,1,7598,1,86,88,92
"3587",4149,1,8643,1,85,86,91
"3588",4296,1,5495,1,87,88,96
"3589",4404,1,10839,1,83,88,94
"3590",4408,1,941,1,84,87,93
"3591",4508,1,8234,1,87,88,92
"3592",4526,1,9110,1,87,89,93
"3593",4534,1,6652,1,85,86,91
"3594",4669,1,5293,1,80,83,90
"3595",4925,1,6095,1,86,88,94
"3596",4928,1,13444,1,85,87,93
"3597",4935,1,3135,1,86,88,94
"3598",5075,1,13583,1,87,89,95
"3599",5122,1,11465,1,84,85,91
"3600",5205,1,12720,1,85,89,97
"3601",5327,1,13802,1,81,83,90
"3602",5397,1,3485,1,84,87,93
"3603",5424,1,3920,1,80,83,90
"3604",5482,1,1129,1,83,85,91
"3605",5570,1,4792,1,84,85,90
"3606",5591,1,4523,1,87,89,94
"3607",5661,1,114,1,86,87,94
"3608",6051,1,12437,1,87,89,95
"3609",6090,1,2315,1,81,84,90
"3610",6145,1,12780,1,85,87,91
"3611",6181,1,868,1,86,88,93
"3612",6402,1,11167,1,84,86,90
"3613",6516,1,14246,1,86,88,97
"3614",6570,1,5353,1,87,88,93
"3615",6669,1,3652,1,82,85,90
"3616",6672,1,3152,1,86,87,92
"3617",6866,1,1431,1,85,86,91
"3618",6874,1,9005,1,87,89,94
"3619",6994,1,4614,1,84,87,91
"3620",7324,1,14167,1,85,87,91
"3621",7413,1,1257,1,85,86,91
"3622",7574,1,75,1,85,87,93
"3623",7585,1,7513,1,82,86,91
"3624",7663,1,1402,1,84,86,91
"3625",7723,1,14555,1,79,85,91
"3626",7740,1,2943,1,86,88,93
"3627",7750,1,13821,1,88,89,95
"3628",7845,1,13790,1,85,86,92
"3629",7871,1,3709,1,86,87,90
"3630",7879,1,9201,1,87,89,94
"3631",8006,1,9285,1,80,83,90
"3632",8585,1,9191,1,84,85,91
"3633",8690,1,9005,1,88,89,94
"3634",8945,1,6876,1,80,83,93
"3635",9034,1,6090,1,85,87,92
"3636",9090,1,11912,1,86,88,92
"3637",9097,1,109,1,86,89,96
"3638",9174,1,3750,1,86,87,92
"3639",9324,1,4643,1,85,87,90
"3640",9562,1,1379,1,86,88,94
"3641",9744,1,7123,1,83,84,90
"3642",9785,1,9266,1,85,87,93
"3643",9856,1,4091,1,88,89,95
"3644",9952,1,8767,1,86,88,94
"3645",10308,1,10060,1,87,88,92
"3646",10371,1,4532,1,87,88,93
"3647",10418,1,3075,1,86,88,92
"3648",10420,1,6095,1,86,87,91
"3649",10643,1,14439,1,86,88,93
"3650",10846,1,3282,1,87,89,96
"3651",10921,1,2024,1,86,87,92
"3652",11217,1,7357,1,83,86,91
"3653",11754,1,9098,1,84,86,92
"3654",11814,1,12100,1,88,89,94
"3655",11828,1,8461,1,87,89,93
"3656",11867,1,4516,1,86,87,93
"3657",12162,1,12097,1,85,87,93
"3658",12233,1,9714,1,82,84,90
"3659",12325,1,14808,1,85,87,95
"3660",12385,1,1712,1,83,84,91
"3661",12437,1,14699,1,83,84,90
"3662",12443,1,7517,1,87,88,91
"3663",12478,1,5828,1,85,87,91
"3664",12558,1,9928,1,84,85,91
"3665",12803,1,2400,1,87,88,93
"3666",12849,1,6262,1,87,89,94
"3667",13002,1,2870,1,86,87,92
"3668",13246,1,10797,1,87,89,93
"3669",13265,1,14108,1,82,83,90
"3670",13412,1,6095,1,85,87,91
"3671",13531,1,10751,1,85,87,93
"3672",13544,1,7010,1,83,85,91
"3673",13551,1,2872,1,87,88,91
"3674",13603,1,7837,1,82,84,91
"3675",13808,1,5939,1,85,86,90
"3676",13955,1,4594,1,88,89,94
"3677",14017,1,11487,1,84,86,92
"3678",14203,1,10739,1,88,89,92
"3679",14244,1,1741,1,83,85,90
"3680",14304,1,9836,1,85,86,92
"3681",14378,1,9165,1,87,89,95
"3682",14422,1,12184,1,85,87,93
"3683",14454,1,11170,1,79,80,90
"3684",14693,1,2458,1,88,89,93
"3685",14713,1,11217,1,87,89,94
"3686",14753,1,9266,1,86,87,92
"3687",14809,1,808,1,84,88,93
"3688",203,1,9254,1,86,88,93
"3689",475,1,7418,1,88,89,95
"3690",532,1,11125,1,87,90,97
"3691",806,1,3345,1,85,88,94
"3692",954,1,13276,1,87,90,95
"3693",986,1,7517,1,86,87,92
"3694",1284,1,3652,1,85,87,93
"3695",1437,1,9266,1,85,87,92
"3696",1443,1,14443,1,89,90,96
"3697",1474,1,6159,1,83,86,91
"3698",1493,1,9959,1,88,90,93
"3699",1774,1,6672,1,88,89,95
"3700",1837,1,2906,1,89,90,95
"3701",2199,1,12064,1,88,90,96
"3702",2501,1,10420,1,89,90,96
"3703",2573,1,2231,1,88,90,94
"3704",2574,1,10138,1,88,90,93
"3705",2663,1,3834,1,86,88,93
"3706",2739,1,8704,1,88,90,94
"3707",2809,1,7240,1,86,87,92
"3708",2970,1,7802,1,88,89,97
"3709",2981,1,3404,1,86,87,91
"3710",3001,1,10885,1,83,86,92
"3711",3150,1,7503,1,85,87,92
"3712",3160,1,9959,1,87,88,93
"3713",3444,1,11988,1,84,85,91
"3714",3597,1,13111,1,88,90,95
"3715",3658,1,7751,1,87,90,95
"3716",4047,1,9619,1,89,90,97
"3717",4091,1,14316,1,85,87,91
"3718",4121,1,3282,1,87,88,94
"3719",4140,1,13709,1,84,85,91
"3720",4181,1,5587,1,84,85,91
"3721",4276,1,4119,1,85,86,92
"3722",4531,1,1430,1,87,90,97
"3723",4532,1,12338,1,84,85,91
"3724",4577,1,13412,1,89,90,96
"3725",4624,1,13790,1,84,85,92
"3726",4650,1,8096,1,85,87,95
"3727",4711,1,8186,1,81,86,95
"3728",4783,1,10450,1,85,86,95
"3729",4953,1,3018,1,88,90,96
"3730",5353,1,5093,1,84,85,91
"3731",5401,1,4920,1,84,86,92
"3732",5462,1,12585,1,85,87,95
"3733",5859,1,3107,1,84,87,91
"3734",5927,1,7413,1,88,90,94
"3735",6040,1,8006,1,85,87,92
"3736",6050,1,13074,1,85,87,93
"3737",6136,1,806,1,89,90,96
"3738",6271,1,8767,1,86,88,94
"3739",6439,1,9527,1,85,86,93
"3740",6546,1,9006,1,88,90,97
"3741",6745,1,6399,1,86,88,94
"3742",6780,1,14686,1,86,88,96
"3743",6783,1,5586,1,85,87,95
"3744",6825,1,8679,1,87,88,93
"3745",6857,1,14489,1,89,90,95
"3746",6996,1,13821,1,87,88,95
"3747",7036,1,12679,1,86,89,95
"3748",7181,1,9799,1,84,88,93
"3749",7463,1,4408,1,87,89,93
"3750",7553,1,10060,1,88,90,94
"3751",7598,1,12416,1,83,85,92
"3752",7605,1,9527,1,85,87,91
"3753",7729,1,13961,1,84,86,91
"3754",7755,1,10147,1,82,85,92
"3755",7802,1,10053,1,82,87,92
"3756",7803,1,12840,1,87,89,96
"3757",8072,1,1276,1,85,87,93
"3758",8117,1,8828,1,86,87,93
"3759",8232,1,11487,1,86,87,93
"3760",8234,1,3216,1,85,86,91
"3761",8308,1,14100,1,86,89,93
"3762",8315,1,3709,1,86,88,93
"3763",8476,1,5495,1,87,89,94
"3764",8515,1,14030,1,88,90,95
"3765",8543,1,12097,1,85,86,91
"3766",8672,1,9417,1,87,90,95
"3767",9048,1,2943,1,85,88,93
"3768",9165,1,1551,1,84,86,91
"3769",9189,1,7458,1,88,90,96
"3770",9258,1,11989,1,88,90,97
"3771",9260,1,2777,1,85,88,94
"3772",9428,1,9438,1,88,90,95
"3773",9519,1,6120,1,87,90,96
"3774",9527,1,1446,1,82,84,91
"3775",9599,1,5122,1,86,89,95
"3776",9619,1,8096,1,84,86,92
"3777",10044,1,1461,1,86,88,95
"3778",10066,1,2450,1,86,88,93
"3779",10138,1,881,1,82,85,91
"3780",10178,1,2822,1,89,90,94
"3781",10199,1,5495,1,89,90,97
"3782",10377,1,9098,1,83,87,92
"3783",10523,1,7107,1,86,88,93
"3784",10862,1,10013,1,88,90,96
"3785",10891,1,14495,1,87,89,94
"3786",10938,1,3216,1,86,87,93
"3787",11040,1,14782,1,86,88,96
"3788",11161,1,2206,1,87,88,94
"3789",11618,1,14404,1,89,90,96
"3790",11810,1,6040,1,89,90,94
"3791",11917,1,5482,1,86,89,94
"3792",11957,1,8434,1,85,86,92
"3793",11989,1,8513,1,84,85,91
"3794",12012,1,8348,1,84,86,91
"3795",12125,1,5587,1,85,87,91
"3796",12273,1,6472,1,85,88,94
"3797",12496,1,6033,1,87,90,95
"3798",12505,1,3903,1,87,89,96
"3799",12525,1,9619,1,87,88,94
"3800",12537,1,5536,1,85,86,91
"3801",12551,1,14666,1,86,88,94
"3802",12701,1,4498,1,86,89,96
"3803",12967,1,325,1,87,90,96
"3804",13082,1,10585,1,86,88,92
"3805",13145,1,14034,1,88,89,94
"3806",13313,1,14433,1,84,87,91
"3807",13376,1,5308,1,84,87,92
"3808",13517,1,5180,1,84,86,91
"3809",13653,1,14717,1,85,87,92
"3810",13731,1,12105,1,81,85,91
"3811",13829,1,9569,1,85,88,91
"3812",14083,1,5401,1,87,88,92
"3813",14160,1,14140,1,89,90,94
"3814",14225,1,2554,1,87,89,93
"3815",14249,1,6060,1,87,90,95
"3816",14329,1,13775,1,88,89,94
"3817",14542,1,7729,1,87,89,93
"3818",52,1,9438,1,87,88,93
"3819",170,1,9005,1,86,88,93
"3820",360,1,8072,1,89,91,96
"3821",609,1,13237,1,85,87,92
"3822",868,1,12662,1,84,86,92
"3823",1020,1,7413,1,87,91,97
"3824",1026,1,8314,1,87,88,93
"3825",1145,1,9090,1,90,91,98
"3826",1287,1,4138,1,87,90,96
"3827",1315,1,4783,1,87,90,95
"3828",1331,1,13955,1,90,91,96
"3829",1422,1,1211,1,87,89,93
"3830",1461,1,10908,1,82,85,92
"3831",1622,1,6572,1,87,89,93
"3832",1653,1,12072,1,89,91,95
"3833",1662,1,2102,1,89,90,95
"3834",1676,1,2956,1,89,91,96
"3835",1684,1,12247,1,87,90,94
"3836",1864,1,6450,1,83,87,92
"3837",1937,1,4788,1,83,86,92
"3838",1939,1,3566,1,85,88,94
"3839",2044,1,7729,1,87,90,95
"3840",2076,1,11086,1,87,90,94
"3841",2084,1,12840,1,88,89,93
"3842",2209,1,13074,1,87,89,94
"3843",2367,1,12662,1,84,88,92
"3844",2417,1,6846,1,88,89,94
"3845",2550,1,2981,1,88,89,93
"3846",2601,1,6910,1,85,88,95
"3847",2628,1,8434,1,87,90,96
"3848",2698,1,4276,1,87,88,92
"3849",2727,1,4928,1,89,90,96
"3850",2863,1,7574,1,89,91,96
"3851",2876,1,13653,1,88,91,98
"3852",2963,1,9483,1,86,88,94
"3853",3016,1,3300,1,90,91,98
"3854",3026,1,14316,1,87,89,95
"3855",3065,1,10044,1,89,91,97
"3856",3090,1,3633,1,86,87,92
"3857",3100,1,6745,1,89,91,98
"3858",3229,1,950,1,83,84,92
"3859",3253,1,2977,1,89,90,95
"3860",3404,1,10054,1,84,86,92
"3861",3674,1,2163,1,84,87,92
"3862",3789,1,7559,1,85,87,94
"3863",3806,1,12795,1,90,91,97
"3864",3852,1,13124,1,86,89,96
"3865",3903,1,10521,1,84,86,92
"3866",3933,1,4218,1,87,90,95
"3867",4202,1,7559,1,84,87,94
"3868",4546,1,12804,1,89,90,95
"3869",4665,1,6516,1,90,91,94
"3870",4674,1,5641,1,90,91,97
"3871",4677,1,1112,1,88,90,97
"3872",4681,1,1294,1,87,89,94
"3873",4999,1,6986,1,89,90,94
"3874",5020,1,7272,1,86,88,94
"3875",5037,1,203,1,89,90,96
"3876",5043,1,6265,1,83,84,93
"3877",5171,1,9458,1,88,91,96
"3878",5278,1,2024,1,88,89,94
"3879",5659,1,14782,1,86,88,92
"3880",5762,1,2822,1,90,91,97
"3881",5940,1,4413,1,85,88,96
"3882",5993,1,4871,1,87,89,94
"3883",6054,1,13074,1,86,88,92
"3884",6086,1,2400,1,86,88,94
"3885",6147,1,12092,1,88,91,97
"3886",6194,1,10223,1,86,89,95
"3887",6218,1,109,1,86,89,95
"3888",6221,1,6472,1,86,88,94
"3889",6319,1,5189,1,85,88,93
"3890",6362,1,4117,1,85,86,92
"3891",6447,1,5482,1,87,91,98
"3892",6476,1,9970,1,86,88,92
"3893",6688,1,14313,1,87,89,94
"3894",6806,1,7585,1,87,89,95
"3895",6817,1,9228,1,84,86,93
"3896",6833,1,9110,1,87,89,93
"3897",6925,1,1546,1,88,89,94
"3898",6988,1,292,1,89,91,95
"3899",7023,1,11910,1,83,86,92
"3900",7082,1,4717,1,86,87,93
"3901",7142,1,3198,1,88,90,95
"3902",7175,1,11647,1,90,91,96
"3903",7283,1,9005,1,86,88,92
"3904",7364,1,8520,1,87,88,93
"3905",7744,1,6060,1,86,87,93
"3906",7757,1,4594,1,89,90,96
"3907",7970,1,1304,1,86,88,95
"3908",8016,1,13766,1,82,88,94
"3909",8114,1,4149,1,86,91,97
"3910",8181,1,3075,1,85,88,93
"3911",8211,1,4643,1,86,87,92
"3912",8227,1,12956,1,88,90,94
"3913",8402,1,103,1,84,89,94
"3914",8894,1,5096,1,89,91,96
"3915",8927,1,6899,1,88,91,96
"3916",9348,1,13517,1,88,89,95
"3917",9370,1,4490,1,88,90,94
"3918",9410,1,4443,1,83,85,92
"3919",9417,1,12297,1,85,87,92
"3920",9433,1,14086,1,86,88,93
"3921",9437,1,12720,1,86,88,92
"3922",9452,1,4783,1,87,89,95
"3923",9486,1,3700,1,85,87,92
"3924",9603,1,12977,1,88,91,96
"3925",9644,1,8663,1,86,87,92
"3926",9779,1,14761,1,89,91,95
"3927",9979,1,292,1,88,89,94
"3928",10175,1,13551,1,89,91,96
"3929",10365,1,75,1,83,86,92
"3930",10518,1,284,1,89,91,96
"3931",10545,1,352,1,87,88,92
"3932",10549,1,10290,1,90,91,95
"3933",10918,1,8402,1,90,91,96
"3934",10926,1,3001,1,88,89,93
"3935",11063,1,4121,1,89,91,96
"3936",11070,1,10365,1,87,88,92
"3937",11176,1,11086,1,87,89,93
"3938",11370,1,6996,1,90,91,96
"3939",11416,1,1426,1,86,88,94
"3940",11480,1,4413,1,85,88,92
"3941",11632,1,9644,1,88,89,94
"3942",11674,1,8211,1,88,91,94
"3943",11755,1,3786,1,87,88,94
"3944",11827,1,3655,1,84,85,93
"3945",11838,1,571,1,88,89,93
"3946",11893,1,14139,1,84,87,93
"3947",11969,1,11478,1,86,87,93
"3948",12072,1,5618,1,85,87,92
"3949",12074,1,14155,1,89,91,96
"3950",12236,1,14615,1,89,90,96
"3951",12295,1,10630,1,87,90,95
"3952",12371,1,13955,1,90,91,96
"3953",12552,1,6688,1,89,90,95
"3954",12795,1,5421,1,87,89,94
"3955",12840,1,6430,1,85,86,92
"3956",12867,1,4534,1,87,89,95
"3957",12902,1,4492,1,87,89,97
"3958",12923,1,1469,1,84,86,92
"3959",12956,1,6561,1,85,87,93
"3960",12977,1,7959,1,85,87,94
"3961",13162,1,6407,1,87,90,95
"3962",13263,1,4404,1,89,91,96
"3963",13419,1,3478,1,90,91,96
"3964",13583,1,2777,1,85,87,93
"3965",13719,1,12440,1,87,89,94
"3966",13762,1,1358,1,89,90,96
"3967",13821,1,11098,1,84,86,92
"3968",14020,1,14049,1,88,89,94
"3969",14034,1,11730,1,84,86,92
"3970",14140,1,3710,1,85,89,93
"3971",14302,1,1580,1,89,90,95
"3972",14452,1,2721,1,88,91,95
"3973",14502,1,14666,1,87,89,98
"3974",14523,1,14556,1,87,90,95
"3975",14761,1,11912,1,86,88,93
"3976",14782,1,8971,1,85,86,93
"3977",87,1,14583,1,89,91,96
"3978",90,1,5570,1,88,92,97
"3979",149,1,1008,1,87,88,94
"3980",206,1,11487,1,85,87,93
"3981",232,1,5205,1,90,92,98
"3982",268,1,6319,1,91,92,96
"3983",536,1,3786,1,89,91,94
"3984",642,1,9165,1,87,88,93
"3985",698,1,4149,1,87,89,96
"3986",722,1,6475,1,86,87,93
"3987",726,1,5190,1,90,92,99
"3988",829,1,12565,1,87,88,94
"3989",1006,1,11652,1,84,87,93
"3990",1070,1,7283,1,89,92,96
"3991",1093,1,11915,1,88,89,93
"3992",1141,1,7413,1,87,89,95
"3993",1154,1,1251,1,91,92,97
"3994",1283,1,5619,1,90,92,96
"3995",1305,1,5507,1,86,87,93
"3996",1380,1,2766,1,90,91,98
"3997",1421,1,8424,1,84,86,93
"3998",1500,1,7256,1,88,90,96
"3999",1580,1,7182,1,84,86,93
"4000",1632,1,10646,1,86,88,96
"4001",1734,1,6986,1,89,92,96
"4002",1765,1,11827,1,85,88,95
"4003",2081,1,9962,1,86,87,95
"4004",2224,1,3709,1,86,88,93
"4005",2406,1,7573,1,86,89,93
"4006",2679,1,8690,1,90,92,97
"4007",2885,1,6362,1,87,88,94
"4008",2906,1,10630,1,86,88,93
"4009",3121,1,12478,1,88,90,95
"4010",3174,1,10389,1,84,87,94
"4011",3231,1,9248,1,84,88,94
"4012",3264,1,10308,1,89,91,96
"4013",3300,1,12247,1,87,90,94
"4014",3308,1,109,1,87,90,94
"4015",3650,1,1026,1,89,91,96
"4016",3779,1,12158,1,91,92,97
"4017",3807,1,6590,1,89,92,97
"4018",3897,1,4523,1,87,90,96
"4019",3934,1,5278,1,90,92,97
"4020",4247,1,6319,1,89,91,95
"4021",4372,1,12313,1,86,87,93
"4022",4384,1,12585,1,84,87,93
"4023",4411,1,6688,1,90,92,99
"4024",4415,1,14462,1,90,91,96
"4025",4503,1,6194,1,90,91,96
"4026",4507,1,5327,1,85,86,93
"4027",4725,1,13933,1,86,88,93
"4028",4784,1,2977,1,89,90,96
"4029",4998,1,4172,1,89,91,97
"4030",5046,1,6051,1,90,92,99
"4031",5047,1,2352,1,86,89,95
"4032",5082,1,2063,1,88,90,95
"4033",5096,1,5587,1,86,88,95
"4034",5210,1,13372,1,85,87,93
"4035",5272,1,1437,1,89,91,96
"4036",5289,1,8964,1,88,90,97
"4037",5410,1,2206,1,86,89,94
"4038",5412,1,10418,1,89,90,96
"4039",5499,1,8938,1,88,89,94
"4040",5619,1,12100,1,88,89,94
"4041",5680,1,8065,1,85,88,94
"4042",5686,1,5619,1,90,92,96
"4043",5727,1,7240,1,87,89,95
"4044",5772,1,4685,1,85,86,93
"4045",5989,1,1251,1,87,89,94
"4046",6025,1,14498,1,90,92,98
"4047",6053,1,14049,1,90,92,97
"4048",6056,1,11647,1,90,92,99
"4049",6436,1,7142,1,91,92,97
"4050",6464,1,3612,1,87,89,93
"4051",6502,1,9952,1,89,90,97
"4052",6756,1,11176,1,90,92,97
"4053",6819,1,10600,1,89,91,95
"4054",6822,1,14124,1,91,92,96
"4055",6832,1,3752,1,87,89,94
"4056",6984,1,6402,1,88,91,96
"4057",6986,1,7107,1,86,88,94
"4058",7022,1,2081,1,88,91,97
"4059",7049,1,206,1,89,90,98
"4060",7591,1,9209,1,87,90,95
"4061",8243,1,6925,1,89,90,96
"4062",8540,1,6177,1,85,88,93
"4063",8600,1,2072,1,87,88,93
"4064",8704,1,1980,1,85,87,94
"4065",8843,1,6271,1,89,91,97
"4066",8860,1,14378,1,89,91,96
"4067",8878,1,2661,1,90,92,97
"4068",9006,1,9867,1,86,87,93
"4069",9138,1,14378,1,89,91,96
"4070",9180,1,8540,1,89,91,96
"4071",9204,1,12701,1,90,91,95
"4072",9291,1,7701,1,88,90,95
"4073",9314,1,10368,1,88,90,95
"4074",9379,1,13086,1,84,87,94
"4075",9507,1,12184,1,85,87,93
"4076",9796,1,12184,1,85,87,93
"4077",9919,1,13840,1,87,90,94
"4078",10013,1,11472,1,85,87,93
"4079",10041,1,1774,1,91,92,97
"4080",10060,1,11029,1,86,87,93
"4081",10188,1,4953,1,91,92,98
"4082",10249,1,14083,1,89,90,94
"4083",10290,1,5495,1,87,90,98
"4084",10319,1,5641,1,90,92,99
"4085",10496,1,9486,1,89,92,98
"4086",10508,1,10862,1,91,92,99
"4087",10600,1,13237,1,85,86,93
"4088",10803,1,2663,1,90,92,97
"4089",11089,1,2116,1,91,92,97
"4090",11169,1,4624,1,86,88,93
"4091",11343,1,8247,1,86,87,93
"4092",11345,1,8600,1,88,90,94
"4093",11379,1,14583,1,88,89,94
"4094",11387,1,12186,1,87,89,93
"4095",11566,1,12803,1,89,91,96
"4096",11728,1,11917,1,90,91,97
"4097",11777,1,1358,1,89,91,97
"4098",11825,1,4925,1,89,91,99
"4099",11881,1,6043,1,90,91,95
"4100",12186,1,6451,1,85,86,95
"4101",12247,1,5424,1,84,85,93
"4102",12351,1,9043,1,90,92,98
"4103",12450,1,6381,1,85,90,94
"4104",13111,1,12615,1,85,88,93
"4105",13220,1,339,1,89,90,95
"4106",13347,1,11169,1,89,90,96
"4107",13366,1,12701,1,90,92,97
"4108",13426,1,9034,1,88,90,93
"4109",13775,1,6475,1,86,88,93
"4110",13886,1,14442,1,91,92,98
"4111",13892,1,6262,1,87,89,95
"4112",14049,1,4669,1,85,87,93
"4113",14085,1,3037,1,88,91,96
"4114",14119,1,4016,1,90,92,97
"4115",14124,1,7364,1,89,90,96
"4116",14155,1,2960,1,86,88,93
"4117",14407,1,7740,1,89,90,95
"4118",14443,1,11652,1,84,88,94
"4119",14498,1,2969,1,86,88,94
"4120",14556,1,6081,1,85,86,93
"4121",14615,1,3229,1,87,88,93
"4122",14618,1,2081,1,89,90,95
"4123",19,1,3404,1,87,89,95
"4124",130,1,1659,1,87,89,94
"4125",313,1,9498,1,90,93,100
"4126",499,1,13162,1,90,92,95
"4127",691,1,10926,1,90,93,100
"4128",824,1,52,1,90,93,98
"4129",914,1,3018,1,87,88,94
"4130",997,1,9165,1,86,89,94
"4131",1111,1,4935,1,90,92,99
"4132",1127,1,13419,1,92,93,97
"4133",1140,1,14017,1,87,89,94
"4134",1163,1,13719,1,90,91,96
"4135",1281,1,12967,1,91,93,100
"4136",1306,1,14155,1,89,90,97
"4137",1356,1,8211,1,88,91,96
"4138",1389,1,6472,1,86,89,94
"4139",1537,1,5210,1,90,92,98
"4140",1846,1,13202,1,90,92,96
"4141",1865,1,13246,1,90,92,96
"4142",1957,1,10066,1,90,91,98
"4143",2116,1,3931,1,84,88,94
"4144",2263,1,3767,1,89,91,94
"4145",2287,1,11321,1,91,92,97
"4146",2299,1,10368,1,88,92,97
"4147",2351,1,3264,1,91,92,97
"4148",2370,1,10155,1,88,91,95
"4149",2384,1,11782,1,89,92,98
"4150",2470,1,4783,1,88,90,94
"4151",2528,1,11031,1,89,92,98
"4152",2613,1,156,1,91,93,97
"4153",2661,1,10578,1,86,89,94
"4154",2822,1,12097,1,85,88,94
"4155",2869,1,13719,1,90,92,97
"4156",2946,1,609,1,88,91,96
"4157",2964,1,4074,1,83,86,95
"4158",2998,1,6866,1,89,90,96
"4159",3046,1,11176,1,91,92,97
"4160",3061,1,2209,1,90,92,96
"4161",3346,1,8234,1,88,90,94
"4162",3481,1,7023,1,87,90,94
"4163",3491,1,11903,1,92,93,97
"4164",3685,1,7802,1,88,92,96
"4165",3705,1,4181,1,87,89,95
"4166",3720,1,7574,1,88,91,95
"4167",3753,1,6930,1,90,92,97
"4168",3859,1,8255,1,90,91,97
"4169",3886,1,5727,1,90,92,100
"4170",3998,1,2809,1,88,90,95
"4171",4076,1,11742,1,88,91,95
"4172",4172,1,14462,1,87,88,95
"4173",4204,1,9165,1,88,90,94
"4174",4427,1,12100,1,87,90,97
"4175",4594,1,3887,1,86,88,97
"4176",4703,1,9599,1,90,92,97
"4177",4857,1,7463,1,91,93,101
"4178",4871,1,176,1,83,86,97
"4179",5011,1,8255,1,89,92,98
"4180",5183,1,12662,1,85,87,95
"4181",5194,1,6217,1,88,90,94
"4182",5232,1,1426,1,86,88,94
"4183",5418,1,4624,1,87,90,95
"4184",5492,1,2739,1,91,93,98
"4185",5535,1,7733,1,90,93,98
"4186",5568,1,1379,1,86,88,97
"4187",5575,1,4677,1,91,93,98
"4188",5698,1,10993,1,87,91,95
"4189",5856,1,4956,1,91,93,99
"4190",5899,1,4999,1,91,92,96
"4191",6043,1,1430,1,87,89,97
"4192",6064,1,14225,1,90,92,97
"4193",6401,1,7729,1,87,89,94
"4194",6423,1,12236,1,92,93,97
"4195",6434,1,9711,1,87,88,94
"4196",6435,1,12565,1,88,90,95
"4197",6437,1,14203,1,90,92,98
"4198",6658,1,4247,1,92,93,98
"4199",6683,1,9976,1,86,88,94
"4200",6930,1,10425,1,87,89,95
"4201",6979,1,3897,1,91,93,98
"4202",7075,1,6218,1,90,91,96
"4203",7089,1,6050,1,88,91,96
"4204",7298,1,4871,1,87,89,95
"4205",7363,1,14329,1,91,92,99
"4206",7383,1,4811,1,92,93,98
"4207",7531,1,5401,1,89,93,98
"4208",7622,1,12273,1,92,93,99
"4209",7655,1,7829,1,91,93,99
"4210",7671,1,6181,1,89,90,95
"4211",7758,1,5410,1,90,92,97
"4212",7786,1,9428,1,92,93,97
"4213",7961,1,9209,1,86,89,97
"4214",8090,1,11715,1,86,88,94
"4215",8131,1,8964,1,88,90,95
"4216",8171,1,3198,1,89,92,99
"4217",8255,1,469,1,88,89,95
"4218",8262,1,13111,1,89,92,96
"4219",8457,1,11097,1,80,86,94
"4220",8472,1,11915,1,89,91,97
"4221",8503,1,14086,1,86,89,94
"4222",8504,1,1469,1,84,89,94
"4223",8698,1,6262,1,88,90,96
"4224",8758,1,964,1,85,88,95
"4225",8840,1,10368,1,89,91,97
"4226",8858,1,13829,1,90,91,95
"4227",8947,1,7023,1,88,90,95
"4228",9129,1,5327,1,84,88,95
"4229",9146,1,14266,1,86,90,94
"4230",9220,1,7049,1,91,93,99
"4231",9295,1,14744,1,86,88,95
"4232",9307,1,14438,1,88,90,94
"4233",9384,1,8314,1,87,90,95
"4234",9498,1,9483,1,86,88,94
"4235",9505,1,6355,1,89,91,99
"4236",9528,1,3016,1,92,93,99
"4237",9561,1,7802,1,87,90,94
"4238",9728,1,12395,1,89,91,97
"4239",9792,1,6290,1,81,88,94
"4240",10005,1,6832,1,91,93,97
"4241",10022,1,9165,1,87,89,95
"4242",10075,1,9459,1,88,89,95
"4243",10206,1,5727,1,89,90,94
"4244",10254,1,8513,1,86,89,95
"4245",10322,1,4507,1,87,89,95
"4246",10404,1,52,1,89,91,96
"4247",10658,1,1219,1,91,93,99
"4248",10706,1,10254,1,90,93,99
"4249",10710,1,13933,1,86,88,94
"4250",11148,1,4120,1,91,93,97
"4251",11150,1,5047,1,90,91,96
"4252",11290,1,8503,1,91,93,98
"4253",11309,1,3001,1,87,90,94
"4254",11321,1,14498,1,89,90,99
"4255",11395,1,839,1,88,90,96
"4256",11492,1,1653,1,91,92,98
"4257",11497,1,9097,1,90,92,98
"4258",11647,1,6262,1,87,89,94
"4259",11971,1,9840,1,85,88,94
"4260",12002,1,12243,1,92,93,101
"4261",12035,1,6846,1,89,93,97
"4262",12161,1,1552,1,92,93,100
"4263",12491,1,2964,1,88,90,96
"4264",12781,1,14489,1,90,91,97
"4265",12881,1,14169,1,89,92,97
"4266",12883,1,12333,1,87,92,99
"4267",12888,1,5419,1,85,87,94
"4268",12900,1,8939,1,88,90,95
"4269",12912,1,12552,1,91,92,98
"4270",12922,1,14615,1,91,92,97
"4271",13121,1,1500,1,91,93,99
"4272",13253,1,6271,1,89,93,99
"4273",13269,1,114,1,86,89,94
"4274",13462,1,14140,1,91,93,99
"4275",13468,1,11217,1,87,90,94
"4276",13511,1,10418,1,91,93,100
"4277",13523,1,2382,1,89,91,95
"4278",13577,1,4076,1,92,93,101
"4279",13738,1,698,1,90,91,95
"4280",13815,1,2970,1,90,91,95
"4281",14011,1,2943,1,87,89,94
"4282",14080,1,14489,1,89,90,94
"4283",14154,1,14296,1,89,90,95
"4284",14169,1,9962,1,85,88,94
"4285",14224,1,6683,1,89,90,96
"4286",14335,1,13017,1,91,92,96
"4287",14408,1,6051,1,91,92,97
"4288",14427,1,2977,1,88,90,96
"4289",14431,1,4167,1,87,89,94
"4290",14442,1,12273,1,88,90,96
"4291",14489,1,6120,1,87,89,96
"4292",14511,1,352,1,88,90,95
"4293",14522,1,8960,1,89,90,94
"4294",14567,1,6866,1,87,92,98
"4295",14609,1,8560,1,92,93,99
"4296",14625,1,4935,1,89,93,97
"4297",14777,1,7845,1,87,88,94
"4298",14787,1,7585,1,88,89,94
"4299",14828,1,6362,1,87,90,96
"4300",32,1,9754,1,89,90,95
"4301",34,1,14230,1,91,93,98
"4302",61,1,2969,1,87,89,95
"4303",209,1,7329,1,93,94,99
"4304",411,1,7795,1,92,93,99
"4305",424,1,7377,1,91,92,96
"4306",457,1,3059,1,91,93,97
"4307",460,1,2501,1,92,93,98
"4308",517,1,12440,1,87,90,96
"4309",612,1,7952,1,90,91,96
"4310",650,1,6833,1,92,94,97
"4311",830,1,1284,1,88,91,95
"4312",874,1,3672,1,92,94,100
"4313",884,1,642,1,90,92,98
"4314",994,1,10846,1,90,93,98
"4315",1440,1,5641,1,90,91,97
"4316",1552,1,11343,1,90,91,97
"4317",1832,1,11172,1,87,90,95
"4318",1907,1,284,1,88,90,96
"4319",1912,1,13351,1,92,94,99
"4320",1959,1,1566,1,87,89,95
"4321",2371,1,2044,1,93,94,100
"4322",2395,1,6664,1,85,88,95
"4323",2439,1,9348,1,91,94,100
"4324",2516,1,6337,1,88,92,96
"4325",2600,1,12389,1,89,90,96
"4326",2605,1,7777,1,90,93,99
"4327",2673,1,7517,1,89,91,98
"4328",3208,1,7871,1,89,90,96
"4329",3266,1,7933,1,91,93,97
"4330",3478,1,7380,1,87,89,95
"4331",3486,1,9474,1,93,94,99
"4332",3518,1,8894,1,92,93,98
"4333",3547,1,2573,1,91,93,97
"4334",3672,1,7605,1,89,91,97
"4335",3965,1,8767,1,87,89,95
"4336",4037,1,14438,1,86,91,96
"4337",4072,1,6054,1,89,92,96
"4338",4196,1,3705,1,91,93,98
"4339",4209,1,10188,1,93,94,99
"4340",4222,1,8564,1,92,94,99
"4341",4356,1,914,1,90,92,97
"4342",4425,1,6355,1,88,92,98
"4343",4512,1,1380,1,93,94,99
"4344",4676,1,9097,1,90,93,98
"4345",4700,1,12867,1,91,92,96
"4346",4744,1,1287,1,90,91,98
"4347",4750,1,9258,1,91,92,97
"4348",4760,1,4703,1,92,93,98
"4349",5006,1,4546,1,91,93,100
"4350",5097,1,9437,1,91,92,98
"4351",5257,1,12450,1,92,94,98
"4352",5509,1,14160,1,91,93,99
"4353",5625,1,10377,1,90,91,98
"4354",5639,1,4399,1,86,88,96
"4355",5641,1,6939,1,87,89,95
"4356",5743,1,14427,1,92,94,100
"4357",5744,1,13702,1,91,92,96
"4358",5812,1,11370,1,93,94,100
"4359",5982,1,14431,1,90,93,98
"4360",6591,1,9165,1,88,90,95
"4361",6660,1,532,1,90,92,96
"4362",6738,1,6221,1,89,91,96
"4363",6957,1,14713,1,90,91,97
"4364",7084,1,12537,1,88,90,95
"4365",7338,1,170,1,89,93,97
"4366",7349,1,90,1,93,94,99
"4367",7386,1,3174,1,88,90,99
"4368",7426,1,14148,1,92,93,102
"4369",7436,1,1862,1,90,92,97
"4370",7464,1,6218,1,90,92,98
"4371",7509,1,4526,1,91,93,97
"4372",7714,1,2963,1,89,91,99
"4373",7733,1,722,1,88,89,96
"4374",7777,1,11912,1,86,89,96
"4375",7796,1,8476,1,89,91,95
"4376",7815,1,7879,1,91,93,96
"4377",7847,1,6833,1,90,93,98
"4378",7924,1,9474,1,90,92,97
"4379",7952,1,2956,1,88,89,95
"4380",8061,1,10647,1,88,90,95
"4381",8088,1,10894,1,93,94,102
"4382",8144,1,2157,1,90,92,100
"4383",8196,1,560,1,90,92,97
"4384",8304,1,1959,1,91,93,99
"4385",8564,1,14542,1,90,92,97
"4386",8719,1,9952,1,91,94,100
"4387",8983,1,10280,1,90,93,98
"4388",9010,1,7941,1,88,91,95
"4389",9033,1,1772,1,92,94,100
"4390",9135,1,2956,1,88,90,95
"4391",9173,1,5125,1,89,91,96
"4392",9296,1,8860,1,93,94,100
"4393",9459,1,9569,1,85,88,95
"4394",9501,1,8840,1,92,93,99
"4395",9734,1,12881,1,92,93,97
"4396",9833,1,8478,1,89,91,98
"4397",9871,1,2721,1,89,92,97
"4398",10027,1,7084,1,92,93,97
"4399",10259,1,11809,1,92,93,99
"4400",10280,1,4516,1,86,90,95
"4401",10306,1,14017,1,88,90,97
"4402",10434,1,3597,1,91,93,97
"4403",10591,1,10600,1,88,89,95
"4404",10943,1,10013,1,89,91,97
"4405",11031,1,13779,1,87,89,95
"4406",11100,1,9135,1,91,92,97
"4407",11177,1,2621,1,91,92,98
"4408",11213,1,8072,1,88,90,95
"4409",11782,1,2438,1,86,88,95
"4410",11820,1,12565,1,87,89,95
"4411",11978,1,2661,1,90,91,95
"4412",12090,1,905,1,90,92,98
"4413",12241,1,9754,1,89,91,95
"4414",12243,1,2024,1,87,91,96
"4415",12345,1,1141,1,91,94,101
"4416",12387,1,6435,1,92,93,98
"4417",12657,1,5125,1,90,92,97
"4418",12741,1,14777,1,89,91,98
"4419",12878,1,11169,1,90,92,99
"4420",12944,1,12803,1,89,94,101
"4421",13017,1,12968,1,87,89,95
"4422",13238,1,9291,1,92,93,99
"4423",13244,1,7733,1,92,94,100
"4424",13252,1,4928,1,88,90,96
"4425",13301,1,2981,1,88,92,95
"4426",13351,1,6780,1,89,90,95
"4427",13456,1,5096,1,89,91,99
"4428",13615,1,5901,1,92,93,99
"4429",13702,1,13313,1,87,90,96
"4430",13841,1,14049,1,90,92,96
"4431",13869,1,7455,1,88,89,95
"4432",13883,1,8016,1,90,92,99
"4433",13964,1,9792,1,90,91,95
"4434",14230,1,8598,1,87,89,97
"4435",14253,1,9129,1,90,92,97
"4436",14330,1,3843,1,86,89,95
"4437",14339,1,6925,1,90,91,96
"4438",14823,1,11521,1,91,92,96
"4439",58,1,5591,1,91,93,97
"4440",200,1,9467,1,91,93,98
"4441",265,1,1832,1,91,93,98
"4442",417,1,4076,1,92,93,98
"4443",577,1,1912,1,94,95,102
"4444",747,1,1140,1,90,92,100
"4445",893,1,11379,1,93,95,100
"4446",933,1,2727,1,90,93,100
"4447",969,1,2370,1,92,93,98
"4448",984,1,11915,1,89,92,98
"4449",1057,1,2417,1,89,91,97
"4450",1120,1,7535,1,88,91,97
"4451",1212,1,12243,1,92,93,98
"4452",1318,1,11123,1,94,95,99
"4453",1336,1,9972,1,89,91,96
"4454",1527,1,5289,1,91,92,99
"4455",1630,1,13145,1,89,91,96
"4456",1661,1,7386,1,91,92,96
"4457",1682,1,11838,1,89,91,96
"4458",1800,1,5964,1,93,95,102
"4459",1811,1,4296,1,89,91,98
"4460",2008,1,5727,1,91,94,100
"4461",2028,1,8171,1,92,94,99
"4462",2035,1,13017,1,90,95,98
"4463",2053,1,3481,1,92,93,99
"4464",2111,1,14224,1,91,93,97
"4465",2118,1,14522,1,91,92,97
"4466",2597,1,1388,1,89,91,97
"4467",2976,1,3897,1,92,93,100
"4468",3089,1,12230,1,88,91,96
"4469",3226,1,11697,1,94,95,102
"4470",3427,1,8227,1,91,93,98
"4471",3991,1,8434,1,86,89,96
"4472",4120,1,9165,1,87,89,96
"4473",4270,1,344,1,90,91,97
"4474",4432,1,12849,1,90,93,100
"4475",4482,1,7553,1,91,92,98
"4476",4533,1,1865,1,93,95,99
"4477",4581,1,1163,1,92,94,99
"4478",4956,1,6745,1,89,90,97
"4479",5086,1,14224,1,91,92,96
"4480",5108,1,7281,1,89,91,98
"4481",5121,1,5639,1,89,92,99
"4482",5166,1,8927,1,94,95,100
"4483",5259,1,1340,1,88,90,96
"4484",5311,1,10254,1,90,92,98
"4485",5332,1,170,1,91,94,99
"4486",5389,1,9365,1,90,95,101
"4487",5405,1,6758,1,93,95,99
"4488",5441,1,14302,1,92,94,101
"4489",5527,1,9576,1,93,94,99
"4490",5664,1,8315,1,89,90,96
"4491",5732,1,13347,1,91,93,99
"4492",5964,1,14404,1,89,92,99
"4493",6293,1,4956,1,91,95,100
"4494",6327,1,9258,1,91,92,98
"4495",6358,1,12162,1,88,90,96
"4496",6365,1,2970,1,91,92,97
"4497",6702,1,5989,1,91,93,98
"4498",6727,1,2458,1,89,92,97
"4499",6786,1,14502,1,90,92,98
"4500",6907,1,10591,1,91,94,100
"4501",6909,1,1120,1,92,94,98
"4502",7090,1,9365,1,89,91,96
"4503",7311,1,4648,1,88,90,96
"4504",7329,1,9138,1,92,93,98
"4505",7353,1,11070,1,90,91,97
"4506",7572,1,1765,1,93,94,101
"4507",7638,1,11915,1,88,92,98
"4508",7684,1,7750,1,92,94,98
"4509",7795,1,2116,1,89,91,96
"4510",7864,1,12158,1,92,94,100
"4511",7933,1,7082,1,89,91,96
"4512",8462,1,5401,1,89,93,99
"4513",8560,1,14693,1,90,91,97
"4514",8649,1,3135,1,87,92,97
"4515",8694,1,14522,1,91,93,99
"4516",8706,1,13347,1,91,95,102
"4517",8784,1,10249,1,91,94,99
"4518",8848,1,7353,1,92,95,101
"4519",9062,1,10518,1,92,94,98
"4520",9177,1,12236,1,91,92,97
"4521",9188,1,3753,1,93,95,99
"4522",9192,1,13828,1,94,95,100
"4523",9255,1,1682,1,94,95,102
"4524",9360,1,2406,1,90,92,96
"4525",9474,1,9133,1,88,90,96
"4526",9481,1,411,1,94,95,99
"4527",9776,1,10914,1,88,89,97
"4528",9873,1,839,1,88,90,98
"4529",10114,1,1141,1,89,91,98
"4530",10244,1,10918,1,92,94,99
"4531",10355,1,7933,1,92,93,99
"4532",10369,1,691,1,94,95,99
"4533",10428,1,4643,1,88,89,96
"4534",10519,1,11880,1,93,95,99
"4535",10522,1,6874,1,90,92,97
"4536",10771,1,3016,1,93,94,99
"4537",11026,1,13099,1,88,89,96
"4538",11141,1,3722,1,90,92,98
"4539",11151,1,4953,1,92,93,98
"4540",11486,1,339,1,91,92,96
"4541",11521,1,6441,1,88,91,97
"4542",11549,1,2378,1,92,94,100
"4543",11704,1,5183,1,91,93,98
"4544",11809,1,2145,1,87,90,96
"4545",11903,1,10371,1,90,92,97
"4546",12017,1,3597,1,91,94,100
"4547",12131,1,13869,1,90,94,100
"4548",12279,1,13517,1,89,92,97
"4549",12418,1,6053,1,93,94,100
"4550",12487,1,14502,1,89,92,97
"4551",12561,1,1020,1,93,94,100
"4552",12766,1,11212,1,93,94,100
"4553",12886,1,5441,1,94,95,99
"4554",12904,1,2263,1,92,94,99
"4555",12925,1,4677,1,91,93,98
"4556",12927,1,3068,1,92,93,99
"4557",13068,1,6043,1,90,93,97
"4558",13166,1,10492,1,88,90,96
"4559",13178,1,1939,1,90,91,97
"4560",13231,1,6957,1,92,93,99
"4561",13317,1,12236,1,91,94,100
"4562",13430,1,12243,1,93,95,100
"4563",13434,1,14439,1,87,89,96
"4564",13490,1,7324,1,88,90,96
"4565",13526,1,1145,1,92,95,101
"4566",13598,1,475,1,91,94,100
"4567",13701,1,3752,1,88,93,96
"4568",13735,1,14378,1,91,92,99
"4569",13753,1,4218,1,87,92,97
"4570",13818,1,4396,1,94,95,99
"4571",13895,1,11345,1,91,92,97
"4572",13977,1,7353,1,92,94,98
"4573",13997,1,8243,1,92,94,99
"4574",14093,1,13468,1,91,95,102
"4575",14148,1,3198,1,88,91,96
"4576",14161,1,10779,1,93,94,100
"4577",14198,1,2116,1,91,93,99
"4578",14374,1,2573,1,90,93,98
"4579",14403,1,13012,1,94,95,98
"4580",14447,1,14119,1,93,95,101
"4581",14486,1,4415,1,92,94,100
"4582",14496,1,9926,1,93,95,101
"4583",14500,1,12243,1,92,94,98
"4584",14789,1,1093,1,91,92,99
"4585",14824,1,499,1,92,94,100
"4586",14826,1,747,1,94,95,99
"4587",12,1,2084,1,90,92,98
"4588",401,1,7671,1,91,93,97
"4589",545,1,6025,1,94,95,99
"4590",559,1,2550,1,91,93,98
"4591",643,1,8983,1,94,95,98
"4592",679,1,6925,1,90,92,97
"4593",798,1,6464,1,90,91,97
"4594",848,1,13511,1,94,95,100
"4595",1158,1,9696,1,93,95,100
"4596",1492,1,10846,1,91,93,98
"4597",1514,1,8547,1,94,95,101
"4598",1535,1,3811,1,94,96,101
"4599",1619,1,8232,1,89,90,99
"4600",1675,1,1630,1,92,93,98
"4601",1772,1,2068,1,89,92,97
"4602",1984,1,13738,1,94,96,100
"4603",1998,1,13145,1,90,93,98
"4604",2029,1,8894,1,91,92,97
"4605",2054,1,10434,1,93,95,103
"4606",2204,1,9696,1,93,94,99
"4607",2238,1,13246,1,89,92,97
"4608",2240,1,10290,1,92,93,98
"4609",2268,1,12083,1,89,91,98
"4610",2295,1,13762,1,92,95,99
"4611",2348,1,7303,1,91,94,99
"4612",2378,1,8704,1,89,92,97
"4613",2498,1,2063,1,88,91,98
"4614",2882,1,10249,1,91,93,98
"4615",2987,1,11881,1,92,93,97
"4616",2988,1,6476,1,90,93,97
"4617",3068,1,8704,1,90,91,97
"4618",3219,1,7952,1,90,94,97
"4619",3323,1,6401,1,90,92,97
"4620",3426,1,3089,1,94,95,99
"4621",3647,1,13263,1,94,96,100
"4622",3927,1,11089,1,92,93,98
"4623",3979,1,2299,1,92,94,98
"4624",4214,1,2739,1,91,92,98
"4625",4334,1,11647,1,92,93,99
"4626",4387,1,11026,1,94,96,100
"4627",4398,1,3547,1,94,96,101
"4628",4430,1,905,1,91,93,99
"4629",4477,1,2673,1,93,94,99
"4630",4491,1,9452,1,89,91,97
"4631",4564,1,4209,1,95,96,100
"4632",4571,1,3317,1,95,96,103
"4633",4811,1,10926,1,90,91,97
"4634",5061,1,2118,1,93,95,101
"4635",5100,1,3991,1,92,94,100
"4636",5398,1,34,1,94,96,100
"4637",5604,1,10803,1,92,93,98
"4638",5620,1,8171,1,93,94,100
"4639",5677,1,6758,1,95,96,100
"4640",5836,1,4396,1,93,96,102
"4641",6052,1,14442,1,91,92,98
"4642",6276,1,14030,1,88,90,98
"4643",6301,1,14522,1,92,94,100
"4644",6306,1,4120,1,90,92,99
"4645",6309,1,8947,1,91,93,98
"4646",6326,1,6276,1,92,95,100
"4647",6479,1,5121,1,93,94,100
"4648",6634,1,8894,1,94,95,99
"4649",6755,1,13733,1,95,96,101
"4650",6774,1,10022,1,93,94,101
"4651",6809,1,6479,1,95,96,100
"4652",6856,1,11862,1,95,96,100
"4653",6893,1,14787,1,90,92,97
"4654",6978,1,6276,1,91,94,98
"4655",7201,1,13434,1,90,93,98
"4656",7259,1,12491,1,91,95,99
"4657",7368,1,12552,1,91,94,100
"4658",7377,1,9348,1,90,91,97
"4659",7716,1,5121,1,93,96,101
"4660",8152,1,12427,1,94,95,100
"4661",8217,1,2516,1,92,93,100
"4662",8291,1,1527,1,93,94,99
"4663",8478,1,14233,1,85,88,97
"4664",8528,1,11867,1,88,92,97
"4665",8547,1,560,1,90,93,100
"4666",8798,1,11915,1,88,92,97
"4667",8819,1,9926,1,93,95,98
"4668",8851,1,1772,1,95,96,103
"4669",8887,1,6774,1,95,96,102
"4670",8942,1,2287,1,93,95,100
"4671",8965,1,10206,1,90,91,98
"4672",9088,1,5011,1,93,95,100
"4673",9127,1,6194,1,90,92,97
"4674",9271,1,4700,1,93,96,100
"4675",9376,1,5535,1,94,95,100
"4676",9385,1,6365,1,92,93,98
"4677",9388,1,14693,1,91,93,97
"4678",9467,1,3295,1,89,90,97
"4679",9485,1,5171,1,92,94,99
"4680",9691,1,12878,1,94,96,102
"4681",9927,1,9174,1,90,94,99
"4682",10343,1,12956,1,89,91,97
"4683",10587,1,8927,1,94,96,101
"4684",10625,1,5989,1,91,94,99
"4685",10779,1,2199,1,91,92,97
"4686",10861,1,8528,1,93,96,100
"4687",10989,1,8694,1,94,95,101
"4688",11057,1,7022,1,93,95,99
"4689",11099,1,8476,1,93,94,99
"4690",11123,1,9258,1,91,93,99
"4691",11129,1,11151,1,94,96,103
"4692",11212,1,14431,1,90,92,98
"4693",11241,1,10591,1,91,93,101
"4694",11314,1,13807,1,95,96,100
"4695",11406,1,7089,1,93,95,100
"4696",11442,1,12491,1,91,93,98
"4697",11517,1,2528,1,94,96,102
"4698",11619,1,411,1,94,95,99
"4699",11660,1,1336,1,93,95,101
"4700",11686,1,559,1,94,96,100
"4701",11697,1,6276,1,91,93,101
"4702",11769,1,7142,1,91,93,97
"4703",11866,1,14011,1,91,93,97
"4704",12111,1,7075,1,92,94,98
"4705",12219,1,6874,1,90,93,97
"4706",12368,1,5664,1,91,93,99
"4707",12444,1,2946,1,91,94,98
"4708",12604,1,1575,1,93,94,99
"4709",12628,1,14080,1,91,94,99
"4710",12996,1,11521,1,93,96,101
"4711",13005,1,6319,1,89,91,97
"4712",13020,1,12900,1,91,94,100
"4713",13411,1,14330,1,92,94,99
"4714",13604,1,3385,1,91,94,99
"4715",13626,1,2906,1,90,92,98
"4716",13733,1,360,1,92,94,100
"4717",13828,1,1661,1,93,94,99
"4718",13871,1,8860,1,92,93,98
"4719",13976,1,12883,1,93,95,100
"4720",14054,1,11395,1,91,92,98
"4721",14079,1,10178,1,92,93,98
"4722",14103,1,12741,1,92,95,101
"4723",14179,1,9498,1,89,92,98
"4724",14228,1,5210,1,92,93,100
"4725",14281,1,6301,1,95,96,100
"4726",14336,1,14618,1,91,92,97
"4727",14351,1,5993,1,89,91,97
"4728",14490,1,12236,1,91,95,100
"4729",14617,1,10291,1,95,96,103
"4730",14726,1,2550,1,90,92,99
"4731",14736,1,1907,1,93,96,102
"4732",14805,1,12243,1,92,95,99
"4733",8,1,6022,1,94,95,102
"4734",123,1,12487,1,95,97,102
"4735",165,1,3264,1,92,94,99
"4736",253,1,517,1,92,94,100
"4737",303,1,13012,1,93,95,100
"4738",358,1,9258,1,91,93,99
"4739",547,1,5598,1,95,96,101
"4740",823,1,10496,1,94,95,100
"4741",949,1,2501,1,91,93,98
"4742",1122,1,10388,1,96,97,104
"4743",1184,1,9498,1,90,91,100
"4744",1207,1,4700,1,93,95,102
"4745",1592,1,4676,1,94,95,101
"4746",1636,1,5046,1,93,94,100
"4747",1696,1,3518,1,95,97,102
"4748",1740,1,9428,1,91,93,98
"4749",1768,1,12883,1,94,95,99
"4750",1963,1,3672,1,93,95,98
"4751",2001,1,11881,1,93,94,102
"4752",2040,1,7201,1,96,97,102
"4753",2126,1,8843,1,94,96,101
"4754",2134,1,12803,1,90,93,98
"4755",2150,1,8389,1,96,97,102
"4756",2356,1,8694,1,93,96,103
"4757",2503,1,14017,1,90,94,99
"4758",2608,1,3704,1,94,96,100
"4759",2635,1,7933,1,92,95,100
"4760",2686,1,401,1,94,95,100
"4761",2801,1,5100,1,95,97,102
"4762",2848,1,14225,1,90,92,98
"4763",3074,1,8472,1,92,95,100
"4764",3228,1,10846,1,91,93,99
"4765",3271,1,14124,1,92,95,101
"4766",3317,1,3753,1,94,95,101
"4767",3463,1,3957,1,90,93,98
"4768",3649,1,2240,1,94,96,102
"4769",3704,1,14230,1,90,93,99
"4770",3708,1,4750,1,95,97,102
"4771",3811,1,9505,1,91,93,98
"4772",3850,1,6447,1,93,95,99
"4773",3969,1,5641,1,92,95,100
"4774",4057,1,10254,1,93,97,102
"4775",4067,1,1267,1,91,92,99
"4776",4184,1,3719,1,93,94,99
"4777",4283,1,13807,1,94,96,102
"4778",4396,1,10938,1,89,92,98
"4779",4462,1,13135,1,96,97,102
"4780",4527,1,7338,1,94,96,103
"4781",4538,1,14387,1,95,97,102
"4782",4610,1,4581,1,95,97,102
"4783",4628,1,5899,1,95,97,104
"4784",4660,1,2240,1,95,96,103
"4785",4686,1,11100,1,93,96,101
"4786",5577,1,13753,1,93,95,99
"4787",5756,1,2848,1,94,95,99
"4788",5787,1,8894,1,92,94,99
"4789",5798,1,424,1,93,95,101
"4790",5901,1,13955,1,90,92,98
"4791",6685,1,560,1,90,94,100
"4792",6758,1,7750,1,90,92,98
"4793",7137,1,7090,1,93,96,101
"4794",7183,1,7436,1,93,95,99
"4795",7316,1,12505,1,91,94,98
"4796",7489,1,5664,1,94,95,102
"4797",7687,1,5086,1,94,96,101
"4798",7839,1,14777,1,91,95,100
"4799",7862,1,12795,1,90,93,98
"4800",8282,1,1380,1,93,95,99
"4801",8411,1,4270,1,92,94,99
"4802",8414,1,4677,1,91,93,99
"4803",8800,1,10263,1,96,97,101
"4804",8815,1,10894,1,92,94,98
"4805",9084,1,7924,1,93,95,100
"4806",9114,1,1493,1,92,96,102
"4807",9353,1,11820,1,91,93,99
"4808",9504,1,2882,1,94,96,101
"4809",9539,1,3068,1,95,96,102
"4810",9545,1,4681,1,90,94,100
"4811",9576,1,1284,1,89,92,98
"4812",9659,1,5698,1,91,92,99
"4813",9661,1,7049,1,93,95,101
"4814",9712,1,1500,1,91,93,99
"4815",9850,1,13376,1,89,93,99
"4816",9926,1,14224,1,91,93,98
"4817",10046,1,3089,1,92,94,99
"4818",10068,1,10254,1,91,95,101
"4819",10152,1,1622,1,91,93,98
"4820",10263,1,4665,1,93,95,100
"4821",10326,1,10862,1,92,95,100
"4822",10453,1,6819,1,92,93,98
"4823",10705,1,13162,1,92,94,98
"4824",10731,1,8114,1,92,93,99
"4825",10894,1,6930,1,90,92,98
"4826",11004,1,4196,1,95,97,103
"4827",11046,1,4076,1,92,93,98
"4828",11071,1,969,1,95,96,101
"4829",11128,1,13841,1,93,95,99
"4830",11173,1,5527,1,95,96,102
"4831",11376,1,13162,1,91,93,100
"4832",11499,1,10326,1,96,97,101
"4833",11503,1,1283,1,93,94,100
"4834",11746,1,10779,1,93,95,102
"4835",11860,1,14249,1,91,92,100
"4836",11880,1,9370,1,91,92,99
"4837",12158,1,14777,1,89,91,98
"4838",12284,1,9295,1,91,94,102
"4839",12375,1,2869,1,93,94,100
"4840",12427,1,1026,1,91,93,98
"4841",12548,1,6768,1,90,95,100
"4842",12815,1,8784,1,95,96,101
"4843",12850,1,4415,1,92,96,101
"4844",12937,1,12241,1,92,95,99
"4845",13012,1,2224,1,90,93,98
"4846",13073,1,12444,1,95,97,106
"4847",13503,1,1837,1,92,95,101
"4848",13547,1,2885,1,91,94,100
"4849",13747,1,11814,1,91,93,99
"4850",13807,1,1020,1,92,93,99
"4851",13916,1,1772,1,94,97,103
"4852",13971,1,4700,1,93,95,99
"4853",14031,1,7363,1,94,96,103
"4854",14264,1,9384,1,91,93,100
"4855",14387,1,11820,1,92,94,100
"4856",14412,1,7022,1,93,95,100
"4857",14421,1,13344,1,90,92,98
"4858",14471,1,10188,1,93,96,102
"4859",14586,1,3231,1,90,92,98
"4860",14678,1,2679,1,93,94,101
"4861",14690,1,4724,1,95,97,101
"4862",14692,1,1811,1,94,96,104
"4863",14796,1,2721,1,89,91,99
"4864",14797,1,9010,1,92,93,98
"4865",93,1,209,1,96,97,101
"4866",219,1,4935,1,90,92,99
"4867",305,1,14224,1,93,95,99
"4868",398,1,6194,1,94,95,100
"4869",404,1,8472,1,92,94,100
"4870",538,1,8503,1,90,92,99
"4871",803,1,3271,1,96,97,102
"4872",1058,1,9873,1,92,96,103
"4873",1519,1,2998,1,92,94,99
"4874",1564,1,10235,1,96,97,101
"4875",1570,1,8858,1,92,94,101
"4876",1587,1,14736,1,96,98,105
"4877",1627,1,11697,1,94,96,101
"4878",1758,1,9946,1,97,98,102
"4879",1776,1,13456,1,93,94,99
"4880",1886,1,8894,1,92,96,101
"4881",2162,1,984,1,93,94,100
"4882",2179,1,994,1,94,95,99
"4883",2322,1,6022,1,94,96,101
"4884",2585,1,8403,1,97,98,108
"4885",2784,1,5856,1,96,97,101
"4886",2902,1,12766,1,96,97,102
"4887",3224,1,14824,1,96,98,104
"4888",3414,1,3089,1,92,94,100
"4889",3631,1,10496,1,93,96,102
"4890",3659,1,2621,1,92,94,100
"4891",3688,1,13871,1,94,97,101
"4892",3711,1,11446,1,97,98,102
"4893",3719,1,3346,1,91,92,99
"4894",3999,1,10244,1,96,97,103
"4895",4039,1,10254,1,92,95,99
"4896",4045,1,9919,1,92,94,99
"4897",4150,1,2501,1,92,93,99
"4898",4156,1,9599,1,90,93,99
"4899",4168,1,8564,1,93,94,101
"4900",4233,1,3219,1,94,95,99
"4901",4306,1,8472,1,93,94,101
"4902",4322,1,12922,1,94,98,103
"4903",4390,1,6590,1,91,93,100
"4904",4392,1,14079,1,94,96,101
"4905",4449,1,3779,1,93,95,100
"4906",4519,1,829,1,90,92,100
"4907",4542,1,1635,1,95,97,103
"4908",4603,1,5604,1,96,98,103
"4909",4657,1,10005,1,94,95,99
"4910",4678,1,1984,1,97,98,102
"4911",4684,1,2299,1,94,95,101
"4912",4733,1,1315,1,92,95,101
"4913",5092,1,1070,1,93,94,99
"4914",5391,1,949,1,94,95,99
"4915",5392,1,10737,1,96,98,105
"4916",5598,1,14330,1,90,93,100
"4917",5653,1,2348,1,95,98,101
"4918",5780,1,5591,1,90,93,100
"4919",5830,1,3198,1,90,93,99
"4920",5885,1,12206,1,94,97,103
"4921",5893,1,7089,1,91,93,100
"4922",6022,1,3308,1,92,93,99
"4923",6105,1,14786,1,96,98,105
"4924",6307,1,9376,1,96,98,104
"4925",6478,1,10319,1,96,97,100
"4926",6503,1,5964,1,93,94,100
"4927",6517,1,1575,1,95,97,101
"4928",6576,1,7386,1,91,93,99
"4929",6587,1,2439,1,95,97,104
"4930",6698,1,5787,1,95,98,104
"4931",6762,1,13886,1,93,96,103
"4932",6773,1,2044,1,91,93,99
"4933",6906,1,2876,1,92,93,99
"4934",6952,1,12111,1,95,96,101
"4935",7071,1,6758,1,93,95,100
"4936",7178,1,7638,1,93,95,99
"4937",7238,1,954,1,91,94,99
"4938",7398,1,8560,1,92,94,101
"4939",7471,1,14264,1,94,96,102
"4940",7554,1,1912,1,95,96,102
"4941",7590,1,1504,1,97,98,102
"4942",7708,1,9370,1,92,94,99
"4943",7858,1,11406,1,97,98,104
"4944",7927,1,8090,1,90,93,101
"4945",7950,1,4076,1,93,96,102
"4946",8060,1,11566,1,92,94,101
"4947",8156,1,12922,1,94,96,102
"4948",8235,1,2348,1,95,96,101
"4949",8305,1,10343,1,93,96,100
"4950",8403,1,6906,1,94,95,101
"4951",8404,1,3547,1,96,98,105
"4952",8607,1,424,1,94,96,99
"4953",8678,1,13411,1,96,97,102
"4954",8710,1,6738,1,92,97,105
"4955",8794,1,5577,1,97,98,104
"4956",8917,1,313,1,94,96,101
"4957",8966,1,7862,1,94,96,101
"4958",8967,1,7329,1,94,96,102
"4959",9045,1,1912,1,96,97,100
"4960",9297,1,6502,1,92,95,100
"4961",9424,1,7638,1,92,95,99
"4962",9441,1,6857,1,93,95,101
"4963",9525,1,209,1,95,97,101
"4964",9564,1,1632,1,92,93,99
"4965",9696,1,2084,1,89,92,99
"4966",9697,1,6502,1,92,94,99
"4967",9717,1,12418,1,96,98,105
"4968",9892,1,2848,1,94,97,101
"4969",9943,1,8144,1,97,98,105
"4970",9946,1,14797,1,94,96,101
"4971",10000,1,12867,1,92,94,99
"4972",10235,1,11647,1,92,95,99
"4973",10291,1,8858,1,92,94,99
"4974",10312,1,14224,1,93,95,101
"4975",10388,1,11321,1,92,95,100
"4976",10737,1,6435,1,91,94,99
"4977",11010,1,12090,1,93,95,102
"4978",11067,1,13735,1,93,95,100
"4979",11229,1,10306,1,91,93,100
"4980",11320,1,4577,1,92,95,100
"4981",11634,1,3046,1,93,96,102
"4982",12007,1,1575,1,95,96,100
"4983",12103,1,2505,1,95,97,101
"4984",12177,1,13886,1,93,96,101
"4985",12221,1,209,1,95,97,104
"4986",12664,1,1619,1,92,94,99
"4987",12695,1,5756,1,95,98,103
"4988",12704,1,13462,1,95,96,102
"4989",12759,1,11647,1,90,93,100
"4990",12807,1,8706,1,97,98,102
"4991",13064,1,9014,1,96,97,102
"4992",13164,1,5171,1,92,94,99
"4993",13169,1,1070,1,93,96,101
"4994",13529,1,3090,1,91,93,99
"4995",13637,1,13511,1,96,98,102
"4996",13776,1,13005,1,94,96,100
"4997",13850,1,9659,1,95,97,104
"4998",13966,1,10989,1,96,97,104
"4999",14006,1,12781,1,94,96,101
"5000",14271,1,12883,1,94,95,102
"5001",14350,1,7311,1,91,93,99
"5002",14451,1,13733,1,95,97,101
"5003",14568,1,7786,1,94,95,102
"5004",14804,1,2370,1,94,96,99
"5005",215,1,2605,1,94,97,104
"5006",263,1,5311,1,94,96,101
"5007",361,1,8887,1,97,99,104
"5008",669,1,6738,1,93,97,101
"5009",724,1,1537,1,93,96,102
"5010",797,1,13604,1,95,97,102
"5011",836,1,12759,1,94,96,102
"5012",854,1,14690,1,98,99,104
"5013",883,1,3571,1,98,99,105
"5014",903,1,7714,1,93,95,101
"5015",1161,1,1636,1,94,95,100
"5016",1575,1,3059,1,90,93,100
"5017",1978,1,10291,1,95,97,103
"5018",2013,1,2869,1,92,94,100
"5019",2449,1,9501,1,93,94,101
"5020",2505,1,4503,1,92,94,100
"5021",2571,1,2356,1,97,98,105
"5022",2651,1,14489,1,89,93,100
"5023",2887,1,13558,1,95,97,101
"5024",3171,1,8262,1,94,96,101
"5025",3209,1,7075,1,93,95,100
"5026",3321,1,404,1,96,98,106
"5027",3327,1,4344,1,96,98,103
"5028",3377,1,1288,1,97,98,103
"5029",3387,1,2605,1,93,96,102
"5030",3494,1,3209,1,96,99,104
"5031",3536,1,13005,1,93,94,100
"5032",3571,1,2240,1,95,97,104
"5033",3590,1,3672,1,93,95,101
"5034",3844,1,5830,1,96,98,104
"5035",3939,1,6479,1,96,98,106
"5036",4198,1,14789,1,95,97,103
"5037",4291,1,9376,1,97,98,101
"5038",4344,1,13753,1,94,95,101
"5039",4394,1,9014,1,98,99,107
"5040",4403,1,8819,1,97,99,104
"5041",4621,1,14678,1,95,97,103
"5042",4693,1,10041,1,93,96,100
"5043",4699,1,4168,1,95,96,104
"5044",4724,1,10319,1,93,94,100
"5045",4826,1,2008,1,96,97,102
"5046",4838,1,12251,1,97,99,105
"5047",4959,1,903,1,96,98,103
"5048",5251,1,1305,1,89,93,100
"5049",5326,1,2204,1,95,96,102
"5050",5416,1,8308,1,92,94,100
"5051",5529,1,6012,1,98,99,104
"5052",5712,1,6064,1,93,94,100
"5053",5751,1,7201,1,95,96,101
"5054",6027,1,10918,1,93,95,101
"5055",6032,1,8564,1,94,95,102
"5056",6167,1,12759,1,94,97,103
"5057",6252,1,4430,1,94,95,101
"5058",6273,1,9441,1,95,97,102
"5059",6352,1,12387,1,95,98,101
"5060",6375,1,13776,1,97,99,104
"5061",6619,1,4067,1,93,95,100
"5062",6867,1,14264,1,93,95,100
"5063",7284,1,11063,1,92,95,100
"5064",7359,1,8784,1,95,96,100
"5065",7387,1,9360,1,94,97,101
"5066",7465,1,848,1,97,98,104
"5067",7547,1,1963,1,96,97,103
"5068",7555,1,1287,1,93,96,101
"5069",7630,1,14195,1,98,99,103
"5070",7654,1,14514,1,96,97,101
"5071",7662,1,12912,1,92,94,101
"5072",7673,1,1154,1,93,95,101
"5073",7678,1,313,1,94,96,101
"5074",7768,1,7572,1,95,97,102
"5075",7943,1,12090,1,93,95,103
"5076",8076,1,11128,1,96,98,103
"5077",8132,1,14522,1,93,95,100
"5078",8216,1,14124,1,92,94,100
"5079",8271,1,13164,1,95,97,101
"5080",8389,1,3068,1,93,95,101
"5081",8533,1,8304,1,94,96,103
"5082",8644,1,10000,1,97,98,103
"5083",8797,1,4222,1,96,99,106
"5084",8838,1,5166,1,95,99,104
"5085",8882,1,6975,1,97,98,103
"5086",9014,1,2384,1,94,96,103
"5087",9465,1,6576,1,94,96,100
"5088",9550,1,5744,1,93,96,101
"5089",9699,1,5598,1,94,97,101
"5090",9736,1,4387,1,97,99,104
"5091",9932,1,2162,1,95,96,100
"5092",9941,1,14567,1,94,96,101
"5093",10062,1,2054,1,96,98,102
"5094",10140,1,265,1,96,98,105
"5095",10384,1,6479,1,95,97,102
"5096",10581,1,10235,1,96,97,102
"5097",10596,1,3852,1,90,92,100
"5098",10636,1,1535,1,98,99,105
"5099",10773,1,5492,1,97,99,103
"5100",10939,1,2378,1,93,95,100
"5101",11039,1,5251,1,94,95,101
"5102",11446,1,6979,1,95,96,101
"5103",11532,1,12284,1,94,96,100
"5104",11683,1,4491,1,95,97,103
"5105",11689,1,5011,1,94,95,100
"5106",11834,1,2848,1,93,96,101
"5107",11921,1,424,1,93,96,102
"5108",12009,1,12628,1,96,97,103
"5109",12206,1,2044,1,93,94,102
"5110",12303,1,3897,1,94,97,101
"5111",12377,1,10355,1,94,96,101
"5112",12587,1,4156,1,94,96,102
"5113",12613,1,11442,1,94,97,101
"5114",12753,1,7338,1,95,96,102
"5115",13250,1,4857,1,94,96,100
"5116",13314,1,14568,1,96,98,103
"5117",13355,1,12177,1,97,99,103
"5118",13389,1,8966,1,96,97,102
"5119",13470,1,691,1,96,98,102
"5120",13564,1,893,1,97,98,101
"5121",13568,1,2613,1,95,96,102
"5122",14118,1,10312,1,95,97,101
"5123",14141,1,165,1,95,96,100
"5124",14157,1,11619,1,96,98,104
"5125",14201,1,9255,1,97,99,106
"5126",14235,1,2299,1,94,96,101
"5127",14268,1,12345,1,96,99,103
"5128",14286,1,12284,1,95,98,103
"5129",14531,1,6306,1,93,95,100
"5130",14709,1,404,1,95,97,103
"5131",14721,1,9386,1,96,97,102
"5132",14786,1,14339,1,93,95,100
"5133",51,1,6027,1,98,100,106
"5134",196,1,4398,1,97,99,104
"5135",451,1,10658,1,95,98,102
"5136",489,1,1154,1,93,98,102
"5137",557,1,10388,1,96,98,104
"5138",1095,1,11314,1,97,99,103
"5139",1288,1,4076,1,93,96,102
"5140",1401,1,3560,1,97,98,103
"5141",1484,1,11089,1,93,96,101
"5142",1512,1,7284,1,96,98,105
"5143",1635,1,12295,1,92,95,101
"5144",1652,1,11442,1,95,97,103
"5145",1824,1,2613,1,94,99,103
"5146",1866,1,11089,1,96,100,104
"5147",1870,1,10235,1,96,98,105
"5148",2379,1,6905,1,98,99,104
"5149",2488,1,5744,1,94,97,103
"5150",2567,1,7201,1,95,96,101
"5151",2744,1,1111,1,97,99,106
"5152",2817,1,14826,1,97,99,104
"5153",2852,1,10452,1,98,99,104
"5154",3017,1,8858,1,94,96,103
"5155",3217,1,3509,1,97,99,104
"5156",3218,1,3753,1,94,97,101
"5157",3275,1,4390,1,96,98,103
"5158",3353,1,13231,1,95,96,101
"5159",3363,1,4527,1,98,99,106
"5160",3451,1,4334,1,94,97,103
"5161",3473,1,11834,1,97,99,106
"5162",3521,1,969,1,95,98,101
"5163",3560,1,11099,1,95,96,102
"5164",3603,1,3275,1,99,100,105
"5165",3785,1,8529,1,98,100,105
"5166",3792,1,1800,1,96,97,102
"5167",3874,1,14031,1,98,100,105
"5168",3954,1,13456,1,94,96,101
"5169",4207,1,1652,1,99,100,104
"5170",4212,1,5743,1,95,96,102
"5171",4309,1,4796,1,97,99,103
"5172",4391,1,12587,1,98,100,105
"5173",4496,1,5086,1,94,97,102
"5174",4796,1,411,1,94,95,102
"5175",4869,1,6990,1,91,94,101
"5176",4981,1,7183,1,96,97,104
"5177",5157,1,2891,1,98,99,103
"5178",5355,1,12882,1,98,100,104
"5179",5444,1,11692,1,99,100,107
"5180",5503,1,3226,1,97,100,105
"5181",5651,1,6774,1,95,97,103
"5182",5689,1,11290,1,93,96,101
"5183",5892,1,9528,1,95,97,102
"5184",6012,1,8564,1,96,98,105
"5185",6122,1,1519,1,95,100,106
"5186",6228,1,7708,1,95,97,101
"5187",6236,1,3377,1,99,100,104
"5188",6360,1,8575,1,97,98,102
"5189",6975,1,8560,1,94,96,101
"5190",7208,1,4533,1,96,97,103
"5191",7231,1,14801,1,97,99,104
"5192",7277,1,13966,1,98,100,105
"5193",7371,1,11880,1,95,96,101
"5194",7504,1,10152,1,95,97,103
"5195",7774,1,3969,1,97,99,104
"5196",7926,1,123,1,98,100,103
"5197",8026,1,12944,1,95,97,103
"5198",8039,1,265,1,94,97,103
"5199",8074,1,4462,1,98,100,106
"5200",8246,1,3659,1,96,99,104
"5201",8524,1,13526,1,96,98,103
"5202",8575,1,457,1,94,96,103
"5203",8872,1,4039,1,96,100,104
"5204",8910,1,4184,1,95,97,104
"5205",9103,1,165,1,96,98,104
"5206",9284,1,1963,1,96,98,104
"5207",9319,1,13547,1,95,96,101
"5208",9345,1,11834,1,97,99,104
"5209",9386,1,5686,1,94,96,101
"5210",9689,1,10235,1,97,98,103
"5211",9794,1,5272,1,92,96,102
"5212",10132,1,6755,1,97,99,105
"5213",10173,1,6702,1,94,95,101
"5214",10236,1,4168,1,96,99,104
"5215",10317,1,3300,1,92,95,101
"5216",10435,1,13511,1,95,98,102
"5217",10452,1,12628,1,95,97,102
"5218",10686,1,9465,1,98,99,102
"5219",10956,1,11314,1,97,99,105
"5220",10986,1,1886,1,97,100,106
"5221",11024,1,6907,1,95,97,103
"5222",11117,1,10343,1,92,94,101
"5223",11378,1,5405,1,96,98,103
"5224",11411,1,2503,1,95,97,102
"5225",11615,1,9386,1,97,98,103
"5226",11651,1,577,1,97,99,105
"5227",11692,1,10244,1,96,98,104
"5228",11845,1,12925,1,95,98,104
"5229",11877,1,3518,1,95,97,101
"5230",11941,1,7638,1,92,95,101
"5231",12102,1,4045,1,96,97,103
"5232",12231,1,1219,1,90,94,101
"5233",12266,1,9927,1,95,96,101
"5234",12337,1,4684,1,97,98,102
"5235",12350,1,411,1,96,97,101
"5236",12405,1,11117,1,95,96,103
"5237",12431,1,7075,1,95,97,105
"5238",12773,1,11497,1,94,96,102
"5239",12822,1,10140,1,99,100,105
"5240",12995,1,1912,1,95,96,102
"5241",13078,1,12337,1,99,100,104
"5242",13090,1,9180,1,95,98,105
"5243",13128,1,14490,1,96,99,104
"5244",13135,1,9696,1,93,95,101
"5245",13383,1,1519,1,95,97,103
"5246",13485,1,6660,1,95,97,102
"5247",13558,1,3253,1,90,94,101
"5248",13562,1,9564,1,94,95,102
"5249",13644,1,3164,1,99,100,103
"5250",13742,1,4430,1,97,99,104
"5251",13835,1,5732,1,96,97,102
"5252",13987,1,14403,1,97,100,104
"5253",14195,1,12231,1,94,97,101
"5254",14299,1,5061,1,96,99,104
"5255",14331,1,4090,1,98,100,106
"5256",14371,1,2686,1,97,99,103
"5257",14602,1,5732,1,94,97,101
"5258",14737,1,8304,1,95,97,101
"5259",110,1,11021,1,99,101,105
"5260",144,1,6326,1,96,98,103
"5261",179,1,11290,1,94,96,102
"5262",222,1,1506,1,98,100,105
"5263",471,1,5787,1,96,97,102
"5264",761,1,1288,1,96,98,104
"5265",1019,1,854,1,99,101,104
"5266",1177,1,7387,1,98,100,104
"5267",1291,1,7714,1,96,97,102
"5268",1393,1,2371,1,95,96,102
"5269",1504,1,4306,1,94,96,102
"5270",1506,1,13818,1,97,98,103
"5271",1508,1,2608,1,97,100,105
"5272",1521,1,9441,1,96,98,103
"5273",1641,1,4693,1,96,98,104
"5274",1924,1,6755,1,96,99,104
"5275",2250,1,7465,1,98,100,106
"5276",2253,1,7554,1,98,100,105
"5277",2479,1,14502,1,97,100,103
"5278",2693,1,7053,1,98,100,105
"5279",2788,1,7796,1,93,96,102
"5280",2792,1,7862,1,95,96,103
"5281",2812,1,9045,1,98,100,106
"5282",2891,1,10005,1,94,97,104
"5283",3164,1,1519,1,96,97,103
"5284",3509,1,5006,1,94,96,104
"5285",3532,1,3074,1,96,97,103
"5286",3621,1,10989,1,97,101,106
"5287",3706,1,11067,1,97,98,103
"5288",3790,1,10596,1,93,96,102
"5289",3836,1,2608,1,96,100,103
"5290",3845,1,10384,1,98,99,105
"5291",3872,1,8646,1,99,101,107
"5292",3953,1,3514,1,100,101,106
"5293",4162,1,4854,1,99,100,105
"5294",4194,1,13850,1,98,99,102
"5295",4420,1,1984,1,97,99,104
"5296",4460,1,2801,1,98,101,105
"5297",4486,1,13252,1,93,94,102
"5298",4513,1,12303,1,99,101,108
"5299",4560,1,5332,1,94,97,102
"5300",4809,1,11615,1,99,100,104
"5301",4854,1,12131,1,95,98,103
"5302",4901,1,2322,1,97,99,107
"5303",4951,1,7071,1,96,98,104
"5304",5264,1,13491,1,99,100,107
"5305",5855,1,4699,1,97,100,104
"5306",6226,1,4564,1,98,99,105
"5307",6490,1,10263,1,97,100,106
"5308",6905,1,14709,1,97,98,103
"5309",7054,1,12925,1,97,99,104
"5310",7099,1,5689,1,96,97,102
"5311",7148,1,2053,1,94,96,102
"5312",7235,1,3340,1,99,100,106
"5313",7269,1,11063,1,93,96,102
"5314",7317,1,8481,1,100,101,109
"5315",7337,1,200,1,94,96,102
"5316",7543,1,8942,1,95,98,102
"5317",7711,1,4693,1,97,99,103
"5318",8110,1,2028,1,95,98,102
"5319",8284,1,2788,1,97,99,105
"5320",8340,1,13526,1,97,98,103
"5321",8364,1,1945,1,98,99,104
"5322",8529,1,6809,1,96,97,102
"5323",8780,1,7572,1,96,100,104
"5324",8795,1,10244,1,97,99,104
"5325",8846,1,1424,1,99,100,105
"5326",9160,1,12009,1,99,101,106
"5327",9303,1,1424,1,99,101,106
"5328",9491,1,3219,1,96,98,103
"5329",9518,1,3017,1,97,98,103
"5330",9580,1,14339,1,93,96,102
"5331",9723,1,536,1,92,95,102
"5332",9756,1,4233,1,96,98,104
"5333",9899,1,11517,1,97,99,106
"5334",10293,1,11845,1,99,101,106
"5335",10579,1,14161,1,95,97,102
"5336",10598,1,9723,1,96,99,105
"5337",10609,1,11010,1,96,97,105
"5338",10718,1,305,1,96,98,104
"5339",10743,1,8262,1,94,98,103
"5340",10789,1,1214,1,98,100,107
"5341",11144,1,165,1,97,99,104
"5342",11203,1,4503,1,93,95,103
"5343",11232,1,6437,1,96,98,103
"5344",11341,1,12548,1,97,99,105
"5345",11342,1,2295,1,98,99,102
"5346",11682,1,7555,1,97,99,104
"5347",11687,1,7572,1,96,97,103
"5348",11862,1,424,1,93,94,102
"5349",12126,1,7304,1,97,99,104
"5350",12251,1,6979,1,94,96,102
"5351",12285,1,13637,1,100,101,106
"5352",12625,1,13662,1,98,101,106
"5353",12787,1,7864,1,96,98,102
"5354",12893,1,4981,1,98,99,105
"5355",12915,1,11320,1,97,98,103
"5356",13242,1,12695,1,100,101,108
"5357",13475,1,11619,1,97,99,104
"5358",13495,1,1484,1,99,101,107
"5359",13507,1,5780,1,94,96,102
"5360",13662,1,14421,1,95,96,103
"5361",13920,1,10046,1,95,98,103
"5362",13930,1,4356,1,95,96,102
"5363",14076,1,14103,1,96,98,102
"5364",14130,1,14736,1,98,100,103
"5365",14261,1,2111,1,96,98,104
"5366",14514,1,3308,1,92,94,102
"5367",14579,1,6517,1,98,99,106
"5368",14630,1,747,1,95,96,103
"5369",14767,1,13169,1,98,99,104
"5370",14801,1,6907,1,95,96,102
"5371",70,1,7711,1,100,102,106
"5372",214,1,9689,1,99,101,107
"5373",217,1,4387,1,98,100,104
"5374",280,1,1193,1,101,102,109
"5375",529,1,7504,1,98,100,107
"5376",646,1,9661,1,96,98,103
"5377",873,1,6905,1,98,99,105
"5378",887,1,6326,1,98,99,105
"5379",1009,1,3706,1,99,101,106
"5380",1069,1,577,1,95,99,104
"5381",1139,1,8,1,96,98,104
"5382",1214,1,2449,1,95,97,104
"5383",1292,1,8910,1,99,101,106
"5384",1368,1,4392,1,97,98,104
"5385",1429,1,2812,1,101,102,107
"5386",1449,1,6698,1,100,101,108
"5387",1497,1,1207,1,95,97,103
"5388",1760,1,3571,1,98,100,106
"5389",1771,1,1963,1,96,100,104
"5390",1810,1,5332,1,96,98,104
"5391",1833,1,13966,1,98,101,105
"5392",1838,1,5798,1,95,98,103
"5393",1945,1,12418,1,95,97,104
"5394",2021,1,12787,1,99,101,104
"5395",2100,1,6907,1,97,98,103
"5396",2365,1,7387,1,99,102,108
"5397",2426,1,4660,1,97,99,104
"5398",2580,1,12850,1,99,101,105
"5399",2586,1,10718,1,99,102,106
"5400",2592,1,11314,1,97,98,104
"5401",2610,1,7926,1,101,102,107
"5402",2654,1,2788,1,97,100,105
"5403",2759,1,14281,1,98,100,106
"5404",2813,1,14602,1,99,102,107
"5405",3057,1,9717,1,99,100,105
"5406",3180,1,6755,1,97,99,103
"5407",3225,1,5653,1,100,102,108
"5408",3307,1,7387,1,99,100,105
"5409",3340,1,10609,1,98,99,104
"5410",3373,1,4542,1,98,100,106
"5411",3504,1,11100,1,93,97,104
"5412",3684,1,10508,1,95,97,103
"5413",3801,1,215,1,98,100,104
"5414",3863,1,797,1,100,102,107
"5415",4082,1,14451,1,98,100,106
"5416",4090,1,2162,1,95,97,103
"5417",4310,1,9525,1,98,99,104
"5418",4312,1,14737,1,99,102,108
"5419",4429,1,4496,1,98,100,104
"5420",4666,1,11071,1,97,98,104
"5421",4972,1,9943,1,99,101,106
"5422",5004,1,3218,1,98,100,105
"5423",5091,1,1800,1,97,99,105
"5424",5201,1,4090,1,98,100,107
"5425",5235,1,1521,1,99,101,107
"5426",5356,1,8797,1,101,102,107
"5427",5385,1,11697,1,95,99,104
"5428",5500,1,4322,1,100,102,107
"5429",5585,1,12066,1,101,102,108
"5430",5738,1,14130,1,101,102,107
"5431",6121,1,11686,1,97,98,105
"5432",6203,1,12533,1,100,101,106
"5433",6422,1,12787,1,98,101,107
"5434",6580,1,8942,1,96,99,103
"5435",6581,1,4387,1,98,100,105
"5436",6593,1,12664,1,96,99,105
"5437",6715,1,545,1,96,98,104
"5438",6736,1,761,1,99,100,105
"5439",7184,1,4527,1,98,100,106
"5440",7187,1,557,1,99,101,107
"5441",7253,1,3706,1,98,99,104
"5442",7297,1,12561,1,96,101,104
"5443",7304,1,6819,1,93,96,103
"5444",7336,1,12147,1,101,102,106
"5445",7355,1,9288,1,99,101,107
"5446",7376,1,6478,1,97,98,104
"5447",7738,1,11503,1,98,100,108
"5448",7938,1,4194,1,100,101,105
"5449",7949,1,643,1,96,99,104
"5450",7984,1,14602,1,98,100,105
"5451",8003,1,5104,1,100,101,105
"5452",8098,1,7471,1,97,100,106
"5453",8177,1,9388,1,95,99,105
"5454",8210,1,4527,1,96,98,104
"5455",8298,1,3161,1,101,102,107
"5456",8343,1,1380,1,92,97,104
"5457",8360,1,1095,1,100,102,108
"5458",8421,1,6685,1,98,100,106
"5459",8481,1,9255,1,97,98,104
"5460",8647,1,11692,1,100,101,106
"5461",8771,1,305,1,97,99,103
"5462",8865,1,3463,1,95,97,104
"5463",9028,1,7071,1,98,100,106
"5464",9037,1,13835,1,98,99,103
"5465",9102,1,6702,1,97,99,105
"5466",9234,1,4699,1,97,99,104
"5467",9288,1,11866,1,94,98,103
"5468",9549,1,1963,1,97,99,105
"5469",9750,1,8284,1,100,101,107
"5470",9778,1,6012,1,99,101,107
"5471",9804,1,6762,1,97,99,104
"5472",10143,1,11173,1,97,99,104
"5473",10339,1,643,1,96,98,103
"5474",10364,1,13976,1,97,100,106
"5475",10500,1,1575,1,95,99,104
"5476",10590,1,14235,1,98,100,105
"5477",10694,1,1696,1,98,99,106
"5478",11021,1,13828,1,97,98,104
"5479",11028,1,650,1,95,97,104
"5480",11109,1,11692,1,99,100,107
"5481",11120,1,303,1,98,100,105
"5482",11550,1,8678,1,97,99,107
"5483",11569,1,5405,1,97,100,105
"5484",11585,1,3373,1,100,101,108
"5485",11622,1,13083,1,100,101,106
"5486",11642,1,13818,1,96,97,103
"5487",11767,1,4322,1,100,102,106
"5488",12045,1,12604,1,96,99,105
"5489",12053,1,8872,1,101,102,107
"5490",12066,1,4826,1,98,100,103
"5491",12069,1,1139,1,99,100,106
"5492",12147,1,14451,1,99,100,105
"5493",12199,1,12303,1,100,101,107
"5494",12205,1,4666,1,99,100,105
"5495",12278,1,10388,1,96,97,103
"5496",12468,1,10244,1,97,100,105
"5497",12630,1,4826,1,98,100,105
"5498",12649,1,1838,1,100,102,106
"5499",12882,1,9424,1,95,97,103
"5500",12892,1,11028,1,97,99,104
"5501",13003,1,13835,1,100,102,106
"5502",13264,1,10579,1,97,99,105
"5503",13342,1,11039,1,95,98,104
"5504",13458,1,12350,1,98,100,107
"5505",13543,1,5677,1,97,99,106
"5506",13607,1,14093,1,96,102,107
"5507",13657,1,10581,1,98,100,105
"5508",13727,1,10519,1,97,100,105
"5509",13901,1,8746,1,99,100,106
"5510",14044,1,13012,1,95,99,103
"5511",14098,1,3979,1,97,100,106
"5512",14147,1,2379,1,99,100,107
"5513",14434,1,489,1,99,101,108
"5514",14485,1,5598,1,94,96,103
"5515",318,1,2356,1,100,102,107
"5516",506,1,14326,1,102,103,108
"5517",718,1,10132,1,101,102,108
"5518",736,1,10453,1,97,98,105
"5519",766,1,13264,1,102,103,108
"5520",885,1,7711,1,101,103,108
"5521",930,1,547,1,99,102,106
"5522",973,1,11144,1,100,103,110
"5523",1147,1,11642,1,99,103,106
"5524",1217,1,7984,1,101,102,108
"5525",1424,1,3706,1,98,99,105
"5526",1509,1,7054,1,101,102,107
"5527",1723,1,12773,1,98,101,107
"5528",1770,1,5892,1,97,99,105
"5529",1789,1,12278,1,98,100,104
"5530",1790,1,12826,1,100,101,107
"5531",1849,1,9332,1,101,102,107
"5532",1855,1,9689,1,99,101,106
"5533",1880,1,3532,1,98,101,108
"5534",2025,1,14721,1,98,100,104
"5535",2493,1,3649,1,98,99,104
"5536",2500,1,13920,1,100,103,108
"5537",2905,1,14805,1,98,99,104
"5538",2941,1,1723,1,102,103,109
"5539",3514,1,11941,1,96,99,104
"5540",3576,1,11503,1,95,99,106
"5541",3637,1,9288,1,99,101,106
"5542",3745,1,11314,1,99,100,104
"5543",3812,1,10718,1,99,100,107
"5544",3846,1,10355,1,95,99,104
"5545",4177,1,5097,1,95,98,104
"5546",4178,1,4542,1,98,101,107
"5547",4303,1,1564,1,98,100,105
"5548",4326,1,2100,1,98,100,105
"5549",4428,1,11941,1,97,98,105
"5550",4473,1,14690,1,98,100,106
"5551",4791,1,12377,1,97,99,104
"5552",4808,1,10132,1,100,101,106
"5553",4851,1,11378,1,99,100,106
"5554",5003,1,13828,1,95,97,104
"5555",5104,1,5166,1,97,99,105
"5556",5334,1,10861,1,99,101,108
"5557",5493,1,2571,1,99,100,107
"5558",5551,1,7269,1,98,100,107
"5559",5850,1,9804,1,100,101,106
"5560",5891,1,3161,1,100,102,107
"5561",6123,1,7422,1,99,100,107
"5562",6347,1,4392,1,98,100,105
"5563",6391,1,5892,1,98,101,105
"5564",6444,1,10452,1,98,101,106
"5565",6748,1,2744,1,101,103,108
"5566",6818,1,11682,1,100,103,109
"5567",6826,1,9549,1,100,101,108
"5568",6982,1,10364,1,101,102,105
"5569",7069,1,2479,1,101,102,108
"5570",7265,1,14767,1,99,100,107
"5571",7356,1,8456,1,102,103,108
"5572",7379,1,11642,1,98,99,104
"5573",7381,1,11028,1,98,101,108
"5574",7799,1,14299,1,100,102,109
"5575",7826,1,6293,1,96,98,105
"5576",7920,1,12695,1,100,101,107
"5577",7930,1,1924,1,101,103,107
"5578",7955,1,10996,1,100,103,109
"5579",8024,1,1758,1,100,102,109
"5580",8183,1,13850,1,99,101,107
"5581",8363,1,12893,1,101,103,108
"5582",8409,1,14737,1,99,102,108
"5583",8450,1,3378,1,101,103,109
"5584",8629,1,12206,1,96,99,106
"5585",8646,1,5798,1,96,99,104
"5586",8775,1,3939,1,99,101,105
"5587",8868,1,823,1,96,98,104
"5588",9046,1,12102,1,98,101,106
"5589",9432,1,14268,1,100,102,106
"5590",9439,1,12009,1,98,100,104
"5591",9746,1,1868,1,101,102,108
"5592",10174,1,9689,1,100,102,107
"5593",10367,1,9960,1,102,103,109
"5594",10412,1,10388,1,96,98,104
"5595",10431,1,1504,1,98,100,105
"5596",10530,1,10452,1,98,99,104
"5597",10713,1,4854,1,99,103,108
"5598",10745,1,5885,1,98,100,105
"5599",10869,1,5405,1,97,100,105
"5600",10996,1,4283,1,98,99,105
"5601",11049,1,6437,1,94,96,104
"5602",11372,1,2379,1,100,101,105
"5603",11527,1,11682,1,100,102,107
"5604",11653,1,9691,1,100,102,107
"5605",11706,1,7337,1,97,100,105
"5606",11721,1,4666,1,99,102,108
"5607",11863,1,11120,1,101,103,109
"5608",11963,1,9465,1,97,103,108
"5609",11997,1,8746,1,99,101,105
"5610",12049,1,5836,1,98,99,105
"5611",12116,1,1139,1,99,101,106
"5612",12130,1,7368,1,95,100,106
"5613",12261,1,6236,1,100,103,108
"5614",12267,1,1356,1,92,99,107
"5615",12343,1,3939,1,99,103,108
"5616",12415,1,14331,1,101,103,109
"5617",12452,1,4090,1,98,101,106
"5618",12533,1,12377,1,98,99,105
"5619",12549,1,7673,1,96,98,104
"5620",12826,1,874,1,96,99,104
"5621",12993,1,4533,1,97,99,104
"5622",13037,1,1824,1,100,102,106
"5623",13040,1,7269,1,97,100,105
"5624",13083,1,9088,1,96,99,104
"5625",13155,1,9960,1,102,103,108
"5626",13190,1,1760,1,102,103,107
"5627",13243,1,3218,1,98,100,107
"5628",13440,1,13930,1,98,100,105
"5629",13513,1,11860,1,94,96,104
"5630",13622,1,11021,1,100,101,106
"5631",13665,1,7178,1,96,98,105
"5632",13856,1,3846,1,100,101,106
"5633",13896,1,10694,1,100,102,108
"5634",13965,1,1770,1,100,102,107
"5635",14199,1,797,1,98,99,104
"5636",14491,1,6867,1,96,99,104
"5637",14624,1,12431,1,99,103,107
"5638",14671,1,11585,1,102,103,108
"5639",181,1,10590,1,101,103,108
"5640",295,1,1564,1,98,102,107
"5641",373,1,2891,1,101,102,107
"5642",435,1,12278,1,98,103,108
"5643",505,1,1122,1,98,100,108
"5644",1034,1,7381,1,102,104,108
"5645",1463,1,144,1,100,102,106
"5646",1605,1,14767,1,101,102,108
"5647",1637,1,14261,1,99,101,106
"5648",1657,1,12007,1,97,100,107
"5649",2009,1,9234,1,102,103,108
"5650",2066,1,4396,1,96,101,108
"5651",2119,1,2154,1,101,104,108
"5652",2147,1,215,1,98,102,107
"5653",2187,1,11059,1,102,104,109
"5654",2244,1,14471,1,98,100,106
"5655",2442,1,10132,1,102,104,108
"5656",2587,1,5677,1,98,101,107
"5657",2862,1,471,1,98,100,106
"5658",3161,1,2788,1,97,99,107
"5659",3188,1,2379,1,100,102,108
"5660",3310,1,11622,1,102,103,108
"5661",3347,1,6246,1,102,104,109
"5662",3378,1,12350,1,99,101,108
"5663",3564,1,8088,1,98,101,106
"5664",3774,1,2244,1,102,104,108
"5665",3881,1,3494,1,100,102,109
"5666",4081,1,8910,1,97,99,106
"5667",4123,1,3164,1,101,104,108
"5668",4332,1,5751,1,97,101,107
"5669",4757,1,8298,1,103,104,108
"5670",5044,1,5042,1,99,101,106
"5671",5094,1,13485,1,99,102,108
"5672",5150,1,3226,1,96,98,106
"5673",5187,1,2592,1,99,104,110
"5674",5279,1,2244,1,101,103,108
"5675",5306,1,8868,1,100,102,107
"5676",5350,1,11341,1,100,102,106
"5677",5423,1,11411,1,98,101,106
"5678",5806,1,1855,1,103,104,110
"5679",5933,1,7368,1,96,99,105
"5680",6569,1,6856,1,97,102,106
"5681",6571,1,12102,1,98,100,105
"5682",6645,1,10519,1,96,98,107
"5683",6947,1,7265,1,101,102,107
"5684",6962,1,4666,1,101,103,107
"5685",7053,1,13164,1,95,97,105
"5686",7112,1,10236,1,100,101,106
"5687",7165,1,6422,1,102,104,110
"5688",7419,1,1641,1,99,100,106
"5689",7422,1,1963,1,96,98,106
"5690",7551,1,1463,1,103,104,109
"5691",7582,1,14811,1,101,102,107
"5692",7640,1,12882,1,98,99,106
"5693",7823,1,529,1,100,102,107
"5694",7988,1,7858,1,101,102,108
"5695",8002,1,6827,1,103,104,111
"5696",8154,1,10773,1,101,103,107
"5697",8258,1,6326,1,96,101,106
"5698",8281,1,12049,1,99,100,105
"5699",8456,1,13128,1,100,101,105
"5700",8683,1,7465,1,99,101,105
"5701",8746,1,7950,1,97,98,105
"5702",8835,1,10384,1,98,100,105
"5703",8989,1,14756,1,103,104,107
"5704",9061,1,3074,1,95,98,105
"5705",9332,1,7839,1,98,100,106
"5706",9546,1,144,1,98,100,106
"5707",9566,1,6698,1,99,101,108
"5708",9740,1,9491,1,99,102,106
"5709",9825,1,1641,1,100,102,107
"5710",9960,1,12405,1,98,101,107
"5711",10020,1,1506,1,99,100,108
"5712",10320,1,12266,1,98,99,106
"5713",10537,1,14147,1,103,104,111
"5714",10857,1,5539,1,101,103,110
"5715",10968,1,9550,1,100,102,107
"5716",11191,1,4473,1,103,104,112
"5717",11348,1,3373,1,103,104,108
"5718",11397,1,1824,1,100,101,107
"5719",11441,1,12431,1,99,102,108
"5720",11477,1,12787,1,100,102,109
"5721",11493,1,9525,1,98,101,105
"5722",11926,1,13342,1,99,101,108
"5723",12301,1,13662,1,97,101,106
"5724",12315,1,8882,1,99,101,108
"5725",12429,1,2449,1,96,99,105
"5726",12522,1,6645,1,99,101,107
"5727",12786,1,7630,1,100,101,107
"5728",12837,1,13507,1,99,102,106
"5729",12859,1,13440,1,102,103,108
"5730",13179,1,10500,1,101,102,107
"5731",13479,1,4655,1,101,104,108
"5732",13824,1,8382,1,102,103,108
"5733",13866,1,1945,1,98,100,105
"5734",13915,1,5798,1,98,100,106
"5735",14318,1,3473,1,100,101,107
"5736",14326,1,3999,1,100,102,108
"5737",14480,1,6273,1,98,100,108
"5738",14549,1,13040,1,102,103,110
"5739",14607,1,9288,1,100,103,110
"5740",14774,1,854,1,100,101,107
"5741",135,1,10580,1,102,104,109
"5742",252,1,2585,1,99,101,107
"5743",619,1,6736,1,101,103,108
"5744",731,1,4081,1,100,102,108
"5745",891,1,9332,1,101,103,109
"5746",1193,1,5398,1,97,100,108
"5747",1620,1,12549,1,100,102,107
"5748",1868,1,10317,1,96,99,106
"5749",1879,1,12066,1,100,102,106
"5750",1897,1,10773,1,101,103,109
"5751",1930,1,4082,1,100,103,109
"5752",2011,1,5539,1,101,103,110
"5753",2059,1,11517,1,100,102,109
"5754",2091,1,12959,1,102,104,109
"5755",2154,1,6121,1,98,100,106
"5756",2194,1,2389,1,101,103,110
"5757",2291,1,1771,1,101,102,108
"5758",2389,1,3954,1,98,101,106
"5759",3151,1,9943,1,99,100,106
"5760",3299,1,506,1,104,105,110
"5761",3384,1,1771,1,103,105,110
"5762",3669,1,6581,1,102,104,110
"5763",3679,1,8646,1,101,104,109
"5764",3690,1,7478,1,103,104,110
"5765",3873,1,4391,1,101,102,107
"5766",3982,1,736,1,100,101,108
"5767",4189,1,7387,1,98,100,107
"5768",4272,1,731,1,103,104,112
"5769",4457,1,10745,1,102,105,109
"5770",4558,1,1193,1,101,103,107
"5771",4570,1,9103,1,101,102,106
"5772",4843,1,217,1,102,104,111
"5773",5005,1,11057,1,97,100,106
"5774",5110,1,9689,1,100,101,108
"5775",5186,1,14268,1,100,103,109
"5776",5432,1,7053,1,100,102,106
"5777",5480,1,4326,1,102,103,107
"5778",5539,1,1535,1,98,99,106
"5779",5634,1,6698,1,101,102,106
"5780",5647,1,3275,1,100,101,106
"5781",5699,1,14235,1,98,101,106
"5782",5805,1,8285,1,103,104,109
"5783",5840,1,7984,1,101,102,106
"5784",6131,1,3863,1,103,105,110
"5785",6243,1,3790,1,97,99,106
"5786",6385,1,12099,1,102,105,108
"5787",6397,1,13491,1,100,101,106
"5788",6547,1,13622,1,101,104,108
"5789",6594,1,5355,1,101,105,109
"5790",6694,1,144,1,99,101,106
"5791",6827,1,14331,1,100,102,106
"5792",7038,1,13164,1,97,99,106
"5793",7395,1,5091,1,100,102,107
"5794",7434,1,2587,1,101,104,108
"5795",7444,1,5444,1,102,103,111
"5796",7460,1,9549,1,99,101,107
"5797",7478,1,4666,1,99,101,106
"5798",7637,1,8649,1,95,98,106
"5799",7665,1,343,1,104,105,109
"5800",7853,1,1497,1,98,99,106
"5801",7877,1,7395,1,103,105,110
"5802",7916,1,12787,1,100,101,109
"5803",8268,1,2891,1,98,100,106
"5804",8285,1,2784,1,98,101,106
"5805",8331,1,10183,1,104,105,109
"5806",8523,1,12993,1,101,103,109
"5807",8574,1,11615,1,100,103,107
"5808",8639,1,4972,1,102,104,112
"5809",9050,1,8076,1,99,100,106
"5810",9429,1,12753,1,98,103,111
"5811",9524,1,4291,1,99,102,107
"5812",9670,1,4189,1,103,104,108
"5813",10065,1,14268,1,100,101,108
"5814",10444,1,14326,1,103,104,109
"5815",10482,1,2154,1,101,103,108
"5816",10580,1,7376,1,99,102,108
"5817",10685,1,4391,1,100,103,108
"5818",10907,1,9037,1,102,104,109
"5819",11059,1,3954,1,98,101,106
"5820",11494,1,8882,1,99,102,108
"5821",11643,1,9102,1,101,102,106
"5822",11727,1,1009,1,102,103,109
"5823",11780,1,7317,1,102,105,110
"5824",11854,1,6422,1,104,105,110
"5825",12050,1,5044,1,103,104,109
"5826",12575,1,5150,1,100,102,108
"5827",12691,1,11622,1,102,103,108
"5828",12959,1,12892,1,100,101,107
"5829",12990,1,8271,1,99,101,106
"5830",13181,1,10773,1,101,104,109
"5831",13206,1,12993,1,101,102,110
"5832",13260,1,13568,1,98,100,107
"5833",13486,1,2080,1,103,104,111
"5834",13491,1,13835,1,98,99,107
"5835",13743,1,8746,1,100,102,108
"5836",13781,1,1868,1,100,103,109
"5837",13844,1,1535,1,98,100,109
"5838",14063,1,6122,1,101,103,109
"5839",14448,1,1605,1,102,103,108
"5840",14475,1,3874,1,101,104,110
"5841",14756,1,10590,1,101,102,108
"5842",50,1,854,1,99,101,107
"5843",77,1,214,1,101,103,108
"5844",1090,1,2059,1,104,105,109
"5845",1146,1,10173,1,97,101,108
"5846",1252,1,5385,1,101,105,110
"5847",1308,1,1368,1,100,103,107
"5848",1353,1,12990,1,102,104,109
"5849",1418,1,2187,1,104,106,112
"5850",1466,1,8775,1,102,104,109
"5851",1471,1,10062,1,99,101,107
"5852",1585,1,10293,1,102,103,108
"5853",2130,1,214,1,102,104,109
"5854",2208,1,1585,1,104,106,112
"5855",2258,1,4314,1,105,106,110
"5856",2300,1,11683,1,101,103,108
"5857",2386,1,6012,1,100,101,109
"5858",2445,1,8529,1,101,103,111
"5859",2490,1,669,1,98,100,107
"5860",2778,1,3310,1,104,106,110
"5861",3022,1,4178,1,102,103,108
"5862",3023,1,6027,1,98,100,107
"5863",3269,1,4394,1,101,103,107
"5864",3617,1,3057,1,102,104,109
"5865",3670,1,3217,1,100,104,108
"5866",4086,1,196,1,100,102,107
"5867",4175,1,11397,1,103,104,110
"5868",4314,1,14147,1,101,104,110
"5869",4336,1,214,1,102,104,110
"5870",4655,1,6228,1,98,100,107
"5871",4802,1,3271,1,99,103,111
"5872",4884,1,13987,1,102,104,109
"5873",5144,1,14044,1,100,102,107
"5874",5215,1,13844,1,101,103,107
"5875",5555,1,973,1,104,106,110
"5876",5704,1,13896,1,103,106,113
"5877",5719,1,3873,1,103,106,110
"5878",5754,1,8003,1,103,104,112
"5879",5863,1,8782,1,104,105,110
"5880",6066,1,14147,1,101,102,107
"5881",6496,1,471,1,98,104,109
"5882",6504,1,12892,1,101,103,109
"5883",6543,1,7112,1,102,104,109
"5884",6721,1,2119,1,105,106,112
"5885",6744,1,6503,1,97,100,109
"5886",6845,1,12102,1,101,104,110
"5887",6987,1,4086,1,104,105,110
"5888",7055,1,6504,1,105,106,111
"5889",7236,1,2592,1,99,101,107
"5890",7388,1,6594,1,105,106,111
"5891",7430,1,9778,1,102,104,110
"5892",8044,1,6809,1,98,100,107
"5893",8327,1,3377,1,99,102,107
"5894",8382,1,7853,1,99,101,107
"5895",8408,1,12049,1,101,103,107
"5896",8412,1,7376,1,102,104,108
"5897",8451,1,9699,1,100,103,111
"5898",8582,1,4194,1,100,101,107
"5899",8595,1,7112,1,103,105,108
"5900",8940,1,5738,1,103,106,111
"5901",9278,1,8024,1,103,106,111
"5902",9502,1,1770,1,100,102,107
"5903",9620,1,1463,1,103,105,111
"5904",9961,1,3881,1,104,105,113
"5905",9999,1,10020,1,104,105,112
"5906",10008,1,12995,1,97,99,107
"5907",10049,1,8456,1,102,103,109
"5908",10125,1,4194,1,100,103,109
"5909",10150,1,7700,1,104,105,111
"5910",10183,1,10320,1,100,103,108
"5911",10458,1,1652,1,99,102,109
"5912",10465,1,10956,1,101,104,109
"5913",10572,1,6105,1,100,103,108
"5914",10615,1,5044,1,101,104,109
"5915",10767,1,14268,1,101,103,110
"5916",10881,1,13078,1,101,103,108
"5917",11078,1,77,1,103,104,109
"5918",11369,1,4460,1,102,105,111
"5919",11438,1,4377,1,104,106,112
"5920",11951,1,10458,1,103,105,108
"5921",11964,1,2389,1,101,104,110
"5922",12080,1,4391,1,102,103,108
"5923",12586,1,3785,1,102,105,111
"5924",12736,1,8846,1,104,106,111
"5925",12938,1,1308,1,103,105,110
"5926",13339,1,2066,1,102,103,110
"5927",13610,1,1789,1,103,105,110
"5928",13677,1,13346,1,104,106,112
"5929",13926,1,6226,1,100,103,108
"5930",13934,1,11767,1,105,106,111
"5931",14037,1,8412,1,104,105,109
"5932",14151,1,8258,1,103,104,110
"5933",14352,1,7988,1,105,106,111
"5934",14367,1,6246,1,103,106,111
"5935",14513,1,2941,1,104,106,112
"5936",14811,1,6252,1,96,100,108
"5937",39,1,14331,1,102,103,108
"5938",53,1,12130,1,101,103,109
"5939",269,1,13644,1,101,104,110
"5940",387,1,3188,1,103,105,109
"5941",500,1,13181,1,105,106,110
"5942",521,1,269,1,105,106,111
"5943",1366,1,2610,1,105,106,110
"5944",1467,1,5094,1,104,105,110
"5945",1615,1,13844,1,100,105,110
"5946",2050,1,9046,1,102,105,112
"5947",2221,1,14041,1,105,106,112
"5948",2553,1,8363,1,103,104,109
"5949",2804,1,11369,1,106,107,112
"5950",2871,1,13896,1,104,106,112
"5951",2932,1,10773,1,100,103,109
"5952",3082,1,5279,1,103,106,111
"5953",3084,1,144,1,101,102,108
"5954",3320,1,2386,1,102,105,112
"5955",3534,1,14624,1,105,106,112
"5956",3601,1,12358,1,105,107,111
"5957",3634,1,2585,1,102,104,110
"5958",3889,1,10174,1,103,104,110
"5959",3892,1,5840,1,104,106,111
"5960",3947,1,4198,1,99,103,108
"5961",4205,1,11585,1,103,105,110
"5962",4367,1,658,1,105,106,111
"5963",4689,1,6827,1,103,105,111
"5964",5042,1,9932,1,97,98,108
"5965",5360,1,5350,1,104,105,110
"5966",5562,1,11727,1,105,107,113
"5967",6227,1,12377,1,98,100,108
"5968",6246,1,13564,1,100,101,108
"5969",6433,1,217,1,101,103,109
"5970",6484,1,6227,1,102,106,115
"5971",6601,1,11727,1,105,106,111
"5972",7002,1,13965,1,103,106,111
"5973",7117,1,10183,1,105,107,111
"5974",7211,1,8298,1,105,106,111
"5975",7788,1,13264,1,101,103,109
"5976",7812,1,7419,1,101,104,109
"5977",8091,1,7823,1,105,106,109
"5978",8270,1,11257,1,105,106,109
"5979",8274,1,12649,1,102,104,110
"5980",8290,1,4385,1,104,107,114
"5981",8302,1,10500,1,100,105,110
"5982",8385,1,5110,1,102,104,108
"5983",8782,1,3378,1,101,102,109
"5984",8792,1,8193,1,105,106,110
"5985",8826,1,8412,1,105,107,112
"5986",8888,1,4272,1,105,106,113
"5987",9019,1,9825,1,104,105,112
"5988",9143,1,13901,1,102,103,108
"5989",9352,1,10986,1,102,104,110
"5990",9731,1,10140,1,101,105,110
"5991",9931,1,7988,1,104,106,110
"5992",10033,1,2147,1,103,105,110
"5993",10227,1,8360,1,103,105,110
"5994",10281,1,3576,1,101,102,108
"5995",10704,1,8710,1,99,100,109
"5996",10762,1,14130,1,101,103,108
"5997",10931,1,10174,1,103,105,112
"5998",11249,1,6715,1,101,103,110
"5999",11257,1,1177,1,102,103,110
"6000",11299,1,9235,1,104,105,111
"6001",11306,1,12837,1,103,104,108
"6002",11377,1,2180,1,104,105,110
"6003",11427,1,11411,1,100,104,108
"6004",11451,1,5503,1,101,103,109
"6005",11952,1,318,1,104,106,112
"6006",12008,1,4666,1,102,104,111
"6007",12075,1,3514,1,100,101,108
"6008",12099,1,9943,1,99,101,108
"6009",12244,1,1641,1,100,103,108
"6010",12426,1,4175,1,105,107,112
"6011",12642,1,8574,1,104,106,110
"6012",12706,1,718,1,103,107,114
"6013",12884,1,506,1,105,107,112
"6014",12896,1,2737,1,106,107,112
"6015",12924,1,11683,1,99,104,110
"6016",12978,1,2066,1,103,105,111
"6017",13030,1,9620,1,106,107,111
"6018",13150,1,3188,1,103,104,108
"6019",13277,1,11348,1,105,106,115
"6020",13346,1,11622,1,102,103,109
"6021",13429,1,13155,1,104,107,113
"6022",13483,1,5306,1,104,106,110
"6023",13693,1,77,1,105,107,112
"6024",13831,1,6947,1,103,104,109
"6025",13899,1,11348,1,105,106,112
"6026",13905,1,2011,1,104,105,108
"6027",14043,1,1292,1,101,102,108
"6028",14189,1,362,1,105,106,111
"6029",14410,1,12985,1,106,107,111
"6030",14476,1,8385,1,105,107,113
"6031",14561,1,1471,1,102,103,108
"6032",14822,1,7823,1,104,105,112
"6033",21,1,2852,1,100,103,109
"6034",343,1,3494,1,100,102,109
"6035",362,1,4310,1,100,103,109
"6036",461,1,10482,1,104,107,114
"6037",581,1,2379,1,101,104,109
"6038",1024,1,280,1,103,106,110
"6039",1150,1,5392,1,103,104,109
"6040",1247,1,6122,1,102,105,109
"6041",1277,1,8385,1,105,107,113
"6042",1386,1,11372,1,104,107,113
"6043",1439,1,5855,1,101,103,109
"6044",2180,1,14268,1,100,102,109
"6045",2235,1,11682,1,101,103,112
"6046",2411,1,3363,1,103,105,110
"6047",2469,1,7640,1,100,103,109
"6048",2662,1,8801,1,107,108,113
"6049",2771,1,2300,1,104,105,110
"6050",2853,1,885,1,104,107,114
"6051",2984,1,3982,1,104,106,110
"6052",3085,1,11451,1,104,105,110
"6053",3238,1,14041,1,106,108,114
"6054",3255,1,7521,1,104,105,109
"6055",3431,1,7949,1,103,105,110
"6056",3516,1,13622,1,102,104,109
"6057",3727,1,3873,1,103,105,109
"6058",3968,1,3084,1,104,106,110
"6059",4034,1,7812,1,106,108,113
"6060",4240,1,883,1,100,105,111
"6061",4258,1,13844,1,101,103,109
"6062",4285,1,295,1,103,105,110
"6063",4377,1,12069,1,102,103,110
"6064",4385,1,13901,1,102,103,109
"6065",4567,1,5850,1,103,105,111
"6066",4716,1,14434,1,105,107,113
"6067",4840,1,12606,1,107,108,113
"6068",4987,1,13242,1,102,105,113
"6069",5028,1,2130,1,105,106,115
"6070",5627,1,11372,1,103,104,109
"6071",5758,1,3706,1,100,103,109
"6072",5765,1,7788,1,104,105,109
"6073",5795,1,1439,1,104,105,110
"6074",6640,1,12938,1,105,106,111
"6075",6653,1,14044,1,101,104,109
"6076",7169,1,5356,1,103,104,110
"6077",7427,1,12315,1,104,106,113
"6078",7521,1,3180,1,102,103,110
"6079",7614,1,4809,1,102,105,111
"6080",7700,1,4391,1,101,102,109
"6081",7986,1,8333,1,105,107,111
"6082",8193,1,14199,1,100,104,109
"6083",8333,1,5004,1,102,103,110
"6084",8448,1,1615,1,105,108,113
"6085",8584,1,5555,1,107,108,114
"6086",8633,1,14043,1,104,105,110
"6087",8801,1,6736,1,101,104,109
"6088",9107,1,2080,1,104,106,112
"6089",9235,1,6203,1,102,103,110
"6090",9263,1,12649,1,105,106,112
"6091",9377,1,8795,1,101,103,109
"6092",9739,1,11926,1,103,105,110
"6093",9809,1,506,1,104,105,111
"6094",9848,1,3151,1,102,106,112
"6095",9933,1,7460,1,102,105,110
"6096",10071,1,11052,1,105,107,112
"6097",10189,1,13260,1,101,102,109
"6098",10194,1,2235,1,104,108,113
"6099",10213,1,7265,1,101,103,111
"6100",10221,1,6947,1,102,104,109
"6101",10392,1,8287,1,106,107,113
"6102",10445,1,5562,1,107,108,113
"6103",10446,1,506,1,105,106,111
"6104",10741,1,8268,1,103,106,110
"6105",10777,1,6131,1,106,108,115
"6106",10845,1,5795,1,106,108,113
"6107",10949,1,11854,1,106,108,114
"6108",11168,1,13610,1,106,108,112
"6109",11428,1,13040,1,102,104,109
"6110",11758,1,12126,1,100,103,112
"6111",12109,1,6905,1,100,104,110
"6112",12138,1,13040,1,101,103,109
"6113",12216,1,9960,1,102,104,109
"6114",12327,1,5795,1,105,106,111
"6115",12606,1,10580,1,103,105,111
"6116",12985,1,8183,1,103,104,110
"6117",13171,1,6818,1,105,107,113
"6118",13248,1,6547,1,105,108,115
"6119",13512,1,10590,1,101,103,109
"6120",13592,1,11651,1,100,101,109
"6121",14163,1,5480,1,104,105,111
"6122",14173,1,3069,1,107,108,115
"6123",14245,1,7054,1,101,103,109
"6124",14292,1,12985,1,105,108,114
"6125",14695,1,14549,1,105,107,116
"6126",658,1,12251,1,99,103,110
"6127",1234,1,4272,1,105,107,113
"6128",1450,1,11451,1,105,108,113
"6129",1486,1,7551,1,105,107,112
"6130",1516,1,8683,1,103,104,110
"6131",1577,1,9848,1,107,109,115
"6132",2058,1,13592,1,104,106,112
"6133",2080,1,6227,1,100,102,110
"6134",2519,1,14448,1,104,105,110
"6135",2638,1,7069,1,103,107,113
"6136",2737,1,11372,1,102,105,110
"6137",2802,1,10801,1,108,109,113
"6138",2929,1,12533,1,101,104,111
"6139",2940,1,7930,1,105,108,114
"6140",3069,1,4802,1,104,106,110
"6141",3104,1,7812,1,105,108,112
"6142",3503,1,4240,1,105,107,113
"6143",3831,1,1069,1,103,107,111
"6144",3950,1,7444,1,104,108,114
"6145",4048,1,3690,1,106,107,111
"6146",4223,1,6606,1,108,109,115
"6147",4373,1,7055,1,107,109,114
"6148",4397,1,14037,1,106,108,112
"6149",4524,1,8385,1,106,107,113
"6150",4691,1,1150,1,105,107,112
"6151",4894,1,12786,1,104,108,117
"6152",4909,1,1096,1,108,109,114
"6153",5167,1,6826,1,102,104,110
"6154",5203,1,11963,1,103,104,113
"6155",5534,1,5334,1,102,105,111
"6156",6062,1,8792,1,107,109,115
"6157",6157,1,4312,1,104,106,113
"6158",6189,1,1413,1,105,109,113
"6159",6395,1,10857,1,106,107,113
"6160",6705,1,11494,1,103,106,111
"6161",6870,1,5235,1,102,104,110
"6162",7093,1,387,1,107,108,112
"6163",7200,1,3774,1,105,107,113
"6164",7216,1,9235,1,105,106,111
"6165",7834,1,13905,1,107,109,114
"6166",8143,1,9740,1,103,106,111
"6167",8182,1,6131,1,105,107,110
"6168",8225,1,5891,1,104,106,112
"6169",8289,1,3621,1,104,106,112
"6170",8378,1,2693,1,103,104,112
"6171",8881,1,12706,1,108,109,111
"6172",9318,1,6947,1,104,106,112
"6173",9472,1,3069,1,106,108,112
"6174",9755,1,10808,1,107,109,115
"6175",10052,1,6947,1,104,106,110
"6176",10225,1,14063,1,104,107,112
"6177",10601,1,3299,1,106,109,115
"6178",10800,1,3347,1,107,109,114
"6179",10801,1,8289,1,106,107,113
"6180",10808,1,10049,1,104,106,112
"6181",10823,1,13899,1,108,109,114
"6182",10849,1,10020,1,102,104,110
"6183",11052,1,12452,1,103,105,111
"6184",11443,1,12586,1,107,109,112
"6185",11452,1,9143,1,104,106,113
"6186",12153,1,9999,1,106,108,115
"6187",12168,1,12075,1,103,104,110
"6188",12314,1,1509,1,104,107,113
"6189",12358,1,12116,1,103,105,110
"6190",12493,1,9670,1,105,108,113
"6191",12858,1,3889,1,105,106,113
"6192",12877,1,1308,1,104,106,112
"6193",13163,1,14607,1,105,106,113
"6194",13239,1,7336,1,105,106,111
"6195",13581,1,5634,1,102,106,110
"6196",13750,1,7216,1,108,109,114
"6197",13819,1,11494,1,104,105,110
"6198",14041,1,10718,1,101,105,110
"6199",14117,1,2021,1,102,106,111
"6200",14527,1,2610,1,103,105,110
"6201",14621,1,11963,1,104,105,111
"6202",14741,1,10033,1,106,108,113
"6203",14,1,8302,1,108,110,116
"6204",161,1,10537,1,105,106,111
"6205",407,1,5279,1,104,106,113
"6206",676,1,2080,1,103,106,111
"6207",944,1,7301,1,109,110,116
"6208",1014,1,9961,1,106,107,112
"6209",1029,1,11570,1,107,108,112
"6210",1064,1,7434,1,105,106,112
"6211",1096,1,14151,1,105,107,112
"6212",1413,1,13179,1,103,105,111
"6213",1425,1,6982,1,104,108,112
"6214",1494,1,12318,1,107,109,114
"6215",1528,1,11812,1,109,110,115
"6216",1875,1,14475,1,105,107,112
"6217",2065,1,4808,1,103,105,112
"6218",2120,1,13242,1,103,106,111
"6219",2740,1,3516,1,107,109,114
"6220",2825,1,14695,1,108,109,113
"6221",2826,1,10071,1,107,109,114
"6222",2921,1,8270,1,108,110,116
"6223",3122,1,10762,1,104,106,111
"6224",3166,1,3881,1,106,109,113
"6225",3622,1,11237,1,108,109,113
"6226",4017,1,10767,1,104,106,112
"6227",4166,1,5704,1,107,108,113
"6228",4186,1,140,1,108,110,116
"6229",4605,1,7823,1,104,107,114
"6230",4829,1,373,1,104,107,112
"6231",5250,1,9028,1,101,103,112
"6232",5307,1,3431,1,106,109,115
"6233",5323,1,12261,1,107,109,115
"6234",5580,1,1019,1,102,105,111
"6235",5583,1,14475,1,105,108,114
"6236",5739,1,13190,1,104,107,113
"6237",5752,1,8298,1,104,105,111
"6238",5757,1,9032,1,109,110,116
"6239",5769,1,8285,1,104,105,112
"6240",5847,1,3634,1,105,107,111
"6241",5867,1,3104,1,109,110,117
"6242",5897,1,12978,1,105,107,114
"6243",5907,1,7577,1,107,109,114
"6244",6015,1,8378,1,105,106,112
"6245",6291,1,766,1,104,108,112
"6246",6351,1,5250,1,105,107,113
"6247",6414,1,9263,1,108,110,114
"6248",6501,1,2703,1,106,108,112
"6249",6608,1,2442,1,106,109,114
"6250",6680,1,7172,1,108,110,116
"6251",6749,1,4972,1,104,106,111
"6252",6889,1,13965,1,104,106,111
"6253",6954,1,7381,1,103,106,111
"6254",7039,1,6391,1,102,106,111
"6255",7450,1,14671,1,105,107,112
"6256",7577,1,8523,1,103,105,111
"6257",7747,1,5187,1,106,110,114
"6258",7773,1,8792,1,107,108,114
"6259",7844,1,766,1,105,107,115
"6260",8041,1,11428,1,105,106,113
"6261",8199,1,3503,1,109,110,115
"6262",8287,1,6496,1,105,106,111
"6263",8329,1,12606,1,107,108,113
"6264",8935,1,885,1,104,107,111
"6265",9126,1,5444,1,103,105,111
"6266",9224,1,2187,1,105,108,115
"6267",9325,1,500,1,108,110,114
"6268",9333,1,14189,1,106,107,112
"6269",9349,1,11854,1,106,107,111
"6270",9423,1,6015,1,107,110,117
"6271",9823,1,5754,1,105,107,113
"6272",10003,1,11452,1,108,109,115
"6273",10754,1,3225,1,105,107,112
"6274",11665,1,10065,1,106,108,112
"6275",12438,1,14326,1,105,109,115
"6276",12569,1,11721,1,103,104,112
"6277",12737,1,8595,1,106,108,113
"6278",13229,1,9046,1,103,106,112
"6279",13298,1,5250,1,104,108,112
"6280",13354,1,13150,1,105,107,113
"6281",13373,1,9352,1,107,109,115
"6282",13970,1,10907,1,107,110,114
"6283",14028,1,5840,1,103,105,113
"6284",14087,1,14068,1,109,110,117
"6285",14705,1,8385,1,106,108,115
"6286",14740,1,13277,1,107,109,113
"6287",14773,1,3347,1,105,106,111
"6288",62,1,10845,1,109,111,119
"6289",140,1,4258,1,105,107,112
"6290",502,1,5186,1,105,106,112
"6291",638,1,2755,1,108,109,113
"6292",906,1,11570,1,106,109,114
"6293",911,1,10224,1,110,111,117
"6294",1357,1,13429,1,108,111,116
"6295",1814,1,9126,1,105,107,113
"6296",1821,1,5523,1,108,111,116
"6297",1990,1,10537,1,106,108,116
"6298",1992,1,2411,1,106,109,115
"6299",2274,1,11494,1,105,107,112
"6300",2447,1,5480,1,105,108,114
"6301",2656,1,9912,1,109,110,114
"6302",2703,1,10125,1,104,106,114
"6303",2832,1,12358,1,106,108,113
"6304",3328,1,1096,1,109,110,117
"6305",3382,1,8523,1,106,108,112
"6306",3386,1,5863,1,106,108,113
"6307",3497,1,2587,1,104,107,115
"6308",3625,1,8327,1,104,106,113
"6309",3662,1,6889,1,107,109,116
"6310",3926,1,2130,1,105,109,115
"6311",3944,1,8961,1,109,110,114
"6312",4683,1,9318,1,107,109,116
"6313",6275,1,13429,1,108,110,116
"6314",6417,1,1585,1,105,108,113
"6315",6606,1,14041,1,106,107,114
"6316",6844,1,7788,1,106,108,113
"6317",7172,1,2009,1,106,108,113
"6318",7301,1,1897,1,106,108,115
"6319",7447,1,4048,1,108,109,114
"6320",7488,1,269,1,107,110,114
"6321",7883,1,7773,1,109,110,118
"6322",8184,1,13819,1,105,108,112
"6323",8394,1,13171,1,110,111,116
"6324",8811,1,7614,1,107,108,113
"6325",9197,1,1486,1,108,110,114
"6326",9510,1,5646,1,108,111,114
"6327",9511,1,3299,1,106,108,114
"6328",9601,1,12896,1,108,109,114
"6329",9649,1,2737,1,106,108,113
"6330",9912,1,3892,1,107,109,113
"6331",9929,1,3863,1,103,106,112
"6332",10047,1,10003,1,109,110,116
"6333",10123,1,2442,1,106,108,116
"6334",10274,1,8989,1,105,108,114
"6335",10275,1,14487,1,110,111,116
"6336",10276,1,12884,1,107,108,112
"6337",10840,1,9263,1,110,111,115
"6338",10946,1,5187,1,105,107,113
"6339",11166,1,5580,1,108,111,116
"6340",11237,1,3669,1,105,107,113
"6341",11286,1,4802,1,107,109,115
"6342",12144,1,8225,1,107,110,114
"6343",12291,1,8184,1,109,111,115
"6344",12406,1,12153,1,109,110,116
"6345",12441,1,14163,1,105,108,114
"6346",12445,1,5937,1,108,110,116
"6347",12509,1,11951,1,105,108,112
"6348",12866,1,9755,1,110,111,117
"6349",13326,1,14695,1,108,111,115
"6350",13437,1,7069,1,104,108,113
"6351",13574,1,343,1,104,107,113
"6352",14312,1,4258,1,105,107,113
"6353",14487,1,9019,1,107,109,112
"6354",151,1,7700,1,104,108,114
"6355",1105,1,14367,1,107,110,115
"6356",1188,1,1034,1,105,107,113
"6357",1781,1,3382,1,109,110,115
"6358",1927,1,4524,1,108,110,115
"6359",2142,1,2662,1,108,110,115
"6360",2755,1,4205,1,106,108,114
"6361",2878,1,10606,1,111,112,116
"6362",2910,1,11593,1,111,112,118
"6363",2997,1,10225,1,108,109,118
"6364",3126,1,1450,1,109,111,117
"6365",3215,1,161,1,108,110,115
"6366",3222,1,11812,1,109,110,117
"6367",3830,1,11427,1,105,108,114
"6368",4499,1,295,1,105,107,113
"6369",4883,1,13479,1,106,110,113
"6370",4913,1,14068,1,109,111,116
"6371",5101,1,2604,1,108,110,116
"6372",5148,1,13030,1,109,110,116
"6373",5228,1,13936,1,111,112,116
"6374",5420,1,6640,1,107,110,118
"6375",5523,1,4314,1,105,106,113
"6376",5579,1,13669,1,108,109,116
"6377",6108,1,5863,1,106,107,113
"6378",6316,1,4457,1,106,109,115
"6379",6723,1,3670,1,106,109,114
"6380",6782,1,3830,1,109,111,115
"6381",6841,1,10762,1,105,107,113
"6382",7670,1,6721,1,106,109,114
"6383",7794,1,10276,1,109,111,115
"6384",7891,1,5555,1,106,108,114
"6385",8136,1,12786,1,103,108,113
"6386",8606,1,5562,1,108,109,114
"6387",8837,1,2755,1,109,111,117
"6388",8961,1,12109,1,107,109,114
"6389",9032,1,2187,1,106,108,114
"6390",9148,1,10213,1,104,107,113
"6391",9930,1,5515,1,109,111,116
"6392",10010,1,7200,1,108,109,116
"6393",10311,1,1150,1,106,108,114
"6394",10381,1,11237,1,109,110,114
"6395",10493,1,6351,1,108,110,118
"6396",10684,1,930,1,104,106,114
"6397",10788,1,2813,1,104,107,113
"6398",11315,1,5323,1,110,112,118
"6399",11326,1,6889,1,106,107,113
"6400",11366,1,2300,1,103,110,116
"6401",11563,1,1252,1,107,111,117
"6402",12318,1,11727,1,105,107,113
"6403",12702,1,10445,1,108,110,115
"6404",13936,1,6108,1,107,110,114
"6405",14315,1,5769,1,106,108,113
"6406",14591,1,1427,1,110,111,117
"6407",14656,1,2755,1,109,110,114
"6408",105,1,9235,1,104,108,115
"6409",261,1,4314,1,105,109,114
"6410",525,1,10684,1,107,109,114
"6411",648,1,13899,1,107,109,114
"6412",756,1,2997,1,111,113,117
"6413",939,1,1486,1,108,112,116
"6414",1018,1,14740,1,110,111,114
"6415",1349,1,10049,1,105,107,114
"6416",1432,1,13905,1,106,108,115
"6417",1476,1,2771,1,107,109,114
"6418",1745,1,8136,1,109,112,119
"6419",1854,1,1234,1,108,110,118
"6420",1861,1,1486,1,108,110,116
"6421",1979,1,9032,1,108,111,115
"6422",2023,1,4225,1,111,113,118
"6423",2032,1,2638,1,110,113,117
"6424",2112,1,2447,1,109,111,117
"6425",2169,1,10601,1,110,113,119
"6426",2381,1,11452,1,108,111,116
"6427",2604,1,14621,1,106,107,114
"6428",2928,1,13437,1,109,111,116
"6429",3657,1,2826,1,110,113,119
"6430",4085,1,1990,1,109,111,116
"6431",4333,1,5731,1,111,113,121
"6432",5129,1,2703,1,108,111,116
"6433",5181,1,3601,1,108,110,114
"6434",5515,1,11653,1,103,107,114
"6435",5628,1,3166,1,112,113,117
"6436",5646,1,2493,1,103,106,114
"6437",5687,1,8287,1,107,110,117
"6438",5843,1,3269,1,105,108,114
"6439",5880,1,3238,1,110,112,118
"6440",5937,1,11428,1,106,108,114
"6441",5942,1,2274,1,109,111,116
"6442",6247,1,3503,1,108,110,114
"6443",6415,1,3082,1,109,111,117
"6444",6522,1,434,1,110,113,120
"6445",7578,1,1528,1,111,113,117
"6446",7828,1,7614,1,108,109,114
"6447",7895,1,13669,1,110,112,117
"6448",7910,1,13248,1,109,111,116
"6449",7912,1,13486,1,104,106,114
"6450",7969,1,837,1,108,109,115
"6451",8020,1,8448,1,108,110,117
"6452",8256,1,5646,1,107,109,114
"6453",8441,1,4883,1,112,113,117
"6454",8617,1,4258,1,105,107,114
"6455",8653,1,12406,1,111,113,119
"6456",8916,1,6653,1,106,109,115
"6457",9236,1,12426,1,109,111,117
"6458",9369,1,6291,1,110,113,119
"6459",9553,1,10601,1,109,110,118
"6460",9749,1,9731,1,106,107,114
"6461",10224,1,9107,1,107,109,114
"6462",10635,1,6417,1,109,111,117
"6463",10715,1,4883,1,111,112,117
"6464",10856,1,7200,1,108,111,116
"6465",10924,1,11168,1,109,110,118
"6466",10945,1,56,1,112,113,117
"6467",11079,1,5028,1,108,109,115
"6468",11339,1,9352,1,105,110,115
"6469",11384,1,9731,1,106,108,115
"6470",11570,1,8412,1,105,106,114
"6471",11635,1,14087,1,112,113,118
"6472",11738,1,8329,1,111,113,118
"6473",11812,1,13899,1,106,108,114
"6474",12195,1,3727,1,107,108,114
"6475",12326,1,9126,1,108,110,115
"6476",12397,1,12138,1,104,109,114
"6477",12488,1,14476,1,109,111,117
"6478",12645,1,10493,1,111,113,118
"6479",13223,1,9325,1,111,113,118
"6480",13289,1,9809,1,106,110,115
"6481",13414,1,9755,1,110,111,116
"6482",13423,1,12080,1,105,108,114
"6483",13669,1,12109,1,105,107,114
"6484",13736,1,12406,1,111,112,117
"6485",14068,1,3873,1,103,107,114
"6486",14069,1,11428,1,105,109,114
"6487",14337,1,2940,1,109,111,115
"6488",14648,1,3669,1,106,108,115
"6489",14698,1,6385,1,106,109,116
"6490",63,1,13761,1,112,114,119
"6491",321,1,8303,1,112,113,117
"6492",413,1,3222,1,111,114,119
"6493",434,1,10225,1,108,109,116
"6494",837,1,5094,1,105,107,115
"6495",910,1,10808,1,108,110,115
"6496",1073,1,4225,1,112,114,118
"6497",2949,1,13289,1,112,114,119
"6498",3544,1,9472,1,111,113,119
"6499",3803,1,4716,1,108,111,117
"6500",4079,1,3328,1,110,111,116
"6501",4182,1,3299,1,107,109,115
"6502",4225,1,12586,1,106,109,115
"6503",4343,1,8898,1,110,112,118
"6504",4795,1,3634,1,106,108,115
"6505",5731,1,4048,1,108,110,115
"6506",5748,1,6291,1,110,111,117
"6507",5832,1,105,1,109,112,116
"6508",6094,1,7828,1,110,111,116
"6509",6585,1,8898,1,111,112,117
"6510",7620,1,11166,1,112,114,119
"6511",7666,1,7262,1,109,111,117
"6512",7787,1,13289,1,110,112,117
"6513",8303,1,8143,1,108,111,116
"6514",8898,1,4048,1,108,109,115
"6515",9011,1,6496,1,106,108,115
"6516",9262,1,1467,1,108,110,116
"6517",9341,1,9472,1,109,112,118
"6518",9358,1,7969,1,110,112,117
"6519",9916,1,5937,1,108,111,115
"6520",10034,1,10606,1,112,113,117
"6521",10386,1,10840,1,112,114,120
"6522",10606,1,8617,1,108,110,116
"6523",10679,1,72,1,113,114,119
"6524",11107,1,13970,1,112,114,119
"6525",11162,1,4691,1,110,112,117
"6526",11359,1,6131,1,108,110,115
"6527",11537,1,6395,1,108,111,117
"6528",12843,1,14705,1,109,112,117
"6529",13292,1,10606,1,112,113,119
"6530",13553,1,6015,1,108,110,115
"6531",13761,1,6484,1,108,110,115
"6532",13983,1,12326,1,112,113,118
"6533",14516,1,1577,1,110,113,118
"6534",14545,1,13239,1,108,110,116
"6535",56,1,13483,1,108,111,117
"6536",94,1,14741,1,110,111,117
"6537",137,1,13479,1,106,109,116
"6538",316,1,5323,1,110,113,116
"6539",317,1,5101,1,112,114,119
"6540",402,1,10047,1,111,113,119
"6541",508,1,13298,1,111,113,119
"6542",550,1,11166,1,112,114,121
"6543",875,1,911,1,112,114,119
"6544",1427,1,10849,1,107,109,116
"6545",1607,1,9930,1,112,113,117
"6546",1625,1,10981,1,114,115,119
"6547",2158,1,2471,1,112,114,121
"6548",2284,1,2662,1,112,113,117
"6549",2471,1,7172,1,110,111,116
"6550",3302,1,4894,1,110,111,117
"6551",3459,1,944,1,110,112,117
"6552",3511,1,5307,1,111,112,118
"6553",4132,1,9823,1,109,111,116
"6554",4228,1,6723,1,110,112,116
"6555",4801,1,13736,1,112,113,118
"6556",4907,1,8184,1,109,111,116
"6557",5510,1,10129,1,112,113,118
"6558",5670,1,14595,1,113,114,119
"6559",5906,1,8617,1,109,111,117
"6560",5983,1,2411,1,109,110,117
"6561",6830,1,8035,1,112,115,119
"6562",6916,1,7877,1,108,110,116
"6563",7004,1,14476,1,109,110,116
"6564",7262,1,3889,1,107,108,116
"6565",7677,1,10823,1,110,112,117
"6566",7925,1,8935,1,108,110,117
"6567",8231,1,3302,1,114,115,121
"6568",8466,1,321,1,114,115,121
"6569",8470,1,7004,1,111,113,119
"6570",8697,1,6496,1,106,109,116
"6571",9085,1,1357,1,112,115,119
"6572",9357,1,4223,1,110,111,117
"6573",9654,1,1992,1,110,113,118
"6574",9998,1,4228,1,113,115,119
"6575",10604,1,11052,1,107,109,116
"6576",11136,1,5523,1,108,110,116
"6577",11164,1,12314,1,110,112,117
"6578",11289,1,2471,1,112,113,119
"6579",11301,1,1014,1,109,111,116
"6580",11324,1,6608,1,110,111,117
"6581",11514,1,2112,1,112,113,118
"6582",11713,1,9197,1,112,113,119
"6583",11950,1,14035,1,113,114,119
"6584",12374,1,7488,1,111,112,118
"6585",12490,1,4186,1,112,113,118
"6586",13044,1,11164,1,112,114,119
"6587",13343,1,4829,1,109,112,116
"6588",13732,1,7002,1,109,113,117
"6589",14035,1,8584,1,109,112,117
"6590",14581,1,10052,1,108,111,117
"6591",14810,1,3166,1,109,110,116
"6592",312,1,14648,1,112,114,118
"6593",391,1,1861,1,111,114,118
"6594",405,1,5880,1,113,116,123
"6595",1000,1,3831,1,108,113,119
"6596",1232,1,5420,1,112,113,118
"6597",1887,1,13736,1,113,114,118
"6598",1948,1,13343,1,113,115,121
"6599",2075,1,7004,1,112,113,119
"6600",2768,1,3645,1,113,116,122
"6601",2892,1,9357,1,112,115,121
"6602",2922,1,1476,1,112,115,120
"6603",3523,1,10601,1,109,112,117
"6604",3847,1,9236,1,111,113,119
"6605",4108,1,12374,1,113,114,121
"6606",4337,1,11537,1,113,115,120
"6607",4990,1,906,1,110,113,118
"6608",5159,1,7834,1,111,114,119
"6609",5271,1,13343,1,115,116,122
"6610",5276,1,12144,1,111,112,117
"6611",5358,1,13437,1,111,113,118
"6612",5673,1,5646,1,112,116,121
"6613",6170,1,4990,1,114,116,121
"6614",6214,1,8916,1,112,113,119
"6615",7500,1,1450,1,109,112,118
"6616",8035,1,9019,1,106,111,117
"6617",8379,1,6417,1,110,115,122
"6618",8486,1,2832,1,110,112,118
"6619",8493,1,11079,1,111,113,118
"6620",8762,1,2075,1,115,116,121
"6621",8977,1,391,1,115,116,120
"6622",9330,1,8143,1,109,111,117
"6623",10030,1,11136,1,112,114,119
"6624",10129,1,10010,1,111,112,117
"6625",10318,1,7578,1,114,115,121
"6626",10334,1,151,1,110,112,117
"6627",10644,1,13936,1,113,116,121
"6628",10830,1,321,1,114,115,122
"6629",10978,1,72,1,114,115,119
"6630",10981,1,7834,1,112,113,117
"6631",11399,1,2656,1,111,115,120
"6632",11593,1,6501,1,109,110,117
"6633",12396,1,10493,1,111,113,117
"6634",12449,1,2825,1,110,113,119
"6635",12559,1,11286,1,111,113,119
"6636",12564,1,10225,1,108,113,117
"6637",12621,1,756,1,114,115,120
"6638",12973,1,1105,1,111,114,118
"6639",13336,1,11514,1,114,115,119
"6640",14278,1,6108,1,108,110,117
"6641",14769,1,5906,1,112,113,119
"6642",72,1,5181,1,111,112,119
"6643",575,1,13423,1,111,113,119
"6644",985,1,3459,1,113,116,122
"6645",1054,1,1018,1,112,114,123
"6646",1334,1,12899,1,115,117,124
"6647",1629,1,12896,1,108,111,118
"6648",1953,1,5420,1,111,113,119
"6649",2229,1,8961,1,112,114,120
"6650",2270,1,6247,1,111,113,120
"6651",2464,1,5832,1,113,116,123
"6652",3274,1,12843,1,113,115,120
"6653",3988,1,8394,1,113,117,122
"6654",3996,1,4801,1,114,116,120
"6655",4251,1,12896,1,109,112,119
"6656",4493,1,11339,1,111,113,119
"6657",4789,1,13030,1,109,114,120
"6658",4815,1,11635,1,115,117,122
"6659",5256,1,10604,1,111,112,120
"6660",5921,1,1065,1,115,117,123
"6661",6084,1,8394,1,114,115,122
"6662",6139,1,12291,1,112,114,120
"6663",6753,1,5510,1,115,116,121
"6664",6794,1,939,1,113,115,120
"6665",8366,1,56,1,112,114,118
"6666",8496,1,10606,1,111,114,119
"6667",8928,1,13736,1,113,115,119
"6668",9372,1,5832,1,114,116,123
"6669",9583,1,1018,1,112,114,119
"6670",9720,1,2878,1,113,116,121
"6671",9816,1,9325,1,111,113,120
"6672",10222,1,13986,1,115,117,122
"6673",10639,1,13986,1,115,116,121
"6674",10880,1,9111,1,115,117,123
"6675",10886,1,1990,1,112,116,122
"6676",10953,1,11136,1,112,113,118
"6677",11579,1,6970,1,113,114,119
"6678",11604,1,7925,1,112,113,118
"6679",11918,1,6100,1,116,117,123
"6680",12082,1,14352,1,107,111,118
"6681",12401,1,5510,1,114,117,123
"6682",12697,1,3803,1,113,115,120
"6683",12899,1,11162,1,112,114,120
"6684",13218,1,12438,1,110,112,118
"6685",13566,1,8231,1,115,117,122
"6686",13576,1,13750,1,110,113,119
"6687",13718,1,6501,1,110,112,118
"6688",13789,1,7677,1,114,115,121
"6689",13903,1,5228,1,113,115,119
"6690",13986,1,6970,1,113,114,119
"6691",14595,1,3926,1,110,111,118
"6692",14711,1,8366,1,115,116,120
"6693",14759,1,10071,1,110,113,119
"6694",92,1,4225,1,111,114,120
"6695",262,1,11593,1,113,115,121
"6696",383,1,9373,1,113,115,120
"6697",928,1,5276,1,115,118,123
"6698",1065,1,13718,1,113,114,120
"6699",1361,1,7500,1,113,117,121
"6700",2237,1,14591,1,116,117,122
"6701",2271,1,6100,1,116,118,124
"6702",3132,1,2032,1,114,115,119
"6703",3235,1,2740,1,111,113,119
"6704",3380,1,3132,1,116,118,122
"6705",3645,1,8837,1,111,112,119
"6706",3857,1,2142,1,112,114,121
"6707",4002,1,1629,1,112,114,119
"6708",4139,1,11466,1,117,118,122
"6709",4274,1,5256,1,113,117,122
"6710",4381,1,10981,1,114,115,121
"6711",4601,1,13576,1,114,115,121
"6712",5095,1,7301,1,111,113,119
"6713",5178,1,9011,1,110,113,120
"6714",5526,1,14759,1,114,115,119
"6715",6100,1,5748,1,113,115,121
"6716",6455,1,317,1,116,118,123
"6717",6970,1,3328,1,111,112,119
"6718",7911,1,3302,1,112,116,121
"6719",8259,1,9553,1,112,114,120
"6720",8745,1,9053,1,115,116,122
"6721",8976,1,5880,1,114,115,119
"6722",8979,1,7578,1,114,116,123
"6723",9111,1,9357,1,111,114,120
"6724",9247,1,6084,1,115,116,121
"6725",9373,1,4840,1,111,112,119
"6726",9586,1,3328,1,112,114,121
"6727",10246,1,10129,1,113,116,121
"6728",10296,1,8259,1,115,117,122
"6729",11102,1,5271,1,116,118,123
"6730",12024,1,2928,1,113,116,121
"6731",12089,1,6100,1,116,117,121
"6732",12448,1,11164,1,113,115,119
"6733",12588,1,7677,1,114,115,121
"6734",12914,1,12396,1,114,115,122
"6735",13506,1,92,1,115,117,122
"6736",13714,1,72,1,114,115,121
"6737",14209,1,11162,1,114,117,121
"6738",173,1,3662,1,112,115,120
"6739",220,1,13788,1,115,116,121
"6740",534,1,3819,1,118,119,124
"6741",1297,1,14581,1,112,115,120
"6742",1693,1,3622,1,112,114,120
"6743",2989,1,4913,1,113,116,122
"6744",3028,1,10493,1,112,117,123
"6745",3086,1,985,1,117,119,125
"6746",3490,1,9085,1,115,116,124
"6747",3524,1,3274,1,117,118,123
"6748",3838,1,8977,1,116,118,122
"6749",4208,1,9341,1,114,115,121
"6750",4359,1,3132,1,116,118,123
"6751",4849,1,2892,1,116,117,123
"6752",5506,1,13714,1,116,117,123
"6753",5956,1,1494,1,113,116,121
"6754",6545,1,906,1,110,113,120
"6755",6781,1,550,1,115,118,125
"6756",6973,1,10334,1,114,115,120
"6757",7100,1,3803,1,113,115,120
"6758",7432,1,3459,1,113,115,121
"6759",7486,1,383,1,116,118,125
"6760",7878,1,12702,1,111,114,121
"6761",8380,1,8259,1,116,117,123
"6762",8854,1,8697,1,112,116,122
"6763",8982,1,13223,1,114,116,121
"6764",9053,1,9148,1,109,114,120
"6765",9450,1,9357,1,113,116,122
"6766",9774,1,9357,1,114,115,121
"6767",10423,1,1073,1,116,119,125
"6768",10878,1,10296,1,118,119,125
"6769",11574,1,8259,1,117,119,123
"6770",11658,1,2910,1,114,115,120
"6771",11885,1,8099,1,116,118,122
"6772",12172,1,4208,1,116,118,123
"6773",12499,1,12326,1,111,114,121
"6774",13294,1,13789,1,116,119,125
"6775",376,1,1809,1,118,119,125
"6776",509,1,11107,1,115,116,122
"6777",551,1,2032,1,115,117,122
"6778",1007,1,11162,1,112,115,122
"6779",1310,1,10945,1,114,119,125
"6780",1856,1,2229,1,116,118,125
"6781",1871,1,6794,1,117,120,123
"6782",2368,1,1693,1,116,118,123
"6783",2413,1,391,1,115,118,123
"6784",2816,1,10129,1,115,116,121
"6785",3423,1,220,1,116,117,122
"6786",3430,1,8579,1,117,120,125
"6787",3499,1,12172,1,119,120,125
"6788",3777,1,8366,1,115,117,122
"6789",4286,1,9111,1,115,118,124
"6790",4364,1,3490,1,117,120,125
"6791",5464,1,9372,1,116,118,125
"6792",5767,1,7911,1,116,118,122
"6793",5905,1,6864,1,119,120,124
"6794",6238,1,8579,1,118,120,125
"6795",6837,1,10386,1,115,118,123
"6796",7128,1,10856,1,113,116,121
"6797",7476,1,13044,1,115,118,122
"6798",7913,1,8366,1,116,118,125
"6799",8099,1,2075,1,115,116,122
"6800",8353,1,3490,1,118,119,123
"6801",8553,1,11399,1,117,120,125
"6802",8757,1,10978,1,116,117,123
"6803",8781,1,12645,1,114,118,122
"6804",9708,1,2878,1,113,114,121
"6805",9956,1,12441,1,110,113,121
"6806",10284,1,3988,1,119,120,124
"6807",10960,1,5670,1,116,118,122
"6808",11621,1,9372,1,117,120,127
"6809",12346,1,11635,1,117,119,123
"6810",13067,1,509,1,117,118,124
"6811",13679,1,8099,1,117,118,123
"6812",13788,1,1745,1,113,115,122
"6813",13950,1,63,1,116,120,125
"6814",14369,1,11885,1,119,120,125
"6815",301,1,8380,1,118,119,124
"6816",487,1,10856,1,114,116,123
"6817",1005,1,10296,1,118,120,125
"6818",1010,1,11658,1,116,118,122
"6819",1037,1,8579,1,118,120,125
"6820",1199,1,8977,1,117,120,125
"6821",1202,1,3490,1,118,119,125
"6822",1347,1,4815,1,117,118,123
"6823",2334,1,1334,1,118,119,125
"6824",2543,1,10386,1,115,117,122
"6825",2551,1,8379,1,116,118,123
"6826",2692,1,13414,1,113,116,122
"6827",3055,1,8466,1,117,118,123
"6828",3993,1,6139,1,118,120,124
"6829",4068,1,6753,1,117,119,124
"6830",4243,1,3028,1,118,120,127
"6831",4489,1,2892,1,116,118,123
"6832",4640,1,6612,1,117,121,126
"6833",4664,1,778,1,115,117,123
"6834",5009,1,1607,1,115,118,123
"6835",5117,1,5470,1,116,118,124
"6836",5286,1,1357,1,112,114,122
"6837",5470,1,9930,1,113,115,122
"6838",5637,1,4815,1,118,119,125
"6839",5759,1,10715,1,115,117,124
"6840",6127,1,8394,1,112,115,123
"6841",6507,1,11658,1,116,118,122
"6842",6612,1,12645,1,114,116,123
"6843",6747,1,4789,1,115,117,123
"6844",6864,1,7100,1,116,118,125
"6845",7052,1,4251,1,116,118,123
"6846",7323,1,13903,1,117,120,124
"6847",7998,1,9708,1,115,116,122
"6848",8042,1,6585,1,113,117,123
"6849",8579,1,11289,1,113,116,122
"6850",9245,1,8379,1,116,119,125
"6851",9548,1,5670,1,115,119,126
"6852",10455,1,11918,1,119,121,125
"6853",10562,1,2471,1,113,117,123
"6854",11245,1,5579,1,112,115,122
"6855",11466,1,7004,1,112,116,122
"6856",11785,1,6612,1,117,118,122
"6857",12707,1,8687,1,118,119,123
"6858",13233,1,5506,1,118,120,125
"6859",13527,1,12089,1,119,121,126
"6860",13811,1,4108,1,116,119,126
"6861",13864,1,5286,1,116,118,126
"6862",14346,1,12899,1,115,118,123
"6863",3,1,4274,1,118,119,123
"6864",470,1,13223,1,115,118,123
"6865",727,1,14346,1,119,120,126
"6866",1809,1,10030,1,115,117,123
"6867",2358,1,14711,1,118,120,124
"6868",2476,1,8042,1,119,120,126
"6869",2486,1,6455,1,119,120,124
"6870",2861,1,10880,1,118,119,124
"6871",2962,1,7486,1,119,120,124
"6872",3428,1,8928,1,118,119,126
"6873",3507,1,4089,1,120,122,127
"6874",3819,1,8379,1,117,118,124
"6875",3858,1,5464,1,119,121,129
"6876",4714,1,1334,1,118,119,125
"6877",5497,1,14711,1,117,118,123
"6878",5877,1,7787,1,115,119,123
"6879",5889,1,2861,1,120,121,126
"6880",5944,1,10878,1,120,121,127
"6881",6388,1,487,1,119,121,126
"6882",7251,1,2169,1,114,117,123
"6883",7710,1,3423,1,118,119,123
"6884",10248,1,6084,1,117,120,124
"6885",10321,1,12559,1,115,118,123
"6886",10479,1,4068,1,120,122,127
"6887",10637,1,2768,1,117,119,125
"6888",10867,1,6507,1,119,121,126
"6889",11113,1,10886,1,117,118,123
"6890",11311,1,12588,1,116,119,124
"6891",11391,1,56,1,115,117,124
"6892",11398,1,12024,1,117,120,126
"6893",13222,1,509,1,117,118,124
"6894",13287,1,8745,1,118,122,127
"6895",13755,1,6214,1,118,121,126
"6896",14622,1,3,1,120,121,125
"6897",174,1,10886,1,118,119,127
"6898",750,1,173,1,116,118,126
"6899",778,1,10715,1,114,115,124
"6900",856,1,3086,1,120,121,127
"6901",1180,1,1202,1,120,122,128
"6902",2048,1,8380,1,120,122,126
"6903",3039,1,4002,1,116,122,128
"6904",3530,1,8892,1,121,123,131
"6905",3554,1,12697,1,117,120,125
"6906",4089,1,8762,1,117,119,124
"6907",4862,1,9937,1,122,123,128
"6908",6318,1,6084,1,118,120,126
"6909",7285,1,12024,1,120,121,125
"6910",8059,1,4849,1,118,120,127
"6911",8502,1,220,1,120,123,128
"6912",8581,1,12346,1,120,122,126
"6913",8687,1,1073,1,115,117,124
"6914",8909,1,8579,1,117,119,125
"6915",9229,1,12172,1,120,121,129
"6916",9478,1,8977,1,118,120,124
"6917",9657,1,5673,1,117,120,125
"6918",10171,1,5271,1,118,121,128
"6919",10394,1,6747,1,117,119,125
"6920",11756,1,6864,1,121,123,128
"6921",11884,1,1037,1,121,123,127
"6922",13710,1,8579,1,117,119,125
"6923",14029,1,1871,1,121,123,129
"6924",160,1,3028,1,119,122,128
"6925",290,1,9478,1,121,123,128
"6926",1623,1,3428,1,121,122,126
"6927",1784,1,262,1,118,121,127
"6928",2049,1,3155,1,122,124,128
"6929",2057,1,8892,1,121,123,129
"6930",2290,1,2476,1,121,122,128
"6931",2701,1,9548,1,121,124,129
"6932",3480,1,12413,1,123,124,129
"6933",3731,1,13566,1,118,120,125
"6934",3751,1,3086,1,121,123,127
"6935",3827,1,10878,1,121,122,126
"6936",3958,1,7476,1,121,123,128
"6937",3984,1,5898,1,122,124,129
"6938",4596,1,6170,1,119,120,125
"6939",4949,1,470,1,119,121,126
"6940",5382,1,8781,1,120,122,129
"6941",5898,1,11391,1,117,121,125
"6942",5984,1,8892,1,119,121,125
"6943",6096,1,5905,1,121,122,127
"6944",6742,1,8604,1,120,122,126
"6945",6800,1,9247,1,119,121,126
"6946",7532,1,13788,1,118,121,126
"6947",7685,1,11918,1,118,121,129
"6948",8009,1,2861,1,121,123,130
"6949",8604,1,1809,1,117,119,125
"6950",8754,1,11399,1,116,118,125
"6951",8892,1,3274,1,116,119,126
"6952",9025,1,9021,1,121,123,128
"6953",9460,1,4139,1,119,123,128
"6954",10717,1,12710,1,121,124,128
"6955",10889,1,4343,1,117,119,125
"6956",11545,1,13294,1,120,121,125
"6957",11836,1,6742,1,123,124,130
"6958",12107,1,4359,1,120,121,126
"6959",12281,1,12875,1,123,124,129
"6960",12348,1,10246,1,117,118,126
"6961",12430,1,11391,1,118,122,126
"6962",12710,1,312,1,115,119,127
"6963",12823,1,2237,1,118,120,127
"6964",12875,1,9998,1,118,122,127
"6965",13538,1,534,1,120,121,125
"6966",1285,1,9762,1,123,125,129
"6967",1355,1,3,1,119,122,127
"6968",1995,1,1037,1,121,124,128
"6969",3155,1,11466,1,118,120,127
"6970",3159,1,778,1,119,121,127
"6971",3227,1,10878,1,119,121,126
"6972",3854,1,8757,1,118,119,126
"6973",4109,1,9025,1,124,125,131
"6974",4275,1,13294,1,123,124,129
"6975",4481,1,13233,1,121,122,126
"6976",4850,1,13566,1,118,121,127
"6977",5048,1,3819,1,120,121,126
"6978",5488,1,5759,1,119,122,129
"6979",6232,1,8808,1,122,123,132
"6980",6314,1,4068,1,120,123,128
"6981",6325,1,12222,1,123,125,130
"6982",6341,1,8808,1,122,123,126
"6983",6551,1,6864,1,120,122,127
"6984",6985,1,3838,1,120,124,128
"6985",8368,1,3499,1,121,122,126
"6986",8431,1,11574,1,121,122,127
"6987",8566,1,11621,1,123,125,130
"6988",8808,1,8757,1,118,120,126
"6989",8836,1,8808,1,121,122,126
"6990",9762,1,13222,1,119,123,126
"6991",9832,1,4243,1,122,125,132
"6992",12093,1,13576,1,114,118,126
"6993",12222,1,2543,1,120,121,126
"6994",12413,1,9478,1,121,122,126
"6995",14143,1,14365,1,123,125,131
"6996",14424,1,7685,1,122,125,131
"6997",333,1,5877,1,120,126,132
"6998",657,1,12089,1,119,122,129
"6999",1143,1,262,1,119,122,128
"7000",1786,1,6238,1,121,123,128
"7001",1867,1,6388,1,122,125,131
"7002",2264,1,1005,1,121,123,127
"7003",2313,1,11545,1,122,125,131
"7004",2805,1,2861,1,119,124,129
"7005",2868,1,3499,1,123,125,130
"7006",4748,1,8015,1,125,126,130
"7007",7524,1,3958,1,124,126,131
"7008",8176,1,8502,1,125,126,130
"7009",8296,1,4949,1,122,123,129
"7010",8351,1,10639,1,118,122,127
"7011",8452,1,4139,1,120,122,127
"7012",9021,1,10880,1,118,120,127
"7013",9937,1,174,1,120,122,128
"7014",10292,1,11429,1,125,126,130
"7015",10962,1,5414,1,124,125,130
"7016",11761,1,12413,1,123,125,131
"7017",11788,1,6096,1,123,125,132
"7018",12023,1,4640,1,122,124,130
"7019",12424,1,6551,1,125,126,132
"7020",12726,1,5905,1,122,124,131
"7021",13161,1,13811,1,120,122,129
"7022",13489,1,14143,1,125,126,131
"7023",13681,1,5488,1,124,125,130
"7024",13881,1,5944,1,122,124,129
"7025",14356,1,8754,1,119,122,127
"7026",14365,1,8231,1,119,121,128
"7027",14415,1,8948,1,121,123,129
"7028",14610,1,4949,1,122,124,129
"7029",66,1,5488,1,123,126,130
"7030",1621,1,4481,1,123,124,132
"7031",1646,1,2271,1,120,123,129
"7032",1970,1,2264,1,124,125,131
"7033",2732,1,1180,1,123,126,131
"7034",2857,1,657,1,123,126,132
"7035",2972,1,4481,1,123,125,131
"7036",3418,1,6864,1,122,124,129
"7037",3761,1,14365,1,122,123,128
"7038",4146,1,1334,1,121,123,128
"7039",4973,1,10878,1,121,123,129
"7040",5188,1,1355,1,123,125,130
"7041",5649,1,11884,1,124,126,130
"7042",6429,1,3507,1,123,126,131
"7043",7155,1,2476,1,122,123,130
"7044",7452,1,5488,1,124,125,130
"7045",7538,1,1005,1,122,124,129
"7046",7599,1,10889,1,121,122,128
"7047",8015,1,4068,1,120,124,130
"7048",8689,1,856,1,123,125,131
"7049",8736,1,8979,1,118,123,129
"7050",8948,1,7486,1,120,121,128
"7051",11189,1,11884,1,124,126,133
"7052",12788,1,1285,1,125,127,133
"7053",13085,1,7710,1,120,124,129
"7054",13118,1,4364,1,121,123,128
"7055",14345,1,12712,1,126,127,133
"7056",14596,1,13118,1,124,125,130
"7057",494,1,5414,1,125,126,130
"7058",725,1,1826,1,127,128,133
"7059",1826,1,4481,1,125,126,131
"7060",1840,1,3430,1,121,124,129
"7061",2195,1,160,1,123,125,130
"7062",2890,1,2486,1,121,123,129
"7063",3125,1,8351,1,125,126,131
"7064",4154,1,11918,1,120,123,132
"7065",5058,1,2195,1,126,127,132
"7066",5079,1,2701,1,125,127,131
"7067",5136,1,6314,1,123,126,131
"7068",5155,1,5488,1,123,126,132
"7069",5414,1,8604,1,121,124,129
"7070",5439,1,7642,1,123,127,131
"7071",6036,1,5944,1,123,125,130
"7072",6257,1,8502,1,125,126,132
"7073",6775,1,6551,1,124,126,130
"7074",7295,1,8296,1,124,125,130
"7075",7642,1,4364,1,120,121,129
"7076",8166,1,10717,1,125,127,132
"7077",8651,1,6388,1,123,125,131
"7078",8953,1,657,1,123,125,131
"7079",9190,1,10889,1,121,123,129
"7080",9538,1,9548,1,120,121,129
"7081",10086,1,9937,1,123,125,130
"7082",11485,1,7155,1,123,125,130
"7083",12546,1,12823,1,122,123,129
"7084",12712,1,14622,1,122,124,131
"7085",14743,1,9937,1,122,125,130
"7086",132,1,494,1,128,129,134
"7087",440,1,12430,1,124,126,132
"7088",1078,1,1970,1,126,128,132
"7089",1239,1,12107,1,123,125,130
"7090",2143,1,6232,1,125,126,132
"7091",2184,1,7285,1,121,124,131
"7092",2336,1,11612,1,128,129,133
"7093",2749,1,11836,1,126,127,133
"7094",3008,1,14029,1,124,128,132
"7095",3756,1,10717,1,125,126,130
"7096",3949,1,7965,1,125,127,131
"7097",4023,1,1646,1,125,126,131
"7098",4607,1,1867,1,127,129,135
"7099",4804,1,2868,1,126,127,131
"7100",4927,1,8566,1,127,129,138
"7101",5169,1,14029,1,124,126,131
"7102",5393,1,10867,1,124,127,131
"7103",5593,1,9991,1,128,129,133
"7104",6605,1,12546,1,124,126,130
"7105",7347,1,2868,1,127,128,133
"7106",7965,1,14365,1,123,125,132
"7107",8369,1,8009,1,123,126,131
"7108",9543,1,4275,1,125,127,130
"7109",9991,1,10867,1,123,126,131
"7110",10738,1,5155,1,127,128,134
"7111",11295,1,11788,1,126,128,134
"7112",11429,1,5271,1,119,124,130
"7113",13235,1,1621,1,125,127,132
"7114",439,1,440,1,127,128,134
"7115",932,1,10889,1,121,124,133
"7116",1642,1,8953,1,126,128,135
"7117",1713,1,3418,1,125,126,132
"7118",1878,1,8166,1,129,130,135
"7119",2335,1,9460,1,124,127,132
"7120",4370,1,13067,1,123,126,134
"7121",4975,1,3530,1,124,126,132
"7122",5119,1,6314,1,126,129,134
"7123",5709,1,2732,1,128,130,136
"7124",6839,1,3480,1,126,128,134
"7125",7330,1,9460,1,124,127,136
"7126",7400,1,1143,1,125,127,133
"7127",11011,1,3756,1,127,128,133
"7128",11612,1,4975,1,127,128,134
"7129",12597,1,12023,1,126,128,132
"7130",12685,1,9991,1,127,129,133
"7131",14153,1,5984,1,122,125,131
"7132",1273,1,11011,1,129,130,134
"7133",1473,1,13235,1,128,130,137
"7134",1594,1,1285,1,126,128,133
"7135",1949,1,1285,1,126,129,133
"7136",3489,1,2335,1,128,130,135
"7137",4814,1,14356,1,124,128,134
"7138",5045,1,1239,1,127,128,132
"7139",5070,1,8418,1,129,131,136
"7140",5317,1,4275,1,125,128,134
"7141",5930,1,1826,1,128,130,137
"7142",5996,1,5439,1,127,130,135
"7143",7043,1,1840,1,125,129,133
"7144",7947,1,14153,1,127,128,133
"7145",10104,1,2868,1,126,129,134
"7146",10753,1,12726,1,125,126,133
"7147",11087,1,301,1,121,125,132
"7148",11734,1,7155,1,124,126,132
"7149",12975,1,13161,1,128,130,137
"7150",14166,1,11761,1,126,127,133
"7151",1209,1,1713,1,128,130,134
"7152",1609,1,132,1,130,132,136
"7153",3638,1,1594,1,129,130,135
"7154",4031,1,11612,1,130,131,136
"7155",4939,1,3949,1,128,130,134
"7156",7027,1,5649,1,127,129,135
"7157",8370,1,13960,1,129,131,136
"7158",9100,1,1180,1,124,126,133
"7159",9215,1,5079,1,128,129,134
"7160",10197,1,13118,1,124,127,133
"7161",10864,1,8605,1,130,131,136
"7162",12179,1,66,1,127,129,134
"7163",13401,1,12788,1,128,131,134
"7164",13704,1,6036,1,127,130,136
"7165",13960,1,9832,1,126,128,133
"7166",14401,1,10197,1,128,130,137
"7167",365,1,7400,1,128,130,135
"7168",1339,1,8369,1,128,132,137
"7169",2282,1,1143,1,125,130,134
"7170",2333,1,5393,1,130,132,138
"7171",2541,1,1949,1,130,131,139
"7172",3820,1,66,1,128,130,135
"7173",4061,1,13960,1,130,132,137
"7174",4062,1,5058,1,128,130,137
"7175",4511,1,14143,1,127,128,134
"7176",6256,1,7947,1,129,130,134
"7177",9623,1,8836,1,124,126,134
"7178",9693,1,8166,1,129,131,138
"7179",10676,1,7295,1,126,128,135
"7180",13399,1,4511,1,129,131,137
"7181",781,1,10676,1,129,130,135
"7182",1131,1,7452,1,127,130,135
"7183",1243,1,7027,1,131,133,139
"7184",1785,1,2335,1,129,131,136
"7185",2539,1,5593,1,131,133,138
"7186",3559,1,2749,1,129,131,136
"7187",4174,1,10753,1,128,130,135
"7188",5162,1,6839,1,130,132,138
"7189",6322,1,440,1,127,130,135
"7190",7230,1,7027,1,129,130,137
"7191",7565,1,932,1,126,131,137
"7192",8605,1,2313,1,126,128,135
"7193",8737,1,8166,1,129,130,135
"7194",9703,1,8566,1,126,130,135
"7195",10039,1,5930,1,131,133,136
"7196",10437,1,7330,1,128,129,135
"7197",11072,1,7609,1,132,134,138
"7198",11804,1,5414,1,127,129,136
"7199",12580,1,1949,1,130,132,137
"7200",13088,1,7347,1,129,131,136
"7201",1787,1,2541,1,132,134,140
"7202",4548,1,11804,1,130,131,136
"7203",7689,1,12453,1,133,134,140
"7204",8418,1,8736,1,125,128,136
"7205",10009,1,5439,1,128,130,136
"7206",11535,1,132,1,132,133,139
"7207",12063,1,7330,1,129,133,139
"7208",12453,1,12685,1,130,132,137
"7209",12863,1,7043,1,131,133,138
"7210",12864,1,10197,1,129,132,139
"7211",13320,1,10039,1,134,135,141
"7212",13536,1,4748,1,128,131,136
"7213",14170,1,10676,1,130,132,136
"7214",5,1,2017,1,133,136,141
"7215",738,1,7330,1,130,132,138
"7216",871,1,8777,1,134,135,140
"7217",1808,1,1273,1,131,132,137
"7218",2227,1,1594,1,131,134,142
"7219",2429,1,9693,1,132,133,139
"7220",4539,1,5079,1,130,132,138
"7221",5164,1,11804,1,132,135,139
"7222",5362,1,6950,1,135,136,142
"7223",5406,1,12579,1,135,136,140
"7224",5988,1,7043,1,131,132,140
"7225",5991,1,5439,1,130,132,138
"7226",6386,1,7292,1,132,136,143
"7227",6950,1,1949,1,132,133,138
"7228",7292,1,5317,1,130,131,138
"7229",7609,1,5317,1,129,131,138
"7230",8494,1,7292,1,132,135,140
"7231",8777,1,2336,1,131,133,139
"7232",10673,1,2282,1,131,134,139
"7233",12579,1,3820,1,133,134,139
"7234",12997,1,5317,1,129,133,139
"7235",14215,1,9703,1,130,132,138
"7236",732,1,365,1,131,133,139
"7237",1890,1,9693,1,132,133,140
"7238",2103,1,1808,1,133,134,141
"7239",2292,1,7565,1,134,136,143
"7240",2436,1,2333,1,134,136,140
"7241",4261,1,2429,1,135,136,140
"7242",6378,1,10039,1,133,135,138
"7243",9905,1,8777,1,134,136,141
"7244",10019,1,1339,1,133,135,139
"7245",10352,1,5593,1,130,131,138
"7246",12192,1,8370,1,132,133,140
"7247",12812,1,4548,1,133,135,140
"7248",13402,1,2017,1,133,136,141
"7249",614,1,5991,1,133,135,139
"7250",2017,1,3638,1,131,132,139
"7251",2098,1,3319,1,136,137,141
"7252",2735,1,1273,1,131,133,139
"7253",8226,1,14401,1,131,134,141
"7254",8660,1,5169,1,129,131,139
"7255",10631,1,439,1,130,133,141
"7256",12729,1,7043,1,131,133,139
"7257",13142,1,10019,1,136,138,144
"7258",13725,1,8226,1,136,138,142
"7259",695,1,2227,1,137,138,142
"7260",723,1,12579,1,136,138,143
"7261",3746,1,7027,1,131,133,140
"7262",4102,1,5070,1,133,135,143
"7263",5695,1,2539,1,134,137,140
"7264",7091,1,2436,1,138,139,143
"7265",7703,1,2539,1,134,136,142
"7266",7805,1,732,1,134,138,143
"7267",8066,1,871,1,136,137,141
"7268",9513,1,4174,1,133,136,142
"7269",9565,1,2227,1,135,137,141
"7270",11095,1,8066,1,138,139,144
"7271",11457,1,12063,1,135,137,143
"7272",12907,1,2103,1,136,138,145
"7273",13216,1,7292,1,132,135,141
"7274",3020,1,5988,1,133,134,141
"7275",3319,1,13088,1,132,135,142
"7276",3438,1,2227,1,136,137,143
"7277",3696,1,2103,1,136,138,143
"7278",4191,1,11457,1,137,139,143
"7279",6646,1,2735,1,134,136,141
"7280",8677,1,5164,1,136,139,143
"7281",11913,1,12453,1,135,136,141
"7282",13454,1,6378,1,136,140,148
"7283",13554,1,12192,1,134,137,143
"7284",14766,1,4607,1,134,136,142
"7285",585,1,8660,1,132,135,142
"7286",1387,1,5,1,139,141,148
"7287",1398,1,11095,1,140,141,147
"7288",1441,1,3638,1,132,137,142
"7289",2124,1,6646,1,138,140,145
"7290",2557,1,871,1,136,139,143
"7291",4642,1,6378,1,137,139,146
"7292",6065,1,3020,1,135,137,145
"7293",6424,1,439,1,130,135,142
"7294",11041,1,6386,1,137,140,144
"7295",11902,1,13320,1,135,136,142
"7296",12390,1,9565,1,139,141,145
"7297",14046,1,2539,1,135,138,143
"7298",14300,1,4642,1,140,141,148
"7299",2070,1,4642,1,140,141,148
"7300",2820,1,7703,1,137,138,144
"7301",3172,1,2124,1,141,142,150
"7302",3484,1,3438,1,138,139,143
"7303",7975,1,5695,1,138,140,146
"7304",9461,1,11095,1,140,141,146
"7305",10257,1,11913,1,137,139,144
"7306",10961,1,13725,1,139,142,147
"7307",11365,1,8066,1,139,141,145
"7308",1706,1,12907,1,139,142,147
"7309",3060,1,2124,1,141,143,147
"7310",4510,1,10257,1,142,143,149
"7311",5090,1,871,1,136,138,145
"7312",7545,1,723,1,140,141,145
"7313",8483,1,3638,1,134,138,146
"7314",9818,1,695,1,139,143,150
"7315",10650,1,7728,1,140,142,147
"7316",14016,1,11457,1,141,142,146
"7317",3424,1,11041,1,141,142,148
"7318",5175,1,7091,1,140,141,147
"7319",6666,1,9488,1,143,144,149
"7320",7728,1,8494,1,136,139,146
"7321",8874,1,2070,1,141,142,146
"7322",11850,1,10961,1,142,144,151
"7323",13189,1,7805,1,139,141,145
"7324",13270,1,11095,1,140,142,147
"7325",1738,1,8066,1,139,142,148
"7326",2937,1,7975,1,141,144,150
"7327",3917,1,2098,1,138,142,146
"7328",5607,1,3917,1,143,145,151
"7329",6999,1,5090,1,140,143,149
"7330",7046,1,13454,1,141,144,148
"7331",10422,1,11365,1,142,143,149
"7332",11552,1,1706,1,143,145,150
"7333",13832,1,1398,1,142,143,148
"7334",14270,1,13832,1,144,145,150
"7335",6995,1,7975,1,141,142,148
"7336",9469,1,9565,1,138,141,150
"7337",10262,1,3917,1,144,146,150
"7338",11158,1,7805,1,139,141,147
"7339",1360,1,8677,1,141,145,151
"7340",2548,1,1706,1,143,144,148
"7341",4934,1,7091,1,140,143,148
"7342",9104,1,7046,1,145,147,152
"7343",9488,1,3484,1,140,142,148
"7344",9625,1,4934,1,144,146,151
"7345",11344,1,13454,1,142,145,152
"7346",1021,1,6995,1,143,144,150
"7347",3488,1,9013,1,146,148,151
"7348",5399,1,9013,1,147,148,153
"7349",8950,1,3060,1,144,147,151
"7350",11083,1,1706,1,144,145,149
"7351",12954,1,7545,1,142,144,149
"7352",4264,1,10262,1,147,149,154
"7353",9013,1,11158,1,143,145,151
"7354",10303,1,1738,1,143,145,153
"7355",11542,1,6065,1,143,145,151
"7356",12612,1,11083,1,147,148,153
"7357",14461,1,1021,1,146,147,153
"7358",1307,1,9104,1,148,150,155
"7359",1454,1,12954,1,145,147,152
"7360",4914,1,9818,1,144,146,151
"7361",13117,1,9625,1,147,149,152
"7362",3692,1,9625,1,147,149,154
"7363",12964,1,1021,1,145,150,154
"7364",10720,1,3488,1,148,150,156
"7365",3390,1,4914,1,148,151,156
"7366",8261,1,4914,1,147,148,154
"7367",11927,1,6666,1,147,149,155
"7368",12145,1,1454,1,149,151,156
"7369",1829,1,11927,1,150,151,158
"7370",6790,1,1829,1,152,154,160
"7371",10300,1,12612,1,150,152,156
"7372",10780,1,12612,1,148,153,157
"7373",5459,1,3488,1,150,152,160
"7374",9340,1,10300,1,154,156,161
"7375",8897,1,9616,1,156,157,163
"7376",9616,1,10300,1,153,154,160
"7377",10744,1,10780,1,153,156,160
"7378",6872,1,10744,1,157,158,163
"7379",4741,1,12612,1,151,157,162
"7380",6632,1,6872,1,158,160,164
"7381",9829,1,6872,1,158,160,165
"7382",13050,1,9340,1,157,159,163
"7383",7302,1,13050,1,160,162,168
"7384",12149,1,7302,1,164,166,170
"7385",8487,1,7302,1,165,166,170
