"","name","group","host","ref_strain","collection_time","sample_number"
"1","01_10449_0001_01",1,10449,"ref_strain",1,1
"2","01_6148_0002_01",1,6148,"ref_strain",2,1
"3","01_8428_0002_01",1,8428,"ref_strain",2,1
"4","01_0519_0003_01",1,519,"ref_strain",3,1
"5","01_9531_0004_01",1,9531,"ref_strain",4,1
"6","01_4304_0005_01",1,4304,"ref_strain",5,1
"7","01_9955_0005_01",1,9955,"ref_strain",5,1
"8","01_3993_0006_01",1,3993,"ref_strain",6,1
"9","01_14282_0007_01",1,14282,"ref_strain",7,1
"10","01_12643_0008_01",1,12643,"ref_strain",8,1
"11","01_1254_0009_01",1,1254,"ref_strain",9,1
"12","01_2113_0009_01",1,2113,"ref_strain",9,1
"13","01_5053_0010_01",1,5053,"ref_strain",10,1
"14","01_5346_0010_01",1,5346,"ref_strain",10,1
"15","01_9753_0011_01",1,9753,"ref_strain",11,1
"16","01_0731_0012_01",1,731,"ref_strain",12,1
"17","01_2119_0014_01",1,2119,"ref_strain",14,1
"18","01_5403_0014_01",1,5403,"ref_strain",14,1
"19","01_6215_0014_01",1,6215,"ref_strain",14,1
"20","01_4185_0015_01",1,4185,"ref_strain",15,1
"21","01_1518_0016_01",1,1518,"ref_strain",16,1
"22","01_7689_0016_01",1,7689,"ref_strain",16,1
"23","01_6029_0019_01",1,6029,"ref_strain",19,1
"24","01_11543_0019_01",1,11543,"ref_strain",19,1
"25","01_14517_0019_01",1,14517,"ref_strain",19,1
"26","01_0366_0020_01",1,366,"ref_strain",20,1
"27","01_0847_0020_01",1,847,"ref_strain",20,1
"28","01_2970_0020_01",1,2970,"ref_strain",20,1
"29","01_11355_0020_01",1,11355,"ref_strain",20,1
"30","01_0589_0021_01",1,589,"ref_strain",21,1
"31","01_3843_0021_01",1,3843,"ref_strain",21,1
"32","01_7894_0022_01",1,7894,"ref_strain",22,1
"33","01_11513_0022_01",1,11513,"ref_strain",22,1
"34","01_12100_0022_01",1,12100,"ref_strain",22,1
"35","01_11915_0024_01",1,11915,"ref_strain",24,1
"36","01_0527_0025_01",1,527,"ref_strain",25,1
"37","01_2264_0025_01",1,2264,"ref_strain",25,1
"38","01_9873_0025_01",1,9873,"ref_strain",25,1
"39","01_10832_0025_01",1,10832,"ref_strain",25,1
"40","01_5351_0027_01",1,5351,"ref_strain",27,1
"41","01_11171_0027_01",1,11171,"ref_strain",27,1
"42","01_13815_0027_01",1,13815,"ref_strain",27,1
"43","01_6266_0028_01",1,6266,"ref_strain",28,1
"44","01_6872_0028_01",1,6872,"ref_strain",28,1
"45","01_7804_0028_01",1,7804,"ref_strain",28,1
"46","01_11358_0028_01",1,11358,"ref_strain",28,1
"47","01_14385_0028_01",1,14385,"ref_strain",28,1
"48","01_12340_0029_01",1,12340,"ref_strain",29,1
"49","01_13977_0029_01",1,13977,"ref_strain",29,1
"50","01_2465_0030_01",1,2465,"ref_strain",30,1
"51","01_8231_0030_01",1,8231,"ref_strain",30,1
"52","01_7888_0031_01",1,7888,"ref_strain",31,1
"53","01_11123_0031_01",1,11123,"ref_strain",31,1
"54","01_9827_0032_01",1,9827,"ref_strain",32,1
"55","01_13295_0032_01",1,13295,"ref_strain",32,1
"56","01_0897_0033_01",1,897,"ref_strain",33,1
"57","01_2170_0033_01",1,2170,"ref_strain",33,1
"58","01_9565_0033_01",1,9565,"ref_strain",33,1
"59","01_10031_0033_01",1,10031,"ref_strain",33,1
"60","01_14213_0033_01",1,14213,"ref_strain",33,1
"61","01_3107_0034_01",1,3107,"ref_strain",34,1
"62","01_6150_0034_01",1,6150,"ref_strain",34,1
"63","01_11516_0034_01",1,11516,"ref_strain",34,1
"64","01_12410_0034_01",1,12410,"ref_strain",34,1
"65","01_11320_0035_01",1,11320,"ref_strain",35,1
"66","01_13580_0035_01",1,13580,"ref_strain",35,1
"67","01_6774_0036_01",1,6774,"ref_strain",36,1
"68","01_8940_0036_01",1,8940,"ref_strain",36,1
"69","01_9995_0036_01",1,9995,"ref_strain",36,1
"70","01_10770_0036_01",1,10770,"ref_strain",36,1
"71","01_12873_0036_01",1,12873,"ref_strain",36,1
"72","01_2098_0037_01",1,2098,"ref_strain",37,1
"73","01_5668_0037_01",1,5668,"ref_strain",37,1
"74","01_8298_0037_01",1,8298,"ref_strain",37,1
"75","01_9047_0037_01",1,9047,"ref_strain",37,1
"76","01_7458_0038_01",1,7458,"ref_strain",38,1
"77","01_7732_0038_01",1,7732,"ref_strain",38,1
"78","01_8223_0038_01",1,8223,"ref_strain",38,1
"79","01_9450_0038_01",1,9450,"ref_strain",38,1
"80","01_11405_0038_01",1,11405,"ref_strain",38,1
"81","01_0711_0039_01",1,711,"ref_strain",39,1
"82","01_2992_0039_01",1,2992,"ref_strain",39,1
"83","01_3496_0039_01",1,3496,"ref_strain",39,1
"84","01_6776_0039_01",1,6776,"ref_strain",39,1
"85","01_6971_0039_01",1,6971,"ref_strain",39,1
"86","01_10096_0039_01",1,10096,"ref_strain",39,1
"87","01_10805_0039_01",1,10805,"ref_strain",39,1
"88","01_6477_0040_01",1,6477,"ref_strain",40,1
"89","01_7260_0040_01",1,7260,"ref_strain",40,1
"90","01_7712_0040_01",1,7712,"ref_strain",40,1
"91","01_9363_0040_01",1,9363,"ref_strain",40,1
"92","01_13336_0040_01",1,13336,"ref_strain",40,1
"93","01_2558_0041_01",1,2558,"ref_strain",41,1
"94","01_8353_0041_01",1,8353,"ref_strain",41,1
"95","01_8734_0041_01",1,8734,"ref_strain",41,1
"96","01_11684_0041_01",1,11684,"ref_strain",41,1
"97","01_1047_0042_01",1,1047,"ref_strain",42,1
"98","01_1134_0042_01",1,1134,"ref_strain",42,1
"99","01_3737_0042_01",1,3737,"ref_strain",42,1
"100","01_5119_0042_01",1,5119,"ref_strain",42,1
"101","01_6104_0042_01",1,6104,"ref_strain",42,1
"102","01_6475_0042_01",1,6475,"ref_strain",42,1
"103","01_14198_0042_01",1,14198,"ref_strain",42,1
"104","01_2418_0043_01",1,2418,"ref_strain",43,1
"105","01_4189_0043_01",1,4189,"ref_strain",43,1
"106","01_12394_0043_01",1,12394,"ref_strain",43,1
"107","01_13916_0043_01",1,13916,"ref_strain",43,1
"108","01_2399_0044_01",1,2399,"ref_strain",44,1
"109","01_3829_0044_01",1,3829,"ref_strain",44,1
"110","01_2363_0045_01",1,2363,"ref_strain",45,1
"111","01_3194_0045_01",1,3194,"ref_strain",45,1
"112","01_3230_0045_01",1,3230,"ref_strain",45,1
"113","01_3853_0045_01",1,3853,"ref_strain",45,1
"114","01_4918_0045_01",1,4918,"ref_strain",45,1
"115","01_5043_0045_01",1,5043,"ref_strain",45,1
"116","01_6182_0045_01",1,6182,"ref_strain",45,1
"117","01_9549_0045_01",1,9549,"ref_strain",45,1
"118","01_12507_0045_01",1,12507,"ref_strain",45,1
"119","01_13226_0045_01",1,13226,"ref_strain",45,1
"120","01_6297_0046_01",1,6297,"ref_strain",46,1
"121","01_7087_0046_01",1,7087,"ref_strain",46,1
"122","01_9595_0046_01",1,9595,"ref_strain",46,1
"123","01_10715_0046_01",1,10715,"ref_strain",46,1
"124","01_11222_0046_01",1,11222,"ref_strain",46,1
"125","01_12545_0046_01",1,12545,"ref_strain",46,1
"126","01_0468_0047_01",1,468,"ref_strain",47,1
"127","01_3919_0047_01",1,3919,"ref_strain",47,1
"128","01_5701_0047_01",1,5701,"ref_strain",47,1
"129","01_6915_0047_01",1,6915,"ref_strain",47,1
"130","01_8181_0047_01",1,8181,"ref_strain",47,1
"131","01_12991_0047_01",1,12991,"ref_strain",47,1
"132","01_4472_0048_01",1,4472,"ref_strain",48,1
"133","01_6369_0048_01",1,6369,"ref_strain",48,1
"134","01_6705_0048_01",1,6705,"ref_strain",48,1
"135","01_8467_0048_01",1,8467,"ref_strain",48,1
"136","01_12492_0048_01",1,12492,"ref_strain",48,1
"137","01_1018_0049_01",1,1018,"ref_strain",49,1
"138","01_5313_0049_01",1,5313,"ref_strain",49,1
"139","01_7012_0049_01",1,7012,"ref_strain",49,1
"140","01_12096_0049_01",1,12096,"ref_strain",49,1
"141","01_3143_0050_01",1,3143,"ref_strain",50,1
"142","01_4614_0050_01",1,4614,"ref_strain",50,1
"143","01_5499_0050_01",1,5499,"ref_strain",50,1
"144","01_6300_0050_01",1,6300,"ref_strain",50,1
"145","01_7695_0050_01",1,7695,"ref_strain",50,1
"146","01_7940_0050_01",1,7940,"ref_strain",50,1
"147","01_8151_0050_01",1,8151,"ref_strain",50,1
"148","01_10695_0050_01",1,10695,"ref_strain",50,1
"149","01_11748_0050_01",1,11748,"ref_strain",50,1
"150","01_4138_0051_01",1,4138,"ref_strain",51,1
"151","01_5115_0051_01",1,5115,"ref_strain",51,1
"152","01_5427_0051_01",1,5427,"ref_strain",51,1
"153","01_5752_0051_01",1,5752,"ref_strain",51,1
"154","01_6648_0051_01",1,6648,"ref_strain",51,1
"155","01_9397_0051_01",1,9397,"ref_strain",51,1
"156","01_1632_0052_01",1,1632,"ref_strain",52,1
"157","01_2707_0052_01",1,2707,"ref_strain",52,1
"158","01_5792_0052_01",1,5792,"ref_strain",52,1
"159","01_5842_0052_01",1,5842,"ref_strain",52,1
"160","01_7099_0052_01",1,7099,"ref_strain",52,1
"161","01_8240_0052_01",1,8240,"ref_strain",52,1
"162","01_10100_0052_01",1,10100,"ref_strain",52,1
"163","01_13314_0052_01",1,13314,"ref_strain",52,1
"164","01_1203_0053_01",1,1203,"ref_strain",53,1
"165","01_2123_0053_01",1,2123,"ref_strain",53,1
"166","01_2313_0053_01",1,2313,"ref_strain",53,1
"167","01_2430_0053_01",1,2430,"ref_strain",53,1
"168","01_2679_0053_01",1,2679,"ref_strain",53,1
"169","01_3158_0053_01",1,3158,"ref_strain",53,1
"170","01_4030_0053_01",1,4030,"ref_strain",53,1
"171","01_4807_0053_01",1,4807,"ref_strain",53,1
"172","01_7803_0053_01",1,7803,"ref_strain",53,1
"173","01_11360_0053_01",1,11360,"ref_strain",53,1
"174","01_0284_0054_01",1,284,"ref_strain",54,1
"175","01_2651_0054_01",1,2651,"ref_strain",54,1
"176","01_3083_0054_01",1,3083,"ref_strain",54,1
"177","01_5266_0054_01",1,5266,"ref_strain",54,1
"178","01_7290_0054_01",1,7290,"ref_strain",54,1
"179","01_11116_0054_01",1,11116,"ref_strain",54,1
"180","01_13947_0054_01",1,13947,"ref_strain",54,1
"181","01_14022_0054_01",1,14022,"ref_strain",54,1
"182","01_14049_0054_01",1,14049,"ref_strain",54,1
"183","01_14504_0054_01",1,14504,"ref_strain",54,1
"184","01_1747_0055_01",1,1747,"ref_strain",55,1
"185","01_2998_0055_01",1,2998,"ref_strain",55,1
"186","01_3910_0055_01",1,3910,"ref_strain",55,1
"187","01_4663_0055_01",1,4663,"ref_strain",55,1
"188","01_5369_0055_01",1,5369,"ref_strain",55,1
"189","01_8021_0055_01",1,8021,"ref_strain",55,1
"190","01_8642_0055_01",1,8642,"ref_strain",55,1
"191","01_10423_0055_01",1,10423,"ref_strain",55,1
"192","01_11719_0055_01",1,11719,"ref_strain",55,1
"193","01_12348_0055_01",1,12348,"ref_strain",55,1
"194","01_14380_0055_01",1,14380,"ref_strain",55,1
"195","01_0712_0056_01",1,712,"ref_strain",56,1
"196","01_0948_0056_01",1,948,"ref_strain",56,1
"197","01_1366_0056_01",1,1366,"ref_strain",56,1
"198","01_4552_0056_01",1,4552,"ref_strain",56,1
"199","01_5196_0056_01",1,5196,"ref_strain",56,1
"200","01_6171_0056_01",1,6171,"ref_strain",56,1
"201","01_6839_0056_01",1,6839,"ref_strain",56,1
"202","01_7010_0056_01",1,7010,"ref_strain",56,1
"203","01_9442_0056_01",1,9442,"ref_strain",56,1
"204","01_9523_0056_01",1,9523,"ref_strain",56,1
"205","01_12468_0056_01",1,12468,"ref_strain",56,1
"206","01_14320_0056_01",1,14320,"ref_strain",56,1
"207","01_2381_0057_01",1,2381,"ref_strain",57,1
"208","01_2582_0057_01",1,2582,"ref_strain",57,1
"209","01_2825_0057_01",1,2825,"ref_strain",57,1
"210","01_3836_0057_01",1,3836,"ref_strain",57,1
"211","01_5117_0057_01",1,5117,"ref_strain",57,1
"212","01_5348_0057_01",1,5348,"ref_strain",57,1
"213","01_5455_0057_01",1,5455,"ref_strain",57,1
"214","01_7933_0057_01",1,7933,"ref_strain",57,1
"215","01_8022_0057_01",1,8022,"ref_strain",57,1
"216","01_9058_0057_01",1,9058,"ref_strain",57,1
"217","01_0600_0058_01",1,600,"ref_strain",58,1
"218","01_1195_0058_01",1,1195,"ref_strain",58,1
"219","01_1759_0058_01",1,1759,"ref_strain",58,1
"220","01_4282_0058_01",1,4282,"ref_strain",58,1
"221","01_4310_0058_01",1,4310,"ref_strain",58,1
"222","01_5731_0058_01",1,5731,"ref_strain",58,1
"223","01_6208_0058_01",1,6208,"ref_strain",58,1
"224","01_6212_0058_01",1,6212,"ref_strain",58,1
"225","01_7833_0058_01",1,7833,"ref_strain",58,1
"226","01_9525_0058_01",1,9525,"ref_strain",58,1
"227","01_9945_0058_01",1,9945,"ref_strain",58,1
"228","01_10886_0058_01",1,10886,"ref_strain",58,1
"229","01_12258_0058_01",1,12258,"ref_strain",58,1
"230","01_12642_0058_01",1,12642,"ref_strain",58,1
"231","01_12668_0058_01",1,12668,"ref_strain",58,1
"232","01_12700_0058_01",1,12700,"ref_strain",58,1
"233","01_0738_0059_01",1,738,"ref_strain",59,1
"234","01_1629_0059_01",1,1629,"ref_strain",59,1
"235","01_2369_0059_01",1,2369,"ref_strain",59,1
"236","01_2709_0059_01",1,2709,"ref_strain",59,1
"237","01_4307_0059_01",1,4307,"ref_strain",59,1
"238","01_4621_0059_01",1,4621,"ref_strain",59,1
"239","01_5318_0059_01",1,5318,"ref_strain",59,1
"240","01_5859_0059_01",1,5859,"ref_strain",59,1
"241","01_8042_0059_01",1,8042,"ref_strain",59,1
"242","01_9055_0059_01",1,9055,"ref_strain",59,1
"243","01_10437_0059_01",1,10437,"ref_strain",59,1
"244","01_10506_0059_01",1,10506,"ref_strain",59,1
"245","01_10876_0059_01",1,10876,"ref_strain",59,1
"246","01_1714_0060_01",1,1714,"ref_strain",60,1
"247","01_2517_0060_01",1,2517,"ref_strain",60,1
"248","01_2916_0060_01",1,2916,"ref_strain",60,1
"249","01_3479_0060_01",1,3479,"ref_strain",60,1
"250","01_3574_0060_01",1,3574,"ref_strain",60,1
"251","01_3642_0060_01",1,3642,"ref_strain",60,1
"252","01_4134_0060_01",1,4134,"ref_strain",60,1
"253","01_5466_0060_01",1,5466,"ref_strain",60,1
"254","01_7294_0060_01",1,7294,"ref_strain",60,1
"255","01_10611_0060_01",1,10611,"ref_strain",60,1
"256","01_10910_0060_01",1,10910,"ref_strain",60,1
"257","01_12767_0060_01",1,12767,"ref_strain",60,1
"258","01_13429_0060_01",1,13429,"ref_strain",60,1
"259","01_13708_0060_01",1,13708,"ref_strain",60,1
"260","01_14294_0060_01",1,14294,"ref_strain",60,1
"261","01_0016_0061_01",1,16,"ref_strain",61,1
"262","01_0399_0061_01",1,399,"ref_strain",61,1
"263","01_0653_0061_01",1,653,"ref_strain",61,1
"264","01_0871_0061_01",1,871,"ref_strain",61,1
"265","01_0999_0061_01",1,999,"ref_strain",61,1
"266","01_2169_0061_01",1,2169,"ref_strain",61,1
"267","01_5774_0061_01",1,5774,"ref_strain",61,1
"268","01_6099_0061_01",1,6099,"ref_strain",61,1
"269","01_11158_0061_01",1,11158,"ref_strain",61,1
"270","01_11630_0061_01",1,11630,"ref_strain",61,1
"271","01_12714_0061_01",1,12714,"ref_strain",61,1
"272","01_0755_0062_01",1,755,"ref_strain",62,1
"273","01_1037_0062_01",1,1037,"ref_strain",62,1
"274","01_1776_0062_01",1,1776,"ref_strain",62,1
"275","01_1857_0062_01",1,1857,"ref_strain",62,1
"276","01_7250_0062_01",1,7250,"ref_strain",62,1
"277","01_9665_0062_01",1,9665,"ref_strain",62,1
"278","01_9672_0062_01",1,9672,"ref_strain",62,1
"279","01_10335_0062_01",1,10335,"ref_strain",62,1
"280","01_10705_0062_01",1,10705,"ref_strain",62,1
"281","01_11729_0062_01",1,11729,"ref_strain",62,1
"282","01_11859_0062_01",1,11859,"ref_strain",62,1
"283","01_13225_0062_01",1,13225,"ref_strain",62,1
"284","01_13546_0062_01",1,13546,"ref_strain",62,1
"285","01_13863_0062_01",1,13863,"ref_strain",62,1
"286","01_14491_0062_01",1,14491,"ref_strain",62,1
"287","01_0972_0063_01",1,972,"ref_strain",63,1
"288","01_1211_0063_01",1,1211,"ref_strain",63,1
"289","01_1263_0063_01",1,1263,"ref_strain",63,1
"290","01_1990_0063_01",1,1990,"ref_strain",63,1
"291","01_4433_0063_01",1,4433,"ref_strain",63,1
"292","01_4991_0063_01",1,4991,"ref_strain",63,1
"293","01_5320_0063_01",1,5320,"ref_strain",63,1
"294","01_5322_0063_01",1,5322,"ref_strain",63,1
"295","01_5537_0063_01",1,5537,"ref_strain",63,1
"296","01_5962_0063_01",1,5962,"ref_strain",63,1
"297","01_8493_0063_01",1,8493,"ref_strain",63,1
"298","01_8510_0063_01",1,8510,"ref_strain",63,1
"299","01_10104_0063_01",1,10104,"ref_strain",63,1
"300","01_10592_0063_01",1,10592,"ref_strain",63,1
"301","01_11275_0063_01",1,11275,"ref_strain",63,1
"302","01_11415_0063_01",1,11415,"ref_strain",63,1
"303","01_11810_0063_01",1,11810,"ref_strain",63,1
"304","01_11906_0063_01",1,11906,"ref_strain",63,1
"305","01_12908_0063_01",1,12908,"ref_strain",63,1
"306","01_13595_0063_01",1,13595,"ref_strain",63,1
"307","01_13650_0063_01",1,13650,"ref_strain",63,1
"308","01_14254_0063_01",1,14254,"ref_strain",63,1
"309","01_0866_0064_01",1,866,"ref_strain",64,1
"310","01_1452_0064_01",1,1452,"ref_strain",64,1
"311","01_1946_0064_01",1,1946,"ref_strain",64,1
"312","01_2175_0064_01",1,2175,"ref_strain",64,1
"313","01_3183_0064_01",1,3183,"ref_strain",64,1
"314","01_5114_0064_01",1,5114,"ref_strain",64,1
"315","01_5160_0064_01",1,5160,"ref_strain",64,1
"316","01_5560_0064_01",1,5560,"ref_strain",64,1
"317","01_5956_0064_01",1,5956,"ref_strain",64,1
"318","01_6883_0064_01",1,6883,"ref_strain",64,1
"319","01_7379_0064_01",1,7379,"ref_strain",64,1
"320","01_8183_0064_01",1,8183,"ref_strain",64,1
"321","01_8451_0064_01",1,8451,"ref_strain",64,1
"322","01_8544_0064_01",1,8544,"ref_strain",64,1
"323","01_8759_0064_01",1,8759,"ref_strain",64,1
"324","01_9934_0064_01",1,9934,"ref_strain",64,1
"325","01_10264_0064_01",1,10264,"ref_strain",64,1
"326","01_10484_0064_01",1,10484,"ref_strain",64,1
"327","01_10949_0064_01",1,10949,"ref_strain",64,1
"328","01_11251_0064_01",1,11251,"ref_strain",64,1
"329","01_11668_0064_01",1,11668,"ref_strain",64,1
"330","01_12224_0064_01",1,12224,"ref_strain",64,1
"331","01_12477_0064_01",1,12477,"ref_strain",64,1
"332","01_13218_0064_01",1,13218,"ref_strain",64,1
"333","01_0560_0065_01",1,560,"ref_strain",65,1
"334","01_2491_0065_01",1,2491,"ref_strain",65,1
"335","01_3718_0065_01",1,3718,"ref_strain",65,1
"336","01_3991_0065_01",1,3991,"ref_strain",65,1
"337","01_5216_0065_01",1,5216,"ref_strain",65,1
"338","01_5364_0065_01",1,5364,"ref_strain",65,1
"339","01_6329_0065_01",1,6329,"ref_strain",65,1
"340","01_6491_0065_01",1,6491,"ref_strain",65,1
"341","01_7122_0065_01",1,7122,"ref_strain",65,1
"342","01_7262_0065_01",1,7262,"ref_strain",65,1
"343","01_7313_0065_01",1,7313,"ref_strain",65,1
"344","01_7483_0065_01",1,7483,"ref_strain",65,1
"345","01_8809_0065_01",1,8809,"ref_strain",65,1
"346","01_8893_0065_01",1,8893,"ref_strain",65,1
"347","01_9016_0065_01",1,9016,"ref_strain",65,1
"348","01_9574_0065_01",1,9574,"ref_strain",65,1
"349","01_10361_0065_01",1,10361,"ref_strain",65,1
"350","01_10563_0065_01",1,10563,"ref_strain",65,1
"351","01_11769_0065_01",1,11769,"ref_strain",65,1
"352","01_12216_0065_01",1,12216,"ref_strain",65,1
"353","01_12527_0065_01",1,12527,"ref_strain",65,1
"354","01_13310_0065_01",1,13310,"ref_strain",65,1
"355","01_13652_0065_01",1,13652,"ref_strain",65,1
"356","01_13975_0065_01",1,13975,"ref_strain",65,1
"357","01_14011_0065_01",1,14011,"ref_strain",65,1
"358","01_14056_0065_01",1,14056,"ref_strain",65,1
"359","01_0267_0066_01",1,267,"ref_strain",66,1
"360","01_0551_0066_01",1,551,"ref_strain",66,1
"361","01_1885_0066_01",1,1885,"ref_strain",66,1
"362","01_2739_0066_01",1,2739,"ref_strain",66,1
"363","01_3649_0066_01",1,3649,"ref_strain",66,1
"364","01_3807_0066_01",1,3807,"ref_strain",66,1
"365","01_3881_0066_01",1,3881,"ref_strain",66,1
"366","01_4083_0066_01",1,4083,"ref_strain",66,1
"367","01_5185_0066_01",1,5185,"ref_strain",66,1
"368","01_5312_0066_01",1,5312,"ref_strain",66,1
"369","01_6821_0066_01",1,6821,"ref_strain",66,1
"370","01_7111_0066_01",1,7111,"ref_strain",66,1
"371","01_7847_0066_01",1,7847,"ref_strain",66,1
"372","01_7882_0066_01",1,7882,"ref_strain",66,1
"373","01_8597_0066_01",1,8597,"ref_strain",66,1
"374","01_9206_0066_01",1,9206,"ref_strain",66,1
"375","01_10140_0066_01",1,10140,"ref_strain",66,1
"376","01_10356_0066_01",1,10356,"ref_strain",66,1
"377","01_10822_0066_01",1,10822,"ref_strain",66,1
"378","01_11049_0066_01",1,11049,"ref_strain",66,1
"379","01_12784_0066_01",1,12784,"ref_strain",66,1
"380","01_13111_0066_01",1,13111,"ref_strain",66,1
"381","01_13189_0066_01",1,13189,"ref_strain",66,1
"382","01_13278_0066_01",1,13278,"ref_strain",66,1
"383","01_14134_0066_01",1,14134,"ref_strain",66,1
"384","01_0288_0067_01",1,288,"ref_strain",67,1
"385","01_1041_0067_01",1,1041,"ref_strain",67,1
"386","01_1356_0067_01",1,1356,"ref_strain",67,1
"387","01_1903_0067_01",1,1903,"ref_strain",67,1
"388","01_3113_0067_01",1,3113,"ref_strain",67,1
"389","01_3421_0067_01",1,3421,"ref_strain",67,1
"390","01_4123_0067_01",1,4123,"ref_strain",67,1
"391","01_4260_0067_01",1,4260,"ref_strain",67,1
"392","01_4452_0067_01",1,4452,"ref_strain",67,1
"393","01_4549_0067_01",1,4549,"ref_strain",67,1
"394","01_6291_0067_01",1,6291,"ref_strain",67,1
"395","01_7970_0067_01",1,7970,"ref_strain",67,1
"396","01_8595_0067_01",1,8595,"ref_strain",67,1
"397","01_8679_0067_01",1,8679,"ref_strain",67,1
"398","01_9693_0067_01",1,9693,"ref_strain",67,1
"399","01_9748_0067_01",1,9748,"ref_strain",67,1
"400","01_10188_0067_01",1,10188,"ref_strain",67,1
"401","01_10888_0067_01",1,10888,"ref_strain",67,1
"402","01_10914_0067_01",1,10914,"ref_strain",67,1
"403","01_11444_0067_01",1,11444,"ref_strain",67,1
"404","01_11607_0067_01",1,11607,"ref_strain",67,1
"405","01_12086_0067_01",1,12086,"ref_strain",67,1
"406","01_12092_0067_01",1,12092,"ref_strain",67,1
"407","01_12305_0067_01",1,12305,"ref_strain",67,1
"408","01_13191_0067_01",1,13191,"ref_strain",67,1
"409","01_13322_0067_01",1,13322,"ref_strain",67,1
"410","01_13402_0067_01",1,13402,"ref_strain",67,1
"411","01_0270_0068_01",1,270,"ref_strain",68,1
"412","01_0394_0068_01",1,394,"ref_strain",68,1
"413","01_1123_0068_01",1,1123,"ref_strain",68,1
"414","01_1952_0068_01",1,1952,"ref_strain",68,1
"415","01_4149_0068_01",1,4149,"ref_strain",68,1
"416","01_4664_0068_01",1,4664,"ref_strain",68,1
"417","01_5795_0068_01",1,5795,"ref_strain",68,1
"418","01_5857_0068_01",1,5857,"ref_strain",68,1
"419","01_6115_0068_01",1,6115,"ref_strain",68,1
"420","01_6132_0068_01",1,6132,"ref_strain",68,1
"421","01_6937_0068_01",1,6937,"ref_strain",68,1
"422","01_7030_0068_01",1,7030,"ref_strain",68,1
"423","01_7817_0068_01",1,7817,"ref_strain",68,1
"424","01_8085_0068_01",1,8085,"ref_strain",68,1
"425","01_9031_0068_01",1,9031,"ref_strain",68,1
"426","01_10274_0068_01",1,10274,"ref_strain",68,1
"427","01_10339_0068_01",1,10339,"ref_strain",68,1
"428","01_11096_0068_01",1,11096,"ref_strain",68,1
"429","01_11634_0068_01",1,11634,"ref_strain",68,1
"430","01_12957_0068_01",1,12957,"ref_strain",68,1
"431","01_13058_0068_01",1,13058,"ref_strain",68,1
"432","01_13224_0068_01",1,13224,"ref_strain",68,1
"433","01_13510_0068_01",1,13510,"ref_strain",68,1
"434","01_14510_0068_01",1,14510,"ref_strain",68,1
"435","01_0470_0069_01",1,470,"ref_strain",69,1
"436","01_0941_0069_01",1,941,"ref_strain",69,1
"437","01_1216_0069_01",1,1216,"ref_strain",69,1
"438","01_1328_0069_01",1,1328,"ref_strain",69,1
"439","01_1821_0069_01",1,1821,"ref_strain",69,1
"440","01_2016_0069_01",1,2016,"ref_strain",69,1
"441","01_3579_0069_01",1,3579,"ref_strain",69,1
"442","01_3721_0069_01",1,3721,"ref_strain",69,1
"443","01_3726_0069_01",1,3726,"ref_strain",69,1
"444","01_3784_0069_01",1,3784,"ref_strain",69,1
"445","01_6766_0069_01",1,6766,"ref_strain",69,1
"446","01_6792_0069_01",1,6792,"ref_strain",69,1
"447","01_7145_0069_01",1,7145,"ref_strain",69,1
"448","01_7501_0069_01",1,7501,"ref_strain",69,1
"449","01_8214_0069_01",1,8214,"ref_strain",69,1
"450","01_8964_0069_01",1,8964,"ref_strain",69,1
"451","01_9218_0069_01",1,9218,"ref_strain",69,1
"452","01_9532_0069_01",1,9532,"ref_strain",69,1
"453","01_9647_0069_01",1,9647,"ref_strain",69,1
"454","01_9712_0069_01",1,9712,"ref_strain",69,1
"455","01_9736_0069_01",1,9736,"ref_strain",69,1
"456","01_9961_0069_01",1,9961,"ref_strain",69,1
"457","01_10129_0069_01",1,10129,"ref_strain",69,1
"458","01_11694_0069_01",1,11694,"ref_strain",69,1
"459","01_11932_0069_01",1,11932,"ref_strain",69,1
"460","01_12797_0069_01",1,12797,"ref_strain",69,1
"461","01_12962_0069_01",1,12962,"ref_strain",69,1
"462","01_14127_0069_01",1,14127,"ref_strain",69,1
"463","01_0990_0070_01",1,990,"ref_strain",70,1
"464","01_2961_0070_01",1,2961,"ref_strain",70,1
"465","01_3858_0070_01",1,3858,"ref_strain",70,1
"466","01_3957_0070_01",1,3957,"ref_strain",70,1
"467","01_4084_0070_01",1,4084,"ref_strain",70,1
"468","01_4338_0070_01",1,4338,"ref_strain",70,1
"469","01_4566_0070_01",1,4566,"ref_strain",70,1
"470","01_4869_0070_01",1,4869,"ref_strain",70,1
"471","01_5814_0070_01",1,5814,"ref_strain",70,1
"472","01_6058_0070_01",1,6058,"ref_strain",70,1
"473","01_6364_0070_01",1,6364,"ref_strain",70,1
"474","01_6746_0070_01",1,6746,"ref_strain",70,1
"475","01_7315_0070_01",1,7315,"ref_strain",70,1
"476","01_8520_0070_01",1,8520,"ref_strain",70,1
"477","01_8576_0070_01",1,8576,"ref_strain",70,1
"478","01_8748_0070_01",1,8748,"ref_strain",70,1
"479","01_10952_0070_01",1,10952,"ref_strain",70,1
"480","01_11154_0070_01",1,11154,"ref_strain",70,1
"481","01_11571_0070_01",1,11571,"ref_strain",70,1
"482","01_11827_0070_01",1,11827,"ref_strain",70,1
"483","01_11856_0070_01",1,11856,"ref_strain",70,1
"484","01_14088_0070_01",1,14088,"ref_strain",70,1
"485","01_14253_0070_01",1,14253,"ref_strain",70,1
"486","01_0005_0071_01",1,5,"ref_strain",71,1
"487","01_0709_0071_01",1,709,"ref_strain",71,1
"488","01_0869_0071_01",1,869,"ref_strain",71,1
"489","01_1062_0071_01",1,1062,"ref_strain",71,1
"490","01_1552_0071_01",1,1552,"ref_strain",71,1
"491","01_1624_0071_01",1,1624,"ref_strain",71,1
"492","01_2059_0071_01",1,2059,"ref_strain",71,1
"493","01_2330_0071_01",1,2330,"ref_strain",71,1
"494","01_2482_0071_01",1,2482,"ref_strain",71,1
"495","01_2565_0071_01",1,2565,"ref_strain",71,1
"496","01_4066_0071_01",1,4066,"ref_strain",71,1
"497","01_5754_0071_01",1,5754,"ref_strain",71,1
"498","01_5968_0071_01",1,5968,"ref_strain",71,1
"499","01_6811_0071_01",1,6811,"ref_strain",71,1
"500","01_7516_0071_01",1,7516,"ref_strain",71,1
"501","01_7526_0071_01",1,7526,"ref_strain",71,1
"502","01_8674_0071_01",1,8674,"ref_strain",71,1
"503","01_9509_0071_01",1,9509,"ref_strain",71,1
"504","01_10828_0071_01",1,10828,"ref_strain",71,1
"505","01_11705_0071_01",1,11705,"ref_strain",71,1
"506","01_11728_0071_01",1,11728,"ref_strain",71,1
"507","01_12720_0071_01",1,12720,"ref_strain",71,1
"508","01_12726_0071_01",1,12726,"ref_strain",71,1
"509","01_13079_0071_01",1,13079,"ref_strain",71,1
"510","01_13281_0071_01",1,13281,"ref_strain",71,1
"511","01_14100_0071_01",1,14100,"ref_strain",71,1
"512","01_0321_0072_01",1,321,"ref_strain",72,1
"513","01_0338_0072_01",1,338,"ref_strain",72,1
"514","01_0831_0072_01",1,831,"ref_strain",72,1
"515","01_0926_0072_01",1,926,"ref_strain",72,1
"516","01_0933_0072_01",1,933,"ref_strain",72,1
"517","01_1766_0072_01",1,1766,"ref_strain",72,1
"518","01_2064_0072_01",1,2064,"ref_strain",72,1
"519","01_2160_0072_01",1,2160,"ref_strain",72,1
"520","01_2197_0072_01",1,2197,"ref_strain",72,1
"521","01_2600_0072_01",1,2600,"ref_strain",72,1
"522","01_2648_0072_01",1,2648,"ref_strain",72,1
"523","01_2772_0072_01",1,2772,"ref_strain",72,1
"524","01_3106_0072_01",1,3106,"ref_strain",72,1
"525","01_3197_0072_01",1,3197,"ref_strain",72,1
"526","01_3204_0072_01",1,3204,"ref_strain",72,1
"527","01_3583_0072_01",1,3583,"ref_strain",72,1
"528","01_3800_0072_01",1,3800,"ref_strain",72,1
"529","01_3951_0072_01",1,3951,"ref_strain",72,1
"530","01_3960_0072_01",1,3960,"ref_strain",72,1
"531","01_4296_0072_01",1,4296,"ref_strain",72,1
"532","01_4496_0072_01",1,4496,"ref_strain",72,1
"533","01_4596_0072_01",1,4596,"ref_strain",72,1
"534","01_5938_0072_01",1,5938,"ref_strain",72,1
"535","01_6307_0072_01",1,6307,"ref_strain",72,1
"536","01_6456_0072_01",1,6456,"ref_strain",72,1
"537","01_6614_0072_01",1,6614,"ref_strain",72,1
"538","01_6634_0072_01",1,6634,"ref_strain",72,1
"539","01_6694_0072_01",1,6694,"ref_strain",72,1
"540","01_6924_0072_01",1,6924,"ref_strain",72,1
"541","01_7770_0072_01",1,7770,"ref_strain",72,1
"542","01_8110_0072_01",1,8110,"ref_strain",72,1
"543","01_8585_0072_01",1,8585,"ref_strain",72,1
"544","01_8782_0072_01",1,8782,"ref_strain",72,1
"545","01_8960_0072_01",1,8960,"ref_strain",72,1
"546","01_8962_0072_01",1,8962,"ref_strain",72,1
"547","01_9020_0072_01",1,9020,"ref_strain",72,1
"548","01_9334_0072_01",1,9334,"ref_strain",72,1
"549","01_10312_0072_01",1,10312,"ref_strain",72,1
"550","01_10511_0072_01",1,10511,"ref_strain",72,1
"551","01_10855_0072_01",1,10855,"ref_strain",72,1
"552","01_11703_0072_01",1,11703,"ref_strain",72,1
"553","01_11910_0072_01",1,11910,"ref_strain",72,1
"554","01_12004_0072_01",1,12004,"ref_strain",72,1
"555","01_12956_0072_01",1,12956,"ref_strain",72,1
"556","01_13667_0072_01",1,13667,"ref_strain",72,1
"557","01_14412_0072_01",1,14412,"ref_strain",72,1
"558","01_0237_0073_01",1,237,"ref_strain",73,1
"559","01_0269_0073_01",1,269,"ref_strain",73,1
"560","01_0429_0073_01",1,429,"ref_strain",73,1
"561","01_0599_0073_01",1,599,"ref_strain",73,1
"562","01_1236_0073_01",1,1236,"ref_strain",73,1
"563","01_1287_0073_01",1,1287,"ref_strain",73,1
"564","01_1565_0073_01",1,1565,"ref_strain",73,1
"565","01_1745_0073_01",1,1745,"ref_strain",73,1
"566","01_1826_0073_01",1,1826,"ref_strain",73,1
"567","01_1881_0073_01",1,1881,"ref_strain",73,1
"568","01_1957_0073_01",1,1957,"ref_strain",73,1
"569","01_2024_0073_01",1,2024,"ref_strain",73,1
"570","01_2485_0073_01",1,2485,"ref_strain",73,1
"571","01_2687_0073_01",1,2687,"ref_strain",73,1
"572","01_3097_0073_01",1,3097,"ref_strain",73,1
"573","01_3154_0073_01",1,3154,"ref_strain",73,1
"574","01_3513_0073_01",1,3513,"ref_strain",73,1
"575","01_3619_0073_01",1,3619,"ref_strain",73,1
"576","01_3834_0073_01",1,3834,"ref_strain",73,1
"577","01_4128_0073_01",1,4128,"ref_strain",73,1
"578","01_4705_0073_01",1,4705,"ref_strain",73,1
"579","01_4839_0073_01",1,4839,"ref_strain",73,1
"580","01_4863_0073_01",1,4863,"ref_strain",73,1
"581","01_4980_0073_01",1,4980,"ref_strain",73,1
"582","01_5171_0073_01",1,5171,"ref_strain",73,1
"583","01_5399_0073_01",1,5399,"ref_strain",73,1
"584","01_5655_0073_01",1,5655,"ref_strain",73,1
"585","01_5923_0073_01",1,5923,"ref_strain",73,1
"586","01_6111_0073_01",1,6111,"ref_strain",73,1
"587","01_6330_0073_01",1,6330,"ref_strain",73,1
"588","01_6551_0073_01",1,6551,"ref_strain",73,1
"589","01_6909_0073_01",1,6909,"ref_strain",73,1
"590","01_7378_0073_01",1,7378,"ref_strain",73,1
"591","01_7424_0073_01",1,7424,"ref_strain",73,1
"592","01_7946_0073_01",1,7946,"ref_strain",73,1
"593","01_8040_0073_01",1,8040,"ref_strain",73,1
"594","01_8090_0073_01",1,8090,"ref_strain",73,1
"595","01_8476_0073_01",1,8476,"ref_strain",73,1
"596","01_8740_0073_01",1,8740,"ref_strain",73,1
"597","01_8808_0073_01",1,8808,"ref_strain",73,1
"598","01_9041_0073_01",1,9041,"ref_strain",73,1
"599","01_9050_0073_01",1,9050,"ref_strain",73,1
"600","01_9580_0073_01",1,9580,"ref_strain",73,1
"601","01_9658_0073_01",1,9658,"ref_strain",73,1
"602","01_9893_0073_01",1,9893,"ref_strain",73,1
"603","01_10125_0073_01",1,10125,"ref_strain",73,1
"604","01_10743_0073_01",1,10743,"ref_strain",73,1
"605","01_10995_0073_01",1,10995,"ref_strain",73,1
"606","01_11525_0073_01",1,11525,"ref_strain",73,1
"607","01_12623_0073_01",1,12623,"ref_strain",73,1
"608","01_12728_0073_01",1,12728,"ref_strain",73,1
"609","01_13297_0073_01",1,13297,"ref_strain",73,1
"610","01_13395_0073_01",1,13395,"ref_strain",73,1
"611","01_13597_0073_01",1,13597,"ref_strain",73,1
"612","01_13606_0073_01",1,13606,"ref_strain",73,1
"613","01_13663_0073_01",1,13663,"ref_strain",73,1
"614","01_13986_0073_01",1,13986,"ref_strain",73,1
"615","01_14394_0073_01",1,14394,"ref_strain",73,1
"616","01_0533_0074_01",1,533,"ref_strain",74,1
"617","01_1089_0074_01",1,1089,"ref_strain",74,1
"618","01_1522_0074_01",1,1522,"ref_strain",74,1
"619","01_1545_0074_01",1,1545,"ref_strain",74,1
"620","01_2303_0074_01",1,2303,"ref_strain",74,1
"621","01_2350_0074_01",1,2350,"ref_strain",74,1
"622","01_2585_0074_01",1,2585,"ref_strain",74,1
"623","01_2972_0074_01",1,2972,"ref_strain",74,1
"624","01_3549_0074_01",1,3549,"ref_strain",74,1
"625","01_4507_0074_01",1,4507,"ref_strain",74,1
"626","01_4946_0074_01",1,4946,"ref_strain",74,1
"627","01_5529_0074_01",1,5529,"ref_strain",74,1
"628","01_5624_0074_01",1,5624,"ref_strain",74,1
"629","01_5716_0074_01",1,5716,"ref_strain",74,1
"630","01_5723_0074_01",1,5723,"ref_strain",74,1
"631","01_5806_0074_01",1,5806,"ref_strain",74,1
"632","01_6034_0074_01",1,6034,"ref_strain",74,1
"633","01_6243_0074_01",1,6243,"ref_strain",74,1
"634","01_6837_0074_01",1,6837,"ref_strain",74,1
"635","01_7392_0074_01",1,7392,"ref_strain",74,1
"636","01_7627_0074_01",1,7627,"ref_strain",74,1
"637","01_7819_0074_01",1,7819,"ref_strain",74,1
"638","01_8474_0074_01",1,8474,"ref_strain",74,1
"639","01_8987_0074_01",1,8987,"ref_strain",74,1
"640","01_9305_0074_01",1,9305,"ref_strain",74,1
"641","01_9380_0074_01",1,9380,"ref_strain",74,1
"642","01_9700_0074_01",1,9700,"ref_strain",74,1
"643","01_10278_0074_01",1,10278,"ref_strain",74,1
"644","01_10435_0074_01",1,10435,"ref_strain",74,1
"645","01_11107_0074_01",1,11107,"ref_strain",74,1
"646","01_11737_0074_01",1,11737,"ref_strain",74,1
"647","01_12302_0074_01",1,12302,"ref_strain",74,1
"648","01_12674_0074_01",1,12674,"ref_strain",74,1
"649","01_12779_0074_01",1,12779,"ref_strain",74,1
"650","01_12872_0074_01",1,12872,"ref_strain",74,1
"651","01_13615_0074_01",1,13615,"ref_strain",74,1
"652","01_13766_0074_01",1,13766,"ref_strain",74,1
"653","01_14177_0074_01",1,14177,"ref_strain",74,1
"654","01_14247_0074_01",1,14247,"ref_strain",74,1
"655","01_0544_0075_01",1,544,"ref_strain",75,1
"656","01_0572_0075_01",1,572,"ref_strain",75,1
"657","01_1160_0075_01",1,1160,"ref_strain",75,1
"658","01_1420_0075_01",1,1420,"ref_strain",75,1
"659","01_1533_0075_01",1,1533,"ref_strain",75,1
"660","01_1605_0075_01",1,1605,"ref_strain",75,1
"661","01_2282_0075_01",1,2282,"ref_strain",75,1
"662","01_2451_0075_01",1,2451,"ref_strain",75,1
"663","01_3423_0075_01",1,3423,"ref_strain",75,1
"664","01_3457_0075_01",1,3457,"ref_strain",75,1
"665","01_3752_0075_01",1,3752,"ref_strain",75,1
"666","01_4266_0075_01",1,4266,"ref_strain",75,1
"667","01_4287_0075_01",1,4287,"ref_strain",75,1
"668","01_4404_0075_01",1,4404,"ref_strain",75,1
"669","01_4971_0075_01",1,4971,"ref_strain",75,1
"670","01_4986_0075_01",1,4986,"ref_strain",75,1
"671","01_5201_0075_01",1,5201,"ref_strain",75,1
"672","01_5245_0075_01",1,5245,"ref_strain",75,1
"673","01_5290_0075_01",1,5290,"ref_strain",75,1
"674","01_5439_0075_01",1,5439,"ref_strain",75,1
"675","01_5735_0075_01",1,5735,"ref_strain",75,1
"676","01_5917_0075_01",1,5917,"ref_strain",75,1
"677","01_6290_0075_01",1,6290,"ref_strain",75,1
"678","01_6370_0075_01",1,6370,"ref_strain",75,1
"679","01_6373_0075_01",1,6373,"ref_strain",75,1
"680","01_6619_0075_01",1,6619,"ref_strain",75,1
"681","01_6623_0075_01",1,6623,"ref_strain",75,1
"682","01_7158_0075_01",1,7158,"ref_strain",75,1
"683","01_7160_0075_01",1,7160,"ref_strain",75,1
"684","01_7685_0075_01",1,7685,"ref_strain",75,1
"685","01_8098_0075_01",1,8098,"ref_strain",75,1
"686","01_8317_0075_01",1,8317,"ref_strain",75,1
"687","01_8554_0075_01",1,8554,"ref_strain",75,1
"688","01_8891_0075_01",1,8891,"ref_strain",75,1
"689","01_8910_0075_01",1,8910,"ref_strain",75,1
"690","01_9277_0075_01",1,9277,"ref_strain",75,1
"691","01_9409_0075_01",1,9409,"ref_strain",75,1
"692","01_9813_0075_01",1,9813,"ref_strain",75,1
"693","01_9974_0075_01",1,9974,"ref_strain",75,1
"694","01_10333_0075_01",1,10333,"ref_strain",75,1
"695","01_10496_0075_01",1,10496,"ref_strain",75,1
"696","01_10543_0075_01",1,10543,"ref_strain",75,1
"697","01_10757_0075_01",1,10757,"ref_strain",75,1
"698","01_10799_0075_01",1,10799,"ref_strain",75,1
"699","01_11499_0075_01",1,11499,"ref_strain",75,1
"700","01_11665_0075_01",1,11665,"ref_strain",75,1
"701","01_11902_0075_01",1,11902,"ref_strain",75,1
"702","01_12187_0075_01",1,12187,"ref_strain",75,1
"703","01_12525_0075_01",1,12525,"ref_strain",75,1
"704","01_12825_0075_01",1,12825,"ref_strain",75,1
"705","01_12961_0075_01",1,12961,"ref_strain",75,1
"706","01_13591_0075_01",1,13591,"ref_strain",75,1
"707","01_13635_0075_01",1,13635,"ref_strain",75,1
"708","01_13658_0075_01",1,13658,"ref_strain",75,1
"709","01_13796_0075_01",1,13796,"ref_strain",75,1
"710","01_14238_0075_01",1,14238,"ref_strain",75,1
"711","01_14445_0075_01",1,14445,"ref_strain",75,1
"712","01_0536_0076_01",1,536,"ref_strain",76,1
"713","01_0760_0076_01",1,760,"ref_strain",76,1
"714","01_1419_0076_01",1,1419,"ref_strain",76,1
"715","01_1519_0076_01",1,1519,"ref_strain",76,1
"716","01_1841_0076_01",1,1841,"ref_strain",76,1
"717","01_2100_0076_01",1,2100,"ref_strain",76,1
"718","01_2370_0076_01",1,2370,"ref_strain",76,1
"719","01_2502_0076_01",1,2502,"ref_strain",76,1
"720","01_2614_0076_01",1,2614,"ref_strain",76,1
"721","01_2745_0076_01",1,2745,"ref_strain",76,1
"722","01_3082_0076_01",1,3082,"ref_strain",76,1
"723","01_3266_0076_01",1,3266,"ref_strain",76,1
"724","01_3279_0076_01",1,3279,"ref_strain",76,1
"725","01_3866_0076_01",1,3866,"ref_strain",76,1
"726","01_4212_0076_01",1,4212,"ref_strain",76,1
"727","01_4264_0076_01",1,4264,"ref_strain",76,1
"728","01_4591_0076_01",1,4591,"ref_strain",76,1
"729","01_4827_0076_01",1,4827,"ref_strain",76,1
"730","01_5002_0076_01",1,5002,"ref_strain",76,1
"731","01_5220_0076_01",1,5220,"ref_strain",76,1
"732","01_5574_0076_01",1,5574,"ref_strain",76,1
"733","01_5602_0076_01",1,5602,"ref_strain",76,1
"734","01_5827_0076_01",1,5827,"ref_strain",76,1
"735","01_6063_0076_01",1,6063,"ref_strain",76,1
"736","01_6174_0076_01",1,6174,"ref_strain",76,1
"737","01_6658_0076_01",1,6658,"ref_strain",76,1
"738","01_7015_0076_01",1,7015,"ref_strain",76,1
"739","01_7461_0076_01",1,7461,"ref_strain",76,1
"740","01_7476_0076_01",1,7476,"ref_strain",76,1
"741","01_9216_0076_01",1,9216,"ref_strain",76,1
"742","01_9313_0076_01",1,9313,"ref_strain",76,1
"743","01_9501_0076_01",1,9501,"ref_strain",76,1
"744","01_9601_0076_01",1,9601,"ref_strain",76,1
"745","01_9711_0076_01",1,9711,"ref_strain",76,1
"746","01_9952_0076_01",1,9952,"ref_strain",76,1
"747","01_10235_0076_01",1,10235,"ref_strain",76,1
"748","01_10787_0076_01",1,10787,"ref_strain",76,1
"749","01_11970_0076_01",1,11970,"ref_strain",76,1
"750","01_11996_0076_01",1,11996,"ref_strain",76,1
"751","01_12041_0076_01",1,12041,"ref_strain",76,1
"752","01_12278_0076_01",1,12278,"ref_strain",76,1
"753","01_12294_0076_01",1,12294,"ref_strain",76,1
"754","01_12353_0076_01",1,12353,"ref_strain",76,1
"755","01_12712_0076_01",1,12712,"ref_strain",76,1
"756","01_12805_0076_01",1,12805,"ref_strain",76,1
"757","01_13110_0076_01",1,13110,"ref_strain",76,1
"758","01_13213_0076_01",1,13213,"ref_strain",76,1
"759","01_13714_0076_01",1,13714,"ref_strain",76,1
"760","01_14300_0076_01",1,14300,"ref_strain",76,1
"761","01_14360_0076_01",1,14360,"ref_strain",76,1
"762","01_0007_0077_01",1,7,"ref_strain",77,1
"763","01_0058_0077_01",1,58,"ref_strain",77,1
"764","01_0397_0077_01",1,397,"ref_strain",77,1
"765","01_0479_0077_01",1,479,"ref_strain",77,1
"766","01_0719_0077_01",1,719,"ref_strain",77,1
"767","01_0823_0077_01",1,823,"ref_strain",77,1
"768","01_0974_0077_01",1,974,"ref_strain",77,1
"769","01_1117_0077_01",1,1117,"ref_strain",77,1
"770","01_1805_0077_01",1,1805,"ref_strain",77,1
"771","01_2219_0077_01",1,2219,"ref_strain",77,1
"772","01_2421_0077_01",1,2421,"ref_strain",77,1
"773","01_2715_0077_01",1,2715,"ref_strain",77,1
"774","01_2801_0077_01",1,2801,"ref_strain",77,1
"775","01_3120_0077_01",1,3120,"ref_strain",77,1
"776","01_3724_0077_01",1,3724,"ref_strain",77,1
"777","01_4293_0077_01",1,4293,"ref_strain",77,1
"778","01_4345_0077_01",1,4345,"ref_strain",77,1
"779","01_4501_0077_01",1,4501,"ref_strain",77,1
"780","01_4858_0077_01",1,4858,"ref_strain",77,1
"781","01_5090_0077_01",1,5090,"ref_strain",77,1
"782","01_5099_0077_01",1,5099,"ref_strain",77,1
"783","01_5207_0077_01",1,5207,"ref_strain",77,1
"784","01_5773_0077_01",1,5773,"ref_strain",77,1
"785","01_5877_0077_01",1,5877,"ref_strain",77,1
"786","01_5934_0077_01",1,5934,"ref_strain",77,1
"787","01_6126_0077_01",1,6126,"ref_strain",77,1
"788","01_6750_0077_01",1,6750,"ref_strain",77,1
"789","01_6995_0077_01",1,6995,"ref_strain",77,1
"790","01_7120_0077_01",1,7120,"ref_strain",77,1
"791","01_7429_0077_01",1,7429,"ref_strain",77,1
"792","01_9385_0077_01",1,9385,"ref_strain",77,1
"793","01_9506_0077_01",1,9506,"ref_strain",77,1
"794","01_9566_0077_01",1,9566,"ref_strain",77,1
"795","01_9882_0077_01",1,9882,"ref_strain",77,1
"796","01_10295_0077_01",1,10295,"ref_strain",77,1
"797","01_10395_0077_01",1,10395,"ref_strain",77,1
"798","01_10462_0077_01",1,10462,"ref_strain",77,1
"799","01_10811_0077_01",1,10811,"ref_strain",77,1
"800","01_11664_0077_01",1,11664,"ref_strain",77,1
"801","01_11956_0077_01",1,11956,"ref_strain",77,1
"802","01_12203_0077_01",1,12203,"ref_strain",77,1
"803","01_12337_0077_01",1,12337,"ref_strain",77,1
"804","01_12505_0077_01",1,12505,"ref_strain",77,1
"805","01_12657_0077_01",1,12657,"ref_strain",77,1
"806","01_12667_0077_01",1,12667,"ref_strain",77,1
"807","01_13190_0077_01",1,13190,"ref_strain",77,1
"808","01_13751_0077_01",1,13751,"ref_strain",77,1
"809","01_14447_0077_01",1,14447,"ref_strain",77,1
"810","01_0964_0078_01",1,964,"ref_strain",78,1
"811","01_1403_0078_01",1,1403,"ref_strain",78,1
"812","01_1556_0078_01",1,1556,"ref_strain",78,1
"813","01_1858_0078_01",1,1858,"ref_strain",78,1
"814","01_2210_0078_01",1,2210,"ref_strain",78,1
"815","01_2295_0078_01",1,2295,"ref_strain",78,1
"816","01_4239_0078_01",1,4239,"ref_strain",78,1
"817","01_4281_0078_01",1,4281,"ref_strain",78,1
"818","01_4733_0078_01",1,4733,"ref_strain",78,1
"819","01_4800_0078_01",1,4800,"ref_strain",78,1
"820","01_5079_0078_01",1,5079,"ref_strain",78,1
"821","01_5337_0078_01",1,5337,"ref_strain",78,1
"822","01_5636_0078_01",1,5636,"ref_strain",78,1
"823","01_5927_0078_01",1,5927,"ref_strain",78,1
"824","01_6184_0078_01",1,6184,"ref_strain",78,1
"825","01_6237_0078_01",1,6237,"ref_strain",78,1
"826","01_7161_0078_01",1,7161,"ref_strain",78,1
"827","01_7997_0078_01",1,7997,"ref_strain",78,1
"828","01_8177_0078_01",1,8177,"ref_strain",78,1
"829","01_8182_0078_01",1,8182,"ref_strain",78,1
"830","01_8320_0078_01",1,8320,"ref_strain",78,1
"831","01_8558_0078_01",1,8558,"ref_strain",78,1
"832","01_8568_0078_01",1,8568,"ref_strain",78,1
"833","01_9094_0078_01",1,9094,"ref_strain",78,1
"834","01_9141_0078_01",1,9141,"ref_strain",78,1
"835","01_9664_0078_01",1,9664,"ref_strain",78,1
"836","01_9828_0078_01",1,9828,"ref_strain",78,1
"837","01_9915_0078_01",1,9915,"ref_strain",78,1
"838","01_10037_0078_01",1,10037,"ref_strain",78,1
"839","01_10193_0078_01",1,10193,"ref_strain",78,1
"840","01_10329_0078_01",1,10329,"ref_strain",78,1
"841","01_10402_0078_01",1,10402,"ref_strain",78,1
"842","01_10436_0078_01",1,10436,"ref_strain",78,1
"843","01_10696_0078_01",1,10696,"ref_strain",78,1
"844","01_10958_0078_01",1,10958,"ref_strain",78,1
"845","01_10962_0078_01",1,10962,"ref_strain",78,1
"846","01_11141_0078_01",1,11141,"ref_strain",78,1
"847","01_11155_0078_01",1,11155,"ref_strain",78,1
"848","01_11426_0078_01",1,11426,"ref_strain",78,1
"849","01_11511_0078_01",1,11511,"ref_strain",78,1
"850","01_11868_0078_01",1,11868,"ref_strain",78,1
"851","01_12043_0078_01",1,12043,"ref_strain",78,1
"852","01_12306_0078_01",1,12306,"ref_strain",78,1
"853","01_12503_0078_01",1,12503,"ref_strain",78,1
"854","01_12794_0078_01",1,12794,"ref_strain",78,1
"855","01_13060_0078_01",1,13060,"ref_strain",78,1
"856","01_13177_0078_01",1,13177,"ref_strain",78,1
"857","01_14409_0078_01",1,14409,"ref_strain",78,1
"858","01_14506_0078_01",1,14506,"ref_strain",78,1
"859","01_0211_0079_01",1,211,"ref_strain",79,1
"860","01_0447_0079_01",1,447,"ref_strain",79,1
"861","01_0727_0079_01",1,727,"ref_strain",79,1
"862","01_0795_0079_01",1,795,"ref_strain",79,1
"863","01_0900_0079_01",1,900,"ref_strain",79,1
"864","01_0915_0079_01",1,915,"ref_strain",79,1
"865","01_0923_0079_01",1,923,"ref_strain",79,1
"866","01_1339_0079_01",1,1339,"ref_strain",79,1
"867","01_1823_0079_01",1,1823,"ref_strain",79,1
"868","01_1875_0079_01",1,1875,"ref_strain",79,1
"869","01_1939_0079_01",1,1939,"ref_strain",79,1
"870","01_1954_0079_01",1,1954,"ref_strain",79,1
"871","01_2196_0079_01",1,2196,"ref_strain",79,1
"872","01_2868_0079_01",1,2868,"ref_strain",79,1
"873","01_3059_0079_01",1,3059,"ref_strain",79,1
"874","01_3235_0079_01",1,3235,"ref_strain",79,1
"875","01_3521_0079_01",1,3521,"ref_strain",79,1
"876","01_3613_0079_01",1,3613,"ref_strain",79,1
"877","01_3643_0079_01",1,3643,"ref_strain",79,1
"878","01_3695_0079_01",1,3695,"ref_strain",79,1
"879","01_4500_0079_01",1,4500,"ref_strain",79,1
"880","01_4675_0079_01",1,4675,"ref_strain",79,1
"881","01_4875_0079_01",1,4875,"ref_strain",79,1
"882","01_4876_0079_01",1,4876,"ref_strain",79,1
"883","01_5040_0079_01",1,5040,"ref_strain",79,1
"884","01_5254_0079_01",1,5254,"ref_strain",79,1
"885","01_5301_0079_01",1,5301,"ref_strain",79,1
"886","01_5368_0079_01",1,5368,"ref_strain",79,1
"887","01_5553_0079_01",1,5553,"ref_strain",79,1
"888","01_5713_0079_01",1,5713,"ref_strain",79,1
"889","01_5898_0079_01",1,5898,"ref_strain",79,1
"890","01_6082_0079_01",1,6082,"ref_strain",79,1
"891","01_6252_0079_01",1,6252,"ref_strain",79,1
"892","01_6493_0079_01",1,6493,"ref_strain",79,1
"893","01_6870_0079_01",1,6870,"ref_strain",79,1
"894","01_7572_0079_01",1,7572,"ref_strain",79,1
"895","01_7881_0079_01",1,7881,"ref_strain",79,1
"896","01_7985_0079_01",1,7985,"ref_strain",79,1
"897","01_8044_0079_01",1,8044,"ref_strain",79,1
"898","01_8261_0079_01",1,8261,"ref_strain",79,1
"899","01_8738_0079_01",1,8738,"ref_strain",79,1
"900","01_9155_0079_01",1,9155,"ref_strain",79,1
"901","01_9503_0079_01",1,9503,"ref_strain",79,1
"902","01_9594_0079_01",1,9594,"ref_strain",79,1
"903","01_9732_0079_01",1,9732,"ref_strain",79,1
"904","01_9981_0079_01",1,9981,"ref_strain",79,1
"905","01_10160_0079_01",1,10160,"ref_strain",79,1
"906","01_10323_0079_01",1,10323,"ref_strain",79,1
"907","01_10418_0079_01",1,10418,"ref_strain",79,1
"908","01_10605_0079_01",1,10605,"ref_strain",79,1
"909","01_10610_0079_01",1,10610,"ref_strain",79,1
"910","01_10768_0079_01",1,10768,"ref_strain",79,1
"911","01_10926_0079_01",1,10926,"ref_strain",79,1
"912","01_11193_0079_01",1,11193,"ref_strain",79,1
"913","01_11562_0079_01",1,11562,"ref_strain",79,1
"914","01_12119_0079_01",1,12119,"ref_strain",79,1
"915","01_12312_0079_01",1,12312,"ref_strain",79,1
"916","01_12557_0079_01",1,12557,"ref_strain",79,1
"917","01_12582_0079_01",1,12582,"ref_strain",79,1
"918","01_12717_0079_01",1,12717,"ref_strain",79,1
"919","01_13187_0079_01",1,13187,"ref_strain",79,1
"920","01_13404_0079_01",1,13404,"ref_strain",79,1
"921","01_13459_0079_01",1,13459,"ref_strain",79,1
"922","01_13659_0079_01",1,13659,"ref_strain",79,1
"923","01_13762_0079_01",1,13762,"ref_strain",79,1
"924","01_14206_0079_01",1,14206,"ref_strain",79,1
"925","01_14298_0079_01",1,14298,"ref_strain",79,1
"926","01_0051_0080_01",1,51,"ref_strain",80,1
"927","01_0059_0080_01",1,59,"ref_strain",80,1
"928","01_0541_0080_01",1,541,"ref_strain",80,1
"929","01_0546_0080_01",1,546,"ref_strain",80,1
"930","01_0590_0080_01",1,590,"ref_strain",80,1
"931","01_1437_0080_01",1,1437,"ref_strain",80,1
"932","01_1844_0080_01",1,1844,"ref_strain",80,1
"933","01_2148_0080_01",1,2148,"ref_strain",80,1
"934","01_2336_0080_01",1,2336,"ref_strain",80,1
"935","01_2618_0080_01",1,2618,"ref_strain",80,1
"936","01_2935_0080_01",1,2935,"ref_strain",80,1
"937","01_3069_0080_01",1,3069,"ref_strain",80,1
"938","01_3079_0080_01",1,3079,"ref_strain",80,1
"939","01_3697_0080_01",1,3697,"ref_strain",80,1
"940","01_4195_0080_01",1,4195,"ref_strain",80,1
"941","01_4205_0080_01",1,4205,"ref_strain",80,1
"942","01_4251_0080_01",1,4251,"ref_strain",80,1
"943","01_4308_0080_01",1,4308,"ref_strain",80,1
"944","01_4318_0080_01",1,4318,"ref_strain",80,1
"945","01_4615_0080_01",1,4615,"ref_strain",80,1
"946","01_4693_0080_01",1,4693,"ref_strain",80,1
"947","01_5085_0080_01",1,5085,"ref_strain",80,1
"948","01_5453_0080_01",1,5453,"ref_strain",80,1
"949","01_5461_0080_01",1,5461,"ref_strain",80,1
"950","01_5497_0080_01",1,5497,"ref_strain",80,1
"951","01_5860_0080_01",1,5860,"ref_strain",80,1
"952","01_6129_0080_01",1,6129,"ref_strain",80,1
"953","01_6270_0080_01",1,6270,"ref_strain",80,1
"954","01_6348_0080_01",1,6348,"ref_strain",80,1
"955","01_6367_0080_01",1,6367,"ref_strain",80,1
"956","01_6403_0080_01",1,6403,"ref_strain",80,1
"957","01_6409_0080_01",1,6409,"ref_strain",80,1
"958","01_6531_0080_01",1,6531,"ref_strain",80,1
"959","01_7035_0080_01",1,7035,"ref_strain",80,1
"960","01_7049_0080_01",1,7049,"ref_strain",80,1
"961","01_7574_0080_01",1,7574,"ref_strain",80,1
"962","01_8145_0080_01",1,8145,"ref_strain",80,1
"963","01_8283_0080_01",1,8283,"ref_strain",80,1
"964","01_8458_0080_01",1,8458,"ref_strain",80,1
"965","01_8895_0080_01",1,8895,"ref_strain",80,1
"966","01_9021_0080_01",1,9021,"ref_strain",80,1
"967","01_9032_0080_01",1,9032,"ref_strain",80,1
"968","01_9228_0080_01",1,9228,"ref_strain",80,1
"969","01_9691_0080_01",1,9691,"ref_strain",80,1
"970","01_10060_0080_01",1,10060,"ref_strain",80,1
"971","01_10097_0080_01",1,10097,"ref_strain",80,1
"972","01_10492_0080_01",1,10492,"ref_strain",80,1
"973","01_11032_0080_01",1,11032,"ref_strain",80,1
"974","01_11052_0080_01",1,11052,"ref_strain",80,1
"975","01_11250_0080_01",1,11250,"ref_strain",80,1
"976","01_11667_0080_01",1,11667,"ref_strain",80,1
"977","01_11693_0080_01",1,11693,"ref_strain",80,1
"978","01_11786_0080_01",1,11786,"ref_strain",80,1
"979","01_12153_0080_01",1,12153,"ref_strain",80,1
"980","01_12618_0080_01",1,12618,"ref_strain",80,1
"981","01_12710_0080_01",1,12710,"ref_strain",80,1
"982","01_12955_0080_01",1,12955,"ref_strain",80,1
"983","01_13035_0080_01",1,13035,"ref_strain",80,1
"984","01_13573_0080_01",1,13573,"ref_strain",80,1
"985","01_13921_0080_01",1,13921,"ref_strain",80,1
"986","01_14315_0080_01",1,14315,"ref_strain",80,1
"987","01_0119_0081_01",1,119,"ref_strain",81,1
"988","01_0423_0081_01",1,423,"ref_strain",81,1
"989","01_0453_0081_01",1,453,"ref_strain",81,1
"990","01_0596_0081_01",1,596,"ref_strain",81,1
"991","01_0685_0081_01",1,685,"ref_strain",81,1
"992","01_0839_0081_01",1,839,"ref_strain",81,1
"993","01_1174_0081_01",1,1174,"ref_strain",81,1
"994","01_1442_0081_01",1,1442,"ref_strain",81,1
"995","01_1576_0081_01",1,1576,"ref_strain",81,1
"996","01_1622_0081_01",1,1622,"ref_strain",81,1
"997","01_1743_0081_01",1,1743,"ref_strain",81,1
"998","01_2394_0081_01",1,2394,"ref_strain",81,1
"999","01_2595_0081_01",1,2595,"ref_strain",81,1
"1000","01_2796_0081_01",1,2796,"ref_strain",81,1
"1001","01_2859_0081_01",1,2859,"ref_strain",81,1
"1002","01_2884_0081_01",1,2884,"ref_strain",81,1
"1003","01_3073_0081_01",1,3073,"ref_strain",81,1
"1004","01_3206_0081_01",1,3206,"ref_strain",81,1
"1005","01_3636_0081_01",1,3636,"ref_strain",81,1
"1006","01_3904_0081_01",1,3904,"ref_strain",81,1
"1007","01_4021_0081_01",1,4021,"ref_strain",81,1
"1008","01_4152_0081_01",1,4152,"ref_strain",81,1
"1009","01_4240_0081_01",1,4240,"ref_strain",81,1
"1010","01_4322_0081_01",1,4322,"ref_strain",81,1
"1011","01_4461_0081_01",1,4461,"ref_strain",81,1
"1012","01_4506_0081_01",1,4506,"ref_strain",81,1
"1013","01_4510_0081_01",1,4510,"ref_strain",81,1
"1014","01_4741_0081_01",1,4741,"ref_strain",81,1
"1015","01_4897_0081_01",1,4897,"ref_strain",81,1
"1016","01_4903_0081_01",1,4903,"ref_strain",81,1
"1017","01_4954_0081_01",1,4954,"ref_strain",81,1
"1018","01_5121_0081_01",1,5121,"ref_strain",81,1
"1019","01_5125_0081_01",1,5125,"ref_strain",81,1
"1020","01_5540_0081_01",1,5540,"ref_strain",81,1
"1021","01_5897_0081_01",1,5897,"ref_strain",81,1
"1022","01_5942_0081_01",1,5942,"ref_strain",81,1
"1023","01_6246_0081_01",1,6246,"ref_strain",81,1
"1024","01_6768_0081_01",1,6768,"ref_strain",81,1
"1025","01_7138_0081_01",1,7138,"ref_strain",81,1
"1026","01_8310_0081_01",1,8310,"ref_strain",81,1
"1027","01_8695_0081_01",1,8695,"ref_strain",81,1
"1028","01_9222_0081_01",1,9222,"ref_strain",81,1
"1029","01_9255_0081_01",1,9255,"ref_strain",81,1
"1030","01_9417_0081_01",1,9417,"ref_strain",81,1
"1031","01_9504_0081_01",1,9504,"ref_strain",81,1
"1032","01_9741_0081_01",1,9741,"ref_strain",81,1
"1033","01_9935_0081_01",1,9935,"ref_strain",81,1
"1034","01_10192_0081_01",1,10192,"ref_strain",81,1
"1035","01_10480_0081_01",1,10480,"ref_strain",81,1
"1036","01_10718_0081_01",1,10718,"ref_strain",81,1
"1037","01_11007_0081_01",1,11007,"ref_strain",81,1
"1038","01_11114_0081_01",1,11114,"ref_strain",81,1
"1039","01_11191_0081_01",1,11191,"ref_strain",81,1
"1040","01_11264_0081_01",1,11264,"ref_strain",81,1
"1041","01_11293_0081_01",1,11293,"ref_strain",81,1
"1042","01_12239_0081_01",1,12239,"ref_strain",81,1
"1043","01_12820_0081_01",1,12820,"ref_strain",81,1
"1044","01_13324_0081_01",1,13324,"ref_strain",81,1
"1045","01_13637_0081_01",1,13637,"ref_strain",81,1
"1046","01_13644_0081_01",1,13644,"ref_strain",81,1
"1047","01_13844_0081_01",1,13844,"ref_strain",81,1
"1048","01_14108_0081_01",1,14108,"ref_strain",81,1
"1049","01_14115_0081_01",1,14115,"ref_strain",81,1
"1050","01_14139_0081_01",1,14139,"ref_strain",81,1
"1051","01_14313_0081_01",1,14313,"ref_strain",81,1
"1052","01_14393_0081_01",1,14393,"ref_strain",81,1
"1053","01_0006_0082_01",1,6,"ref_strain",82,1
"1054","01_0383_0082_01",1,383,"ref_strain",82,1
"1055","01_0391_0082_01",1,391,"ref_strain",82,1
"1056","01_0424_0082_01",1,424,"ref_strain",82,1
"1057","01_0508_0082_01",1,508,"ref_strain",82,1
"1058","01_0535_0082_01",1,535,"ref_strain",82,1
"1059","01_0584_0082_01",1,584,"ref_strain",82,1
"1060","01_0908_0082_01",1,908,"ref_strain",82,1
"1061","01_1262_0082_01",1,1262,"ref_strain",82,1
"1062","01_1804_0082_01",1,1804,"ref_strain",82,1
"1063","01_1966_0082_01",1,1966,"ref_strain",82,1
"1064","01_2151_0082_01",1,2151,"ref_strain",82,1
"1065","01_2226_0082_01",1,2226,"ref_strain",82,1
"1066","01_2254_0082_01",1,2254,"ref_strain",82,1
"1067","01_2283_0082_01",1,2283,"ref_strain",82,1
"1068","01_2759_0082_01",1,2759,"ref_strain",82,1
"1069","01_2839_0082_01",1,2839,"ref_strain",82,1
"1070","01_3003_0082_01",1,3003,"ref_strain",82,1
"1071","01_3562_0082_01",1,3562,"ref_strain",82,1
"1072","01_3736_0082_01",1,3736,"ref_strain",82,1
"1073","01_4428_0082_01",1,4428,"ref_strain",82,1
"1074","01_4429_0082_01",1,4429,"ref_strain",82,1
"1075","01_4967_0082_01",1,4967,"ref_strain",82,1
"1076","01_5027_0082_01",1,5027,"ref_strain",82,1
"1077","01_5230_0082_01",1,5230,"ref_strain",82,1
"1078","01_5423_0082_01",1,5423,"ref_strain",82,1
"1079","01_5679_0082_01",1,5679,"ref_strain",82,1
"1080","01_5697_0082_01",1,5697,"ref_strain",82,1
"1081","01_5893_0082_01",1,5893,"ref_strain",82,1
"1082","01_5915_0082_01",1,5915,"ref_strain",82,1
"1083","01_6067_0082_01",1,6067,"ref_strain",82,1
"1084","01_6076_0082_01",1,6076,"ref_strain",82,1
"1085","01_6490_0082_01",1,6490,"ref_strain",82,1
"1086","01_6720_0082_01",1,6720,"ref_strain",82,1
"1087","01_6956_0082_01",1,6956,"ref_strain",82,1
"1088","01_6985_0082_01",1,6985,"ref_strain",82,1
"1089","01_7059_0082_01",1,7059,"ref_strain",82,1
"1090","01_7081_0082_01",1,7081,"ref_strain",82,1
"1091","01_7224_0082_01",1,7224,"ref_strain",82,1
"1092","01_7648_0082_01",1,7648,"ref_strain",82,1
"1093","01_7696_0082_01",1,7696,"ref_strain",82,1
"1094","01_7807_0082_01",1,7807,"ref_strain",82,1
"1095","01_7854_0082_01",1,7854,"ref_strain",82,1
"1096","01_8371_0082_01",1,8371,"ref_strain",82,1
"1097","01_8589_0082_01",1,8589,"ref_strain",82,1
"1098","01_8606_0082_01",1,8606,"ref_strain",82,1
"1099","01_8617_0082_01",1,8617,"ref_strain",82,1
"1100","01_9166_0082_01",1,9166,"ref_strain",82,1
"1101","01_9248_0082_01",1,9248,"ref_strain",82,1
"1102","01_9309_0082_01",1,9309,"ref_strain",82,1
"1103","01_9477_0082_01",1,9477,"ref_strain",82,1
"1104","01_10075_0082_01",1,10075,"ref_strain",82,1
"1105","01_10166_0082_01",1,10166,"ref_strain",82,1
"1106","01_10196_0082_01",1,10196,"ref_strain",82,1
"1107","01_10322_0082_01",1,10322,"ref_strain",82,1
"1108","01_10360_0082_01",1,10360,"ref_strain",82,1
"1109","01_10414_0082_01",1,10414,"ref_strain",82,1
"1110","01_10472_0082_01",1,10472,"ref_strain",82,1
"1111","01_10490_0082_01",1,10490,"ref_strain",82,1
"1112","01_10643_0082_01",1,10643,"ref_strain",82,1
"1113","01_10683_0082_01",1,10683,"ref_strain",82,1
"1114","01_10689_0082_01",1,10689,"ref_strain",82,1
"1115","01_10966_0082_01",1,10966,"ref_strain",82,1
"1116","01_11585_0082_01",1,11585,"ref_strain",82,1
"1117","01_11593_0082_01",1,11593,"ref_strain",82,1
"1118","01_11764_0082_01",1,11764,"ref_strain",82,1
"1119","01_11966_0082_01",1,11966,"ref_strain",82,1
"1120","01_12147_0082_01",1,12147,"ref_strain",82,1
"1121","01_12202_0082_01",1,12202,"ref_strain",82,1
"1122","01_12217_0082_01",1,12217,"ref_strain",82,1
"1123","01_12437_0082_01",1,12437,"ref_strain",82,1
"1124","01_12456_0082_01",1,12456,"ref_strain",82,1
"1125","01_12559_0082_01",1,12559,"ref_strain",82,1
"1126","01_12638_0082_01",1,12638,"ref_strain",82,1
"1127","01_13197_0082_01",1,13197,"ref_strain",82,1
"1128","01_13862_0082_01",1,13862,"ref_strain",82,1
"1129","01_14165_0082_01",1,14165,"ref_strain",82,1
"1130","01_14363_0082_01",1,14363,"ref_strain",82,1
"1131","01_14486_0082_01",1,14486,"ref_strain",82,1
"1132","01_0395_0083_01",1,395,"ref_strain",83,1
"1133","01_0401_0083_01",1,401,"ref_strain",83,1
"1134","01_0514_0083_01",1,514,"ref_strain",83,1
"1135","01_0678_0083_01",1,678,"ref_strain",83,1
"1136","01_0978_0083_01",1,978,"ref_strain",83,1
"1137","01_1034_0083_01",1,1034,"ref_strain",83,1
"1138","01_1087_0083_01",1,1087,"ref_strain",83,1
"1139","01_1127_0083_01",1,1127,"ref_strain",83,1
"1140","01_1184_0083_01",1,1184,"ref_strain",83,1
"1141","01_1409_0083_01",1,1409,"ref_strain",83,1
"1142","01_1664_0083_01",1,1664,"ref_strain",83,1
"1143","01_2012_0083_01",1,2012,"ref_strain",83,1
"1144","01_2128_0083_01",1,2128,"ref_strain",83,1
"1145","01_2389_0083_01",1,2389,"ref_strain",83,1
"1146","01_2560_0083_01",1,2560,"ref_strain",83,1
"1147","01_2735_0083_01",1,2735,"ref_strain",83,1
"1148","01_3026_0083_01",1,3026,"ref_strain",83,1
"1149","01_3189_0083_01",1,3189,"ref_strain",83,1
"1150","01_3199_0083_01",1,3199,"ref_strain",83,1
"1151","01_3374_0083_01",1,3374,"ref_strain",83,1
"1152","01_3471_0083_01",1,3471,"ref_strain",83,1
"1153","01_3516_0083_01",1,3516,"ref_strain",83,1
"1154","01_3744_0083_01",1,3744,"ref_strain",83,1
"1155","01_3806_0083_01",1,3806,"ref_strain",83,1
"1156","01_3835_0083_01",1,3835,"ref_strain",83,1
"1157","01_4059_0083_01",1,4059,"ref_strain",83,1
"1158","01_4346_0083_01",1,4346,"ref_strain",83,1
"1159","01_4358_0083_01",1,4358,"ref_strain",83,1
"1160","01_5097_0083_01",1,5097,"ref_strain",83,1
"1161","01_5163_0083_01",1,5163,"ref_strain",83,1
"1162","01_5256_0083_01",1,5256,"ref_strain",83,1
"1163","01_5281_0083_01",1,5281,"ref_strain",83,1
"1164","01_5406_0083_01",1,5406,"ref_strain",83,1
"1165","01_5545_0083_01",1,5545,"ref_strain",83,1
"1166","01_5777_0083_01",1,5777,"ref_strain",83,1
"1167","01_6242_0083_01",1,6242,"ref_strain",83,1
"1168","01_6278_0083_01",1,6278,"ref_strain",83,1
"1169","01_6558_0083_01",1,6558,"ref_strain",83,1
"1170","01_6605_0083_01",1,6605,"ref_strain",83,1
"1171","01_6656_0083_01",1,6656,"ref_strain",83,1
"1172","01_6916_0083_01",1,6916,"ref_strain",83,1
"1173","01_7042_0083_01",1,7042,"ref_strain",83,1
"1174","01_7098_0083_01",1,7098,"ref_strain",83,1
"1175","01_7114_0083_01",1,7114,"ref_strain",83,1
"1176","01_7125_0083_01",1,7125,"ref_strain",83,1
"1177","01_7564_0083_01",1,7564,"ref_strain",83,1
"1178","01_7644_0083_01",1,7644,"ref_strain",83,1
"1179","01_7659_0083_01",1,7659,"ref_strain",83,1
"1180","01_7984_0083_01",1,7984,"ref_strain",83,1
"1181","01_8676_0083_01",1,8676,"ref_strain",83,1
"1182","01_9184_0083_01",1,9184,"ref_strain",83,1
"1183","01_9324_0083_01",1,9324,"ref_strain",83,1
"1184","01_9325_0083_01",1,9325,"ref_strain",83,1
"1185","01_9499_0083_01",1,9499,"ref_strain",83,1
"1186","01_9668_0083_01",1,9668,"ref_strain",83,1
"1187","01_9765_0083_01",1,9765,"ref_strain",83,1
"1188","01_9775_0083_01",1,9775,"ref_strain",83,1
"1189","01_9957_0083_01",1,9957,"ref_strain",83,1
"1190","01_10124_0083_01",1,10124,"ref_strain",83,1
"1191","01_10197_0083_01",1,10197,"ref_strain",83,1
"1192","01_10245_0083_01",1,10245,"ref_strain",83,1
"1193","01_10582_0083_01",1,10582,"ref_strain",83,1
"1194","01_10620_0083_01",1,10620,"ref_strain",83,1
"1195","01_10654_0083_01",1,10654,"ref_strain",83,1
"1196","01_10713_0083_01",1,10713,"ref_strain",83,1
"1197","01_10985_0083_01",1,10985,"ref_strain",83,1
"1198","01_11333_0083_01",1,11333,"ref_strain",83,1
"1199","01_11442_0083_01",1,11442,"ref_strain",83,1
"1200","01_11817_0083_01",1,11817,"ref_strain",83,1
"1201","01_11985_0083_01",1,11985,"ref_strain",83,1
"1202","01_12017_0083_01",1,12017,"ref_strain",83,1
"1203","01_12212_0083_01",1,12212,"ref_strain",83,1
"1204","01_12452_0083_01",1,12452,"ref_strain",83,1
"1205","01_12548_0083_01",1,12548,"ref_strain",83,1
"1206","01_12662_0083_01",1,12662,"ref_strain",83,1
"1207","01_12850_0083_01",1,12850,"ref_strain",83,1
"1208","01_13255_0083_01",1,13255,"ref_strain",83,1
"1209","01_13410_0083_01",1,13410,"ref_strain",83,1
"1210","01_13452_0083_01",1,13452,"ref_strain",83,1
"1211","01_13455_0083_01",1,13455,"ref_strain",83,1
"1212","01_13465_0083_01",1,13465,"ref_strain",83,1
"1213","01_13469_0083_01",1,13469,"ref_strain",83,1
"1214","01_13481_0083_01",1,13481,"ref_strain",83,1
"1215","01_13631_0083_01",1,13631,"ref_strain",83,1
"1216","01_13799_0083_01",1,13799,"ref_strain",83,1
"1217","01_13870_0083_01",1,13870,"ref_strain",83,1
"1218","01_13926_0083_01",1,13926,"ref_strain",83,1
"1219","01_14090_0083_01",1,14090,"ref_strain",83,1
"1220","01_14418_0083_01",1,14418,"ref_strain",83,1
"1221","01_0052_0084_01",1,52,"ref_strain",84,1
"1222","01_0110_0084_01",1,110,"ref_strain",84,1
"1223","01_0318_0084_01",1,318,"ref_strain",84,1
"1224","01_0517_0084_01",1,517,"ref_strain",84,1
"1225","01_0550_0084_01",1,550,"ref_strain",84,1
"1226","01_0786_0084_01",1,786,"ref_strain",84,1
"1227","01_0801_0084_01",1,801,"ref_strain",84,1
"1228","01_0829_0084_01",1,829,"ref_strain",84,1
"1229","01_0918_0084_01",1,918,"ref_strain",84,1
"1230","01_1318_0084_01",1,1318,"ref_strain",84,1
"1231","01_1500_0084_01",1,1500,"ref_strain",84,1
"1232","01_1775_0084_01",1,1775,"ref_strain",84,1
"1233","01_2035_0084_01",1,2035,"ref_strain",84,1
"1234","01_2292_0084_01",1,2292,"ref_strain",84,1
"1235","01_2534_0084_01",1,2534,"ref_strain",84,1
"1236","01_2626_0084_01",1,2626,"ref_strain",84,1
"1237","01_2705_0084_01",1,2705,"ref_strain",84,1
"1238","01_2844_0084_01",1,2844,"ref_strain",84,1
"1239","01_2939_0084_01",1,2939,"ref_strain",84,1
"1240","01_3061_0084_01",1,3061,"ref_strain",84,1
"1241","01_3085_0084_01",1,3085,"ref_strain",84,1
"1242","01_3099_0084_01",1,3099,"ref_strain",84,1
"1243","01_3418_0084_01",1,3418,"ref_strain",84,1
"1244","01_3508_0084_01",1,3508,"ref_strain",84,1
"1245","01_3847_0084_01",1,3847,"ref_strain",84,1
"1246","01_4040_0084_01",1,4040,"ref_strain",84,1
"1247","01_4120_0084_01",1,4120,"ref_strain",84,1
"1248","01_4126_0084_01",1,4126,"ref_strain",84,1
"1249","01_4241_0084_01",1,4241,"ref_strain",84,1
"1250","01_4535_0084_01",1,4535,"ref_strain",84,1
"1251","01_4712_0084_01",1,4712,"ref_strain",84,1
"1252","01_4835_0084_01",1,4835,"ref_strain",84,1
"1253","01_5062_0084_01",1,5062,"ref_strain",84,1
"1254","01_5311_0084_01",1,5311,"ref_strain",84,1
"1255","01_5685_0084_01",1,5685,"ref_strain",84,1
"1256","01_5796_0084_01",1,5796,"ref_strain",84,1
"1257","01_5856_0084_01",1,5856,"ref_strain",84,1
"1258","01_5973_0084_01",1,5973,"ref_strain",84,1
"1259","01_6003_0084_01",1,6003,"ref_strain",84,1
"1260","01_6234_0084_01",1,6234,"ref_strain",84,1
"1261","01_6546_0084_01",1,6546,"ref_strain",84,1
"1262","01_6885_0084_01",1,6885,"ref_strain",84,1
"1263","01_6899_0084_01",1,6899,"ref_strain",84,1
"1264","01_6919_0084_01",1,6919,"ref_strain",84,1
"1265","01_6998_0084_01",1,6998,"ref_strain",84,1
"1266","01_7243_0084_01",1,7243,"ref_strain",84,1
"1267","01_7736_0084_01",1,7736,"ref_strain",84,1
"1268","01_7840_0084_01",1,7840,"ref_strain",84,1
"1269","01_8016_0084_01",1,8016,"ref_strain",84,1
"1270","01_8210_0084_01",1,8210,"ref_strain",84,1
"1271","01_8230_0084_01",1,8230,"ref_strain",84,1
"1272","01_8363_0084_01",1,8363,"ref_strain",84,1
"1273","01_8787_0084_01",1,8787,"ref_strain",84,1
"1274","01_8814_0084_01",1,8814,"ref_strain",84,1
"1275","01_9329_0084_01",1,9329,"ref_strain",84,1
"1276","01_9466_0084_01",1,9466,"ref_strain",84,1
"1277","01_9550_0084_01",1,9550,"ref_strain",84,1
"1278","01_9610_0084_01",1,9610,"ref_strain",84,1
"1279","01_10014_0084_01",1,10014,"ref_strain",84,1
"1280","01_10062_0084_01",1,10062,"ref_strain",84,1
"1281","01_10501_0084_01",1,10501,"ref_strain",84,1
"1282","01_10507_0084_01",1,10507,"ref_strain",84,1
"1283","01_10552_0084_01",1,10552,"ref_strain",84,1
"1284","01_10653_0084_01",1,10653,"ref_strain",84,1
"1285","01_10746_0084_01",1,10746,"ref_strain",84,1
"1286","01_10823_0084_01",1,10823,"ref_strain",84,1
"1287","01_11347_0084_01",1,11347,"ref_strain",84,1
"1288","01_11370_0084_01",1,11370,"ref_strain",84,1
"1289","01_11454_0084_01",1,11454,"ref_strain",84,1
"1290","01_11726_0084_01",1,11726,"ref_strain",84,1
"1291","01_11923_0084_01",1,11923,"ref_strain",84,1
"1292","01_12033_0084_01",1,12033,"ref_strain",84,1
"1293","01_12189_0084_01",1,12189,"ref_strain",84,1
"1294","01_12362_0084_01",1,12362,"ref_strain",84,1
"1295","01_12363_0084_01",1,12363,"ref_strain",84,1
"1296","01_12441_0084_01",1,12441,"ref_strain",84,1
"1297","01_12670_0084_01",1,12670,"ref_strain",84,1
"1298","01_12879_0084_01",1,12879,"ref_strain",84,1
"1299","01_13122_0084_01",1,13122,"ref_strain",84,1
"1300","01_13545_0084_01",1,13545,"ref_strain",84,1
"1301","01_13806_0084_01",1,13806,"ref_strain",84,1
"1302","01_14094_0084_01",1,14094,"ref_strain",84,1
"1303","01_14430_0084_01",1,14430,"ref_strain",84,1
"1304","01_0017_0085_01",1,17,"ref_strain",85,1
"1305","01_0134_0085_01",1,134,"ref_strain",85,1
"1306","01_0161_0085_01",1,161,"ref_strain",85,1
"1307","01_0385_0085_01",1,385,"ref_strain",85,1
"1308","01_0664_0085_01",1,664,"ref_strain",85,1
"1309","01_1075_0085_01",1,1075,"ref_strain",85,1
"1310","01_1536_0085_01",1,1536,"ref_strain",85,1
"1311","01_1643_0085_01",1,1643,"ref_strain",85,1
"1312","01_2441_0085_01",1,2441,"ref_strain",85,1
"1313","01_2551_0085_01",1,2551,"ref_strain",85,1
"1314","01_2655_0085_01",1,2655,"ref_strain",85,1
"1315","01_2672_0085_01",1,2672,"ref_strain",85,1
"1316","01_2755_0085_01",1,2755,"ref_strain",85,1
"1317","01_2948_0085_01",1,2948,"ref_strain",85,1
"1318","01_3172_0085_01",1,3172,"ref_strain",85,1
"1319","01_3207_0085_01",1,3207,"ref_strain",85,1
"1320","01_3332_0085_01",1,3332,"ref_strain",85,1
"1321","01_3448_0085_01",1,3448,"ref_strain",85,1
"1322","01_3456_0085_01",1,3456,"ref_strain",85,1
"1323","01_4000_0085_01",1,4000,"ref_strain",85,1
"1324","01_4076_0085_01",1,4076,"ref_strain",85,1
"1325","01_4235_0085_01",1,4235,"ref_strain",85,1
"1326","01_4464_0085_01",1,4464,"ref_strain",85,1
"1327","01_5582_0085_01",1,5582,"ref_strain",85,1
"1328","01_5650_0085_01",1,5650,"ref_strain",85,1
"1329","01_6360_0085_01",1,6360,"ref_strain",85,1
"1330","01_6464_0085_01",1,6464,"ref_strain",85,1
"1331","01_6534_0085_01",1,6534,"ref_strain",85,1
"1332","01_6944_0085_01",1,6944,"ref_strain",85,1
"1333","01_7340_0085_01",1,7340,"ref_strain",85,1
"1334","01_7649_0085_01",1,7649,"ref_strain",85,1
"1335","01_7896_0085_01",1,7896,"ref_strain",85,1
"1336","01_7949_0085_01",1,7949,"ref_strain",85,1
"1337","01_8258_0085_01",1,8258,"ref_strain",85,1
"1338","01_8488_0085_01",1,8488,"ref_strain",85,1
"1339","01_9010_0085_01",1,9010,"ref_strain",85,1
"1340","01_9026_0085_01",1,9026,"ref_strain",85,1
"1341","01_9612_0085_01",1,9612,"ref_strain",85,1
"1342","01_9729_0085_01",1,9729,"ref_strain",85,1
"1343","01_9786_0085_01",1,9786,"ref_strain",85,1
"1344","01_9836_0085_01",1,9836,"ref_strain",85,1
"1345","01_10169_0085_01",1,10169,"ref_strain",85,1
"1346","01_10234_0085_01",1,10234,"ref_strain",85,1
"1347","01_10238_0085_01",1,10238,"ref_strain",85,1
"1348","01_10619_0085_01",1,10619,"ref_strain",85,1
"1349","01_10738_0085_01",1,10738,"ref_strain",85,1
"1350","01_10786_0085_01",1,10786,"ref_strain",85,1
"1351","01_10883_0085_01",1,10883,"ref_strain",85,1
"1352","01_10937_0085_01",1,10937,"ref_strain",85,1
"1353","01_11056_0085_01",1,11056,"ref_strain",85,1
"1354","01_11078_0085_01",1,11078,"ref_strain",85,1
"1355","01_11383_0085_01",1,11383,"ref_strain",85,1
"1356","01_11401_0085_01",1,11401,"ref_strain",85,1
"1357","01_11914_0085_01",1,11914,"ref_strain",85,1
"1358","01_12133_0085_01",1,12133,"ref_strain",85,1
"1359","01_12378_0085_01",1,12378,"ref_strain",85,1
"1360","01_12536_0085_01",1,12536,"ref_strain",85,1
"1361","01_12543_0085_01",1,12543,"ref_strain",85,1
"1362","01_12568_0085_01",1,12568,"ref_strain",85,1
"1363","01_12778_0085_01",1,12778,"ref_strain",85,1
"1364","01_12876_0085_01",1,12876,"ref_strain",85,1
"1365","01_13248_0085_01",1,13248,"ref_strain",85,1
"1366","01_13252_0085_01",1,13252,"ref_strain",85,1
"1367","01_13406_0085_01",1,13406,"ref_strain",85,1
"1368","01_13466_0085_01",1,13466,"ref_strain",85,1
"1369","01_13645_0085_01",1,13645,"ref_strain",85,1
"1370","01_13750_0085_01",1,13750,"ref_strain",85,1
"1371","01_13811_0085_01",1,13811,"ref_strain",85,1
"1372","01_13932_0085_01",1,13932,"ref_strain",85,1
"1373","01_14367_0085_01",1,14367,"ref_strain",85,1
"1374","01_0309_0086_01",1,309,"ref_strain",86,1
"1375","01_0481_0086_01",1,481,"ref_strain",86,1
"1376","01_0554_0086_01",1,554,"ref_strain",86,1
"1377","01_0592_0086_01",1,592,"ref_strain",86,1
"1378","01_0714_0086_01",1,714,"ref_strain",86,1
"1379","01_1055_0086_01",1,1055,"ref_strain",86,1
"1380","01_1692_0086_01",1,1692,"ref_strain",86,1
"1381","01_1719_0086_01",1,1719,"ref_strain",86,1
"1382","01_1832_0086_01",1,1832,"ref_strain",86,1
"1383","01_1945_0086_01",1,1945,"ref_strain",86,1
"1384","01_1981_0086_01",1,1981,"ref_strain",86,1
"1385","01_2076_0086_01",1,2076,"ref_strain",86,1
"1386","01_2209_0086_01",1,2209,"ref_strain",86,1
"1387","01_2341_0086_01",1,2341,"ref_strain",86,1
"1388","01_2527_0086_01",1,2527,"ref_strain",86,1
"1389","01_2538_0086_01",1,2538,"ref_strain",86,1
"1390","01_2613_0086_01",1,2613,"ref_strain",86,1
"1391","01_2686_0086_01",1,2686,"ref_strain",86,1
"1392","01_2740_0086_01",1,2740,"ref_strain",86,1
"1393","01_3205_0086_01",1,3205,"ref_strain",86,1
"1394","01_3240_0086_01",1,3240,"ref_strain",86,1
"1395","01_3258_0086_01",1,3258,"ref_strain",86,1
"1396","01_3500_0086_01",1,3500,"ref_strain",86,1
"1397","01_3687_0086_01",1,3687,"ref_strain",86,1
"1398","01_3867_0086_01",1,3867,"ref_strain",86,1
"1399","01_4289_0086_01",1,4289,"ref_strain",86,1
"1400","01_4532_0086_01",1,4532,"ref_strain",86,1
"1401","01_4583_0086_01",1,4583,"ref_strain",86,1
"1402","01_4606_0086_01",1,4606,"ref_strain",86,1
"1403","01_4649_0086_01",1,4649,"ref_strain",86,1
"1404","01_4797_0086_01",1,4797,"ref_strain",86,1
"1405","01_4942_0086_01",1,4942,"ref_strain",86,1
"1406","01_5059_0086_01",1,5059,"ref_strain",86,1
"1407","01_5373_0086_01",1,5373,"ref_strain",86,1
"1408","01_5375_0086_01",1,5375,"ref_strain",86,1
"1409","01_5489_0086_01",1,5489,"ref_strain",86,1
"1410","01_5614_0086_01",1,5614,"ref_strain",86,1
"1411","01_5656_0086_01",1,5656,"ref_strain",86,1
"1412","01_5975_0086_01",1,5975,"ref_strain",86,1
"1413","01_6002_0086_01",1,6002,"ref_strain",86,1
"1414","01_6065_0086_01",1,6065,"ref_strain",86,1
"1415","01_6219_0086_01",1,6219,"ref_strain",86,1
"1416","01_6283_0086_01",1,6283,"ref_strain",86,1
"1417","01_6309_0086_01",1,6309,"ref_strain",86,1
"1418","01_6399_0086_01",1,6399,"ref_strain",86,1
"1419","01_6517_0086_01",1,6517,"ref_strain",86,1
"1420","01_6598_0086_01",1,6598,"ref_strain",86,1
"1421","01_6680_0086_01",1,6680,"ref_strain",86,1
"1422","01_6707_0086_01",1,6707,"ref_strain",86,1
"1423","01_6806_0086_01",1,6806,"ref_strain",86,1
"1424","01_6854_0086_01",1,6854,"ref_strain",86,1
"1425","01_6917_0086_01",1,6917,"ref_strain",86,1
"1426","01_6982_0086_01",1,6982,"ref_strain",86,1
"1427","01_7257_0086_01",1,7257,"ref_strain",86,1
"1428","01_7258_0086_01",1,7258,"ref_strain",86,1
"1429","01_7295_0086_01",1,7295,"ref_strain",86,1
"1430","01_7422_0086_01",1,7422,"ref_strain",86,1
"1431","01_7822_0086_01",1,7822,"ref_strain",86,1
"1432","01_8671_0086_01",1,8671,"ref_strain",86,1
"1433","01_8834_0086_01",1,8834,"ref_strain",86,1
"1434","01_8980_0086_01",1,8980,"ref_strain",86,1
"1435","01_9163_0086_01",1,9163,"ref_strain",86,1
"1436","01_9369_0086_01",1,9369,"ref_strain",86,1
"1437","01_9370_0086_01",1,9370,"ref_strain",86,1
"1438","01_9688_0086_01",1,9688,"ref_strain",86,1
"1439","01_9707_0086_01",1,9707,"ref_strain",86,1
"1440","01_9788_0086_01",1,9788,"ref_strain",86,1
"1441","01_10164_0086_01",1,10164,"ref_strain",86,1
"1442","01_10221_0086_01",1,10221,"ref_strain",86,1
"1443","01_10549_0086_01",1,10549,"ref_strain",86,1
"1444","01_10599_0086_01",1,10599,"ref_strain",86,1
"1445","01_10679_0086_01",1,10679,"ref_strain",86,1
"1446","01_10833_0086_01",1,10833,"ref_strain",86,1
"1447","01_10963_0086_01",1,10963,"ref_strain",86,1
"1448","01_11028_0086_01",1,11028,"ref_strain",86,1
"1449","01_11050_0086_01",1,11050,"ref_strain",86,1
"1450","01_11084_0086_01",1,11084,"ref_strain",86,1
"1451","01_11185_0086_01",1,11185,"ref_strain",86,1
"1452","01_11265_0086_01",1,11265,"ref_strain",86,1
"1453","01_11542_0086_01",1,11542,"ref_strain",86,1
"1454","01_12074_0086_01",1,12074,"ref_strain",86,1
"1455","01_12235_0086_01",1,12235,"ref_strain",86,1
"1456","01_12317_0086_01",1,12317,"ref_strain",86,1
"1457","01_12403_0086_01",1,12403,"ref_strain",86,1
"1458","01_12478_0086_01",1,12478,"ref_strain",86,1
"1459","01_12519_0086_01",1,12519,"ref_strain",86,1
"1460","01_12542_0086_01",1,12542,"ref_strain",86,1
"1461","01_12578_0086_01",1,12578,"ref_strain",86,1
"1462","01_12931_0086_01",1,12931,"ref_strain",86,1
"1463","01_12971_0086_01",1,12971,"ref_strain",86,1
"1464","01_13244_0086_01",1,13244,"ref_strain",86,1
"1465","01_13475_0086_01",1,13475,"ref_strain",86,1
"1466","01_13504_0086_01",1,13504,"ref_strain",86,1
"1467","01_13590_0086_01",1,13590,"ref_strain",86,1
"1468","01_13654_0086_01",1,13654,"ref_strain",86,1
"1469","01_13783_0086_01",1,13783,"ref_strain",86,1
"1470","01_14181_0086_01",1,14181,"ref_strain",86,1
"1471","01_14268_0086_01",1,14268,"ref_strain",86,1
"1472","01_14327_0086_01",1,14327,"ref_strain",86,1
"1473","01_14389_0086_01",1,14389,"ref_strain",86,1
"1474","01_0443_0087_01",1,443,"ref_strain",87,1
"1475","01_0631_0087_01",1,631,"ref_strain",87,1
"1476","01_0790_0087_01",1,790,"ref_strain",87,1
"1477","01_0885_0087_01",1,885,"ref_strain",87,1
"1478","01_0967_0087_01",1,967,"ref_strain",87,1
"1479","01_1024_0087_01",1,1024,"ref_strain",87,1
"1480","01_1311_0087_01",1,1311,"ref_strain",87,1
"1481","01_1348_0087_01",1,1348,"ref_strain",87,1
"1482","01_1543_0087_01",1,1543,"ref_strain",87,1
"1483","01_1569_0087_01",1,1569,"ref_strain",87,1
"1484","01_1678_0087_01",1,1678,"ref_strain",87,1
"1485","01_1862_0087_01",1,1862,"ref_strain",87,1
"1486","01_1936_0087_01",1,1936,"ref_strain",87,1
"1487","01_2190_0087_01",1,2190,"ref_strain",87,1
"1488","01_2488_0087_01",1,2488,"ref_strain",87,1
"1489","01_2996_0087_01",1,2996,"ref_strain",87,1
"1490","01_3090_0087_01",1,3090,"ref_strain",87,1
"1491","01_3190_0087_01",1,3190,"ref_strain",87,1
"1492","01_3409_0087_01",1,3409,"ref_strain",87,1
"1493","01_3509_0087_01",1,3509,"ref_strain",87,1
"1494","01_3626_0087_01",1,3626,"ref_strain",87,1
"1495","01_3820_0087_01",1,3820,"ref_strain",87,1
"1496","01_3940_0087_01",1,3940,"ref_strain",87,1
"1497","01_3986_0087_01",1,3986,"ref_strain",87,1
"1498","01_4216_0087_01",1,4216,"ref_strain",87,1
"1499","01_4325_0087_01",1,4325,"ref_strain",87,1
"1500","01_4437_0087_01",1,4437,"ref_strain",87,1
"1501","01_4553_0087_01",1,4553,"ref_strain",87,1
"1502","01_4575_0087_01",1,4575,"ref_strain",87,1
"1503","01_4822_0087_01",1,4822,"ref_strain",87,1
"1504","01_5039_0087_01",1,5039,"ref_strain",87,1
"1505","01_5140_0087_01",1,5140,"ref_strain",87,1
"1506","01_5429_0087_01",1,5429,"ref_strain",87,1
"1507","01_5445_0087_01",1,5445,"ref_strain",87,1
"1508","01_5570_0087_01",1,5570,"ref_strain",87,1
"1509","01_5595_0087_01",1,5595,"ref_strain",87,1
"1510","01_6019_0087_01",1,6019,"ref_strain",87,1
"1511","01_6999_0087_01",1,6999,"ref_strain",87,1
"1512","01_7005_0087_01",1,7005,"ref_strain",87,1
"1513","01_7021_0087_01",1,7021,"ref_strain",87,1
"1514","01_7033_0087_01",1,7033,"ref_strain",87,1
"1515","01_7263_0087_01",1,7263,"ref_strain",87,1
"1516","01_7416_0087_01",1,7416,"ref_strain",87,1
"1517","01_7609_0087_01",1,7609,"ref_strain",87,1
"1518","01_7614_0087_01",1,7614,"ref_strain",87,1
"1519","01_7675_0087_01",1,7675,"ref_strain",87,1
"1520","01_8266_0087_01",1,8266,"ref_strain",87,1
"1521","01_8398_0087_01",1,8398,"ref_strain",87,1
"1522","01_8540_0087_01",1,8540,"ref_strain",87,1
"1523","01_8565_0087_01",1,8565,"ref_strain",87,1
"1524","01_8635_0087_01",1,8635,"ref_strain",87,1
"1525","01_8667_0087_01",1,8667,"ref_strain",87,1
"1526","01_8982_0087_01",1,8982,"ref_strain",87,1
"1527","01_9007_0087_01",1,9007,"ref_strain",87,1
"1528","01_9123_0087_01",1,9123,"ref_strain",87,1
"1529","01_9175_0087_01",1,9175,"ref_strain",87,1
"1530","01_9181_0087_01",1,9181,"ref_strain",87,1
"1531","01_9299_0087_01",1,9299,"ref_strain",87,1
"1532","01_9502_0087_01",1,9502,"ref_strain",87,1
"1533","01_9755_0087_01",1,9755,"ref_strain",87,1
"1534","01_9809_0087_01",1,9809,"ref_strain",87,1
"1535","01_10168_0087_01",1,10168,"ref_strain",87,1
"1536","01_10208_0087_01",1,10208,"ref_strain",87,1
"1537","01_10450_0087_01",1,10450,"ref_strain",87,1
"1538","01_10633_0087_01",1,10633,"ref_strain",87,1
"1539","01_10759_0087_01",1,10759,"ref_strain",87,1
"1540","01_10912_0087_01",1,10912,"ref_strain",87,1
"1541","01_11015_0087_01",1,11015,"ref_strain",87,1
"1542","01_11026_0087_01",1,11026,"ref_strain",87,1
"1543","01_11629_0087_01",1,11629,"ref_strain",87,1
"1544","01_11900_0087_01",1,11900,"ref_strain",87,1
"1545","01_11959_0087_01",1,11959,"ref_strain",87,1
"1546","01_12091_0087_01",1,12091,"ref_strain",87,1
"1547","01_12973_0087_01",1,12973,"ref_strain",87,1
"1548","01_13185_0087_01",1,13185,"ref_strain",87,1
"1549","01_13332_0087_01",1,13332,"ref_strain",87,1
"1550","01_13345_0087_01",1,13345,"ref_strain",87,1
"1551","01_13428_0087_01",1,13428,"ref_strain",87,1
"1552","01_13473_0087_01",1,13473,"ref_strain",87,1
"1553","01_13624_0087_01",1,13624,"ref_strain",87,1
"1554","01_13754_0087_01",1,13754,"ref_strain",87,1
"1555","01_13791_0087_01",1,13791,"ref_strain",87,1
"1556","01_13920_0087_01",1,13920,"ref_strain",87,1
"1557","01_14173_0087_01",1,14173,"ref_strain",87,1
"1558","01_14209_0087_01",1,14209,"ref_strain",87,1
"1559","01_14261_0087_01",1,14261,"ref_strain",87,1
"1560","01_14312_0087_01",1,14312,"ref_strain",87,1
"1561","01_14515_0087_01",1,14515,"ref_strain",87,1
"1562","01_0208_0088_01",1,208,"ref_strain",88,1
"1563","01_0216_0088_01",1,216,"ref_strain",88,1
"1564","01_0373_0088_01",1,373,"ref_strain",88,1
"1565","01_0405_0088_01",1,405,"ref_strain",88,1
"1566","01_0610_0088_01",1,610,"ref_strain",88,1
"1567","01_1000_0088_01",1,1000,"ref_strain",88,1
"1568","01_1499_0088_01",1,1499,"ref_strain",88,1
"1569","01_1583_0088_01",1,1583,"ref_strain",88,1
"1570","01_1650_0088_01",1,1650,"ref_strain",88,1
"1571","01_1670_0088_01",1,1670,"ref_strain",88,1
"1572","01_1689_0088_01",1,1689,"ref_strain",88,1
"1573","01_1993_0088_01",1,1993,"ref_strain",88,1
"1574","01_2340_0088_01",1,2340,"ref_strain",88,1
"1575","01_2521_0088_01",1,2521,"ref_strain",88,1
"1576","01_2591_0088_01",1,2591,"ref_strain",88,1
"1577","01_2897_0088_01",1,2897,"ref_strain",88,1
"1578","01_3329_0088_01",1,3329,"ref_strain",88,1
"1579","01_3422_0088_01",1,3422,"ref_strain",88,1
"1580","01_3561_0088_01",1,3561,"ref_strain",88,1
"1581","01_3616_0088_01",1,3616,"ref_strain",88,1
"1582","01_3682_0088_01",1,3682,"ref_strain",88,1
"1583","01_3797_0088_01",1,3797,"ref_strain",88,1
"1584","01_3816_0088_01",1,3816,"ref_strain",88,1
"1585","01_4274_0088_01",1,4274,"ref_strain",88,1
"1586","01_4284_0088_01",1,4284,"ref_strain",88,1
"1587","01_4519_0088_01",1,4519,"ref_strain",88,1
"1588","01_4522_0088_01",1,4522,"ref_strain",88,1
"1589","01_4771_0088_01",1,4771,"ref_strain",88,1
"1590","01_4776_0088_01",1,4776,"ref_strain",88,1
"1591","01_4860_0088_01",1,4860,"ref_strain",88,1
"1592","01_4968_0088_01",1,4968,"ref_strain",88,1
"1593","01_4976_0088_01",1,4976,"ref_strain",88,1
"1594","01_5522_0088_01",1,5522,"ref_strain",88,1
"1595","01_5603_0088_01",1,5603,"ref_strain",88,1
"1596","01_5615_0088_01",1,5615,"ref_strain",88,1
"1597","01_5662_0088_01",1,5662,"ref_strain",88,1
"1598","01_5678_0088_01",1,5678,"ref_strain",88,1
"1599","01_5733_0088_01",1,5733,"ref_strain",88,1
"1600","01_5741_0088_01",1,5741,"ref_strain",88,1
"1601","01_5959_0088_01",1,5959,"ref_strain",88,1
"1602","01_6098_0088_01",1,6098,"ref_strain",88,1
"1603","01_6108_0088_01",1,6108,"ref_strain",88,1
"1604","01_6382_0088_01",1,6382,"ref_strain",88,1
"1605","01_6533_0088_01",1,6533,"ref_strain",88,1
"1606","01_6540_0088_01",1,6540,"ref_strain",88,1
"1607","01_6699_0088_01",1,6699,"ref_strain",88,1
"1608","01_6772_0088_01",1,6772,"ref_strain",88,1
"1609","01_7475_0088_01",1,7475,"ref_strain",88,1
"1610","01_7640_0088_01",1,7640,"ref_strain",88,1
"1611","01_7762_0088_01",1,7762,"ref_strain",88,1
"1612","01_7874_0088_01",1,7874,"ref_strain",88,1
"1613","01_7948_0088_01",1,7948,"ref_strain",88,1
"1614","01_8029_0088_01",1,8029,"ref_strain",88,1
"1615","01_8707_0088_01",1,8707,"ref_strain",88,1
"1616","01_9000_0088_01",1,9000,"ref_strain",88,1
"1617","01_9057_0088_01",1,9057,"ref_strain",88,1
"1618","01_9274_0088_01",1,9274,"ref_strain",88,1
"1619","01_9425_0088_01",1,9425,"ref_strain",88,1
"1620","01_9529_0088_01",1,9529,"ref_strain",88,1
"1621","01_9611_0088_01",1,9611,"ref_strain",88,1
"1622","01_9804_0088_01",1,9804,"ref_strain",88,1
"1623","01_9849_0088_01",1,9849,"ref_strain",88,1
"1624","01_10098_0088_01",1,10098,"ref_strain",88,1
"1625","01_10102_0088_01",1,10102,"ref_strain",88,1
"1626","01_10522_0088_01",1,10522,"ref_strain",88,1
"1627","01_10938_0088_01",1,10938,"ref_strain",88,1
"1628","01_10943_0088_01",1,10943,"ref_strain",88,1
"1629","01_10997_0088_01",1,10997,"ref_strain",88,1
"1630","01_11040_0088_01",1,11040,"ref_strain",88,1
"1631","01_11053_0088_01",1,11053,"ref_strain",88,1
"1632","01_11093_0088_01",1,11093,"ref_strain",88,1
"1633","01_11095_0088_01",1,11095,"ref_strain",88,1
"1634","01_11117_0088_01",1,11117,"ref_strain",88,1
"1635","01_11213_0088_01",1,11213,"ref_strain",88,1
"1636","01_11539_0088_01",1,11539,"ref_strain",88,1
"1637","01_11979_0088_01",1,11979,"ref_strain",88,1
"1638","01_12227_0088_01",1,12227,"ref_strain",88,1
"1639","01_12279_0088_01",1,12279,"ref_strain",88,1
"1640","01_12292_0088_01",1,12292,"ref_strain",88,1
"1641","01_12341_0088_01",1,12341,"ref_strain",88,1
"1642","01_12819_0088_01",1,12819,"ref_strain",88,1
"1643","01_12987_0088_01",1,12987,"ref_strain",88,1
"1644","01_13050_0088_01",1,13050,"ref_strain",88,1
"1645","01_13099_0088_01",1,13099,"ref_strain",88,1
"1646","01_13143_0088_01",1,13143,"ref_strain",88,1
"1647","01_13427_0088_01",1,13427,"ref_strain",88,1
"1648","01_13450_0088_01",1,13450,"ref_strain",88,1
"1649","01_13618_0088_01",1,13618,"ref_strain",88,1
"1650","01_13804_0088_01",1,13804,"ref_strain",88,1
"1651","01_13846_0088_01",1,13846,"ref_strain",88,1
"1652","01_14010_0088_01",1,14010,"ref_strain",88,1
"1653","01_14013_0088_01",1,14013,"ref_strain",88,1
"1654","01_14016_0088_01",1,14016,"ref_strain",88,1
"1655","01_14458_0088_01",1,14458,"ref_strain",88,1
"1656","01_0303_0089_01",1,303,"ref_strain",89,1
"1657","01_0434_0089_01",1,434,"ref_strain",89,1
"1658","01_0505_0089_01",1,505,"ref_strain",89,1
"1659","01_0511_0089_01",1,511,"ref_strain",89,1
"1660","01_0772_0089_01",1,772,"ref_strain",89,1
"1661","01_1136_0089_01",1,1136,"ref_strain",89,1
"1662","01_1155_0089_01",1,1155,"ref_strain",89,1
"1663","01_1294_0089_01",1,1294,"ref_strain",89,1
"1664","01_1377_0089_01",1,1377,"ref_strain",89,1
"1665","01_1514_0089_01",1,1514,"ref_strain",89,1
"1666","01_1535_0089_01",1,1535,"ref_strain",89,1
"1667","01_1713_0089_01",1,1713,"ref_strain",89,1
"1668","01_1864_0089_01",1,1864,"ref_strain",89,1
"1669","01_1872_0089_01",1,1872,"ref_strain",89,1
"1670","01_1896_0089_01",1,1896,"ref_strain",89,1
"1671","01_1907_0089_01",1,1907,"ref_strain",89,1
"1672","01_1989_0089_01",1,1989,"ref_strain",89,1
"1673","01_2014_0089_01",1,2014,"ref_strain",89,1
"1674","01_2236_0089_01",1,2236,"ref_strain",89,1
"1675","01_2510_0089_01",1,2510,"ref_strain",89,1
"1676","01_2731_0089_01",1,2731,"ref_strain",89,1
"1677","01_2749_0089_01",1,2749,"ref_strain",89,1
"1678","01_2843_0089_01",1,2843,"ref_strain",89,1
"1679","01_2873_0089_01",1,2873,"ref_strain",89,1
"1680","01_2958_0089_01",1,2958,"ref_strain",89,1
"1681","01_3054_0089_01",1,3054,"ref_strain",89,1
"1682","01_3238_0089_01",1,3238,"ref_strain",89,1
"1683","01_3528_0089_01",1,3528,"ref_strain",89,1
"1684","01_3641_0089_01",1,3641,"ref_strain",89,1
"1685","01_3913_0089_01",1,3913,"ref_strain",89,1
"1686","01_4037_0089_01",1,4037,"ref_strain",89,1
"1687","01_4137_0089_01",1,4137,"ref_strain",89,1
"1688","01_4174_0089_01",1,4174,"ref_strain",89,1
"1689","01_4321_0089_01",1,4321,"ref_strain",89,1
"1690","01_4335_0089_01",1,4335,"ref_strain",89,1
"1691","01_4339_0089_01",1,4339,"ref_strain",89,1
"1692","01_4444_0089_01",1,4444,"ref_strain",89,1
"1693","01_4505_0089_01",1,4505,"ref_strain",89,1
"1694","01_4635_0089_01",1,4635,"ref_strain",89,1
"1695","01_4812_0089_01",1,4812,"ref_strain",89,1
"1696","01_5363_0089_01",1,5363,"ref_strain",89,1
"1697","01_5409_0089_01",1,5409,"ref_strain",89,1
"1698","01_5467_0089_01",1,5467,"ref_strain",89,1
"1699","01_5708_0089_01",1,5708,"ref_strain",89,1
"1700","01_6245_0089_01",1,6245,"ref_strain",89,1
"1701","01_6263_0089_01",1,6263,"ref_strain",89,1
"1702","01_6264_0089_01",1,6264,"ref_strain",89,1
"1703","01_6788_0089_01",1,6788,"ref_strain",89,1
"1704","01_6963_0089_01",1,6963,"ref_strain",89,1
"1705","01_7092_0089_01",1,7092,"ref_strain",89,1
"1706","01_7246_0089_01",1,7246,"ref_strain",89,1
"1707","01_7255_0089_01",1,7255,"ref_strain",89,1
"1708","01_7583_0089_01",1,7583,"ref_strain",89,1
"1709","01_7684_0089_01",1,7684,"ref_strain",89,1
"1710","01_7693_0089_01",1,7693,"ref_strain",89,1
"1711","01_7726_0089_01",1,7726,"ref_strain",89,1
"1712","01_7735_0089_01",1,7735,"ref_strain",89,1
"1713","01_7737_0089_01",1,7737,"ref_strain",89,1
"1714","01_8038_0089_01",1,8038,"ref_strain",89,1
"1715","01_8168_0089_01",1,8168,"ref_strain",89,1
"1716","01_8208_0089_01",1,8208,"ref_strain",89,1
"1717","01_8335_0089_01",1,8335,"ref_strain",89,1
"1718","01_8370_0089_01",1,8370,"ref_strain",89,1
"1719","01_8505_0089_01",1,8505,"ref_strain",89,1
"1720","01_8721_0089_01",1,8721,"ref_strain",89,1
"1721","01_8857_0089_01",1,8857,"ref_strain",89,1
"1722","01_9066_0089_01",1,9066,"ref_strain",89,1
"1723","01_9293_0089_01",1,9293,"ref_strain",89,1
"1724","01_9372_0089_01",1,9372,"ref_strain",89,1
"1725","01_9408_0089_01",1,9408,"ref_strain",89,1
"1726","01_9439_0089_01",1,9439,"ref_strain",89,1
"1727","01_9596_0089_01",1,9596,"ref_strain",89,1
"1728","01_9714_0089_01",1,9714,"ref_strain",89,1
"1729","01_9943_0089_01",1,9943,"ref_strain",89,1
"1730","01_9965_0089_01",1,9965,"ref_strain",89,1
"1731","01_10036_0089_01",1,10036,"ref_strain",89,1
"1732","01_10127_0089_01",1,10127,"ref_strain",89,1
"1733","01_10390_0089_01",1,10390,"ref_strain",89,1
"1734","01_10443_0089_01",1,10443,"ref_strain",89,1
"1735","01_10478_0089_01",1,10478,"ref_strain",89,1
"1736","01_10854_0089_01",1,10854,"ref_strain",89,1
"1737","01_10889_0089_01",1,10889,"ref_strain",89,1
"1738","01_10947_0089_01",1,10947,"ref_strain",89,1
"1739","01_11029_0089_01",1,11029,"ref_strain",89,1
"1740","01_11065_0089_01",1,11065,"ref_strain",89,1
"1741","01_11110_0089_01",1,11110,"ref_strain",89,1
"1742","01_11267_0089_01",1,11267,"ref_strain",89,1
"1743","01_11317_0089_01",1,11317,"ref_strain",89,1
"1744","01_11477_0089_01",1,11477,"ref_strain",89,1
"1745","01_11510_0089_01",1,11510,"ref_strain",89,1
"1746","01_11546_0089_01",1,11546,"ref_strain",89,1
"1747","01_11575_0089_01",1,11575,"ref_strain",89,1
"1748","01_11597_0089_01",1,11597,"ref_strain",89,1
"1749","01_11605_0089_01",1,11605,"ref_strain",89,1
"1750","01_11624_0089_01",1,11624,"ref_strain",89,1
"1751","01_11734_0089_01",1,11734,"ref_strain",89,1
"1752","01_11752_0089_01",1,11752,"ref_strain",89,1
"1753","01_11772_0089_01",1,11772,"ref_strain",89,1
"1754","01_11823_0089_01",1,11823,"ref_strain",89,1
"1755","01_12002_0089_01",1,12002,"ref_strain",89,1
"1756","01_12011_0089_01",1,12011,"ref_strain",89,1
"1757","01_12222_0089_01",1,12222,"ref_strain",89,1
"1758","01_12407_0089_01",1,12407,"ref_strain",89,1
"1759","01_12659_0089_01",1,12659,"ref_strain",89,1
"1760","01_12888_0089_01",1,12888,"ref_strain",89,1
"1761","01_12946_0089_01",1,12946,"ref_strain",89,1
"1762","01_13019_0089_01",1,13019,"ref_strain",89,1
"1763","01_13774_0089_01",1,13774,"ref_strain",89,1
"1764","01_13790_0089_01",1,13790,"ref_strain",89,1
"1765","01_13993_0089_01",1,13993,"ref_strain",89,1
"1766","01_14302_0089_01",1,14302,"ref_strain",89,1
"1767","01_0022_0090_01",1,22,"ref_strain",90,1
"1768","01_0132_0090_01",1,132,"ref_strain",90,1
"1769","01_0416_0090_01",1,416,"ref_strain",90,1
"1770","01_0907_0090_01",1,907,"ref_strain",90,1
"1771","01_0910_0090_01",1,910,"ref_strain",90,1
"1772","01_0932_0090_01",1,932,"ref_strain",90,1
"1773","01_1224_0090_01",1,1224,"ref_strain",90,1
"1774","01_1305_0090_01",1,1305,"ref_strain",90,1
"1775","01_1558_0090_01",1,1558,"ref_strain",90,1
"1776","01_1636_0090_01",1,1636,"ref_strain",90,1
"1777","01_1700_0090_01",1,1700,"ref_strain",90,1
"1778","01_1708_0090_01",1,1708,"ref_strain",90,1
"1779","01_1770_0090_01",1,1770,"ref_strain",90,1
"1780","01_1780_0090_01",1,1780,"ref_strain",90,1
"1781","01_1931_0090_01",1,1931,"ref_strain",90,1
"1782","01_2025_0090_01",1,2025,"ref_strain",90,1
"1783","01_2077_0090_01",1,2077,"ref_strain",90,1
"1784","01_2133_0090_01",1,2133,"ref_strain",90,1
"1785","01_2161_0090_01",1,2161,"ref_strain",90,1
"1786","01_2163_0090_01",1,2163,"ref_strain",90,1
"1787","01_2172_0090_01",1,2172,"ref_strain",90,1
"1788","01_2366_0090_01",1,2366,"ref_strain",90,1
"1789","01_2603_0090_01",1,2603,"ref_strain",90,1
"1790","01_2663_0090_01",1,2663,"ref_strain",90,1
"1791","01_2688_0090_01",1,2688,"ref_strain",90,1
"1792","01_2864_0090_01",1,2864,"ref_strain",90,1
"1793","01_2928_0090_01",1,2928,"ref_strain",90,1
"1794","01_2988_0090_01",1,2988,"ref_strain",90,1
"1795","01_3136_0090_01",1,3136,"ref_strain",90,1
"1796","01_3536_0090_01",1,3536,"ref_strain",90,1
"1797","01_3611_0090_01",1,3611,"ref_strain",90,1
"1798","01_3654_0090_01",1,3654,"ref_strain",90,1
"1799","01_3933_0090_01",1,3933,"ref_strain",90,1
"1800","01_4075_0090_01",1,4075,"ref_strain",90,1
"1801","01_4261_0090_01",1,4261,"ref_strain",90,1
"1802","01_4397_0090_01",1,4397,"ref_strain",90,1
"1803","01_4410_0090_01",1,4410,"ref_strain",90,1
"1804","01_4607_0090_01",1,4607,"ref_strain",90,1
"1805","01_4667_0090_01",1,4667,"ref_strain",90,1
"1806","01_4844_0090_01",1,4844,"ref_strain",90,1
"1807","01_4912_0090_01",1,4912,"ref_strain",90,1
"1808","01_4997_0090_01",1,4997,"ref_strain",90,1
"1809","01_5044_0090_01",1,5044,"ref_strain",90,1
"1810","01_5332_0090_01",1,5332,"ref_strain",90,1
"1811","01_5475_0090_01",1,5475,"ref_strain",90,1
"1812","01_5496_0090_01",1,5496,"ref_strain",90,1
"1813","01_5510_0090_01",1,5510,"ref_strain",90,1
"1814","01_5664_0090_01",1,5664,"ref_strain",90,1
"1815","01_5930_0090_01",1,5930,"ref_strain",90,1
"1816","01_6054_0090_01",1,6054,"ref_strain",90,1
"1817","01_6059_0090_01",1,6059,"ref_strain",90,1
"1818","01_6312_0090_01",1,6312,"ref_strain",90,1
"1819","01_6486_0090_01",1,6486,"ref_strain",90,1
"1820","01_6701_0090_01",1,6701,"ref_strain",90,1
"1821","01_6795_0090_01",1,6795,"ref_strain",90,1
"1822","01_6816_0090_01",1,6816,"ref_strain",90,1
"1823","01_6861_0090_01",1,6861,"ref_strain",90,1
"1824","01_6908_0090_01",1,6908,"ref_strain",90,1
"1825","01_7117_0090_01",1,7117,"ref_strain",90,1
"1826","01_7198_0090_01",1,7198,"ref_strain",90,1
"1827","01_7227_0090_01",1,7227,"ref_strain",90,1
"1828","01_7256_0090_01",1,7256,"ref_strain",90,1
"1829","01_7733_0090_01",1,7733,"ref_strain",90,1
"1830","01_7846_0090_01",1,7846,"ref_strain",90,1
"1831","01_7873_0090_01",1,7873,"ref_strain",90,1
"1832","01_8087_0090_01",1,8087,"ref_strain",90,1
"1833","01_8130_0090_01",1,8130,"ref_strain",90,1
"1834","01_8291_0090_01",1,8291,"ref_strain",90,1
"1835","01_8456_0090_01",1,8456,"ref_strain",90,1
"1836","01_8529_0090_01",1,8529,"ref_strain",90,1
"1837","01_8650_0090_01",1,8650,"ref_strain",90,1
"1838","01_8836_0090_01",1,8836,"ref_strain",90,1
"1839","01_9482_0090_01",1,9482,"ref_strain",90,1
"1840","01_9493_0090_01",1,9493,"ref_strain",90,1
"1841","01_9498_0090_01",1,9498,"ref_strain",90,1
"1842","01_9697_0090_01",1,9697,"ref_strain",90,1
"1843","01_10001_0090_01",1,10001,"ref_strain",90,1
"1844","01_10167_0090_01",1,10167,"ref_strain",90,1
"1845","01_10262_0090_01",1,10262,"ref_strain",90,1
"1846","01_10347_0090_01",1,10347,"ref_strain",90,1
"1847","01_10447_0090_01",1,10447,"ref_strain",90,1
"1848","01_10636_0090_01",1,10636,"ref_strain",90,1
"1849","01_10707_0090_01",1,10707,"ref_strain",90,1
"1850","01_11097_0090_01",1,11097,"ref_strain",90,1
"1851","01_11247_0090_01",1,11247,"ref_strain",90,1
"1852","01_11395_0090_01",1,11395,"ref_strain",90,1
"1853","01_11428_0090_01",1,11428,"ref_strain",90,1
"1854","01_11487_0090_01",1,11487,"ref_strain",90,1
"1855","01_11540_0090_01",1,11540,"ref_strain",90,1
"1856","01_11631_0090_01",1,11631,"ref_strain",90,1
"1857","01_11692_0090_01",1,11692,"ref_strain",90,1
"1858","01_11743_0090_01",1,11743,"ref_strain",90,1
"1859","01_11977_0090_01",1,11977,"ref_strain",90,1
"1860","01_12937_0090_01",1,12937,"ref_strain",90,1
"1861","01_12947_0090_01",1,12947,"ref_strain",90,1
"1862","01_13419_0090_01",1,13419,"ref_strain",90,1
"1863","01_13446_0090_01",1,13446,"ref_strain",90,1
"1864","01_13456_0090_01",1,13456,"ref_strain",90,1
"1865","01_13548_0090_01",1,13548,"ref_strain",90,1
"1866","01_13551_0090_01",1,13551,"ref_strain",90,1
"1867","01_13556_0090_01",1,13556,"ref_strain",90,1
"1868","01_13664_0090_01",1,13664,"ref_strain",90,1
"1869","01_13707_0090_01",1,13707,"ref_strain",90,1
"1870","01_13810_0090_01",1,13810,"ref_strain",90,1
"1871","01_13976_0090_01",1,13976,"ref_strain",90,1
"1872","01_14030_0090_01",1,14030,"ref_strain",90,1
"1873","01_14196_0090_01",1,14196,"ref_strain",90,1
"1874","01_14267_0090_01",1,14267,"ref_strain",90,1
"1875","01_14392_0090_01",1,14392,"ref_strain",90,1
"1876","01_14478_0090_01",1,14478,"ref_strain",90,1
"1877","01_0179_0091_01",1,179,"ref_strain",91,1
"1878","01_0246_0091_01",1,246,"ref_strain",91,1
"1879","01_0266_0091_01",1,266,"ref_strain",91,1
"1880","01_0390_0091_01",1,390,"ref_strain",91,1
"1881","01_0455_0091_01",1,455,"ref_strain",91,1
"1882","01_0672_0091_01",1,672,"ref_strain",91,1
"1883","01_0698_0091_01",1,698,"ref_strain",91,1
"1884","01_0706_0091_01",1,706,"ref_strain",91,1
"1885","01_0961_0091_01",1,961,"ref_strain",91,1
"1886","01_0962_0091_01",1,962,"ref_strain",91,1
"1887","01_1157_0091_01",1,1157,"ref_strain",91,1
"1888","01_1221_0091_01",1,1221,"ref_strain",91,1
"1889","01_1317_0091_01",1,1317,"ref_strain",91,1
"1890","01_1352_0091_01",1,1352,"ref_strain",91,1
"1891","01_1579_0091_01",1,1579,"ref_strain",91,1
"1892","01_1606_0091_01",1,1606,"ref_strain",91,1
"1893","01_2027_0091_01",1,2027,"ref_strain",91,1
"1894","01_2554_0091_01",1,2554,"ref_strain",91,1
"1895","01_2757_0091_01",1,2757,"ref_strain",91,1
"1896","01_2888_0091_01",1,2888,"ref_strain",91,1
"1897","01_2963_0091_01",1,2963,"ref_strain",91,1
"1898","01_3031_0091_01",1,3031,"ref_strain",91,1
"1899","01_3219_0091_01",1,3219,"ref_strain",91,1
"1900","01_3234_0091_01",1,3234,"ref_strain",91,1
"1901","01_3367_0091_01",1,3367,"ref_strain",91,1
"1902","01_3451_0091_01",1,3451,"ref_strain",91,1
"1903","01_3498_0091_01",1,3498,"ref_strain",91,1
"1904","01_3621_0091_01",1,3621,"ref_strain",91,1
"1905","01_3748_0091_01",1,3748,"ref_strain",91,1
"1906","01_3927_0091_01",1,3927,"ref_strain",91,1
"1907","01_4071_0091_01",1,4071,"ref_strain",91,1
"1908","01_4355_0091_01",1,4355,"ref_strain",91,1
"1909","01_4425_0091_01",1,4425,"ref_strain",91,1
"1910","01_4435_0091_01",1,4435,"ref_strain",91,1
"1911","01_4521_0091_01",1,4521,"ref_strain",91,1
"1912","01_4571_0091_01",1,4571,"ref_strain",91,1
"1913","01_4670_0091_01",1,4670,"ref_strain",91,1
"1914","01_4692_0091_01",1,4692,"ref_strain",91,1
"1915","01_4915_0091_01",1,4915,"ref_strain",91,1
"1916","01_5297_0091_01",1,5297,"ref_strain",91,1
"1917","01_5325_0091_01",1,5325,"ref_strain",91,1
"1918","01_5361_0091_01",1,5361,"ref_strain",91,1
"1919","01_5696_0091_01",1,5696,"ref_strain",91,1
"1920","01_5790_0091_01",1,5790,"ref_strain",91,1
"1921","01_5884_0091_01",1,5884,"ref_strain",91,1
"1922","01_6001_0091_01",1,6001,"ref_strain",91,1
"1923","01_6209_0091_01",1,6209,"ref_strain",91,1
"1924","01_6389_0091_01",1,6389,"ref_strain",91,1
"1925","01_6794_0091_01",1,6794,"ref_strain",91,1
"1926","01_6991_0091_01",1,6991,"ref_strain",91,1
"1927","01_7215_0091_01",1,7215,"ref_strain",91,1
"1928","01_7230_0091_01",1,7230,"ref_strain",91,1
"1929","01_7234_0091_01",1,7234,"ref_strain",91,1
"1930","01_7254_0091_01",1,7254,"ref_strain",91,1
"1931","01_7333_0091_01",1,7333,"ref_strain",91,1
"1932","01_7354_0091_01",1,7354,"ref_strain",91,1
"1933","01_7915_0091_01",1,7915,"ref_strain",91,1
"1934","01_8251_0091_01",1,8251,"ref_strain",91,1
"1935","01_8533_0091_01",1,8533,"ref_strain",91,1
"1936","01_8664_0091_01",1,8664,"ref_strain",91,1
"1937","01_9077_0091_01",1,9077,"ref_strain",91,1
"1938","01_9101_0091_01",1,9101,"ref_strain",91,1
"1939","01_9106_0091_01",1,9106,"ref_strain",91,1
"1940","01_9631_0091_01",1,9631,"ref_strain",91,1
"1941","01_9699_0091_01",1,9699,"ref_strain",91,1
"1942","01_9988_0091_01",1,9988,"ref_strain",91,1
"1943","01_10178_0091_01",1,10178,"ref_strain",91,1
"1944","01_10227_0091_01",1,10227,"ref_strain",91,1
"1945","01_10454_0091_01",1,10454,"ref_strain",91,1
"1946","01_10464_0091_01",1,10464,"ref_strain",91,1
"1947","01_10476_0091_01",1,10476,"ref_strain",91,1
"1948","01_10650_0091_01",1,10650,"ref_strain",91,1
"1949","01_11044_0091_01",1,11044,"ref_strain",91,1
"1950","01_11677_0091_01",1,11677,"ref_strain",91,1
"1951","01_11717_0091_01",1,11717,"ref_strain",91,1
"1952","01_11749_0091_01",1,11749,"ref_strain",91,1
"1953","01_11792_0091_01",1,11792,"ref_strain",91,1
"1954","01_11997_0091_01",1,11997,"ref_strain",91,1
"1955","01_12081_0091_01",1,12081,"ref_strain",91,1
"1956","01_12115_0091_01",1,12115,"ref_strain",91,1
"1957","01_12242_0091_01",1,12242,"ref_strain",91,1
"1958","01_12280_0091_01",1,12280,"ref_strain",91,1
"1959","01_12315_0091_01",1,12315,"ref_strain",91,1
"1960","01_12373_0091_01",1,12373,"ref_strain",91,1
"1961","01_12417_0091_01",1,12417,"ref_strain",91,1
"1962","01_12430_0091_01",1,12430,"ref_strain",91,1
"1963","01_12435_0091_01",1,12435,"ref_strain",91,1
"1964","01_12472_0091_01",1,12472,"ref_strain",91,1
"1965","01_12475_0091_01",1,12475,"ref_strain",91,1
"1966","01_12584_0091_01",1,12584,"ref_strain",91,1
"1967","01_12741_0091_01",1,12741,"ref_strain",91,1
"1968","01_12801_0091_01",1,12801,"ref_strain",91,1
"1969","01_13037_0091_01",1,13037,"ref_strain",91,1
"1970","01_13152_0091_01",1,13152,"ref_strain",91,1
"1971","01_13265_0091_01",1,13265,"ref_strain",91,1
"1972","01_13601_0091_01",1,13601,"ref_strain",91,1
"1973","01_13671_0091_01",1,13671,"ref_strain",91,1
"1974","01_13710_0091_01",1,13710,"ref_strain",91,1
"1975","01_14114_0091_01",1,14114,"ref_strain",91,1
"1976","01_14167_0091_01",1,14167,"ref_strain",91,1
"1977","01_14214_0091_01",1,14214,"ref_strain",91,1
"1978","01_14415_0091_01",1,14415,"ref_strain",91,1
"1979","01_0090_0092_01",1,90,"ref_strain",92,1
"1980","01_0127_0092_01",1,127,"ref_strain",92,1
"1981","01_0308_0092_01",1,308,"ref_strain",92,1
"1982","01_0425_0092_01",1,425,"ref_strain",92,1
"1983","01_0474_0092_01",1,474,"ref_strain",92,1
"1984","01_0528_0092_01",1,528,"ref_strain",92,1
"1985","01_0556_0092_01",1,556,"ref_strain",92,1
"1986","01_0925_0092_01",1,925,"ref_strain",92,1
"1987","01_1007_0092_01",1,1007,"ref_strain",92,1
"1988","01_1054_0092_01",1,1054,"ref_strain",92,1
"1989","01_1574_0092_01",1,1574,"ref_strain",92,1
"1990","01_1677_0092_01",1,1677,"ref_strain",92,1
"1991","01_1866_0092_01",1,1866,"ref_strain",92,1
"1992","01_1893_0092_01",1,1893,"ref_strain",92,1
"1993","01_1973_0092_01",1,1973,"ref_strain",92,1
"1994","01_2094_0092_01",1,2094,"ref_strain",92,1
"1995","01_2189_0092_01",1,2189,"ref_strain",92,1
"1996","01_2301_0092_01",1,2301,"ref_strain",92,1
"1997","01_2319_0092_01",1,2319,"ref_strain",92,1
"1998","01_2323_0092_01",1,2323,"ref_strain",92,1
"1999","01_2404_0092_01",1,2404,"ref_strain",92,1
"2000","01_3017_0092_01",1,3017,"ref_strain",92,1
"2001","01_3101_0092_01",1,3101,"ref_strain",92,1
"2002","01_3170_0092_01",1,3170,"ref_strain",92,1
"2003","01_3769_0092_01",1,3769,"ref_strain",92,1
"2004","01_3774_0092_01",1,3774,"ref_strain",92,1
"2005","01_3813_0092_01",1,3813,"ref_strain",92,1
"2006","01_4242_0092_01",1,4242,"ref_strain",92,1
"2007","01_4568_0092_01",1,4568,"ref_strain",92,1
"2008","01_4578_0092_01",1,4578,"ref_strain",92,1
"2009","01_4631_0092_01",1,4631,"ref_strain",92,1
"2010","01_4677_0092_01",1,4677,"ref_strain",92,1
"2011","01_4711_0092_01",1,4711,"ref_strain",92,1
"2012","01_4715_0092_01",1,4715,"ref_strain",92,1
"2013","01_4859_0092_01",1,4859,"ref_strain",92,1
"2014","01_4877_0092_01",1,4877,"ref_strain",92,1
"2015","01_4920_0092_01",1,4920,"ref_strain",92,1
"2016","01_4951_0092_01",1,4951,"ref_strain",92,1
"2017","01_5016_0092_01",1,5016,"ref_strain",92,1
"2018","01_5133_0092_01",1,5133,"ref_strain",92,1
"2019","01_5189_0092_01",1,5189,"ref_strain",92,1
"2020","01_5221_0092_01",1,5221,"ref_strain",92,1
"2021","01_5394_0092_01",1,5394,"ref_strain",92,1
"2022","01_5407_0092_01",1,5407,"ref_strain",92,1
"2023","01_5463_0092_01",1,5463,"ref_strain",92,1
"2024","01_5750_0092_01",1,5750,"ref_strain",92,1
"2025","01_5765_0092_01",1,5765,"ref_strain",92,1
"2026","01_5798_0092_01",1,5798,"ref_strain",92,1
"2027","01_6175_0092_01",1,6175,"ref_strain",92,1
"2028","01_6303_0092_01",1,6303,"ref_strain",92,1
"2029","01_6384_0092_01",1,6384,"ref_strain",92,1
"2030","01_6452_0092_01",1,6452,"ref_strain",92,1
"2031","01_6835_0092_01",1,6835,"ref_strain",92,1
"2032","01_6973_0092_01",1,6973,"ref_strain",92,1
"2033","01_6976_0092_01",1,6976,"ref_strain",92,1
"2034","01_7060_0092_01",1,7060,"ref_strain",92,1
"2035","01_7268_0092_01",1,7268,"ref_strain",92,1
"2036","01_7380_0092_01",1,7380,"ref_strain",92,1
"2037","01_7413_0092_01",1,7413,"ref_strain",92,1
"2038","01_7426_0092_01",1,7426,"ref_strain",92,1
"2039","01_7519_0092_01",1,7519,"ref_strain",92,1
"2040","01_7532_0092_01",1,7532,"ref_strain",92,1
"2041","01_7550_0092_01",1,7550,"ref_strain",92,1
"2042","01_7567_0092_01",1,7567,"ref_strain",92,1
"2043","01_7591_0092_01",1,7591,"ref_strain",92,1
"2044","01_7715_0092_01",1,7715,"ref_strain",92,1
"2045","01_7764_0092_01",1,7764,"ref_strain",92,1
"2046","01_7886_0092_01",1,7886,"ref_strain",92,1
"2047","01_7983_0092_01",1,7983,"ref_strain",92,1
"2048","01_8025_0092_01",1,8025,"ref_strain",92,1
"2049","01_8052_0092_01",1,8052,"ref_strain",92,1
"2050","01_8218_0092_01",1,8218,"ref_strain",92,1
"2051","01_8224_0092_01",1,8224,"ref_strain",92,1
"2052","01_8276_0092_01",1,8276,"ref_strain",92,1
"2053","01_8288_0092_01",1,8288,"ref_strain",92,1
"2054","01_8644_0092_01",1,8644,"ref_strain",92,1
"2055","01_8653_0092_01",1,8653,"ref_strain",92,1
"2056","01_9080_0092_01",1,9080,"ref_strain",92,1
"2057","01_9117_0092_01",1,9117,"ref_strain",92,1
"2058","01_9177_0092_01",1,9177,"ref_strain",92,1
"2059","01_9395_0092_01",1,9395,"ref_strain",92,1
"2060","01_9449_0092_01",1,9449,"ref_strain",92,1
"2061","01_9705_0092_01",1,9705,"ref_strain",92,1
"2062","01_9909_0092_01",1,9909,"ref_strain",92,1
"2063","01_9933_0092_01",1,9933,"ref_strain",92,1
"2064","01_10302_0092_01",1,10302,"ref_strain",92,1
"2065","01_10651_0092_01",1,10651,"ref_strain",92,1
"2066","01_10661_0092_01",1,10661,"ref_strain",92,1
"2067","01_10998_0092_01",1,10998,"ref_strain",92,1
"2068","01_11057_0092_01",1,11057,"ref_strain",92,1
"2069","01_11140_0092_01",1,11140,"ref_strain",92,1
"2070","01_11351_0092_01",1,11351,"ref_strain",92,1
"2071","01_11429_0092_01",1,11429,"ref_strain",92,1
"2072","01_11595_0092_01",1,11595,"ref_strain",92,1
"2073","01_11635_0092_01",1,11635,"ref_strain",92,1
"2074","01_11682_0092_01",1,11682,"ref_strain",92,1
"2075","01_11813_0092_01",1,11813,"ref_strain",92,1
"2076","01_11988_0092_01",1,11988,"ref_strain",92,1
"2077","01_11992_0092_01",1,11992,"ref_strain",92,1
"2078","01_12167_0092_01",1,12167,"ref_strain",92,1
"2079","01_12218_0092_01",1,12218,"ref_strain",92,1
"2080","01_12220_0092_01",1,12220,"ref_strain",92,1
"2081","01_12389_0092_01",1,12389,"ref_strain",92,1
"2082","01_12481_0092_01",1,12481,"ref_strain",92,1
"2083","01_12554_0092_01",1,12554,"ref_strain",92,1
"2084","01_12677_0092_01",1,12677,"ref_strain",92,1
"2085","01_13003_0092_01",1,13003,"ref_strain",92,1
"2086","01_13164_0092_01",1,13164,"ref_strain",92,1
"2087","01_13298_0092_01",1,13298,"ref_strain",92,1
"2088","01_13697_0092_01",1,13697,"ref_strain",92,1
"2089","01_13785_0092_01",1,13785,"ref_strain",92,1
"2090","01_13789_0092_01",1,13789,"ref_strain",92,1
"2091","01_14089_0092_01",1,14089,"ref_strain",92,1
"2092","01_14091_0092_01",1,14091,"ref_strain",92,1
"2093","01_14180_0092_01",1,14180,"ref_strain",92,1
"2094","01_14273_0092_01",1,14273,"ref_strain",92,1
"2095","01_14293_0092_01",1,14293,"ref_strain",92,1
"2096","01_14405_0092_01",1,14405,"ref_strain",92,1
"2097","01_14408_0092_01",1,14408,"ref_strain",92,1
"2098","01_14410_0092_01",1,14410,"ref_strain",92,1
"2099","01_0098_0093_01",1,98,"ref_strain",93,1
"2100","01_0193_0093_01",1,193,"ref_strain",93,1
"2101","01_0222_0093_01",1,222,"ref_strain",93,1
"2102","01_0445_0093_01",1,445,"ref_strain",93,1
"2103","01_0525_0093_01",1,525,"ref_strain",93,1
"2104","01_0570_0093_01",1,570,"ref_strain",93,1
"2105","01_0683_0093_01",1,683,"ref_strain",93,1
"2106","01_0928_0093_01",1,928,"ref_strain",93,1
"2107","01_1073_0093_01",1,1073,"ref_strain",93,1
"2108","01_1208_0093_01",1,1208,"ref_strain",93,1
"2109","01_1370_0093_01",1,1370,"ref_strain",93,1
"2110","01_1834_0093_01",1,1834,"ref_strain",93,1
"2111","01_2290_0093_01",1,2290,"ref_strain",93,1
"2112","01_2315_0093_01",1,2315,"ref_strain",93,1
"2113","01_2342_0093_01",1,2342,"ref_strain",93,1
"2114","01_2746_0093_01",1,2746,"ref_strain",93,1
"2115","01_2915_0093_01",1,2915,"ref_strain",93,1
"2116","01_2968_0093_01",1,2968,"ref_strain",93,1
"2117","01_3000_0093_01",1,3000,"ref_strain",93,1
"2118","01_3023_0093_01",1,3023,"ref_strain",93,1
"2119","01_3118_0093_01",1,3118,"ref_strain",93,1
"2120","01_3358_0093_01",1,3358,"ref_strain",93,1
"2121","01_3624_0093_01",1,3624,"ref_strain",93,1
"2122","01_3956_0093_01",1,3956,"ref_strain",93,1
"2123","01_4017_0093_01",1,4017,"ref_strain",93,1
"2124","01_4055_0093_01",1,4055,"ref_strain",93,1
"2125","01_4157_0093_01",1,4157,"ref_strain",93,1
"2126","01_4177_0093_01",1,4177,"ref_strain",93,1
"2127","01_4213_0093_01",1,4213,"ref_strain",93,1
"2128","01_4326_0093_01",1,4326,"ref_strain",93,1
"2129","01_4620_0093_01",1,4620,"ref_strain",93,1
"2130","01_4659_0093_01",1,4659,"ref_strain",93,1
"2131","01_4809_0093_01",1,4809,"ref_strain",93,1
"2132","01_4930_0093_01",1,4930,"ref_strain",93,1
"2133","01_5021_0093_01",1,5021,"ref_strain",93,1
"2134","01_5190_0093_01",1,5190,"ref_strain",93,1
"2135","01_5288_0093_01",1,5288,"ref_strain",93,1
"2136","01_5295_0093_01",1,5295,"ref_strain",93,1
"2137","01_5449_0093_01",1,5449,"ref_strain",93,1
"2138","01_5468_0093_01",1,5468,"ref_strain",93,1
"2139","01_5572_0093_01",1,5572,"ref_strain",93,1
"2140","01_5832_0093_01",1,5832,"ref_strain",93,1
"2141","01_5847_0093_01",1,5847,"ref_strain",93,1
"2142","01_6047_0093_01",1,6047,"ref_strain",93,1
"2143","01_6127_0093_01",1,6127,"ref_strain",93,1
"2144","01_6141_0093_01",1,6141,"ref_strain",93,1
"2145","01_6188_0093_01",1,6188,"ref_strain",93,1
"2146","01_6272_0093_01",1,6272,"ref_strain",93,1
"2147","01_6276_0093_01",1,6276,"ref_strain",93,1
"2148","01_6299_0093_01",1,6299,"ref_strain",93,1
"2149","01_6416_0093_01",1,6416,"ref_strain",93,1
"2150","01_6439_0093_01",1,6439,"ref_strain",93,1
"2151","01_6495_0093_01",1,6495,"ref_strain",93,1
"2152","01_7027_0093_01",1,7027,"ref_strain",93,1
"2153","01_7123_0093_01",1,7123,"ref_strain",93,1
"2154","01_7129_0093_01",1,7129,"ref_strain",93,1
"2155","01_7293_0093_01",1,7293,"ref_strain",93,1
"2156","01_7401_0093_01",1,7401,"ref_strain",93,1
"2157","01_7594_0093_01",1,7594,"ref_strain",93,1
"2158","01_7857_0093_01",1,7857,"ref_strain",93,1
"2159","01_7880_0093_01",1,7880,"ref_strain",93,1
"2160","01_8460_0093_01",1,8460,"ref_strain",93,1
"2161","01_8592_0093_01",1,8592,"ref_strain",93,1
"2162","01_8639_0093_01",1,8639,"ref_strain",93,1
"2163","01_8816_0093_01",1,8816,"ref_strain",93,1
"2164","01_8929_0093_01",1,8929,"ref_strain",93,1
"2165","01_9061_0093_01",1,9061,"ref_strain",93,1
"2166","01_9065_0093_01",1,9065,"ref_strain",93,1
"2167","01_9151_0093_01",1,9151,"ref_strain",93,1
"2168","01_9585_0093_01",1,9585,"ref_strain",93,1
"2169","01_9643_0093_01",1,9643,"ref_strain",93,1
"2170","01_9939_0093_01",1,9939,"ref_strain",93,1
"2171","01_9976_0093_01",1,9976,"ref_strain",93,1
"2172","01_10101_0093_01",1,10101,"ref_strain",93,1
"2173","01_10116_0093_01",1,10116,"ref_strain",93,1
"2174","01_10133_0093_01",1,10133,"ref_strain",93,1
"2175","01_10324_0093_01",1,10324,"ref_strain",93,1
"2176","01_10327_0093_01",1,10327,"ref_strain",93,1
"2177","01_10717_0093_01",1,10717,"ref_strain",93,1
"2178","01_11064_0093_01",1,11064,"ref_strain",93,1
"2179","01_11149_0093_01",1,11149,"ref_strain",93,1
"2180","01_11226_0093_01",1,11226,"ref_strain",93,1
"2181","01_11424_0093_01",1,11424,"ref_strain",93,1
"2182","01_11949_0093_01",1,11949,"ref_strain",93,1
"2183","01_12030_0093_01",1,12030,"ref_strain",93,1
"2184","01_12066_0093_01",1,12066,"ref_strain",93,1
"2185","01_12077_0093_01",1,12077,"ref_strain",93,1
"2186","01_12103_0093_01",1,12103,"ref_strain",93,1
"2187","01_12122_0093_01",1,12122,"ref_strain",93,1
"2188","01_12200_0093_01",1,12200,"ref_strain",93,1
"2189","01_12238_0093_01",1,12238,"ref_strain",93,1
"2190","01_12275_0093_01",1,12275,"ref_strain",93,1
"2191","01_12333_0093_01",1,12333,"ref_strain",93,1
"2192","01_12640_0093_01",1,12640,"ref_strain",93,1
"2193","01_12704_0093_01",1,12704,"ref_strain",93,1
"2194","01_12756_0093_01",1,12756,"ref_strain",93,1
"2195","01_12785_0093_01",1,12785,"ref_strain",93,1
"2196","01_12831_0093_01",1,12831,"ref_strain",93,1
"2197","01_12960_0093_01",1,12960,"ref_strain",93,1
"2198","01_13346_0093_01",1,13346,"ref_strain",93,1
"2199","01_13728_0093_01",1,13728,"ref_strain",93,1
"2200","01_13827_0093_01",1,13827,"ref_strain",93,1
"2201","01_13871_0093_01",1,13871,"ref_strain",93,1
"2202","01_14058_0093_01",1,14058,"ref_strain",93,1
"2203","01_14113_0093_01",1,14113,"ref_strain",93,1
"2204","01_14280_0093_01",1,14280,"ref_strain",93,1
"2205","01_14498_0093_01",1,14498,"ref_strain",93,1
"2206","01_14516_0093_01",1,14516,"ref_strain",93,1
"2207","01_0057_0094_01",1,57,"ref_strain",94,1
"2208","01_0089_0094_01",1,89,"ref_strain",94,1
"2209","01_0106_0094_01",1,106,"ref_strain",94,1
"2210","01_0207_0094_01",1,207,"ref_strain",94,1
"2211","01_0259_0094_01",1,259,"ref_strain",94,1
"2212","01_0343_0094_01",1,343,"ref_strain",94,1
"2213","01_0530_0094_01",1,530,"ref_strain",94,1
"2214","01_0591_0094_01",1,591,"ref_strain",94,1
"2215","01_0686_0094_01",1,686,"ref_strain",94,1
"2216","01_0699_0094_01",1,699,"ref_strain",94,1
"2217","01_0769_0094_01",1,769,"ref_strain",94,1
"2218","01_1099_0094_01",1,1099,"ref_strain",94,1
"2219","01_1158_0094_01",1,1158,"ref_strain",94,1
"2220","01_1164_0094_01",1,1164,"ref_strain",94,1
"2221","01_1350_0094_01",1,1350,"ref_strain",94,1
"2222","01_1351_0094_01",1,1351,"ref_strain",94,1
"2223","01_1408_0094_01",1,1408,"ref_strain",94,1
"2224","01_1901_0094_01",1,1901,"ref_strain",94,1
"2225","01_1960_0094_01",1,1960,"ref_strain",94,1
"2226","01_2041_0094_01",1,2041,"ref_strain",94,1
"2227","01_2216_0094_01",1,2216,"ref_strain",94,1
"2228","01_2704_0094_01",1,2704,"ref_strain",94,1
"2229","01_2795_0094_01",1,2795,"ref_strain",94,1
"2230","01_2835_0094_01",1,2835,"ref_strain",94,1
"2231","01_2848_0094_01",1,2848,"ref_strain",94,1
"2232","01_2934_0094_01",1,2934,"ref_strain",94,1
"2233","01_3038_0094_01",1,3038,"ref_strain",94,1
"2234","01_3063_0094_01",1,3063,"ref_strain",94,1
"2235","01_3217_0094_01",1,3217,"ref_strain",94,1
"2236","01_3227_0094_01",1,3227,"ref_strain",94,1
"2237","01_3259_0094_01",1,3259,"ref_strain",94,1
"2238","01_3328_0094_01",1,3328,"ref_strain",94,1
"2239","01_3335_0094_01",1,3335,"ref_strain",94,1
"2240","01_3461_0094_01",1,3461,"ref_strain",94,1
"2241","01_3472_0094_01",1,3472,"ref_strain",94,1
"2242","01_3627_0094_01",1,3627,"ref_strain",94,1
"2243","01_3707_0094_01",1,3707,"ref_strain",94,1
"2244","01_3741_0094_01",1,3741,"ref_strain",94,1
"2245","01_3758_0094_01",1,3758,"ref_strain",94,1
"2246","01_3812_0094_01",1,3812,"ref_strain",94,1
"2247","01_3823_0094_01",1,3823,"ref_strain",94,1
"2248","01_3984_0094_01",1,3984,"ref_strain",94,1
"2249","01_3998_0094_01",1,3998,"ref_strain",94,1
"2250","01_4209_0094_01",1,4209,"ref_strain",94,1
"2251","01_4408_0094_01",1,4408,"ref_strain",94,1
"2252","01_4414_0094_01",1,4414,"ref_strain",94,1
"2253","01_4559_0094_01",1,4559,"ref_strain",94,1
"2254","01_4573_0094_01",1,4573,"ref_strain",94,1
"2255","01_4916_0094_01",1,4916,"ref_strain",94,1
"2256","01_4921_0094_01",1,4921,"ref_strain",94,1
"2257","01_4972_0094_01",1,4972,"ref_strain",94,1
"2258","01_5159_0094_01",1,5159,"ref_strain",94,1
"2259","01_5330_0094_01",1,5330,"ref_strain",94,1
"2260","01_5533_0094_01",1,5533,"ref_strain",94,1
"2261","01_5543_0094_01",1,5543,"ref_strain",94,1
"2262","01_5591_0094_01",1,5591,"ref_strain",94,1
"2263","01_5875_0094_01",1,5875,"ref_strain",94,1
"2264","01_6020_0094_01",1,6020,"ref_strain",94,1
"2265","01_6038_0094_01",1,6038,"ref_strain",94,1
"2266","01_6292_0094_01",1,6292,"ref_strain",94,1
"2267","01_6325_0094_01",1,6325,"ref_strain",94,1
"2268","01_6351_0094_01",1,6351,"ref_strain",94,1
"2269","01_6642_0094_01",1,6642,"ref_strain",94,1
"2270","01_6758_0094_01",1,6758,"ref_strain",94,1
"2271","01_6879_0094_01",1,6879,"ref_strain",94,1
"2272","01_6940_0094_01",1,6940,"ref_strain",94,1
"2273","01_7061_0094_01",1,7061,"ref_strain",94,1
"2274","01_7197_0094_01",1,7197,"ref_strain",94,1
"2275","01_7362_0094_01",1,7362,"ref_strain",94,1
"2276","01_7417_0094_01",1,7417,"ref_strain",94,1
"2277","01_7623_0094_01",1,7623,"ref_strain",94,1
"2278","01_7761_0094_01",1,7761,"ref_strain",94,1
"2279","01_7852_0094_01",1,7852,"ref_strain",94,1
"2280","01_7861_0094_01",1,7861,"ref_strain",94,1
"2281","01_7869_0094_01",1,7869,"ref_strain",94,1
"2282","01_7908_0094_01",1,7908,"ref_strain",94,1
"2283","01_8082_0094_01",1,8082,"ref_strain",94,1
"2284","01_8163_0094_01",1,8163,"ref_strain",94,1
"2285","01_8227_0094_01",1,8227,"ref_strain",94,1
"2286","01_8408_0094_01",1,8408,"ref_strain",94,1
"2287","01_8447_0094_01",1,8447,"ref_strain",94,1
"2288","01_8555_0094_01",1,8555,"ref_strain",94,1
"2289","01_8845_0094_01",1,8845,"ref_strain",94,1
"2290","01_8916_0094_01",1,8916,"ref_strain",94,1
"2291","01_8985_0094_01",1,8985,"ref_strain",94,1
"2292","01_9387_0094_01",1,9387,"ref_strain",94,1
"2293","01_9393_0094_01",1,9393,"ref_strain",94,1
"2294","01_9480_0094_01",1,9480,"ref_strain",94,1
"2295","01_9722_0094_01",1,9722,"ref_strain",94,1
"2296","01_9968_0094_01",1,9968,"ref_strain",94,1
"2297","01_10107_0094_01",1,10107,"ref_strain",94,1
"2298","01_10521_0094_01",1,10521,"ref_strain",94,1
"2299","01_10901_0094_01",1,10901,"ref_strain",94,1
"2300","01_11046_0094_01",1,11046,"ref_strain",94,1
"2301","01_11215_0094_01",1,11215,"ref_strain",94,1
"2302","01_11375_0094_01",1,11375,"ref_strain",94,1
"2303","01_11530_0094_01",1,11530,"ref_strain",94,1
"2304","01_11930_0094_01",1,11930,"ref_strain",94,1
"2305","01_12206_0094_01",1,12206,"ref_strain",94,1
"2306","01_12343_0094_01",1,12343,"ref_strain",94,1
"2307","01_12499_0094_01",1,12499,"ref_strain",94,1
"2308","01_12656_0094_01",1,12656,"ref_strain",94,1
"2309","01_12774_0094_01",1,12774,"ref_strain",94,1
"2310","01_12887_0094_01",1,12887,"ref_strain",94,1
"2311","01_13083_0094_01",1,13083,"ref_strain",94,1
"2312","01_13240_0094_01",1,13240,"ref_strain",94,1
"2313","01_13294_0094_01",1,13294,"ref_strain",94,1
"2314","01_13493_0094_01",1,13493,"ref_strain",94,1
"2315","01_13598_0094_01",1,13598,"ref_strain",94,1
"2316","01_13681_0094_01",1,13681,"ref_strain",94,1
"2317","01_13700_0094_01",1,13700,"ref_strain",94,1
"2318","01_13835_0094_01",1,13835,"ref_strain",94,1
"2319","01_13875_0094_01",1,13875,"ref_strain",94,1
"2320","01_14212_0094_01",1,14212,"ref_strain",94,1
"2321","01_14318_0094_01",1,14318,"ref_strain",94,1
"2322","01_14342_0094_01",1,14342,"ref_strain",94,1
"2323","01_14359_0094_01",1,14359,"ref_strain",94,1
"2324","01_14429_0094_01",1,14429,"ref_strain",94,1
"2325","01_0012_0095_01",1,12,"ref_strain",95,1
"2326","01_0034_0095_01",1,34,"ref_strain",95,1
"2327","01_0066_0095_01",1,66,"ref_strain",95,1
"2328","01_0172_0095_01",1,172,"ref_strain",95,1
"2329","01_0191_0095_01",1,191,"ref_strain",95,1
"2330","01_0361_0095_01",1,361,"ref_strain",95,1
"2331","01_0615_0095_01",1,615,"ref_strain",95,1
"2332","01_1039_0095_01",1,1039,"ref_strain",95,1
"2333","01_1214_0095_01",1,1214,"ref_strain",95,1
"2334","01_1405_0095_01",1,1405,"ref_strain",95,1
"2335","01_1423_0095_01",1,1423,"ref_strain",95,1
"2336","01_1428_0095_01",1,1428,"ref_strain",95,1
"2337","01_1788_0095_01",1,1788,"ref_strain",95,1
"2338","01_1925_0095_01",1,1925,"ref_strain",95,1
"2339","01_1987_0095_01",1,1987,"ref_strain",95,1
"2340","01_2114_0095_01",1,2114,"ref_strain",95,1
"2341","01_2141_0095_01",1,2141,"ref_strain",95,1
"2342","01_2149_0095_01",1,2149,"ref_strain",95,1
"2343","01_2199_0095_01",1,2199,"ref_strain",95,1
"2344","01_2287_0095_01",1,2287,"ref_strain",95,1
"2345","01_2335_0095_01",1,2335,"ref_strain",95,1
"2346","01_2362_0095_01",1,2362,"ref_strain",95,1
"2347","01_2479_0095_01",1,2479,"ref_strain",95,1
"2348","01_2529_0095_01",1,2529,"ref_strain",95,1
"2349","01_2690_0095_01",1,2690,"ref_strain",95,1
"2350","01_2797_0095_01",1,2797,"ref_strain",95,1
"2351","01_3407_0095_01",1,3407,"ref_strain",95,1
"2352","01_3458_0095_01",1,3458,"ref_strain",95,1
"2353","01_3477_0095_01",1,3477,"ref_strain",95,1
"2354","01_3507_0095_01",1,3507,"ref_strain",95,1
"2355","01_3588_0095_01",1,3588,"ref_strain",95,1
"2356","01_3832_0095_01",1,3832,"ref_strain",95,1
"2357","01_3842_0095_01",1,3842,"ref_strain",95,1
"2358","01_3880_0095_01",1,3880,"ref_strain",95,1
"2359","01_4020_0095_01",1,4020,"ref_strain",95,1
"2360","01_4082_0095_01",1,4082,"ref_strain",95,1
"2361","01_4100_0095_01",1,4100,"ref_strain",95,1
"2362","01_4207_0095_01",1,4207,"ref_strain",95,1
"2363","01_4390_0095_01",1,4390,"ref_strain",95,1
"2364","01_4730_0095_01",1,4730,"ref_strain",95,1
"2365","01_4735_0095_01",1,4735,"ref_strain",95,1
"2366","01_4753_0095_01",1,4753,"ref_strain",95,1
"2367","01_4934_0095_01",1,4934,"ref_strain",95,1
"2368","01_5003_0095_01",1,5003,"ref_strain",95,1
"2369","01_5074_0095_01",1,5074,"ref_strain",95,1
"2370","01_5233_0095_01",1,5233,"ref_strain",95,1
"2371","01_5263_0095_01",1,5263,"ref_strain",95,1
"2372","01_5316_0095_01",1,5316,"ref_strain",95,1
"2373","01_5359_0095_01",1,5359,"ref_strain",95,1
"2374","01_5448_0095_01",1,5448,"ref_strain",95,1
"2375","01_5458_0095_01",1,5458,"ref_strain",95,1
"2376","01_5720_0095_01",1,5720,"ref_strain",95,1
"2377","01_6041_0095_01",1,6041,"ref_strain",95,1
"2378","01_6143_0095_01",1,6143,"ref_strain",95,1
"2379","01_6157_0095_01",1,6157,"ref_strain",95,1
"2380","01_6194_0095_01",1,6194,"ref_strain",95,1
"2381","01_6296_0095_01",1,6296,"ref_strain",95,1
"2382","01_6301_0095_01",1,6301,"ref_strain",95,1
"2383","01_6310_0095_01",1,6310,"ref_strain",95,1
"2384","01_6539_0095_01",1,6539,"ref_strain",95,1
"2385","01_6728_0095_01",1,6728,"ref_strain",95,1
"2386","01_6739_0095_01",1,6739,"ref_strain",95,1
"2387","01_6826_0095_01",1,6826,"ref_strain",95,1
"2388","01_6827_0095_01",1,6827,"ref_strain",95,1
"2389","01_6840_0095_01",1,6840,"ref_strain",95,1
"2390","01_6868_0095_01",1,6868,"ref_strain",95,1
"2391","01_6873_0095_01",1,6873,"ref_strain",95,1
"2392","01_6931_0095_01",1,6931,"ref_strain",95,1
"2393","01_7288_0095_01",1,7288,"ref_strain",95,1
"2394","01_7350_0095_01",1,7350,"ref_strain",95,1
"2395","01_7510_0095_01",1,7510,"ref_strain",95,1
"2396","01_7705_0095_01",1,7705,"ref_strain",95,1
"2397","01_7766_0095_01",1,7766,"ref_strain",95,1
"2398","01_8117_0095_01",1,8117,"ref_strain",95,1
"2399","01_8124_0095_01",1,8124,"ref_strain",95,1
"2400","01_8146_0095_01",1,8146,"ref_strain",95,1
"2401","01_8147_0095_01",1,8147,"ref_strain",95,1
"2402","01_8299_0095_01",1,8299,"ref_strain",95,1
"2403","01_8636_0095_01",1,8636,"ref_strain",95,1
"2404","01_8647_0095_01",1,8647,"ref_strain",95,1
"2405","01_8702_0095_01",1,8702,"ref_strain",95,1
"2406","01_8885_0095_01",1,8885,"ref_strain",95,1
"2407","01_8907_0095_01",1,8907,"ref_strain",95,1
"2408","01_8924_0095_01",1,8924,"ref_strain",95,1
"2409","01_9338_0095_01",1,9338,"ref_strain",95,1
"2410","01_9632_0095_01",1,9632,"ref_strain",95,1
"2411","01_9644_0095_01",1,9644,"ref_strain",95,1
"2412","01_9706_0095_01",1,9706,"ref_strain",95,1
"2413","01_9818_0095_01",1,9818,"ref_strain",95,1
"2414","01_9838_0095_01",1,9838,"ref_strain",95,1
"2415","01_9853_0095_01",1,9853,"ref_strain",95,1
"2416","01_9855_0095_01",1,9855,"ref_strain",95,1
"2417","01_10028_0095_01",1,10028,"ref_strain",95,1
"2418","01_10446_0095_01",1,10446,"ref_strain",95,1
"2419","01_10583_0095_01",1,10583,"ref_strain",95,1
"2420","01_10687_0095_01",1,10687,"ref_strain",95,1
"2421","01_10804_0095_01",1,10804,"ref_strain",95,1
"2422","01_10849_0095_01",1,10849,"ref_strain",95,1
"2423","01_10851_0095_01",1,10851,"ref_strain",95,1
"2424","01_10858_0095_01",1,10858,"ref_strain",95,1
"2425","01_11252_0095_01",1,11252,"ref_strain",95,1
"2426","01_11361_0095_01",1,11361,"ref_strain",95,1
"2427","01_11389_0095_01",1,11389,"ref_strain",95,1
"2428","01_11464_0095_01",1,11464,"ref_strain",95,1
"2429","01_11592_0095_01",1,11592,"ref_strain",95,1
"2430","01_11611_0095_01",1,11611,"ref_strain",95,1
"2431","01_12059_0095_01",1,12059,"ref_strain",95,1
"2432","01_12134_0095_01",1,12134,"ref_strain",95,1
"2433","01_12427_0095_01",1,12427,"ref_strain",95,1
"2434","01_12429_0095_01",1,12429,"ref_strain",95,1
"2435","01_12457_0095_01",1,12457,"ref_strain",95,1
"2436","01_12550_0095_01",1,12550,"ref_strain",95,1
"2437","01_12709_0095_01",1,12709,"ref_strain",95,1
"2438","01_12769_0095_01",1,12769,"ref_strain",95,1
"2439","01_12853_0095_01",1,12853,"ref_strain",95,1
"2440","01_12995_0095_01",1,12995,"ref_strain",95,1
"2441","01_13025_0095_01",1,13025,"ref_strain",95,1
"2442","01_13055_0095_01",1,13055,"ref_strain",95,1
"2443","01_13168_0095_01",1,13168,"ref_strain",95,1
"2444","01_13377_0095_01",1,13377,"ref_strain",95,1
"2445","01_13640_0095_01",1,13640,"ref_strain",95,1
"2446","01_13824_0095_01",1,13824,"ref_strain",95,1
"2447","01_14297_0095_01",1,14297,"ref_strain",95,1
"2448","01_14400_0095_01",1,14400,"ref_strain",95,1
"2449","01_14407_0095_01",1,14407,"ref_strain",95,1
"2450","01_0018_0096_01",1,18,"ref_strain",96,1
"2451","01_0114_0096_01",1,114,"ref_strain",96,1
"2452","01_0199_0096_01",1,199,"ref_strain",96,1
"2453","01_0317_0096_01",1,317,"ref_strain",96,1
"2454","01_0512_0096_01",1,512,"ref_strain",96,1
"2455","01_0582_0096_01",1,582,"ref_strain",96,1
"2456","01_0675_0096_01",1,675,"ref_strain",96,1
"2457","01_0687_0096_01",1,687,"ref_strain",96,1
"2458","01_0799_0096_01",1,799,"ref_strain",96,1
"2459","01_0888_0096_01",1,888,"ref_strain",96,1
"2460","01_0901_0096_01",1,901,"ref_strain",96,1
"2461","01_1101_0096_01",1,1101,"ref_strain",96,1
"2462","01_1165_0096_01",1,1165,"ref_strain",96,1
"2463","01_1166_0096_01",1,1166,"ref_strain",96,1
"2464","01_1169_0096_01",1,1169,"ref_strain",96,1
"2465","01_1213_0096_01",1,1213,"ref_strain",96,1
"2466","01_1415_0096_01",1,1415,"ref_strain",96,1
"2467","01_1433_0096_01",1,1433,"ref_strain",96,1
"2468","01_1447_0096_01",1,1447,"ref_strain",96,1
"2469","01_1472_0096_01",1,1472,"ref_strain",96,1
"2470","01_1812_0096_01",1,1812,"ref_strain",96,1
"2471","01_1813_0096_01",1,1813,"ref_strain",96,1
"2472","01_1911_0096_01",1,1911,"ref_strain",96,1
"2473","01_2023_0096_01",1,2023,"ref_strain",96,1
"2474","01_2146_0096_01",1,2146,"ref_strain",96,1
"2475","01_2253_0096_01",1,2253,"ref_strain",96,1
"2476","01_2293_0096_01",1,2293,"ref_strain",96,1
"2477","01_2306_0096_01",1,2306,"ref_strain",96,1
"2478","01_2344_0096_01",1,2344,"ref_strain",96,1
"2479","01_2392_0096_01",1,2392,"ref_strain",96,1
"2480","01_2571_0096_01",1,2571,"ref_strain",96,1
"2481","01_2658_0096_01",1,2658,"ref_strain",96,1
"2482","01_2716_0096_01",1,2716,"ref_strain",96,1
"2483","01_2894_0096_01",1,2894,"ref_strain",96,1
"2484","01_3028_0096_01",1,3028,"ref_strain",96,1
"2485","01_3416_0096_01",1,3416,"ref_strain",96,1
"2486","01_3655_0096_01",1,3655,"ref_strain",96,1
"2487","01_3713_0096_01",1,3713,"ref_strain",96,1
"2488","01_3999_0096_01",1,3999,"ref_strain",96,1
"2489","01_4043_0096_01",1,4043,"ref_strain",96,1
"2490","01_4067_0096_01",1,4067,"ref_strain",96,1
"2491","01_4136_0096_01",1,4136,"ref_strain",96,1
"2492","01_4320_0096_01",1,4320,"ref_strain",96,1
"2493","01_4547_0096_01",1,4547,"ref_strain",96,1
"2494","01_4703_0096_01",1,4703,"ref_strain",96,1
"2495","01_4870_0096_01",1,4870,"ref_strain",96,1
"2496","01_5042_0096_01",1,5042,"ref_strain",96,1
"2497","01_5100_0096_01",1,5100,"ref_strain",96,1
"2498","01_5184_0096_01",1,5184,"ref_strain",96,1
"2499","01_5195_0096_01",1,5195,"ref_strain",96,1
"2500","01_5215_0096_01",1,5215,"ref_strain",96,1
"2501","01_5267_0096_01",1,5267,"ref_strain",96,1
"2502","01_5371_0096_01",1,5371,"ref_strain",96,1
"2503","01_5401_0096_01",1,5401,"ref_strain",96,1
"2504","01_5503_0096_01",1,5503,"ref_strain",96,1
"2505","01_5692_0096_01",1,5692,"ref_strain",96,1
"2506","01_5920_0096_01",1,5920,"ref_strain",96,1
"2507","01_6008_0096_01",1,6008,"ref_strain",96,1
"2508","01_6185_0096_01",1,6185,"ref_strain",96,1
"2509","01_6255_0096_01",1,6255,"ref_strain",96,1
"2510","01_6529_0096_01",1,6529,"ref_strain",96,1
"2511","01_6662_0096_01",1,6662,"ref_strain",96,1
"2512","01_6771_0096_01",1,6771,"ref_strain",96,1
"2513","01_6992_0096_01",1,6992,"ref_strain",96,1
"2514","01_7037_0096_01",1,7037,"ref_strain",96,1
"2515","01_7047_0096_01",1,7047,"ref_strain",96,1
"2516","01_7171_0096_01",1,7171,"ref_strain",96,1
"2517","01_7175_0096_01",1,7175,"ref_strain",96,1
"2518","01_7212_0096_01",1,7212,"ref_strain",96,1
"2519","01_7410_0096_01",1,7410,"ref_strain",96,1
"2520","01_7462_0096_01",1,7462,"ref_strain",96,1
"2521","01_7508_0096_01",1,7508,"ref_strain",96,1
"2522","01_7650_0096_01",1,7650,"ref_strain",96,1
"2523","01_7721_0096_01",1,7721,"ref_strain",96,1
"2524","01_7773_0096_01",1,7773,"ref_strain",96,1
"2525","01_7837_0096_01",1,7837,"ref_strain",96,1
"2526","01_7973_0096_01",1,7973,"ref_strain",96,1
"2527","01_8032_0096_01",1,8032,"ref_strain",96,1
"2528","01_8068_0096_01",1,8068,"ref_strain",96,1
"2529","01_8074_0096_01",1,8074,"ref_strain",96,1
"2530","01_8144_0096_01",1,8144,"ref_strain",96,1
"2531","01_8148_0096_01",1,8148,"ref_strain",96,1
"2532","01_8272_0096_01",1,8272,"ref_strain",96,1
"2533","01_8434_0096_01",1,8434,"ref_strain",96,1
"2534","01_8580_0096_01",1,8580,"ref_strain",96,1
"2535","01_8611_0096_01",1,8611,"ref_strain",96,1
"2536","01_8633_0096_01",1,8633,"ref_strain",96,1
"2537","01_9038_0096_01",1,9038,"ref_strain",96,1
"2538","01_9396_0096_01",1,9396,"ref_strain",96,1
"2539","01_9433_0096_01",1,9433,"ref_strain",96,1
"2540","01_9438_0096_01",1,9438,"ref_strain",96,1
"2541","01_9454_0096_01",1,9454,"ref_strain",96,1
"2542","01_9558_0096_01",1,9558,"ref_strain",96,1
"2543","01_9606_0096_01",1,9606,"ref_strain",96,1
"2544","01_9746_0096_01",1,9746,"ref_strain",96,1
"2545","01_9749_0096_01",1,9749,"ref_strain",96,1
"2546","01_9812_0096_01",1,9812,"ref_strain",96,1
"2547","01_9990_0096_01",1,9990,"ref_strain",96,1
"2548","01_10517_0096_01",1,10517,"ref_strain",96,1
"2549","01_10865_0096_01",1,10865,"ref_strain",96,1
"2550","01_10968_0096_01",1,10968,"ref_strain",96,1
"2551","01_11042_0096_01",1,11042,"ref_strain",96,1
"2552","01_11180_0096_01",1,11180,"ref_strain",96,1
"2553","01_11636_0096_01",1,11636,"ref_strain",96,1
"2554","01_11646_0096_01",1,11646,"ref_strain",96,1
"2555","01_11696_0096_01",1,11696,"ref_strain",96,1
"2556","01_11713_0096_01",1,11713,"ref_strain",96,1
"2557","01_11791_0096_01",1,11791,"ref_strain",96,1
"2558","01_11972_0096_01",1,11972,"ref_strain",96,1
"2559","01_12062_0096_01",1,12062,"ref_strain",96,1
"2560","01_12082_0096_01",1,12082,"ref_strain",96,1
"2561","01_12083_0096_01",1,12083,"ref_strain",96,1
"2562","01_12213_0096_01",1,12213,"ref_strain",96,1
"2563","01_12247_0096_01",1,12247,"ref_strain",96,1
"2564","01_12251_0096_01",1,12251,"ref_strain",96,1
"2565","01_12405_0096_01",1,12405,"ref_strain",96,1
"2566","01_12731_0096_01",1,12731,"ref_strain",96,1
"2567","01_12759_0096_01",1,12759,"ref_strain",96,1
"2568","01_12816_0096_01",1,12816,"ref_strain",96,1
"2569","01_12899_0096_01",1,12899,"ref_strain",96,1
"2570","01_12930_0096_01",1,12930,"ref_strain",96,1
"2571","01_13065_0096_01",1,13065,"ref_strain",96,1
"2572","01_13144_0096_01",1,13144,"ref_strain",96,1
"2573","01_13353_0096_01",1,13353,"ref_strain",96,1
"2574","01_13426_0096_01",1,13426,"ref_strain",96,1
"2575","01_13809_0096_01",1,13809,"ref_strain",96,1
"2576","01_13821_0096_01",1,13821,"ref_strain",96,1
"2577","01_13850_0096_01",1,13850,"ref_strain",96,1
"2578","01_13911_0096_01",1,13911,"ref_strain",96,1
"2579","01_13939_0096_01",1,13939,"ref_strain",96,1
"2580","01_14029_0096_01",1,14029,"ref_strain",96,1
"2581","01_14116_0096_01",1,14116,"ref_strain",96,1
"2582","01_14323_0096_01",1,14323,"ref_strain",96,1
"2583","01_0178_0097_01",1,178,"ref_strain",97,1
"2584","01_0513_0097_01",1,513,"ref_strain",97,1
"2585","01_0516_0097_01",1,516,"ref_strain",97,1
"2586","01_0574_0097_01",1,574,"ref_strain",97,1
"2587","01_0607_0097_01",1,607,"ref_strain",97,1
"2588","01_0725_0097_01",1,725,"ref_strain",97,1
"2589","01_0739_0097_01",1,739,"ref_strain",97,1
"2590","01_0811_0097_01",1,811,"ref_strain",97,1
"2591","01_0853_0097_01",1,853,"ref_strain",97,1
"2592","01_0912_0097_01",1,912,"ref_strain",97,1
"2593","01_1045_0097_01",1,1045,"ref_strain",97,1
"2594","01_1060_0097_01",1,1060,"ref_strain",97,1
"2595","01_1083_0097_01",1,1083,"ref_strain",97,1
"2596","01_1299_0097_01",1,1299,"ref_strain",97,1
"2597","01_1732_0097_01",1,1732,"ref_strain",97,1
"2598","01_2034_0097_01",1,2034,"ref_strain",97,1
"2599","01_2259_0097_01",1,2259,"ref_strain",97,1
"2600","01_2530_0097_01",1,2530,"ref_strain",97,1
"2601","01_2553_0097_01",1,2553,"ref_strain",97,1
"2602","01_2632_0097_01",1,2632,"ref_strain",97,1
"2603","01_2691_0097_01",1,2691,"ref_strain",97,1
"2604","01_2908_0097_01",1,2908,"ref_strain",97,1
"2605","01_2967_0097_01",1,2967,"ref_strain",97,1
"2606","01_2976_0097_01",1,2976,"ref_strain",97,1
"2607","01_3008_0097_01",1,3008,"ref_strain",97,1
"2608","01_3281_0097_01",1,3281,"ref_strain",97,1
"2609","01_3304_0097_01",1,3304,"ref_strain",97,1
"2610","01_3326_0097_01",1,3326,"ref_strain",97,1
"2611","01_3475_0097_01",1,3475,"ref_strain",97,1
"2612","01_3494_0097_01",1,3494,"ref_strain",97,1
"2613","01_3520_0097_01",1,3520,"ref_strain",97,1
"2614","01_3684_0097_01",1,3684,"ref_strain",97,1
"2615","01_3885_0097_01",1,3885,"ref_strain",97,1
"2616","01_3995_0097_01",1,3995,"ref_strain",97,1
"2617","01_4008_0097_01",1,4008,"ref_strain",97,1
"2618","01_4165_0097_01",1,4165,"ref_strain",97,1
"2619","01_4172_0097_01",1,4172,"ref_strain",97,1
"2620","01_4193_0097_01",1,4193,"ref_strain",97,1
"2621","01_4211_0097_01",1,4211,"ref_strain",97,1
"2622","01_4311_0097_01",1,4311,"ref_strain",97,1
"2623","01_4440_0097_01",1,4440,"ref_strain",97,1
"2624","01_4561_0097_01",1,4561,"ref_strain",97,1
"2625","01_4732_0097_01",1,4732,"ref_strain",97,1
"2626","01_4834_0097_01",1,4834,"ref_strain",97,1
"2627","01_4908_0097_01",1,4908,"ref_strain",97,1
"2628","01_4985_0097_01",1,4985,"ref_strain",97,1
"2629","01_4999_0097_01",1,4999,"ref_strain",97,1
"2630","01_5024_0097_01",1,5024,"ref_strain",97,1
"2631","01_5334_0097_01",1,5334,"ref_strain",97,1
"2632","01_5430_0097_01",1,5430,"ref_strain",97,1
"2633","01_5434_0097_01",1,5434,"ref_strain",97,1
"2634","01_5564_0097_01",1,5564,"ref_strain",97,1
"2635","01_5612_0097_01",1,5612,"ref_strain",97,1
"2636","01_5876_0097_01",1,5876,"ref_strain",97,1
"2637","01_5912_0097_01",1,5912,"ref_strain",97,1
"2638","01_6077_0097_01",1,6077,"ref_strain",97,1
"2639","01_6123_0097_01",1,6123,"ref_strain",97,1
"2640","01_6144_0097_01",1,6144,"ref_strain",97,1
"2641","01_6302_0097_01",1,6302,"ref_strain",97,1
"2642","01_6434_0097_01",1,6434,"ref_strain",97,1
"2643","01_6468_0097_01",1,6468,"ref_strain",97,1
"2644","01_6535_0097_01",1,6535,"ref_strain",97,1
"2645","01_6543_0097_01",1,6543,"ref_strain",97,1
"2646","01_6626_0097_01",1,6626,"ref_strain",97,1
"2647","01_6652_0097_01",1,6652,"ref_strain",97,1
"2648","01_6752_0097_01",1,6752,"ref_strain",97,1
"2649","01_6892_0097_01",1,6892,"ref_strain",97,1
"2650","01_6906_0097_01",1,6906,"ref_strain",97,1
"2651","01_6938_0097_01",1,6938,"ref_strain",97,1
"2652","01_6979_0097_01",1,6979,"ref_strain",97,1
"2653","01_7046_0097_01",1,7046,"ref_strain",97,1
"2654","01_7137_0097_01",1,7137,"ref_strain",97,1
"2655","01_7146_0097_01",1,7146,"ref_strain",97,1
"2656","01_7221_0097_01",1,7221,"ref_strain",97,1
"2657","01_7272_0097_01",1,7272,"ref_strain",97,1
"2658","01_7393_0097_01",1,7393,"ref_strain",97,1
"2659","01_7403_0097_01",1,7403,"ref_strain",97,1
"2660","01_7625_0097_01",1,7625,"ref_strain",97,1
"2661","01_7711_0097_01",1,7711,"ref_strain",97,1
"2662","01_7785_0097_01",1,7785,"ref_strain",97,1
"2663","01_7801_0097_01",1,7801,"ref_strain",97,1
"2664","01_7945_0097_01",1,7945,"ref_strain",97,1
"2665","01_7988_0097_01",1,7988,"ref_strain",97,1
"2666","01_8026_0097_01",1,8026,"ref_strain",97,1
"2667","01_8150_0097_01",1,8150,"ref_strain",97,1
"2668","01_8222_0097_01",1,8222,"ref_strain",97,1
"2669","01_8232_0097_01",1,8232,"ref_strain",97,1
"2670","01_8265_0097_01",1,8265,"ref_strain",97,1
"2671","01_8321_0097_01",1,8321,"ref_strain",97,1
"2672","01_8486_0097_01",1,8486,"ref_strain",97,1
"2673","01_8562_0097_01",1,8562,"ref_strain",97,1
"2674","01_8723_0097_01",1,8723,"ref_strain",97,1
"2675","01_8931_0097_01",1,8931,"ref_strain",97,1
"2676","01_9096_0097_01",1,9096,"ref_strain",97,1
"2677","01_9115_0097_01",1,9115,"ref_strain",97,1
"2678","01_9464_0097_01",1,9464,"ref_strain",97,1
"2679","01_9600_0097_01",1,9600,"ref_strain",97,1
"2680","01_9638_0097_01",1,9638,"ref_strain",97,1
"2681","01_9744_0097_01",1,9744,"ref_strain",97,1
"2682","01_9790_0097_01",1,9790,"ref_strain",97,1
"2683","01_9801_0097_01",1,9801,"ref_strain",97,1
"2684","01_9867_0097_01",1,9867,"ref_strain",97,1
"2685","01_9991_0097_01",1,9991,"ref_strain",97,1
"2686","01_10176_0097_01",1,10176,"ref_strain",97,1
"2687","01_10181_0097_01",1,10181,"ref_strain",97,1
"2688","01_10475_0097_01",1,10475,"ref_strain",97,1
"2689","01_10503_0097_01",1,10503,"ref_strain",97,1
"2690","01_10628_0097_01",1,10628,"ref_strain",97,1
"2691","01_10739_0097_01",1,10739,"ref_strain",97,1
"2692","01_10808_0097_01",1,10808,"ref_strain",97,1
"2693","01_10925_0097_01",1,10925,"ref_strain",97,1
"2694","01_11311_0097_01",1,11311,"ref_strain",97,1
"2695","01_11327_0097_01",1,11327,"ref_strain",97,1
"2696","01_11330_0097_01",1,11330,"ref_strain",97,1
"2697","01_11371_0097_01",1,11371,"ref_strain",97,1
"2698","01_11509_0097_01",1,11509,"ref_strain",97,1
"2699","01_11678_0097_01",1,11678,"ref_strain",97,1
"2700","01_11699_0097_01",1,11699,"ref_strain",97,1
"2701","01_11706_0097_01",1,11706,"ref_strain",97,1
"2702","01_11708_0097_01",1,11708,"ref_strain",97,1
"2703","01_11825_0097_01",1,11825,"ref_strain",97,1
"2704","01_11847_0097_01",1,11847,"ref_strain",97,1
"2705","01_11866_0097_01",1,11866,"ref_strain",97,1
"2706","01_12036_0097_01",1,12036,"ref_strain",97,1
"2707","01_12127_0097_01",1,12127,"ref_strain",97,1
"2708","01_12257_0097_01",1,12257,"ref_strain",97,1
"2709","01_12518_0097_01",1,12518,"ref_strain",97,1
"2710","01_12547_0097_01",1,12547,"ref_strain",97,1
"2711","01_12744_0097_01",1,12744,"ref_strain",97,1
"2712","01_13125_0097_01",1,13125,"ref_strain",97,1
"2713","01_13219_0097_01",1,13219,"ref_strain",97,1
"2714","01_13604_0097_01",1,13604,"ref_strain",97,1
"2715","01_13641_0097_01",1,13641,"ref_strain",97,1
"2716","01_13670_0097_01",1,13670,"ref_strain",97,1
"2717","01_13914_0097_01",1,13914,"ref_strain",97,1
"2718","01_13964_0097_01",1,13964,"ref_strain",97,1
"2719","01_14150_0097_01",1,14150,"ref_strain",97,1
"2720","01_14190_0097_01",1,14190,"ref_strain",97,1
"2721","01_14306_0097_01",1,14306,"ref_strain",97,1
"2722","01_14345_0097_01",1,14345,"ref_strain",97,1
"2723","01_14362_0097_01",1,14362,"ref_strain",97,1
"2724","01_14446_0097_01",1,14446,"ref_strain",97,1
"2725","01_0008_0098_01",1,8,"ref_strain",98,1
"2726","01_0100_0098_01",1,100,"ref_strain",98,1
"2727","01_0162_0098_01",1,162,"ref_strain",98,1
"2728","01_0181_0098_01",1,181,"ref_strain",98,1
"2729","01_0293_0098_01",1,293,"ref_strain",98,1
"2730","01_0332_0098_01",1,332,"ref_strain",98,1
"2731","01_0347_0098_01",1,347,"ref_strain",98,1
"2732","01_0442_0098_01",1,442,"ref_strain",98,1
"2733","01_0611_0098_01",1,611,"ref_strain",98,1
"2734","01_0628_0098_01",1,628,"ref_strain",98,1
"2735","01_0676_0098_01",1,676,"ref_strain",98,1
"2736","01_0684_0098_01",1,684,"ref_strain",98,1
"2737","01_0855_0098_01",1,855,"ref_strain",98,1
"2738","01_0856_0098_01",1,856,"ref_strain",98,1
"2739","01_0903_0098_01",1,903,"ref_strain",98,1
"2740","01_0957_0098_01",1,957,"ref_strain",98,1
"2741","01_1109_0098_01",1,1109,"ref_strain",98,1
"2742","01_1135_0098_01",1,1135,"ref_strain",98,1
"2743","01_1170_0098_01",1,1170,"ref_strain",98,1
"2744","01_1210_0098_01",1,1210,"ref_strain",98,1
"2745","01_1252_0098_01",1,1252,"ref_strain",98,1
"2746","01_1634_0098_01",1,1634,"ref_strain",98,1
"2747","01_1787_0098_01",1,1787,"ref_strain",98,1
"2748","01_2298_0098_01",1,2298,"ref_strain",98,1
"2749","01_2466_0098_01",1,2466,"ref_strain",98,1
"2750","01_2533_0098_01",1,2533,"ref_strain",98,1
"2751","01_2677_0098_01",1,2677,"ref_strain",98,1
"2752","01_2808_0098_01",1,2808,"ref_strain",98,1
"2753","01_2821_0098_01",1,2821,"ref_strain",98,1
"2754","01_2829_0098_01",1,2829,"ref_strain",98,1
"2755","01_2945_0098_01",1,2945,"ref_strain",98,1
"2756","01_3009_0098_01",1,3009,"ref_strain",98,1
"2757","01_3492_0098_01",1,3492,"ref_strain",98,1
"2758","01_3553_0098_01",1,3553,"ref_strain",98,1
"2759","01_3563_0098_01",1,3563,"ref_strain",98,1
"2760","01_3640_0098_01",1,3640,"ref_strain",98,1
"2761","01_3733_0098_01",1,3733,"ref_strain",98,1
"2762","01_3879_0098_01",1,3879,"ref_strain",98,1
"2763","01_4183_0098_01",1,4183,"ref_strain",98,1
"2764","01_4262_0098_01",1,4262,"ref_strain",98,1
"2765","01_4302_0098_01",1,4302,"ref_strain",98,1
"2766","01_4328_0098_01",1,4328,"ref_strain",98,1
"2767","01_4383_0098_01",1,4383,"ref_strain",98,1
"2768","01_4564_0098_01",1,4564,"ref_strain",98,1
"2769","01_4775_0098_01",1,4775,"ref_strain",98,1
"2770","01_4795_0098_01",1,4795,"ref_strain",98,1
"2771","01_5134_0098_01",1,5134,"ref_strain",98,1
"2772","01_5298_0098_01",1,5298,"ref_strain",98,1
"2773","01_5500_0098_01",1,5500,"ref_strain",98,1
"2774","01_5661_0098_01",1,5661,"ref_strain",98,1
"2775","01_5835_0098_01",1,5835,"ref_strain",98,1
"2776","01_6027_0098_01",1,6027,"ref_strain",98,1
"2777","01_6031_0098_01",1,6031,"ref_strain",98,1
"2778","01_6146_0098_01",1,6146,"ref_strain",98,1
"2779","01_6258_0098_01",1,6258,"ref_strain",98,1
"2780","01_6449_0098_01",1,6449,"ref_strain",98,1
"2781","01_6526_0098_01",1,6526,"ref_strain",98,1
"2782","01_6537_0098_01",1,6537,"ref_strain",98,1
"2783","01_6561_0098_01",1,6561,"ref_strain",98,1
"2784","01_6602_0098_01",1,6602,"ref_strain",98,1
"2785","01_6761_0098_01",1,6761,"ref_strain",98,1
"2786","01_7068_0098_01",1,7068,"ref_strain",98,1
"2787","01_7118_0098_01",1,7118,"ref_strain",98,1
"2788","01_7181_0098_01",1,7181,"ref_strain",98,1
"2789","01_7235_0098_01",1,7235,"ref_strain",98,1
"2790","01_7264_0098_01",1,7264,"ref_strain",98,1
"2791","01_7302_0098_01",1,7302,"ref_strain",98,1
"2792","01_7322_0098_01",1,7322,"ref_strain",98,1
"2793","01_7355_0098_01",1,7355,"ref_strain",98,1
"2794","01_7541_0098_01",1,7541,"ref_strain",98,1
"2795","01_7611_0098_01",1,7611,"ref_strain",98,1
"2796","01_7765_0098_01",1,7765,"ref_strain",98,1
"2797","01_7829_0098_01",1,7829,"ref_strain",98,1
"2798","01_7914_0098_01",1,7914,"ref_strain",98,1
"2799","01_8072_0098_01",1,8072,"ref_strain",98,1
"2800","01_8216_0098_01",1,8216,"ref_strain",98,1
"2801","01_8245_0098_01",1,8245,"ref_strain",98,1
"2802","01_8372_0098_01",1,8372,"ref_strain",98,1
"2803","01_8416_0098_01",1,8416,"ref_strain",98,1
"2804","01_8523_0098_01",1,8523,"ref_strain",98,1
"2805","01_8826_0098_01",1,8826,"ref_strain",98,1
"2806","01_8884_0098_01",1,8884,"ref_strain",98,1
"2807","01_9146_0098_01",1,9146,"ref_strain",98,1
"2808","01_9278_0098_01",1,9278,"ref_strain",98,1
"2809","01_9479_0098_01",1,9479,"ref_strain",98,1
"2810","01_9567_0098_01",1,9567,"ref_strain",98,1
"2811","01_10013_0098_01",1,10013,"ref_strain",98,1
"2812","01_10172_0098_01",1,10172,"ref_strain",98,1
"2813","01_10303_0098_01",1,10303,"ref_strain",98,1
"2814","01_10372_0098_01",1,10372,"ref_strain",98,1
"2815","01_10381_0098_01",1,10381,"ref_strain",98,1
"2816","01_10796_0098_01",1,10796,"ref_strain",98,1
"2817","01_10801_0098_01",1,10801,"ref_strain",98,1
"2818","01_11034_0098_01",1,11034,"ref_strain",98,1
"2819","01_11063_0098_01",1,11063,"ref_strain",98,1
"2820","01_11204_0098_01",1,11204,"ref_strain",98,1
"2821","01_11248_0098_01",1,11248,"ref_strain",98,1
"2822","01_11301_0098_01",1,11301,"ref_strain",98,1
"2823","01_11364_0098_01",1,11364,"ref_strain",98,1
"2824","01_11367_0098_01",1,11367,"ref_strain",98,1
"2825","01_11410_0098_01",1,11410,"ref_strain",98,1
"2826","01_11626_0098_01",1,11626,"ref_strain",98,1
"2827","01_11627_0098_01",1,11627,"ref_strain",98,1
"2828","01_11700_0098_01",1,11700,"ref_strain",98,1
"2829","01_11818_0098_01",1,11818,"ref_strain",98,1
"2830","01_11886_0098_01",1,11886,"ref_strain",98,1
"2831","01_11899_0098_01",1,11899,"ref_strain",98,1
"2832","01_12215_0098_01",1,12215,"ref_strain",98,1
"2833","01_12246_0098_01",1,12246,"ref_strain",98,1
"2834","01_12464_0098_01",1,12464,"ref_strain",98,1
"2835","01_12588_0098_01",1,12588,"ref_strain",98,1
"2836","01_12589_0098_01",1,12589,"ref_strain",98,1
"2837","01_12593_0098_01",1,12593,"ref_strain",98,1
"2838","01_12808_0098_01",1,12808,"ref_strain",98,1
"2839","01_13063_0098_01",1,13063,"ref_strain",98,1
"2840","01_13123_0098_01",1,13123,"ref_strain",98,1
"2841","01_13211_0098_01",1,13211,"ref_strain",98,1
"2842","01_13341_0098_01",1,13341,"ref_strain",98,1
"2843","01_13447_0098_01",1,13447,"ref_strain",98,1
"2844","01_13599_0098_01",1,13599,"ref_strain",98,1
"2845","01_13743_0098_01",1,13743,"ref_strain",98,1
"2846","01_13899_0098_01",1,13899,"ref_strain",98,1
"2847","01_14003_0098_01",1,14003,"ref_strain",98,1
"2848","01_14121_0098_01",1,14121,"ref_strain",98,1
"2849","01_14124_0098_01",1,14124,"ref_strain",98,1
"2850","01_14246_0098_01",1,14246,"ref_strain",98,1
"2851","01_14326_0098_01",1,14326,"ref_strain",98,1
"2852","01_14349_0098_01",1,14349,"ref_strain",98,1
"2853","01_14493_0098_01",1,14493,"ref_strain",98,1
"2854","01_0079_0099_01",1,79,"ref_strain",99,1
"2855","01_0086_0099_01",1,86,"ref_strain",99,1
"2856","01_0252_0099_01",1,252,"ref_strain",99,1
"2857","01_0358_0099_01",1,358,"ref_strain",99,1
"2858","01_0410_0099_01",1,410,"ref_strain",99,1
"2859","01_0651_0099_01",1,651,"ref_strain",99,1
"2860","01_0705_0099_01",1,705,"ref_strain",99,1
"2861","01_0734_0099_01",1,734,"ref_strain",99,1
"2862","01_0784_0099_01",1,784,"ref_strain",99,1
"2863","01_0805_0099_01",1,805,"ref_strain",99,1
"2864","01_0836_0099_01",1,836,"ref_strain",99,1
"2865","01_0844_0099_01",1,844,"ref_strain",99,1
"2866","01_1040_0099_01",1,1040,"ref_strain",99,1
"2867","01_1302_0099_01",1,1302,"ref_strain",99,1
"2868","01_1324_0099_01",1,1324,"ref_strain",99,1
"2869","01_1417_0099_01",1,1417,"ref_strain",99,1
"2870","01_1446_0099_01",1,1446,"ref_strain",99,1
"2871","01_1498_0099_01",1,1498,"ref_strain",99,1
"2872","01_1691_0099_01",1,1691,"ref_strain",99,1
"2873","01_1920_0099_01",1,1920,"ref_strain",99,1
"2874","01_2276_0099_01",1,2276,"ref_strain",99,1
"2875","01_2405_0099_01",1,2405,"ref_strain",99,1
"2876","01_2584_0099_01",1,2584,"ref_strain",99,1
"2877","01_2670_0099_01",1,2670,"ref_strain",99,1
"2878","01_2840_0099_01",1,2840,"ref_strain",99,1
"2879","01_2885_0099_01",1,2885,"ref_strain",99,1
"2880","01_3159_0099_01",1,3159,"ref_strain",99,1
"2881","01_3315_0099_01",1,3315,"ref_strain",99,1
"2882","01_3385_0099_01",1,3385,"ref_strain",99,1
"2883","01_3515_0099_01",1,3515,"ref_strain",99,1
"2884","01_3662_0099_01",1,3662,"ref_strain",99,1
"2885","01_3772_0099_01",1,3772,"ref_strain",99,1
"2886","01_3917_0099_01",1,3917,"ref_strain",99,1
"2887","01_4042_0099_01",1,4042,"ref_strain",99,1
"2888","01_4081_0099_01",1,4081,"ref_strain",99,1
"2889","01_4231_0099_01",1,4231,"ref_strain",99,1
"2890","01_4254_0099_01",1,4254,"ref_strain",99,1
"2891","01_4362_0099_01",1,4362,"ref_strain",99,1
"2892","01_4725_0099_01",1,4725,"ref_strain",99,1
"2893","01_5175_0099_01",1,5175,"ref_strain",99,1
"2894","01_5353_0099_01",1,5353,"ref_strain",99,1
"2895","01_5388_0099_01",1,5388,"ref_strain",99,1
"2896","01_5646_0099_01",1,5646,"ref_strain",99,1
"2897","01_5757_0099_01",1,5757,"ref_strain",99,1
"2898","01_5846_0099_01",1,5846,"ref_strain",99,1
"2899","01_5862_0099_01",1,5862,"ref_strain",99,1
"2900","01_6089_0099_01",1,6089,"ref_strain",99,1
"2901","01_6094_0099_01",1,6094,"ref_strain",99,1
"2902","01_6196_0099_01",1,6196,"ref_strain",99,1
"2903","01_6324_0099_01",1,6324,"ref_strain",99,1
"2904","01_6417_0099_01",1,6417,"ref_strain",99,1
"2905","01_6568_0099_01",1,6568,"ref_strain",99,1
"2906","01_6730_0099_01",1,6730,"ref_strain",99,1
"2907","01_6921_0099_01",1,6921,"ref_strain",99,1
"2908","01_6927_0099_01",1,6927,"ref_strain",99,1
"2909","01_7001_0099_01",1,7001,"ref_strain",99,1
"2910","01_7286_0099_01",1,7286,"ref_strain",99,1
"2911","01_7533_0099_01",1,7533,"ref_strain",99,1
"2912","01_7577_0099_01",1,7577,"ref_strain",99,1
"2913","01_7716_0099_01",1,7716,"ref_strain",99,1
"2914","01_8048_0099_01",1,8048,"ref_strain",99,1
"2915","01_8178_0099_01",1,8178,"ref_strain",99,1
"2916","01_8185_0099_01",1,8185,"ref_strain",99,1
"2917","01_8346_0099_01",1,8346,"ref_strain",99,1
"2918","01_8459_0099_01",1,8459,"ref_strain",99,1
"2919","01_8577_0099_01",1,8577,"ref_strain",99,1
"2920","01_8591_0099_01",1,8591,"ref_strain",99,1
"2921","01_8880_0099_01",1,8880,"ref_strain",99,1
"2922","01_8947_0099_01",1,8947,"ref_strain",99,1
"2923","01_8995_0099_01",1,8995,"ref_strain",99,1
"2924","01_9009_0099_01",1,9009,"ref_strain",99,1
"2925","01_9220_0099_01",1,9220,"ref_strain",99,1
"2926","01_9250_0099_01",1,9250,"ref_strain",99,1
"2927","01_9253_0099_01",1,9253,"ref_strain",99,1
"2928","01_9272_0099_01",1,9272,"ref_strain",99,1
"2929","01_9428_0099_01",1,9428,"ref_strain",99,1
"2930","01_9465_0099_01",1,9465,"ref_strain",99,1
"2931","01_9522_0099_01",1,9522,"ref_strain",99,1
"2932","01_9627_0099_01",1,9627,"ref_strain",99,1
"2933","01_9791_0099_01",1,9791,"ref_strain",99,1
"2934","01_9795_0099_01",1,9795,"ref_strain",99,1
"2935","01_9900_0099_01",1,9900,"ref_strain",99,1
"2936","01_9969_0099_01",1,9969,"ref_strain",99,1
"2937","01_9997_0099_01",1,9997,"ref_strain",99,1
"2938","01_10266_0099_01",1,10266,"ref_strain",99,1
"2939","01_10355_0099_01",1,10355,"ref_strain",99,1
"2940","01_10369_0099_01",1,10369,"ref_strain",99,1
"2941","01_10581_0099_01",1,10581,"ref_strain",99,1
"2942","01_10622_0099_01",1,10622,"ref_strain",99,1
"2943","01_10716_0099_01",1,10716,"ref_strain",99,1
"2944","01_10856_0099_01",1,10856,"ref_strain",99,1
"2945","01_11022_0099_01",1,11022,"ref_strain",99,1
"2946","01_11041_0099_01",1,11041,"ref_strain",99,1
"2947","01_11092_0099_01",1,11092,"ref_strain",99,1
"2948","01_11122_0099_01",1,11122,"ref_strain",99,1
"2949","01_11259_0099_01",1,11259,"ref_strain",99,1
"2950","01_11483_0099_01",1,11483,"ref_strain",99,1
"2951","01_11547_0099_01",1,11547,"ref_strain",99,1
"2952","01_11566_0099_01",1,11566,"ref_strain",99,1
"2953","01_11580_0099_01",1,11580,"ref_strain",99,1
"2954","01_11598_0099_01",1,11598,"ref_strain",99,1
"2955","01_11618_0099_01",1,11618,"ref_strain",99,1
"2956","01_11650_0099_01",1,11650,"ref_strain",99,1
"2957","01_11690_0099_01",1,11690,"ref_strain",99,1
"2958","01_11759_0099_01",1,11759,"ref_strain",99,1
"2959","01_11790_0099_01",1,11790,"ref_strain",99,1
"2960","01_11853_0099_01",1,11853,"ref_strain",99,1
"2961","01_11854_0099_01",1,11854,"ref_strain",99,1
"2962","01_12046_0099_01",1,12046,"ref_strain",99,1
"2963","01_12052_0099_01",1,12052,"ref_strain",99,1
"2964","01_12099_0099_01",1,12099,"ref_strain",99,1
"2965","01_12245_0099_01",1,12245,"ref_strain",99,1
"2966","01_12382_0099_01",1,12382,"ref_strain",99,1
"2967","01_12386_0099_01",1,12386,"ref_strain",99,1
"2968","01_12399_0099_01",1,12399,"ref_strain",99,1
"2969","01_12651_0099_01",1,12651,"ref_strain",99,1
"2970","01_12775_0099_01",1,12775,"ref_strain",99,1
"2971","01_12812_0099_01",1,12812,"ref_strain",99,1
"2972","01_12841_0099_01",1,12841,"ref_strain",99,1
"2973","01_13031_0099_01",1,13031,"ref_strain",99,1
"2974","01_13205_0099_01",1,13205,"ref_strain",99,1
"2975","01_13217_0099_01",1,13217,"ref_strain",99,1
"2976","01_13243_0099_01",1,13243,"ref_strain",99,1
"2977","01_13256_0099_01",1,13256,"ref_strain",99,1
"2978","01_13257_0099_01",1,13257,"ref_strain",99,1
"2979","01_13327_0099_01",1,13327,"ref_strain",99,1
"2980","01_13338_0099_01",1,13338,"ref_strain",99,1
"2981","01_13351_0099_01",1,13351,"ref_strain",99,1
"2982","01_13490_0099_01",1,13490,"ref_strain",99,1
"2983","01_13651_0099_01",1,13651,"ref_strain",99,1
"2984","01_13695_0099_01",1,13695,"ref_strain",99,1
"2985","01_13717_0099_01",1,13717,"ref_strain",99,1
"2986","01_13780_0099_01",1,13780,"ref_strain",99,1
"2987","01_13803_0099_01",1,13803,"ref_strain",99,1
"2988","01_13855_0099_01",1,13855,"ref_strain",99,1
"2989","01_13876_0099_01",1,13876,"ref_strain",99,1
"2990","01_13918_0099_01",1,13918,"ref_strain",99,1
"2991","01_13936_0099_01",1,13936,"ref_strain",99,1
"2992","01_13990_0099_01",1,13990,"ref_strain",99,1
"2993","01_14002_0099_01",1,14002,"ref_strain",99,1
"2994","01_14439_0099_01",1,14439,"ref_strain",99,1
"2995","01_14443_0099_01",1,14443,"ref_strain",99,1
"2996","01_0055_0100_01",1,55,"ref_strain",100,1
"2997","01_0094_0100_01",1,94,"ref_strain",100,1
"2998","01_0280_0100_01",1,280,"ref_strain",100,1
"2999","01_0421_0100_01",1,421,"ref_strain",100,1
"3000","01_0439_0100_01",1,439,"ref_strain",100,1
"3001","01_0450_0100_01",1,450,"ref_strain",100,1
"3002","01_0464_0100_01",1,464,"ref_strain",100,1
"3003","01_0575_0100_01",1,575,"ref_strain",100,1
"3004","01_0722_0100_01",1,722,"ref_strain",100,1
"3005","01_0778_0100_01",1,778,"ref_strain",100,1
"3006","01_0939_0100_01",1,939,"ref_strain",100,1
"3007","01_1080_0100_01",1,1080,"ref_strain",100,1
"3008","01_1125_0100_01",1,1125,"ref_strain",100,1
"3009","01_1304_0100_01",1,1304,"ref_strain",100,1
"3010","01_1321_0100_01",1,1321,"ref_strain",100,1
"3011","01_1364_0100_01",1,1364,"ref_strain",100,1
"3012","01_1384_0100_01",1,1384,"ref_strain",100,1
"3013","01_1454_0100_01",1,1454,"ref_strain",100,1
"3014","01_1457_0100_01",1,1457,"ref_strain",100,1
"3015","01_1596_0100_01",1,1596,"ref_strain",100,1
"3016","01_2198_0100_01",1,2198,"ref_strain",100,1
"3017","01_2304_0100_01",1,2304,"ref_strain",100,1
"3018","01_2357_0100_01",1,2357,"ref_strain",100,1
"3019","01_2382_0100_01",1,2382,"ref_strain",100,1
"3020","01_2586_0100_01",1,2586,"ref_strain",100,1
"3021","01_2661_0100_01",1,2661,"ref_strain",100,1
"3022","01_2720_0100_01",1,2720,"ref_strain",100,1
"3023","01_2789_0100_01",1,2789,"ref_strain",100,1
"3024","01_2799_0100_01",1,2799,"ref_strain",100,1
"3025","01_3114_0100_01",1,3114,"ref_strain",100,1
"3026","01_3117_0100_01",1,3117,"ref_strain",100,1
"3027","01_3547_0100_01",1,3547,"ref_strain",100,1
"3028","01_3592_0100_01",1,3592,"ref_strain",100,1
"3029","01_3598_0100_01",1,3598,"ref_strain",100,1
"3030","01_3633_0100_01",1,3633,"ref_strain",100,1
"3031","01_3647_0100_01",1,3647,"ref_strain",100,1
"3032","01_3878_0100_01",1,3878,"ref_strain",100,1
"3033","01_4072_0100_01",1,4072,"ref_strain",100,1
"3034","01_4113_0100_01",1,4113,"ref_strain",100,1
"3035","01_4222_0100_01",1,4222,"ref_strain",100,1
"3036","01_4394_0100_01",1,4394,"ref_strain",100,1
"3037","01_4470_0100_01",1,4470,"ref_strain",100,1
"3038","01_4475_0100_01",1,4475,"ref_strain",100,1
"3039","01_4543_0100_01",1,4543,"ref_strain",100,1
"3040","01_4762_0100_01",1,4762,"ref_strain",100,1
"3041","01_4838_0100_01",1,4838,"ref_strain",100,1
"3042","01_4926_0100_01",1,4926,"ref_strain",100,1
"3043","01_4943_0100_01",1,4943,"ref_strain",100,1
"3044","01_5104_0100_01",1,5104,"ref_strain",100,1
"3045","01_5107_0100_01",1,5107,"ref_strain",100,1
"3046","01_5143_0100_01",1,5143,"ref_strain",100,1
"3047","01_5152_0100_01",1,5152,"ref_strain",100,1
"3048","01_5179_0100_01",1,5179,"ref_strain",100,1
"3049","01_5247_0100_01",1,5247,"ref_strain",100,1
"3050","01_5274_0100_01",1,5274,"ref_strain",100,1
"3051","01_5341_0100_01",1,5341,"ref_strain",100,1
"3052","01_5345_0100_01",1,5345,"ref_strain",100,1
"3053","01_5381_0100_01",1,5381,"ref_strain",100,1
"3054","01_5419_0100_01",1,5419,"ref_strain",100,1
"3055","01_5443_0100_01",1,5443,"ref_strain",100,1
"3056","01_5504_0100_01",1,5504,"ref_strain",100,1
"3057","01_5605_0100_01",1,5605,"ref_strain",100,1
"3058","01_5767_0100_01",1,5767,"ref_strain",100,1
"3059","01_5794_0100_01",1,5794,"ref_strain",100,1
"3060","01_5804_0100_01",1,5804,"ref_strain",100,1
"3061","01_6015_0100_01",1,6015,"ref_strain",100,1
"3062","01_6168_0100_01",1,6168,"ref_strain",100,1
"3063","01_6180_0100_01",1,6180,"ref_strain",100,1
"3064","01_6267_0100_01",1,6267,"ref_strain",100,1
"3065","01_6358_0100_01",1,6358,"ref_strain",100,1
"3066","01_6459_0100_01",1,6459,"ref_strain",100,1
"3067","01_6715_0100_01",1,6715,"ref_strain",100,1
"3068","01_7025_0100_01",1,7025,"ref_strain",100,1
"3069","01_7086_0100_01",1,7086,"ref_strain",100,1
"3070","01_7119_0100_01",1,7119,"ref_strain",100,1
"3071","01_7143_0100_01",1,7143,"ref_strain",100,1
"3072","01_7244_0100_01",1,7244,"ref_strain",100,1
"3073","01_7363_0100_01",1,7363,"ref_strain",100,1
"3074","01_7638_0100_01",1,7638,"ref_strain",100,1
"3075","01_7845_0100_01",1,7845,"ref_strain",100,1
"3076","01_8024_0100_01",1,8024,"ref_strain",100,1
"3077","01_8055_0100_01",1,8055,"ref_strain",100,1
"3078","01_8234_0100_01",1,8234,"ref_strain",100,1
"3079","01_8348_0100_01",1,8348,"ref_strain",100,1
"3080","01_8424_0100_01",1,8424,"ref_strain",100,1
"3081","01_8527_0100_01",1,8527,"ref_strain",100,1
"3082","01_8625_0100_01",1,8625,"ref_strain",100,1
"3083","01_8696_0100_01",1,8696,"ref_strain",100,1
"3084","01_8706_0100_01",1,8706,"ref_strain",100,1
"3085","01_8781_0100_01",1,8781,"ref_strain",100,1
"3086","01_8794_0100_01",1,8794,"ref_strain",100,1
"3087","01_8835_0100_01",1,8835,"ref_strain",100,1
"3088","01_8868_0100_01",1,8868,"ref_strain",100,1
"3089","01_9024_0100_01",1,9024,"ref_strain",100,1
"3090","01_9159_0100_01",1,9159,"ref_strain",100,1
"3091","01_9207_0100_01",1,9207,"ref_strain",100,1
"3092","01_9265_0100_01",1,9265,"ref_strain",100,1
"3093","01_9331_0100_01",1,9331,"ref_strain",100,1
"3094","01_9982_0100_01",1,9982,"ref_strain",100,1
"3095","01_10029_0100_01",1,10029,"ref_strain",100,1
"3096","01_10099_0100_01",1,10099,"ref_strain",100,1
"3097","01_10121_0100_01",1,10121,"ref_strain",100,1
"3098","01_10144_0100_01",1,10144,"ref_strain",100,1
"3099","01_10441_0100_01",1,10441,"ref_strain",100,1
"3100","01_10969_0100_01",1,10969,"ref_strain",100,1
"3101","01_11085_0100_01",1,11085,"ref_strain",100,1
"3102","01_11157_0100_01",1,11157,"ref_strain",100,1
"3103","01_11181_0100_01",1,11181,"ref_strain",100,1
"3104","01_11194_0100_01",1,11194,"ref_strain",100,1
"3105","01_11238_0100_01",1,11238,"ref_strain",100,1
"3106","01_11372_0100_01",1,11372,"ref_strain",100,1
"3107","01_11402_0100_01",1,11402,"ref_strain",100,1
"3108","01_11756_0100_01",1,11756,"ref_strain",100,1
"3109","01_11779_0100_01",1,11779,"ref_strain",100,1
"3110","01_11946_0100_01",1,11946,"ref_strain",100,1
"3111","01_12128_0100_01",1,12128,"ref_strain",100,1
"3112","01_12249_0100_01",1,12249,"ref_strain",100,1
"3113","01_12374_0100_01",1,12374,"ref_strain",100,1
"3114","01_12455_0100_01",1,12455,"ref_strain",100,1
"3115","01_12489_0100_01",1,12489,"ref_strain",100,1
"3116","01_12560_0100_01",1,12560,"ref_strain",100,1
"3117","01_12632_0100_01",1,12632,"ref_strain",100,1
"3118","01_12649_0100_01",1,12649,"ref_strain",100,1
"3119","01_13081_0100_01",1,13081,"ref_strain",100,1
"3120","01_13165_0100_01",1,13165,"ref_strain",100,1
"3121","01_13307_0100_01",1,13307,"ref_strain",100,1
"3122","01_13382_0100_01",1,13382,"ref_strain",100,1
"3123","01_13445_0100_01",1,13445,"ref_strain",100,1
"3124","01_13463_0100_01",1,13463,"ref_strain",100,1
"3125","01_13713_0100_01",1,13713,"ref_strain",100,1
"3126","01_13722_0100_01",1,13722,"ref_strain",100,1
"3127","01_13898_0100_01",1,13898,"ref_strain",100,1
"3128","01_14186_0100_01",1,14186,"ref_strain",100,1
"3129","01_14287_0100_01",1,14287,"ref_strain",100,1
"3130","01_14341_0100_01",1,14341,"ref_strain",100,1
"3131","01_0184_0101_01",1,184,"ref_strain",101,1
"3132","01_0233_0101_01",1,233,"ref_strain",101,1
"3133","01_0244_0101_01",1,244,"ref_strain",101,1
"3134","01_0256_0101_01",1,256,"ref_strain",101,1
"3135","01_0356_0101_01",1,356,"ref_strain",101,1
"3136","01_0433_0101_01",1,433,"ref_strain",101,1
"3137","01_0462_0101_01",1,462,"ref_strain",101,1
"3138","01_0642_0101_01",1,642,"ref_strain",101,1
"3139","01_0645_0101_01",1,645,"ref_strain",101,1
"3140","01_0707_0101_01",1,707,"ref_strain",101,1
"3141","01_0715_0101_01",1,715,"ref_strain",101,1
"3142","01_0753_0101_01",1,753,"ref_strain",101,1
"3143","01_0837_0101_01",1,837,"ref_strain",101,1
"3144","01_0860_0101_01",1,860,"ref_strain",101,1
"3145","01_0882_0101_01",1,882,"ref_strain",101,1
"3146","01_1272_0101_01",1,1272,"ref_strain",101,1
"3147","01_1354_0101_01",1,1354,"ref_strain",101,1
"3148","01_1383_0101_01",1,1383,"ref_strain",101,1
"3149","01_1426_0101_01",1,1426,"ref_strain",101,1
"3150","01_1485_0101_01",1,1485,"ref_strain",101,1
"3151","01_1506_0101_01",1,1506,"ref_strain",101,1
"3152","01_1564_0101_01",1,1564,"ref_strain",101,1
"3153","01_2078_0101_01",1,2078,"ref_strain",101,1
"3154","01_2164_0101_01",1,2164,"ref_strain",101,1
"3155","01_2411_0101_01",1,2411,"ref_strain",101,1
"3156","01_2432_0101_01",1,2432,"ref_strain",101,1
"3157","01_2435_0101_01",1,2435,"ref_strain",101,1
"3158","01_2459_0101_01",1,2459,"ref_strain",101,1
"3159","01_2490_0101_01",1,2490,"ref_strain",101,1
"3160","01_2542_0101_01",1,2542,"ref_strain",101,1
"3161","01_2608_0101_01",1,2608,"ref_strain",101,1
"3162","01_2624_0101_01",1,2624,"ref_strain",101,1
"3163","01_2635_0101_01",1,2635,"ref_strain",101,1
"3164","01_2904_0101_01",1,2904,"ref_strain",101,1
"3165","01_2984_0101_01",1,2984,"ref_strain",101,1
"3166","01_3035_0101_01",1,3035,"ref_strain",101,1
"3167","01_3036_0101_01",1,3036,"ref_strain",101,1
"3168","01_3055_0101_01",1,3055,"ref_strain",101,1
"3169","01_3112_0101_01",1,3112,"ref_strain",101,1
"3170","01_3300_0101_01",1,3300,"ref_strain",101,1
"3171","01_3439_0101_01",1,3439,"ref_strain",101,1
"3172","01_3505_0101_01",1,3505,"ref_strain",101,1
"3173","01_3639_0101_01",1,3639,"ref_strain",101,1
"3174","01_3656_0101_01",1,3656,"ref_strain",101,1
"3175","01_3657_0101_01",1,3657,"ref_strain",101,1
"3176","01_3672_0101_01",1,3672,"ref_strain",101,1
"3177","01_3747_0101_01",1,3747,"ref_strain",101,1
"3178","01_3760_0101_01",1,3760,"ref_strain",101,1
"3179","01_4003_0101_01",1,4003,"ref_strain",101,1
"3180","01_4063_0101_01",1,4063,"ref_strain",101,1
"3181","01_4087_0101_01",1,4087,"ref_strain",101,1
"3182","01_4154_0101_01",1,4154,"ref_strain",101,1
"3183","01_4166_0101_01",1,4166,"ref_strain",101,1
"3184","01_4361_0101_01",1,4361,"ref_strain",101,1
"3185","01_4459_0101_01",1,4459,"ref_strain",101,1
"3186","01_4698_0101_01",1,4698,"ref_strain",101,1
"3187","01_4840_0101_01",1,4840,"ref_strain",101,1
"3188","01_5127_0101_01",1,5127,"ref_strain",101,1
"3189","01_5182_0101_01",1,5182,"ref_strain",101,1
"3190","01_5563_0101_01",1,5563,"ref_strain",101,1
"3191","01_5580_0101_01",1,5580,"ref_strain",101,1
"3192","01_5711_0101_01",1,5711,"ref_strain",101,1
"3193","01_6177_0101_01",1,6177,"ref_strain",101,1
"3194","01_6313_0101_01",1,6313,"ref_strain",101,1
"3195","01_6339_0101_01",1,6339,"ref_strain",101,1
"3196","01_6555_0101_01",1,6555,"ref_strain",101,1
"3197","01_6591_0101_01",1,6591,"ref_strain",101,1
"3198","01_6595_0101_01",1,6595,"ref_strain",101,1
"3199","01_6708_0101_01",1,6708,"ref_strain",101,1
"3200","01_6733_0101_01",1,6733,"ref_strain",101,1
"3201","01_6797_0101_01",1,6797,"ref_strain",101,1
"3202","01_6836_0101_01",1,6836,"ref_strain",101,1
"3203","01_6862_0101_01",1,6862,"ref_strain",101,1
"3204","01_6882_0101_01",1,6882,"ref_strain",101,1
"3205","01_7024_0101_01",1,7024,"ref_strain",101,1
"3206","01_7038_0101_01",1,7038,"ref_strain",101,1
"3207","01_7166_0101_01",1,7166,"ref_strain",101,1
"3208","01_7381_0101_01",1,7381,"ref_strain",101,1
"3209","01_7490_0101_01",1,7490,"ref_strain",101,1
"3210","01_7555_0101_01",1,7555,"ref_strain",101,1
"3211","01_7596_0101_01",1,7596,"ref_strain",101,1
"3212","01_7608_0101_01",1,7608,"ref_strain",101,1
"3213","01_7636_0101_01",1,7636,"ref_strain",101,1
"3214","01_7824_0101_01",1,7824,"ref_strain",101,1
"3215","01_7904_0101_01",1,7904,"ref_strain",101,1
"3216","01_8176_0101_01",1,8176,"ref_strain",101,1
"3217","01_8423_0101_01",1,8423,"ref_strain",101,1
"3218","01_8463_0101_01",1,8463,"ref_strain",101,1
"3219","01_8780_0101_01",1,8780,"ref_strain",101,1
"3220","01_8788_0101_01",1,8788,"ref_strain",101,1
"3221","01_9103_0101_01",1,9103,"ref_strain",101,1
"3222","01_9107_0101_01",1,9107,"ref_strain",101,1
"3223","01_9156_0101_01",1,9156,"ref_strain",101,1
"3224","01_9199_0101_01",1,9199,"ref_strain",101,1
"3225","01_9205_0101_01",1,9205,"ref_strain",101,1
"3226","01_9238_0101_01",1,9238,"ref_strain",101,1
"3227","01_9599_0101_01",1,9599,"ref_strain",101,1
"3228","01_9754_0101_01",1,9754,"ref_strain",101,1
"3229","01_9761_0101_01",1,9761,"ref_strain",101,1
"3230","01_9794_0101_01",1,9794,"ref_strain",101,1
"3231","01_10092_0101_01",1,10092,"ref_strain",101,1
"3232","01_10158_0101_01",1,10158,"ref_strain",101,1
"3233","01_10177_0101_01",1,10177,"ref_strain",101,1
"3234","01_10213_0101_01",1,10213,"ref_strain",101,1
"3235","01_10365_0101_01",1,10365,"ref_strain",101,1
"3236","01_10439_0101_01",1,10439,"ref_strain",101,1
"3237","01_10493_0101_01",1,10493,"ref_strain",101,1
"3238","01_10541_0101_01",1,10541,"ref_strain",101,1
"3239","01_10586_0101_01",1,10586,"ref_strain",101,1
"3240","01_10728_0101_01",1,10728,"ref_strain",101,1
"3241","01_10731_0101_01",1,10731,"ref_strain",101,1
"3242","01_10863_0101_01",1,10863,"ref_strain",101,1
"3243","01_11253_0101_01",1,11253,"ref_strain",101,1
"3244","01_11286_0101_01",1,11286,"ref_strain",101,1
"3245","01_11324_0101_01",1,11324,"ref_strain",101,1
"3246","01_11398_0101_01",1,11398,"ref_strain",101,1
"3247","01_11433_0101_01",1,11433,"ref_strain",101,1
"3248","01_11435_0101_01",1,11435,"ref_strain",101,1
"3249","01_11615_0101_01",1,11615,"ref_strain",101,1
"3250","01_11679_0101_01",1,11679,"ref_strain",101,1
"3251","01_11745_0101_01",1,11745,"ref_strain",101,1
"3252","01_11788_0101_01",1,11788,"ref_strain",101,1
"3253","01_11884_0101_01",1,11884,"ref_strain",101,1
"3254","01_12176_0101_01",1,12176,"ref_strain",101,1
"3255","01_12358_0101_01",1,12358,"ref_strain",101,1
"3256","01_12419_0101_01",1,12419,"ref_strain",101,1
"3257","01_12446_0101_01",1,12446,"ref_strain",101,1
"3258","01_12675_0101_01",1,12675,"ref_strain",101,1
"3259","01_12687_0101_01",1,12687,"ref_strain",101,1
"3260","01_12688_0101_01",1,12688,"ref_strain",101,1
"3261","01_12701_0101_01",1,12701,"ref_strain",101,1
"3262","01_12706_0101_01",1,12706,"ref_strain",101,1
"3263","01_12848_0101_01",1,12848,"ref_strain",101,1
"3264","01_12907_0101_01",1,12907,"ref_strain",101,1
"3265","01_12916_0101_01",1,12916,"ref_strain",101,1
"3266","01_13014_0101_01",1,13014,"ref_strain",101,1
"3267","01_13053_0101_01",1,13053,"ref_strain",101,1
"3268","01_13171_0101_01",1,13171,"ref_strain",101,1
"3269","01_13315_0101_01",1,13315,"ref_strain",101,1
"3270","01_13393_0101_01",1,13393,"ref_strain",101,1
"3271","01_13501_0101_01",1,13501,"ref_strain",101,1
"3272","01_13534_0101_01",1,13534,"ref_strain",101,1
"3273","01_13547_0101_01",1,13547,"ref_strain",101,1
"3274","01_13555_0101_01",1,13555,"ref_strain",101,1
"3275","01_13819_0101_01",1,13819,"ref_strain",101,1
"3276","01_13944_0101_01",1,13944,"ref_strain",101,1
"3277","01_13972_0101_01",1,13972,"ref_strain",101,1
"3278","01_13985_0101_01",1,13985,"ref_strain",101,1
"3279","01_14233_0101_01",1,14233,"ref_strain",101,1
"3280","01_0011_0102_01",1,11,"ref_strain",102,1
"3281","01_0122_0102_01",1,122,"ref_strain",102,1
"3282","01_0197_0102_01",1,197,"ref_strain",102,1
"3283","01_0465_0102_01",1,465,"ref_strain",102,1
"3284","01_0674_0102_01",1,674,"ref_strain",102,1
"3285","01_0713_0102_01",1,713,"ref_strain",102,1
"3286","01_0780_0102_01",1,780,"ref_strain",102,1
"3287","01_0781_0102_01",1,781,"ref_strain",102,1
"3288","01_0977_0102_01",1,977,"ref_strain",102,1
"3289","01_0984_0102_01",1,984,"ref_strain",102,1
"3290","01_1078_0102_01",1,1078,"ref_strain",102,1
"3291","01_1137_0102_01",1,1137,"ref_strain",102,1
"3292","01_1144_0102_01",1,1144,"ref_strain",102,1
"3293","01_1189_0102_01",1,1189,"ref_strain",102,1
"3294","01_1223_0102_01",1,1223,"ref_strain",102,1
"3295","01_1400_0102_01",1,1400,"ref_strain",102,1
"3296","01_1422_0102_01",1,1422,"ref_strain",102,1
"3297","01_1471_0102_01",1,1471,"ref_strain",102,1
"3298","01_1591_0102_01",1,1591,"ref_strain",102,1
"3299","01_1638_0102_01",1,1638,"ref_strain",102,1
"3300","01_1651_0102_01",1,1651,"ref_strain",102,1
"3301","01_1734_0102_01",1,1734,"ref_strain",102,1
"3302","01_1746_0102_01",1,1746,"ref_strain",102,1
"3303","01_1856_0102_01",1,1856,"ref_strain",102,1
"3304","01_1914_0102_01",1,1914,"ref_strain",102,1
"3305","01_1956_0102_01",1,1956,"ref_strain",102,1
"3306","01_2047_0102_01",1,2047,"ref_strain",102,1
"3307","01_2167_0102_01",1,2167,"ref_strain",102,1
"3308","01_2192_0102_01",1,2192,"ref_strain",102,1
"3309","01_2643_0102_01",1,2643,"ref_strain",102,1
"3310","01_2743_0102_01",1,2743,"ref_strain",102,1
"3311","01_2819_0102_01",1,2819,"ref_strain",102,1
"3312","01_2833_0102_01",1,2833,"ref_strain",102,1
"3313","01_2838_0102_01",1,2838,"ref_strain",102,1
"3314","01_2849_0102_01",1,2849,"ref_strain",102,1
"3315","01_2886_0102_01",1,2886,"ref_strain",102,1
"3316","01_3033_0102_01",1,3033,"ref_strain",102,1
"3317","01_3110_0102_01",1,3110,"ref_strain",102,1
"3318","01_3202_0102_01",1,3202,"ref_strain",102,1
"3319","01_3215_0102_01",1,3215,"ref_strain",102,1
"3320","01_3249_0102_01",1,3249,"ref_strain",102,1
"3321","01_3411_0102_01",1,3411,"ref_strain",102,1
"3322","01_3529_0102_01",1,3529,"ref_strain",102,1
"3323","01_3795_0102_01",1,3795,"ref_strain",102,1
"3324","01_3840_0102_01",1,3840,"ref_strain",102,1
"3325","01_4004_0102_01",1,4004,"ref_strain",102,1
"3326","01_4323_0102_01",1,4323,"ref_strain",102,1
"3327","01_4370_0102_01",1,4370,"ref_strain",102,1
"3328","01_4686_0102_01",1,4686,"ref_strain",102,1
"3329","01_4843_0102_01",1,4843,"ref_strain",102,1
"3330","01_4874_0102_01",1,4874,"ref_strain",102,1
"3331","01_4929_0102_01",1,4929,"ref_strain",102,1
"3332","01_5054_0102_01",1,5054,"ref_strain",102,1
"3333","01_5055_0102_01",1,5055,"ref_strain",102,1
"3334","01_5120_0102_01",1,5120,"ref_strain",102,1
"3335","01_5142_0102_01",1,5142,"ref_strain",102,1
"3336","01_5187_0102_01",1,5187,"ref_strain",102,1
"3337","01_5285_0102_01",1,5285,"ref_strain",102,1
"3338","01_5377_0102_01",1,5377,"ref_strain",102,1
"3339","01_5438_0102_01",1,5438,"ref_strain",102,1
"3340","01_5550_0102_01",1,5550,"ref_strain",102,1
"3341","01_5609_0102_01",1,5609,"ref_strain",102,1
"3342","01_5715_0102_01",1,5715,"ref_strain",102,1
"3343","01_5879_0102_01",1,5879,"ref_strain",102,1
"3344","01_5881_0102_01",1,5881,"ref_strain",102,1
"3345","01_5997_0102_01",1,5997,"ref_strain",102,1
"3346","01_6140_0102_01",1,6140,"ref_strain",102,1
"3347","01_6149_0102_01",1,6149,"ref_strain",102,1
"3348","01_6281_0102_01",1,6281,"ref_strain",102,1
"3349","01_6357_0102_01",1,6357,"ref_strain",102,1
"3350","01_6388_0102_01",1,6388,"ref_strain",102,1
"3351","01_6423_0102_01",1,6423,"ref_strain",102,1
"3352","01_6530_0102_01",1,6530,"ref_strain",102,1
"3353","01_6725_0102_01",1,6725,"ref_strain",102,1
"3354","01_7116_0102_01",1,7116,"ref_strain",102,1
"3355","01_7404_0102_01",1,7404,"ref_strain",102,1
"3356","01_7463_0102_01",1,7463,"ref_strain",102,1
"3357","01_7467_0102_01",1,7467,"ref_strain",102,1
"3358","01_7616_0102_01",1,7616,"ref_strain",102,1
"3359","01_7656_0102_01",1,7656,"ref_strain",102,1
"3360","01_7744_0102_01",1,7744,"ref_strain",102,1
"3361","01_7778_0102_01",1,7778,"ref_strain",102,1
"3362","01_7944_0102_01",1,7944,"ref_strain",102,1
"3363","01_8143_0102_01",1,8143,"ref_strain",102,1
"3364","01_8376_0102_01",1,8376,"ref_strain",102,1
"3365","01_8470_0102_01",1,8470,"ref_strain",102,1
"3366","01_8631_0102_01",1,8631,"ref_strain",102,1
"3367","01_8662_0102_01",1,8662,"ref_strain",102,1
"3368","01_8677_0102_01",1,8677,"ref_strain",102,1
"3369","01_8689_0102_01",1,8689,"ref_strain",102,1
"3370","01_8754_0102_01",1,8754,"ref_strain",102,1
"3371","01_8797_0102_01",1,8797,"ref_strain",102,1
"3372","01_8815_0102_01",1,8815,"ref_strain",102,1
"3373","01_8951_0102_01",1,8951,"ref_strain",102,1
"3374","01_8986_0102_01",1,8986,"ref_strain",102,1
"3375","01_9051_0102_01",1,9051,"ref_strain",102,1
"3376","01_9144_0102_01",1,9144,"ref_strain",102,1
"3377","01_9267_0102_01",1,9267,"ref_strain",102,1
"3378","01_9469_0102_01",1,9469,"ref_strain",102,1
"3379","01_9639_0102_01",1,9639,"ref_strain",102,1
"3380","01_9662_0102_01",1,9662,"ref_strain",102,1
"3381","01_9710_0102_01",1,9710,"ref_strain",102,1
"3382","01_9764_0102_01",1,9764,"ref_strain",102,1
"3383","01_9879_0102_01",1,9879,"ref_strain",102,1
"3384","01_10024_0102_01",1,10024,"ref_strain",102,1
"3385","01_10231_0102_01",1,10231,"ref_strain",102,1
"3386","01_10304_0102_01",1,10304,"ref_strain",102,1
"3387","01_10465_0102_01",1,10465,"ref_strain",102,1
"3388","01_10624_0102_01",1,10624,"ref_strain",102,1
"3389","01_10666_0102_01",1,10666,"ref_strain",102,1
"3390","01_10724_0102_01",1,10724,"ref_strain",102,1
"3391","01_10764_0102_01",1,10764,"ref_strain",102,1
"3392","01_10788_0102_01",1,10788,"ref_strain",102,1
"3393","01_10810_0102_01",1,10810,"ref_strain",102,1
"3394","01_10920_0102_01",1,10920,"ref_strain",102,1
"3395","01_10980_0102_01",1,10980,"ref_strain",102,1
"3396","01_11179_0102_01",1,11179,"ref_strain",102,1
"3397","01_11581_0102_01",1,11581,"ref_strain",102,1
"3398","01_11617_0102_01",1,11617,"ref_strain",102,1
"3399","01_11714_0102_01",1,11714,"ref_strain",102,1
"3400","01_11732_0102_01",1,11732,"ref_strain",102,1
"3401","01_11760_0102_01",1,11760,"ref_strain",102,1
"3402","01_11793_0102_01",1,11793,"ref_strain",102,1
"3403","01_11802_0102_01",1,11802,"ref_strain",102,1
"3404","01_11838_0102_01",1,11838,"ref_strain",102,1
"3405","01_11839_0102_01",1,11839,"ref_strain",102,1
"3406","01_12105_0102_01",1,12105,"ref_strain",102,1
"3407","01_12138_0102_01",1,12138,"ref_strain",102,1
"3408","01_12287_0102_01",1,12287,"ref_strain",102,1
"3409","01_12288_0102_01",1,12288,"ref_strain",102,1
"3410","01_12318_0102_01",1,12318,"ref_strain",102,1
"3411","01_12442_0102_01",1,12442,"ref_strain",102,1
"3412","01_12448_0102_01",1,12448,"ref_strain",102,1
"3413","01_12479_0102_01",1,12479,"ref_strain",102,1
"3414","01_12654_0102_01",1,12654,"ref_strain",102,1
"3415","01_12736_0102_01",1,12736,"ref_strain",102,1
"3416","01_12802_0102_01",1,12802,"ref_strain",102,1
"3417","01_12861_0102_01",1,12861,"ref_strain",102,1
"3418","01_12945_0102_01",1,12945,"ref_strain",102,1
"3419","01_12981_0102_01",1,12981,"ref_strain",102,1
"3420","01_12999_0102_01",1,12999,"ref_strain",102,1
"3421","01_13076_0102_01",1,13076,"ref_strain",102,1
"3422","01_13198_0102_01",1,13198,"ref_strain",102,1
"3423","01_13210_0102_01",1,13210,"ref_strain",102,1
"3424","01_13296_0102_01",1,13296,"ref_strain",102,1
"3425","01_13461_0102_01",1,13461,"ref_strain",102,1
"3426","01_13513_0102_01",1,13513,"ref_strain",102,1
"3427","01_13532_0102_01",1,13532,"ref_strain",102,1
"3428","01_13583_0102_01",1,13583,"ref_strain",102,1
"3429","01_13776_0102_01",1,13776,"ref_strain",102,1
"3430","01_13872_0102_01",1,13872,"ref_strain",102,1
"3431","01_13874_0102_01",1,13874,"ref_strain",102,1
"3432","01_13883_0102_01",1,13883,"ref_strain",102,1
"3433","01_14038_0102_01",1,14038,"ref_strain",102,1
"3434","01_14109_0102_01",1,14109,"ref_strain",102,1
"3435","01_14132_0102_01",1,14132,"ref_strain",102,1
"3436","01_14236_0102_01",1,14236,"ref_strain",102,1
"3437","01_14270_0102_01",1,14270,"ref_strain",102,1
"3438","01_14373_0102_01",1,14373,"ref_strain",102,1
"3439","01_14442_0102_01",1,14442,"ref_strain",102,1
"3440","01_14461_0102_01",1,14461,"ref_strain",102,1
"3441","01_0015_0103_01",1,15,"ref_strain",103,1
"3442","01_0023_0103_01",1,23,"ref_strain",103,1
"3443","01_0044_0103_01",1,44,"ref_strain",103,1
"3444","01_0236_0103_01",1,236,"ref_strain",103,1
"3445","01_0307_0103_01",1,307,"ref_strain",103,1
"3446","01_0472_0103_01",1,472,"ref_strain",103,1
"3447","01_0503_0103_01",1,503,"ref_strain",103,1
"3448","01_0529_0103_01",1,529,"ref_strain",103,1
"3449","01_0571_0103_01",1,571,"ref_strain",103,1
"3450","01_0873_0103_01",1,873,"ref_strain",103,1
"3451","01_0965_0103_01",1,965,"ref_strain",103,1
"3452","01_1071_0103_01",1,1071,"ref_strain",103,1
"3453","01_1103_0103_01",1,1103,"ref_strain",103,1
"3454","01_1206_0103_01",1,1206,"ref_strain",103,1
"3455","01_1286_0103_01",1,1286,"ref_strain",103,1
"3456","01_1319_0103_01",1,1319,"ref_strain",103,1
"3457","01_1489_0103_01",1,1489,"ref_strain",103,1
"3458","01_1508_0103_01",1,1508,"ref_strain",103,1
"3459","01_1595_0103_01",1,1595,"ref_strain",103,1
"3460","01_1720_0103_01",1,1720,"ref_strain",103,1
"3461","01_1908_0103_01",1,1908,"ref_strain",103,1
"3462","01_1909_0103_01",1,1909,"ref_strain",103,1
"3463","01_2068_0103_01",1,2068,"ref_strain",103,1
"3464","01_2183_0103_01",1,2183,"ref_strain",103,1
"3465","01_2228_0103_01",1,2228,"ref_strain",103,1
"3466","01_2541_0103_01",1,2541,"ref_strain",103,1
"3467","01_2616_0103_01",1,2616,"ref_strain",103,1
"3468","01_2910_0103_01",1,2910,"ref_strain",103,1
"3469","01_2914_0103_01",1,2914,"ref_strain",103,1
"3470","01_2923_0103_01",1,2923,"ref_strain",103,1
"3471","01_2941_0103_01",1,2941,"ref_strain",103,1
"3472","01_3076_0103_01",1,3076,"ref_strain",103,1
"3473","01_3119_0103_01",1,3119,"ref_strain",103,1
"3474","01_3193_0103_01",1,3193,"ref_strain",103,1
"3475","01_3247_0103_01",1,3247,"ref_strain",103,1
"3476","01_3317_0103_01",1,3317,"ref_strain",103,1
"3477","01_3333_0103_01",1,3333,"ref_strain",103,1
"3478","01_3361_0103_01",1,3361,"ref_strain",103,1
"3479","01_3476_0103_01",1,3476,"ref_strain",103,1
"3480","01_3517_0103_01",1,3517,"ref_strain",103,1
"3481","01_3548_0103_01",1,3548,"ref_strain",103,1
"3482","01_3581_0103_01",1,3581,"ref_strain",103,1
"3483","01_3605_0103_01",1,3605,"ref_strain",103,1
"3484","01_3691_0103_01",1,3691,"ref_strain",103,1
"3485","01_3868_0103_01",1,3868,"ref_strain",103,1
"3486","01_3997_0103_01",1,3997,"ref_strain",103,1
"3487","01_4122_0103_01",1,4122,"ref_strain",103,1
"3488","01_4332_0103_01",1,4332,"ref_strain",103,1
"3489","01_4356_0103_01",1,4356,"ref_strain",103,1
"3490","01_4402_0103_01",1,4402,"ref_strain",103,1
"3491","01_4431_0103_01",1,4431,"ref_strain",103,1
"3492","01_4528_0103_01",1,4528,"ref_strain",103,1
"3493","01_4745_0103_01",1,4745,"ref_strain",103,1
"3494","01_4772_0103_01",1,4772,"ref_strain",103,1
"3495","01_4779_0103_01",1,4779,"ref_strain",103,1
"3496","01_5067_0103_01",1,5067,"ref_strain",103,1
"3497","01_5095_0103_01",1,5095,"ref_strain",103,1
"3498","01_5396_0103_01",1,5396,"ref_strain",103,1
"3499","01_5433_0103_01",1,5433,"ref_strain",103,1
"3500","01_5705_0103_01",1,5705,"ref_strain",103,1
"3501","01_5808_0103_01",1,5808,"ref_strain",103,1
"3502","01_5831_0103_01",1,5831,"ref_strain",103,1
"3503","01_6028_0103_01",1,6028,"ref_strain",103,1
"3504","01_6044_0103_01",1,6044,"ref_strain",103,1
"3505","01_6096_0103_01",1,6096,"ref_strain",103,1
"3506","01_6130_0103_01",1,6130,"ref_strain",103,1
"3507","01_6193_0103_01",1,6193,"ref_strain",103,1
"3508","01_6211_0103_01",1,6211,"ref_strain",103,1
"3509","01_6265_0103_01",1,6265,"ref_strain",103,1
"3510","01_6346_0103_01",1,6346,"ref_strain",103,1
"3511","01_6460_0103_01",1,6460,"ref_strain",103,1
"3512","01_6564_0103_01",1,6564,"ref_strain",103,1
"3513","01_6581_0103_01",1,6581,"ref_strain",103,1
"3514","01_6589_0103_01",1,6589,"ref_strain",103,1
"3515","01_6592_0103_01",1,6592,"ref_strain",103,1
"3516","01_6665_0103_01",1,6665,"ref_strain",103,1
"3517","01_6784_0103_01",1,6784,"ref_strain",103,1
"3518","01_6803_0103_01",1,6803,"ref_strain",103,1
"3519","01_6834_0103_01",1,6834,"ref_strain",103,1
"3520","01_6856_0103_01",1,6856,"ref_strain",103,1
"3521","01_7130_0103_01",1,7130,"ref_strain",103,1
"3522","01_7479_0103_01",1,7479,"ref_strain",103,1
"3523","01_7595_0103_01",1,7595,"ref_strain",103,1
"3524","01_7655_0103_01",1,7655,"ref_strain",103,1
"3525","01_7672_0103_01",1,7672,"ref_strain",103,1
"3526","01_7871_0103_01",1,7871,"ref_strain",103,1
"3527","01_7917_0103_01",1,7917,"ref_strain",103,1
"3528","01_7939_0103_01",1,7939,"ref_strain",103,1
"3529","01_8039_0103_01",1,8039,"ref_strain",103,1
"3530","01_8091_0103_01",1,8091,"ref_strain",103,1
"3531","01_8169_0103_01",1,8169,"ref_strain",103,1
"3532","01_8263_0103_01",1,8263,"ref_strain",103,1
"3533","01_8304_0103_01",1,8304,"ref_strain",103,1
"3534","01_8382_0103_01",1,8382,"ref_strain",103,1
"3535","01_8694_0103_01",1,8694,"ref_strain",103,1
"3536","01_8830_0103_01",1,8830,"ref_strain",103,1
"3537","01_8866_0103_01",1,8866,"ref_strain",103,1
"3538","01_9302_0103_01",1,9302,"ref_strain",103,1
"3539","01_9413_0103_01",1,9413,"ref_strain",103,1
"3540","01_9461_0103_01",1,9461,"ref_strain",103,1
"3541","01_9535_0103_01",1,9535,"ref_strain",103,1
"3542","01_9769_0103_01",1,9769,"ref_strain",103,1
"3543","01_9797_0103_01",1,9797,"ref_strain",103,1
"3544","01_9832_0103_01",1,9832,"ref_strain",103,1
"3545","01_9922_0103_01",1,9922,"ref_strain",103,1
"3546","01_9984_0103_01",1,9984,"ref_strain",103,1
"3547","01_10042_0103_01",1,10042,"ref_strain",103,1
"3548","01_10076_0103_01",1,10076,"ref_strain",103,1
"3549","01_10183_0103_01",1,10183,"ref_strain",103,1
"3550","01_10370_0103_01",1,10370,"ref_strain",103,1
"3551","01_10385_0103_01",1,10385,"ref_strain",103,1
"3552","01_10459_0103_01",1,10459,"ref_strain",103,1
"3553","01_10525_0103_01",1,10525,"ref_strain",103,1
"3554","01_10646_0103_01",1,10646,"ref_strain",103,1
"3555","01_10686_0103_01",1,10686,"ref_strain",103,1
"3556","01_10712_0103_01",1,10712,"ref_strain",103,1
"3557","01_10773_0103_01",1,10773,"ref_strain",103,1
"3558","01_10917_0103_01",1,10917,"ref_strain",103,1
"3559","01_11086_0103_01",1,11086,"ref_strain",103,1
"3560","01_11249_0103_01",1,11249,"ref_strain",103,1
"3561","01_11268_0103_01",1,11268,"ref_strain",103,1
"3562","01_11446_0103_01",1,11446,"ref_strain",103,1
"3563","01_11493_0103_01",1,11493,"ref_strain",103,1
"3564","01_11589_0103_01",1,11589,"ref_strain",103,1
"3565","01_11685_0103_01",1,11685,"ref_strain",103,1
"3566","01_11686_0103_01",1,11686,"ref_strain",103,1
"3567","01_11841_0103_01",1,11841,"ref_strain",103,1
"3568","01_12014_0103_01",1,12014,"ref_strain",103,1
"3569","01_12142_0103_01",1,12142,"ref_strain",103,1
"3570","01_12259_0103_01",1,12259,"ref_strain",103,1
"3571","01_12266_0103_01",1,12266,"ref_strain",103,1
"3572","01_12313_0103_01",1,12313,"ref_strain",103,1
"3573","01_12347_0103_01",1,12347,"ref_strain",103,1
"3574","01_12415_0103_01",1,12415,"ref_strain",103,1
"3575","01_12491_0103_01",1,12491,"ref_strain",103,1
"3576","01_12500_0103_01",1,12500,"ref_strain",103,1
"3577","01_12512_0103_01",1,12512,"ref_strain",103,1
"3578","01_12530_0103_01",1,12530,"ref_strain",103,1
"3579","01_12686_0103_01",1,12686,"ref_strain",103,1
"3580","01_12839_0103_01",1,12839,"ref_strain",103,1
"3581","01_12864_0103_01",1,12864,"ref_strain",103,1
"3582","01_12890_0103_01",1,12890,"ref_strain",103,1
"3583","01_12911_0103_01",1,12911,"ref_strain",103,1
"3584","01_13148_0103_01",1,13148,"ref_strain",103,1
"3585","01_13480_0103_01",1,13480,"ref_strain",103,1
"3586","01_13552_0103_01",1,13552,"ref_strain",103,1
"3587","01_13572_0103_01",1,13572,"ref_strain",103,1
"3588","01_13588_0103_01",1,13588,"ref_strain",103,1
"3589","01_13626_0103_01",1,13626,"ref_strain",103,1
"3590","01_13755_0103_01",1,13755,"ref_strain",103,1
"3591","01_14188_0103_01",1,14188,"ref_strain",103,1
"3592","01_14354_0103_01",1,14354,"ref_strain",103,1
"3593","01_14423_0103_01",1,14423,"ref_strain",103,1
"3594","01_0021_0104_01",1,21,"ref_strain",104,1
"3595","01_0075_0104_01",1,75,"ref_strain",104,1
"3596","01_0217_0104_01",1,217,"ref_strain",104,1
"3597","01_0471_0104_01",1,471,"ref_strain",104,1
"3598","01_0658_0104_01",1,658,"ref_strain",104,1
"3599","01_0660_0104_01",1,660,"ref_strain",104,1
"3600","01_0943_0104_01",1,943,"ref_strain",104,1
"3601","01_0952_0104_01",1,952,"ref_strain",104,1
"3602","01_1217_0104_01",1,1217,"ref_strain",104,1
"3603","01_1273_0104_01",1,1273,"ref_strain",104,1
"3604","01_1608_0104_01",1,1608,"ref_strain",104,1
"3605","01_1808_0104_01",1,1808,"ref_strain",104,1
"3606","01_1817_0104_01",1,1817,"ref_strain",104,1
"3607","01_1876_0104_01",1,1876,"ref_strain",104,1
"3608","01_1921_0104_01",1,1921,"ref_strain",104,1
"3609","01_1923_0104_01",1,1923,"ref_strain",104,1
"3610","01_2080_0104_01",1,2080,"ref_strain",104,1
"3611","01_2107_0104_01",1,2107,"ref_strain",104,1
"3612","01_2769_0104_01",1,2769,"ref_strain",104,1
"3613","01_3002_0104_01",1,3002,"ref_strain",104,1
"3614","01_3004_0104_01",1,3004,"ref_strain",104,1
"3615","01_3081_0104_01",1,3081,"ref_strain",104,1
"3616","01_3196_0104_01",1,3196,"ref_strain",104,1
"3617","01_3212_0104_01",1,3212,"ref_strain",104,1
"3618","01_3294_0104_01",1,3294,"ref_strain",104,1
"3619","01_3425_0104_01",1,3425,"ref_strain",104,1
"3620","01_3440_0104_01",1,3440,"ref_strain",104,1
"3621","01_3499_0104_01",1,3499,"ref_strain",104,1
"3622","01_3580_0104_01",1,3580,"ref_strain",104,1
"3623","01_3596_0104_01",1,3596,"ref_strain",104,1
"3624","01_3650_0104_01",1,3650,"ref_strain",104,1
"3625","01_3743_0104_01",1,3743,"ref_strain",104,1
"3626","01_3788_0104_01",1,3788,"ref_strain",104,1
"3627","01_3828_0104_01",1,3828,"ref_strain",104,1
"3628","01_3891_0104_01",1,3891,"ref_strain",104,1
"3629","01_4011_0104_01",1,4011,"ref_strain",104,1
"3630","01_4023_0104_01",1,4023,"ref_strain",104,1
"3631","01_4121_0104_01",1,4121,"ref_strain",104,1
"3632","01_4200_0104_01",1,4200,"ref_strain",104,1
"3633","01_4258_0104_01",1,4258,"ref_strain",104,1
"3634","01_4288_0104_01",1,4288,"ref_strain",104,1
"3635","01_4295_0104_01",1,4295,"ref_strain",104,1
"3636","01_4354_0104_01",1,4354,"ref_strain",104,1
"3637","01_4432_0104_01",1,4432,"ref_strain",104,1
"3638","01_4497_0104_01",1,4497,"ref_strain",104,1
"3639","01_4572_0104_01",1,4572,"ref_strain",104,1
"3640","01_4662_0104_01",1,4662,"ref_strain",104,1
"3641","01_4957_0104_01",1,4957,"ref_strain",104,1
"3642","01_5029_0104_01",1,5029,"ref_strain",104,1
"3643","01_5178_0104_01",1,5178,"ref_strain",104,1
"3644","01_5342_0104_01",1,5342,"ref_strain",104,1
"3645","01_5344_0104_01",1,5344,"ref_strain",104,1
"3646","01_5366_0104_01",1,5366,"ref_strain",104,1
"3647","01_5552_0104_01",1,5552,"ref_strain",104,1
"3648","01_5555_0104_01",1,5555,"ref_strain",104,1
"3649","01_5567_0104_01",1,5567,"ref_strain",104,1
"3650","01_5644_0104_01",1,5644,"ref_strain",104,1
"3651","01_5691_0104_01",1,5691,"ref_strain",104,1
"3652","01_5707_0104_01",1,5707,"ref_strain",104,1
"3653","01_5888_0104_01",1,5888,"ref_strain",104,1
"3654","01_5950_0104_01",1,5950,"ref_strain",104,1
"3655","01_6000_0104_01",1,6000,"ref_strain",104,1
"3656","01_6039_0104_01",1,6039,"ref_strain",104,1
"3657","01_6200_0104_01",1,6200,"ref_strain",104,1
"3658","01_6239_0104_01",1,6239,"ref_strain",104,1
"3659","01_6380_0104_01",1,6380,"ref_strain",104,1
"3660","01_6433_0104_01",1,6433,"ref_strain",104,1
"3661","01_6473_0104_01",1,6473,"ref_strain",104,1
"3662","01_6525_0104_01",1,6525,"ref_strain",104,1
"3663","01_6576_0104_01",1,6576,"ref_strain",104,1
"3664","01_6620_0104_01",1,6620,"ref_strain",104,1
"3665","01_6643_0104_01",1,6643,"ref_strain",104,1
"3666","01_6657_0104_01",1,6657,"ref_strain",104,1
"3667","01_6663_0104_01",1,6663,"ref_strain",104,1
"3668","01_6977_0104_01",1,6977,"ref_strain",104,1
"3669","01_7141_0104_01",1,7141,"ref_strain",104,1
"3670","01_7190_0104_01",1,7190,"ref_strain",104,1
"3671","01_7192_0104_01",1,7192,"ref_strain",104,1
"3672","01_7373_0104_01",1,7373,"ref_strain",104,1
"3673","01_7499_0104_01",1,7499,"ref_strain",104,1
"3674","01_7598_0104_01",1,7598,"ref_strain",104,1
"3675","01_7612_0104_01",1,7612,"ref_strain",104,1
"3676","01_7641_0104_01",1,7641,"ref_strain",104,1
"3677","01_7777_0104_01",1,7777,"ref_strain",104,1
"3678","01_7891_0104_01",1,7891,"ref_strain",104,1
"3679","01_8257_0104_01",1,8257,"ref_strain",104,1
"3680","01_8294_0104_01",1,8294,"ref_strain",104,1
"3681","01_8318_0104_01",1,8318,"ref_strain",104,1
"3682","01_8324_0104_01",1,8324,"ref_strain",104,1
"3683","01_8406_0104_01",1,8406,"ref_strain",104,1
"3684","01_8496_0104_01",1,8496,"ref_strain",104,1
"3685","01_8660_0104_01",1,8660,"ref_strain",104,1
"3686","01_8741_0104_01",1,8741,"ref_strain",104,1
"3687","01_8860_0104_01",1,8860,"ref_strain",104,1
"3688","01_8883_0104_01",1,8883,"ref_strain",104,1
"3689","01_8899_0104_01",1,8899,"ref_strain",104,1
"3690","01_8944_0104_01",1,8944,"ref_strain",104,1
"3691","01_9040_0104_01",1,9040,"ref_strain",104,1
"3692","01_9139_0104_01",1,9139,"ref_strain",104,1
"3693","01_9202_0104_01",1,9202,"ref_strain",104,1
"3694","01_9262_0104_01",1,9262,"ref_strain",104,1
"3695","01_9720_0104_01",1,9720,"ref_strain",104,1
"3696","01_9817_0104_01",1,9817,"ref_strain",104,1
"3697","01_9912_0104_01",1,9912,"ref_strain",104,1
"3698","01_10340_0104_01",1,10340,"ref_strain",104,1
"3699","01_10413_0104_01",1,10413,"ref_strain",104,1
"3700","01_10468_0104_01",1,10468,"ref_strain",104,1
"3701","01_10669_0104_01",1,10669,"ref_strain",104,1
"3702","01_10684_0104_01",1,10684,"ref_strain",104,1
"3703","01_10818_0104_01",1,10818,"ref_strain",104,1
"3704","01_10835_0104_01",1,10835,"ref_strain",104,1
"3705","01_10842_0104_01",1,10842,"ref_strain",104,1
"3706","01_11068_0104_01",1,11068,"ref_strain",104,1
"3707","01_11144_0104_01",1,11144,"ref_strain",104,1
"3708","01_11243_0104_01",1,11243,"ref_strain",104,1
"3709","01_11295_0104_01",1,11295,"ref_strain",104,1
"3710","01_11384_0104_01",1,11384,"ref_strain",104,1
"3711","01_11390_0104_01",1,11390,"ref_strain",104,1
"3712","01_11404_0104_01",1,11404,"ref_strain",104,1
"3713","01_11413_0104_01",1,11413,"ref_strain",104,1
"3714","01_11789_0104_01",1,11789,"ref_strain",104,1
"3715","01_11840_0104_01",1,11840,"ref_strain",104,1
"3716","01_12114_0104_01",1,12114,"ref_strain",104,1
"3717","01_12174_0104_01",1,12174,"ref_strain",104,1
"3718","01_12284_0104_01",1,12284,"ref_strain",104,1
"3719","01_12364_0104_01",1,12364,"ref_strain",104,1
"3720","01_12502_0104_01",1,12502,"ref_strain",104,1
"3721","01_12567_0104_01",1,12567,"ref_strain",104,1
"3722","01_12658_0104_01",1,12658,"ref_strain",104,1
"3723","01_12865_0104_01",1,12865,"ref_strain",104,1
"3724","01_12889_0104_01",1,12889,"ref_strain",104,1
"3725","01_12929_0104_01",1,12929,"ref_strain",104,1
"3726","01_12953_0104_01",1,12953,"ref_strain",104,1
"3727","01_12990_0104_01",1,12990,"ref_strain",104,1
"3728","01_12993_0104_01",1,12993,"ref_strain",104,1
"3729","01_13149_0104_01",1,13149,"ref_strain",104,1
"3730","01_13160_0104_01",1,13160,"ref_strain",104,1
"3731","01_13276_0104_01",1,13276,"ref_strain",104,1
"3732","01_13302_0104_01",1,13302,"ref_strain",104,1
"3733","01_13303_0104_01",1,13303,"ref_strain",104,1
"3734","01_13319_0104_01",1,13319,"ref_strain",104,1
"3735","01_13585_0104_01",1,13585,"ref_strain",104,1
"3736","01_13686_0104_01",1,13686,"ref_strain",104,1
"3737","01_13924_0104_01",1,13924,"ref_strain",104,1
"3738","01_14142_0104_01",1,14142,"ref_strain",104,1
"3739","01_14264_0104_01",1,14264,"ref_strain",104,1
"3740","01_14271_0104_01",1,14271,"ref_strain",104,1
"3741","01_14303_0104_01",1,14303,"ref_strain",104,1
"3742","01_14472_0104_01",1,14472,"ref_strain",104,1
"3743","01_0077_0105_01",1,77,"ref_strain",105,1
"3744","01_0145_0105_01",1,145,"ref_strain",105,1
"3745","01_0209_0105_01",1,209,"ref_strain",105,1
"3746","01_0243_0105_01",1,243,"ref_strain",105,1
"3747","01_0311_0105_01",1,311,"ref_strain",105,1
"3748","01_0499_0105_01",1,499,"ref_strain",105,1
"3749","01_0601_0105_01",1,601,"ref_strain",105,1
"3750","01_0633_0105_01",1,633,"ref_strain",105,1
"3751","01_0776_0105_01",1,776,"ref_strain",105,1
"3752","01_0789_0105_01",1,789,"ref_strain",105,1
"3753","01_0985_0105_01",1,985,"ref_strain",105,1
"3754","01_1178_0105_01",1,1178,"ref_strain",105,1
"3755","01_1215_0105_01",1,1215,"ref_strain",105,1
"3756","01_1248_0105_01",1,1248,"ref_strain",105,1
"3757","01_1374_0105_01",1,1374,"ref_strain",105,1
"3758","01_1661_0105_01",1,1661,"ref_strain",105,1
"3759","01_1802_0105_01",1,1802,"ref_strain",105,1
"3760","01_2069_0105_01",1,2069,"ref_strain",105,1
"3761","01_2213_0105_01",1,2213,"ref_strain",105,1
"3762","01_2261_0105_01",1,2261,"ref_strain",105,1
"3763","01_2299_0105_01",1,2299,"ref_strain",105,1
"3764","01_2300_0105_01",1,2300,"ref_strain",105,1
"3765","01_2333_0105_01",1,2333,"ref_strain",105,1
"3766","01_2440_0105_01",1,2440,"ref_strain",105,1
"3767","01_2639_0105_01",1,2639,"ref_strain",105,1
"3768","01_2809_0105_01",1,2809,"ref_strain",105,1
"3769","01_3109_0105_01",1,3109,"ref_strain",105,1
"3770","01_3150_0105_01",1,3150,"ref_strain",105,1
"3771","01_3178_0105_01",1,3178,"ref_strain",105,1
"3772","01_3252_0105_01",1,3252,"ref_strain",105,1
"3773","01_3275_0105_01",1,3275,"ref_strain",105,1
"3774","01_3319_0105_01",1,3319,"ref_strain",105,1
"3775","01_3321_0105_01",1,3321,"ref_strain",105,1
"3776","01_3348_0105_01",1,3348,"ref_strain",105,1
"3777","01_3512_0105_01",1,3512,"ref_strain",105,1
"3778","01_3525_0105_01",1,3525,"ref_strain",105,1
"3779","01_3573_0105_01",1,3573,"ref_strain",105,1
"3780","01_3709_0105_01",1,3709,"ref_strain",105,1
"3781","01_3856_0105_01",1,3856,"ref_strain",105,1
"3782","01_3899_0105_01",1,3899,"ref_strain",105,1
"3783","01_3958_0105_01",1,3958,"ref_strain",105,1
"3784","01_3972_0105_01",1,3972,"ref_strain",105,1
"3785","01_3985_0105_01",1,3985,"ref_strain",105,1
"3786","01_4377_0105_01",1,4377,"ref_strain",105,1
"3787","01_4384_0105_01",1,4384,"ref_strain",105,1
"3788","01_4406_0105_01",1,4406,"ref_strain",105,1
"3789","01_4413_0105_01",1,4413,"ref_strain",105,1
"3790","01_4423_0105_01",1,4423,"ref_strain",105,1
"3791","01_4483_0105_01",1,4483,"ref_strain",105,1
"3792","01_4516_0105_01",1,4516,"ref_strain",105,1
"3793","01_4623_0105_01",1,4623,"ref_strain",105,1
"3794","01_4648_0105_01",1,4648,"ref_strain",105,1
"3795","01_4710_0105_01",1,4710,"ref_strain",105,1
"3796","01_4756_0105_01",1,4756,"ref_strain",105,1
"3797","01_4887_0105_01",1,4887,"ref_strain",105,1
"3798","01_4950_0105_01",1,4950,"ref_strain",105,1
"3799","01_4990_0105_01",1,4990,"ref_strain",105,1
"3800","01_5172_0105_01",1,5172,"ref_strain",105,1
"3801","01_5378_0105_01",1,5378,"ref_strain",105,1
"3802","01_5647_0105_01",1,5647,"ref_strain",105,1
"3803","01_5649_0105_01",1,5649,"ref_strain",105,1
"3804","01_5770_0105_01",1,5770,"ref_strain",105,1
"3805","01_6467_0105_01",1,6467,"ref_strain",105,1
"3806","01_6471_0105_01",1,6471,"ref_strain",105,1
"3807","01_6532_0105_01",1,6532,"ref_strain",105,1
"3808","01_6548_0105_01",1,6548,"ref_strain",105,1
"3809","01_6567_0105_01",1,6567,"ref_strain",105,1
"3810","01_6601_0105_01",1,6601,"ref_strain",105,1
"3811","01_6611_0105_01",1,6611,"ref_strain",105,1
"3812","01_6697_0105_01",1,6697,"ref_strain",105,1
"3813","01_6755_0105_01",1,6755,"ref_strain",105,1
"3814","01_6947_0105_01",1,6947,"ref_strain",105,1
"3815","01_6986_0105_01",1,6986,"ref_strain",105,1
"3816","01_7154_0105_01",1,7154,"ref_strain",105,1
"3817","01_7155_0105_01",1,7155,"ref_strain",105,1
"3818","01_7157_0105_01",1,7157,"ref_strain",105,1
"3819","01_7384_0105_01",1,7384,"ref_strain",105,1
"3820","01_7559_0105_01",1,7559,"ref_strain",105,1
"3821","01_7629_0105_01",1,7629,"ref_strain",105,1
"3822","01_7664_0105_01",1,7664,"ref_strain",105,1
"3823","01_7756_0105_01",1,7756,"ref_strain",105,1
"3824","01_7779_0105_01",1,7779,"ref_strain",105,1
"3825","01_7823_0105_01",1,7823,"ref_strain",105,1
"3826","01_7838_0105_01",1,7838,"ref_strain",105,1
"3827","01_7995_0105_01",1,7995,"ref_strain",105,1
"3828","01_8019_0105_01",1,8019,"ref_strain",105,1
"3829","01_8259_0105_01",1,8259,"ref_strain",105,1
"3830","01_8262_0105_01",1,8262,"ref_strain",105,1
"3831","01_8327_0105_01",1,8327,"ref_strain",105,1
"3832","01_8426_0105_01",1,8426,"ref_strain",105,1
"3833","01_8516_0105_01",1,8516,"ref_strain",105,1
"3834","01_8528_0105_01",1,8528,"ref_strain",105,1
"3835","01_8683_0105_01",1,8683,"ref_strain",105,1
"3836","01_8715_0105_01",1,8715,"ref_strain",105,1
"3837","01_8717_0105_01",1,8717,"ref_strain",105,1
"3838","01_9135_0105_01",1,9135,"ref_strain",105,1
"3839","01_9491_0105_01",1,9491,"ref_strain",105,1
"3840","01_9524_0105_01",1,9524,"ref_strain",105,1
"3841","01_9541_0105_01",1,9541,"ref_strain",105,1
"3842","01_9667_0105_01",1,9667,"ref_strain",105,1
"3843","01_9718_0105_01",1,9718,"ref_strain",105,1
"3844","01_10141_0105_01",1,10141,"ref_strain",105,1
"3845","01_10163_0105_01",1,10163,"ref_strain",105,1
"3846","01_10186_0105_01",1,10186,"ref_strain",105,1
"3847","01_10199_0105_01",1,10199,"ref_strain",105,1
"3848","01_10268_0105_01",1,10268,"ref_strain",105,1
"3849","01_10308_0105_01",1,10308,"ref_strain",105,1
"3850","01_10316_0105_01",1,10316,"ref_strain",105,1
"3851","01_10343_0105_01",1,10343,"ref_strain",105,1
"3852","01_10595_0105_01",1,10595,"ref_strain",105,1
"3853","01_10645_0105_01",1,10645,"ref_strain",105,1
"3854","01_10767_0105_01",1,10767,"ref_strain",105,1
"3855","01_10890_0105_01",1,10890,"ref_strain",105,1
"3856","01_10940_0105_01",1,10940,"ref_strain",105,1
"3857","01_11101_0105_01",1,11101,"ref_strain",105,1
"3858","01_11102_0105_01",1,11102,"ref_strain",105,1
"3859","01_11236_0105_01",1,11236,"ref_strain",105,1
"3860","01_11258_0105_01",1,11258,"ref_strain",105,1
"3861","01_11325_0105_01",1,11325,"ref_strain",105,1
"3862","01_11350_0105_01",1,11350,"ref_strain",105,1
"3863","01_11495_0105_01",1,11495,"ref_strain",105,1
"3864","01_11564_0105_01",1,11564,"ref_strain",105,1
"3865","01_11622_0105_01",1,11622,"ref_strain",105,1
"3866","01_11746_0105_01",1,11746,"ref_strain",105,1
"3867","01_11816_0105_01",1,11816,"ref_strain",105,1
"3868","01_11843_0105_01",1,11843,"ref_strain",105,1
"3869","01_11917_0105_01",1,11917,"ref_strain",105,1
"3870","01_11927_0105_01",1,11927,"ref_strain",105,1
"3871","01_11960_0105_01",1,11960,"ref_strain",105,1
"3872","01_11990_0105_01",1,11990,"ref_strain",105,1
"3873","01_12109_0105_01",1,12109,"ref_strain",105,1
"3874","01_12380_0105_01",1,12380,"ref_strain",105,1
"3875","01_12586_0105_01",1,12586,"ref_strain",105,1
"3876","01_12696_0105_01",1,12696,"ref_strain",105,1
"3877","01_12723_0105_01",1,12723,"ref_strain",105,1
"3878","01_12906_0105_01",1,12906,"ref_strain",105,1
"3879","01_13086_0105_01",1,13086,"ref_strain",105,1
"3880","01_13300_0105_01",1,13300,"ref_strain",105,1
"3881","01_13492_0105_01",1,13492,"ref_strain",105,1
"3882","01_13512_0105_01",1,13512,"ref_strain",105,1
"3883","01_13661_0105_01",1,13661,"ref_strain",105,1
"3884","01_13693_0105_01",1,13693,"ref_strain",105,1
"3885","01_13767_0105_01",1,13767,"ref_strain",105,1
"3886","01_13777_0105_01",1,13777,"ref_strain",105,1
"3887","01_13779_0105_01",1,13779,"ref_strain",105,1
"3888","01_13795_0105_01",1,13795,"ref_strain",105,1
"3889","01_13805_0105_01",1,13805,"ref_strain",105,1
"3890","01_13880_0105_01",1,13880,"ref_strain",105,1
"3891","01_13970_0105_01",1,13970,"ref_strain",105,1
"3892","01_14231_0105_01",1,14231,"ref_strain",105,1
"3893","01_14325_0105_01",1,14325,"ref_strain",105,1
"3894","01_14495_0105_01",1,14495,"ref_strain",105,1
"3895","01_0076_0106_01",1,76,"ref_strain",106,1
"3896","01_0348_0106_01",1,348,"ref_strain",106,1
"3897","01_0477_0106_01",1,477,"ref_strain",106,1
"3898","01_0814_0106_01",1,814,"ref_strain",106,1
"3899","01_0872_0106_01",1,872,"ref_strain",106,1
"3900","01_0953_0106_01",1,953,"ref_strain",106,1
"3901","01_1016_0106_01",1,1016,"ref_strain",106,1
"3902","01_1023_0106_01",1,1023,"ref_strain",106,1
"3903","01_1052_0106_01",1,1052,"ref_strain",106,1
"3904","01_1146_0106_01",1,1146,"ref_strain",106,1
"3905","01_1402_0106_01",1,1402,"ref_strain",106,1
"3906","01_1859_0106_01",1,1859,"ref_strain",106,1
"3907","01_1879_0106_01",1,1879,"ref_strain",106,1
"3908","01_1944_0106_01",1,1944,"ref_strain",106,1
"3909","01_1992_0106_01",1,1992,"ref_strain",106,1
"3910","01_2043_0106_01",1,2043,"ref_strain",106,1
"3911","01_2060_0106_01",1,2060,"ref_strain",106,1
"3912","01_2312_0106_01",1,2312,"ref_strain",106,1
"3913","01_2519_0106_01",1,2519,"ref_strain",106,1
"3914","01_2523_0106_01",1,2523,"ref_strain",106,1
"3915","01_2652_0106_01",1,2652,"ref_strain",106,1
"3916","01_2683_0106_01",1,2683,"ref_strain",106,1
"3917","01_2692_0106_01",1,2692,"ref_strain",106,1
"3918","01_2758_0106_01",1,2758,"ref_strain",106,1
"3919","01_2774_0106_01",1,2774,"ref_strain",106,1
"3920","01_2911_0106_01",1,2911,"ref_strain",106,1
"3921","01_2933_0106_01",1,2933,"ref_strain",106,1
"3922","01_3053_0106_01",1,3053,"ref_strain",106,1
"3923","01_3253_0106_01",1,3253,"ref_strain",106,1
"3924","01_3362_0106_01",1,3362,"ref_strain",106,1
"3925","01_3405_0106_01",1,3405,"ref_strain",106,1
"3926","01_3410_0106_01",1,3410,"ref_strain",106,1
"3927","01_3470_0106_01",1,3470,"ref_strain",106,1
"3928","01_3575_0106_01",1,3575,"ref_strain",106,1
"3929","01_3706_0106_01",1,3706,"ref_strain",106,1
"3930","01_3771_0106_01",1,3771,"ref_strain",106,1
"3931","01_3809_0106_01",1,3809,"ref_strain",106,1
"3932","01_3892_0106_01",1,3892,"ref_strain",106,1
"3933","01_3981_0106_01",1,3981,"ref_strain",106,1
"3934","01_3990_0106_01",1,3990,"ref_strain",106,1
"3935","01_4089_0106_01",1,4089,"ref_strain",106,1
"3936","01_4114_0106_01",1,4114,"ref_strain",106,1
"3937","01_4124_0106_01",1,4124,"ref_strain",106,1
"3938","01_4192_0106_01",1,4192,"ref_strain",106,1
"3939","01_4794_0106_01",1,4794,"ref_strain",106,1
"3940","01_4816_0106_01",1,4816,"ref_strain",106,1
"3941","01_4832_0106_01",1,4832,"ref_strain",106,1
"3942","01_4867_0106_01",1,4867,"ref_strain",106,1
"3943","01_4910_0106_01",1,4910,"ref_strain",106,1
"3944","01_5047_0106_01",1,5047,"ref_strain",106,1
"3945","01_5340_0106_01",1,5340,"ref_strain",106,1
"3946","01_5456_0106_01",1,5456,"ref_strain",106,1
"3947","01_5532_0106_01",1,5532,"ref_strain",106,1
"3948","01_5688_0106_01",1,5688,"ref_strain",106,1
"3949","01_5727_0106_01",1,5727,"ref_strain",106,1
"3950","01_5812_0106_01",1,5812,"ref_strain",106,1
"3951","01_5913_0106_01",1,5913,"ref_strain",106,1
"3952","01_6021_0106_01",1,6021,"ref_strain",106,1
"3953","01_6091_0106_01",1,6091,"ref_strain",106,1
"3954","01_6181_0106_01",1,6181,"ref_strain",106,1
"3955","01_6288_0106_01",1,6288,"ref_strain",106,1
"3956","01_6336_0106_01",1,6336,"ref_strain",106,1
"3957","01_6376_0106_01",1,6376,"ref_strain",106,1
"3958","01_6392_0106_01",1,6392,"ref_strain",106,1
"3959","01_6512_0106_01",1,6512,"ref_strain",106,1
"3960","01_6516_0106_01",1,6516,"ref_strain",106,1
"3961","01_6572_0106_01",1,6572,"ref_strain",106,1
"3962","01_6573_0106_01",1,6573,"ref_strain",106,1
"3963","01_6604_0106_01",1,6604,"ref_strain",106,1
"3964","01_6688_0106_01",1,6688,"ref_strain",106,1
"3965","01_6764_0106_01",1,6764,"ref_strain",106,1
"3966","01_6900_0106_01",1,6900,"ref_strain",106,1
"3967","01_7089_0106_01",1,7089,"ref_strain",106,1
"3968","01_7112_0106_01",1,7112,"ref_strain",106,1
"3969","01_7184_0106_01",1,7184,"ref_strain",106,1
"3970","01_7274_0106_01",1,7274,"ref_strain",106,1
"3971","01_7299_0106_01",1,7299,"ref_strain",106,1
"3972","01_7307_0106_01",1,7307,"ref_strain",106,1
"3973","01_7338_0106_01",1,7338,"ref_strain",106,1
"3974","01_7507_0106_01",1,7507,"ref_strain",106,1
"3975","01_7601_0106_01",1,7601,"ref_strain",106,1
"3976","01_7639_0106_01",1,7639,"ref_strain",106,1
"3977","01_7647_0106_01",1,7647,"ref_strain",106,1
"3978","01_7658_0106_01",1,7658,"ref_strain",106,1
"3979","01_7802_0106_01",1,7802,"ref_strain",106,1
"3980","01_7820_0106_01",1,7820,"ref_strain",106,1
"3981","01_7898_0106_01",1,7898,"ref_strain",106,1
"3982","01_7931_0106_01",1,7931,"ref_strain",106,1
"3983","01_8296_0106_01",1,8296,"ref_strain",106,1
"3984","01_8328_0106_01",1,8328,"ref_strain",106,1
"3985","01_8387_0106_01",1,8387,"ref_strain",106,1
"3986","01_8761_0106_01",1,8761,"ref_strain",106,1
"3987","01_8783_0106_01",1,8783,"ref_strain",106,1
"3988","01_8802_0106_01",1,8802,"ref_strain",106,1
"3989","01_8837_0106_01",1,8837,"ref_strain",106,1
"3990","01_8882_0106_01",1,8882,"ref_strain",106,1
"3991","01_8915_0106_01",1,8915,"ref_strain",106,1
"3992","01_9126_0106_01",1,9126,"ref_strain",106,1
"3993","01_9414_0106_01",1,9414,"ref_strain",106,1
"3994","01_9427_0106_01",1,9427,"ref_strain",106,1
"3995","01_9429_0106_01",1,9429,"ref_strain",106,1
"3996","01_9436_0106_01",1,9436,"ref_strain",106,1
"3997","01_9547_0106_01",1,9547,"ref_strain",106,1
"3998","01_9721_0106_01",1,9721,"ref_strain",106,1
"3999","01_9771_0106_01",1,9771,"ref_strain",106,1
"4000","01_9871_0106_01",1,9871,"ref_strain",106,1
"4001","01_10187_0106_01",1,10187,"ref_strain",106,1
"4002","01_10341_0106_01",1,10341,"ref_strain",106,1
"4003","01_10352_0106_01",1,10352,"ref_strain",106,1
"4004","01_10367_0106_01",1,10367,"ref_strain",106,1
"4005","01_10672_0106_01",1,10672,"ref_strain",106,1
"4006","01_10749_0106_01",1,10749,"ref_strain",106,1
"4007","01_10769_0106_01",1,10769,"ref_strain",106,1
"4008","01_10785_0106_01",1,10785,"ref_strain",106,1
"4009","01_10869_0106_01",1,10869,"ref_strain",106,1
"4010","01_10877_0106_01",1,10877,"ref_strain",106,1
"4011","01_10878_0106_01",1,10878,"ref_strain",106,1
"4012","01_10897_0106_01",1,10897,"ref_strain",106,1
"4013","01_10951_0106_01",1,10951,"ref_strain",106,1
"4014","01_11339_0106_01",1,11339,"ref_strain",106,1
"4015","01_11369_0106_01",1,11369,"ref_strain",106,1
"4016","01_11418_0106_01",1,11418,"ref_strain",106,1
"4017","01_11814_0106_01",1,11814,"ref_strain",106,1
"4018","01_12141_0106_01",1,12141,"ref_strain",106,1
"4019","01_12172_0106_01",1,12172,"ref_strain",106,1
"4020","01_12298_0106_01",1,12298,"ref_strain",106,1
"4021","01_12546_0106_01",1,12546,"ref_strain",106,1
"4022","01_12569_0106_01",1,12569,"ref_strain",106,1
"4023","01_12577_0106_01",1,12577,"ref_strain",106,1
"4024","01_12671_0106_01",1,12671,"ref_strain",106,1
"4025","01_12690_0106_01",1,12690,"ref_strain",106,1
"4026","01_12791_0106_01",1,12791,"ref_strain",106,1
"4027","01_12806_0106_01",1,12806,"ref_strain",106,1
"4028","01_13114_0106_01",1,13114,"ref_strain",106,1
"4029","01_13146_0106_01",1,13146,"ref_strain",106,1
"4030","01_13202_0106_01",1,13202,"ref_strain",106,1
"4031","01_13247_0106_01",1,13247,"ref_strain",106,1
"4032","01_13399_0106_01",1,13399,"ref_strain",106,1
"4033","01_13503_0106_01",1,13503,"ref_strain",106,1
"4034","01_13731_0106_01",1,13731,"ref_strain",106,1
"4035","01_13772_0106_01",1,13772,"ref_strain",106,1
"4036","01_13894_0106_01",1,13894,"ref_strain",106,1
"4037","01_13895_0106_01",1,13895,"ref_strain",106,1
"4038","01_13942_0106_01",1,13942,"ref_strain",106,1
"4039","01_13978_0106_01",1,13978,"ref_strain",106,1
"4040","01_14035_0106_01",1,14035,"ref_strain",106,1
"4041","01_14072_0106_01",1,14072,"ref_strain",106,1
"4042","01_14184_0106_01",1,14184,"ref_strain",106,1
"4043","01_14265_0106_01",1,14265,"ref_strain",106,1
"4044","01_14364_0106_01",1,14364,"ref_strain",106,1
"4045","01_14431_0106_01",1,14431,"ref_strain",106,1
"4046","01_14485_0106_01",1,14485,"ref_strain",106,1
"4047","01_0032_0107_01",1,32,"ref_strain",107,1
"4048","01_0067_0107_01",1,67,"ref_strain",107,1
"4049","01_0171_0107_01",1,171,"ref_strain",107,1
"4050","01_0419_0107_01",1,419,"ref_strain",107,1
"4051","01_0568_0107_01",1,568,"ref_strain",107,1
"4052","01_0887_0107_01",1,887,"ref_strain",107,1
"4053","01_1297_0107_01",1,1297,"ref_strain",107,1
"4054","01_1300_0107_01",1,1300,"ref_strain",107,1
"4055","01_1380_0107_01",1,1380,"ref_strain",107,1
"4056","01_1464_0107_01",1,1464,"ref_strain",107,1
"4057","01_1613_0107_01",1,1613,"ref_strain",107,1
"4058","01_1756_0107_01",1,1756,"ref_strain",107,1
"4059","01_2036_0107_01",1,2036,"ref_strain",107,1
"4060","01_2628_0107_01",1,2628,"ref_strain",107,1
"4061","01_2737_0107_01",1,2737,"ref_strain",107,1
"4062","01_2753_0107_01",1,2753,"ref_strain",107,1
"4063","01_3049_0107_01",1,3049,"ref_strain",107,1
"4064","01_3179_0107_01",1,3179,"ref_strain",107,1
"4065","01_3200_0107_01",1,3200,"ref_strain",107,1
"4066","01_3918_0107_01",1,3918,"ref_strain",107,1
"4067","01_3966_0107_01",1,3966,"ref_strain",107,1
"4068","01_3988_0107_01",1,3988,"ref_strain",107,1
"4069","01_3994_0107_01",1,3994,"ref_strain",107,1
"4070","01_4360_0107_01",1,4360,"ref_strain",107,1
"4071","01_4550_0107_01",1,4550,"ref_strain",107,1
"4072","01_4554_0107_01",1,4554,"ref_strain",107,1
"4073","01_4597_0107_01",1,4597,"ref_strain",107,1
"4074","01_4658_0107_01",1,4658,"ref_strain",107,1
"4075","01_4697_0107_01",1,4697,"ref_strain",107,1
"4076","01_4708_0107_01",1,4708,"ref_strain",107,1
"4077","01_4804_0107_01",1,4804,"ref_strain",107,1
"4078","01_4898_0107_01",1,4898,"ref_strain",107,1
"4079","01_4925_0107_01",1,4925,"ref_strain",107,1
"4080","01_5082_0107_01",1,5082,"ref_strain",107,1
"4081","01_5251_0107_01",1,5251,"ref_strain",107,1
"4082","01_5257_0107_01",1,5257,"ref_strain",107,1
"4083","01_5392_0107_01",1,5392,"ref_strain",107,1
"4084","01_5517_0107_01",1,5517,"ref_strain",107,1
"4085","01_5547_0107_01",1,5547,"ref_strain",107,1
"4086","01_5673_0107_01",1,5673,"ref_strain",107,1
"4087","01_5766_0107_01",1,5766,"ref_strain",107,1
"4088","01_5929_0107_01",1,5929,"ref_strain",107,1
"4089","01_5943_0107_01",1,5943,"ref_strain",107,1
"4090","01_6250_0107_01",1,6250,"ref_strain",107,1
"4091","01_6279_0107_01",1,6279,"ref_strain",107,1
"4092","01_6494_0107_01",1,6494,"ref_strain",107,1
"4093","01_6560_0107_01",1,6560,"ref_strain",107,1
"4094","01_6597_0107_01",1,6597,"ref_strain",107,1
"4095","01_6753_0107_01",1,6753,"ref_strain",107,1
"4096","01_6910_0107_01",1,6910,"ref_strain",107,1
"4097","01_6923_0107_01",1,6923,"ref_strain",107,1
"4098","01_7284_0107_01",1,7284,"ref_strain",107,1
"4099","01_7365_0107_01",1,7365,"ref_strain",107,1
"4100","01_7466_0107_01",1,7466,"ref_strain",107,1
"4101","01_7563_0107_01",1,7563,"ref_strain",107,1
"4102","01_7575_0107_01",1,7575,"ref_strain",107,1
"4103","01_7704_0107_01",1,7704,"ref_strain",107,1
"4104","01_7740_0107_01",1,7740,"ref_strain",107,1
"4105","01_7752_0107_01",1,7752,"ref_strain",107,1
"4106","01_7768_0107_01",1,7768,"ref_strain",107,1
"4107","01_7814_0107_01",1,7814,"ref_strain",107,1
"4108","01_7836_0107_01",1,7836,"ref_strain",107,1
"4109","01_7927_0107_01",1,7927,"ref_strain",107,1
"4110","01_7935_0107_01",1,7935,"ref_strain",107,1
"4111","01_7963_0107_01",1,7963,"ref_strain",107,1
"4112","01_7990_0107_01",1,7990,"ref_strain",107,1
"4113","01_8209_0107_01",1,8209,"ref_strain",107,1
"4114","01_8312_0107_01",1,8312,"ref_strain",107,1
"4115","01_8556_0107_01",1,8556,"ref_strain",107,1
"4116","01_8567_0107_01",1,8567,"ref_strain",107,1
"4117","01_8638_0107_01",1,8638,"ref_strain",107,1
"4118","01_8652_0107_01",1,8652,"ref_strain",107,1
"4119","01_8777_0107_01",1,8777,"ref_strain",107,1
"4120","01_9105_0107_01",1,9105,"ref_strain",107,1
"4121","01_9223_0107_01",1,9223,"ref_strain",107,1
"4122","01_9581_0107_01",1,9581,"ref_strain",107,1
"4123","01_9583_0107_01",1,9583,"ref_strain",107,1
"4124","01_9621_0107_01",1,9621,"ref_strain",107,1
"4125","01_9820_0107_01",1,9820,"ref_strain",107,1
"4126","01_9964_0107_01",1,9964,"ref_strain",107,1
"4127","01_10200_0107_01",1,10200,"ref_strain",107,1
"4128","01_10240_0107_01",1,10240,"ref_strain",107,1
"4129","01_10286_0107_01",1,10286,"ref_strain",107,1
"4130","01_10318_0107_01",1,10318,"ref_strain",107,1
"4131","01_10461_0107_01",1,10461,"ref_strain",107,1
"4132","01_10473_0107_01",1,10473,"ref_strain",107,1
"4133","01_10566_0107_01",1,10566,"ref_strain",107,1
"4134","01_10676_0107_01",1,10676,"ref_strain",107,1
"4135","01_10730_0107_01",1,10730,"ref_strain",107,1
"4136","01_10864_0107_01",1,10864,"ref_strain",107,1
"4137","01_11051_0107_01",1,11051,"ref_strain",107,1
"4138","01_11118_0107_01",1,11118,"ref_strain",107,1
"4139","01_11164_0107_01",1,11164,"ref_strain",107,1
"4140","01_11452_0107_01",1,11452,"ref_strain",107,1
"4141","01_11485_0107_01",1,11485,"ref_strain",107,1
"4142","01_11584_0107_01",1,11584,"ref_strain",107,1
"4143","01_11612_0107_01",1,11612,"ref_strain",107,1
"4144","01_11643_0107_01",1,11643,"ref_strain",107,1
"4145","01_11744_0107_01",1,11744,"ref_strain",107,1
"4146","01_11826_0107_01",1,11826,"ref_strain",107,1
"4147","01_11860_0107_01",1,11860,"ref_strain",107,1
"4148","01_11991_0107_01",1,11991,"ref_strain",107,1
"4149","01_12021_0107_01",1,12021,"ref_strain",107,1
"4150","01_12072_0107_01",1,12072,"ref_strain",107,1
"4151","01_12199_0107_01",1,12199,"ref_strain",107,1
"4152","01_12210_0107_01",1,12210,"ref_strain",107,1
"4153","01_12230_0107_01",1,12230,"ref_strain",107,1
"4154","01_12422_0107_01",1,12422,"ref_strain",107,1
"4155","01_12438_0107_01",1,12438,"ref_strain",107,1
"4156","01_12601_0107_01",1,12601,"ref_strain",107,1
"4157","01_12631_0107_01",1,12631,"ref_strain",107,1
"4158","01_12647_0107_01",1,12647,"ref_strain",107,1
"4159","01_12757_0107_01",1,12757,"ref_strain",107,1
"4160","01_12852_0107_01",1,12852,"ref_strain",107,1
"4161","01_12939_0107_01",1,12939,"ref_strain",107,1
"4162","01_12966_0107_01",1,12966,"ref_strain",107,1
"4163","01_13036_0107_01",1,13036,"ref_strain",107,1
"4164","01_13151_0107_01",1,13151,"ref_strain",107,1
"4165","01_13176_0107_01",1,13176,"ref_strain",107,1
"4166","01_13199_0107_01",1,13199,"ref_strain",107,1
"4167","01_13287_0107_01",1,13287,"ref_strain",107,1
"4168","01_13293_0107_01",1,13293,"ref_strain",107,1
"4169","01_13331_0107_01",1,13331,"ref_strain",107,1
"4170","01_13359_0107_01",1,13359,"ref_strain",107,1
"4171","01_13381_0107_01",1,13381,"ref_strain",107,1
"4172","01_13398_0107_01",1,13398,"ref_strain",107,1
"4173","01_13508_0107_01",1,13508,"ref_strain",107,1
"4174","01_13541_0107_01",1,13541,"ref_strain",107,1
"4175","01_13584_0107_01",1,13584,"ref_strain",107,1
"4176","01_13629_0107_01",1,13629,"ref_strain",107,1
"4177","01_13690_0107_01",1,13690,"ref_strain",107,1
"4178","01_13822_0107_01",1,13822,"ref_strain",107,1
"4179","01_13861_0107_01",1,13861,"ref_strain",107,1
"4180","01_14463_0107_01",1,14463,"ref_strain",107,1
"4181","01_0185_0108_01",1,185,"ref_strain",108,1
"4182","01_0354_0108_01",1,354,"ref_strain",108,1
"4183","01_0400_0108_01",1,400,"ref_strain",108,1
"4184","01_0501_0108_01",1,501,"ref_strain",108,1
"4185","01_0561_0108_01",1,561,"ref_strain",108,1
"4186","01_0595_0108_01",1,595,"ref_strain",108,1
"4187","01_0608_0108_01",1,608,"ref_strain",108,1
"4188","01_0617_0108_01",1,617,"ref_strain",108,1
"4189","01_0742_0108_01",1,742,"ref_strain",108,1
"4190","01_0817_0108_01",1,817,"ref_strain",108,1
"4191","01_0950_0108_01",1,950,"ref_strain",108,1
"4192","01_1076_0108_01",1,1076,"ref_strain",108,1
"4193","01_1126_0108_01",1,1126,"ref_strain",108,1
"4194","01_1201_0108_01",1,1201,"ref_strain",108,1
"4195","01_1275_0108_01",1,1275,"ref_strain",108,1
"4196","01_1310_0108_01",1,1310,"ref_strain",108,1
"4197","01_1401_0108_01",1,1401,"ref_strain",108,1
"4198","01_1554_0108_01",1,1554,"ref_strain",108,1
"4199","01_1731_0108_01",1,1731,"ref_strain",108,1
"4200","01_1790_0108_01",1,1790,"ref_strain",108,1
"4201","01_1975_0108_01",1,1975,"ref_strain",108,1
"4202","01_2179_0108_01",1,2179,"ref_strain",108,1
"4203","01_2351_0108_01",1,2351,"ref_strain",108,1
"4204","01_2387_0108_01",1,2387,"ref_strain",108,1
"4205","01_2678_0108_01",1,2678,"ref_strain",108,1
"4206","01_2701_0108_01",1,2701,"ref_strain",108,1
"4207","01_2783_0108_01",1,2783,"ref_strain",108,1
"4208","01_2876_0108_01",1,2876,"ref_strain",108,1
"4209","01_2906_0108_01",1,2906,"ref_strain",108,1
"4210","01_2964_0108_01",1,2964,"ref_strain",108,1
"4211","01_3213_0108_01",1,3213,"ref_strain",108,1
"4212","01_3372_0108_01",1,3372,"ref_strain",108,1
"4213","01_3523_0108_01",1,3523,"ref_strain",108,1
"4214","01_3845_0108_01",1,3845,"ref_strain",108,1
"4215","01_3922_0108_01",1,3922,"ref_strain",108,1
"4216","01_3977_0108_01",1,3977,"ref_strain",108,1
"4217","01_4088_0108_01",1,4088,"ref_strain",108,1
"4218","01_4140_0108_01",1,4140,"ref_strain",108,1
"4219","01_4197_0108_01",1,4197,"ref_strain",108,1
"4220","01_4201_0108_01",1,4201,"ref_strain",108,1
"4221","01_4233_0108_01",1,4233,"ref_strain",108,1
"4222","01_4234_0108_01",1,4234,"ref_strain",108,1
"4223","01_4257_0108_01",1,4257,"ref_strain",108,1
"4224","01_4562_0108_01",1,4562,"ref_strain",108,1
"4225","01_4599_0108_01",1,4599,"ref_strain",108,1
"4226","01_4749_0108_01",1,4749,"ref_strain",108,1
"4227","01_4810_0108_01",1,4810,"ref_strain",108,1
"4228","01_4830_0108_01",1,4830,"ref_strain",108,1
"4229","01_4831_0108_01",1,4831,"ref_strain",108,1
"4230","01_4932_0108_01",1,4932,"ref_strain",108,1
"4231","01_5093_0108_01",1,5093,"ref_strain",108,1
"4232","01_5447_0108_01",1,5447,"ref_strain",108,1
"4233","01_5452_0108_01",1,5452,"ref_strain",108,1
"4234","01_5454_0108_01",1,5454,"ref_strain",108,1
"4235","01_5551_0108_01",1,5551,"ref_strain",108,1
"4236","01_5566_0108_01",1,5566,"ref_strain",108,1
"4237","01_5717_0108_01",1,5717,"ref_strain",108,1
"4238","01_5758_0108_01",1,5758,"ref_strain",108,1
"4239","01_5868_0108_01",1,5868,"ref_strain",108,1
"4240","01_6030_0108_01",1,6030,"ref_strain",108,1
"4241","01_6178_0108_01",1,6178,"ref_strain",108,1
"4242","01_6426_0108_01",1,6426,"ref_strain",108,1
"4243","01_6487_0108_01",1,6487,"ref_strain",108,1
"4244","01_6556_0108_01",1,6556,"ref_strain",108,1
"4245","01_6562_0108_01",1,6562,"ref_strain",108,1
"4246","01_6640_0108_01",1,6640,"ref_strain",108,1
"4247","01_6970_0108_01",1,6970,"ref_strain",108,1
"4248","01_7151_0108_01",1,7151,"ref_strain",108,1
"4249","01_7369_0108_01",1,7369,"ref_strain",108,1
"4250","01_7442_0108_01",1,7442,"ref_strain",108,1
"4251","01_7522_0108_01",1,7522,"ref_strain",108,1
"4252","01_7694_0108_01",1,7694,"ref_strain",108,1
"4253","01_7866_0108_01",1,7866,"ref_strain",108,1
"4254","01_7918_0108_01",1,7918,"ref_strain",108,1
"4255","01_7920_0108_01",1,7920,"ref_strain",108,1
"4256","01_7989_0108_01",1,7989,"ref_strain",108,1
"4257","01_8089_0108_01",1,8089,"ref_strain",108,1
"4258","01_8187_0108_01",1,8187,"ref_strain",108,1
"4259","01_8292_0108_01",1,8292,"ref_strain",108,1
"4260","01_8329_0108_01",1,8329,"ref_strain",108,1
"4261","01_8407_0108_01",1,8407,"ref_strain",108,1
"4262","01_8454_0108_01",1,8454,"ref_strain",108,1
"4263","01_8475_0108_01",1,8475,"ref_strain",108,1
"4264","01_8489_0108_01",1,8489,"ref_strain",108,1
"4265","01_8805_0108_01",1,8805,"ref_strain",108,1
"4266","01_9030_0108_01",1,9030,"ref_strain",108,1
"4267","01_9128_0108_01",1,9128,"ref_strain",108,1
"4268","01_9153_0108_01",1,9153,"ref_strain",108,1
"4269","01_9178_0108_01",1,9178,"ref_strain",108,1
"4270","01_9189_0108_01",1,9189,"ref_strain",108,1
"4271","01_9208_0108_01",1,9208,"ref_strain",108,1
"4272","01_9242_0108_01",1,9242,"ref_strain",108,1
"4273","01_9246_0108_01",1,9246,"ref_strain",108,1
"4274","01_9326_0108_01",1,9326,"ref_strain",108,1
"4275","01_9335_0108_01",1,9335,"ref_strain",108,1
"4276","01_9374_0108_01",1,9374,"ref_strain",108,1
"4277","01_9445_0108_01",1,9445,"ref_strain",108,1
"4278","01_9805_0108_01",1,9805,"ref_strain",108,1
"4279","01_9881_0108_01",1,9881,"ref_strain",108,1
"4280","01_9947_0108_01",1,9947,"ref_strain",108,1
"4281","01_10043_0108_01",1,10043,"ref_strain",108,1
"4282","01_10128_0108_01",1,10128,"ref_strain",108,1
"4283","01_10143_0108_01",1,10143,"ref_strain",108,1
"4284","01_10190_0108_01",1,10190,"ref_strain",108,1
"4285","01_10251_0108_01",1,10251,"ref_strain",108,1
"4286","01_10292_0108_01",1,10292,"ref_strain",108,1
"4287","01_10535_0108_01",1,10535,"ref_strain",108,1
"4288","01_10598_0108_01",1,10598,"ref_strain",108,1
"4289","01_10640_0108_01",1,10640,"ref_strain",108,1
"4290","01_10668_0108_01",1,10668,"ref_strain",108,1
"4291","01_10729_0108_01",1,10729,"ref_strain",108,1
"4292","01_10745_0108_01",1,10745,"ref_strain",108,1
"4293","01_10763_0108_01",1,10763,"ref_strain",108,1
"4294","01_10771_0108_01",1,10771,"ref_strain",108,1
"4295","01_10829_0108_01",1,10829,"ref_strain",108,1
"4296","01_11006_0108_01",1,11006,"ref_strain",108,1
"4297","01_11010_0108_01",1,11010,"ref_strain",108,1
"4298","01_11016_0108_01",1,11016,"ref_strain",108,1
"4299","01_11035_0108_01",1,11035,"ref_strain",108,1
"4300","01_11125_0108_01",1,11125,"ref_strain",108,1
"4301","01_11227_0108_01",1,11227,"ref_strain",108,1
"4302","01_11472_0108_01",1,11472,"ref_strain",108,1
"4303","01_11482_0108_01",1,11482,"ref_strain",108,1
"4304","01_11561_0108_01",1,11561,"ref_strain",108,1
"4305","01_11774_0108_01",1,11774,"ref_strain",108,1
"4306","01_11895_0108_01",1,11895,"ref_strain",108,1
"4307","01_11919_0108_01",1,11919,"ref_strain",108,1
"4308","01_12020_0108_01",1,12020,"ref_strain",108,1
"4309","01_12063_0108_01",1,12063,"ref_strain",108,1
"4310","01_12371_0108_01",1,12371,"ref_strain",108,1
"4311","01_12431_0108_01",1,12431,"ref_strain",108,1
"4312","01_12449_0108_01",1,12449,"ref_strain",108,1
"4313","01_12509_0108_01",1,12509,"ref_strain",108,1
"4314","01_12810_0108_01",1,12810,"ref_strain",108,1
"4315","01_12893_0108_01",1,12893,"ref_strain",108,1
"4316","01_13409_0108_01",1,13409,"ref_strain",108,1
"4317","01_13414_0108_01",1,13414,"ref_strain",108,1
"4318","01_13420_0108_01",1,13420,"ref_strain",108,1
"4319","01_13499_0108_01",1,13499,"ref_strain",108,1
"4320","01_13566_0108_01",1,13566,"ref_strain",108,1
"4321","01_13628_0108_01",1,13628,"ref_strain",108,1
"4322","01_13698_0108_01",1,13698,"ref_strain",108,1
"4323","01_13833_0108_01",1,13833,"ref_strain",108,1
"4324","01_13900_0108_01",1,13900,"ref_strain",108,1
"4325","01_13949_0108_01",1,13949,"ref_strain",108,1
"4326","01_14033_0108_01",1,14033,"ref_strain",108,1
"4327","01_14279_0108_01",1,14279,"ref_strain",108,1
"4328","01_14369_0108_01",1,14369,"ref_strain",108,1
"4329","01_14413_0108_01",1,14413,"ref_strain",108,1
"4330","01_14440_0108_01",1,14440,"ref_strain",108,1
"4331","01_14444_0108_01",1,14444,"ref_strain",108,1
"4332","01_0013_0109_01",1,13,"ref_strain",109,1
"4333","01_0151_0109_01",1,151,"ref_strain",109,1
"4334","01_0234_0109_01",1,234,"ref_strain",109,1
"4335","01_0265_0109_01",1,265,"ref_strain",109,1
"4336","01_0300_0109_01",1,300,"ref_strain",109,1
"4337","01_0548_0109_01",1,548,"ref_strain",109,1
"4338","01_0562_0109_01",1,562,"ref_strain",109,1
"4339","01_0752_0109_01",1,752,"ref_strain",109,1
"4340","01_0937_0109_01",1,937,"ref_strain",109,1
"4341","01_1271_0109_01",1,1271,"ref_strain",109,1
"4342","01_1379_0109_01",1,1379,"ref_strain",109,1
"4343","01_1598_0109_01",1,1598,"ref_strain",109,1
"4344","01_1603_0109_01",1,1603,"ref_strain",109,1
"4345","01_1659_0109_01",1,1659,"ref_strain",109,1
"4346","01_1688_0109_01",1,1688,"ref_strain",109,1
"4347","01_1750_0109_01",1,1750,"ref_strain",109,1
"4348","01_1773_0109_01",1,1773,"ref_strain",109,1
"4349","01_1845_0109_01",1,1845,"ref_strain",109,1
"4350","01_2367_0109_01",1,2367,"ref_strain",109,1
"4351","01_2450_0109_01",1,2450,"ref_strain",109,1
"4352","01_2828_0109_01",1,2828,"ref_strain",109,1
"4353","01_3037_0109_01",1,3037,"ref_strain",109,1
"4354","01_3354_0109_01",1,3354,"ref_strain",109,1
"4355","01_3408_0109_01",1,3408,"ref_strain",109,1
"4356","01_3483_0109_01",1,3483,"ref_strain",109,1
"4357","01_3551_0109_01",1,3551,"ref_strain",109,1
"4358","01_3600_0109_01",1,3600,"ref_strain",109,1
"4359","01_3780_0109_01",1,3780,"ref_strain",109,1
"4360","01_3817_0109_01",1,3817,"ref_strain",109,1
"4361","01_3839_0109_01",1,3839,"ref_strain",109,1
"4362","01_3963_0109_01",1,3963,"ref_strain",109,1
"4363","01_4009_0109_01",1,4009,"ref_strain",109,1
"4364","01_4019_0109_01",1,4019,"ref_strain",109,1
"4365","01_4029_0109_01",1,4029,"ref_strain",109,1
"4366","01_4034_0109_01",1,4034,"ref_strain",109,1
"4367","01_4093_0109_01",1,4093,"ref_strain",109,1
"4368","01_4175_0109_01",1,4175,"ref_strain",109,1
"4369","01_4226_0109_01",1,4226,"ref_strain",109,1
"4370","01_4232_0109_01",1,4232,"ref_strain",109,1
"4371","01_4334_0109_01",1,4334,"ref_strain",109,1
"4372","01_4385_0109_01",1,4385,"ref_strain",109,1
"4373","01_4418_0109_01",1,4418,"ref_strain",109,1
"4374","01_4430_0109_01",1,4430,"ref_strain",109,1
"4375","01_4563_0109_01",1,4563,"ref_strain",109,1
"4376","01_4579_0109_01",1,4579,"ref_strain",109,1
"4377","01_4598_0109_01",1,4598,"ref_strain",109,1
"4378","01_4707_0109_01",1,4707,"ref_strain",109,1
"4379","01_4754_0109_01",1,4754,"ref_strain",109,1
"4380","01_5061_0109_01",1,5061,"ref_strain",109,1
"4381","01_5380_0109_01",1,5380,"ref_strain",109,1
"4382","01_6114_0109_01",1,6114,"ref_strain",109,1
"4383","01_6154_0109_01",1,6154,"ref_strain",109,1
"4384","01_6162_0109_01",1,6162,"ref_strain",109,1
"4385","01_6233_0109_01",1,6233,"ref_strain",109,1
"4386","01_6482_0109_01",1,6482,"ref_strain",109,1
"4387","01_6503_0109_01",1,6503,"ref_strain",109,1
"4388","01_6667_0109_01",1,6667,"ref_strain",109,1
"4389","01_6819_0109_01",1,6819,"ref_strain",109,1
"4390","01_6901_0109_01",1,6901,"ref_strain",109,1
"4391","01_7052_0109_01",1,7052,"ref_strain",109,1
"4392","01_7240_0109_01",1,7240,"ref_strain",109,1
"4393","01_7279_0109_01",1,7279,"ref_strain",109,1
"4394","01_7301_0109_01",1,7301,"ref_strain",109,1
"4395","01_7396_0109_01",1,7396,"ref_strain",109,1
"4396","01_7451_0109_01",1,7451,"ref_strain",109,1
"4397","01_7494_0109_01",1,7494,"ref_strain",109,1
"4398","01_7589_0109_01",1,7589,"ref_strain",109,1
"4399","01_7643_0109_01",1,7643,"ref_strain",109,1
"4400","01_7654_0109_01",1,7654,"ref_strain",109,1
"4401","01_7730_0109_01",1,7730,"ref_strain",109,1
"4402","01_7784_0109_01",1,7784,"ref_strain",109,1
"4403","01_7864_0109_01",1,7864,"ref_strain",109,1
"4404","01_7966_0109_01",1,7966,"ref_strain",109,1
"4405","01_8229_0109_01",1,8229,"ref_strain",109,1
"4406","01_8367_0109_01",1,8367,"ref_strain",109,1
"4407","01_8429_0109_01",1,8429,"ref_strain",109,1
"4408","01_8431_0109_01",1,8431,"ref_strain",109,1
"4409","01_8477_0109_01",1,8477,"ref_strain",109,1
"4410","01_8599_0109_01",1,8599,"ref_strain",109,1
"4411","01_8756_0109_01",1,8756,"ref_strain",109,1
"4412","01_8832_0109_01",1,8832,"ref_strain",109,1
"4413","01_9070_0109_01",1,9070,"ref_strain",109,1
"4414","01_9150_0109_01",1,9150,"ref_strain",109,1
"4415","01_9350_0109_01",1,9350,"ref_strain",109,1
"4416","01_9362_0109_01",1,9362,"ref_strain",109,1
"4417","01_9368_0109_01",1,9368,"ref_strain",109,1
"4418","01_9411_0109_01",1,9411,"ref_strain",109,1
"4419","01_9434_0109_01",1,9434,"ref_strain",109,1
"4420","01_9448_0109_01",1,9448,"ref_strain",109,1
"4421","01_9458_0109_01",1,9458,"ref_strain",109,1
"4422","01_9497_0109_01",1,9497,"ref_strain",109,1
"4423","01_9510_0109_01",1,9510,"ref_strain",109,1
"4424","01_9572_0109_01",1,9572,"ref_strain",109,1
"4425","01_9666_0109_01",1,9666,"ref_strain",109,1
"4426","01_9907_0109_01",1,9907,"ref_strain",109,1
"4427","01_9971_0109_01",1,9971,"ref_strain",109,1
"4428","01_10064_0109_01",1,10064,"ref_strain",109,1
"4429","01_10093_0109_01",1,10093,"ref_strain",109,1
"4430","01_10136_0109_01",1,10136,"ref_strain",109,1
"4431","01_10331_0109_01",1,10331,"ref_strain",109,1
"4432","01_10375_0109_01",1,10375,"ref_strain",109,1
"4433","01_10479_0109_01",1,10479,"ref_strain",109,1
"4434","01_10488_0109_01",1,10488,"ref_strain",109,1
"4435","01_10565_0109_01",1,10565,"ref_strain",109,1
"4436","01_10797_0109_01",1,10797,"ref_strain",109,1
"4437","01_10977_0109_01",1,10977,"ref_strain",109,1
"4438","01_10992_0109_01",1,10992,"ref_strain",109,1
"4439","01_11153_0109_01",1,11153,"ref_strain",109,1
"4440","01_11447_0109_01",1,11447,"ref_strain",109,1
"4441","01_11610_0109_01",1,11610,"ref_strain",109,1
"4442","01_11662_0109_01",1,11662,"ref_strain",109,1
"4443","01_11754_0109_01",1,11754,"ref_strain",109,1
"4444","01_11757_0109_01",1,11757,"ref_strain",109,1
"4445","01_11770_0109_01",1,11770,"ref_strain",109,1
"4446","01_11957_0109_01",1,11957,"ref_strain",109,1
"4447","01_11987_0109_01",1,11987,"ref_strain",109,1
"4448","01_12042_0109_01",1,12042,"ref_strain",109,1
"4449","01_12194_0109_01",1,12194,"ref_strain",109,1
"4450","01_12319_0109_01",1,12319,"ref_strain",109,1
"4451","01_12408_0109_01",1,12408,"ref_strain",109,1
"4452","01_12633_0109_01",1,12633,"ref_strain",109,1
"4453","01_12673_0109_01",1,12673,"ref_strain",109,1
"4454","01_12729_0109_01",1,12729,"ref_strain",109,1
"4455","01_12912_0109_01",1,12912,"ref_strain",109,1
"4456","01_12942_0109_01",1,12942,"ref_strain",109,1
"4457","01_12984_0109_01",1,12984,"ref_strain",109,1
"4458","01_13222_0109_01",1,13222,"ref_strain",109,1
"4459","01_13522_0109_01",1,13522,"ref_strain",109,1
"4460","01_13540_0109_01",1,13540,"ref_strain",109,1
"4461","01_13638_0109_01",1,13638,"ref_strain",109,1
"4462","01_13642_0109_01",1,13642,"ref_strain",109,1
"4463","01_13694_0109_01",1,13694,"ref_strain",109,1
"4464","01_13749_0109_01",1,13749,"ref_strain",109,1
"4465","01_13792_0109_01",1,13792,"ref_strain",109,1
"4466","01_13866_0109_01",1,13866,"ref_strain",109,1
"4467","01_14063_0109_01",1,14063,"ref_strain",109,1
"4468","01_14372_0109_01",1,14372,"ref_strain",109,1
"4469","01_0038_0110_01",1,38,"ref_strain",110,1
"4470","01_0047_0110_01",1,47,"ref_strain",110,1
"4471","01_0135_0110_01",1,135,"ref_strain",110,1
"4472","01_0153_0110_01",1,153,"ref_strain",110,1
"4473","01_0198_0110_01",1,198,"ref_strain",110,1
"4474","01_0218_0110_01",1,218,"ref_strain",110,1
"4475","01_0290_0110_01",1,290,"ref_strain",110,1
"4476","01_0427_0110_01",1,427,"ref_strain",110,1
"4477","01_0449_0110_01",1,449,"ref_strain",110,1
"4478","01_0456_0110_01",1,456,"ref_strain",110,1
"4479","01_0469_0110_01",1,469,"ref_strain",110,1
"4480","01_0476_0110_01",1,476,"ref_strain",110,1
"4481","01_0637_0110_01",1,637,"ref_strain",110,1
"4482","01_0650_0110_01",1,650,"ref_strain",110,1
"4483","01_0765_0110_01",1,765,"ref_strain",110,1
"4484","01_0884_0110_01",1,884,"ref_strain",110,1
"4485","01_1036_0110_01",1,1036,"ref_strain",110,1
"4486","01_1192_0110_01",1,1192,"ref_strain",110,1
"4487","01_1238_0110_01",1,1238,"ref_strain",110,1
"4488","01_1261_0110_01",1,1261,"ref_strain",110,1
"4489","01_1414_0110_01",1,1414,"ref_strain",110,1
"4490","01_1443_0110_01",1,1443,"ref_strain",110,1
"4491","01_1630_0110_01",1,1630,"ref_strain",110,1
"4492","01_1744_0110_01",1,1744,"ref_strain",110,1
"4493","01_1803_0110_01",1,1803,"ref_strain",110,1
"4494","01_1915_0110_01",1,1915,"ref_strain",110,1
"4495","01_2000_0110_01",1,2000,"ref_strain",110,1
"4496","01_2116_0110_01",1,2116,"ref_strain",110,1
"4497","01_2297_0110_01",1,2297,"ref_strain",110,1
"4498","01_2579_0110_01",1,2579,"ref_strain",110,1
"4499","01_2602_0110_01",1,2602,"ref_strain",110,1
"4500","01_2668_0110_01",1,2668,"ref_strain",110,1
"4501","01_2754_0110_01",1,2754,"ref_strain",110,1
"4502","01_2974_0110_01",1,2974,"ref_strain",110,1
"4503","01_3180_0110_01",1,3180,"ref_strain",110,1
"4504","01_3273_0110_01",1,3273,"ref_strain",110,1
"4505","01_3291_0110_01",1,3291,"ref_strain",110,1
"4506","01_3967_0110_01",1,3967,"ref_strain",110,1
"4507","01_3996_0110_01",1,3996,"ref_strain",110,1
"4508","01_4077_0110_01",1,4077,"ref_strain",110,1
"4509","01_4115_0110_01",1,4115,"ref_strain",110,1
"4510","01_4119_0110_01",1,4119,"ref_strain",110,1
"4511","01_4324_0110_01",1,4324,"ref_strain",110,1
"4512","01_4752_0110_01",1,4752,"ref_strain",110,1
"4513","01_4884_0110_01",1,4884,"ref_strain",110,1
"4514","01_4919_0110_01",1,4919,"ref_strain",110,1
"4515","01_5162_0110_01",1,5162,"ref_strain",110,1
"4516","01_5169_0110_01",1,5169,"ref_strain",110,1
"4517","01_5223_0110_01",1,5223,"ref_strain",110,1
"4518","01_5235_0110_01",1,5235,"ref_strain",110,1
"4519","01_5250_0110_01",1,5250,"ref_strain",110,1
"4520","01_5681_0110_01",1,5681,"ref_strain",110,1
"4521","01_5810_0110_01",1,5810,"ref_strain",110,1
"4522","01_5848_0110_01",1,5848,"ref_strain",110,1
"4523","01_5872_0110_01",1,5872,"ref_strain",110,1
"4524","01_5977_0110_01",1,5977,"ref_strain",110,1
"4525","01_6195_0110_01",1,6195,"ref_strain",110,1
"4526","01_6221_0110_01",1,6221,"ref_strain",110,1
"4527","01_6314_0110_01",1,6314,"ref_strain",110,1
"4528","01_6408_0110_01",1,6408,"ref_strain",110,1
"4529","01_6413_0110_01",1,6413,"ref_strain",110,1
"4530","01_6630_0110_01",1,6630,"ref_strain",110,1
"4531","01_6713_0110_01",1,6713,"ref_strain",110,1
"4532","01_6719_0110_01",1,6719,"ref_strain",110,1
"4533","01_6734_0110_01",1,6734,"ref_strain",110,1
"4534","01_7002_0110_01",1,7002,"ref_strain",110,1
"4535","01_7048_0110_01",1,7048,"ref_strain",110,1
"4536","01_7074_0110_01",1,7074,"ref_strain",110,1
"4537","01_7304_0110_01",1,7304,"ref_strain",110,1
"4538","01_7602_0110_01",1,7602,"ref_strain",110,1
"4539","01_7613_0110_01",1,7613,"ref_strain",110,1
"4540","01_7669_0110_01",1,7669,"ref_strain",110,1
"4541","01_7708_0110_01",1,7708,"ref_strain",110,1
"4542","01_7826_0110_01",1,7826,"ref_strain",110,1
"4543","01_7928_0110_01",1,7928,"ref_strain",110,1
"4544","01_7955_0110_01",1,7955,"ref_strain",110,1
"4545","01_8015_0110_01",1,8015,"ref_strain",110,1
"4546","01_8033_0110_01",1,8033,"ref_strain",110,1
"4547","01_8057_0110_01",1,8057,"ref_strain",110,1
"4548","01_8084_0110_01",1,8084,"ref_strain",110,1
"4549","01_8381_0110_01",1,8381,"ref_strain",110,1
"4550","01_8432_0110_01",1,8432,"ref_strain",110,1
"4551","01_8455_0110_01",1,8455,"ref_strain",110,1
"4552","01_8503_0110_01",1,8503,"ref_strain",110,1
"4553","01_8563_0110_01",1,8563,"ref_strain",110,1
"4554","01_8583_0110_01",1,8583,"ref_strain",110,1
"4555","01_8654_0110_01",1,8654,"ref_strain",110,1
"4556","01_8659_0110_01",1,8659,"ref_strain",110,1
"4557","01_8724_0110_01",1,8724,"ref_strain",110,1
"4558","01_8773_0110_01",1,8773,"ref_strain",110,1
"4559","01_8810_0110_01",1,8810,"ref_strain",110,1
"4560","01_9063_0110_01",1,9063,"ref_strain",110,1
"4561","01_9426_0110_01",1,9426,"ref_strain",110,1
"4562","01_9447_0110_01",1,9447,"ref_strain",110,1
"4563","01_9528_0110_01",1,9528,"ref_strain",110,1
"4564","01_9663_0110_01",1,9663,"ref_strain",110,1
"4565","01_9756_0110_01",1,9756,"ref_strain",110,1
"4566","01_10016_0110_01",1,10016,"ref_strain",110,1
"4567","01_10044_0110_01",1,10044,"ref_strain",110,1
"4568","01_10069_0110_01",1,10069,"ref_strain",110,1
"4569","01_10131_0110_01",1,10131,"ref_strain",110,1
"4570","01_10201_0110_01",1,10201,"ref_strain",110,1
"4571","01_10225_0110_01",1,10225,"ref_strain",110,1
"4572","01_10421_0110_01",1,10421,"ref_strain",110,1
"4573","01_10458_0110_01",1,10458,"ref_strain",110,1
"4574","01_10758_0110_01",1,10758,"ref_strain",110,1
"4575","01_11108_0110_01",1,11108,"ref_strain",110,1
"4576","01_11207_0110_01",1,11207,"ref_strain",110,1
"4577","01_11461_0110_01",1,11461,"ref_strain",110,1
"4578","01_11515_0110_01",1,11515,"ref_strain",110,1
"4579","01_11588_0110_01",1,11588,"ref_strain",110,1
"4580","01_11691_0110_01",1,11691,"ref_strain",110,1
"4581","01_11767_0110_01",1,11767,"ref_strain",110,1
"4582","01_11873_0110_01",1,11873,"ref_strain",110,1
"4583","01_11973_0110_01",1,11973,"ref_strain",110,1
"4584","01_12027_0110_01",1,12027,"ref_strain",110,1
"4585","01_12177_0110_01",1,12177,"ref_strain",110,1
"4586","01_12264_0110_01",1,12264,"ref_strain",110,1
"4587","01_12796_0110_01",1,12796,"ref_strain",110,1
"4588","01_12833_0110_01",1,12833,"ref_strain",110,1
"4589","01_12976_0110_01",1,12976,"ref_strain",110,1
"4590","01_13073_0110_01",1,13073,"ref_strain",110,1
"4591","01_13102_0110_01",1,13102,"ref_strain",110,1
"4592","01_13131_0110_01",1,13131,"ref_strain",110,1
"4593","01_13150_0110_01",1,13150,"ref_strain",110,1
"4594","01_13317_0110_01",1,13317,"ref_strain",110,1
"4595","01_13486_0110_01",1,13486,"ref_strain",110,1
"4596","01_13712_0110_01",1,13712,"ref_strain",110,1
"4597","01_13744_0110_01",1,13744,"ref_strain",110,1
"4598","01_13746_0110_01",1,13746,"ref_strain",110,1
"4599","01_13865_0110_01",1,13865,"ref_strain",110,1
"4600","01_13923_0110_01",1,13923,"ref_strain",110,1
"4601","01_14069_0110_01",1,14069,"ref_strain",110,1
"4602","01_14087_0110_01",1,14087,"ref_strain",110,1
"4603","01_14136_0110_01",1,14136,"ref_strain",110,1
"4604","01_14248_0110_01",1,14248,"ref_strain",110,1
"4605","01_14501_0110_01",1,14501,"ref_strain",110,1
"4606","01_0144_0111_01",1,144,"ref_strain",111,1
"4607","01_0189_0111_01",1,189,"ref_strain",111,1
"4608","01_0220_0111_01",1,220,"ref_strain",111,1
"4609","01_0398_0111_01",1,398,"ref_strain",111,1
"4610","01_0500_0111_01",1,500,"ref_strain",111,1
"4611","01_0787_0111_01",1,787,"ref_strain",111,1
"4612","01_0983_0111_01",1,983,"ref_strain",111,1
"4613","01_1010_0111_01",1,1010,"ref_strain",111,1
"4614","01_1033_0111_01",1,1033,"ref_strain",111,1
"4615","01_1077_0111_01",1,1077,"ref_strain",111,1
"4616","01_1082_0111_01",1,1082,"ref_strain",111,1
"4617","01_1425_0111_01",1,1425,"ref_strain",111,1
"4618","01_1501_0111_01",1,1501,"ref_strain",111,1
"4619","01_1628_0111_01",1,1628,"ref_strain",111,1
"4620","01_1671_0111_01",1,1671,"ref_strain",111,1
"4621","01_1679_0111_01",1,1679,"ref_strain",111,1
"4622","01_1705_0111_01",1,1705,"ref_strain",111,1
"4623","01_1730_0111_01",1,1730,"ref_strain",111,1
"4624","01_1970_0111_01",1,1970,"ref_strain",111,1
"4625","01_2091_0111_01",1,2091,"ref_strain",111,1
"4626","01_2184_0111_01",1,2184,"ref_strain",111,1
"4627","01_2225_0111_01",1,2225,"ref_strain",111,1
"4628","01_2240_0111_01",1,2240,"ref_strain",111,1
"4629","01_2291_0111_01",1,2291,"ref_strain",111,1
"4630","01_2417_0111_01",1,2417,"ref_strain",111,1
"4631","01_2841_0111_01",1,2841,"ref_strain",111,1
"4632","01_2957_0111_01",1,2957,"ref_strain",111,1
"4633","01_2994_0111_01",1,2994,"ref_strain",111,1
"4634","01_3164_0111_01",1,3164,"ref_strain",111,1
"4635","01_3208_0111_01",1,3208,"ref_strain",111,1
"4636","01_3271_0111_01",1,3271,"ref_strain",111,1
"4637","01_3349_0111_01",1,3349,"ref_strain",111,1
"4638","01_3365_0111_01",1,3365,"ref_strain",111,1
"4639","01_3394_0111_01",1,3394,"ref_strain",111,1
"4640","01_3645_0111_01",1,3645,"ref_strain",111,1
"4641","01_3786_0111_01",1,3786,"ref_strain",111,1
"4642","01_3837_0111_01",1,3837,"ref_strain",111,1
"4643","01_4108_0111_01",1,4108,"ref_strain",111,1
"4644","01_4125_0111_01",1,4125,"ref_strain",111,1
"4645","01_4217_0111_01",1,4217,"ref_strain",111,1
"4646","01_4224_0111_01",1,4224,"ref_strain",111,1
"4647","01_4255_0111_01",1,4255,"ref_strain",111,1
"4648","01_4337_0111_01",1,4337,"ref_strain",111,1
"4649","01_4411_0111_01",1,4411,"ref_strain",111,1
"4650","01_4451_0111_01",1,4451,"ref_strain",111,1
"4651","01_4678_0111_01",1,4678,"ref_strain",111,1
"4652","01_4817_0111_01",1,4817,"ref_strain",111,1
"4653","01_4885_0111_01",1,4885,"ref_strain",111,1
"4654","01_5026_0111_01",1,5026,"ref_strain",111,1
"4655","01_5105_0111_01",1,5105,"ref_strain",111,1
"4656","01_5135_0111_01",1,5135,"ref_strain",111,1
"4657","01_5354_0111_01",1,5354,"ref_strain",111,1
"4658","01_5431_0111_01",1,5431,"ref_strain",111,1
"4659","01_5462_0111_01",1,5462,"ref_strain",111,1
"4660","01_5525_0111_01",1,5525,"ref_strain",111,1
"4661","01_5687_0111_01",1,5687,"ref_strain",111,1
"4662","01_5784_0111_01",1,5784,"ref_strain",111,1
"4663","01_5824_0111_01",1,5824,"ref_strain",111,1
"4664","01_5909_0111_01",1,5909,"ref_strain",111,1
"4665","01_5957_0111_01",1,5957,"ref_strain",111,1
"4666","01_6046_0111_01",1,6046,"ref_strain",111,1
"4667","01_6192_0111_01",1,6192,"ref_strain",111,1
"4668","01_6226_0111_01",1,6226,"ref_strain",111,1
"4669","01_6398_0111_01",1,6398,"ref_strain",111,1
"4670","01_6684_0111_01",1,6684,"ref_strain",111,1
"4671","01_6757_0111_01",1,6757,"ref_strain",111,1
"4672","01_6809_0111_01",1,6809,"ref_strain",111,1
"4673","01_6824_0111_01",1,6824,"ref_strain",111,1
"4674","01_6867_0111_01",1,6867,"ref_strain",111,1
"4675","01_6939_0111_01",1,6939,"ref_strain",111,1
"4676","01_6955_0111_01",1,6955,"ref_strain",111,1
"4677","01_6964_0111_01",1,6964,"ref_strain",111,1
"4678","01_7513_0111_01",1,7513,"ref_strain",111,1
"4679","01_7798_0111_01",1,7798,"ref_strain",111,1
"4680","01_7855_0111_01",1,7855,"ref_strain",111,1
"4681","01_7942_0111_01",1,7942,"ref_strain",111,1
"4682","01_8179_0111_01",1,8179,"ref_strain",111,1
"4683","01_8197_0111_01",1,8197,"ref_strain",111,1
"4684","01_8239_0111_01",1,8239,"ref_strain",111,1
"4685","01_8269_0111_01",1,8269,"ref_strain",111,1
"4686","01_8281_0111_01",1,8281,"ref_strain",111,1
"4687","01_8315_0111_01",1,8315,"ref_strain",111,1
"4688","01_8586_0111_01",1,8586,"ref_strain",111,1
"4689","01_8665_0111_01",1,8665,"ref_strain",111,1
"4690","01_8718_0111_01",1,8718,"ref_strain",111,1
"4691","01_8719_0111_01",1,8719,"ref_strain",111,1
"4692","01_8925_0111_01",1,8925,"ref_strain",111,1
"4693","01_8927_0111_01",1,8927,"ref_strain",111,1
"4694","01_8976_0111_01",1,8976,"ref_strain",111,1
"4695","01_9012_0111_01",1,9012,"ref_strain",111,1
"4696","01_9088_0111_01",1,9088,"ref_strain",111,1
"4697","01_9114_0111_01",1,9114,"ref_strain",111,1
"4698","01_9164_0111_01",1,9164,"ref_strain",111,1
"4699","01_9186_0111_01",1,9186,"ref_strain",111,1
"4700","01_9234_0111_01",1,9234,"ref_strain",111,1
"4701","01_9321_0111_01",1,9321,"ref_strain",111,1
"4702","01_9496_0111_01",1,9496,"ref_strain",111,1
"4703","01_9530_0111_01",1,9530,"ref_strain",111,1
"4704","01_9659_0111_01",1,9659,"ref_strain",111,1
"4705","01_9704_0111_01",1,9704,"ref_strain",111,1
"4706","01_9766_0111_01",1,9766,"ref_strain",111,1
"4707","01_10123_0111_01",1,10123,"ref_strain",111,1
"4708","01_10366_0111_01",1,10366,"ref_strain",111,1
"4709","01_10400_0111_01",1,10400,"ref_strain",111,1
"4710","01_10431_0111_01",1,10431,"ref_strain",111,1
"4711","01_10463_0111_01",1,10463,"ref_strain",111,1
"4712","01_10537_0111_01",1,10537,"ref_strain",111,1
"4713","01_10545_0111_01",1,10545,"ref_strain",111,1
"4714","01_10800_0111_01",1,10800,"ref_strain",111,1
"4715","01_10922_0111_01",1,10922,"ref_strain",111,1
"4716","01_10973_0111_01",1,10973,"ref_strain",111,1
"4717","01_10988_0111_01",1,10988,"ref_strain",111,1
"4718","01_11062_0111_01",1,11062,"ref_strain",111,1
"4719","01_11239_0111_01",1,11239,"ref_strain",111,1
"4720","01_11306_0111_01",1,11306,"ref_strain",111,1
"4721","01_11356_0111_01",1,11356,"ref_strain",111,1
"4722","01_11569_0111_01",1,11569,"ref_strain",111,1
"4723","01_11796_0111_01",1,11796,"ref_strain",111,1
"4724","01_11804_0111_01",1,11804,"ref_strain",111,1
"4725","01_11940_0111_01",1,11940,"ref_strain",111,1
"4726","01_12094_0111_01",1,12094,"ref_strain",111,1
"4727","01_12136_0111_01",1,12136,"ref_strain",111,1
"4728","01_12390_0111_01",1,12390,"ref_strain",111,1
"4729","01_12506_0111_01",1,12506,"ref_strain",111,1
"4730","01_12594_0111_01",1,12594,"ref_strain",111,1
"4731","01_12616_0111_01",1,12616,"ref_strain",111,1
"4732","01_12692_0111_01",1,12692,"ref_strain",111,1
"4733","01_12886_0111_01",1,12886,"ref_strain",111,1
"4734","01_13024_0111_01",1,13024,"ref_strain",111,1
"4735","01_13306_0111_01",1,13306,"ref_strain",111,1
"4736","01_13392_0111_01",1,13392,"ref_strain",111,1
"4737","01_13425_0111_01",1,13425,"ref_strain",111,1
"4738","01_13550_0111_01",1,13550,"ref_strain",111,1
"4739","01_13688_0111_01",1,13688,"ref_strain",111,1
"4740","01_13692_0111_01",1,13692,"ref_strain",111,1
"4741","01_13818_0111_01",1,13818,"ref_strain",111,1
"4742","01_14028_0111_01",1,14028,"ref_strain",111,1
"4743","01_14382_0111_01",1,14382,"ref_strain",111,1
"4744","01_14414_0111_01",1,14414,"ref_strain",111,1
"4745","01_14432_0111_01",1,14432,"ref_strain",111,1
"4746","01_0155_0112_01",1,155,"ref_strain",112,1
"4747","01_0302_0112_01",1,302,"ref_strain",112,1
"4748","01_0545_0112_01",1,545,"ref_strain",112,1
"4749","01_0783_0112_01",1,783,"ref_strain",112,1
"4750","01_0922_0112_01",1,922,"ref_strain",112,1
"4751","01_1004_0112_01",1,1004,"ref_strain",112,1
"4752","01_1276_0112_01",1,1276,"ref_strain",112,1
"4753","01_1381_0112_01",1,1381,"ref_strain",112,1
"4754","01_1461_0112_01",1,1461,"ref_strain",112,1
"4755","01_1537_0112_01",1,1537,"ref_strain",112,1
"4756","01_1540_0112_01",1,1540,"ref_strain",112,1
"4757","01_1633_0112_01",1,1633,"ref_strain",112,1
"4758","01_1905_0112_01",1,1905,"ref_strain",112,1
"4759","01_1979_0112_01",1,1979,"ref_strain",112,1
"4760","01_2020_0112_01",1,2020,"ref_strain",112,1
"4761","01_2037_0112_01",1,2037,"ref_strain",112,1
"4762","01_2090_0112_01",1,2090,"ref_strain",112,1
"4763","01_2131_0112_01",1,2131,"ref_strain",112,1
"4764","01_2217_0112_01",1,2217,"ref_strain",112,1
"4765","01_2248_0112_01",1,2248,"ref_strain",112,1
"4766","01_2256_0112_01",1,2256,"ref_strain",112,1
"4767","01_2270_0112_01",1,2270,"ref_strain",112,1
"4768","01_2353_0112_01",1,2353,"ref_strain",112,1
"4769","01_2356_0112_01",1,2356,"ref_strain",112,1
"4770","01_2390_0112_01",1,2390,"ref_strain",112,1
"4771","01_2617_0112_01",1,2617,"ref_strain",112,1
"4772","01_2918_0112_01",1,2918,"ref_strain",112,1
"4773","01_3077_0112_01",1,3077,"ref_strain",112,1
"4774","01_3163_0112_01",1,3163,"ref_strain",112,1
"4775","01_3210_0112_01",1,3210,"ref_strain",112,1
"4776","01_3211_0112_01",1,3211,"ref_strain",112,1
"4777","01_3256_0112_01",1,3256,"ref_strain",112,1
"4778","01_3331_0112_01",1,3331,"ref_strain",112,1
"4779","01_3530_0112_01",1,3530,"ref_strain",112,1
"4780","01_3700_0112_01",1,3700,"ref_strain",112,1
"4781","01_3742_0112_01",1,3742,"ref_strain",112,1
"4782","01_3989_0112_01",1,3989,"ref_strain",112,1
"4783","01_4038_0112_01",1,4038,"ref_strain",112,1
"4784","01_4305_0112_01",1,4305,"ref_strain",112,1
"4785","01_4493_0112_01",1,4493,"ref_strain",112,1
"4786","01_4498_0112_01",1,4498,"ref_strain",112,1
"4787","01_4551_0112_01",1,4551,"ref_strain",112,1
"4788","01_4611_0112_01",1,4611,"ref_strain",112,1
"4789","01_4650_0112_01",1,4650,"ref_strain",112,1
"4790","01_4680_0112_01",1,4680,"ref_strain",112,1
"4791","01_4722_0112_01",1,4722,"ref_strain",112,1
"4792","01_4879_0112_01",1,4879,"ref_strain",112,1
"4793","01_4974_0112_01",1,4974,"ref_strain",112,1
"4794","01_5300_0112_01",1,5300,"ref_strain",112,1
"4795","01_5393_0112_01",1,5393,"ref_strain",112,1
"4796","01_5483_0112_01",1,5483,"ref_strain",112,1
"4797","01_5742_0112_01",1,5742,"ref_strain",112,1
"4798","01_5761_0112_01",1,5761,"ref_strain",112,1
"4799","01_5780_0112_01",1,5780,"ref_strain",112,1
"4800","01_5791_0112_01",1,5791,"ref_strain",112,1
"4801","01_5895_0112_01",1,5895,"ref_strain",112,1
"4802","01_5911_0112_01",1,5911,"ref_strain",112,1
"4803","01_5986_0112_01",1,5986,"ref_strain",112,1
"4804","01_6204_0112_01",1,6204,"ref_strain",112,1
"4805","01_6438_0112_01",1,6438,"ref_strain",112,1
"4806","01_6584_0112_01",1,6584,"ref_strain",112,1
"4807","01_6621_0112_01",1,6621,"ref_strain",112,1
"4808","01_6636_0112_01",1,6636,"ref_strain",112,1
"4809","01_6686_0112_01",1,6686,"ref_strain",112,1
"4810","01_6711_0112_01",1,6711,"ref_strain",112,1
"4811","01_6791_0112_01",1,6791,"ref_strain",112,1
"4812","01_7023_0112_01",1,7023,"ref_strain",112,1
"4813","01_7133_0112_01",1,7133,"ref_strain",112,1
"4814","01_7162_0112_01",1,7162,"ref_strain",112,1
"4815","01_7523_0112_01",1,7523,"ref_strain",112,1
"4816","01_7805_0112_01",1,7805,"ref_strain",112,1
"4817","01_7815_0112_01",1,7815,"ref_strain",112,1
"4818","01_7957_0112_01",1,7957,"ref_strain",112,1
"4819","01_8160_0112_01",1,8160,"ref_strain",112,1
"4820","01_8369_0112_01",1,8369,"ref_strain",112,1
"4821","01_8465_0112_01",1,8465,"ref_strain",112,1
"4822","01_8519_0112_01",1,8519,"ref_strain",112,1
"4823","01_8579_0112_01",1,8579,"ref_strain",112,1
"4824","01_8687_0112_01",1,8687,"ref_strain",112,1
"4825","01_8745_0112_01",1,8745,"ref_strain",112,1
"4826","01_8746_0112_01",1,8746,"ref_strain",112,1
"4827","01_8749_0112_01",1,8749,"ref_strain",112,1
"4828","01_8922_0112_01",1,8922,"ref_strain",112,1
"4829","01_9183_0112_01",1,9183,"ref_strain",112,1
"4830","01_9237_0112_01",1,9237,"ref_strain",112,1
"4831","01_9332_0112_01",1,9332,"ref_strain",112,1
"4832","01_9615_0112_01",1,9615,"ref_strain",112,1
"4833","01_9784_0112_01",1,9784,"ref_strain",112,1
"4834","01_10022_0112_01",1,10022,"ref_strain",112,1
"4835","01_10039_0112_01",1,10039,"ref_strain",112,1
"4836","01_10317_0112_01",1,10317,"ref_strain",112,1
"4837","01_10357_0112_01",1,10357,"ref_strain",112,1
"4838","01_10359_0112_01",1,10359,"ref_strain",112,1
"4839","01_10495_0112_01",1,10495,"ref_strain",112,1
"4840","01_10502_0112_01",1,10502,"ref_strain",112,1
"4841","01_10630_0112_01",1,10630,"ref_strain",112,1
"4842","01_10844_0112_01",1,10844,"ref_strain",112,1
"4843","01_10894_0112_01",1,10894,"ref_strain",112,1
"4844","01_10960_0112_01",1,10960,"ref_strain",112,1
"4845","01_11060_0112_01",1,11060,"ref_strain",112,1
"4846","01_11074_0112_01",1,11074,"ref_strain",112,1
"4847","01_11115_0112_01",1,11115,"ref_strain",112,1
"4848","01_11220_0112_01",1,11220,"ref_strain",112,1
"4849","01_11289_0112_01",1,11289,"ref_strain",112,1
"4850","01_11527_0112_01",1,11527,"ref_strain",112,1
"4851","01_11704_0112_01",1,11704,"ref_strain",112,1
"4852","01_11924_0112_01",1,11924,"ref_strain",112,1
"4853","01_12073_0112_01",1,12073,"ref_strain",112,1
"4854","01_12234_0112_01",1,12234,"ref_strain",112,1
"4855","01_12260_0112_01",1,12260,"ref_strain",112,1
"4856","01_12587_0112_01",1,12587,"ref_strain",112,1
"4857","01_12605_0112_01",1,12605,"ref_strain",112,1
"4858","01_12639_0112_01",1,12639,"ref_strain",112,1
"4859","01_12699_0112_01",1,12699,"ref_strain",112,1
"4860","01_13015_0112_01",1,13015,"ref_strain",112,1
"4861","01_13095_0112_01",1,13095,"ref_strain",112,1
"4862","01_13113_0112_01",1,13113,"ref_strain",112,1
"4863","01_13288_0112_01",1,13288,"ref_strain",112,1
"4864","01_13356_0112_01",1,13356,"ref_strain",112,1
"4865","01_13649_0112_01",1,13649,"ref_strain",112,1
"4866","01_13917_0112_01",1,13917,"ref_strain",112,1
"4867","01_13945_0112_01",1,13945,"ref_strain",112,1
"4868","01_14163_0112_01",1,14163,"ref_strain",112,1
"4869","01_14240_0112_01",1,14240,"ref_strain",112,1
"4870","01_14340_0112_01",1,14340,"ref_strain",112,1
"4871","01_14348_0112_01",1,14348,"ref_strain",112,1
"4872","01_0174_0113_01",1,174,"ref_strain",113,1
"4873","01_0177_0113_01",1,177,"ref_strain",113,1
"4874","01_0245_0113_01",1,245,"ref_strain",113,1
"4875","01_0566_0113_01",1,566,"ref_strain",113,1
"4876","01_0720_0113_01",1,720,"ref_strain",113,1
"4877","01_0736_0113_01",1,736,"ref_strain",113,1
"4878","01_0946_0113_01",1,946,"ref_strain",113,1
"4879","01_0994_0113_01",1,994,"ref_strain",113,1
"4880","01_1032_0113_01",1,1032,"ref_strain",113,1
"4881","01_1084_0113_01",1,1084,"ref_strain",113,1
"4882","01_1131_0113_01",1,1131,"ref_strain",113,1
"4883","01_1292_0113_01",1,1292,"ref_strain",113,1
"4884","01_1548_0113_01",1,1548,"ref_strain",113,1
"4885","01_1615_0113_01",1,1615,"ref_strain",113,1
"4886","01_1725_0113_01",1,1725,"ref_strain",113,1
"4887","01_2140_0113_01",1,2140,"ref_strain",113,1
"4888","01_2593_0113_01",1,2593,"ref_strain",113,1
"4889","01_2893_0113_01",1,2893,"ref_strain",113,1
"4890","01_3001_0113_01",1,3001,"ref_strain",113,1
"4891","01_3052_0113_01",1,3052,"ref_strain",113,1
"4892","01_3412_0113_01",1,3412,"ref_strain",113,1
"4893","01_3540_0113_01",1,3540,"ref_strain",113,1
"4894","01_3692_0113_01",1,3692,"ref_strain",113,1
"4895","01_3731_0113_01",1,3731,"ref_strain",113,1
"4896","01_3764_0113_01",1,3764,"ref_strain",113,1
"4897","01_3871_0113_01",1,3871,"ref_strain",113,1
"4898","01_4033_0113_01",1,4033,"ref_strain",113,1
"4899","01_4129_0113_01",1,4129,"ref_strain",113,1
"4900","01_4141_0113_01",1,4141,"ref_strain",113,1
"4901","01_4299_0113_01",1,4299,"ref_strain",113,1
"4902","01_4526_0113_01",1,4526,"ref_strain",113,1
"4903","01_4529_0113_01",1,4529,"ref_strain",113,1
"4904","01_4653_0113_01",1,4653,"ref_strain",113,1
"4905","01_4748_0113_01",1,4748,"ref_strain",113,1
"4906","01_4793_0113_01",1,4793,"ref_strain",113,1
"4907","01_4878_0113_01",1,4878,"ref_strain",113,1
"4908","01_4992_0113_01",1,4992,"ref_strain",113,1
"4909","01_5279_0113_01",1,5279,"ref_strain",113,1
"4910","01_5310_0113_01",1,5310,"ref_strain",113,1
"4911","01_5408_0113_01",1,5408,"ref_strain",113,1
"4912","01_5482_0113_01",1,5482,"ref_strain",113,1
"4913","01_5586_0113_01",1,5586,"ref_strain",113,1
"4914","01_5593_0113_01",1,5593,"ref_strain",113,1
"4915","01_5626_0113_01",1,5626,"ref_strain",113,1
"4916","01_5651_0113_01",1,5651,"ref_strain",113,1
"4917","01_5964_0113_01",1,5964,"ref_strain",113,1
"4918","01_5992_0113_01",1,5992,"ref_strain",113,1
"4919","01_6087_0113_01",1,6087,"ref_strain",113,1
"4920","01_6183_0113_01",1,6183,"ref_strain",113,1
"4921","01_6224_0113_01",1,6224,"ref_strain",113,1
"4922","01_6262_0113_01",1,6262,"ref_strain",113,1
"4923","01_6340_0113_01",1,6340,"ref_strain",113,1
"4924","01_6421_0113_01",1,6421,"ref_strain",113,1
"4925","01_6428_0113_01",1,6428,"ref_strain",113,1
"4926","01_6693_0113_01",1,6693,"ref_strain",113,1
"4927","01_6706_0113_01",1,6706,"ref_strain",113,1
"4928","01_6762_0113_01",1,6762,"ref_strain",113,1
"4929","01_6815_0113_01",1,6815,"ref_strain",113,1
"4930","01_6890_0113_01",1,6890,"ref_strain",113,1
"4931","01_6891_0113_01",1,6891,"ref_strain",113,1
"4932","01_7090_0113_01",1,7090,"ref_strain",113,1
"4933","01_7266_0113_01",1,7266,"ref_strain",113,1
"4934","01_7291_0113_01",1,7291,"ref_strain",113,1
"4935","01_7481_0113_01",1,7481,"ref_strain",113,1
"4936","01_7565_0113_01",1,7565,"ref_strain",113,1
"4937","01_7593_0113_01",1,7593,"ref_strain",113,1
"4938","01_7887_0113_01",1,7887,"ref_strain",113,1
"4939","01_7972_0113_01",1,7972,"ref_strain",113,1
"4940","01_8108_0113_01",1,8108,"ref_strain",113,1
"4941","01_8253_0113_01",1,8253,"ref_strain",113,1
"4942","01_8279_0113_01",1,8279,"ref_strain",113,1
"4943","01_8293_0113_01",1,8293,"ref_strain",113,1
"4944","01_8339_0113_01",1,8339,"ref_strain",113,1
"4945","01_8587_0113_01",1,8587,"ref_strain",113,1
"4946","01_8858_0113_01",1,8858,"ref_strain",113,1
"4947","01_8859_0113_01",1,8859,"ref_strain",113,1
"4948","01_8954_0113_01",1,8954,"ref_strain",113,1
"4949","01_9455_0113_01",1,9455,"ref_strain",113,1
"4950","01_9467_0113_01",1,9467,"ref_strain",113,1
"4951","01_9488_0113_01",1,9488,"ref_strain",113,1
"4952","01_9586_0113_01",1,9586,"ref_strain",113,1
"4953","01_9835_0113_01",1,9835,"ref_strain",113,1
"4954","01_9918_0113_01",1,9918,"ref_strain",113,1
"4955","01_10138_0113_01",1,10138,"ref_strain",113,1
"4956","01_10429_0113_01",1,10429,"ref_strain",113,1
"4957","01_10569_0113_01",1,10569,"ref_strain",113,1
"4958","01_10588_0113_01",1,10588,"ref_strain",113,1
"4959","01_10632_0113_01",1,10632,"ref_strain",113,1
"4960","01_10803_0113_01",1,10803,"ref_strain",113,1
"4961","01_10820_0113_01",1,10820,"ref_strain",113,1
"4962","01_10841_0113_01",1,10841,"ref_strain",113,1
"4963","01_10885_0113_01",1,10885,"ref_strain",113,1
"4964","01_11005_0113_01",1,11005,"ref_strain",113,1
"4965","01_11109_0113_01",1,11109,"ref_strain",113,1
"4966","01_11124_0113_01",1,11124,"ref_strain",113,1
"4967","01_11170_0113_01",1,11170,"ref_strain",113,1
"4968","01_11237_0113_01",1,11237,"ref_strain",113,1
"4969","01_11280_0113_01",1,11280,"ref_strain",113,1
"4970","01_11322_0113_01",1,11322,"ref_strain",113,1
"4971","01_11473_0113_01",1,11473,"ref_strain",113,1
"4972","01_11534_0113_01",1,11534,"ref_strain",113,1
"4973","01_11784_0113_01",1,11784,"ref_strain",113,1
"4974","01_11795_0113_01",1,11795,"ref_strain",113,1
"4975","01_11858_0113_01",1,11858,"ref_strain",113,1
"4976","01_11862_0113_01",1,11862,"ref_strain",113,1
"4977","01_11939_0113_01",1,11939,"ref_strain",113,1
"4978","01_12056_0113_01",1,12056,"ref_strain",113,1
"4979","01_12149_0113_01",1,12149,"ref_strain",113,1
"4980","01_12159_0113_01",1,12159,"ref_strain",113,1
"4981","01_12269_0113_01",1,12269,"ref_strain",113,1
"4982","01_12352_0113_01",1,12352,"ref_strain",113,1
"4983","01_12473_0113_01",1,12473,"ref_strain",113,1
"4984","01_12508_0113_01",1,12508,"ref_strain",113,1
"4985","01_12528_0113_01",1,12528,"ref_strain",113,1
"4986","01_12641_0113_01",1,12641,"ref_strain",113,1
"4987","01_12653_0113_01",1,12653,"ref_strain",113,1
"4988","01_12964_0113_01",1,12964,"ref_strain",113,1
"4989","01_13032_0113_01",1,13032,"ref_strain",113,1
"4990","01_13085_0113_01",1,13085,"ref_strain",113,1
"4991","01_13119_0113_01",1,13119,"ref_strain",113,1
"4992","01_13259_0113_01",1,13259,"ref_strain",113,1
"4993","01_13471_0113_01",1,13471,"ref_strain",113,1
"4994","01_13676_0113_01",1,13676,"ref_strain",113,1
"4995","01_13956_0113_01",1,13956,"ref_strain",113,1
"4996","01_13989_0113_01",1,13989,"ref_strain",113,1
"4997","01_14021_0113_01",1,14021,"ref_strain",113,1
"4998","01_14096_0113_01",1,14096,"ref_strain",113,1
"4999","01_14130_0113_01",1,14130,"ref_strain",113,1
"5000","01_0019_0114_01",1,19,"ref_strain",114,1
"5001","01_0327_0114_01",1,327,"ref_strain",114,1
"5002","01_0420_0114_01",1,420,"ref_strain",114,1
"5003","01_0463_0114_01",1,463,"ref_strain",114,1
"5004","01_0484_0114_01",1,484,"ref_strain",114,1
"5005","01_0619_0114_01",1,619,"ref_strain",114,1
"5006","01_0737_0114_01",1,737,"ref_strain",114,1
"5007","01_0757_0114_01",1,757,"ref_strain",114,1
"5008","01_0773_0114_01",1,773,"ref_strain",114,1
"5009","01_0936_0114_01",1,936,"ref_strain",114,1
"5010","01_1026_0114_01",1,1026,"ref_strain",114,1
"5011","01_1067_0114_01",1,1067,"ref_strain",114,1
"5012","01_1694_0114_01",1,1694,"ref_strain",114,1
"5013","01_1698_0114_01",1,1698,"ref_strain",114,1
"5014","01_1712_0114_01",1,1712,"ref_strain",114,1
"5015","01_1853_0114_01",1,1853,"ref_strain",114,1
"5016","01_2117_0114_01",1,2117,"ref_strain",114,1
"5017","01_2137_0114_01",1,2137,"ref_strain",114,1
"5018","01_2222_0114_01",1,2222,"ref_strain",114,1
"5019","01_2233_0114_01",1,2233,"ref_strain",114,1
"5020","01_2352_0114_01",1,2352,"ref_strain",114,1
"5021","01_2364_0114_01",1,2364,"ref_strain",114,1
"5022","01_2375_0114_01",1,2375,"ref_strain",114,1
"5023","01_2526_0114_01",1,2526,"ref_strain",114,1
"5024","01_2528_0114_01",1,2528,"ref_strain",114,1
"5025","01_2545_0114_01",1,2545,"ref_strain",114,1
"5026","01_2798_0114_01",1,2798,"ref_strain",114,1
"5027","01_2929_0114_01",1,2929,"ref_strain",114,1
"5028","01_2989_0114_01",1,2989,"ref_strain",114,1
"5029","01_3046_0114_01",1,3046,"ref_strain",114,1
"5030","01_3084_0114_01",1,3084,"ref_strain",114,1
"5031","01_3218_0114_01",1,3218,"ref_strain",114,1
"5032","01_3392_0114_01",1,3392,"ref_strain",114,1
"5033","01_3568_0114_01",1,3568,"ref_strain",114,1
"5034","01_3673_0114_01",1,3673,"ref_strain",114,1
"5035","01_4272_0114_01",1,4272,"ref_strain",114,1
"5036","01_4368_0114_01",1,4368,"ref_strain",114,1
"5037","01_4546_0114_01",1,4546,"ref_strain",114,1
"5038","01_4570_0114_01",1,4570,"ref_strain",114,1
"5039","01_4836_0114_01",1,4836,"ref_strain",114,1
"5040","01_4895_0114_01",1,4895,"ref_strain",114,1
"5041","01_4896_0114_01",1,4896,"ref_strain",114,1
"5042","01_5077_0114_01",1,5077,"ref_strain",114,1
"5043","01_5136_0114_01",1,5136,"ref_strain",114,1
"5044","01_5231_0114_01",1,5231,"ref_strain",114,1
"5045","01_5259_0114_01",1,5259,"ref_strain",114,1
"5046","01_5304_0114_01",1,5304,"ref_strain",114,1
"5047","01_5324_0114_01",1,5324,"ref_strain",114,1
"5048","01_5539_0114_01",1,5539,"ref_strain",114,1
"5049","01_5573_0114_01",1,5573,"ref_strain",114,1
"5050","01_5719_0114_01",1,5719,"ref_strain",114,1
"5051","01_5769_0114_01",1,5769,"ref_strain",114,1
"5052","01_5878_0114_01",1,5878,"ref_strain",114,1
"5053","01_5991_0114_01",1,5991,"ref_strain",114,1
"5054","01_6036_0114_01",1,6036,"ref_strain",114,1
"5055","01_6478_0114_01",1,6478,"ref_strain",114,1
"5056","01_6603_0114_01",1,6603,"ref_strain",114,1
"5057","01_6751_0114_01",1,6751,"ref_strain",114,1
"5058","01_6994_0114_01",1,6994,"ref_strain",114,1
"5059","01_7031_0114_01",1,7031,"ref_strain",114,1
"5060","01_7323_0114_01",1,7323,"ref_strain",114,1
"5061","01_7453_0114_01",1,7453,"ref_strain",114,1
"5062","01_7979_0114_01",1,7979,"ref_strain",114,1
"5063","01_8116_0114_01",1,8116,"ref_strain",114,1
"5064","01_8158_0114_01",1,8158,"ref_strain",114,1
"5065","01_8404_0114_01",1,8404,"ref_strain",114,1
"5066","01_8512_0114_01",1,8512,"ref_strain",114,1
"5067","01_8601_0114_01",1,8601,"ref_strain",114,1
"5068","01_8898_0114_01",1,8898,"ref_strain",114,1
"5069","01_9133_0114_01",1,9133,"ref_strain",114,1
"5070","01_9485_0114_01",1,9485,"ref_strain",114,1
"5071","01_9495_0114_01",1,9495,"ref_strain",114,1
"5072","01_9608_0114_01",1,9608,"ref_strain",114,1
"5073","01_9650_0114_01",1,9650,"ref_strain",114,1
"5074","01_9669_0114_01",1,9669,"ref_strain",114,1
"5075","01_9774_0114_01",1,9774,"ref_strain",114,1
"5076","01_9777_0114_01",1,9777,"ref_strain",114,1
"5077","01_9905_0114_01",1,9905,"ref_strain",114,1
"5078","01_9940_0114_01",1,9940,"ref_strain",114,1
"5079","01_9962_0114_01",1,9962,"ref_strain",114,1
"5080","01_10002_0114_01",1,10002,"ref_strain",114,1
"5081","01_10248_0114_01",1,10248,"ref_strain",114,1
"5082","01_10255_0114_01",1,10255,"ref_strain",114,1
"5083","01_10277_0114_01",1,10277,"ref_strain",114,1
"5084","01_10279_0114_01",1,10279,"ref_strain",114,1
"5085","01_10457_0114_01",1,10457,"ref_strain",114,1
"5086","01_10555_0114_01",1,10555,"ref_strain",114,1
"5087","01_10591_0114_01",1,10591,"ref_strain",114,1
"5088","01_10777_0114_01",1,10777,"ref_strain",114,1
"5089","01_10793_0114_01",1,10793,"ref_strain",114,1
"5090","01_10895_0114_01",1,10895,"ref_strain",114,1
"5091","01_11406_0114_01",1,11406,"ref_strain",114,1
"5092","01_11926_0114_01",1,11926,"ref_strain",114,1
"5093","01_12102_0114_01",1,12102,"ref_strain",114,1
"5094","01_12192_0114_01",1,12192,"ref_strain",114,1
"5095","01_12514_0114_01",1,12514,"ref_strain",114,1
"5096","01_12517_0114_01",1,12517,"ref_strain",114,1
"5097","01_12521_0114_01",1,12521,"ref_strain",114,1
"5098","01_12570_0114_01",1,12570,"ref_strain",114,1
"5099","01_12629_0114_01",1,12629,"ref_strain",114,1
"5100","01_12821_0114_01",1,12821,"ref_strain",114,1
"5101","01_12846_0114_01",1,12846,"ref_strain",114,1
"5102","01_12866_0114_01",1,12866,"ref_strain",114,1
"5103","01_12979_0114_01",1,12979,"ref_strain",114,1
"5104","01_13026_0114_01",1,13026,"ref_strain",114,1
"5105","01_13135_0114_01",1,13135,"ref_strain",114,1
"5106","01_13153_0114_01",1,13153,"ref_strain",114,1
"5107","01_13174_0114_01",1,13174,"ref_strain",114,1
"5108","01_13232_0114_01",1,13232,"ref_strain",114,1
"5109","01_13320_0114_01",1,13320,"ref_strain",114,1
"5110","01_13516_0114_01",1,13516,"ref_strain",114,1
"5111","01_13798_0114_01",1,13798,"ref_strain",114,1
"5112","01_14046_0114_01",1,14046,"ref_strain",114,1
"5113","01_14187_0114_01",1,14187,"ref_strain",114,1
"5114","01_14437_0114_01",1,14437,"ref_strain",114,1
"5115","01_14513_0114_01",1,14513,"ref_strain",114,1
"5116","01_0255_0115_01",1,255,"ref_strain",115,1
"5117","01_0426_0115_01",1,426,"ref_strain",115,1
"5118","01_0555_0115_01",1,555,"ref_strain",115,1
"5119","01_0677_0115_01",1,677,"ref_strain",115,1
"5120","01_0704_0115_01",1,704,"ref_strain",115,1
"5121","01_0889_0115_01",1,889,"ref_strain",115,1
"5122","01_1014_0115_01",1,1014,"ref_strain",115,1
"5123","01_1042_0115_01",1,1042,"ref_strain",115,1
"5124","01_1097_0115_01",1,1097,"ref_strain",115,1
"5125","01_1113_0115_01",1,1113,"ref_strain",115,1
"5126","01_1199_0115_01",1,1199,"ref_strain",115,1
"5127","01_1207_0115_01",1,1207,"ref_strain",115,1
"5128","01_1227_0115_01",1,1227,"ref_strain",115,1
"5129","01_1347_0115_01",1,1347,"ref_strain",115,1
"5130","01_1483_0115_01",1,1483,"ref_strain",115,1
"5131","01_1937_0115_01",1,1937,"ref_strain",115,1
"5132","01_2044_0115_01",1,2044,"ref_strain",115,1
"5133","01_2145_0115_01",1,2145,"ref_strain",115,1
"5134","01_2273_0115_01",1,2273,"ref_strain",115,1
"5135","01_2460_0115_01",1,2460,"ref_strain",115,1
"5136","01_2580_0115_01",1,2580,"ref_strain",115,1
"5137","01_2845_0115_01",1,2845,"ref_strain",115,1
"5138","01_3104_0115_01",1,3104,"ref_strain",115,1
"5139","01_3116_0115_01",1,3116,"ref_strain",115,1
"5140","01_3137_0115_01",1,3137,"ref_strain",115,1
"5141","01_3634_0115_01",1,3634,"ref_strain",115,1
"5142","01_3651_0115_01",1,3651,"ref_strain",115,1
"5143","01_3719_0115_01",1,3719,"ref_strain",115,1
"5144","01_4144_0115_01",1,4144,"ref_strain",115,1
"5145","01_4291_0115_01",1,4291,"ref_strain",115,1
"5146","01_4369_0115_01",1,4369,"ref_strain",115,1
"5147","01_4388_0115_01",1,4388,"ref_strain",115,1
"5148","01_4399_0115_01",1,4399,"ref_strain",115,1
"5149","01_4556_0115_01",1,4556,"ref_strain",115,1
"5150","01_4738_0115_01",1,4738,"ref_strain",115,1
"5151","01_4763_0115_01",1,4763,"ref_strain",115,1
"5152","01_5338_0115_01",1,5338,"ref_strain",115,1
"5153","01_5669_0115_01",1,5669,"ref_strain",115,1
"5154","01_5672_0115_01",1,5672,"ref_strain",115,1
"5155","01_6035_0115_01",1,6035,"ref_strain",115,1
"5156","01_6109_0115_01",1,6109,"ref_strain",115,1
"5157","01_6125_0115_01",1,6125,"ref_strain",115,1
"5158","01_6918_0115_01",1,6918,"ref_strain",115,1
"5159","01_6934_0115_01",1,6934,"ref_strain",115,1
"5160","01_7108_0115_01",1,7108,"ref_strain",115,1
"5161","01_7131_0115_01",1,7131,"ref_strain",115,1
"5162","01_7344_0115_01",1,7344,"ref_strain",115,1
"5163","01_7411_0115_01",1,7411,"ref_strain",115,1
"5164","01_7460_0115_01",1,7460,"ref_strain",115,1
"5165","01_7540_0115_01",1,7540,"ref_strain",115,1
"5166","01_7671_0115_01",1,7671,"ref_strain",115,1
"5167","01_7702_0115_01",1,7702,"ref_strain",115,1
"5168","01_7725_0115_01",1,7725,"ref_strain",115,1
"5169","01_7783_0115_01",1,7783,"ref_strain",115,1
"5170","01_8193_0115_01",1,8193,"ref_strain",115,1
"5171","01_8358_0115_01",1,8358,"ref_strain",115,1
"5172","01_8705_0115_01",1,8705,"ref_strain",115,1
"5173","01_8733_0115_01",1,8733,"ref_strain",115,1
"5174","01_8743_0115_01",1,8743,"ref_strain",115,1
"5175","01_8831_0115_01",1,8831,"ref_strain",115,1
"5176","01_8851_0115_01",1,8851,"ref_strain",115,1
"5177","01_9152_0115_01",1,9152,"ref_strain",115,1
"5178","01_9190_0115_01",1,9190,"ref_strain",115,1
"5179","01_9390_0115_01",1,9390,"ref_strain",115,1
"5180","01_9538_0115_01",1,9538,"ref_strain",115,1
"5181","01_9617_0115_01",1,9617,"ref_strain",115,1
"5182","01_9767_0115_01",1,9767,"ref_strain",115,1
"5183","01_9860_0115_01",1,9860,"ref_strain",115,1
"5184","01_9975_0115_01",1,9975,"ref_strain",115,1
"5185","01_10018_0115_01",1,10018,"ref_strain",115,1
"5186","01_10147_0115_01",1,10147,"ref_strain",115,1
"5187","01_10261_0115_01",1,10261,"ref_strain",115,1
"5188","01_10551_0115_01",1,10551,"ref_strain",115,1
"5189","01_10560_0115_01",1,10560,"ref_strain",115,1
"5190","01_10604_0115_01",1,10604,"ref_strain",115,1
"5191","01_10613_0115_01",1,10613,"ref_strain",115,1
"5192","01_10644_0115_01",1,10644,"ref_strain",115,1
"5193","01_10879_0115_01",1,10879,"ref_strain",115,1
"5194","01_11017_0115_01",1,11017,"ref_strain",115,1
"5195","01_11037_0115_01",1,11037,"ref_strain",115,1
"5196","01_11188_0115_01",1,11188,"ref_strain",115,1
"5197","01_11233_0115_01",1,11233,"ref_strain",115,1
"5198","01_11558_0115_01",1,11558,"ref_strain",115,1
"5199","01_11651_0115_01",1,11651,"ref_strain",115,1
"5200","01_12144_0115_01",1,12144,"ref_strain",115,1
"5201","01_12252_0115_01",1,12252,"ref_strain",115,1
"5202","01_12421_0115_01",1,12421,"ref_strain",115,1
"5203","01_12562_0115_01",1,12562,"ref_strain",115,1
"5204","01_12746_0115_01",1,12746,"ref_strain",115,1
"5205","01_12843_0115_01",1,12843,"ref_strain",115,1
"5206","01_12934_0115_01",1,12934,"ref_strain",115,1
"5207","01_13103_0115_01",1,13103,"ref_strain",115,1
"5208","01_13565_0115_01",1,13565,"ref_strain",115,1
"5209","01_13579_0115_01",1,13579,"ref_strain",115,1
"5210","01_13609_0115_01",1,13609,"ref_strain",115,1
"5211","01_13915_0115_01",1,13915,"ref_strain",115,1
"5212","01_13979_0115_01",1,13979,"ref_strain",115,1
"5213","01_14039_0115_01",1,14039,"ref_strain",115,1
"5214","01_14314_0115_01",1,14314,"ref_strain",115,1
"5215","01_14397_0115_01",1,14397,"ref_strain",115,1
"5216","01_14433_0115_01",1,14433,"ref_strain",115,1
"5217","01_14450_0115_01",1,14450,"ref_strain",115,1
"5218","01_0466_0116_01",1,466,"ref_strain",116,1
"5219","01_0473_0116_01",1,473,"ref_strain",116,1
"5220","01_0510_0116_01",1,510,"ref_strain",116,1
"5221","01_0534_0116_01",1,534,"ref_strain",116,1
"5222","01_1100_0116_01",1,1100,"ref_strain",116,1
"5223","01_1159_0116_01",1,1159,"ref_strain",116,1
"5224","01_1264_0116_01",1,1264,"ref_strain",116,1
"5225","01_1316_0116_01",1,1316,"ref_strain",116,1
"5226","01_1342_0116_01",1,1342,"ref_strain",116,1
"5227","01_1371_0116_01",1,1371,"ref_strain",116,1
"5228","01_1455_0116_01",1,1455,"ref_strain",116,1
"5229","01_1550_0116_01",1,1550,"ref_strain",116,1
"5230","01_1723_0116_01",1,1723,"ref_strain",116,1
"5231","01_1765_0116_01",1,1765,"ref_strain",116,1
"5232","01_1928_0116_01",1,1928,"ref_strain",116,1
"5233","01_2057_0116_01",1,2057,"ref_strain",116,1
"5234","01_2345_0116_01",1,2345,"ref_strain",116,1
"5235","01_2596_0116_01",1,2596,"ref_strain",116,1
"5236","01_2619_0116_01",1,2619,"ref_strain",116,1
"5237","01_2727_0116_01",1,2727,"ref_strain",116,1
"5238","01_2771_0116_01",1,2771,"ref_strain",116,1
"5239","01_2818_0116_01",1,2818,"ref_strain",116,1
"5240","01_2930_0116_01",1,2930,"ref_strain",116,1
"5241","01_2978_0116_01",1,2978,"ref_strain",116,1
"5242","01_3145_0116_01",1,3145,"ref_strain",116,1
"5243","01_3152_0116_01",1,3152,"ref_strain",116,1
"5244","01_3318_0116_01",1,3318,"ref_strain",116,1
"5245","01_3432_0116_01",1,3432,"ref_strain",116,1
"5246","01_3438_0116_01",1,3438,"ref_strain",116,1
"5247","01_3589_0116_01",1,3589,"ref_strain",116,1
"5248","01_3620_0116_01",1,3620,"ref_strain",116,1
"5249","01_3663_0116_01",1,3663,"ref_strain",116,1
"5250","01_3699_0116_01",1,3699,"ref_strain",116,1
"5251","01_3921_0116_01",1,3921,"ref_strain",116,1
"5252","01_3950_0116_01",1,3950,"ref_strain",116,1
"5253","01_4010_0116_01",1,4010,"ref_strain",116,1
"5254","01_4032_0116_01",1,4032,"ref_strain",116,1
"5255","01_4460_0116_01",1,4460,"ref_strain",116,1
"5256","01_4471_0116_01",1,4471,"ref_strain",116,1
"5257","01_4640_0116_01",1,4640,"ref_strain",116,1
"5258","01_4652_0116_01",1,4652,"ref_strain",116,1
"5259","01_4911_0116_01",1,4911,"ref_strain",116,1
"5260","01_5009_0116_01",1,5009,"ref_strain",116,1
"5261","01_5208_0116_01",1,5208,"ref_strain",116,1
"5262","01_5261_0116_01",1,5261,"ref_strain",116,1
"5263","01_5333_0116_01",1,5333,"ref_strain",116,1
"5264","01_5548_0116_01",1,5548,"ref_strain",116,1
"5265","01_5643_0116_01",1,5643,"ref_strain",116,1
"5266","01_5645_0116_01",1,5645,"ref_strain",116,1
"5267","01_5759_0116_01",1,5759,"ref_strain",116,1
"5268","01_5891_0116_01",1,5891,"ref_strain",116,1
"5269","01_6048_0116_01",1,6048,"ref_strain",116,1
"5270","01_6092_0116_01",1,6092,"ref_strain",116,1
"5271","01_6203_0116_01",1,6203,"ref_strain",116,1
"5272","01_6741_0116_01",1,6741,"ref_strain",116,1
"5273","01_6793_0116_01",1,6793,"ref_strain",116,1
"5274","01_6881_0116_01",1,6881,"ref_strain",116,1
"5275","01_7096_0116_01",1,7096,"ref_strain",116,1
"5276","01_7370_0116_01",1,7370,"ref_strain",116,1
"5277","01_7428_0116_01",1,7428,"ref_strain",116,1
"5278","01_7666_0116_01",1,7666,"ref_strain",116,1
"5279","01_8128_0116_01",1,8128,"ref_strain",116,1
"5280","01_8135_0116_01",1,8135,"ref_strain",116,1
"5281","01_8271_0116_01",1,8271,"ref_strain",116,1
"5282","01_8521_0116_01",1,8521,"ref_strain",116,1
"5283","01_8551_0116_01",1,8551,"ref_strain",116,1
"5284","01_8714_0116_01",1,8714,"ref_strain",116,1
"5285","01_8765_0116_01",1,8765,"ref_strain",116,1
"5286","01_8804_0116_01",1,8804,"ref_strain",116,1
"5287","01_8879_0116_01",1,8879,"ref_strain",116,1
"5288","01_8887_0116_01",1,8887,"ref_strain",116,1
"5289","01_8905_0116_01",1,8905,"ref_strain",116,1
"5290","01_9006_0116_01",1,9006,"ref_strain",116,1
"5291","01_9526_0116_01",1,9526,"ref_strain",116,1
"5292","01_9880_0116_01",1,9880,"ref_strain",116,1
"5293","01_9941_0116_01",1,9941,"ref_strain",116,1
"5294","01_10038_0116_01",1,10038,"ref_strain",116,1
"5295","01_10080_0116_01",1,10080,"ref_strain",116,1
"5296","01_10325_0116_01",1,10325,"ref_strain",116,1
"5297","01_10405_0116_01",1,10405,"ref_strain",116,1
"5298","01_10816_0116_01",1,10816,"ref_strain",116,1
"5299","01_11112_0116_01",1,11112,"ref_strain",116,1
"5300","01_11292_0116_01",1,11292,"ref_strain",116,1
"5301","01_11465_0116_01",1,11465,"ref_strain",116,1
"5302","01_11676_0116_01",1,11676,"ref_strain",116,1
"5303","01_11805_0116_01",1,11805,"ref_strain",116,1
"5304","01_11824_0116_01",1,11824,"ref_strain",116,1
"5305","01_11875_0116_01",1,11875,"ref_strain",116,1
"5306","01_11893_0116_01",1,11893,"ref_strain",116,1
"5307","01_11901_0116_01",1,11901,"ref_strain",116,1
"5308","01_12267_0116_01",1,12267,"ref_strain",116,1
"5309","01_12321_0116_01",1,12321,"ref_strain",116,1
"5310","01_12406_0116_01",1,12406,"ref_strain",116,1
"5311","01_12461_0116_01",1,12461,"ref_strain",116,1
"5312","01_12533_0116_01",1,12533,"ref_strain",116,1
"5313","01_12737_0116_01",1,12737,"ref_strain",116,1
"5314","01_12792_0116_01",1,12792,"ref_strain",116,1
"5315","01_13043_0116_01",1,13043,"ref_strain",116,1
"5316","01_13237_0116_01",1,13237,"ref_strain",116,1
"5317","01_13273_0116_01",1,13273,"ref_strain",116,1
"5318","01_13325_0116_01",1,13325,"ref_strain",116,1
"5319","01_13385_0116_01",1,13385,"ref_strain",116,1
"5320","01_13430_0116_01",1,13430,"ref_strain",116,1
"5321","01_13483_0116_01",1,13483,"ref_strain",116,1
"5322","01_13538_0116_01",1,13538,"ref_strain",116,1
"5323","01_13625_0116_01",1,13625,"ref_strain",116,1
"5324","01_13907_0116_01",1,13907,"ref_strain",116,1
"5325","01_13959_0116_01",1,13959,"ref_strain",116,1
"5326","01_13962_0116_01",1,13962,"ref_strain",116,1
"5327","01_14027_0116_01",1,14027,"ref_strain",116,1
"5328","01_14095_0116_01",1,14095,"ref_strain",116,1
"5329","01_14379_0116_01",1,14379,"ref_strain",116,1
"5330","01_14456_0116_01",1,14456,"ref_strain",116,1
"5331","01_14473_0116_01",1,14473,"ref_strain",116,1
"5332","01_14481_0116_01",1,14481,"ref_strain",116,1
"5333","01_0073_0117_01",1,73,"ref_strain",117,1
"5334","01_0268_0117_01",1,268,"ref_strain",117,1
"5335","01_0370_0117_01",1,370,"ref_strain",117,1
"5336","01_0380_0117_01",1,380,"ref_strain",117,1
"5337","01_0480_0117_01",1,480,"ref_strain",117,1
"5338","01_0491_0117_01",1,491,"ref_strain",117,1
"5339","01_0620_0117_01",1,620,"ref_strain",117,1
"5340","01_0732_0117_01",1,732,"ref_strain",117,1
"5341","01_1053_0117_01",1,1053,"ref_strain",117,1
"5342","01_1096_0117_01",1,1096,"ref_strain",117,1
"5343","01_1289_0117_01",1,1289,"ref_strain",117,1
"5344","01_1353_0117_01",1,1353,"ref_strain",117,1
"5345","01_1529_0117_01",1,1529,"ref_strain",117,1
"5346","01_1621_0117_01",1,1621,"ref_strain",117,1
"5347","01_1707_0117_01",1,1707,"ref_strain",117,1
"5348","01_1850_0117_01",1,1850,"ref_strain",117,1
"5349","01_1886_0117_01",1,1886,"ref_strain",117,1
"5350","01_1968_0117_01",1,1968,"ref_strain",117,1
"5351","01_1972_0117_01",1,1972,"ref_strain",117,1
"5352","01_2053_0117_01",1,2053,"ref_strain",117,1
"5353","01_2207_0117_01",1,2207,"ref_strain",117,1
"5354","01_2588_0117_01",1,2588,"ref_strain",117,1
"5355","01_2675_0117_01",1,2675,"ref_strain",117,1
"5356","01_2860_0117_01",1,2860,"ref_strain",117,1
"5357","01_2942_0117_01",1,2942,"ref_strain",117,1
"5358","01_3203_0117_01",1,3203,"ref_strain",117,1
"5359","01_3214_0117_01",1,3214,"ref_strain",117,1
"5360","01_3225_0117_01",1,3225,"ref_strain",117,1
"5361","01_3311_0117_01",1,3311,"ref_strain",117,1
"5362","01_3364_0117_01",1,3364,"ref_strain",117,1
"5363","01_3538_0117_01",1,3538,"ref_strain",117,1
"5364","01_3631_0117_01",1,3631,"ref_strain",117,1
"5365","01_3667_0117_01",1,3667,"ref_strain",117,1
"5366","01_3705_0117_01",1,3705,"ref_strain",117,1
"5367","01_3785_0117_01",1,3785,"ref_strain",117,1
"5368","01_3888_0117_01",1,3888,"ref_strain",117,1
"5369","01_4147_0117_01",1,4147,"ref_strain",117,1
"5370","01_4196_0117_01",1,4196,"ref_strain",117,1
"5371","01_4244_0117_01",1,4244,"ref_strain",117,1
"5372","01_4277_0117_01",1,4277,"ref_strain",117,1
"5373","01_4367_0117_01",1,4367,"ref_strain",117,1
"5374","01_4479_0117_01",1,4479,"ref_strain",117,1
"5375","01_4818_0117_01",1,4818,"ref_strain",117,1
"5376","01_4886_0117_01",1,4886,"ref_strain",117,1
"5377","01_4963_0117_01",1,4963,"ref_strain",117,1
"5378","01_5081_0117_01",1,5081,"ref_strain",117,1
"5379","01_5131_0117_01",1,5131,"ref_strain",117,1
"5380","01_5141_0117_01",1,5141,"ref_strain",117,1
"5381","01_5370_0117_01",1,5370,"ref_strain",117,1
"5382","01_5523_0117_01",1,5523,"ref_strain",117,1
"5383","01_5584_0117_01",1,5584,"ref_strain",117,1
"5384","01_5802_0117_01",1,5802,"ref_strain",117,1
"5385","01_5902_0117_01",1,5902,"ref_strain",117,1
"5386","01_6050_0117_01",1,6050,"ref_strain",117,1
"5387","01_6437_0117_01",1,6437,"ref_strain",117,1
"5388","01_6443_0117_01",1,6443,"ref_strain",117,1
"5389","01_6617_0117_01",1,6617,"ref_strain",117,1
"5390","01_6645_0117_01",1,6645,"ref_strain",117,1
"5391","01_6676_0117_01",1,6676,"ref_strain",117,1
"5392","01_6810_0117_01",1,6810,"ref_strain",117,1
"5393","01_6876_0117_01",1,6876,"ref_strain",117,1
"5394","01_6926_0117_01",1,6926,"ref_strain",117,1
"5395","01_7113_0117_01",1,7113,"ref_strain",117,1
"5396","01_7335_0117_01",1,7335,"ref_strain",117,1
"5397","01_7553_0117_01",1,7553,"ref_strain",117,1
"5398","01_7603_0117_01",1,7603,"ref_strain",117,1
"5399","01_7903_0117_01",1,7903,"ref_strain",117,1
"5400","01_8206_0117_01",1,8206,"ref_strain",117,1
"5401","01_8377_0117_01",1,8377,"ref_strain",117,1
"5402","01_8425_0117_01",1,8425,"ref_strain",117,1
"5403","01_8500_0117_01",1,8500,"ref_strain",117,1
"5404","01_8612_0117_01",1,8612,"ref_strain",117,1
"5405","01_8918_0117_01",1,8918,"ref_strain",117,1
"5406","01_9048_0117_01",1,9048,"ref_strain",117,1
"5407","01_9069_0117_01",1,9069,"ref_strain",117,1
"5408","01_9104_0117_01",1,9104,"ref_strain",117,1
"5409","01_9108_0117_01",1,9108,"ref_strain",117,1
"5410","01_9137_0117_01",1,9137,"ref_strain",117,1
"5411","01_9310_0117_01",1,9310,"ref_strain",117,1
"5412","01_9646_0117_01",1,9646,"ref_strain",117,1
"5413","01_9779_0117_01",1,9779,"ref_strain",117,1
"5414","01_9782_0117_01",1,9782,"ref_strain",117,1
"5415","01_9844_0117_01",1,9844,"ref_strain",117,1
"5416","01_9851_0117_01",1,9851,"ref_strain",117,1
"5417","01_10085_0117_01",1,10085,"ref_strain",117,1
"5418","01_10215_0117_01",1,10215,"ref_strain",117,1
"5419","01_10309_0117_01",1,10309,"ref_strain",117,1
"5420","01_10530_0117_01",1,10530,"ref_strain",117,1
"5421","01_10553_0117_01",1,10553,"ref_strain",117,1
"5422","01_10559_0117_01",1,10559,"ref_strain",117,1
"5423","01_10570_0117_01",1,10570,"ref_strain",117,1
"5424","01_10648_0117_01",1,10648,"ref_strain",117,1
"5425","01_10821_0117_01",1,10821,"ref_strain",117,1
"5426","01_10907_0117_01",1,10907,"ref_strain",117,1
"5427","01_11087_0117_01",1,11087,"ref_strain",117,1
"5428","01_11138_0117_01",1,11138,"ref_strain",117,1
"5429","01_11156_0117_01",1,11156,"ref_strain",117,1
"5430","01_11202_0117_01",1,11202,"ref_strain",117,1
"5431","01_11416_0117_01",1,11416,"ref_strain",117,1
"5432","01_11456_0117_01",1,11456,"ref_strain",117,1
"5433","01_11502_0117_01",1,11502,"ref_strain",117,1
"5434","01_11753_0117_01",1,11753,"ref_strain",117,1
"5435","01_11943_0117_01",1,11943,"ref_strain",117,1
"5436","01_11995_0117_01",1,11995,"ref_strain",117,1
"5437","01_12065_0117_01",1,12065,"ref_strain",117,1
"5438","01_12118_0117_01",1,12118,"ref_strain",117,1
"5439","01_12129_0117_01",1,12129,"ref_strain",117,1
"5440","01_13005_0117_01",1,13005,"ref_strain",117,1
"5441","01_13154_0117_01",1,13154,"ref_strain",117,1
"5442","01_13233_0117_01",1,13233,"ref_strain",117,1
"5443","01_13249_0117_01",1,13249,"ref_strain",117,1
"5444","01_13478_0117_01",1,13478,"ref_strain",117,1
"5445","01_13491_0117_01",1,13491,"ref_strain",117,1
"5446","01_13578_0117_01",1,13578,"ref_strain",117,1
"5447","01_13696_0117_01",1,13696,"ref_strain",117,1
"5448","01_13725_0117_01",1,13725,"ref_strain",117,1
"5449","01_14006_0117_01",1,14006,"ref_strain",117,1
"5450","01_14334_0117_01",1,14334,"ref_strain",117,1
"5451","01_14459_0117_01",1,14459,"ref_strain",117,1
"5452","01_0056_0118_01",1,56,"ref_strain",118,1
"5453","01_0074_0118_01",1,74,"ref_strain",118,1
"5454","01_0104_0118_01",1,104,"ref_strain",118,1
"5455","01_0126_0118_01",1,126,"ref_strain",118,1
"5456","01_0152_0118_01",1,152,"ref_strain",118,1
"5457","01_0287_0118_01",1,287,"ref_strain",118,1
"5458","01_0368_0118_01",1,368,"ref_strain",118,1
"5459","01_0522_0118_01",1,522,"ref_strain",118,1
"5460","01_0621_0118_01",1,621,"ref_strain",118,1
"5461","01_0708_0118_01",1,708,"ref_strain",118,1
"5462","01_1029_0118_01",1,1029,"ref_strain",118,1
"5463","01_1120_0118_01",1,1120,"ref_strain",118,1
"5464","01_1488_0118_01",1,1488,"ref_strain",118,1
"5465","01_1561_0118_01",1,1561,"ref_strain",118,1
"5466","01_1627_0118_01",1,1627,"ref_strain",118,1
"5467","01_1642_0118_01",1,1642,"ref_strain",118,1
"5468","01_1782_0118_01",1,1782,"ref_strain",118,1
"5469","01_2045_0118_01",1,2045,"ref_strain",118,1
"5470","01_2058_0118_01",1,2058,"ref_strain",118,1
"5471","01_2062_0118_01",1,2062,"ref_strain",118,1
"5472","01_2070_0118_01",1,2070,"ref_strain",118,1
"5473","01_2127_0118_01",1,2127,"ref_strain",118,1
"5474","01_2272_0118_01",1,2272,"ref_strain",118,1
"5475","01_2764_0118_01",1,2764,"ref_strain",118,1
"5476","01_2946_0118_01",1,2946,"ref_strain",118,1
"5477","01_3020_0118_01",1,3020,"ref_strain",118,1
"5478","01_3088_0118_01",1,3088,"ref_strain",118,1
"5479","01_3151_0118_01",1,3151,"ref_strain",118,1
"5480","01_3182_0118_01",1,3182,"ref_strain",118,1
"5481","01_3224_0118_01",1,3224,"ref_strain",118,1
"5482","01_3413_0118_01",1,3413,"ref_strain",118,1
"5483","01_3526_0118_01",1,3526,"ref_strain",118,1
"5484","01_3546_0118_01",1,3546,"ref_strain",118,1
"5485","01_3560_0118_01",1,3560,"ref_strain",118,1
"5486","01_3717_0118_01",1,3717,"ref_strain",118,1
"5487","01_3738_0118_01",1,3738,"ref_strain",118,1
"5488","01_3759_0118_01",1,3759,"ref_strain",118,1
"5489","01_3819_0118_01",1,3819,"ref_strain",118,1
"5490","01_3849_0118_01",1,3849,"ref_strain",118,1
"5491","01_3971_0118_01",1,3971,"ref_strain",118,1
"5492","01_4161_0118_01",1,4161,"ref_strain",118,1
"5493","01_4210_0118_01",1,4210,"ref_strain",118,1
"5494","01_4466_0118_01",1,4466,"ref_strain",118,1
"5495","01_4785_0118_01",1,4785,"ref_strain",118,1
"5496","01_5032_0118_01",1,5032,"ref_strain",118,1
"5497","01_5289_0118_01",1,5289,"ref_strain",118,1
"5498","01_5534_0118_01",1,5534,"ref_strain",118,1
"5499","01_5660_0118_01",1,5660,"ref_strain",118,1
"5500","01_5706_0118_01",1,5706,"ref_strain",118,1
"5501","01_5817_0118_01",1,5817,"ref_strain",118,1
"5502","01_5822_0118_01",1,5822,"ref_strain",118,1
"5503","01_5845_0118_01",1,5845,"ref_strain",118,1
"5504","01_6268_0118_01",1,6268,"ref_strain",118,1
"5505","01_6319_0118_01",1,6319,"ref_strain",118,1
"5506","01_6588_0118_01",1,6588,"ref_strain",118,1
"5507","01_6731_0118_01",1,6731,"ref_strain",118,1
"5508","01_6813_0118_01",1,6813,"ref_strain",118,1
"5509","01_6983_0118_01",1,6983,"ref_strain",118,1
"5510","01_7233_0118_01",1,7233,"ref_strain",118,1
"5511","01_7548_0118_01",1,7548,"ref_strain",118,1
"5512","01_7930_0118_01",1,7930,"ref_strain",118,1
"5513","01_8081_0118_01",1,8081,"ref_strain",118,1
"5514","01_8237_0118_01",1,8237,"ref_strain",118,1
"5515","01_8282_0118_01",1,8282,"ref_strain",118,1
"5516","01_8422_0118_01",1,8422,"ref_strain",118,1
"5517","01_8464_0118_01",1,8464,"ref_strain",118,1
"5518","01_8469_0118_01",1,8469,"ref_strain",118,1
"5519","01_8545_0118_01",1,8545,"ref_strain",118,1
"5520","01_8613_0118_01",1,8613,"ref_strain",118,1
"5521","01_8657_0118_01",1,8657,"ref_strain",118,1
"5522","01_8828_0118_01",1,8828,"ref_strain",118,1
"5523","01_9129_0118_01",1,9129,"ref_strain",118,1
"5524","01_9257_0118_01",1,9257,"ref_strain",118,1
"5525","01_9280_0118_01",1,9280,"ref_strain",118,1
"5526","01_10137_0118_01",1,10137,"ref_strain",118,1
"5527","01_10220_0118_01",1,10220,"ref_strain",118,1
"5528","01_10531_0118_01",1,10531,"ref_strain",118,1
"5529","01_10727_0118_01",1,10727,"ref_strain",118,1
"5530","01_10754_0118_01",1,10754,"ref_strain",118,1
"5531","01_10807_0118_01",1,10807,"ref_strain",118,1
"5532","01_10911_0118_01",1,10911,"ref_strain",118,1
"5533","01_11045_0118_01",1,11045,"ref_strain",118,1
"5534","01_11287_0118_01",1,11287,"ref_strain",118,1
"5535","01_11337_0118_01",1,11337,"ref_strain",118,1
"5536","01_11411_0118_01",1,11411,"ref_strain",118,1
"5537","01_11596_0118_01",1,11596,"ref_strain",118,1
"5538","01_11645_0118_01",1,11645,"ref_strain",118,1
"5539","01_11675_0118_01",1,11675,"ref_strain",118,1
"5540","01_11781_0118_01",1,11781,"ref_strain",118,1
"5541","01_11851_0118_01",1,11851,"ref_strain",118,1
"5542","01_11892_0118_01",1,11892,"ref_strain",118,1
"5543","01_12113_0118_01",1,12113,"ref_strain",118,1
"5544","01_12157_0118_01",1,12157,"ref_strain",118,1
"5545","01_12170_0118_01",1,12170,"ref_strain",118,1
"5546","01_12286_0118_01",1,12286,"ref_strain",118,1
"5547","01_12303_0118_01",1,12303,"ref_strain",118,1
"5548","01_12307_0118_01",1,12307,"ref_strain",118,1
"5549","01_12354_0118_01",1,12354,"ref_strain",118,1
"5550","01_12497_0118_01",1,12497,"ref_strain",118,1
"5551","01_12535_0118_01",1,12535,"ref_strain",118,1
"5552","01_12571_0118_01",1,12571,"ref_strain",118,1
"5553","01_12573_0118_01",1,12573,"ref_strain",118,1
"5554","01_12713_0118_01",1,12713,"ref_strain",118,1
"5555","01_12877_0118_01",1,12877,"ref_strain",118,1
"5556","01_13088_0118_01",1,13088,"ref_strain",118,1
"5557","01_13093_0118_01",1,13093,"ref_strain",118,1
"5558","01_13180_0118_01",1,13180,"ref_strain",118,1
"5559","01_13181_0118_01",1,13181,"ref_strain",118,1
"5560","01_13209_0118_01",1,13209,"ref_strain",118,1
"5561","01_13223_0118_01",1,13223,"ref_strain",118,1
"5562","01_13472_0118_01",1,13472,"ref_strain",118,1
"5563","01_13494_0118_01",1,13494,"ref_strain",118,1
"5564","01_13682_0118_01",1,13682,"ref_strain",118,1
"5565","01_13723_0118_01",1,13723,"ref_strain",118,1
"5566","01_13745_0118_01",1,13745,"ref_strain",118,1
"5567","01_13860_0118_01",1,13860,"ref_strain",118,1
"5568","01_14077_0118_01",1,14077,"ref_strain",118,1
"5569","01_14102_0118_01",1,14102,"ref_strain",118,1
"5570","01_14222_0118_01",1,14222,"ref_strain",118,1
"5571","01_0159_0119_01",1,159,"ref_strain",119,1
"5572","01_0333_0119_01",1,333,"ref_strain",119,1
"5573","01_0422_0119_01",1,422,"ref_strain",119,1
"5574","01_0461_0119_01",1,461,"ref_strain",119,1
"5575","01_0478_0119_01",1,478,"ref_strain",119,1
"5576","01_0486_0119_01",1,486,"ref_strain",119,1
"5577","01_0792_0119_01",1,792,"ref_strain",119,1
"5578","01_0797_0119_01",1,797,"ref_strain",119,1
"5579","01_0876_0119_01",1,876,"ref_strain",119,1
"5580","01_1179_0119_01",1,1179,"ref_strain",119,1
"5581","01_1257_0119_01",1,1257,"ref_strain",119,1
"5582","01_1291_0119_01",1,1291,"ref_strain",119,1
"5583","01_1355_0119_01",1,1355,"ref_strain",119,1
"5584","01_1386_0119_01",1,1386,"ref_strain",119,1
"5585","01_1710_0119_01",1,1710,"ref_strain",119,1
"5586","01_1783_0119_01",1,1783,"ref_strain",119,1
"5587","01_1824_0119_01",1,1824,"ref_strain",119,1
"5588","01_2074_0119_01",1,2074,"ref_strain",119,1
"5589","01_2079_0119_01",1,2079,"ref_strain",119,1
"5590","01_2102_0119_01",1,2102,"ref_strain",119,1
"5591","01_2274_0119_01",1,2274,"ref_strain",119,1
"5592","01_2393_0119_01",1,2393,"ref_strain",119,1
"5593","01_2863_0119_01",1,2863,"ref_strain",119,1
"5594","01_3429_0119_01",1,3429,"ref_strain",119,1
"5595","01_3452_0119_01",1,3452,"ref_strain",119,1
"5596","01_3484_0119_01",1,3484,"ref_strain",119,1
"5597","01_3503_0119_01",1,3503,"ref_strain",119,1
"5598","01_3664_0119_01",1,3664,"ref_strain",119,1
"5599","01_3677_0119_01",1,3677,"ref_strain",119,1
"5600","01_3712_0119_01",1,3712,"ref_strain",119,1
"5601","01_3894_0119_01",1,3894,"ref_strain",119,1
"5602","01_4018_0119_01",1,4018,"ref_strain",119,1
"5603","01_4058_0119_01",1,4058,"ref_strain",119,1
"5604","01_4143_0119_01",1,4143,"ref_strain",119,1
"5605","01_4181_0119_01",1,4181,"ref_strain",119,1
"5606","01_4188_0119_01",1,4188,"ref_strain",119,1
"5607","01_4536_0119_01",1,4536,"ref_strain",119,1
"5608","01_4702_0119_01",1,4702,"ref_strain",119,1
"5609","01_5109_0119_01",1,5109,"ref_strain",119,1
"5610","01_5249_0119_01",1,5249,"ref_strain",119,1
"5611","01_5488_0119_01",1,5488,"ref_strain",119,1
"5612","01_5718_0119_01",1,5718,"ref_strain",119,1
"5613","01_5982_0119_01",1,5982,"ref_strain",119,1
"5614","01_6103_0119_01",1,6103,"ref_strain",119,1
"5615","01_6155_0119_01",1,6155,"ref_strain",119,1
"5616","01_6311_0119_01",1,6311,"ref_strain",119,1
"5617","01_6447_0119_01",1,6447,"ref_strain",119,1
"5618","01_6583_0119_01",1,6583,"ref_strain",119,1
"5619","01_6848_0119_01",1,6848,"ref_strain",119,1
"5620","01_7103_0119_01",1,7103,"ref_strain",119,1
"5621","01_7150_0119_01",1,7150,"ref_strain",119,1
"5622","01_7241_0119_01",1,7241,"ref_strain",119,1
"5623","01_7296_0119_01",1,7296,"ref_strain",119,1
"5624","01_7459_0119_01",1,7459,"ref_strain",119,1
"5625","01_7747_0119_01",1,7747,"ref_strain",119,1
"5626","01_7781_0119_01",1,7781,"ref_strain",119,1
"5627","01_7991_0119_01",1,7991,"ref_strain",119,1
"5628","01_8141_0119_01",1,8141,"ref_strain",119,1
"5629","01_8220_0119_01",1,8220,"ref_strain",119,1
"5630","01_8538_0119_01",1,8538,"ref_strain",119,1
"5631","01_8692_0119_01",1,8692,"ref_strain",119,1
"5632","01_8722_0119_01",1,8722,"ref_strain",119,1
"5633","01_8864_0119_01",1,8864,"ref_strain",119,1
"5634","01_8956_0119_01",1,8956,"ref_strain",119,1
"5635","01_9268_0119_01",1,9268,"ref_strain",119,1
"5636","01_9311_0119_01",1,9311,"ref_strain",119,1
"5637","01_9560_0119_01",1,9560,"ref_strain",119,1
"5638","01_9629_0119_01",1,9629,"ref_strain",119,1
"5639","01_9757_0119_01",1,9757,"ref_strain",119,1
"5640","01_9814_0119_01",1,9814,"ref_strain",119,1
"5641","01_9870_0119_01",1,9870,"ref_strain",119,1
"5642","01_10114_0119_01",1,10114,"ref_strain",119,1
"5643","01_10165_0119_01",1,10165,"ref_strain",119,1
"5644","01_10336_0119_01",1,10336,"ref_strain",119,1
"5645","01_10466_0119_01",1,10466,"ref_strain",119,1
"5646","01_10836_0119_01",1,10836,"ref_strain",119,1
"5647","01_11263_0119_01",1,11263,"ref_strain",119,1
"5648","01_11407_0119_01",1,11407,"ref_strain",119,1
"5649","01_11467_0119_01",1,11467,"ref_strain",119,1
"5650","01_11507_0119_01",1,11507,"ref_strain",119,1
"5651","01_11978_0119_01",1,11978,"ref_strain",119,1
"5652","01_11982_0119_01",1,11982,"ref_strain",119,1
"5653","01_12039_0119_01",1,12039,"ref_strain",119,1
"5654","01_12283_0119_01",1,12283,"ref_strain",119,1
"5655","01_12295_0119_01",1,12295,"ref_strain",119,1
"5656","01_12453_0119_01",1,12453,"ref_strain",119,1
"5657","01_12493_0119_01",1,12493,"ref_strain",119,1
"5658","01_12551_0119_01",1,12551,"ref_strain",119,1
"5659","01_12919_0119_01",1,12919,"ref_strain",119,1
"5660","01_13408_0119_01",1,13408,"ref_strain",119,1
"5661","01_13498_0119_01",1,13498,"ref_strain",119,1
"5662","01_13596_0119_01",1,13596,"ref_strain",119,1
"5663","01_13610_0119_01",1,13610,"ref_strain",119,1
"5664","01_14064_0119_01",1,14064,"ref_strain",119,1
"5665","01_14068_0119_01",1,14068,"ref_strain",119,1
"5666","01_14420_0119_01",1,14420,"ref_strain",119,1
"5667","01_14422_0119_01",1,14422,"ref_strain",119,1
"5668","01_0108_0120_01",1,108,"ref_strain",120,1
"5669","01_0168_0120_01",1,168,"ref_strain",120,1
"5670","01_0224_0120_01",1,224,"ref_strain",120,1
"5671","01_0240_0120_01",1,240,"ref_strain",120,1
"5672","01_0451_0120_01",1,451,"ref_strain",120,1
"5673","01_0746_0120_01",1,746,"ref_strain",120,1
"5674","01_0944_0120_01",1,944,"ref_strain",120,1
"5675","01_1326_0120_01",1,1326,"ref_strain",120,1
"5676","01_1434_0120_01",1,1434,"ref_strain",120,1
"5677","01_2082_0120_01",1,2082,"ref_strain",120,1
"5678","01_2202_0120_01",1,2202,"ref_strain",120,1
"5679","01_2721_0120_01",1,2721,"ref_strain",120,1
"5680","01_2750_0120_01",1,2750,"ref_strain",120,1
"5681","01_2811_0120_01",1,2811,"ref_strain",120,1
"5682","01_2955_0120_01",1,2955,"ref_strain",120,1
"5683","01_3223_0120_01",1,3223,"ref_strain",120,1
"5684","01_3473_0120_01",1,3473,"ref_strain",120,1
"5685","01_3599_0120_01",1,3599,"ref_strain",120,1
"5686","01_3767_0120_01",1,3767,"ref_strain",120,1
"5687","01_3896_0120_01",1,3896,"ref_strain",120,1
"5688","01_4104_0120_01",1,4104,"ref_strain",120,1
"5689","01_4139_0120_01",1,4139,"ref_strain",120,1
"5690","01_4146_0120_01",1,4146,"ref_strain",120,1
"5691","01_4434_0120_01",1,4434,"ref_strain",120,1
"5692","01_4441_0120_01",1,4441,"ref_strain",120,1
"5693","01_4558_0120_01",1,4558,"ref_strain",120,1
"5694","01_4948_0120_01",1,4948,"ref_strain",120,1
"5695","01_4982_0120_01",1,4982,"ref_strain",120,1
"5696","01_5103_0120_01",1,5103,"ref_strain",120,1
"5697","01_5183_0120_01",1,5183,"ref_strain",120,1
"5698","01_5613_0120_01",1,5613,"ref_strain",120,1
"5699","01_5630_0120_01",1,5630,"ref_strain",120,1
"5700","01_5726_0120_01",1,5726,"ref_strain",120,1
"5701","01_5821_0120_01",1,5821,"ref_strain",120,1
"5702","01_5994_0120_01",1,5994,"ref_strain",120,1
"5703","01_6012_0120_01",1,6012,"ref_strain",120,1
"5704","01_6205_0120_01",1,6205,"ref_strain",120,1
"5705","01_6855_0120_01",1,6855,"ref_strain",120,1
"5706","01_7064_0120_01",1,7064,"ref_strain",120,1
"5707","01_7232_0120_01",1,7232,"ref_strain",120,1
"5708","01_7245_0120_01",1,7245,"ref_strain",120,1
"5709","01_7364_0120_01",1,7364,"ref_strain",120,1
"5710","01_7582_0120_01",1,7582,"ref_strain",120,1
"5711","01_7776_0120_01",1,7776,"ref_strain",120,1
"5712","01_8501_0120_01",1,8501,"ref_strain",120,1
"5713","01_8656_0120_01",1,8656,"ref_strain",120,1
"5714","01_8824_0120_01",1,8824,"ref_strain",120,1
"5715","01_9083_0120_01",1,9083,"ref_strain",120,1
"5716","01_9102_0120_01",1,9102,"ref_strain",120,1
"5717","01_9224_0120_01",1,9224,"ref_strain",120,1
"5718","01_9389_0120_01",1,9389,"ref_strain",120,1
"5719","01_9471_0120_01",1,9471,"ref_strain",120,1
"5720","01_9577_0120_01",1,9577,"ref_strain",120,1
"5721","01_9635_0120_01",1,9635,"ref_strain",120,1
"5722","01_9678_0120_01",1,9678,"ref_strain",120,1
"5723","01_10015_0120_01",1,10015,"ref_strain",120,1
"5724","01_10023_0120_01",1,10023,"ref_strain",120,1
"5725","01_10057_0120_01",1,10057,"ref_strain",120,1
"5726","01_10207_0120_01",1,10207,"ref_strain",120,1
"5727","01_10499_0120_01",1,10499,"ref_strain",120,1
"5728","01_10817_0120_01",1,10817,"ref_strain",120,1
"5729","01_10837_0120_01",1,10837,"ref_strain",120,1
"5730","01_11143_0120_01",1,11143,"ref_strain",120,1
"5731","01_11214_0120_01",1,11214,"ref_strain",120,1
"5732","01_11414_0120_01",1,11414,"ref_strain",120,1
"5733","01_11721_0120_01",1,11721,"ref_strain",120,1
"5734","01_11739_0120_01",1,11739,"ref_strain",120,1
"5735","01_11742_0120_01",1,11742,"ref_strain",120,1
"5736","01_11809_0120_01",1,11809,"ref_strain",120,1
"5737","01_11821_0120_01",1,11821,"ref_strain",120,1
"5738","01_11935_0120_01",1,11935,"ref_strain",120,1
"5739","01_12391_0120_01",1,12391,"ref_strain",120,1
"5740","01_12572_0120_01",1,12572,"ref_strain",120,1
"5741","01_12666_0120_01",1,12666,"ref_strain",120,1
"5742","01_12708_0120_01",1,12708,"ref_strain",120,1
"5743","01_12782_0120_01",1,12782,"ref_strain",120,1
"5744","01_13066_0120_01",1,13066,"ref_strain",120,1
"5745","01_13386_0120_01",1,13386,"ref_strain",120,1
"5746","01_13467_0120_01",1,13467,"ref_strain",120,1
"5747","01_13529_0120_01",1,13529,"ref_strain",120,1
"5748","01_13807_0120_01",1,13807,"ref_strain",120,1
"5749","01_13829_0120_01",1,13829,"ref_strain",120,1
"5750","01_13839_0120_01",1,13839,"ref_strain",120,1
"5751","01_13842_0120_01",1,13842,"ref_strain",120,1
"5752","01_14004_0120_01",1,14004,"ref_strain",120,1
"5753","01_14112_0120_01",1,14112,"ref_strain",120,1
"5754","01_14119_0120_01",1,14119,"ref_strain",120,1
"5755","01_14255_0120_01",1,14255,"ref_strain",120,1
"5756","01_14263_0120_01",1,14263,"ref_strain",120,1
"5757","01_14371_0120_01",1,14371,"ref_strain",120,1
"5758","01_14386_0120_01",1,14386,"ref_strain",120,1
"5759","01_0009_0121_01",1,9,"ref_strain",121,1
"5760","01_0129_0121_01",1,129,"ref_strain",121,1
"5761","01_0235_0121_01",1,235,"ref_strain",121,1
"5762","01_0276_0121_01",1,276,"ref_strain",121,1
"5763","01_0537_0121_01",1,537,"ref_strain",121,1
"5764","01_0597_0121_01",1,597,"ref_strain",121,1
"5765","01_0840_0121_01",1,840,"ref_strain",121,1
"5766","01_1450_0121_01",1,1450,"ref_strain",121,1
"5767","01_1480_0121_01",1,1480,"ref_strain",121,1
"5768","01_1601_0121_01",1,1601,"ref_strain",121,1
"5769","01_1609_0121_01",1,1609,"ref_strain",121,1
"5770","01_1658_0121_01",1,1658,"ref_strain",121,1
"5771","01_1668_0121_01",1,1668,"ref_strain",121,1
"5772","01_1793_0121_01",1,1793,"ref_strain",121,1
"5773","01_1847_0121_01",1,1847,"ref_strain",121,1
"5774","01_1994_0121_01",1,1994,"ref_strain",121,1
"5775","01_2349_0121_01",1,2349,"ref_strain",121,1
"5776","01_2555_0121_01",1,2555,"ref_strain",121,1
"5777","01_2597_0121_01",1,2597,"ref_strain",121,1
"5778","01_2605_0121_01",1,2605,"ref_strain",121,1
"5779","01_2752_0121_01",1,2752,"ref_strain",121,1
"5780","01_2889_0121_01",1,2889,"ref_strain",121,1
"5781","01_3011_0121_01",1,3011,"ref_strain",121,1
"5782","01_3216_0121_01",1,3216,"ref_strain",121,1
"5783","01_3222_0121_01",1,3222,"ref_strain",121,1
"5784","01_3293_0121_01",1,3293,"ref_strain",121,1
"5785","01_3435_0121_01",1,3435,"ref_strain",121,1
"5786","01_3586_0121_01",1,3586,"ref_strain",121,1
"5787","01_3745_0121_01",1,3745,"ref_strain",121,1
"5788","01_3846_0121_01",1,3846,"ref_strain",121,1
"5789","01_3862_0121_01",1,3862,"ref_strain",121,1
"5790","01_4007_0121_01",1,4007,"ref_strain",121,1
"5791","01_4012_0121_01",1,4012,"ref_strain",121,1
"5792","01_4051_0121_01",1,4051,"ref_strain",121,1
"5793","01_4079_0121_01",1,4079,"ref_strain",121,1
"5794","01_4376_0121_01",1,4376,"ref_strain",121,1
"5795","01_4531_0121_01",1,4531,"ref_strain",121,1
"5796","01_4787_0121_01",1,4787,"ref_strain",121,1
"5797","01_4899_0121_01",1,4899,"ref_strain",121,1
"5798","01_5277_0121_01",1,5277,"ref_strain",121,1
"5799","01_5568_0121_01",1,5568,"ref_strain",121,1
"5800","01_5611_0121_01",1,5611,"ref_strain",121,1
"5801","01_5852_0121_01",1,5852,"ref_strain",121,1
"5802","01_6152_0121_01",1,6152,"ref_strain",121,1
"5803","01_6489_0121_01",1,6489,"ref_strain",121,1
"5804","01_6596_0121_01",1,6596,"ref_strain",121,1
"5805","01_6679_0121_01",1,6679,"ref_strain",121,1
"5806","01_6703_0121_01",1,6703,"ref_strain",121,1
"5807","01_6737_0121_01",1,6737,"ref_strain",121,1
"5808","01_6743_0121_01",1,6743,"ref_strain",121,1
"5809","01_6822_0121_01",1,6822,"ref_strain",121,1
"5810","01_7084_0121_01",1,7084,"ref_strain",121,1
"5811","01_7372_0121_01",1,7372,"ref_strain",121,1
"5812","01_7745_0121_01",1,7745,"ref_strain",121,1
"5813","01_7813_0121_01",1,7813,"ref_strain",121,1
"5814","01_7971_0121_01",1,7971,"ref_strain",121,1
"5815","01_7987_0121_01",1,7987,"ref_strain",121,1
"5816","01_8393_0121_01",1,8393,"ref_strain",121,1
"5817","01_8440_0121_01",1,8440,"ref_strain",121,1
"5818","01_8803_0121_01",1,8803,"ref_strain",121,1
"5819","01_8821_0121_01",1,8821,"ref_strain",121,1
"5820","01_9260_0121_01",1,9260,"ref_strain",121,1
"5821","01_9287_0121_01",1,9287,"ref_strain",121,1
"5822","01_9371_0121_01",1,9371,"ref_strain",121,1
"5823","01_9381_0121_01",1,9381,"ref_strain",121,1
"5824","01_9584_0121_01",1,9584,"ref_strain",121,1
"5825","01_9713_0121_01",1,9713,"ref_strain",121,1
"5826","01_9972_0121_01",1,9972,"ref_strain",121,1
"5827","01_10794_0121_01",1,10794,"ref_strain",121,1
"5828","01_10954_0121_01",1,10954,"ref_strain",121,1
"5829","01_11211_0121_01",1,11211,"ref_strain",121,1
"5830","01_11300_0121_01",1,11300,"ref_strain",121,1
"5831","01_11400_0121_01",1,11400,"ref_strain",121,1
"5832","01_11430_0121_01",1,11430,"ref_strain",121,1
"5833","01_11481_0121_01",1,11481,"ref_strain",121,1
"5834","01_11505_0121_01",1,11505,"ref_strain",121,1
"5835","01_11663_0121_01",1,11663,"ref_strain",121,1
"5836","01_11755_0121_01",1,11755,"ref_strain",121,1
"5837","01_11912_0121_01",1,11912,"ref_strain",121,1
"5838","01_11981_0121_01",1,11981,"ref_strain",121,1
"5839","01_12051_0121_01",1,12051,"ref_strain",121,1
"5840","01_12219_0121_01",1,12219,"ref_strain",121,1
"5841","01_12480_0121_01",1,12480,"ref_strain",121,1
"5842","01_12815_0121_01",1,12815,"ref_strain",121,1
"5843","01_12985_0121_01",1,12985,"ref_strain",121,1
"5844","01_13329_0121_01",1,13329,"ref_strain",121,1
"5845","01_13421_0121_01",1,13421,"ref_strain",121,1
"5846","01_13576_0121_01",1,13576,"ref_strain",121,1
"5847","01_13647_0121_01",1,13647,"ref_strain",121,1
"5848","01_13668_0121_01",1,13668,"ref_strain",121,1
"5849","01_13699_0121_01",1,13699,"ref_strain",121,1
"5850","01_13759_0121_01",1,13759,"ref_strain",121,1
"5851","01_13851_0121_01",1,13851,"ref_strain",121,1
"5852","01_14234_0121_01",1,14234,"ref_strain",121,1
"5853","01_14395_0121_01",1,14395,"ref_strain",121,1
"5854","01_14483_0121_01",1,14483,"ref_strain",121,1
"5855","01_0069_0122_01",1,69,"ref_strain",122,1
"5856","01_0248_0122_01",1,248,"ref_strain",122,1
"5857","01_0679_0122_01",1,679,"ref_strain",122,1
"5858","01_0688_0122_01",1,688,"ref_strain",122,1
"5859","01_0741_0122_01",1,741,"ref_strain",122,1
"5860","01_0971_0122_01",1,971,"ref_strain",122,1
"5861","01_1152_0122_01",1,1152,"ref_strain",122,1
"5862","01_1306_0122_01",1,1306,"ref_strain",122,1
"5863","01_1542_0122_01",1,1542,"ref_strain",122,1
"5864","01_1618_0122_01",1,1618,"ref_strain",122,1
"5865","01_1653_0122_01",1,1653,"ref_strain",122,1
"5866","01_1726_0122_01",1,1726,"ref_strain",122,1
"5867","01_1995_0122_01",1,1995,"ref_strain",122,1
"5868","01_2038_0122_01",1,2038,"ref_strain",122,1
"5869","01_2359_0122_01",1,2359,"ref_strain",122,1
"5870","01_2660_0122_01",1,2660,"ref_strain",122,1
"5871","01_2723_0122_01",1,2723,"ref_strain",122,1
"5872","01_2822_0122_01",1,2822,"ref_strain",122,1
"5873","01_3047_0122_01",1,3047,"ref_strain",122,1
"5874","01_3122_0122_01",1,3122,"ref_strain",122,1
"5875","01_3555_0122_01",1,3555,"ref_strain",122,1
"5876","01_3618_0122_01",1,3618,"ref_strain",122,1
"5877","01_3690_0122_01",1,3690,"ref_strain",122,1
"5878","01_4380_0122_01",1,4380,"ref_strain",122,1
"5879","01_4585_0122_01",1,4585,"ref_strain",122,1
"5880","01_4629_0122_01",1,4629,"ref_strain",122,1
"5881","01_4739_0122_01",1,4739,"ref_strain",122,1
"5882","01_4782_0122_01",1,4782,"ref_strain",122,1
"5883","01_4880_0122_01",1,4880,"ref_strain",122,1
"5884","01_4931_0122_01",1,4931,"ref_strain",122,1
"5885","01_5386_0122_01",1,5386,"ref_strain",122,1
"5886","01_5513_0122_01",1,5513,"ref_strain",122,1
"5887","01_5606_0122_01",1,5606,"ref_strain",122,1
"5888","01_5608_0122_01",1,5608,"ref_strain",122,1
"5889","01_5887_0122_01",1,5887,"ref_strain",122,1
"5890","01_6158_0122_01",1,6158,"ref_strain",122,1
"5891","01_6496_0122_01",1,6496,"ref_strain",122,1
"5892","01_6510_0122_01",1,6510,"ref_strain",122,1
"5893","01_6904_0122_01",1,6904,"ref_strain",122,1
"5894","01_7159_0122_01",1,7159,"ref_strain",122,1
"5895","01_7359_0122_01",1,7359,"ref_strain",122,1
"5896","01_7412_0122_01",1,7412,"ref_strain",122,1
"5897","01_7464_0122_01",1,7464,"ref_strain",122,1
"5898","01_7877_0122_01",1,7877,"ref_strain",122,1
"5899","01_8071_0122_01",1,8071,"ref_strain",122,1
"5900","01_8156_0122_01",1,8156,"ref_strain",122,1
"5901","01_8228_0122_01",1,8228,"ref_strain",122,1
"5902","01_8384_0122_01",1,8384,"ref_strain",122,1
"5903","01_8569_0122_01",1,8569,"ref_strain",122,1
"5904","01_8669_0122_01",1,8669,"ref_strain",122,1
"5905","01_8770_0122_01",1,8770,"ref_strain",122,1
"5906","01_8822_0122_01",1,8822,"ref_strain",122,1
"5907","01_8865_0122_01",1,8865,"ref_strain",122,1
"5908","01_9034_0122_01",1,9034,"ref_strain",122,1
"5909","01_9261_0122_01",1,9261,"ref_strain",122,1
"5910","01_9264_0122_01",1,9264,"ref_strain",122,1
"5911","01_9342_0122_01",1,9342,"ref_strain",122,1
"5912","01_9399_0122_01",1,9399,"ref_strain",122,1
"5913","01_9655_0122_01",1,9655,"ref_strain",122,1
"5914","01_9762_0122_01",1,9762,"ref_strain",122,1
"5915","01_9793_0122_01",1,9793,"ref_strain",122,1
"5916","01_10257_0122_01",1,10257,"ref_strain",122,1
"5917","01_10670_0122_01",1,10670,"ref_strain",122,1
"5918","01_10680_0122_01",1,10680,"ref_strain",122,1
"5919","01_10726_0122_01",1,10726,"ref_strain",122,1
"5920","01_10853_0122_01",1,10853,"ref_strain",122,1
"5921","01_11137_0122_01",1,11137,"ref_strain",122,1
"5922","01_11475_0122_01",1,11475,"ref_strain",122,1
"5923","01_11594_0122_01",1,11594,"ref_strain",122,1
"5924","01_11644_0122_01",1,11644,"ref_strain",122,1
"5925","01_11776_0122_01",1,11776,"ref_strain",122,1
"5926","01_12183_0122_01",1,12183,"ref_strain",122,1
"5927","01_12316_0122_01",1,12316,"ref_strain",122,1
"5928","01_12862_0122_01",1,12862,"ref_strain",122,1
"5929","01_13407_0122_01",1,13407,"ref_strain",122,1
"5930","01_13589_0122_01",1,13589,"ref_strain",122,1
"5931","01_13703_0122_01",1,13703,"ref_strain",122,1
"5932","01_13889_0122_01",1,13889,"ref_strain",122,1
"5933","01_14070_0122_01",1,14070,"ref_strain",122,1
"5934","01_14272_0122_01",1,14272,"ref_strain",122,1
"5935","01_14455_0122_01",1,14455,"ref_strain",122,1
"5936","01_0154_0123_01",1,154,"ref_strain",123,1
"5937","01_0360_0123_01",1,360,"ref_strain",123,1
"5938","01_0643_0123_01",1,643,"ref_strain",123,1
"5939","01_0826_0123_01",1,826,"ref_strain",123,1
"5940","01_0891_0123_01",1,891,"ref_strain",123,1
"5941","01_1013_0123_01",1,1013,"ref_strain",123,1
"5942","01_1253_0123_01",1,1253,"ref_strain",123,1
"5943","01_1298_0123_01",1,1298,"ref_strain",123,1
"5944","01_1470_0123_01",1,1470,"ref_strain",123,1
"5945","01_1711_0123_01",1,1711,"ref_strain",123,1
"5946","01_2017_0123_01",1,2017,"ref_strain",123,1
"5947","01_2051_0123_01",1,2051,"ref_strain",123,1
"5948","01_2406_0123_01",1,2406,"ref_strain",123,1
"5949","01_2420_0123_01",1,2420,"ref_strain",123,1
"5950","01_2710_0123_01",1,2710,"ref_strain",123,1
"5951","01_2770_0123_01",1,2770,"ref_strain",123,1
"5952","01_3125_0123_01",1,3125,"ref_strain",123,1
"5953","01_3376_0123_01",1,3376,"ref_strain",123,1
"5954","01_3670_0123_01",1,3670,"ref_strain",123,1
"5955","01_4145_0123_01",1,4145,"ref_strain",123,1
"5956","01_4228_0123_01",1,4228,"ref_strain",123,1
"5957","01_4415_0123_01",1,4415,"ref_strain",123,1
"5958","01_4426_0123_01",1,4426,"ref_strain",123,1
"5959","01_5236_0123_01",1,5236,"ref_strain",123,1
"5960","01_5512_0123_01",1,5512,"ref_strain",123,1
"5961","01_5783_0123_01",1,5783,"ref_strain",123,1
"5962","01_5951_0123_01",1,5951,"ref_strain",123,1
"5963","01_6024_0123_01",1,6024,"ref_strain",123,1
"5964","01_6056_0123_01",1,6056,"ref_strain",123,1
"5965","01_6086_0123_01",1,6086,"ref_strain",123,1
"5966","01_6424_0123_01",1,6424,"ref_strain",123,1
"5967","01_6523_0123_01",1,6523,"ref_strain",123,1
"5968","01_6889_0123_01",1,6889,"ref_strain",123,1
"5969","01_6953_0123_01",1,6953,"ref_strain",123,1
"5970","01_7016_0123_01",1,7016,"ref_strain",123,1
"5971","01_7218_0123_01",1,7218,"ref_strain",123,1
"5972","01_7390_0123_01",1,7390,"ref_strain",123,1
"5973","01_7635_0123_01",1,7635,"ref_strain",123,1
"5974","01_7842_0123_01",1,7842,"ref_strain",123,1
"5975","01_7865_0123_01",1,7865,"ref_strain",123,1
"5976","01_8491_0123_01",1,8491,"ref_strain",123,1
"5977","01_8838_0123_01",1,8838,"ref_strain",123,1
"5978","01_8984_0123_01",1,8984,"ref_strain",123,1
"5979","01_9022_0123_01",1,9022,"ref_strain",123,1
"5980","01_9209_0123_01",1,9209,"ref_strain",123,1
"5981","01_9254_0123_01",1,9254,"ref_strain",123,1
"5982","01_9281_0123_01",1,9281,"ref_strain",123,1
"5983","01_9556_0123_01",1,9556,"ref_strain",123,1
"5984","01_9670_0123_01",1,9670,"ref_strain",123,1
"5985","01_9709_0123_01",1,9709,"ref_strain",123,1
"5986","01_9923_0123_01",1,9923,"ref_strain",123,1
"5987","01_10482_0123_01",1,10482,"ref_strain",123,1
"5988","01_10681_0123_01",1,10681,"ref_strain",123,1
"5989","01_10839_0123_01",1,10839,"ref_strain",123,1
"5990","01_10923_0123_01",1,10923,"ref_strain",123,1
"5991","01_11024_0123_01",1,11024,"ref_strain",123,1
"5992","01_11490_0123_01",1,11490,"ref_strain",123,1
"5993","01_11551_0123_01",1,11551,"ref_strain",123,1
"5994","01_11709_0123_01",1,11709,"ref_strain",123,1
"5995","01_11822_0123_01",1,11822,"ref_strain",123,1
"5996","01_11852_0123_01",1,11852,"ref_strain",123,1
"5997","01_11890_0123_01",1,11890,"ref_strain",123,1
"5998","01_12090_0123_01",1,12090,"ref_strain",123,1
"5999","01_12148_0123_01",1,12148,"ref_strain",123,1
"6000","01_12566_0123_01",1,12566,"ref_strain",123,1
"6001","01_12644_0123_01",1,12644,"ref_strain",123,1
"6002","01_12902_0123_01",1,12902,"ref_strain",123,1
"6003","01_13017_0123_01",1,13017,"ref_strain",123,1
"6004","01_13145_0123_01",1,13145,"ref_strain",123,1
"6005","01_13208_0123_01",1,13208,"ref_strain",123,1
"6006","01_13627_0123_01",1,13627,"ref_strain",123,1
"6007","01_13683_0123_01",1,13683,"ref_strain",123,1
"6008","01_13995_0123_01",1,13995,"ref_strain",123,1
"6009","01_14197_0123_01",1,14197,"ref_strain",123,1
"6010","01_14284_0123_01",1,14284,"ref_strain",123,1
"6011","01_14353_0123_01",1,14353,"ref_strain",123,1
"6012","01_0120_0124_01",1,120,"ref_strain",124,1
"6013","01_0279_0124_01",1,279,"ref_strain",124,1
"6014","01_0322_0124_01",1,322,"ref_strain",124,1
"6015","01_0407_0124_01",1,407,"ref_strain",124,1
"6016","01_0594_0124_01",1,594,"ref_strain",124,1
"6017","01_0644_0124_01",1,644,"ref_strain",124,1
"6018","01_1704_0124_01",1,1704,"ref_strain",124,1
"6019","01_2009_0124_01",1,2009,"ref_strain",124,1
"6020","01_2108_0124_01",1,2108,"ref_strain",124,1
"6021","01_2205_0124_01",1,2205,"ref_strain",124,1
"6022","01_2234_0124_01",1,2234,"ref_strain",124,1
"6023","01_2269_0124_01",1,2269,"ref_strain",124,1
"6024","01_2371_0124_01",1,2371,"ref_strain",124,1
"6025","01_2419_0124_01",1,2419,"ref_strain",124,1
"6026","01_2436_0124_01",1,2436,"ref_strain",124,1
"6027","01_2641_0124_01",1,2641,"ref_strain",124,1
"6028","01_3157_0124_01",1,3157,"ref_strain",124,1
"6029","01_3941_0124_01",1,3941,"ref_strain",124,1
"6030","01_4094_0124_01",1,4094,"ref_strain",124,1
"6031","01_4135_0124_01",1,4135,"ref_strain",124,1
"6032","01_4162_0124_01",1,4162,"ref_strain",124,1
"6033","01_4729_0124_01",1,4729,"ref_strain",124,1
"6034","01_4924_0124_01",1,4924,"ref_strain",124,1
"6035","01_5168_0124_01",1,5168,"ref_strain",124,1
"6036","01_5556_0124_01",1,5556,"ref_strain",124,1
"6037","01_5892_0124_01",1,5892,"ref_strain",124,1
"6038","01_5904_0124_01",1,5904,"ref_strain",124,1
"6039","01_6375_0124_01",1,6375,"ref_strain",124,1
"6040","01_6387_0124_01",1,6387,"ref_strain",124,1
"6041","01_6470_0124_01",1,6470,"ref_strain",124,1
"6042","01_6960_0124_01",1,6960,"ref_strain",124,1
"6043","01_7121_0124_01",1,7121,"ref_strain",124,1
"6044","01_7473_0124_01",1,7473,"ref_strain",124,1
"6045","01_7477_0124_01",1,7477,"ref_strain",124,1
"6046","01_7662_0124_01",1,7662,"ref_strain",124,1
"6047","01_7670_0124_01",1,7670,"ref_strain",124,1
"6048","01_7760_0124_01",1,7760,"ref_strain",124,1
"6049","01_7774_0124_01",1,7774,"ref_strain",124,1
"6050","01_8127_0124_01",1,8127,"ref_strain",124,1
"6051","01_8174_0124_01",1,8174,"ref_strain",124,1
"6052","01_8378_0124_01",1,8378,"ref_strain",124,1
"6053","01_9213_0124_01",1,9213,"ref_strain",124,1
"6054","01_9243_0124_01",1,9243,"ref_strain",124,1
"6055","01_9256_0124_01",1,9256,"ref_strain",124,1
"6056","01_9487_0124_01",1,9487,"ref_strain",124,1
"6057","01_9846_0124_01",1,9846,"ref_strain",124,1
"6058","01_9946_0124_01",1,9946,"ref_strain",124,1
"6059","01_10204_0124_01",1,10204,"ref_strain",124,1
"6060","01_10409_0124_01",1,10409,"ref_strain",124,1
"6061","01_10494_0124_01",1,10494,"ref_strain",124,1
"6062","01_10532_0124_01",1,10532,"ref_strain",124,1
"6063","01_10782_0124_01",1,10782,"ref_strain",124,1
"6064","01_11329_0124_01",1,11329,"ref_strain",124,1
"6065","01_11586_0124_01",1,11586,"ref_strain",124,1
"6066","01_11653_0124_01",1,11653,"ref_strain",124,1
"6067","01_11800_0124_01",1,11800,"ref_strain",124,1
"6068","01_11883_0124_01",1,11883,"ref_strain",124,1
"6069","01_12342_0124_01",1,12342,"ref_strain",124,1
"6070","01_12350_0124_01",1,12350,"ref_strain",124,1
"6071","01_13033_0124_01",1,13033,"ref_strain",124,1
"6072","01_13112_0124_01",1,13112,"ref_strain",124,1
"6073","01_13267_0124_01",1,13267,"ref_strain",124,1
"6074","01_13349_0124_01",1,13349,"ref_strain",124,1
"6075","01_13902_0124_01",1,13902,"ref_strain",124,1
"6076","01_14008_0124_01",1,14008,"ref_strain",124,1
"6077","01_14057_0124_01",1,14057,"ref_strain",124,1
"6078","01_14176_0124_01",1,14176,"ref_strain",124,1
"6079","01_14317_0124_01",1,14317,"ref_strain",124,1
"6080","01_14387_0124_01",1,14387,"ref_strain",124,1
"6081","01_14406_0124_01",1,14406,"ref_strain",124,1
"6082","01_0200_0125_01",1,200,"ref_strain",125,1
"6083","01_0232_0125_01",1,232,"ref_strain",125,1
"6084","01_0365_0125_01",1,365,"ref_strain",125,1
"6085","01_0482_0125_01",1,482,"ref_strain",125,1
"6086","01_0606_0125_01",1,606,"ref_strain",125,1
"6087","01_0682_0125_01",1,682,"ref_strain",125,1
"6088","01_0959_0125_01",1,959,"ref_strain",125,1
"6089","01_1064_0125_01",1,1064,"ref_strain",125,1
"6090","01_1341_0125_01",1,1341,"ref_strain",125,1
"6091","01_1560_0125_01",1,1560,"ref_strain",125,1
"6092","01_1647_0125_01",1,1647,"ref_strain",125,1
"6093","01_1842_0125_01",1,1842,"ref_strain",125,1
"6094","01_2168_0125_01",1,2168,"ref_strain",125,1
"6095","01_2266_0125_01",1,2266,"ref_strain",125,1
"6096","01_2524_0125_01",1,2524,"ref_strain",125,1
"6097","01_2711_0125_01",1,2711,"ref_strain",125,1
"6098","01_2728_0125_01",1,2728,"ref_strain",125,1
"6099","01_2761_0125_01",1,2761,"ref_strain",125,1
"6100","01_2993_0125_01",1,2993,"ref_strain",125,1
"6101","01_3039_0125_01",1,3039,"ref_strain",125,1
"6102","01_4651_0125_01",1,4651,"ref_strain",125,1
"6103","01_4671_0125_01",1,4671,"ref_strain",125,1
"6104","01_4949_0125_01",1,4949,"ref_strain",125,1
"6105","01_4962_0125_01",1,4962,"ref_strain",125,1
"6106","01_5056_0125_01",1,5056,"ref_strain",125,1
"6107","01_5068_0125_01",1,5068,"ref_strain",125,1
"6108","01_5094_0125_01",1,5094,"ref_strain",125,1
"6109","01_5238_0125_01",1,5238,"ref_strain",125,1
"6110","01_5577_0125_01",1,5577,"ref_strain",125,1
"6111","01_5779_0125_01",1,5779,"ref_strain",125,1
"6112","01_5919_0125_01",1,5919,"ref_strain",125,1
"6113","01_6049_0125_01",1,6049,"ref_strain",125,1
"6114","01_6377_0125_01",1,6377,"ref_strain",125,1
"6115","01_6465_0125_01",1,6465,"ref_strain",125,1
"6116","01_6748_0125_01",1,6748,"ref_strain",125,1
"6117","01_7153_0125_01",1,7153,"ref_strain",125,1
"6118","01_7164_0125_01",1,7164,"ref_strain",125,1
"6119","01_7440_0125_01",1,7440,"ref_strain",125,1
"6120","01_7502_0125_01",1,7502,"ref_strain",125,1
"6121","01_7566_0125_01",1,7566,"ref_strain",125,1
"6122","01_7642_0125_01",1,7642,"ref_strain",125,1
"6123","01_8023_0125_01",1,8023,"ref_strain",125,1
"6124","01_8031_0125_01",1,8031,"ref_strain",125,1
"6125","01_8482_0125_01",1,8482,"ref_strain",125,1
"6126","01_8513_0125_01",1,8513,"ref_strain",125,1
"6127","01_8630_0125_01",1,8630,"ref_strain",125,1
"6128","01_8774_0125_01",1,8774,"ref_strain",125,1
"6129","01_8786_0125_01",1,8786,"ref_strain",125,1
"6130","01_8812_0125_01",1,8812,"ref_strain",125,1
"6131","01_9172_0125_01",1,9172,"ref_strain",125,1
"6132","01_9217_0125_01",1,9217,"ref_strain",125,1
"6133","01_9872_0125_01",1,9872,"ref_strain",125,1
"6134","01_10259_0125_01",1,10259,"ref_strain",125,1
"6135","01_10328_0125_01",1,10328,"ref_strain",125,1
"6136","01_10362_0125_01",1,10362,"ref_strain",125,1
"6137","01_10857_0125_01",1,10857,"ref_strain",125,1
"6138","01_10860_0125_01",1,10860,"ref_strain",125,1
"6139","01_11002_0125_01",1,11002,"ref_strain",125,1
"6140","01_11105_0125_01",1,11105,"ref_strain",125,1
"6141","01_11294_0125_01",1,11294,"ref_strain",125,1
"6142","01_11374_0125_01",1,11374,"ref_strain",125,1
"6143","01_11845_0125_01",1,11845,"ref_strain",125,1
"6144","01_12139_0125_01",1,12139,"ref_strain",125,1
"6145","01_12574_0125_01",1,12574,"ref_strain",125,1
"6146","01_13608_0125_01",1,13608,"ref_strain",125,1
"6147","01_13892_0125_01",1,13892,"ref_strain",125,1
"6148","01_13930_0125_01",1,13930,"ref_strain",125,1
"6149","01_14045_0125_01",1,14045,"ref_strain",125,1
"6150","01_14080_0125_01",1,14080,"ref_strain",125,1
"6151","01_14333_0125_01",1,14333,"ref_strain",125,1
"6152","01_14453_0125_01",1,14453,"ref_strain",125,1
"6153","01_0141_0126_01",1,141,"ref_strain",126,1
"6154","01_0353_0126_01",1,353,"ref_strain",126,1
"6155","01_0630_0126_01",1,630,"ref_strain",126,1
"6156","01_1497_0126_01",1,1497,"ref_strain",126,1
"6157","01_2563_0126_01",1,2563,"ref_strain",126,1
"6158","01_2566_0126_01",1,2566,"ref_strain",126,1
"6159","01_2587_0126_01",1,2587,"ref_strain",126,1
"6160","01_2647_0126_01",1,2647,"ref_strain",126,1
"6161","01_2924_0126_01",1,2924,"ref_strain",126,1
"6162","01_2947_0126_01",1,2947,"ref_strain",126,1
"6163","01_3174_0126_01",1,3174,"ref_strain",126,1
"6164","01_3305_0126_01",1,3305,"ref_strain",126,1
"6165","01_3693_0126_01",1,3693,"ref_strain",126,1
"6166","01_3929_0126_01",1,3929,"ref_strain",126,1
"6167","01_4511_0126_01",1,4511,"ref_strain",126,1
"6168","01_4512_0126_01",1,4512,"ref_strain",126,1
"6169","01_4901_0126_01",1,4901,"ref_strain",126,1
"6170","01_4938_0126_01",1,4938,"ref_strain",126,1
"6171","01_4944_0126_01",1,4944,"ref_strain",126,1
"6172","01_5413_0126_01",1,5413,"ref_strain",126,1
"6173","01_5493_0126_01",1,5493,"ref_strain",126,1
"6174","01_5725_0126_01",1,5725,"ref_strain",126,1
"6175","01_6161_0126_01",1,6161,"ref_strain",126,1
"6176","01_6549_0126_01",1,6549,"ref_strain",126,1
"6177","01_6608_0126_01",1,6608,"ref_strain",126,1
"6178","01_6678_0126_01",1,6678,"ref_strain",126,1
"6179","01_6729_0126_01",1,6729,"ref_strain",126,1
"6180","01_7163_0126_01",1,7163,"ref_strain",126,1
"6181","01_7194_0126_01",1,7194,"ref_strain",126,1
"6182","01_7444_0126_01",1,7444,"ref_strain",126,1
"6183","01_7895_0126_01",1,7895,"ref_strain",126,1
"6184","01_8065_0126_01",1,8065,"ref_strain",126,1
"6185","01_8309_0126_01",1,8309,"ref_strain",126,1
"6186","01_8445_0126_01",1,8445,"ref_strain",126,1
"6187","01_8727_0126_01",1,8727,"ref_strain",126,1
"6188","01_8801_0126_01",1,8801,"ref_strain",126,1
"6189","01_9328_0126_01",1,9328,"ref_strain",126,1
"6190","01_9494_0126_01",1,9494,"ref_strain",126,1
"6191","01_9776_0126_01",1,9776,"ref_strain",126,1
"6192","01_10291_0126_01",1,10291,"ref_strain",126,1
"6193","01_10579_0126_01",1,10579,"ref_strain",126,1
"6194","01_10606_0126_01",1,10606,"ref_strain",126,1
"6195","01_10934_0126_01",1,10934,"ref_strain",126,1
"6196","01_11094_0126_01",1,11094,"ref_strain",126,1
"6197","01_12106_0126_01",1,12106,"ref_strain",126,1
"6198","01_12599_0126_01",1,12599,"ref_strain",126,1
"6199","01_13634_0126_01",1,13634,"ref_strain",126,1
"6200","01_13761_0126_01",1,13761,"ref_strain",126,1
"6201","01_14332_0126_01",1,14332,"ref_strain",126,1
"6202","01_0206_0127_01",1,206,"ref_strain",127,1
"6203","01_1110_0127_01",1,1110,"ref_strain",127,1
"6204","01_1394_0127_01",1,1394,"ref_strain",127,1
"6205","01_1477_0127_01",1,1477,"ref_strain",127,1
"6206","01_1492_0127_01",1,1492,"ref_strain",127,1
"6207","01_1511_0127_01",1,1511,"ref_strain",127,1
"6208","01_1641_0127_01",1,1641,"ref_strain",127,1
"6209","01_1964_0127_01",1,1964,"ref_strain",127,1
"6210","01_2030_0127_01",1,2030,"ref_strain",127,1
"6211","01_2150_0127_01",1,2150,"ref_strain",127,1
"6212","01_2235_0127_01",1,2235,"ref_strain",127,1
"6213","01_2246_0127_01",1,2246,"ref_strain",127,1
"6214","01_2718_0127_01",1,2718,"ref_strain",127,1
"6215","01_3336_0127_01",1,3336,"ref_strain",127,1
"6216","01_3454_0127_01",1,3454,"ref_strain",127,1
"6217","01_3644_0127_01",1,3644,"ref_strain",127,1
"6218","01_3983_0127_01",1,3983,"ref_strain",127,1
"6219","01_4238_0127_01",1,4238,"ref_strain",127,1
"6220","01_4387_0127_01",1,4387,"ref_strain",127,1
"6221","01_4580_0127_01",1,4580,"ref_strain",127,1
"6222","01_4590_0127_01",1,4590,"ref_strain",127,1
"6223","01_4617_0127_01",1,4617,"ref_strain",127,1
"6224","01_4637_0127_01",1,4637,"ref_strain",127,1
"6225","01_4719_0127_01",1,4719,"ref_strain",127,1
"6226","01_5102_0127_01",1,5102,"ref_strain",127,1
"6227","01_5211_0127_01",1,5211,"ref_strain",127,1
"6228","01_5214_0127_01",1,5214,"ref_strain",127,1
"6229","01_5530_0127_01",1,5530,"ref_strain",127,1
"6230","01_5581_0127_01",1,5581,"ref_strain",127,1
"6231","01_5807_0127_01",1,5807,"ref_strain",127,1
"6232","01_5974_0127_01",1,5974,"ref_strain",127,1
"6233","01_5983_0127_01",1,5983,"ref_strain",127,1
"6234","01_6135_0127_01",1,6135,"ref_strain",127,1
"6235","01_6432_0127_01",1,6432,"ref_strain",127,1
"6236","01_6569_0127_01",1,6569,"ref_strain",127,1
"6237","01_6702_0127_01",1,6702,"ref_strain",127,1
"6238","01_6928_0127_01",1,6928,"ref_strain",127,1
"6239","01_7189_0127_01",1,7189,"ref_strain",127,1
"6240","01_7309_0127_01",1,7309,"ref_strain",127,1
"6241","01_7856_0127_01",1,7856,"ref_strain",127,1
"6242","01_7909_0127_01",1,7909,"ref_strain",127,1
"6243","01_8418_0127_01",1,8418,"ref_strain",127,1
"6244","01_8534_0127_01",1,8534,"ref_strain",127,1
"6245","01_8930_0127_01",1,8930,"ref_strain",127,1
"6246","01_8963_0127_01",1,8963,"ref_strain",127,1
"6247","01_9145_0127_01",1,9145,"ref_strain",127,1
"6248","01_9197_0127_01",1,9197,"ref_strain",127,1
"6249","01_9728_0127_01",1,9728,"ref_strain",127,1
"6250","01_9842_0127_01",1,9842,"ref_strain",127,1
"6251","01_9903_0127_01",1,9903,"ref_strain",127,1
"6252","01_10004_0127_01",1,10004,"ref_strain",127,1
"6253","01_10072_0127_01",1,10072,"ref_strain",127,1
"6254","01_10368_0127_01",1,10368,"ref_strain",127,1
"6255","01_10748_0127_01",1,10748,"ref_strain",127,1
"6256","01_11436_0127_01",1,11436,"ref_strain",127,1
"6257","01_12271_0127_01",1,12271,"ref_strain",127,1
"6258","01_12325_0127_01",1,12325,"ref_strain",127,1
"6259","01_12646_0127_01",1,12646,"ref_strain",127,1
"6260","01_12924_0127_01",1,12924,"ref_strain",127,1
"6261","01_13067_0127_01",1,13067,"ref_strain",127,1
"6262","01_13318_0127_01",1,13318,"ref_strain",127,1
"6263","01_14288_0127_01",1,14288,"ref_strain",127,1
"6264","01_14299_0127_01",1,14299,"ref_strain",127,1
"6265","01_0165_0128_01",1,165,"ref_strain",128,1
"6266","01_0701_0128_01",1,701,"ref_strain",128,1
"6267","01_0763_0128_01",1,763,"ref_strain",128,1
"6268","01_0802_0128_01",1,802,"ref_strain",128,1
"6269","01_0808_0128_01",1,808,"ref_strain",128,1
"6270","01_1049_0128_01",1,1049,"ref_strain",128,1
"6271","01_1473_0128_01",1,1473,"ref_strain",128,1
"6272","01_1619_0128_01",1,1619,"ref_strain",128,1
"6273","01_1655_0128_01",1,1655,"ref_strain",128,1
"6274","01_1735_0128_01",1,1735,"ref_strain",128,1
"6275","01_1906_0128_01",1,1906,"ref_strain",128,1
"6276","01_2203_0128_01",1,2203,"ref_strain",128,1
"6277","01_2257_0128_01",1,2257,"ref_strain",128,1
"6278","01_2396_0128_01",1,2396,"ref_strain",128,1
"6279","01_2842_0128_01",1,2842,"ref_strain",128,1
"6280","01_2858_0128_01",1,2858,"ref_strain",128,1
"6281","01_2944_0128_01",1,2944,"ref_strain",128,1
"6282","01_3366_0128_01",1,3366,"ref_strain",128,1
"6283","01_3466_0128_01",1,3466,"ref_strain",128,1
"6284","01_3606_0128_01",1,3606,"ref_strain",128,1
"6285","01_5177_0128_01",1,5177,"ref_strain",128,1
"6286","01_5282_0128_01",1,5282,"ref_strain",128,1
"6287","01_5569_0128_01",1,5569,"ref_strain",128,1
"6288","01_5620_0128_01",1,5620,"ref_strain",128,1
"6289","01_5787_0128_01",1,5787,"ref_strain",128,1
"6290","01_6343_0128_01",1,6343,"ref_strain",128,1
"6291","01_6431_0128_01",1,6431,"ref_strain",128,1
"6292","01_6524_0128_01",1,6524,"ref_strain",128,1
"6293","01_6817_0128_01",1,6817,"ref_strain",128,1
"6294","01_7076_0128_01",1,7076,"ref_strain",128,1
"6295","01_7183_0128_01",1,7183,"ref_strain",128,1
"6296","01_7360_0128_01",1,7360,"ref_strain",128,1
"6297","01_7383_0128_01",1,7383,"ref_strain",128,1
"6298","01_7710_0128_01",1,7710,"ref_strain",128,1
"6299","01_7975_0128_01",1,7975,"ref_strain",128,1
"6300","01_8238_0128_01",1,8238,"ref_strain",128,1
"6301","01_8250_0128_01",1,8250,"ref_strain",128,1
"6302","01_8351_0128_01",1,8351,"ref_strain",128,1
"6303","01_8366_0128_01",1,8366,"ref_strain",128,1
"6304","01_9054_0128_01",1,9054,"ref_strain",128,1
"6305","01_9398_0128_01",1,9398,"ref_strain",128,1
"6306","01_9540_0128_01",1,9540,"ref_strain",128,1
"6307","01_9542_0128_01",1,9542,"ref_strain",128,1
"6308","01_9656_0128_01",1,9656,"ref_strain",128,1
"6309","01_9730_0128_01",1,9730,"ref_strain",128,1
"6310","01_9977_0128_01",1,9977,"ref_strain",128,1
"6311","01_10074_0128_01",1,10074,"ref_strain",128,1
"6312","01_10150_0128_01",1,10150,"ref_strain",128,1
"6313","01_10427_0128_01",1,10427,"ref_strain",128,1
"6314","01_10453_0128_01",1,10453,"ref_strain",128,1
"6315","01_10523_0128_01",1,10523,"ref_strain",128,1
"6316","01_10725_0128_01",1,10725,"ref_strain",128,1
"6317","01_11009_0128_01",1,11009,"ref_strain",128,1
"6318","01_11058_0128_01",1,11058,"ref_strain",128,1
"6319","01_11242_0128_01",1,11242,"ref_strain",128,1
"6320","01_11270_0128_01",1,11270,"ref_strain",128,1
"6321","01_11504_0128_01",1,11504,"ref_strain",128,1
"6322","01_12901_0128_01",1,12901,"ref_strain",128,1
"6323","01_13270_0128_01",1,13270,"ref_strain",128,1
"6324","01_13411_0128_01",1,13411,"ref_strain",128,1
"6325","01_14054_0128_01",1,14054,"ref_strain",128,1
"6326","01_14183_0128_01",1,14183,"ref_strain",128,1
"6327","01_14424_0128_01",1,14424,"ref_strain",128,1
"6328","01_0203_0129_01",1,203,"ref_strain",129,1
"6329","01_0251_0129_01",1,251,"ref_strain",129,1
"6330","01_0667_0129_01",1,667,"ref_strain",129,1
"6331","01_1424_0129_01",1,1424,"ref_strain",129,1
"6332","01_1429_0129_01",1,1429,"ref_strain",129,1
"6333","01_1991_0129_01",1,1991,"ref_strain",129,1
"6334","01_2103_0129_01",1,2103,"ref_strain",129,1
"6335","01_2578_0129_01",1,2578,"ref_strain",129,1
"6336","01_3147_0129_01",1,3147,"ref_strain",129,1
"6337","01_3382_0129_01",1,3382,"ref_strain",129,1
"6338","01_3557_0129_01",1,3557,"ref_strain",129,1
"6339","01_4156_0129_01",1,4156,"ref_strain",129,1
"6340","01_4353_0129_01",1,4353,"ref_strain",129,1
"6341","01_4424_0129_01",1,4424,"ref_strain",129,1
"6342","01_4442_0129_01",1,4442,"ref_strain",129,1
"6343","01_5270_0129_01",1,5270,"ref_strain",129,1
"6344","01_5632_0129_01",1,5632,"ref_strain",129,1
"6345","01_5680_0129_01",1,5680,"ref_strain",129,1
"6346","01_6463_0129_01",1,6463,"ref_strain",129,1
"6347","01_6871_0129_01",1,6871,"ref_strain",129,1
"6348","01_6888_0129_01",1,6888,"ref_strain",129,1
"6349","01_6967_0129_01",1,6967,"ref_strain",129,1
"6350","01_7446_0129_01",1,7446,"ref_strain",129,1
"6351","01_7492_0129_01",1,7492,"ref_strain",129,1
"6352","01_8194_0129_01",1,8194,"ref_strain",129,1
"6353","01_8833_0129_01",1,8833,"ref_strain",129,1
"6354","01_9304_0129_01",1,9304,"ref_strain",129,1
"6355","01_9410_0129_01",1,9410,"ref_strain",129,1
"6356","01_9735_0129_01",1,9735,"ref_strain",129,1
"6357","01_10297_0129_01",1,10297,"ref_strain",129,1
"6358","01_10354_0129_01",1,10354,"ref_strain",129,1
"6359","01_10655_0129_01",1,10655,"ref_strain",129,1
"6360","01_10983_0129_01",1,10983,"ref_strain",129,1
"6361","01_11849_0129_01",1,11849,"ref_strain",129,1
"6362","01_11918_0129_01",1,11918,"ref_strain",129,1
"6363","01_12596_0129_01",1,12596,"ref_strain",129,1
"6364","01_12883_0129_01",1,12883,"ref_strain",129,1
"6365","01_13011_0129_01",1,13011,"ref_strain",129,1
"6366","01_13204_0129_01",1,13204,"ref_strain",129,1
"6367","01_13275_0129_01",1,13275,"ref_strain",129,1
"6368","01_13563_0129_01",1,13563,"ref_strain",129,1
"6369","01_13753_0129_01",1,13753,"ref_strain",129,1
"6370","01_13814_0129_01",1,13814,"ref_strain",129,1
"6371","01_13982_0129_01",1,13982,"ref_strain",129,1
"6372","01_14084_0129_01",1,14084,"ref_strain",129,1
"6373","01_14086_0129_01",1,14086,"ref_strain",129,1
"6374","01_14093_0129_01",1,14093,"ref_strain",129,1
"6375","01_0357_0130_01",1,357,"ref_strain",130,1
"6376","01_0543_0130_01",1,543,"ref_strain",130,1
"6377","01_0634_0130_01",1,634,"ref_strain",130,1
"6378","01_0771_0130_01",1,771,"ref_strain",130,1
"6379","01_2084_0130_01",1,2084,"ref_strain",130,1
"6380","01_2557_0130_01",1,2557,"ref_strain",130,1
"6381","01_2576_0130_01",1,2576,"ref_strain",130,1
"6382","01_2673_0130_01",1,2673,"ref_strain",130,1
"6383","01_3379_0130_01",1,3379,"ref_strain",130,1
"6384","01_3393_0130_01",1,3393,"ref_strain",130,1
"6385","01_3433_0130_01",1,3433,"ref_strain",130,1
"6386","01_3614_0130_01",1,3614,"ref_strain",130,1
"6387","01_4489_0130_01",1,4489,"ref_strain",130,1
"6388","01_4981_0130_01",1,4981,"ref_strain",130,1
"6389","01_5072_0130_01",1,5072,"ref_strain",130,1
"6390","01_5360_0130_01",1,5360,"ref_strain",130,1
"6391","01_5390_0130_01",1,5390,"ref_strain",130,1
"6392","01_5963_0130_01",1,5963,"ref_strain",130,1
"6393","01_6232_0130_01",1,6232,"ref_strain",130,1
"6394","01_6415_0130_01",1,6415,"ref_strain",130,1
"6395","01_6527_0130_01",1,6527,"ref_strain",130,1
"6396","01_6675_0130_01",1,6675,"ref_strain",130,1
"6397","01_6907_0130_01",1,6907,"ref_strain",130,1
"6398","01_7058_0130_01",1,7058,"ref_strain",130,1
"6399","01_7578_0130_01",1,7578,"ref_strain",130,1
"6400","01_7816_0130_01",1,7816,"ref_strain",130,1
"6401","01_7923_0130_01",1,7923,"ref_strain",130,1
"6402","01_7954_0130_01",1,7954,"ref_strain",130,1
"6403","01_8945_0130_01",1,8945,"ref_strain",130,1
"6404","01_9100_0130_01",1,9100,"ref_strain",130,1
"6405","01_9405_0130_01",1,9405,"ref_strain",130,1
"6406","01_9726_0130_01",1,9726,"ref_strain",130,1
"6407","01_9810_0130_01",1,9810,"ref_strain",130,1
"6408","01_9858_0130_01",1,9858,"ref_strain",130,1
"6409","01_9894_0130_01",1,9894,"ref_strain",130,1
"6410","01_10117_0130_01",1,10117,"ref_strain",130,1
"6411","01_10315_0130_01",1,10315,"ref_strain",130,1
"6412","01_10334_0130_01",1,10334,"ref_strain",130,1
"6413","01_10918_0130_01",1,10918,"ref_strain",130,1
"6414","01_11014_0130_01",1,11014,"ref_strain",130,1
"6415","01_11363_0130_01",1,11363,"ref_strain",130,1
"6416","01_11425_0130_01",1,11425,"ref_strain",130,1
"6417","01_11724_0130_01",1,11724,"ref_strain",130,1
"6418","01_12803_0130_01",1,12803,"ref_strain",130,1
"6419","01_12969_0130_01",1,12969,"ref_strain",130,1
"6420","01_13157_0130_01",1,13157,"ref_strain",130,1
"6421","01_13864_0130_01",1,13864,"ref_strain",130,1
"6422","01_13984_0130_01",1,13984,"ref_strain",130,1
"6423","01_13998_0130_01",1,13998,"ref_strain",130,1
"6424","01_0170_0131_01",1,170,"ref_strain",131,1
"6425","01_0563_0131_01",1,563,"ref_strain",131,1
"6426","01_1487_0131_01",1,1487,"ref_strain",131,1
"6427","01_1935_0131_01",1,1935,"ref_strain",131,1
"6428","01_2408_0131_01",1,2408,"ref_strain",131,1
"6429","01_2484_0131_01",1,2484,"ref_strain",131,1
"6430","01_2623_0131_01",1,2623,"ref_strain",131,1
"6431","01_2664_0131_01",1,2664,"ref_strain",131,1
"6432","01_2756_0131_01",1,2756,"ref_strain",131,1
"6433","01_3601_0131_01",1,3601,"ref_strain",131,1
"6434","01_3660_0131_01",1,3660,"ref_strain",131,1
"6435","01_3751_0131_01",1,3751,"ref_strain",131,1
"6436","01_4301_0131_01",1,4301,"ref_strain",131,1
"6437","01_4316_0131_01",1,4316,"ref_strain",131,1
"6438","01_4669_0131_01",1,4669,"ref_strain",131,1
"6439","01_4953_0131_01",1,4953,"ref_strain",131,1
"6440","01_5036_0131_01",1,5036,"ref_strain",131,1
"6441","01_5217_0131_01",1,5217,"ref_strain",131,1
"6442","01_5414_0131_01",1,5414,"ref_strain",131,1
"6443","01_5709_0131_01",1,5709,"ref_strain",131,1
"6444","01_5803_0131_01",1,5803,"ref_strain",131,1
"6445","01_5901_0131_01",1,5901,"ref_strain",131,1
"6446","01_5921_0131_01",1,5921,"ref_strain",131,1
"6447","01_6273_0131_01",1,6273,"ref_strain",131,1
"6448","01_6363_0131_01",1,6363,"ref_strain",131,1
"6449","01_6385_0131_01",1,6385,"ref_strain",131,1
"6450","01_6501_0131_01",1,6501,"ref_strain",131,1
"6451","01_6786_0131_01",1,6786,"ref_strain",131,1
"6452","01_7418_0131_01",1,7418,"ref_strain",131,1
"6453","01_7924_0131_01",1,7924,"ref_strain",131,1
"6454","01_8394_0131_01",1,8394,"ref_strain",131,1
"6455","01_8619_0131_01",1,8619,"ref_strain",131,1
"6456","01_8877_0131_01",1,8877,"ref_strain",131,1
"6457","01_8923_0131_01",1,8923,"ref_strain",131,1
"6458","01_9075_0131_01",1,9075,"ref_strain",131,1
"6459","01_9090_0131_01",1,9090,"ref_strain",131,1
"6460","01_10007_0131_01",1,10007,"ref_strain",131,1
"6461","01_10455_0131_01",1,10455,"ref_strain",131,1
"6462","01_10663_0131_01",1,10663,"ref_strain",131,1
"6463","01_11192_0131_01",1,11192,"ref_strain",131,1
"6464","01_11196_0131_01",1,11196,"ref_strain",131,1
"6465","01_11273_0131_01",1,11273,"ref_strain",131,1
"6466","01_11480_0131_01",1,11480,"ref_strain",131,1
"6467","01_12330_0131_01",1,12330,"ref_strain",131,1
"6468","01_12625_0131_01",1,12625,"ref_strain",131,1
"6469","01_12817_0131_01",1,12817,"ref_strain",131,1
"6470","01_12827_0131_01",1,12827,"ref_strain",131,1
"6471","01_13117_0131_01",1,13117,"ref_strain",131,1
"6472","01_13241_0131_01",1,13241,"ref_strain",131,1
"6473","01_13367_0131_01",1,13367,"ref_strain",131,1
"6474","01_13470_0131_01",1,13470,"ref_strain",131,1
"6475","01_13787_0131_01",1,13787,"ref_strain",131,1
"6476","01_13868_0131_01",1,13868,"ref_strain",131,1
"6477","01_0049_0132_01",1,49,"ref_strain",132,1
"6478","01_0520_0132_01",1,520,"ref_strain",132,1
"6479","01_0564_0132_01",1,564,"ref_strain",132,1
"6480","01_1296_0132_01",1,1296,"ref_strain",132,1
"6481","01_1722_0132_01",1,1722,"ref_strain",132,1
"6482","01_1890_0132_01",1,1890,"ref_strain",132,1
"6483","01_2005_0132_01",1,2005,"ref_strain",132,1
"6484","01_2194_0132_01",1,2194,"ref_strain",132,1
"6485","01_2965_0132_01",1,2965,"ref_strain",132,1
"6486","01_3078_0132_01",1,3078,"ref_strain",132,1
"6487","01_3165_0132_01",1,3165,"ref_strain",132,1
"6488","01_3263_0132_01",1,3263,"ref_strain",132,1
"6489","01_3541_0132_01",1,3541,"ref_strain",132,1
"6490","01_3578_0132_01",1,3578,"ref_strain",132,1
"6491","01_4170_0132_01",1,4170,"ref_strain",132,1
"6492","01_4393_0132_01",1,4393,"ref_strain",132,1
"6493","01_5049_0132_01",1,5049,"ref_strain",132,1
"6494","01_5076_0132_01",1,5076,"ref_strain",132,1
"6495","01_5148_0132_01",1,5148,"ref_strain",132,1
"6496","01_5244_0132_01",1,5244,"ref_strain",132,1
"6497","01_5450_0132_01",1,5450,"ref_strain",132,1
"6498","01_6101_0132_01",1,6101,"ref_strain",132,1
"6499","01_6156_0132_01",1,6156,"ref_strain",132,1
"6500","01_6323_0132_01",1,6323,"ref_strain",132,1
"6501","01_6520_0132_01",1,6520,"ref_strain",132,1
"6502","01_6618_0132_01",1,6618,"ref_strain",132,1
"6503","01_6629_0132_01",1,6629,"ref_strain",132,1
"6504","01_7200_0132_01",1,7200,"ref_strain",132,1
"6505","01_7242_0132_01",1,7242,"ref_strain",132,1
"6506","01_7261_0132_01",1,7261,"ref_strain",132,1
"6507","01_7645_0132_01",1,7645,"ref_strain",132,1
"6508","01_7678_0132_01",1,7678,"ref_strain",132,1
"6509","01_8337_0132_01",1,8337,"ref_strain",132,1
"6510","01_8343_0132_01",1,8343,"ref_strain",132,1
"6511","01_8541_0132_01",1,8541,"ref_strain",132,1
"6512","01_8766_0132_01",1,8766,"ref_strain",132,1
"6513","01_9005_0132_01",1,9005,"ref_strain",132,1
"6514","01_9109_0132_01",1,9109,"ref_strain",132,1
"6515","01_9780_0132_01",1,9780,"ref_strain",132,1
"6516","01_9852_0132_01",1,9852,"ref_strain",132,1
"6517","01_9899_0132_01",1,9899,"ref_strain",132,1
"6518","01_10087_0132_01",1,10087,"ref_strain",132,1
"6519","01_10548_0132_01",1,10548,"ref_strain",132,1
"6520","01_10866_0132_01",1,10866,"ref_strain",132,1
"6521","01_11099_0132_01",1,11099,"ref_strain",132,1
"6522","01_11303_0132_01",1,11303,"ref_strain",132,1
"6523","01_11478_0132_01",1,11478,"ref_strain",132,1
"6524","01_11921_0132_01",1,11921,"ref_strain",132,1
"6525","01_11952_0132_01",1,11952,"ref_strain",132,1
"6526","01_12006_0132_01",1,12006,"ref_strain",132,1
"6527","01_12058_0132_01",1,12058,"ref_strain",132,1
"6528","01_13845_0132_01",1,13845,"ref_strain",132,1
"6529","01_13887_0132_01",1,13887,"ref_strain",132,1
"6530","01_0396_0133_01",1,396,"ref_strain",133,1
"6531","01_0743_0133_01",1,743,"ref_strain",133,1
"6532","01_1061_0133_01",1,1061,"ref_strain",133,1
"6533","01_1279_0133_01",1,1279,"ref_strain",133,1
"6534","01_1870_0133_01",1,1870,"ref_strain",133,1
"6535","01_3123_0133_01",1,3123,"ref_strain",133,1
"6536","01_3604_0133_01",1,3604,"ref_strain",133,1
"6537","01_3897_0133_01",1,3897,"ref_strain",133,1
"6538","01_3932_0133_01",1,3932,"ref_strain",133,1
"6539","01_3944_0133_01",1,3944,"ref_strain",133,1
"6540","01_4164_0133_01",1,4164,"ref_strain",133,1
"6541","01_4744_0133_01",1,4744,"ref_strain",133,1
"6542","01_5395_0133_01",1,5395,"ref_strain",133,1
"6543","01_6874_0133_01",1,6874,"ref_strain",133,1
"6544","01_8651_0133_01",1,8651,"ref_strain",133,1
"6545","01_9555_0133_01",1,9555,"ref_strain",133,1
"6546","01_9979_0133_01",1,9979,"ref_strain",133,1
"6547","01_10046_0133_01",1,10046,"ref_strain",133,1
"6548","01_10155_0133_01",1,10155,"ref_strain",133,1
"6549","01_10301_0133_01",1,10301,"ref_strain",133,1
"6550","01_10550_0133_01",1,10550,"ref_strain",133,1
"6551","01_10984_0133_01",1,10984,"ref_strain",133,1
"6552","01_11262_0133_01",1,11262,"ref_strain",133,1
"6553","01_11671_0133_01",1,11671,"ref_strain",133,1
"6554","01_11834_0133_01",1,11834,"ref_strain",133,1
"6555","01_12009_0133_01",1,12009,"ref_strain",133,1
"6556","01_12201_0133_01",1,12201,"ref_strain",133,1
"6557","01_13537_0133_01",1,13537,"ref_strain",133,1
"6558","01_13685_0133_01",1,13685,"ref_strain",133,1
"6559","01_13843_0133_01",1,13843,"ref_strain",133,1
"6560","01_14099_0133_01",1,14099,"ref_strain",133,1
"6561","01_0812_0134_01",1,812,"ref_strain",134,1
"6562","01_1133_0134_01",1,1133,"ref_strain",134,1
"6563","01_1375_0134_01",1,1375,"ref_strain",134,1
"6564","01_2095_0134_01",1,2095,"ref_strain",134,1
"6565","01_3051_0134_01",1,3051,"ref_strain",134,1
"6566","01_3060_0134_01",1,3060,"ref_strain",134,1
"6567","01_3720_0134_01",1,3720,"ref_strain",134,1
"6568","01_6241_0134_01",1,6241,"ref_strain",134,1
"6569","01_6590_0134_01",1,6590,"ref_strain",134,1
"6570","01_6869_0134_01",1,6869,"ref_strain",134,1
"6571","01_7269_0134_01",1,7269,"ref_strain",134,1
"6572","01_8414_0134_01",1,8414,"ref_strain",134,1
"6573","01_8726_0134_01",1,8726,"ref_strain",134,1
"6574","01_8785_0134_01",1,8785,"ref_strain",134,1
"6575","01_8853_0134_01",1,8853,"ref_strain",134,1
"6576","01_8965_0134_01",1,8965,"ref_strain",134,1
"6577","01_9404_0134_01",1,9404,"ref_strain",134,1
"6578","01_9698_0134_01",1,9698,"ref_strain",134,1
"6579","01_10397_0134_01",1,10397,"ref_strain",134,1
"6580","01_10657_0134_01",1,10657,"ref_strain",134,1
"6581","01_11187_0134_01",1,11187,"ref_strain",134,1
"6582","01_11962_0134_01",1,11962,"ref_strain",134,1
"6583","01_11989_0134_01",1,11989,"ref_strain",134,1
"6584","01_12164_0134_01",1,12164,"ref_strain",134,1
"6585","01_12365_0134_01",1,12365,"ref_strain",134,1
"6586","01_12445_0134_01",1,12445,"ref_strain",134,1
"6587","01_12755_0134_01",1,12755,"ref_strain",134,1
"6588","01_12903_0134_01",1,12903,"ref_strain",134,1
"6589","01_13071_0134_01",1,13071,"ref_strain",134,1
"6590","01_13214_0134_01",1,13214,"ref_strain",134,1
"6591","01_13333_0134_01",1,13333,"ref_strain",134,1
"6592","01_13334_0134_01",1,13334,"ref_strain",134,1
"6593","01_13388_0134_01",1,13388,"ref_strain",134,1
"6594","01_13506_0134_01",1,13506,"ref_strain",134,1
"6595","01_13838_0134_01",1,13838,"ref_strain",134,1
"6596","01_13886_0134_01",1,13886,"ref_strain",134,1
"6597","01_13951_0134_01",1,13951,"ref_strain",134,1
"6598","01_0890_0135_01",1,890,"ref_strain",135,1
"6599","01_1017_0135_01",1,1017,"ref_strain",135,1
"6600","01_1365_0135_01",1,1365,"ref_strain",135,1
"6601","01_1430_0135_01",1,1430,"ref_strain",135,1
"6602","01_2511_0135_01",1,2511,"ref_strain",135,1
"6603","01_2543_0135_01",1,2543,"ref_strain",135,1
"6604","01_2726_0135_01",1,2726,"ref_strain",135,1
"6605","01_3065_0135_01",1,3065,"ref_strain",135,1
"6606","01_3313_0135_01",1,3313,"ref_strain",135,1
"6607","01_3371_0135_01",1,3371,"ref_strain",135,1
"6608","01_3628_0135_01",1,3628,"ref_strain",135,1
"6609","01_3646_0135_01",1,3646,"ref_strain",135,1
"6610","01_4350_0135_01",1,4350,"ref_strain",135,1
"6611","01_4357_0135_01",1,4357,"ref_strain",135,1
"6612","01_6864_0135_01",1,6864,"ref_strain",135,1
"6613","01_7739_0135_01",1,7739,"ref_strain",135,1
"6614","01_8079_0135_01",1,8079,"ref_strain",135,1
"6615","01_8969_0135_01",1,8969,"ref_strain",135,1
"6616","01_8975_0135_01",1,8975,"ref_strain",135,1
"6617","01_9023_0135_01",1,9023,"ref_strain",135,1
"6618","01_9343_0135_01",1,9343,"ref_strain",135,1
"6619","01_10211_0135_01",1,10211,"ref_strain",135,1
"6620","01_10536_0135_01",1,10536,"ref_strain",135,1
"6621","01_10626_0135_01",1,10626,"ref_strain",135,1
"6622","01_11501_0135_01",1,11501,"ref_strain",135,1
"6623","01_11929_0135_01",1,11929,"ref_strain",135,1
"6624","01_11945_0135_01",1,11945,"ref_strain",135,1
"6625","01_12031_0135_01",1,12031,"ref_strain",135,1
"6626","01_12754_0135_01",1,12754,"ref_strain",135,1
"6627","01_12788_0135_01",1,12788,"ref_strain",135,1
"6628","01_12859_0135_01",1,12859,"ref_strain",135,1
"6629","01_12936_0135_01",1,12936,"ref_strain",135,1
"6630","01_13018_0135_01",1,13018,"ref_strain",135,1
"6631","01_13221_0135_01",1,13221,"ref_strain",135,1
"6632","01_13948_0135_01",1,13948,"ref_strain",135,1
"6633","01_0415_0136_01",1,415,"ref_strain",136,1
"6634","01_0612_0136_01",1,612,"ref_strain",136,1
"6635","01_0766_0136_01",1,766,"ref_strain",136,1
"6636","01_0851_0136_01",1,851,"ref_strain",136,1
"6637","01_1237_0136_01",1,1237,"ref_strain",136,1
"6638","01_1314_0136_01",1,1314,"ref_strain",136,1
"6639","01_1332_0136_01",1,1332,"ref_strain",136,1
"6640","01_2503_0136_01",1,2503,"ref_strain",136,1
"6641","01_2850_0136_01",1,2850,"ref_strain",136,1
"6642","01_3278_0136_01",1,3278,"ref_strain",136,1
"6643","01_4344_0136_01",1,4344,"ref_strain",136,1
"6644","01_4743_0136_01",1,4743,"ref_strain",136,1
"6645","01_5498_0136_01",1,5498,"ref_strain",136,1
"6646","01_6554_0136_01",1,6554,"ref_strain",136,1
"6647","01_6624_0136_01",1,6624,"ref_strain",136,1
"6648","01_7471_0136_01",1,7471,"ref_strain",136,1
"6649","01_7872_0136_01",1,7872,"ref_strain",136,1
"6650","01_8574_0136_01",1,8574,"ref_strain",136,1
"6651","01_8904_0136_01",1,8904,"ref_strain",136,1
"6652","01_10438_0136_01",1,10438,"ref_strain",136,1
"6653","01_10779_0136_01",1,10779,"ref_strain",136,1
"6654","01_10824_0136_01",1,10824,"ref_strain",136,1
"6655","01_11291_0136_01",1,11291,"ref_strain",136,1
"6656","01_12711_0136_01",1,12711,"ref_strain",136,1
"6657","01_13184_0136_01",1,13184,"ref_strain",136,1
"6658","01_13335_0136_01",1,13335,"ref_strain",136,1
"6659","01_14020_0136_01",1,14020,"ref_strain",136,1
"6660","01_14260_0136_01",1,14260,"ref_strain",136,1
"6661","01_1188_0137_01",1,1188,"ref_strain",137,1
"6662","01_2223_0137_01",1,2223,"ref_strain",137,1
"6663","01_2403_0137_01",1,2403,"ref_strain",137,1
"6664","01_3558_0137_01",1,3558,"ref_strain",137,1
"6665","01_3728_0137_01",1,3728,"ref_strain",137,1
"6666","01_3964_0137_01",1,3964,"ref_strain",137,1
"6667","01_4061_0137_01",1,4061,"ref_strain",137,1
"6668","01_5426_0137_01",1,5426,"ref_strain",137,1
"6669","01_6014_0137_01",1,6014,"ref_strain",137,1
"6670","01_7339_0137_01",1,7339,"ref_strain",137,1
"6671","01_8287_0137_01",1,8287,"ref_strain",137,1
"6672","01_8330_0137_01",1,8330,"ref_strain",137,1
"6673","01_9165_0137_01",1,9165,"ref_strain",137,1
"6674","01_9544_0137_01",1,9544,"ref_strain",137,1
"6675","01_9785_0137_01",1,9785,"ref_strain",137,1
"6676","01_10212_0137_01",1,10212,"ref_strain",137,1
"6677","01_10900_0137_01",1,10900,"ref_strain",137,1
"6678","01_10924_0137_01",1,10924,"ref_strain",137,1
"6679","01_11609_0137_01",1,11609,"ref_strain",137,1
"6680","01_11936_0137_01",1,11936,"ref_strain",137,1
"6681","01_11944_0137_01",1,11944,"ref_strain",137,1
"6682","01_12289_0137_01",1,12289,"ref_strain",137,1
"6683","01_0969_0138_01",1,969,"ref_strain",138,1
"6684","01_1330_0138_01",1,1330,"ref_strain",138,1
"6685","01_1626_0138_01",1,1626,"ref_strain",138,1
"6686","01_1811_0138_01",1,1811,"ref_strain",138,1
"6687","01_2703_0138_01",1,2703,"ref_strain",138,1
"6688","01_3306_0138_01",1,3306,"ref_strain",138,1
"6689","01_3877_0138_01",1,3877,"ref_strain",138,1
"6690","01_5486_0138_01",1,5486,"ref_strain",138,1
"6691","01_5583_0138_01",1,5583,"ref_strain",138,1
"6692","01_6042_0138_01",1,6042,"ref_strain",138,1
"6693","01_6169_0138_01",1,6169,"ref_strain",138,1
"6694","01_7029_0138_01",1,7029,"ref_strain",138,1
"6695","01_7787_0138_01",1,7787,"ref_strain",138,1
"6696","01_8602_0138_01",1,8602,"ref_strain",138,1
"6697","01_8909_0138_01",1,8909,"ref_strain",138,1
"6698","01_9044_0138_01",1,9044,"ref_strain",138,1
"6699","01_9130_0138_01",1,9130,"ref_strain",138,1
"6700","01_9869_0138_01",1,9869,"ref_strain",138,1
"6701","01_10033_0138_01",1,10033,"ref_strain",138,1
"6702","01_10090_0138_01",1,10090,"ref_strain",138,1
"6703","01_11131_0138_01",1,11131,"ref_strain",138,1
"6704","01_11373_0138_01",1,11373,"ref_strain",138,1
"6705","01_11887_0138_01",1,11887,"ref_strain",138,1
"6706","01_1830_0139_01",1,1830,"ref_strain",139,1
"6707","01_4395_0139_01",1,4395,"ref_strain",139,1
"6708","01_4917_0139_01",1,4917,"ref_strain",139,1
"6709","01_5091_0139_01",1,5091,"ref_strain",139,1
"6710","01_5181_0139_01",1,5181,"ref_strain",139,1
"6711","01_5226_0139_01",1,5226,"ref_strain",139,1
"6712","01_5385_0139_01",1,5385,"ref_strain",139,1
"6713","01_5444_0139_01",1,5444,"ref_strain",139,1
"6714","01_6664_0139_01",1,6664,"ref_strain",139,1
"6715","01_6669_0139_01",1,6669,"ref_strain",139,1
"6716","01_8934_0139_01",1,8934,"ref_strain",139,1
"6717","01_9140_0139_01",1,9140,"ref_strain",139,1
"6718","01_9200_0139_01",1,9200,"ref_strain",139,1
"6719","01_9468_0139_01",1,9468,"ref_strain",139,1
"6720","01_9884_0139_01",1,9884,"ref_strain",139,1
"6721","01_10564_0139_01",1,10564,"ref_strain",139,1
"6722","01_11321_0139_01",1,11321,"ref_strain",139,1
"6723","01_11379_0139_01",1,11379,"ref_strain",139,1
"6724","01_12809_0139_01",1,12809,"ref_strain",139,1
"6725","01_13161_0139_01",1,13161,"ref_strain",139,1
"6726","01_0306_0140_01",1,306,"ref_strain",140,1
"6727","01_1880_0140_01",1,1880,"ref_strain",140,1
"6728","01_3188_0140_01",1,3188,"ref_strain",140,1
"6729","01_3502_0140_01",1,3502,"ref_strain",140,1
"6730","01_3510_0140_01",1,3510,"ref_strain",140,1
"6731","01_3678_0140_01",1,3678,"ref_strain",140,1
"6732","01_3935_0140_01",1,3935,"ref_strain",140,1
"6733","01_4624_0140_01",1,4624,"ref_strain",140,1
"6734","01_4923_0140_01",1,4923,"ref_strain",140,1
"6735","01_7551_0140_01",1,7551,"ref_strain",140,1
"6736","01_7746_0140_01",1,7746,"ref_strain",140,1
"6737","01_7750_0140_01",1,7750,"ref_strain",140,1
"6738","01_8549_0140_01",1,8549,"ref_strain",140,1
"6739","01_8648_0140_01",1,8648,"ref_strain",140,1
"6740","01_8713_0140_01",1,8713,"ref_strain",140,1
"6741","01_10111_0140_01",1,10111,"ref_strain",140,1
"6742","01_10594_0140_01",1,10594,"ref_strain",140,1
"6743","01_11387_0140_01",1,11387,"ref_strain",140,1
"6744","01_11794_0140_01",1,11794,"ref_strain",140,1
"6745","01_12028_0140_01",1,12028,"ref_strain",140,1
"6746","01_12121_0140_01",1,12121,"ref_strain",140,1
"6747","01_13062_0140_01",1,13062,"ref_strain",140,1
"6748","01_14484_0140_01",1,14484,"ref_strain",140,1
"6749","01_0273_0141_01",1,273,"ref_strain",141,1
"6750","01_1934_0141_01",1,1934,"ref_strain",141,1
"6751","01_2191_0141_01",1,2191,"ref_strain",141,1
"6752","01_2325_0141_01",1,2325,"ref_strain",141,1
"6753","01_2434_0141_01",1,2434,"ref_strain",141,1
"6754","01_3481_0141_01",1,3481,"ref_strain",141,1
"6755","01_3552_0141_01",1,3552,"ref_strain",141,1
"6756","01_3584_0141_01",1,3584,"ref_strain",141,1
"6757","01_4070_0141_01",1,4070,"ref_strain",141,1
"6758","01_4841_0141_01",1,4841,"ref_strain",141,1
"6759","01_8772_0141_01",1,8772,"ref_strain",141,1
"6760","01_8795_0141_01",1,8795,"ref_strain",141,1
"6761","01_8862_0141_01",1,8862,"ref_strain",141,1
"6762","01_9259_0141_01",1,9259,"ref_strain",141,1
"6763","01_9359_0141_01",1,9359,"ref_strain",141,1
"6764","01_9863_0141_01",1,9863,"ref_strain",141,1
"6765","01_9942_0141_01",1,9942,"ref_strain",141,1
"6766","01_10254_0141_01",1,10254,"ref_strain",141,1
"6767","01_10734_0141_01",1,10734,"ref_strain",141,1
"6768","01_11130_0141_01",1,11130,"ref_strain",141,1
"6769","01_11715_0141_01",1,11715,"ref_strain",141,1
"6770","01_12104_0141_01",1,12104,"ref_strain",141,1
"6771","01_13853_0141_01",1,13853,"ref_strain",141,1
"6772","01_2204_0142_01",1,2204,"ref_strain",142,1
"6773","01_2395_0142_01",1,2395,"ref_strain",142,1
"6774","01_4605_0142_01",1,4605,"ref_strain",142,1
"6775","01_6575_0142_01",1,6575,"ref_strain",142,1
"6776","01_7850_0142_01",1,7850,"ref_strain",142,1
"6777","01_10032_0142_01",1,10032,"ref_strain",142,1
"6778","01_10363_0142_01",1,10363,"ref_strain",142,1
"6779","01_10723_0142_01",1,10723,"ref_strain",142,1
"6780","01_11003_0142_01",1,11003,"ref_strain",142,1
"6781","01_11113_0142_01",1,11113,"ref_strain",142,1
"6782","01_11224_0142_01",1,11224,"ref_strain",142,1
"6783","01_11463_0142_01",1,11463,"ref_strain",142,1
"6784","01_11785_0142_01",1,11785,"ref_strain",142,1
"6785","01_12926_0142_01",1,12926,"ref_strain",142,1
"6786","01_0335_0143_01",1,335,"ref_strain",143,1
"6787","01_0728_0143_01",1,728,"ref_strain",143,1
"6788","01_2775_0143_01",1,2775,"ref_strain",143,1
"6789","01_3265_0143_01",1,3265,"ref_strain",143,1
"6790","01_4248_0143_01",1,4248,"ref_strain",143,1
"6791","01_5343_0143_01",1,5343,"ref_strain",143,1
"6792","01_5840_0143_01",1,5840,"ref_strain",143,1
"6793","01_6164_0143_01",1,6164,"ref_strain",143,1
"6794","01_7634_0143_01",1,7634,"ref_strain",143,1
"6795","01_8202_0143_01",1,8202,"ref_strain",143,1
"6796","01_8607_0143_01",1,8607,"ref_strain",143,1
"6797","01_9056_0143_01",1,9056,"ref_strain",143,1
"6798","01_9511_0143_01",1,9511,"ref_strain",143,1
"6799","01_9579_0143_01",1,9579,"ref_strain",143,1
"6800","01_10609_0143_01",1,10609,"ref_strain",143,1
"6801","01_11783_0143_01",1,11783,"ref_strain",143,1
"6802","01_12552_0143_01",1,12552,"ref_strain",143,1
"6803","01_1065_0144_01",1,1065,"ref_strain",144,1
"6804","01_1478_0144_01",1,1478,"ref_strain",144,1
"6805","01_1612_0144_01",1,1612,"ref_strain",144,1
"6806","01_2088_0144_01",1,2088,"ref_strain",144,1
"6807","01_2462_0144_01",1,2462,"ref_strain",144,1
"6808","01_2730_0144_01",1,2730,"ref_strain",144,1
"6809","01_3342_0144_01",1,3342,"ref_strain",144,1
"6810","01_3886_0144_01",1,3886,"ref_strain",144,1
"6811","01_4117_0144_01",1,4117,"ref_strain",144,1
"6812","01_4685_0144_01",1,4685,"ref_strain",144,1
"6813","01_4690_0144_01",1,4690,"ref_strain",144,1
"6814","01_4799_0144_01",1,4799,"ref_strain",144,1
"6815","01_5825_0144_01",1,5825,"ref_strain",144,1
"6816","01_6004_0144_01",1,6004,"ref_strain",144,1
"6817","01_6018_0144_01",1,6018,"ref_strain",144,1
"6818","01_7109_0144_01",1,7109,"ref_strain",144,1
"6819","01_7187_0144_01",1,7187,"ref_strain",144,1
"6820","01_7368_0144_01",1,7368,"ref_strain",144,1
"6821","01_7397_0144_01",1,7397,"ref_strain",144,1
"6822","01_8850_0144_01",1,8850,"ref_strain",144,1
"6823","01_8942_0144_01",1,8942,"ref_strain",144,1
"6824","01_9341_0144_01",1,9341,"ref_strain",144,1
"6825","01_10077_0144_01",1,10077,"ref_strain",144,1
"6826","01_10486_0144_01",1,10486,"ref_strain",144,1
"6827","01_10673_0144_01",1,10673,"ref_strain",144,1
"6828","01_12168_0144_01",1,12168,"ref_strain",144,1
"6829","01_12748_0144_01",1,12748,"ref_strain",144,1
"6830","01_12915_0144_01",1,12915,"ref_strain",144,1
"6831","01_13672_0144_01",1,13672,"ref_strain",144,1
"6832","01_14171_0144_01",1,14171,"ref_strain",144,1
"6833","01_0277_0145_01",1,277,"ref_strain",145,1
"6834","01_2803_0145_01",1,2803,"ref_strain",145,1
"6835","01_2921_0145_01",1,2921,"ref_strain",145,1
"6836","01_3282_0145_01",1,3282,"ref_strain",145,1
"6837","01_3698_0145_01",1,3698,"ref_strain",145,1
"6838","01_4409_0145_01",1,4409,"ref_strain",145,1
"6839","01_4509_0145_01",1,4509,"ref_strain",145,1
"6840","01_6345_0145_01",1,6345,"ref_strain",145,1
"6841","01_6401_0145_01",1,6401,"ref_strain",145,1
"6842","01_7630_0145_01",1,7630,"ref_strain",145,1
"6843","01_8050_0145_01",1,8050,"ref_strain",145,1
"6844","01_8771_0145_01",1,8771,"ref_strain",145,1
"6845","01_9911_0145_01",1,9911,"ref_strain",145,1
"6846","01_11352_0145_01",1,11352,"ref_strain",145,1
"6847","01_12320_0145_01",1,12320,"ref_strain",145,1
"6848","01_12529_0145_01",1,12529,"ref_strain",145,1
"6849","01_13509_0145_01",1,13509,"ref_strain",145,1
"6850","01_14023_0145_01",1,14023,"ref_strain",145,1
"6851","01_14449_0145_01",1,14449,"ref_strain",145,1
"6852","01_0624_0146_01",1,624,"ref_strain",146,1
"6853","01_2368_0146_01",1,2368,"ref_strain",146,1
"6854","01_6578_0146_01",1,6578,"ref_strain",146,1
"6855","01_7676_0146_01",1,7676,"ref_strain",146,1
"6856","01_8716_0146_01",1,8716,"ref_strain",146,1
"6857","01_9772_0146_01",1,9772,"ref_strain",146,1
"6858","01_10892_0146_01",1,10892,"ref_strain",146,1
"6859","01_11697_0146_01",1,11697,"ref_strain",146,1
"6860","01_0828_0147_01",1,828,"ref_strain",147,1
"6861","01_1566_0147_01",1,1566,"ref_strain",147,1
"6862","01_2360_0147_01",1,2360,"ref_strain",147,1
"6863","01_2896_0147_01",1,2896,"ref_strain",147,1
"6864","01_2966_0147_01",1,2966,"ref_strain",147,1
"6865","01_4618_0147_01",1,4618,"ref_strain",147,1
"6866","01_7789_0147_01",1,7789,"ref_strain",147,1
"6867","01_11011_0147_01",1,11011,"ref_strain",147,1
"6868","01_11803_0147_01",1,11803,"ref_strain",147,1
"6869","01_12263_0147_01",1,12263,"ref_strain",147,1
"6870","01_13570_0147_01",1,13570,"ref_strain",147,1
"6871","01_14316_0147_01",1,14316,"ref_strain",147,1
"6872","01_0854_0148_01",1,854,"ref_strain",148,1
"6873","01_7144_0148_01",1,7144,"ref_strain",148,1
"6874","01_11266_0148_01",1,11266,"ref_strain",148,1
"6875","01_11541_0148_01",1,11541,"ref_strain",148,1
"6876","01_11722_0148_01",1,11722,"ref_strain",148,1
"6877","01_11844_0148_01",1,11844,"ref_strain",148,1
"6878","01_12620_0148_01",1,12620,"ref_strain",148,1
"6879","01_12707_0148_01",1,12707,"ref_strain",148,1
"6880","01_13231_0148_01",1,13231,"ref_strain",148,1
"6881","01_2186_0149_01",1,2186,"ref_strain",149,1
"6882","01_4215_0149_01",1,4215,"ref_strain",149,1
"6883","01_5243_0149_01",1,5243,"ref_strain",149,1
"6884","01_6685_0149_01",1,6685,"ref_strain",149,1
"6885","01_9440_0149_01",1,9440,"ref_strain",149,1
"6886","01_9727_0149_01",1,9727,"ref_strain",149,1
"6887","01_12255_0149_01",1,12255,"ref_strain",149,1
"6888","01_12881_0149_01",1,12881,"ref_strain",149,1
"6889","01_14244_0149_01",1,14244,"ref_strain",149,1
"6890","01_4313_0150_01",1,4313,"ref_strain",150,1
"6891","01_5712_0150_01",1,5712,"ref_strain",150,1
"6892","01_5916_0150_01",1,5916,"ref_strain",150,1
"6893","01_7943_0150_01",1,7943,"ref_strain",150,1
"6894","01_8952_0150_01",1,8952,"ref_strain",150,1
"6895","01_9353_0150_01",1,9353,"ref_strain",150,1
"6896","01_10422_0150_01",1,10422,"ref_strain",150,1
"6897","01_10487_0150_01",1,10487,"ref_strain",150,1
"6898","01_11986_0150_01",1,11986,"ref_strain",150,1
"6899","01_13536_0150_01",1,13536,"ref_strain",150,1
"6900","01_0958_0151_01",1,958,"ref_strain",151,1
"6901","01_1493_0151_01",1,1493,"ref_strain",151,1
"6902","01_2506_0151_01",1,2506,"ref_strain",151,1
"6903","01_2780_0151_01",1,2780,"ref_strain",151,1
"6904","01_8932_0151_01",1,8932,"ref_strain",151,1
"6905","01_0378_0152_01",1,378,"ref_strain",152,1
"6906","01_1407_0152_01",1,1407,"ref_strain",152,1
"6907","01_1941_0152_01",1,1941,"ref_strain",152,1
"6908","01_2241_0152_01",1,2241,"ref_strain",152,1
"6909","01_3005_0152_01",1,3005,"ref_strain",152,1
"6910","01_3566_0152_01",1,3566,"ref_strain",152,1
"6911","01_5459_0152_01",1,5459,"ref_strain",152,1
"6912","01_5610_0152_01",1,5610,"ref_strain",152,1
"6913","01_6660_0152_01",1,6660,"ref_strain",152,1
"6914","01_7220_0152_01",1,7220,"ref_strain",152,1
"6915","01_7700_0152_01",1,7700,"ref_strain",152,1
"6916","01_9536_0152_01",1,9536,"ref_strain",152,1
"6917","01_9623_0152_01",1,9623,"ref_strain",152,1
"6918","01_11625_0152_01",1,11625,"ref_strain",152,1
"6919","01_11725_0152_01",1,11725,"ref_strain",152,1
"6920","01_13051_0152_01",1,13051,"ref_strain",152,1
"6921","01_0547_0153_01",1,547,"ref_strain",153,1
"6922","01_1779_0153_01",1,1779,"ref_strain",153,1
"6923","01_8998_0153_01",1,8998,"ref_strain",153,1
"6924","01_10593_0153_01",1,10593,"ref_strain",153,1
"6925","01_13286_0153_01",1,13286,"ref_strain",153,1
"6926","01_14208_0153_01",1,14208,"ref_strain",153,1
"6927","01_14497_0153_01",1,14497,"ref_strain",153,1
"6928","01_0963_0154_01",1,963,"ref_strain",154,1
"6929","01_1427_0154_01",1,1427,"ref_strain",154,1
"6930","01_5048_0154_01",1,5048,"ref_strain",154,1
"6931","01_5782_0154_01",1,5782,"ref_strain",154,1
"6932","01_6016_0154_01",1,6016,"ref_strain",154,1
"6933","01_9351_0154_01",1,9351,"ref_strain",154,1
"6934","01_2907_0155_01",1,2907,"ref_strain",155,1
"6935","01_3161_0155_01",1,3161,"ref_strain",155,1
"6936","01_6235_0155_01",1,6235,"ref_strain",155,1
"6937","01_8043_0155_01",1,8043,"ref_strain",155,1
"6938","01_9557_0155_01",1,9557,"ref_strain",155,1
"6939","01_10276_0155_01",1,10276,"ref_strain",155,1
"6940","01_11004_0155_01",1,11004,"ref_strain",155,1
"6941","01_11469_0155_01",1,11469,"ref_strain",155,1
"6942","01_12171_0155_01",1,12171,"ref_strain",155,1
"6943","01_0029_0156_01",1,29,"ref_strain",156,1
"6944","01_1194_0156_01",1,1194,"ref_strain",156,1
"6945","01_2518_0156_01",1,2518,"ref_strain",156,1
"6946","01_8760_0156_01",1,8760,"ref_strain",156,1
"6947","01_9569_0156_01",1,9569,"ref_strain",156,1
"6948","01_14404_0156_01",1,14404,"ref_strain",156,1
"6949","01_1241_0157_01",1,1241,"ref_strain",157,1
"6950","01_6368_0157_01",1,6368,"ref_strain",157,1
"6951","01_6996_0158_01",1,6996,"ref_strain",158,1
"6952","01_7070_0158_01",1,7070,"ref_strain",158,1
"6953","01_11168_0158_01",1,11168,"ref_strain",158,1
"6954","01_12891_0158_01",1,12891,"ref_strain",158,1
"6955","01_13823_0158_01",1,13823,"ref_strain",158,1
"6956","01_0409_0159_01",1,409,"ref_strain",159,1
"6957","01_0779_0159_01",1,779,"ref_strain",159,1
"6958","01_2089_0159_01",1,2089,"ref_strain",159,1
"6959","01_11850_0159_01",1,11850,"ref_strain",159,1
"6960","01_13955_0159_01",1,13955,"ref_strain",159,1
"6961","01_6374_0160_01",1,6374,"ref_strain",160,1
"6962","01_7539_0160_01",1,7539,"ref_strain",160,1
"6963","01_8672_0160_01",1,8672,"ref_strain",160,1
"6964","01_11366_0160_01",1,11366,"ref_strain",160,1
"6965","01_12494_0160_01",1,12494,"ref_strain",160,1
"6966","01_2882_0161_01",1,2882,"ref_strain",161,1
"6967","01_2919_0161_01",1,2919,"ref_strain",161,1
"6968","01_8525_0161_01",1,8525,"ref_strain",161,1
"6969","01_9378_0161_01",1,9378,"ref_strain",161,1
"6970","01_11199_0161_01",1,11199,"ref_strain",161,1
"6971","01_0791_0162_01",1,791,"ref_strain",162,1
"6972","01_1068_0162_01",1,1068,"ref_strain",162,1
"6973","01_1367_0162_01",1,1367,"ref_strain",162,1
"6974","01_5775_0162_01",1,5775,"ref_strain",162,1
"6975","01_7443_0162_01",1,7443,"ref_strain",162,1
"6976","01_14140_0162_01",1,14140,"ref_strain",162,1
"6977","01_14202_0162_01",1,14202,"ref_strain",162,1
"6978","01_5400_0163_01",1,5400,"ref_strain",163,1
"6979","01_14381_0163_01",1,14381,"ref_strain",163,1
"6980","01_3094_0164_01",1,3094,"ref_strain",164,1
"6981","01_7191_0164_01",1,7191,"ref_strain",164,1
"6982","01_10346_0164_01",1,10346,"ref_strain",164,1
"6983","01_10929_0164_01",1,10929,"ref_strain",164,1
"6984","01_12008_0164_01",1,12008,"ref_strain",164,1
"6985","01_7441_0165_01",1,7441,"ref_strain",165,1
"6986","01_7899_0165_01",1,7899,"ref_strain",165,1
"6987","01_14245_0165_01",1,14245,"ref_strain",165,1
"6988","01_5473_0166_01",1,5473,"ref_strain",166,1
"6989","01_8305_0166_01",1,8305,"ref_strain",166,1
"6990","01_8593_0166_01",1,8593,"ref_strain",166,1
"6991","01_8827_0166_01",1,8827,"ref_strain",166,1
"6992","01_8992_0166_01",1,8992,"ref_strain",166,1
"6993","01_10561_0166_01",1,10561,"ref_strain",166,1
"6994","01_14308_0166_01",1,14308,"ref_strain",166,1
"6995","01_9211_0167_01",1,9211,"ref_strain",167,1
"6996","01_5063_0168_01",1,5063,"ref_strain",168,1
"6997","01_12789_0168_01",1,12789,"ref_strain",168,1
"6998","01_0661_0169_01",1,661,"ref_strain",169,1
"6999","01_5966_0169_01",1,5966,"ref_strain",169,1
"7000","01_9973_0169_01",1,9973,"ref_strain",169,1
"7001","01_11448_0170_01",1,11448,"ref_strain",170,1
"7002","01_0859_0171_01",1,859,"ref_strain",171,1
"7003","01_4263_0171_01",1,4263,"ref_strain",171,1
"7004","01_8711_0171_01",1,8711,"ref_strain",171,1
"7005","01_10025_0171_01",1,10025,"ref_strain",171,1
"7006","01_11069_0171_01",1,11069,"ref_strain",171,1
"7007","01_13526_0171_01",1,13526,"ref_strain",171,1
"7008","01_9876_0174_01",1,9876,"ref_strain",174,1
"7009","01_11476_0174_01",1,11476,"ref_strain",174,1
"7010","01_0231_0175_01",1,231,"ref_strain",175,1
"7011","01_3980_0175_01",1,3980,"ref_strain",175,1
"7012","01_13366_0175_01",1,13366,"ref_strain",175,1
"7013","01_1182_0176_01",1,1182,"ref_strain",176,1
"7014","01_12474_0176_01",1,12474,"ref_strain",176,1
"7015","01_13639_0177_01",1,13639,"ref_strain",177,1
"7016","01_1507_0178_01",1,1507,"ref_strain",178,1
"7017","01_4538_0178_01",1,4538,"ref_strain",178,1
"7018","01_5219_0178_01",1,5219,"ref_strain",178,1
"7019","01_8578_0179_01",1,8578,"ref_strain",179,1
"7020","01_10760_0179_01",1,10760,"ref_strain",179,1
"7021","01_10539_0181_01",1,10539,"ref_strain",181,1
"7022","01_3095_0182_01",1,3095,"ref_strain",182,1
"7023","01_11365_0184_01",1,11365,"ref_strain",184,1
"7024","01_8564_0185_01",1,8564,"ref_strain",185,1
"7025","01_10338_0185_01",1,10338,"ref_strain",185,1
"7026","01_6742_0186_01",1,6742,"ref_strain",186,1
"7027","01_12169_0187_01",1,12169,"ref_strain",187,1
"7028","01_2426_0191_01",1,2426,"ref_strain",191,1
"7029","01_4584_0194_01",1,4584,"ref_strain",194,1
"7030","01_2489_0197_01",1,2489,"ref_strain",197,1
