"","host_id","group","infector_id","infector_group","exposure_time","infectious_time","recovery_time"
"1",733,1,NA,NA,0,0,7
"2",5208,1,NA,NA,0,0,4
"3",6208,1,NA,NA,0,0,7
"4",6187,1,NA,NA,0,0,4
"5",9949,1,NA,NA,0,0,6
"6",1555,1,NA,NA,0,0,4
"7",5995,1,NA,NA,0,0,5
"8",3428,1,NA,NA,0,0,5
"9",928,1,NA,NA,0,0,7
"10",3938,1,5995,1,2,3,9
"11",5960,1,6208,1,2,4,9
"12",8432,1,3938,1,4,6,11
"13",12512,1,1555,1,2,4,10
"14",3487,1,733,1,1,4,10
"15",7173,1,3938,1,4,6,12
"16",11258,1,12512,1,6,8,12
"17",3235,1,8432,1,6,8,14
"18",1709,1,7173,1,8,10,16
"19",8028,1,8432,1,8,10,15
"20",14023,1,1709,1,11,14,20
"21",3565,1,8028,1,10,12,17
"22",4038,1,7173,1,8,12,17
"23",5054,1,1709,1,12,14,19
"24",6667,1,5054,1,14,16,22
"25",9335,1,7173,1,8,11,19
"26",10699,1,5054,1,14,15,21
"27",11818,1,9335,1,13,15,19
"28",528,1,9335,1,13,17,24
"29",2393,1,5054,1,16,18,22
"30",6841,1,528,1,17,19,25
"31",7706,1,11818,1,16,18,22
"32",8175,1,5054,1,16,18,22
"33",13204,1,6667,1,17,19,27
"34",1926,1,8984,1,21,22,26
"35",7402,1,528,1,19,21,26
"36",13247,1,528,1,20,22,28
"37",14008,1,528,1,18,20,24
"38",6358,1,10699,1,17,21,25
"39",8984,1,528,1,19,20,24
"40",773,1,13247,1,23,24,31
"41",2996,1,13247,1,22,24,30
"42",3385,1,2393,1,20,23,28
"43",8029,1,14008,1,21,23,28
"44",13033,1,2393,1,19,22,27
"45",3614,1,9620,1,23,25,30
"46",6432,1,2996,1,25,26,32
"47",9620,1,7706,1,19,21,28
"48",4167,1,5502,1,25,27,36
"49",5502,1,6358,1,22,24,29
"50",2588,1,773,1,25,26,32
"51",5124,1,13033,1,23,25,33
"52",9721,1,2588,1,26,28,34
"53",10488,1,13247,1,23,25,30
"54",8684,1,8029,1,26,29,34
"55",2194,1,2102,1,26,27,32
"56",3810,1,2102,1,26,28,35
"57",4010,1,6432,1,27,29,35
"58",8426,1,5502,1,27,28,33
"59",9706,1,2588,1,26,27,33
"60",12840,1,2102,1,26,28,35
"61",14103,1,8029,1,24,27,32
"62",2102,1,8029,1,24,25,32
"63",2792,1,3385,1,25,27,32
"64",7281,1,5124,1,27,30,35
"65",10820,1,2588,1,28,31,36
"66",2847,1,10488,1,27,30,35
"67",6347,1,617,1,30,32,37
"68",6633,1,2996,1,27,29,35
"69",617,1,2588,1,27,29,35
"70",2281,1,5124,1,29,31,36
"71",5225,1,9721,1,29,32,38
"72",11618,1,10820,1,32,33,38
"73",13105,1,8684,1,30,32,37
"74",1505,1,4167,1,29,31,38
"75",7266,1,8426,1,29,32,36
"76",10719,1,773,1,28,30,35
"77",211,1,4010,1,30,33,37
"78",417,1,10820,1,32,33,39
"79",4363,1,6633,1,31,32,36
"80",7252,1,6633,1,30,32,37
"81",11689,1,6633,1,30,33,37
"82",2235,1,10719,1,32,34,37
"83",4131,1,5908,1,34,36,41
"84",4773,1,2281,1,33,35,39
"85",5484,1,11689,1,34,35,41
"86",6478,1,617,1,31,32,37
"87",8578,1,10820,1,32,34,40
"88",13702,1,10719,1,31,33,40
"89",1723,1,5908,1,33,36,40
"90",5908,1,4010,1,30,33,38
"91",11624,1,4363,1,34,35,38
"92",1598,1,8578,1,35,36,43
"93",2510,1,10719,1,31,33,39
"94",5300,1,154,1,37,38,42
"95",5367,1,1723,1,37,38,43
"96",11415,1,2510,1,35,38,43
"97",13973,1,5908,1,34,36,41
"98",649,1,11470,1,37,39,45
"99",1168,1,11624,1,36,39,42
"100",1232,1,4010,1,30,32,40
"101",4508,1,7239,1,38,39,47
"102",4569,1,1653,1,38,39,44
"103",6108,1,1723,1,37,39,45
"104",8058,1,6347,1,34,36,40
"105",13871,1,11585,1,37,39,45
"106",154,1,11624,1,35,36,42
"107",947,1,11618,1,35,38,43
"108",1521,1,10820,1,33,36,42
"109",6105,1,10710,1,38,39,43
"110",6538,1,5908,1,36,40,44
"111",6959,1,2235,1,36,37,45
"112",8379,1,1505,1,36,38,45
"113",10146,1,8379,1,39,40,47
"114",11470,1,2281,1,34,36,41
"115",12234,1,6478,1,34,37,42
"116",12349,1,8578,1,36,38,41
"117",655,1,1521,1,38,40,47
"118",1653,1,8578,1,35,37,43
"119",4189,1,6935,1,39,41,47
"120",4592,1,8578,1,35,37,43
"121",4894,1,4773,1,38,39,45
"122",6935,1,8578,1,37,38,43
"123",7239,1,211,1,36,37,43
"124",10710,1,6633,1,34,37,42
"125",11585,1,1505,1,32,36,42
"126",11814,1,11585,1,37,40,45
"127",1141,1,4508,1,40,42,48
"128",2734,1,6857,1,39,41,47
"129",5041,1,1521,1,38,40,46
"130",6857,1,4773,1,36,38,44
"131",6880,1,5367,1,39,41,46
"132",8201,1,13871,1,40,41,47
"133",8259,1,11618,1,36,39,44
"134",9618,1,8578,1,38,39,44
"135",10299,1,6935,1,39,41,47
"136",10793,1,13799,1,39,40,44
"137",11203,1,6959,1,38,40,45
"138",13987,1,11470,1,38,42,47
"139",234,1,14171,1,42,43,50
"140",2561,1,9618,1,39,40,44
"141",2735,1,6959,1,39,41,46
"142",8439,1,1723,1,39,42,46
"143",9657,1,2735,1,42,43,48
"144",11567,1,1653,1,41,43,48
"145",11629,1,4508,1,41,42,48
"146",12324,1,6105,1,41,42,47
"147",14171,1,5367,1,39,41,46
"148",967,1,11624,1,37,39,45
"149",3125,1,11826,1,43,44,49
"150",3134,1,5300,1,41,44,50
"151",4327,1,9813,1,42,43,50
"152",6316,1,9813,1,41,43,48
"153",9534,1,13799,1,39,43,47
"154",9813,1,1723,1,39,41,46
"155",10480,1,2561,1,41,42,50
"156",11220,1,2735,1,42,43,47
"157",11541,1,11415,1,39,42,48
"158",13799,1,5484,1,36,38,45
"159",13932,1,13871,1,41,44,50
"160",208,1,12349,1,39,42,46
"161",1030,1,12324,1,43,45,51
"162",4326,1,11629,1,43,45,50
"163",5515,1,4189,1,42,43,48
"164",5797,1,14152,1,43,45,50
"165",6561,1,947,1,38,39,46
"166",8194,1,8376,1,44,45,50
"167",8376,1,5367,1,39,42,47
"168",8832,1,12657,1,43,45,50
"169",11212,1,6880,1,42,44,48
"170",13611,1,7239,1,39,40,46
"171",14144,1,11248,1,42,45,50
"172",14152,1,5484,1,40,42,47
"173",2521,1,9657,1,44,46,54
"174",2817,1,11826,1,43,45,50
"175",4000,1,4327,1,44,45,50
"176",4344,1,9821,1,42,44,49
"177",6284,1,4327,1,44,45,50
"178",8110,1,12234,1,38,40,47
"179",9821,1,8058,1,39,41,48
"180",10405,1,649,1,41,42,48
"181",10650,1,9657,1,45,46,52
"182",11068,1,14084,1,44,46,53
"183",11357,1,13100,1,45,46,52
"184",11603,1,4592,1,39,44,48
"185",11751,1,8439,1,43,44,48
"186",11980,1,655,1,44,46,51
"187",13085,1,12349,1,40,43,48
"188",13100,1,10710,1,40,44,48
"189",13375,1,634,1,44,46,51
"190",14084,1,11203,1,42,43,48
"191",26,1,13100,1,45,46,50
"192",77,1,6880,1,42,43,48
"193",634,1,6857,1,40,43,49
"194",3694,1,1030,1,45,47,52
"195",5882,1,2734,1,43,46,52
"196",6386,1,11541,1,44,45,50
"197",6615,1,12735,1,46,47,51
"198",8484,1,2735,1,43,44,49
"199",10676,1,5367,1,41,44,48
"200",11826,1,13799,1,40,42,48
"201",12657,1,967,1,40,43,49
"202",12955,1,3125,1,45,47,53
"203",1695,1,13328,1,45,47,52
"204",3007,1,14144,1,45,48,53
"205",3478,1,8484,1,45,48,57
"206",3558,1,14171,1,42,45,50
"207",4115,1,2735,1,42,44,52
"208",4989,1,13328,1,45,47,51
"209",5283,1,77,1,44,47,53
"210",6239,1,655,1,44,47,51
"211",6587,1,11826,1,44,45,50
"212",7367,1,6561,1,43,47,53
"213",10795,1,3558,1,46,47,53
"214",11248,1,7239,1,39,41,50
"215",11429,1,6386,1,46,47,53
"216",11673,1,208,1,43,45,49
"217",13328,1,5171,1,44,45,51
"218",13889,1,9813,1,42,43,49
"219",14033,1,536,1,44,45,52
"220",1947,1,13100,1,46,48,55
"221",3085,1,12955,1,47,49,54
"222",3600,1,8194,1,46,47,52
"223",4243,1,13100,1,46,48,53
"224",5171,1,11203,1,41,43,50
"225",7480,1,1695,1,47,48,53
"226",7599,1,13100,1,46,48,55
"227",10534,1,634,1,45,46,51
"228",11045,1,11567,1,46,47,51
"229",13191,1,13085,1,44,45,50
"230",13205,1,4344,1,46,47,53
"231",13847,1,6663,1,48,49,53
"232",469,1,6284,1,47,49,54
"233",536,1,9821,1,42,44,52
"234",1210,1,12735,1,48,49,53
"235",2865,1,6545,1,48,50,54
"236",3043,1,3694,1,49,50,57
"237",6663,1,2735,1,45,47,51
"238",7254,1,6587,1,46,48,53
"239",7503,1,12735,1,48,50,55
"240",8227,1,14084,1,44,46,52
"241",8373,1,14144,1,47,50,55
"242",9141,1,10480,1,44,49,54
"243",9489,1,536,1,46,48,53
"244",9789,1,6880,1,42,44,51
"245",10161,1,6284,1,46,47,51
"246",11178,1,11357,1,47,48,54
"247",11294,1,536,1,47,49,55
"248",12262,1,10480,1,44,46,51
"249",12266,1,13611,1,42,43,51
"250",12721,1,7254,1,49,50,54
"251",12735,1,11603,1,45,46,52
"252",13154,1,13932,1,45,46,52
"253",292,1,13328,1,45,47,52
"254",452,1,11429,1,49,50,55
"255",688,1,6284,1,46,49,55
"256",710,1,8832,1,47,48,54
"257",1572,1,9049,1,48,50,55
"258",2896,1,4000,1,47,49,56
"259",5853,1,11357,1,47,48,52
"260",6545,1,12324,1,45,47,52
"261",7335,1,7484,1,49,51,56
"262",8107,1,3007,1,50,51,55
"263",8961,1,13100,1,47,50,55
"264",10597,1,11045,1,48,49,53
"265",10690,1,4344,1,45,48,52
"266",11467,1,3600,1,47,49,54
"267",13574,1,13154,1,47,50,55
"268",13979,1,4344,1,46,48,52
"269",22,1,1731,1,50,52,56
"270",52,1,2817,1,47,48,54
"271",604,1,10405,1,46,48,53
"272",1456,1,11212,1,47,50,54
"273",1731,1,26,1,47,49,54
"274",3201,1,9031,1,50,51,55
"275",7484,1,6386,1,47,48,54
"276",7765,1,12735,1,47,49,54
"277",8803,1,10534,1,48,51,56
"278",9049,1,3125,1,45,47,54
"279",9892,1,10161,1,48,50,56
"280",9985,1,6663,1,49,50,57
"281",12346,1,8484,1,46,48,54
"282",12367,1,7614,1,51,52,58
"283",13188,1,13205,1,48,50,56
"284",791,1,9166,1,52,53,58
"285",1338,1,3478,1,49,52,57
"286",2795,1,13979,1,50,53,59
"287",2897,1,3085,1,51,53,58
"288",3457,1,8107,1,51,53,58
"289",6628,1,4233,1,52,53,56
"290",7329,1,13190,1,51,53,57
"291",10126,1,1030,1,48,50,54
"292",10351,1,13100,1,47,48,55
"293",12028,1,8484,1,45,49,54
"294",12645,1,8803,1,52,53,60
"295",14020,1,10161,1,48,52,57
"296",1121,1,1338,1,53,54,60
"297",1182,1,10597,1,52,54,60
"298",1296,1,7254,1,49,52,57
"299",2775,1,13889,1,46,50,55
"300",4127,1,2865,1,51,52,57
"301",4233,1,11212,1,47,50,55
"302",4288,1,12955,1,51,53,59
"303",5463,1,9489,1,50,52,56
"304",5686,1,12880,1,52,53,59
"305",6652,1,11513,1,52,53,58
"306",9031,1,5283,1,48,49,55
"307",9166,1,11294,1,50,51,55
"308",10593,1,10690,1,51,52,56
"309",10891,1,11294,1,51,54,58
"310",11513,1,12735,1,48,50,56
"311",11604,1,3085,1,51,53,58
"312",12224,1,10597,1,50,53,57
"313",12495,1,13932,1,48,50,55
"314",12673,1,8803,1,52,53,58
"315",12885,1,7503,1,52,53,58
"316",12997,1,11751,1,46,49,56
"317",13190,1,14144,1,48,50,57
"318",14035,1,12997,1,50,51,56
"319",14051,1,8107,1,52,54,58
"320",34,1,10690,1,50,52,57
"321",1646,1,4326,1,47,50,57
"322",3951,1,4233,1,53,54,59
"323",4723,1,1731,1,50,52,56
"324",4850,1,11068,1,47,51,56
"325",4942,1,7335,1,51,55,61
"326",5655,1,4723,1,53,54,58
"327",5932,1,12495,1,51,53,58
"328",6412,1,9892,1,51,53,60
"329",6463,1,6628,1,54,55,61
"330",7614,1,12997,1,49,51,56
"331",8044,1,604,1,49,53,58
"332",8819,1,452,1,52,53,58
"333",9718,1,8803,1,52,54,58
"334",9934,1,10126,1,51,53,59
"335",11105,1,22,1,53,55,60
"336",11177,1,5283,1,49,50,56
"337",11989,1,13979,1,50,52,59
"338",12187,1,1296,1,54,55,59
"339",12855,1,12997,1,50,53,59
"340",1161,1,4243,1,49,53,58
"341",1248,1,6412,1,55,56,60
"342",1326,1,10493,1,53,56,60
"343",2834,1,8373,1,52,54,60
"344",3047,1,11989,1,53,54,58
"345",3460,1,688,1,53,54,59
"346",3790,1,22,1,54,56,61
"347",3977,1,3134,1,49,50,58
"348",4185,1,2897,1,54,55,60
"349",4507,1,9985,1,53,54,58
"350",5399,1,13847,1,50,53,57
"351",5786,1,5463,1,53,55,61
"352",5930,1,1338,1,53,56,62
"353",6272,1,10534,1,47,51,57
"354",6537,1,9985,1,52,54,59
"355",6879,1,6272,1,52,53,58
"356",6984,1,11780,1,54,55,59
"357",7739,1,22,1,53,56,62
"358",8686,1,7013,1,54,55,58
"359",8821,1,11177,1,53,55,63
"360",10493,1,3977,1,51,53,59
"361",10540,1,5463,1,53,55,61
"362",11160,1,10593,1,54,55,59
"363",11938,1,9031,1,50,52,57
"364",13320,1,12880,1,53,55,59
"365",13486,1,1572,1,51,53,60
"366",14012,1,12880,1,52,53,58
"367",14150,1,4723,1,53,55,59
"368",73,1,13190,1,52,54,60
"369",312,1,9186,1,53,55,59
"370",803,1,6239,1,48,51,58
"371",1583,1,7335,1,54,55,62
"372",1884,1,11938,1,53,56,62
"373",1888,1,8686,1,56,57,62
"374",2025,1,9969,1,55,56,61
"375",2712,1,12028,1,50,53,59
"376",4391,1,469,1,52,54,58
"377",5055,1,791,1,54,57,62
"378",5286,1,10593,1,54,56,62
"379",5357,1,9934,1,54,56,62
"380",6156,1,11178,1,50,54,60
"381",6264,1,14035,1,53,55,60
"382",6454,1,4233,1,52,53,58
"383",6701,1,13574,1,52,53,58
"384",6922,1,12880,1,52,54,58
"385",7013,1,8373,1,51,52,59
"386",7612,1,6454,1,56,57,61
"387",8158,1,1456,1,51,53,61
"388",8553,1,8107,1,53,54,60
"389",8919,1,13188,1,51,54,61
"390",9186,1,1695,1,50,52,59
"391",9599,1,3047,1,55,56,62
"392",9838,1,11938,1,53,54,59
"393",10019,1,10593,1,52,54,59
"394",11006,1,4850,1,52,57,62
"395",11547,1,1121,1,55,57,63
"396",12747,1,11513,1,51,54,58
"397",12880,1,11467,1,50,51,58
"398",13815,1,4127,1,53,56,64
"399",281,1,9031,1,50,53,60
"400",624,1,827,1,57,58,63
"401",3135,1,12367,1,52,58,66
"402",3154,1,9599,1,57,58,64
"403",3635,1,791,1,54,56,60
"404",5066,1,11938,1,53,55,60
"405",5717,1,6156,1,55,57,62
"406",6626,1,7484,1,52,53,60
"407",7043,1,2897,1,54,56,59
"408",7169,1,12645,1,53,56,61
"409",7375,1,3047,1,55,57,62
"410",8916,1,9186,1,53,55,61
"411",9096,1,1121,1,55,57,62
"412",9969,1,8373,1,51,54,59
"413",10358,1,3478,1,52,54,59
"414",10406,1,10151,1,56,58,62
"415",10660,1,791,1,54,57,62
"416",11780,1,710,1,49,52,59
"417",12040,1,9186,1,55,57,62
"418",12212,1,4850,1,53,55,59
"419",13054,1,6879,1,55,56,62
"420",13361,1,14051,1,56,58,62
"421",13957,1,8919,1,55,56,60
"422",690,1,4127,1,54,59,63
"423",827,1,11513,1,51,57,64
"424",1306,1,3792,1,58,59,64
"425",1444,1,7335,1,55,56,61
"426",2297,1,11015,1,57,59,64
"427",2994,1,8044,1,54,55,62
"428",3337,1,10656,1,57,59,65
"429",3712,1,2795,1,53,55,60
"430",3922,1,8107,1,52,53,60
"431",4032,1,1338,1,53,58,64
"432",5426,1,1326,1,57,58,62
"433",5711,1,12187,1,56,58,65
"434",5840,1,2834,1,56,57,64
"435",7257,1,8158,1,54,55,60
"436",7586,1,1121,1,56,58,61
"437",7722,1,3790,1,58,59,64
"438",8178,1,8821,1,56,57,61
"439",9747,1,10133,1,58,59,65
"440",10656,1,11780,1,53,55,62
"441",10679,1,11938,1,53,56,63
"442",10716,1,3047,1,55,57,62
"443",11015,1,9186,1,53,56,63
"444",11377,1,6412,1,57,59,64
"445",12293,1,9838,1,55,57,61
"446",13113,1,9969,1,55,57,63
"447",346,1,4185,1,55,56,62
"448",1192,1,3790,1,56,58,62
"449",1307,1,10540,1,55,57,61
"450",2321,1,4637,1,58,59,63
"451",2538,1,9217,1,57,59,63
"452",2949,1,3460,1,55,58,62
"453",5244,1,5357,1,57,60,65
"454",6047,1,12747,1,56,58,62
"455",6554,1,9838,1,57,58,63
"456",7301,1,8686,1,56,57,63
"457",7364,1,1326,1,58,59,65
"458",7934,1,2025,1,57,59,64
"459",8084,1,12880,1,53,56,61
"460",8196,1,1583,1,56,58,62
"461",9217,1,281,1,54,56,61
"462",10112,1,10151,1,57,58,64
"463",10133,1,4127,1,55,56,61
"464",10238,1,1248,1,58,59,65
"465",10243,1,10151,1,58,60,65
"466",10723,1,10493,1,55,56,63
"467",11973,1,6629,1,57,60,67
"468",12677,1,11015,1,58,59,64
"469",12716,1,5882,1,50,56,61
"470",13302,1,12293,1,57,59,64
"471",13669,1,4147,1,59,60,66
"472",308,1,10151,1,57,58,62
"473",683,1,7169,1,57,58,63
"474",1251,1,5930,1,58,61,67
"475",1540,1,9718,1,55,59,66
"476",2476,1,6412,1,53,57,63
"477",2662,1,11150,1,59,60,65
"478",2857,1,8178,1,58,59,65
"479",3251,1,5930,1,57,60,65
"480",3792,1,12212,1,56,58,64
"481",4450,1,1444,1,57,58,64
"482",5379,1,1540,1,60,61,66
"483",5485,1,10383,1,60,61,67
"484",6247,1,6264,1,57,59,65
"485",6526,1,13885,1,59,61,67
"486",6629,1,9186,1,53,56,62
"487",6675,1,10660,1,58,60,66
"488",7846,1,7722,1,60,61,66
"489",8969,1,9586,1,59,61,66
"490",9259,1,12293,1,57,59,64
"491",9319,1,5066,1,56,57,62
"492",10151,1,3460,1,54,56,63
"493",10172,1,9259,1,60,61,68
"494",11150,1,7257,1,56,57,63
"495",12462,1,1182,1,56,57,63
"496",13117,1,14012,1,54,56,62
"497",13982,1,4723,1,53,57,62
"498",14071,1,827,1,58,60,64
"499",88,1,3135,1,60,61,65
"500",676,1,10891,1,56,58,63
"501",923,1,308,1,59,60,66
"502",1536,1,346,1,57,59,63
"503",2206,1,4147,1,59,61,66
"504",3387,1,7946,1,60,62,68
"505",3723,1,5655,1,57,59,63
"506",4072,1,1338,1,56,57,63
"507",4263,1,10243,1,61,62,67
"508",4637,1,3457,1,54,57,63
"509",6178,1,2025,1,57,62,65
"510",6220,1,5840,1,58,60,69
"511",6477,1,5871,1,61,62,67
"512",6787,1,1888,1,57,59,64
"513",7472,1,8084,1,57,59,63
"514",7946,1,10660,1,57,59,64
"515",8025,1,8686,1,57,60,66
"516",8176,1,11006,1,59,61,66
"517",8298,1,4147,1,60,62,65
"518",8345,1,1306,1,60,62,66
"519",8611,1,12012,1,60,61,66
"520",9672,1,4032,1,60,61,66
"521",10010,1,8178,1,58,59,65
"522",10064,1,10656,1,56,57,63
"523",10383,1,1583,1,57,59,63
"524",11908,1,12462,1,59,61,66
"525",11995,1,2297,1,61,62,67
"526",12203,1,690,1,60,61,64
"527",13885,1,6412,1,54,57,63
"528",13943,1,10660,1,58,59,65
"529",13959,1,4185,1,56,61,65
"530",436,1,12855,1,56,58,65
"531",588,1,7169,1,59,60,67
"532",1674,1,6526,1,62,63,69
"533",1825,1,5173,1,58,60,66
"534",1834,1,827,1,60,62,66
"535",2152,1,13320,1,56,58,64
"536",3346,1,548,1,61,62,67
"537",3459,1,5717,1,59,60,66
"538",4147,1,6629,1,57,58,65
"539",5145,1,10656,1,56,58,64
"540",5268,1,10133,1,57,60,67
"541",5871,1,312,1,58,60,66
"542",6140,1,4391,1,56,57,64
"543",6623,1,2662,1,62,63,69
"544",7424,1,9747,1,61,63,69
"545",7791,1,12212,1,58,60,66
"546",7938,1,2943,1,61,63,66
"547",8670,1,10064,1,60,63,68
"548",8734,1,7169,1,57,60,66
"549",8845,1,13957,1,57,59,65
"550",9586,1,2994,1,56,58,65
"551",9848,1,13943,1,60,61,65
"552",11570,1,8553,1,55,59,65
"553",12542,1,2857,1,60,61,66
"554",13116,1,5871,1,61,63,69
"555",13400,1,3154,1,59,61,65
"556",13495,1,9747,1,61,63,66
"557",13862,1,2943,1,61,63,67
"558",548,1,8919,1,56,60,65
"559",1064,1,7575,1,62,63,68
"560",1238,1,9586,1,61,62,69
"561",1346,1,73,1,57,59,65
"562",2050,1,14071,1,60,62,67
"563",2157,1,8734,1,61,62,67
"564",2224,1,14071,1,61,63,68
"565",2349,1,5840,1,59,61,67
"566",2943,1,308,1,59,60,66
"567",3097,1,10112,1,61,63,68
"568",3766,1,2994,1,58,59,66
"569",5089,1,11604,1,57,59,65
"570",5173,1,6264,1,57,58,66
"571",5339,1,7364,1,60,61,66
"572",5370,1,2756,1,62,64,69
"573",5911,1,8611,1,62,64,69
"574",6022,1,10010,1,60,64,69
"575",7575,1,1307,1,58,60,65
"576",8370,1,5089,1,60,62,68
"577",8944,1,5932,1,57,60,65
"578",9210,1,3251,1,63,64,69
"579",9696,1,5871,1,61,63,68
"580",10153,1,12462,1,60,63,68
"581",10306,1,13113,1,59,63,68
"582",11418,1,3766,1,60,62,66
"583",12012,1,5840,1,58,59,67
"584",12590,1,11377,1,60,63,70
"585",13551,1,7586,1,60,63,70
"586",13802,1,10406,1,59,62,66
"587",129,1,8176,1,62,65,68
"588",946,1,8345,1,64,65,72
"589",1454,1,13959,1,62,63,70
"590",1732,1,2716,1,63,65,71
"591",2296,1,5783,1,63,64,70
"592",2461,1,7375,1,60,63,68
"593",2527,1,3459,1,61,65,70
"594",2756,1,12293,1,59,61,68
"595",3129,1,10243,1,60,62,69
"596",3464,1,3792,1,59,61,66
"597",3745,1,4100,1,63,64,68
"598",3900,1,5717,1,60,61,66
"599",4100,1,8845,1,60,62,70
"600",4188,1,8298,1,63,65,70
"601",4638,1,5379,1,62,64,71
"602",5233,1,5871,1,61,62,69
"603",5427,1,5871,1,61,63,69
"604",5846,1,2554,1,63,65,71
"605",5920,1,5055,1,59,63,69
"606",6847,1,13943,1,60,62,66
"607",6859,1,3464,1,62,63,69
"608",8233,1,11570,1,60,62,69
"609",8518,1,8845,1,62,65,70
"610",8822,1,588,1,63,65,72
"611",8926,1,5066,1,58,61,68
"612",9814,1,3900,1,63,65,70
"613",11622,1,3459,1,61,63,68
"614",13357,1,690,1,60,61,67
"615",14157,1,9747,1,63,65,70
"616",222,1,1346,1,61,63,67
"617",498,1,5233,1,65,66,69
"618",1573,1,4100,1,65,66,72
"619",1677,1,3346,1,62,64,69
"620",1688,1,8025,1,61,63,69
"621",2447,1,5717,1,59,63,68
"622",2458,1,88,1,63,65,71
"623",2716,1,5930,1,58,61,67
"624",3602,1,1454,1,64,66,70
"625",3736,1,1306,1,61,63,68
"626",5783,1,3792,1,60,62,69
"627",5952,1,1834,1,63,65,70
"628",6087,1,13669,1,62,63,68
"629",6971,1,13669,1,61,64,72
"630",7199,1,2756,1,62,64,69
"631",7222,1,1888,1,60,61,67
"632",7398,1,1677,1,65,66,73
"633",7433,1,6623,1,64,65,72
"634",9348,1,13802,1,64,65,70
"635",9476,1,436,1,59,62,69
"636",9543,1,7946,1,61,62,68
"637",10417,1,8926,1,63,64,69
"638",10494,1,2297,1,61,62,69
"639",10758,1,9795,1,64,65,69
"640",10844,1,13551,1,64,66,74
"641",11559,1,8611,1,62,65,71
"642",12449,1,1834,1,63,66,70
"643",13527,1,2349,1,64,65,69
"644",13939,1,1064,1,64,66,71
"645",14061,1,1834,1,63,64,68
"646",577,1,5871,1,61,63,68
"647",1278,1,3346,1,65,67,73
"648",1879,1,14061,1,65,67,73
"649",1900,1,6247,1,63,64,69
"650",2146,1,6847,1,64,65,69
"651",2533,1,1238,1,63,65,70
"652",2554,1,3337,1,60,62,68
"653",2859,1,9476,1,64,67,72
"654",3053,1,7103,1,66,67,71
"655",3981,1,923,1,62,64,69
"656",5504,1,9848,1,64,65,71
"657",6438,1,2943,1,61,63,69
"658",6639,1,1306,1,63,67,73
"659",7670,1,8926,1,62,64,68
"660",8047,1,5286,1,58,63,68
"661",8214,1,2538,1,60,64,68
"662",8609,1,923,1,61,63,68
"663",8946,1,11622,1,64,66,71
"664",9183,1,10417,1,65,67,71
"665",9187,1,7587,1,64,65,70
"666",9562,1,5244,1,61,63,71
"667",9920,1,12590,1,64,67,73
"668",10004,1,2152,1,59,62,68
"669",10244,1,9696,1,63,64,69
"670",10529,1,9696,1,64,67,71
"671",10632,1,2050,1,64,66,70
"672",10633,1,1834,1,63,66,71
"673",10638,1,11622,1,64,66,72
"674",10824,1,9814,1,66,67,72
"675",11193,1,2554,1,63,64,69
"676",11766,1,5783,1,63,66,71
"677",12750,1,6022,1,65,66,71
"678",13179,1,2554,1,63,64,68
"679",13851,1,8176,1,63,66,71
"680",13949,1,9814,1,66,67,71
"681",206,1,4188,1,66,67,72
"682",806,1,6178,1,63,64,70
"683",831,1,4188,1,66,67,71
"684",1208,1,13116,1,64,65,70
"685",1213,1,4450,1,60,62,69
"686",1872,1,12698,1,64,66,70
"687",2661,1,9795,1,65,66,71
"688",2677,1,2662,1,63,67,73
"689",3026,1,7791,1,61,63,71
"690",3252,1,6623,1,65,66,72
"691",3426,1,7575,1,62,64,69
"692",3797,1,8176,1,63,66,71
"693",4043,1,10244,1,65,66,71
"694",4574,1,4100,1,63,64,69
"695",4617,1,3745,1,66,68,72
"696",4801,1,7670,1,65,68,73
"697",5303,1,1688,1,64,67,72
"698",6730,1,3464,1,63,64,70
"699",6848,1,88,1,62,66,70
"700",7103,1,3346,1,64,65,72
"701",7457,1,12012,1,61,64,71
"702",7517,1,7364,1,61,64,69
"703",7587,1,13302,1,61,62,69
"704",7663,1,1715,1,67,68,73
"705",8755,1,5504,1,66,67,72
"706",8756,1,13116,1,64,65,69
"707",8981,1,2943,1,63,65,71
"708",10014,1,13851,1,66,68,74
"709",10170,1,1251,1,63,64,70
"710",11014,1,2302,1,64,65,72
"711",11214,1,11418,1,63,65,70
"712",11281,1,3745,1,65,67,73
"713",11759,1,13302,1,62,65,73
"714",11802,1,12978,1,65,66,72
"715",12698,1,9586,1,60,63,70
"716",12978,1,5268,1,62,64,71
"717",13483,1,2554,1,63,65,70
"718",13534,1,6730,1,67,68,73
"719",13923,1,9562,1,64,67,73
"720",981,1,10632,1,68,69,74
"721",1597,1,13179,1,65,67,73
"722",2100,1,683,1,62,65,70
"723",2191,1,4620,1,64,66,73
"724",2299,1,11908,1,62,66,70
"725",2548,1,3426,1,66,69,74
"726",2685,1,4980,1,67,68,72
"727",3421,1,14061,1,66,68,72
"728",3425,1,10244,1,66,67,72
"729",3470,1,3602,1,67,69,75
"730",3538,1,806,1,67,68,74
"731",3567,1,2191,1,67,69,74
"732",4157,1,9360,1,68,69,74
"733",4386,1,88,1,62,63,70
"734",4620,1,3459,1,60,63,71
"735",4628,1,9696,1,64,67,72
"736",4646,1,4386,1,64,66,71
"737",4734,1,11802,1,67,68,72
"738",4852,1,3797,1,68,69,75
"739",5170,1,6623,1,64,66,70
"740",5658,1,10638,1,67,69,73
"741",6883,1,4188,1,66,68,74
"742",6918,1,10244,1,66,68,74
"743",7132,1,10004,1,63,65,71
"744",7267,1,12978,1,66,69,74
"745",7673,1,4980,1,66,68,77
"746",8253,1,8391,1,65,68,73
"747",8391,1,6787,1,62,64,70
"748",8412,1,14061,1,65,67,73
"749",8421,1,1064,1,63,65,73
"750",8956,1,2224,1,66,68,74
"751",9042,1,8756,1,66,68,73
"752",9055,1,5379,1,64,67,72
"753",9360,1,6623,1,65,66,70
"754",9531,1,5871,1,62,67,74
"755",9568,1,11995,1,64,66,71
"756",9795,1,11160,1,57,62,70
"757",10073,1,6859,1,65,67,71
"758",11228,1,13939,1,67,69,74
"759",11457,1,1834,1,64,66,71
"760",12006,1,10494,1,63,65,71
"761",12117,1,1597,1,68,69,73
"762",12808,1,4386,1,64,66,71
"763",12859,1,13495,1,65,68,72
"764",13077,1,4638,1,66,69,75
"765",13123,1,12698,1,65,67,73
"766",13212,1,365,1,68,69,73
"767",13293,1,13116,1,65,67,72
"768",13474,1,5952,1,66,68,74
"769",209,1,3053,1,68,70,75
"770",269,1,13474,1,69,70,77
"771",393,1,2458,1,66,68,72
"772",875,1,13862,1,64,67,71
"773",881,1,13293,1,68,69,74
"774",1063,1,4077,1,69,70,76
"775",1244,1,5244,1,61,63,71
"776",1715,1,4100,1,65,66,72
"777",1862,1,4386,1,64,65,72
"778",1880,1,8749,1,67,68,73
"779",1889,1,3538,1,69,70,75
"780",1959,1,7517,1,66,69,74
"781",2211,1,8946,1,68,70,76
"782",2428,1,2411,1,69,70,75
"783",2479,1,10494,1,63,65,71
"784",2833,1,2685,1,69,70,75
"785",2863,1,5268,1,61,64,71
"786",3805,1,7199,1,66,69,75
"787",3923,1,946,1,67,68,74
"788",4077,1,6730,1,66,67,74
"789",4275,1,7568,1,68,69,76
"790",4863,1,1238,1,67,70,78
"791",4980,1,1251,1,63,65,72
"792",5315,1,2662,1,61,66,71
"793",6053,1,1715,1,68,69,75
"794",6394,1,7344,1,68,70,75
"795",7223,1,2562,1,68,69,75
"796",7298,1,7103,1,65,67,72
"797",7344,1,3097,1,64,67,72
"798",7568,1,3745,1,65,67,74
"799",7605,1,9210,1,65,67,71
"800",7868,1,11622,1,65,67,71
"801",7945,1,9210,1,64,66,71
"802",8393,1,3387,1,63,65,71
"803",8540,1,8749,1,69,70,76
"804",8669,1,11427,1,69,70,75
"805",8749,1,5233,1,63,66,71
"806",8765,1,1208,1,66,68,73
"807",9106,1,10758,1,67,68,73
"808",9561,1,2479,1,67,68,74
"809",9634,1,7945,1,66,67,73
"810",9735,1,7267,1,69,70,76
"811",9851,1,2863,1,65,68,72
"812",9996,1,13483,1,67,70,74
"813",10599,1,6477,1,65,66,72
"814",10652,1,13483,1,66,68,73
"815",10908,1,4043,1,67,69,74
"816",11436,1,13179,1,66,68,73
"817",11710,1,11014,1,67,68,72
"818",12393,1,6639,1,68,69,73
"819",12970,1,13179,1,66,67,73
"820",13673,1,3387,1,64,68,74
"821",13989,1,946,1,67,70,75
"822",14182,1,7910,1,68,69,75
"823",331,1,7663,1,69,71,76
"824",460,1,8214,1,66,67,73
"825",507,1,9210,1,67,69,73
"826",653,1,4980,1,66,69,74
"827",839,1,1862,1,66,69,75
"828",1040,1,6848,1,69,71,77
"829",1195,1,1872,1,67,69,75
"830",1524,1,1732,1,67,69,76
"831",1867,1,4249,1,68,69,74
"832",1921,1,10417,1,65,67,72
"833",1923,1,10824,1,69,71,78
"834",2302,1,10010,1,60,63,72
"835",2411,1,1208,1,67,68,72
"836",2562,1,577,1,64,67,72
"837",2881,1,13939,1,67,68,74
"838",3754,1,4734,1,69,70,77
"839",3862,1,2685,1,69,71,78
"840",4249,1,8233,1,64,66,72
"841",4768,1,7433,1,66,69,73
"842",5990,1,7433,1,66,70,75
"843",6204,1,2859,1,68,71,76
"844",6625,1,8765,1,69,71,74
"845",6802,1,1879,1,68,69,74
"846",6890,1,4249,1,68,69,73
"847",7172,1,1454,1,64,68,73
"848",7212,1,8749,1,67,70,75
"849",7910,1,2157,1,63,67,72
"850",8395,1,12892,1,67,68,72
"851",8526,1,11214,1,68,70,77
"852",8776,1,1064,1,64,68,76
"853",8810,1,11281,1,69,71,77
"854",9619,1,11193,1,67,70,74
"855",10015,1,4241,1,69,71,78
"856",10369,1,14061,1,65,67,72
"857",10807,1,2299,1,67,69,73
"858",10810,1,6022,1,65,67,74
"859",11023,1,8822,1,67,70,76
"860",11461,1,14157,1,66,69,77
"861",11620,1,13949,1,69,71,77
"862",12082,1,2191,1,68,69,75
"863",12154,1,7910,1,70,71,77
"864",12923,1,7344,1,68,69,74
"865",12942,1,129,1,66,68,72
"866",13013,1,6639,1,68,69,73
"867",13284,1,13534,1,68,69,74
"868",13480,1,8518,1,67,69,75
"869",13562,1,2881,1,70,71,75
"870",13910,1,11461,1,70,71,77
"871",86,1,10633,1,69,71,76
"872",89,1,6080,1,70,72,78
"873",136,1,6761,1,70,72,77
"874",217,1,3602,1,67,71,75
"875",336,1,5303,1,69,71,78
"876",365,1,806,1,66,67,74
"877",482,1,13949,1,68,71,76
"878",606,1,10633,1,67,69,74
"879",919,1,222,1,64,67,73
"880",1250,1,919,1,70,72,77
"881",1291,1,7433,1,68,71,77
"882",1403,1,13013,1,70,71,76
"883",2205,1,1208,1,66,68,73
"884",2577,1,9486,1,70,72,77
"885",2650,1,6761,1,68,70,76
"886",2928,1,460,1,68,70,74
"887",3675,1,1921,1,68,72,77
"888",4005,1,12531,1,71,72,78
"889",4165,1,9920,1,68,69,76
"890",4241,1,11802,1,67,69,75
"891",4316,1,5072,1,70,71,76
"892",4341,1,8755,1,70,71,77
"893",4498,1,13293,1,68,70,74
"894",4506,1,7433,1,67,71,75
"895",5280,1,5658,1,70,71,76
"896",5407,1,13949,1,69,71,77
"897",5968,1,8776,1,70,72,79
"898",6489,1,14006,1,70,71,76
"899",6497,1,3797,1,66,70,74
"900",6761,1,5911,1,66,68,73
"901",7206,1,12117,1,70,72,78
"902",7327,1,946,1,67,70,75
"903",7345,1,946,1,66,68,73
"904",7894,1,1715,1,70,71,75
"905",8397,1,11193,1,66,69,74
"906",8799,1,12942,1,69,70,76
"907",9224,1,10170,1,65,69,74
"908",9243,1,3387,1,65,67,73
"909",9486,1,1573,1,67,69,75
"910",9945,1,13284,1,70,72,79
"911",10813,1,6497,1,71,72,77
"912",10883,1,11995,1,64,67,74
"913",12085,1,4863,1,70,71,77
"914",12258,1,2677,1,68,72,77
"915",12531,1,1573,1,68,70,76
"916",12538,1,1063,1,70,72,76
"917",12876,1,4617,1,70,72,77
"918",13370,1,10638,1,67,69,74
"919",14039,1,3567,1,71,72,75
"920",14145,1,7670,1,65,67,73
"921",139,1,3470,1,70,71,76
"922",680,1,1889,1,71,72,79
"923",979,1,331,1,72,73,78
"924",1249,1,839,1,70,73,79
"925",1391,1,6761,1,69,70,79
"926",1416,1,3425,1,69,71,78
"927",1670,1,12117,1,70,71,75
"928",1682,1,9531,1,68,72,76
"929",1942,1,3311,1,71,73,78
"930",2418,1,7868,1,69,70,74
"931",2729,1,4386,1,65,70,74
"932",2843,1,12942,1,70,73,78
"933",3311,1,3252,1,68,69,76
"934",3408,1,13284,1,69,71,75
"935",3741,1,13366,1,72,73,79
"936",4260,1,13077,1,71,72,79
"937",4262,1,4863,1,71,72,77
"938",6080,1,1921,1,68,69,76
"939",6188,1,5658,1,70,73,76
"940",6399,1,3732,1,71,72,76
"941",6437,1,10599,1,67,69,75
"942",6937,1,5846,1,66,68,75
"943",7525,1,6937,1,69,73,77
"944",7747,1,13534,1,70,72,76
"945",8350,1,11436,1,68,71,75
"946",8489,1,1900,1,68,70,76
"947",8635,1,13480,1,71,72,77
"948",9069,1,7812,1,71,72,77
"949",9245,1,4801,1,69,71,76
"950",9404,1,6890,1,70,72,77
"951",9438,1,7670,1,65,68,74
"952",9830,1,4498,1,72,73,78
"953",9995,1,4188,1,66,69,74
"954",11206,1,2411,1,68,71,78
"955",11427,1,10417,1,66,68,74
"956",12892,1,10004,1,64,67,74
"957",13132,1,11461,1,70,71,76
"958",13558,1,14145,1,69,72,77
"959",13715,1,6883,1,71,73,79
"960",13840,1,8214,1,67,69,76
"961",14006,1,3425,1,68,69,78
"962",14094,1,4646,1,67,72,77
"963",112,1,4165,1,70,72,75
"964",271,1,6761,1,70,74,80
"965",560,1,4005,1,73,74,80
"966",592,1,9568,1,67,70,75
"967",960,1,4768,1,71,72,76
"968",1440,1,5757,1,72,73,78
"969",1643,1,9634,1,69,71,77
"970",2035,1,8669,1,72,74,79
"971",2275,1,1391,1,71,73,78
"972",2768,1,12065,1,73,74,81
"973",2993,1,3567,1,72,74,79
"974",3177,1,8917,1,72,73,77
"975",3549,1,9187,1,69,73,78
"976",4182,1,4341,1,72,73,78
"977",4525,1,9735,1,71,73,77
"978",4990,1,2863,1,66,70,75
"979",5072,1,4628,1,68,70,75
"980",5341,1,10015,1,72,73,81
"981",5757,1,3538,1,69,71,77
"982",6659,1,9187,1,67,71,75
"983",6980,1,9619,1,71,74,78
"984",7248,1,7345,1,69,71,76
"985",7319,1,1862,1,67,70,76
"986",7567,1,1403,1,72,74,79
"987",9036,1,7894,1,71,72,77
"988",9402,1,9055,1,69,71,76
"989",9417,1,5072,1,71,73,78
"990",9913,1,6080,1,70,72,78
"991",9948,1,3425,1,70,71,77
"992",10021,1,1278,1,68,70,75
"993",10152,1,2418,1,73,74,79
"994",10233,1,13366,1,72,73,78
"995",11091,1,8946,1,67,71,77
"996",11245,1,3409,1,71,72,76
"997",11863,1,8956,1,69,72,77
"998",12001,1,2479,1,67,69,75
"999",12167,1,1880,1,69,70,75
"1000",12769,1,6890,1,71,72,77
"1001",12909,1,1597,1,70,72,78
"1002",13023,1,7212,1,71,74,79
"1003",13185,1,13370,1,71,74,81
"1004",13337,1,1195,1,70,71,77
"1005",13366,1,2205,1,69,71,77
"1006",13969,1,8669,1,71,74,79
"1007",14027,1,2458,1,66,69,76
"1008",223,1,2049,1,73,74,78
"1009",231,1,1959,1,70,72,76
"1010",381,1,10638,1,70,73,78
"1011",673,1,9069,1,73,75,79
"1012",781,1,9106,1,70,74,79
"1013",796,1,3675,1,73,74,77
"1014",1587,1,7868,1,69,71,78
"1015",1797,1,13562,1,72,73,79
"1016",1843,1,1587,1,72,74,80
"1017",2049,1,10908,1,71,72,78
"1018",2094,1,2993,1,74,75,80
"1019",2238,1,12449,1,68,71,76
"1020",2366,1,13840,1,70,73,77
"1021",2808,1,12538,1,73,74,79
"1022",2873,1,12085,1,73,75,81
"1023",3409,1,8749,1,68,70,76
"1024",3618,1,4646,1,67,71,76
"1025",3732,1,13123,1,68,69,77
"1026",4113,1,606,1,71,73,78
"1027",4571,1,14006,1,71,73,78
"1028",5275,1,2928,1,71,72,77
"1029",5532,1,2205,1,70,72,78
"1030",5677,1,5315,1,68,71,77
"1031",5688,1,12970,1,70,73,80
"1032",6125,1,2650,1,70,74,81
"1033",6245,1,14039,1,73,74,79
"1034",6307,1,7747,1,73,75,84
"1035",6475,1,11014,1,68,70,77
"1036",6484,1,14027,1,73,75,81
"1037",6581,1,8253,1,71,73,79
"1038",6861,1,9069,1,73,74,80
"1039",7812,1,2299,1,68,70,77
"1040",8115,1,6802,1,72,73,78
"1041",8205,1,4768,1,71,72,80
"1042",8386,1,9996,1,72,73,78
"1043",8471,1,12001,1,70,73,77
"1044",8917,1,8946,1,69,71,76
"1045",9560,1,14145,1,69,71,77
"1046",9609,1,11214,1,67,71,76
"1047",9643,1,12085,1,73,75,80
"1048",9703,1,13923,1,70,71,76
"1049",10154,1,881,1,70,71,77
"1050",10234,1,4567,1,73,74,78
"1051",10989,1,8121,1,72,75,81
"1052",11151,1,6918,1,70,71,77
"1053",11199,1,1040,1,72,74,81
"1054",12065,1,11023,1,72,73,78
"1055",12459,1,9634,1,68,71,76
"1056",12758,1,11766,1,67,71,77
"1057",12854,1,4341,1,73,74,79
"1058",12989,1,8154,1,71,72,77
"1059",13036,1,2428,1,72,74,80
"1060",13097,1,13851,1,68,69,77
"1061",13437,1,6890,1,70,74,80
"1062",13616,1,12538,1,73,75,80
"1063",451,1,12769,1,74,76,82
"1064",717,1,3276,1,75,76,79
"1065",882,1,8673,1,75,76,81
"1066",922,1,12909,1,72,73,78
"1067",1016,1,12323,1,75,76,81
"1068",1086,1,2211,1,72,75,81
"1069",1198,1,8526,1,72,74,78
"1070",1928,1,8395,1,69,72,77
"1071",2469,1,9945,1,74,76,83
"1072",3261,1,63,1,75,76,80
"1073",3399,1,1643,1,73,74,79
"1074",4031,1,11245,1,73,75,81
"1075",4121,1,13480,1,71,74,77
"1076",4285,1,7267,1,71,73,78
"1077",5447,1,8765,1,69,72,79
"1078",5654,1,960,1,72,74,79
"1079",5670,1,680,1,74,75,80
"1080",5719,1,922,1,74,76,81
"1081",6350,1,4863,1,71,73,81
"1082",6473,1,4628,1,68,71,77
"1083",7224,1,9945,1,73,76,83
"1084",7608,1,3409,1,73,76,83
"1085",7927,1,14039,1,73,74,78
"1086",8090,1,13185,1,75,76,80
"1087",8154,1,8981,1,69,70,78
"1088",9232,1,2428,1,73,75,81
"1089",9409,1,13212,1,70,74,78
"1090",9600,1,1416,1,74,75,79
"1091",10115,1,6497,1,71,74,78
"1092",10748,1,5253,1,75,76,80
"1093",10860,1,5447,1,73,76,81
"1094",10924,1,4801,1,70,72,79
"1095",11394,1,5072,1,73,74,79
"1096",11709,1,9851,1,70,71,78
"1097",11723,1,5757,1,72,74,80
"1098",12309,1,1643,1,72,74,79
"1099",12575,1,10734,1,74,76,81
"1100",13393,1,9531,1,70,72,77
"1101",13659,1,2428,1,71,74,79
"1102",677,1,13023,1,75,77,82
"1103",1107,1,11151,1,72,74,79
"1104",1169,1,5017,1,71,72,79
"1105",1214,1,12876,1,73,75,80
"1106",1233,1,7075,1,74,76,84
"1107",1429,1,12989,1,74,75,81
"1108",1941,1,13132,1,72,74,79
"1109",2955,1,14039,1,74,76,81
"1110",3244,1,13910,1,73,76,82
"1111",3326,1,136,1,73,75,79
"1112",3403,1,1067,1,74,76,81
"1113",3539,1,1928,1,73,74,81
"1114",4029,1,12876,1,74,76,81
"1115",4158,1,8635,1,73,75,82
"1116",4349,1,11280,1,76,77,82
"1117",4567,1,8799,1,71,73,78
"1118",4642,1,13539,1,75,76,81
"1119",5614,1,1391,1,70,73,79
"1120",6435,1,3862,1,72,74,79
"1121",6513,1,1942,1,74,75,81
"1122",6911,1,2843,1,75,76,81
"1123",7075,1,9224,1,71,72,78
"1124",7624,1,3072,1,76,77,83
"1125",7771,1,839,1,70,72,78
"1126",7880,1,9245,1,72,74,78
"1127",7899,1,8386,1,75,76,82
"1128",8121,1,3732,1,70,71,78
"1129",8131,1,1040,1,72,74,80
"1130",8231,1,13910,1,72,74,80
"1131",8260,1,9735,1,71,72,78
"1132",9027,1,6245,1,75,76,83
"1133",9305,1,12117,1,70,72,78
"1134",9320,1,8810,1,73,75,81
"1135",9398,1,269,1,72,74,80
"1136",9521,1,1403,1,73,75,81
"1137",9623,1,1872,1,69,72,79
"1138",9645,1,1067,1,74,77,82
"1139",9970,1,10813,1,73,75,80
"1140",10340,1,8986,1,76,77,82
"1141",10387,1,4863,1,71,74,78
"1142",10855,1,13910,1,73,75,80
"1143",11188,1,3311,1,71,73,78
"1144",11520,1,4005,1,73,75,81
"1145",11619,1,7319,1,71,73,80
"1146",11795,1,4567,1,74,77,84
"1147",12181,1,5341,1,75,77,82
"1148",12342,1,7172,1,68,74,79
"1149",12406,1,11620,1,72,74,81
"1150",13649,1,13910,1,73,75,80
"1151",13705,1,13558,1,74,75,79
"1152",324,1,11151,1,73,75,81
"1153",584,1,8350,1,72,73,80
"1154",622,1,14027,1,70,74,79
"1155",1029,1,5072,1,72,76,80
"1156",1432,1,673,1,76,77,83
"1157",1963,1,3741,1,76,78,85
"1158",1970,1,2275,1,75,78,82
"1159",2095,1,12909,1,74,75,81
"1160",2096,1,13086,1,75,77,82
"1161",3196,1,10827,1,77,78,82
"1162",3264,1,482,1,72,74,80
"1163",3276,1,11863,1,73,74,79
"1164",3469,1,10154,1,72,75,83
"1165",3571,1,5072,1,74,77,83
"1166",3784,1,10924,1,72,74,79
"1167",4019,1,4113,1,75,78,84
"1168",4170,1,9945,1,73,74,80
"1169",4299,1,5614,1,76,77,82
"1170",4477,1,2366,1,75,76,79
"1171",4872,1,4275,1,70,73,81
"1172",5017,1,8776,1,69,70,79
"1173",5332,1,6497,1,73,76,81
"1174",5362,1,6659,1,73,75,79
"1175",5422,1,6861,1,74,76,79
"1176",6019,1,2275,1,75,78,81
"1177",6343,1,920,1,74,78,82
"1178",6605,1,4005,1,74,76,79
"1179",6748,1,673,1,77,78,83
"1180",7097,1,2035,1,75,76,82
"1181",7388,1,4341,1,72,73,79
"1182",7896,1,10213,1,74,77,83
"1183",8465,1,9027,1,76,78,82
"1184",8570,1,6503,1,76,78,83
"1185",8673,1,3862,1,72,74,79
"1186",9020,1,231,1,75,77,84
"1187",9138,1,7388,1,74,77,82
"1188",9140,1,10213,1,74,77,80
"1189",9329,1,3469,1,76,78,84
"1190",9755,1,10115,1,75,76,80
"1191",9901,1,8898,1,76,78,83
"1192",10213,1,2238,1,72,73,79
"1193",10381,1,10810,1,73,75,79
"1194",10403,1,217,1,72,73,79
"1195",10734,1,2411,1,69,73,79
"1196",11089,1,12471,1,77,78,84
"1197",11280,1,10924,1,73,75,80
"1198",11497,1,12769,1,73,76,81
"1199",12323,1,4506,1,74,75,79
"1200",12331,1,8986,1,76,77,83
"1201",12352,1,3470,1,69,71,79
"1202",12380,1,979,1,74,77,83
"1203",12475,1,86,1,74,75,79
"1204",12488,1,10403,1,75,77,82
"1205",12496,1,13715,1,75,78,83
"1206",13050,1,8765,1,71,75,80
"1207",13539,1,11245,1,74,75,80
"1208",13570,1,7206,1,74,77,81
"1209",13609,1,4506,1,73,76,81
"1210",13849,1,12167,1,73,75,80
"1211",14113,1,1107,1,76,77,82
"1212",63,1,393,1,70,74,81
"1213",130,1,4872,1,74,75,80
"1214",876,1,63,1,76,78,83
"1215",920,1,12167,1,71,73,82
"1216",1067,1,7212,1,71,73,80
"1217",1218,1,12769,1,73,75,81
"1218",1604,1,3539,1,76,78,82
"1219",1873,1,1029,1,77,79,86
"1220",1914,1,2833,1,73,75,82
"1221",1988,1,13558,1,73,75,81
"1222",2280,1,11619,1,74,77,81
"1223",2368,1,10855,1,77,79,83
"1224",2589,1,4498,1,72,74,80
"1225",2964,1,3539,1,77,79,86
"1226",3072,1,12065,1,73,75,80
"1227",4084,1,10154,1,72,75,80
"1228",4120,1,324,1,77,78,81
"1229",4183,1,9398,1,76,77,84
"1230",4849,1,13616,1,76,78,85
"1231",4978,1,9069,1,74,75,80
"1232",5224,1,7927,1,76,78,84
"1233",5253,1,9245,1,73,74,80
"1234",5455,1,1214,1,76,77,84
"1235",6000,1,7224,1,77,78,85
"1236",6503,1,6489,1,73,75,80
"1237",6968,1,9036,1,74,76,80
"1238",7008,1,7388,1,74,75,82
"1239",7038,1,2768,1,76,77,84
"1240",7063,1,9245,1,73,76,81
"1241",7219,1,6497,1,72,74,81
"1242",7314,1,7356,1,75,78,83
"1243",7343,1,223,1,76,77,82
"1244",7576,1,11081,1,77,79,87
"1245",8171,1,7224,1,76,77,82
"1246",8192,1,1429,1,76,77,83
"1247",8368,1,10999,1,77,79,83
"1248",8898,1,1923,1,73,74,81
"1249",9077,1,13050,1,76,79,82
"1250",10199,1,622,1,75,78,85
"1251",10297,1,12065,1,74,76,81
"1252",10333,1,8471,1,73,75,81
"1253",10856,1,920,1,74,75,81
"1254",10999,1,13562,1,73,76,81
"1255",11326,1,6053,1,70,75,81
"1256",11382,1,13086,1,76,79,84
"1257",12165,1,231,1,75,77,81
"1258",12436,1,11619,1,74,78,83
"1259",12453,1,7356,1,76,77,83
"1260",12471,1,8260,1,74,76,81
"1261",12622,1,11199,1,75,77,83
"1262",12773,1,6204,1,72,74,80
"1263",12812,1,3326,1,76,78,83
"1264",13086,1,5677,1,72,74,80
"1265",13166,1,7356,1,78,79,83
"1266",13687,1,9232,1,75,77,84
"1267",13860,1,10152,1,77,79,86
"1268",177,1,11863,1,72,75,82
"1269",273,1,2808,1,76,79,85
"1270",412,1,12406,1,77,80,83
"1271",499,1,4114,1,78,79,85
"1272",678,1,4073,1,78,80,86
"1273",1014,1,2095,1,76,78,84
"1274",1026,1,929,1,78,79,86
"1275",1084,1,7219,1,76,79,84
"1276",1376,1,7075,1,73,76,81
"1277",1764,1,10860,1,78,80,85
"1278",2077,1,13203,1,76,79,84
"1279",2468,1,1029,1,77,78,84
"1280",2692,1,11616,1,77,79,86
"1281",2912,1,714,1,77,80,83
"1282",3245,1,6861,1,75,77,82
"1283",3496,1,9427,1,77,78,83
"1284",4142,1,10297,1,79,80,84
"1285",4425,1,717,1,77,79,85
"1286",4586,1,1198,1,75,76,82
"1287",4761,1,324,1,76,77,84
"1288",4897,1,3399,1,75,77,83
"1289",5076,1,9648,1,79,80,85
"1290",5144,1,209,1,71,76,81
"1291",5195,1,4642,1,77,79,82
"1292",5306,1,451,1,77,79,83
"1293",5506,1,2843,1,75,76,82
"1294",5860,1,8905,1,78,79,83
"1295",5903,1,4260,1,75,77,82
"1296",6201,1,7896,1,78,79,84
"1297",6308,1,7343,1,78,80,87
"1298",6739,1,714,1,77,79,84
"1299",7356,1,10924,1,73,75,82
"1300",7409,1,13446,1,79,80,87
"1301",7629,1,7771,1,73,74,81
"1302",7680,1,12309,1,75,78,83
"1303",7750,1,3403,1,77,79,85
"1304",7849,1,673,1,76,77,82
"1305",9427,1,10403,1,74,77,83
"1306",9588,1,13086,1,75,77,83
"1307",9815,1,4170,1,76,77,81
"1308",10076,1,11772,1,78,79,84
"1309",10141,1,2366,1,74,76,82
"1310",10618,1,2275,1,76,79,86
"1311",10818,1,13409,1,79,80,87
"1312",10827,1,9409,1,75,76,84
"1313",10953,1,8386,1,74,77,82
"1314",11081,1,12989,1,73,75,81
"1315",11384,1,673,1,76,78,85
"1316",11772,1,8131,1,76,77,83
"1317",11953,1,7525,1,75,78,82
"1318",12249,1,6019,1,79,80,85
"1319",12461,1,1016,1,78,80,86
"1320",12663,1,8386,1,75,77,84
"1321",12729,1,8526,1,72,75,81
"1322",12980,1,5275,1,76,78,83
"1323",13027,1,2873,1,76,77,84
"1324",13037,1,11151,1,72,74,81
"1325",13203,1,4262,1,74,76,82
"1326",13446,1,7356,1,75,77,82
"1327",13650,1,8905,1,79,80,85
"1328",13698,1,9521,1,76,77,82
"1329",13740,1,714,1,77,78,83
"1330",13755,1,12538,1,74,76,81
"1331",13855,1,7008,1,77,78,84
"1332",13,1,6968,1,77,78,84
"1333",391,1,3244,1,77,78,82
"1334",408,1,9409,1,74,76,83
"1335",526,1,12323,1,78,80,85
"1336",597,1,10818,1,80,81,87
"1337",714,1,1440,1,74,75,82
"1338",834,1,11280,1,77,79,84
"1339",1108,1,10141,1,77,78,84
"1340",1267,1,5670,1,76,78,84
"1341",1284,1,7388,1,75,76,82
"1342",1374,1,3549,1,74,76,82
"1343",1446,1,10115,1,75,77,82
"1344",1918,1,4897,1,78,79,82
"1345",2046,1,1029,1,78,80,86
"1346",2196,1,1403,1,73,76,82
"1347",2482,1,3264,1,76,78,83
"1348",2576,1,10333,1,76,78,85
"1349",2648,1,714,1,76,79,84
"1350",2723,1,781,1,75,78,83
"1351",2848,1,1067,1,74,77,82
"1352",3370,1,1429,1,76,79,83
"1353",3388,1,929,1,80,81,85
"1354",3596,1,9901,1,79,80,87
"1355",3824,1,12575,1,77,78,83
"1356",3836,1,1014,1,79,81,86
"1357",3866,1,2843,1,75,76,83
"1358",4114,1,7388,1,75,77,83
"1359",4680,1,4491,1,79,81,86
"1360",4733,1,10827,1,77,79,84
"1361",5040,1,12323,1,77,79,84
"1362",5525,1,7608,1,77,78,82
"1363",5684,1,3177,1,74,77,82
"1364",5915,1,5583,1,79,81,86
"1365",5933,1,1249,1,75,77,84
"1366",6430,1,9232,1,76,78,84
"1367",6776,1,13570,1,78,80,83
"1368",6993,1,13616,1,77,79,86
"1369",6999,1,6484,1,78,79,85
"1370",7444,1,10154,1,76,78,85
"1371",7628,1,14043,1,80,81,86
"1372",8134,1,13539,1,76,78,83
"1373",8503,1,10381,1,76,77,84
"1374",8773,1,1670,1,74,78,83
"1375",8780,1,13740,1,79,80,85
"1376",8986,1,1249,1,74,75,82
"1377",9189,1,7747,1,74,76,82
"1378",9334,1,13849,1,77,78,84
"1379",9381,1,7038,1,78,81,84
"1380",9635,1,12309,1,76,77,83
"1381",9648,1,1942,1,76,78,85
"1382",10113,1,7388,1,75,78,84
"1383",10555,1,3072,1,77,79,84
"1384",10631,1,12812,1,79,80,83
"1385",11327,1,10999,1,78,79,86
"1386",11401,1,4586,1,77,79,85
"1387",11616,1,177,1,76,77,83
"1388",11776,1,584,1,74,77,82
"1389",11986,1,5933,1,79,80,84
"1390",12005,1,5422,1,77,80,85
"1391",12201,1,12471,1,79,80,85
"1392",12284,1,9232,1,77,79,84
"1393",12730,1,11280,1,76,78,83
"1394",12768,1,13036,1,76,78,82
"1395",12898,1,10297,1,77,79,84
"1396",13195,1,4733,1,80,81,86
"1397",13387,1,3276,1,75,77,84
"1398",13409,1,9521,1,76,78,82
"1399",13484,1,10860,1,77,79,85
"1400",13779,1,3769,1,79,81,86
"1401",13941,1,3539,1,76,78,82
"1402",14043,1,2094,1,75,78,82
"1403",14158,1,8905,1,79,80,86
"1404",147,1,177,1,77,79,84
"1405",580,1,7038,1,80,82,86
"1406",929,1,6245,1,75,77,83
"1407",1353,1,499,1,81,82,87
"1408",2900,1,9521,1,77,78,85
"1409",2905,1,1764,1,81,82,87
"1410",3105,1,7409,1,81,82,87
"1411",3240,1,13969,1,76,78,83
"1412",3631,1,2768,1,75,77,83
"1413",3769,1,10234,1,77,79,84
"1414",3895,1,12663,1,78,80,84
"1415",4073,1,13969,1,75,77,83
"1416",4075,1,3244,1,77,79,84
"1417",4446,1,7219,1,75,78,83
"1418",4491,1,1250,1,75,77,83
"1419",4519,1,5654,1,75,77,83
"1420",5187,1,13570,1,79,81,86
"1421",5247,1,12496,1,79,81,87
"1422",5387,1,8489,1,72,75,83
"1423",5583,1,9588,1,77,78,84
"1424",5761,1,1446,1,78,80,85
"1425",6211,1,11153,1,79,80,86
"1426",6765,1,11384,1,81,82,87
"1427",6815,1,5525,1,79,82,87
"1428",7425,1,13301,1,81,82,88
"1429",7561,1,10522,1,80,81,84
"1430",7618,1,474,1,81,82,90
"1431",7693,1,10333,1,78,79,88
"1432",7699,1,13050,1,77,78,85
"1433",7977,1,1374,1,77,80,85
"1434",7983,1,10618,1,79,80,86
"1435",8146,1,796,1,76,79,83
"1436",8363,1,5341,1,76,78,83
"1437",8552,1,1067,1,75,77,83
"1438",8905,1,9755,1,76,77,84
"1439",8937,1,9607,1,79,80,85
"1440",8940,1,11520,1,77,78,83
"1441",9327,1,13912,1,79,80,84
"1442",9607,1,10297,1,77,78,83
"1443",9766,1,14043,1,78,80,85
"1444",9919,1,13050,1,76,79,86
"1445",10186,1,13570,1,78,81,84
"1446",10522,1,2238,1,75,79,83
"1447",10887,1,13350,1,81,82,87
"1448",11153,1,2469,1,77,78,84
"1449",11266,1,11988,1,81,82,90
"1450",11267,1,4586,1,79,80,84
"1451",11420,1,2431,1,81,82,88
"1452",12185,1,9320,1,79,82,88
"1453",12431,1,1374,1,77,79,84
"1454",12749,1,4761,1,78,79,84
"1455",12965,1,3365,1,80,81,86
"1456",13459,1,5903,1,79,80,85
"1457",13746,1,14113,1,78,79,83
"1458",632,1,9022,1,81,83,88
"1459",948,1,8673,1,75,79,87
"1460",956,1,1604,1,81,83,89
"1461",1261,1,4425,1,82,83,88
"1462",1640,1,9645,1,81,82,86
"1463",2108,1,9020,1,78,79,86
"1464",2431,1,13855,1,79,81,87
"1465",2517,1,3496,1,79,81,86
"1466",2550,1,7038,1,78,80,84
"1467",2641,1,11795,1,79,81,85
"1468",3180,1,12812,1,79,82,88
"1469",3572,1,1963,1,79,82,88
"1470",3742,1,5253,1,76,80,84
"1471",4090,1,10141,1,79,81,87
"1472",4577,1,1014,1,79,80,86
"1473",4983,1,391,1,80,81,85
"1474",5604,1,2077,1,81,83,86
"1475",5644,1,9138,1,80,81,87
"1476",6679,1,7097,1,77,79,84
"1477",6801,1,11795,1,78,79,86
"1478",6819,1,2155,1,81,82,88
"1479",6849,1,584,1,77,79,84
"1480",6899,1,8267,1,81,82,85
"1481",7183,1,8974,1,82,83,88
"1482",7607,1,12284,1,81,83,88
"1483",7617,1,7314,1,80,82,88
"1484",8264,1,2964,1,80,82,88
"1485",8558,1,12005,1,80,81,89
"1486",8668,1,14043,1,80,81,85
"1487",8723,1,11089,1,80,82,89
"1488",8876,1,7097,1,81,83,88
"1489",9022,1,13740,1,80,81,86
"1490",9134,1,11081,1,76,79,84
"1491",9248,1,3982,1,81,83,87
"1492",9274,1,6343,1,78,80,85
"1493",9650,1,12496,1,79,81,85
"1494",9905,1,6980,1,76,80,85
"1495",10239,1,10748,1,79,80,86
"1496",10912,1,12331,1,78,82,88
"1497",10966,1,834,1,80,81,88
"1498",11272,1,6999,1,80,81,86
"1499",11282,1,1873,1,80,83,87
"1500",11645,1,876,1,78,83,88
"1501",11821,1,1026,1,80,83,88
"1502",11874,1,4075,1,81,83,87
"1503",11907,1,9766,1,81,83,86
"1504",12059,1,5069,1,82,83,91
"1505",12130,1,3912,1,81,82,87
"1506",12591,1,1873,1,80,82,86
"1507",13288,1,3596,1,81,82,86
"1508",13336,1,3264,1,76,78,85
"1509",13364,1,11326,1,77,81,89
"1510",13530,1,2723,1,81,83,88
"1511",13764,1,13687,1,78,79,84
"1512",13912,1,6513,1,76,78,85
"1513",13952,1,8570,1,79,81,88
"1514",14156,1,6849,1,81,83,88
"1515",171,1,9607,1,79,82,88
"1516",267,1,12829,1,83,84,89
"1517",474,1,5933,1,78,79,86
"1518",614,1,7552,1,82,83,89
"1519",933,1,7699,1,79,80,86
"1520",1519,1,5506,1,77,81,86
"1521",1557,1,9635,1,78,80,85
"1522",1950,1,7576,1,83,84,88
"1523",2014,1,2723,1,79,81,86
"1524",2155,1,11188,1,77,80,86
"1525",2452,1,12475,1,78,81,87
"1526",2651,1,11401,1,80,82,86
"1527",3365,1,11081,1,77,78,85
"1528",3613,1,7920,1,81,83,86
"1529",3705,1,1108,1,79,80,85
"1530",3720,1,12461,1,82,84,89
"1531",3912,1,11776,1,78,80,86
"1532",4085,1,1557,1,80,82,89
"1533",4911,1,13,1,79,81,86
"1534",5044,1,6019,1,80,83,91
"1535",5597,1,6993,1,80,83,88
"1536",5622,1,3912,1,82,84,89
"1537",5779,1,13166,1,81,83,87
"1538",5876,1,10555,1,81,82,88
"1539",6361,1,1267,1,80,82,88
"1540",6396,1,6993,1,81,82,86
"1541",6439,1,2046,1,82,83,88
"1542",7085,1,7628,1,82,83,88
"1543",7583,1,13740,1,80,81,85
"1544",7742,1,8267,1,82,83,88
"1545",7941,1,1914,1,77,79,85
"1546",8049,1,1026,1,80,81,86
"1547",8100,1,12730,1,78,80,86
"1548",8490,1,4577,1,81,83,89
"1549",8535,1,933,1,81,83,89
"1550",8792,1,2900,1,80,84,89
"1551",9362,1,3705,1,80,82,86
"1552",9440,1,13364,1,82,83,87
"1553",9612,1,717,1,77,81,86
"1554",10246,1,4577,1,81,83,87
"1555",10726,1,1873,1,80,81,88
"1556",11819,1,4183,1,78,81,85
"1557",12116,1,12829,1,82,84,88
"1558",12432,1,9607,1,80,81,86
"1559",12770,1,10631,1,82,84,89
"1560",12792,1,6776,1,80,81,87
"1561",12954,1,2550,1,81,83,87
"1562",13301,1,4446,1,79,81,87
"1563",13399,1,4983,1,81,83,89
"1564",13458,1,13740,1,79,80,85
"1565",13774,1,11795,1,78,80,87
"1566",14104,1,9329,1,79,80,86
"1567",14118,1,5670,1,78,81,86
"1568",14185,1,2452,1,82,84,89
"1569",131,1,7849,1,79,81,86
"1570",899,1,9919,1,81,82,88
"1571",905,1,8905,1,82,83,88
"1572",925,1,12812,1,79,80,86
"1573",1328,1,13409,1,79,83,89
"1574",1333,1,3571,1,78,80,86
"1575",2484,1,10631,1,81,85,90
"1576",2495,1,12380,1,78,82,88
"1577",2707,1,10818,1,81,83,87
"1578",2917,1,2648,1,80,84,90
"1579",3601,1,13779,1,83,85,90
"1580",3702,1,4983,1,82,84,89
"1581",3830,1,1918,1,80,82,87
"1582",3855,1,13387,1,79,82,86
"1583",3982,1,10522,1,79,81,87
"1584",4291,1,9635,1,80,84,92
"1585",4359,1,9327,1,82,83,89
"1586",4791,1,717,1,77,79,86
"1587",5069,1,6343,1,79,81,87
"1588",5174,1,5779,1,84,85,90
"1589",5289,1,11366,1,83,84,89
"1590",5389,1,3596,1,81,83,87
"1591",5721,1,3780,1,83,84,89
"1592",6210,1,899,1,83,85,90
"1593",6241,1,13166,1,80,83,88
"1594",6459,1,5040,1,81,85,91
"1595",6653,1,3769,1,82,84,91
"1596",6799,1,933,1,82,85,92
"1597",7005,1,3365,1,79,82,87
"1598",7346,1,13876,1,82,85,91
"1599",7552,1,6993,1,80,81,86
"1600",7636,1,8773,1,80,81,86
"1601",7738,1,3261,1,78,80,87
"1602",7741,1,7552,1,82,84,89
"1603",7786,1,10266,1,81,83,88
"1604",7879,1,13855,1,80,82,89
"1605",7920,1,3244,1,77,81,88
"1606",7939,1,3105,1,82,84,91
"1607",8261,1,12898,1,80,82,89
"1608",8292,1,9919,1,81,83,88
"1609",8403,1,5306,1,81,83,88
"1610",8754,1,9815,1,79,81,86
"1611",8779,1,10966,1,82,84,89
"1612",8974,1,11267,1,81,82,88
"1613",9128,1,7628,1,83,84,89
"1614",9191,1,3196,1,80,82,86
"1615",9542,1,6019,1,80,82,88
"1616",9677,1,147,1,81,84,90
"1617",9686,1,4114,1,78,80,87
"1618",9742,1,7628,1,82,85,89
"1619",9930,1,1016,1,77,80,86
"1620",10100,1,9542,1,82,84,89
"1621",10266,1,2848,1,78,80,86
"1622",10348,1,11456,1,83,84,88
"1623",10373,1,3105,1,83,84,88
"1624",10382,1,14104,1,80,82,86
"1625",10868,1,6211,1,82,84,91
"1626",10977,1,131,1,82,83,89
"1627",11107,1,9329,1,79,81,89
"1628",11456,1,2648,1,80,82,88
"1629",11758,1,131,1,82,84,89
"1630",11940,1,5719,1,79,83,88
"1631",11976,1,5187,1,82,83,88
"1632",12577,1,9427,1,78,79,86
"1633",12598,1,9077,1,81,82,88
"1634",12654,1,10855,1,77,79,86
"1635",12829,1,9970,1,79,81,86
"1636",12947,1,10522,1,79,83,87
"1637",13350,1,4029,1,78,80,86
"1638",13876,1,2482,1,79,81,86
"1639",49,1,3836,1,84,85,90
"1640",102,1,4491,1,79,81,87
"1641",568,1,10887,1,83,85,92
"1642",1008,1,4299,1,78,81,87
"1643",1050,1,13952,1,82,84,88
"1644",1172,1,3742,1,82,85,90
"1645",1361,1,6748,1,81,83,89
"1646",1447,1,7183,1,84,85,91
"1647",1483,1,2912,1,81,82,87
"1648",1660,1,6308,1,81,83,88
"1649",1752,1,13860,1,82,83,88
"1650",1946,1,11266,1,84,86,93
"1651",2068,1,309,1,85,86,91
"1652",2339,1,8754,1,83,86,91
"1653",3023,1,5069,1,83,85,90
"1654",3142,1,3370,1,82,84,87
"1655",3220,1,580,1,84,85,91
"1656",3780,1,7576,1,80,82,88
"1657",3782,1,6621,1,85,86,91
"1658",4098,1,5644,1,85,86,92
"1659",4923,1,7636,1,83,86,91
"1660",5077,1,11266,1,83,85,89
"1661",5310,1,6621,1,84,85,92
"1662",5474,1,13350,1,81,84,88
"1663",5505,1,273,1,81,82,87
"1664",5640,1,834,1,83,85,90
"1665",5964,1,6815,1,82,85,89
"1666",5980,1,2848,1,78,84,88
"1667",6278,1,9766,1,81,83,88
"1668",6567,1,10266,1,83,85,90
"1669",7870,1,9650,1,83,85,91
"1670",7900,1,3830,1,83,84,91
"1671",8406,1,12185,1,83,84,88
"1672",8422,1,14156,1,84,85,90
"1673",8542,1,10113,1,79,81,89
"1674",8615,1,13025,1,84,86,92
"1675",8720,1,3596,1,82,83,90
"1676",8848,1,9542,1,83,86,91
"1677",8901,1,10887,1,84,86,91
"1678",9023,1,13025,1,83,85,91
"1679",9173,1,6241,1,85,86,91
"1680",9416,1,3895,1,82,83,87
"1681",9744,1,5044,1,84,86,91
"1682",9875,1,10631,1,81,82,87
"1683",10177,1,14158,1,81,84,90
"1684",10574,1,11852,1,85,86,94
"1685",10857,1,12130,1,83,85,93
"1686",10933,1,2692,1,80,84,90
"1687",11063,1,14104,1,83,84,90
"1688",11334,1,12591,1,84,86,93
"1689",11383,1,3769,1,81,83,88
"1690",11571,1,13774,1,83,86,94
"1691",11743,1,2077,1,82,84,90
"1692",11932,1,13774,1,81,83,88
"1693",11941,1,4680,1,81,83,88
"1694",11964,1,4299,1,79,82,88
"1695",12048,1,9650,1,82,84,89
"1696",12169,1,6296,1,83,84,89
"1697",12362,1,6308,1,82,83,90
"1698",12796,1,1660,1,85,86,92
"1699",13025,1,1604,1,79,81,88
"1700",13592,1,9248,1,84,86,92
"1701",65,1,5964,1,86,87,92
"1702",76,1,9128,1,85,87,91
"1703",143,1,271,1,78,83,89
"1704",459,1,6621,1,85,87,91
"1705",609,1,11964,1,83,84,90
"1706",926,1,14043,1,80,82,89
"1707",978,1,2550,1,81,84,89
"1708",994,1,102,1,83,85,93
"1709",1127,1,9381,1,82,83,89
"1710",1130,1,11645,1,85,87,92
"1711",2119,1,391,1,80,83,88
"1712",2459,1,3836,1,82,85,92
"1713",2920,1,7224,1,77,79,88
"1714",3013,1,3780,1,83,84,89
"1715",3258,1,2119,1,84,86,90
"1716",3665,1,13195,1,82,84,90
"1717",3972,1,11382,1,83,85,88
"1718",4087,1,6211,1,81,83,89
"1719",4787,1,5721,1,85,87,92
"1720",5167,1,11497,1,80,81,88
"1721",5376,1,7693,1,81,83,89
"1722",5420,1,10966,1,83,85,91
"1723",5434,1,2452,1,83,87,94
"1724",6296,1,7576,1,80,82,88
"1725",6441,1,10868,1,85,87,91
"1726",6648,1,12768,1,80,83,89
"1727",6908,1,102,1,86,87,91
"1728",7549,1,13301,1,82,84,90
"1729",7637,1,3601,1,85,87,92
"1730",7809,1,3271,1,86,87,93
"1731",7871,1,13288,1,84,87,92
"1732",7916,1,9381,1,81,82,88
"1733",7974,1,12059,1,84,87,92
"1734",8129,1,8490,1,84,87,92
"1735",8267,1,13409,1,79,80,90
"1736",8337,1,9542,1,82,85,90
"1737",8700,1,9648,1,80,82,89
"1738",8715,1,9686,1,81,83,89
"1739",9111,1,11874,1,85,87,92
"1740",9113,1,2368,1,81,83,89
"1741",9174,1,4087,1,84,86,91
"1742",9370,1,11941,1,84,86,92
"1743",9626,1,11739,1,86,87,93
"1744",9852,1,10382,1,84,86,92
"1745",9999,1,1333,1,81,83,90
"1746",10322,1,1764,1,82,84,90
"1747",10732,1,11941,1,85,86,92
"1748",10778,1,2452,1,85,87,92
"1749",11029,1,1026,1,80,83,90
"1750",11130,1,13774,1,81,84,88
"1751",11207,1,11621,1,86,87,94
"1752",11366,1,7409,1,81,82,88
"1753",11504,1,6899,1,84,85,90
"1754",11532,1,6210,1,86,87,92
"1755",11572,1,7561,1,83,86,91
"1756",11581,1,10100,1,85,87,91
"1757",11621,1,7561,1,82,84,89
"1758",11739,1,309,1,84,85,89
"1759",11852,1,6801,1,79,83,88
"1760",11904,1,4923,1,86,87,94
"1761",11988,1,3912,1,80,81,88
"1762",12222,1,2014,1,82,85,89
"1763",13146,1,1172,1,85,86,91
"1764",13264,1,926,1,86,87,92
"1765",13606,1,3895,1,81,83,89
"1766",13918,1,10631,1,82,84,90
"1767",309,1,4090,1,81,83,89
"1768",579,1,963,1,86,87,92
"1769",722,1,7288,1,87,88,92
"1770",1180,1,5505,1,82,83,89
"1771",1411,1,7741,1,84,86,90
"1772",1546,1,10246,1,85,87,92
"1773",1693,1,9113,1,85,87,93
"1774",1787,1,3972,1,86,88,94
"1775",1874,1,6459,1,85,87,91
"1776",2006,1,12048,1,85,86,94
"1777",3118,1,143,1,85,86,90
"1778",3179,1,11907,1,84,86,90
"1779",3271,1,2368,1,81,85,90
"1780",3318,1,1950,1,85,87,93
"1781",3677,1,14083,1,83,84,90
"1782",3874,1,8105,1,85,86,92
"1783",4037,1,7183,1,84,86,91
"1784",4190,1,8668,1,82,84,89
"1785",4615,1,7583,1,84,85,90
"1786",5020,1,2484,1,87,88,93
"1787",5032,1,10966,1,83,84,89
"1788",5238,1,13367,1,86,88,93
"1789",5249,1,7600,1,86,88,94
"1790",5351,1,7636,1,83,85,89
"1791",5440,1,11266,1,84,86,92
"1792",5844,1,11986,1,81,84,90
"1793",6420,1,13195,1,83,86,92
"1794",6527,1,7916,1,83,85,91
"1795",6571,1,10382,1,84,87,92
"1796",6621,1,2014,1,82,84,89
"1797",6705,1,6799,1,87,88,93
"1798",6809,1,9677,1,85,86,91
"1799",7122,1,11266,1,82,85,91
"1800",7288,1,10266,1,83,86,90
"1801",7471,1,1084,1,82,84,89
"1802",7669,1,8974,1,84,87,96
"1803",8217,1,10939,1,86,88,92
"1804",8738,1,8535,1,85,86,91
"1805",8990,1,2651,1,83,86,92
"1806",9545,1,9650,1,83,86,92
"1807",9768,1,3895,1,82,84,89
"1808",10037,1,13530,1,84,86,90
"1809",10104,1,1361,1,85,88,93
"1810",10389,1,11278,1,86,87,92
"1811",10486,1,10966,1,82,85,89
"1812",10596,1,13025,1,83,84,89
"1813",10745,1,12980,1,80,83,89
"1814",10944,1,3179,1,86,87,92
"1815",11158,1,10322,1,85,87,93
"1816",11278,1,3388,1,82,86,93
"1817",11292,1,4090,1,82,83,90
"1818",11450,1,3855,1,84,86,90
"1819",12568,1,834,1,81,83,89
"1820",12744,1,143,1,84,85,91
"1821",12903,1,7741,1,86,88,92
"1822",12977,1,1180,1,85,86,90
"1823",13007,1,6459,1,85,87,91
"1824",13044,1,12744,1,85,87,93
"1825",13107,1,11758,1,86,87,93
"1826",13299,1,8385,1,85,88,94
"1827",13332,1,11278,1,87,88,94
"1828",13648,1,13880,1,87,88,92
"1829",13906,1,11964,1,84,85,90
"1830",14083,1,3196,1,79,82,90
"1831",156,1,5077,1,85,87,94
"1832",350,1,11743,1,85,87,91
"1833",721,1,9125,1,88,89,96
"1834",744,1,8780,1,83,84,91
"1835",963,1,9650,1,82,85,90
"1836",965,1,978,1,85,87,91
"1837",1738,1,9650,1,84,86,90
"1838",1831,1,7005,1,83,86,92
"1839",1898,1,12829,1,82,85,91
"1840",1967,1,9022,1,82,87,92
"1841",2195,1,7738,1,81,87,92
"1842",2341,1,11278,1,87,89,95
"1843",2642,1,8337,1,86,88,92
"1844",2816,1,7939,1,85,87,94
"1845",3161,1,7870,1,87,88,93
"1846",3182,1,12048,1,85,88,93
"1847",3225,1,13367,1,85,89,95
"1848",3341,1,7085,1,84,85,91
"1849",3392,1,2108,1,83,85,90
"1850",3560,1,1898,1,86,87,94
"1851",3621,1,8937,1,81,84,91
"1852",3740,1,5032,1,85,87,91
"1853",3909,1,9626,1,88,89,94
"1854",4937,1,8422,1,88,89,94
"1855",5061,1,10373,1,85,87,93
"1856",5598,1,9022,1,83,87,92
"1857",5771,1,7983,1,80,86,91
"1858",5811,1,131,1,83,85,90
"1859",5991,1,8368,1,82,86,91
"1860",6137,1,12380,1,79,82,90
"1861",6175,1,143,1,85,86,92
"1862",6544,1,7607,1,84,86,91
"1863",6647,1,12059,1,83,85,90
"1864",6785,1,2484,1,86,87,93
"1865",6822,1,4787,1,88,89,95
"1866",7378,1,6509,1,88,89,94
"1867",8105,1,14118,1,81,84,91
"1868",8185,1,9542,1,83,84,90
"1869",8385,1,6201,1,82,84,90
"1870",8716,1,2195,1,87,89,94
"1871",8852,1,8951,1,86,87,92
"1872",8996,1,1874,1,87,89,95
"1873",9125,1,6653,1,86,87,92
"1874",9745,1,9766,1,84,86,91
"1875",10420,1,4849,1,81,83,90
"1876",10621,1,948,1,82,86,92
"1877",10628,1,8490,1,85,87,92
"1878",10865,1,8754,1,82,86,91
"1879",11264,1,526,1,83,87,93
"1880",11346,1,6621,1,86,89,93
"1881",11525,1,8720,1,85,87,92
"1882",11712,1,6799,1,86,89,95
"1883",11984,1,6296,1,85,88,92
"1884",12532,1,11964,1,82,86,92
"1885",12919,1,13918,1,86,88,91
"1886",13094,1,9852,1,87,88,92
"1887",13197,1,49,1,85,87,92
"1888",13992,1,11272,1,83,85,91
"1889",196,1,8422,1,87,89,95
"1890",261,1,4787,1,88,90,97
"1891",479,1,3678,1,88,90,97
"1892",500,1,5389,1,85,88,94
"1893",900,1,11158,1,88,89,95
"1894",916,1,568,1,87,89,95
"1895",980,1,10400,1,88,90,97
"1896",1002,1,2195,1,89,90,95
"1897",1112,1,8700,1,83,86,92
"1898",1408,1,3572,1,84,87,91
"1899",2156,1,11845,1,87,90,96
"1900",2158,1,1898,1,86,88,95
"1901",2334,1,3782,1,87,88,93
"1902",3061,1,10382,1,84,86,94
"1903",3463,1,3972,1,86,89,95
"1904",3931,1,6819,1,85,87,91
"1905",4128,1,11366,1,84,88,94
"1906",4237,1,10596,1,85,87,91
"1907",4591,1,1172,1,87,89,93
"1908",4878,1,11739,1,88,90,97
"1909",5272,1,8185,1,86,88,91
"1910",5335,1,4098,1,88,90,94
"1911",5337,1,12362,1,85,86,91
"1912",5363,1,899,1,84,86,91
"1913",5695,1,10857,1,86,88,92
"1914",5829,1,12947,1,84,86,91
"1915",6038,1,13906,1,86,88,96
"1916",6599,1,3341,1,87,89,96
"1917",6805,1,8217,1,89,90,95
"1918",6866,1,11932,1,85,87,92
"1919",7070,1,4880,1,89,90,93
"1920",7291,1,5721,1,85,87,92
"1921",7399,1,809,1,88,89,95
"1922",7600,1,12829,1,84,86,91
"1923",7936,1,11525,1,88,90,95
"1924",8065,1,1483,1,83,86,91
"1925",8106,1,13299,1,89,90,94
"1926",8251,1,2651,1,83,86,91
"1927",8309,1,12598,1,85,87,92
"1928",8691,1,11292,1,86,87,94
"1929",8881,1,8129,1,89,90,93
"1930",8951,1,13876,1,83,85,91
"1931",9151,1,6137,1,84,86,92
"1932",9177,1,10420,1,85,88,93
"1933",9412,1,9677,1,87,89,95
"1934",9807,1,11063,1,85,86,92
"1935",10051,1,6441,1,88,89,94
"1936",10588,1,5363,1,87,89,95
"1937",10672,1,1172,1,87,90,95
"1938",10694,1,6571,1,89,90,100
"1939",10741,1,11450,1,87,89,93
"1940",10939,1,9022,1,83,84,91
"1941",11452,1,13025,1,84,86,92
"1942",11653,1,7471,1,85,89,94
"1943",11879,1,926,1,83,86,91
"1944",11933,1,3220,1,86,87,93
"1945",12020,1,5991,1,86,87,91
"1946",12464,1,5044,1,85,89,95
"1947",12467,1,7122,1,87,90,96
"1948",12548,1,5434,1,88,90,94
"1949",12623,1,9745,1,87,88,93
"1950",12986,1,267,1,86,87,91
"1951",13367,1,1519,1,83,85,91
"1952",13872,1,628,1,88,90,97
"1953",13880,1,10382,1,83,85,91
"1954",13945,1,722,1,89,90,95
"1955",227,1,2816,1,88,90,96
"1956",423,1,8723,1,86,88,94
"1957",426,1,11292,1,86,89,95
"1958",513,1,10857,1,86,88,93
"1959",628,1,2495,1,84,86,92
"1960",712,1,10177,1,86,87,92
"1961",896,1,3023,1,86,87,92
"1962",908,1,2456,1,87,90,97
"1963",1093,1,2646,1,89,91,96
"1964",1313,1,744,1,84,89,95
"1965",1590,1,5238,1,89,91,98
"1966",1616,1,994,1,87,88,92
"1967",1995,1,5077,1,88,90,97
"1968",1999,1,49,1,86,88,92
"1969",2301,1,5980,1,85,87,92
"1970",2450,1,2014,1,85,87,92
"1971",2456,1,5376,1,85,86,92
"1972",2596,1,994,1,86,88,93
"1973",2884,1,10100,1,86,87,95
"1974",3004,1,3023,1,86,88,93
"1975",3150,1,3972,1,86,90,94
"1976",3360,1,744,1,86,88,93
"1977",3883,1,8422,1,87,89,94
"1978",4261,1,1008,1,84,86,93
"1979",4595,1,4875,1,90,91,98
"1980",4965,1,9677,1,85,87,92
"1981",5226,1,1950,1,86,89,95
"1982",6100,1,3271,1,87,89,94
"1983",6398,1,5289,1,84,87,93
"1984",6582,1,9852,1,88,89,93
"1985",6622,1,4128,1,90,91,97
"1986",6903,1,143,1,86,88,96
"1987",6998,1,11984,1,90,91,96
"1988",7064,1,8852,1,89,90,96
"1989",7121,1,6439,1,85,87,92
"1990",7639,1,3118,1,89,91,97
"1991",7975,1,5601,1,89,90,94
"1992",8184,1,9012,1,88,91,97
"1993",8952,1,2068,1,88,90,95
"1994",8985,1,2341,1,89,91,96
"1995",9012,1,9023,1,86,87,93
"1996",9093,1,4825,1,89,90,96
"1997",9310,1,9745,1,87,89,93
"1998",9430,1,9023,1,86,88,95
"1999",9566,1,5604,1,84,88,93
"2000",10400,1,10382,1,83,86,93
"2001",11162,1,7600,1,87,89,96
"2002",11580,1,5376,1,86,87,92
"2003",11825,1,143,1,84,86,93
"2004",11845,1,4087,1,84,86,92
"2005",12252,1,9125,1,89,91,96
"2006",12378,1,3621,1,85,88,95
"2007",12445,1,810,1,90,91,97
"2008",12567,1,9440,1,85,87,93
"2009",13261,1,1447,1,86,90,96
"2010",13426,1,12598,1,84,86,92
"2011",13612,1,10596,1,86,87,94
"2012",13651,1,10037,1,89,90,98
"2013",14106,1,11334,1,88,90,95
"2014",14139,1,5771,1,89,90,96
"2015",260,1,9370,1,87,89,93
"2016",429,1,11984,1,89,91,97
"2017",737,1,8262,1,90,91,97
"2018",740,1,4591,1,91,92,99
"2019",809,1,6809,1,87,88,94
"2020",810,1,2195,1,88,89,94
"2021",874,1,7291,1,88,90,97
"2022",968,1,11571,1,87,89,94
"2023",1131,1,11984,1,90,91,96
"2024",1891,1,5226,1,90,91,96
"2025",2187,1,12903,1,89,92,97
"2026",2646,1,10382,1,84,87,94
"2027",2676,1,12362,1,85,87,95
"2028",2737,1,9545,1,88,91,96
"2029",2930,1,4098,1,89,90,97
"2030",3411,1,11572,1,87,89,94
"2031",3552,1,2596,1,90,91,97
"2032",3678,1,5597,1,85,87,93
"2033",3868,1,11525,1,88,89,94
"2034",3961,1,13197,1,88,90,95
"2035",3974,1,11504,1,85,87,94
"2036",4118,1,5077,1,86,88,93
"2037",4193,1,11130,1,86,88,93
"2038",4470,1,6210,1,86,87,93
"2039",4720,1,712,1,88,91,97
"2040",4735,1,1172,1,86,89,96
"2041",4825,1,13146,1,87,89,94
"2042",4880,1,1411,1,87,88,94
"2043",5018,1,143,1,85,88,93
"2044",5413,1,7900,1,87,88,94
"2045",5789,1,8406,1,86,88,93
"2046",5856,1,2339,1,88,90,95
"2047",6500,1,13906,1,86,88,95
"2048",6509,1,1050,1,85,87,93
"2049",6580,1,4825,1,91,92,95
"2050",6933,1,12919,1,90,92,100
"2051",7018,1,6647,1,86,89,95
"2052",7131,1,7346,1,87,88,94
"2053",7175,1,4470,1,89,91,96
"2054",7324,1,11621,1,87,88,93
"2055",7732,1,5440,1,87,89,94
"2056",7756,1,7870,1,88,90,97
"2057",8167,1,12954,1,86,89,95
"2058",8203,1,10933,1,88,89,93
"2059",8262,1,8901,1,87,89,93
"2060",8496,1,11525,1,88,90,96
"2061",8725,1,3220,1,88,90,95
"2062",8786,1,1874,1,90,92,99
"2063",9287,1,4615,1,88,90,95
"2064",9475,1,2158,1,89,91,97
"2065",9563,1,1172,1,87,89,95
"2066",9712,1,10732,1,88,90,96
"2067",10241,1,4098,1,87,90,95
"2068",10492,1,1328,1,84,86,94
"2069",10615,1,10486,1,86,89,96
"2070",10696,1,11450,1,87,89,96
"2071",10892,1,13367,1,86,88,93
"2072",11115,1,7741,1,85,87,93
"2073",11217,1,4470,1,87,89,94
"2074",11434,1,4261,1,87,89,97
"2075",11865,1,2719,1,91,92,97
"2076",11917,1,11984,1,89,90,95
"2077",12239,1,4615,1,86,87,93
"2078",12300,1,11264,1,89,90,94
"2079",12329,1,13992,1,87,88,94
"2080",12753,1,10732,1,87,89,93
"2081",13235,1,1822,1,91,92,97
"2082",13244,1,8721,1,90,91,97
"2083",13333,1,5337,1,87,89,94
"2084",13729,1,13261,1,91,92,98
"2085",14100,1,2456,1,87,88,93
"2086",109,1,6398,1,88,89,94
"2087",220,1,13094,1,90,91,96
"2088",235,1,7471,1,86,88,96
"2089",422,1,5434,1,88,90,97
"2090",464,1,11162,1,91,93,97
"2091",943,1,2158,1,89,92,98
"2092",1010,1,3258,1,89,93,98
"2093",1065,1,3411,1,90,93,98
"2094",1076,1,2884,1,89,93,101
"2095",1102,1,11162,1,90,91,96
"2096",1144,1,12020,1,88,91,96
"2097",1309,1,10574,1,87,89,98
"2098",1336,1,11207,1,88,89,94
"2099",1513,1,10574,1,87,88,94
"2100",1656,1,8535,1,88,90,95
"2101",1826,1,744,1,87,89,97
"2102",2176,1,4847,1,91,92,97
"2103",2398,1,5601,1,89,91,96
"2104",2434,1,10524,1,90,93,100
"2105",2611,1,4190,1,85,87,94
"2106",2625,1,12020,1,88,91,96
"2107",2714,1,4118,1,90,91,97
"2108",3293,1,3909,1,91,92,97
"2109",3888,1,12252,1,92,93,97
"2110",4107,1,568,1,87,90,94
"2111",4130,1,4691,1,92,93,98
"2112",4202,1,10944,1,88,90,95
"2113",4239,1,1999,1,90,92,97
"2114",4523,1,712,1,89,90,99
"2115",4781,1,12329,1,90,92,99
"2116",4847,1,8385,1,87,89,95
"2117",5242,1,609,1,85,89,94
"2118",5324,1,8725,1,91,93,99
"2119",5634,1,5964,1,86,90,95
"2120",5666,1,9111,1,90,92,100
"2121",5668,1,5061,1,88,90,96
"2122",5680,1,8901,1,88,90,95
"2123",5705,1,4591,1,92,93,98
"2124",5760,1,916,1,90,91,94
"2125",6061,1,235,1,89,92,98
"2126",6075,1,13332,1,89,91,96
"2127",6158,1,8779,1,86,90,95
"2128",7053,1,11917,1,91,93,99
"2129",7449,1,11933,1,89,92,96
"2130",7838,1,14106,1,91,93,97
"2131",7857,1,1513,1,91,93,98
"2132",7895,1,3463,1,91,93,99
"2133",8199,1,5622,1,86,89,95
"2134",8225,1,302,1,92,93,98
"2135",8322,1,13299,1,91,93,99
"2136",8335,1,12548,1,90,93,99
"2137",8462,1,6866,1,88,90,94
"2138",8721,1,2917,1,87,88,94
"2139",8911,1,9173,1,90,93,97
"2140",9358,1,6500,1,89,91,95
"2141",9471,1,12623,1,89,90,94
"2142",9736,1,1919,1,90,92,99
"2143",9955,1,8385,1,85,88,94
"2144",10063,1,9712,1,91,93,99
"2145",10082,1,5413,1,89,91,98
"2146",10384,1,13945,1,91,93,98
"2147",10447,1,9012,1,89,92,98
"2148",10481,1,109,1,90,91,96
"2149",10524,1,9023,1,86,88,94
"2150",10530,1,12300,1,92,93,100
"2151",10609,1,4735,1,90,91,95
"2152",10965,1,4037,1,87,89,94
"2153",11040,1,10492,1,89,91,96
"2154",11358,1,4825,1,90,93,97
"2155",11439,1,8985,1,91,92,98
"2156",11815,1,8262,1,90,91,96
"2157",11868,1,8952,1,90,92,99
"2158",12269,1,8167,1,90,93,98
"2159",12395,1,13094,1,89,90,94
"2160",12400,1,4615,1,86,90,95
"2161",13398,1,8199,1,91,92,98
"2162",13561,1,2334,1,90,91,97
"2163",13630,1,2884,1,88,89,95
"2164",13960,1,13264,1,88,90,95
"2165",14111,1,8309,1,88,91,97
"2166",14127,1,9287,1,91,93,97
"2167",361,1,13094,1,90,92,96
"2168",512,1,4193,1,90,93,99
"2169",1129,1,6063,1,92,94,100
"2170",1426,1,900,1,91,93,100
"2171",1506,1,4118,1,89,90,97
"2172",1608,1,2596,1,89,92,97
"2173",1624,1,3463,1,90,91,97
"2174",1711,1,500,1,89,90,97
"2175",1919,1,568,1,86,90,95
"2176",2496,1,11549,1,93,94,101
"2177",2719,1,10977,1,87,90,96
"2178",2815,1,8203,1,90,92,96
"2179",2898,1,10573,1,93,94,100
"2180",3238,1,11334,1,89,90,95
"2181",3474,1,65,1,88,89,95
"2182",3577,1,5771,1,88,91,95
"2183",3871,1,3238,1,91,93,97
"2184",3919,1,980,1,91,93,98
"2185",4264,1,13264,1,90,93,100
"2186",4350,1,13007,1,88,90,96
"2187",4408,1,7549,1,86,90,95
"2188",4464,1,7936,1,92,93,99
"2189",4467,1,11207,1,88,92,96
"2190",4604,1,10596,1,88,90,97
"2191",4691,1,10114,1,90,91,95
"2192",4918,1,10481,1,92,94,99
"2193",4974,1,4923,1,90,91,97
"2194",5586,1,4098,1,89,91,96
"2195",5601,1,7471,1,85,88,95
"2196",6063,1,810,1,90,92,96
"2197",6169,1,11549,1,93,94,98
"2198",6292,1,1999,1,89,91,96
"2199",6551,1,8217,1,90,93,98
"2200",6564,1,11346,1,90,91,96
"2201",6882,1,6038,1,89,90,96
"2202",7287,1,6799,1,88,90,95
"2203",7390,1,14111,1,92,93,99
"2204",7412,1,4202,1,93,94,99
"2205",7963,1,10621,1,88,91,97
"2206",8135,1,7311,1,92,94,99
"2207",8328,1,7900,1,85,87,95
"2208",8428,1,5601,1,89,93,98
"2209",8438,1,12919,1,89,91,98
"2210",8722,1,2301,1,88,90,95
"2211",8816,1,8129,1,87,90,95
"2212",8953,1,423,1,90,92,97
"2213",9053,1,12020,1,89,92,97
"2214",9071,1,4880,1,89,92,96
"2215",9431,1,5272,1,89,91,98
"2216",9477,1,7756,1,91,92,98
"2217",9809,1,4037,1,87,90,95
"2218",10093,1,12169,1,87,89,96
"2219",10114,1,11904,1,88,90,95
"2220",10321,1,1408,1,90,92,96
"2221",10399,1,5634,1,92,94,98
"2222",10655,1,1506,1,91,94,100
"2223",10692,1,13044,1,89,91,97
"2224",11409,1,7018,1,90,94,99
"2225",11508,1,13332,1,89,90,95
"2226",11542,1,7122,1,86,91,96
"2227",12016,1,810,1,91,93,97
"2228",12369,1,1822,1,92,93,98
"2229",12800,1,513,1,89,91,95
"2230",12820,1,10615,1,91,92,97
"2231",12994,1,2642,1,89,90,95
"2232",13138,1,1826,1,90,92,96
"2233",13283,1,7324,1,89,91,96
"2234",13412,1,10694,1,91,93,99
"2235",13532,1,10615,1,89,91,95
"2236",13778,1,235,1,89,90,96
"2237",42,1,109,1,90,92,98
"2238",172,1,11475,1,92,94,101
"2239",185,1,8167,1,90,92,98
"2240",496,1,11452,1,89,91,100
"2241",661,1,4633,1,92,94,98
"2242",1036,1,9401,1,94,95,99
"2243",1133,1,8816,1,91,93,100
"2244",1420,1,9745,1,89,91,96
"2245",1553,1,5061,1,88,91,99
"2246",1790,1,13872,1,91,93,99
"2247",1822,1,11532,1,88,90,97
"2248",2249,1,422,1,93,95,100
"2249",2531,1,3868,1,90,92,99
"2250",2802,1,9442,1,94,95,101
"2251",2842,1,5789,1,90,92,100
"2252",3123,1,5760,1,92,95,101
"2253",3315,1,9475,1,92,94,101
"2254",3325,1,10857,1,89,91,96
"2255",3554,1,10037,1,88,93,98
"2256",3576,1,2004,1,93,95,100
"2257",4429,1,12026,1,94,95,100
"2258",4436,1,8065,1,88,92,96
"2259",4482,1,11868,1,93,94,98
"2260",4556,1,8366,1,94,95,99
"2261",4741,1,12903,1,91,94,100
"2262",4875,1,1172,1,87,89,96
"2263",4922,1,6158,1,91,93,97
"2264",5278,1,10093,1,91,93,98
"2265",5340,1,5077,1,87,90,96
"2266",5941,1,1513,1,89,91,97
"2267",5972,1,11868,1,92,93,98
"2268",6058,1,6292,1,93,94,98
"2269",6090,1,656,1,93,94,98
"2270",6230,1,1790,1,93,94,99
"2271",6858,1,7639,1,93,95,101
"2272",6989,1,1131,1,93,95,100
"2273",7000,1,5586,1,92,94,100
"2274",7055,1,13729,1,93,95,101
"2275",7198,1,8496,1,92,95,102
"2276",7284,1,8901,1,87,91,97
"2277",7431,1,9736,1,93,94,100
"2278",7473,1,8217,1,89,91,96
"2279",8032,1,9358,1,92,93,98
"2280",8244,1,737,1,94,95,101
"2281",8301,1,10104,1,89,91,96
"2282",8366,1,1313,1,90,92,98
"2283",8601,1,14090,1,92,94,99
"2284",8802,1,8184,1,92,93,97
"2285",8971,1,3909,1,90,91,96
"2286",9050,1,12776,1,94,95,100
"2287",9401,1,496,1,92,94,99
"2288",9455,1,3161,1,89,91,96
"2289",9675,1,4436,1,93,94,99
"2290",9854,1,3883,1,91,93,97
"2291",10371,1,12515,1,91,93,99
"2292",10498,1,8881,1,91,94,99
"2293",10624,1,10093,1,90,93,99
"2294",10904,1,2642,1,89,92,99
"2295",10970,1,7121,1,89,92,98
"2296",11543,1,8167,1,91,95,102
"2297",11549,1,7346,1,90,92,98
"2298",11810,1,12300,1,91,93,98
"2299",11928,1,429,1,93,95,100
"2300",12214,1,13299,1,89,91,98
"2301",12515,1,235,1,89,90,96
"2302",12516,1,13244,1,91,94,99
"2303",12550,1,10241,1,92,94,98
"2304",12660,1,10447,1,93,94,98
"2305",12776,1,12548,1,91,92,96
"2306",13018,1,12020,1,90,93,98
"2307",13155,1,1590,1,93,94,98
"2308",13218,1,3474,1,91,95,99
"2309",13506,1,9071,1,93,95,102
"2310",13691,1,890,1,92,94,100
"2311",13999,1,7756,1,92,94,97
"2312",14074,1,13261,1,92,93,99
"2313",14191,1,1826,1,90,93,99
"2314",302,1,3678,1,88,91,98
"2315",518,1,5324,1,94,95,103
"2316",656,1,10741,1,91,93,99
"2317",890,1,916,1,90,92,97
"2318",1216,1,4482,1,95,96,102
"2319",1504,1,8721,1,90,91,97
"2320",1630,1,10321,1,93,96,100
"2321",1729,1,422,1,91,92,98
"2322",1916,1,13778,1,91,93,97
"2323",1962,1,7070,1,91,93,97
"2324",1971,1,5249,1,89,92,97
"2325",2004,1,423,1,90,92,97
"2326",2415,1,965,1,90,94,99
"2327",2454,1,13264,1,91,93,99
"2328",2574,1,11358,1,94,95,98
"2329",2667,1,10696,1,90,92,97
"2330",2682,1,13244,1,91,94,99
"2331",3087,1,10602,1,95,96,102
"2332",3599,1,2842,1,93,95,101
"2333",3628,1,10399,1,95,96,101
"2334",3832,1,496,1,92,93,98
"2335",4066,1,12445,1,91,94,100
"2336",4300,1,12016,1,94,95,101
"2337",4489,1,900,1,90,93,99
"2338",4644,1,4847,1,94,95,102
"2339",4649,1,4956,1,94,95,100
"2340",4700,1,8615,1,88,90,97
"2341",4812,1,4591,1,90,91,97
"2342",5476,1,10447,1,93,96,101
"2343",5841,1,10741,1,90,94,98
"2344",5863,1,8716,1,91,93,97
"2345",5865,1,4922,1,94,96,100
"2346",6101,1,5634,1,93,94,97
"2347",6182,1,8881,1,91,93,98
"2348",6335,1,2450,1,88,90,98
"2349",6603,1,9358,1,92,94,99
"2350",6853,1,13729,1,93,94,99
"2351",6889,1,512,1,95,96,101
"2352",6913,1,6933,1,93,94,99
"2353",6973,1,12548,1,92,94,100
"2354",7311,1,7064,1,90,91,97
"2355",7524,1,6500,1,90,91,97
"2356",7763,1,7756,1,90,92,97
"2357",7803,1,12395,1,92,93,97
"2358",8097,1,8722,1,91,92,97
"2359",8353,1,7311,1,93,95,100
"2360",8818,1,12994,1,92,93,99
"2361",8980,1,9477,1,93,96,101
"2362",9284,1,8366,1,93,95,99
"2363",9418,1,14106,1,91,93,99
"2364",9442,1,8462,1,92,93,98
"2365",9539,1,11815,1,92,93,97
"2366",9856,1,3325,1,93,94,101
"2367",9886,1,1919,1,92,93,98
"2368",9943,1,8199,1,90,91,98
"2369",9983,1,3150,1,91,92,97
"2370",10132,1,11572,1,87,90,97
"2371",10178,1,2987,1,93,95,100
"2372",10242,1,6551,1,94,96,102
"2373",10271,1,1506,1,92,94,99
"2374",10514,1,2625,1,94,96,99
"2375",10573,1,1408,1,89,92,97
"2376",10876,1,6822,1,93,96,101
"2377",10917,1,9053,1,93,95,98
"2378",10958,1,3599,1,95,96,100
"2379",11018,1,2531,1,92,93,99
"2380",11397,1,5760,1,92,93,99
"2381",11475,1,5310,1,87,91,99
"2382",11966,1,1826,1,95,96,102
"2383",12026,1,1919,1,92,93,100
"2384",12062,1,4591,1,90,92,97
"2385",12200,1,12820,1,93,94,99
"2386",12570,1,12464,1,90,92,97
"2387",12943,1,2187,1,93,95,100
"2388",13316,1,7284,1,92,93,97
"2389",13547,1,8816,1,91,94,99
"2390",13622,1,890,1,94,96,102
"2391",13724,1,5760,1,92,95,98
"2392",14090,1,2334,1,90,91,98
"2393",123,1,6182,1,93,95,102
"2394",140,1,10093,1,93,95,103
"2395",313,1,14074,1,93,95,100
"2396",555,1,12776,1,93,94,100
"2397",957,1,9053,1,94,95,103
"2398",972,1,7763,1,94,97,101
"2399",1605,1,11018,1,95,97,103
"2400",1951,1,2187,1,94,95,102
"2401",2022,1,8032,1,93,94,98
"2402",2219,1,1010,1,94,97,102
"2403",2497,1,9177,1,92,95,100
"2404",2520,1,13283,1,93,94,98
"2405",2987,1,12239,1,90,92,98
"2406",3270,1,10686,1,94,95,100
"2407",3284,1,1144,1,94,95,100
"2408",3587,1,7732,1,90,93,99
"2409",3748,1,5278,1,95,97,101
"2410",4042,1,1133,1,94,96,102
"2411",4199,1,7378,1,92,96,101
"2412",4221,1,1919,1,92,95,101
"2413",4318,1,4118,1,91,94,98
"2414",4393,1,4066,1,94,95,100
"2415",4528,1,9983,1,93,95,100
"2416",4561,1,8818,1,93,95,100
"2417",4598,1,10655,1,95,96,102
"2418",4705,1,7284,1,94,96,100
"2419",4956,1,3474,1,90,94,100
"2420",4970,1,5918,1,95,97,102
"2421",5133,1,1729,1,93,94,98
"2422",5494,1,908,1,91,94,99
"2423",5582,1,5651,1,95,97,102
"2424",5652,1,13138,1,93,95,100
"2425",5740,1,5917,1,95,96,100
"2426",5917,1,6061,1,93,94,98
"2427",5918,1,10051,1,90,92,98
"2428",5950,1,464,1,93,95,101
"2429",6170,1,5340,1,92,94,98
"2430",6531,1,2520,1,94,95,99
"2431",6569,1,10114,1,91,94,99
"2432",6955,1,12550,1,95,97,101
"2433",7325,1,12395,1,91,93,98
"2434",7509,1,6058,1,95,97,101
"2435",7852,1,1036,1,95,96,101
"2436",8487,1,7676,1,93,95,102
"2437",8982,1,1093,1,92,94,98
"2438",9037,1,4219,1,94,97,102
"2439",9239,1,4467,1,93,97,104
"2440",9325,1,1656,1,92,94,99
"2441",9345,1,5972,1,93,94,100
"2442",9355,1,13561,1,92,94,98
"2443",9452,1,27,1,96,97,101
"2444",9472,1,12062,1,94,96,101
"2445",9573,1,8953,1,93,96,100
"2446",10602,1,11917,1,90,93,100
"2447",10642,1,1010,1,95,97,101
"2448",10686,1,10132,1,91,93,98
"2449",11240,1,8982,1,95,97,102
"2450",11584,1,2531,1,93,95,99
"2451",11788,1,4350,1,90,93,98
"2452",11960,1,8985,1,92,94,100
"2453",12045,1,5841,1,95,97,101
"2454",12168,1,5640,1,86,91,98
"2455",12190,1,4467,1,93,95,99
"2456",12253,1,8366,1,93,95,102
"2457",12439,1,5335,1,93,94,100
"2458",12745,1,7175,1,93,96,99
"2459",12809,1,3315,1,95,97,102
"2460",12894,1,1891,1,92,95,99
"2461",13177,1,2176,1,94,96,101
"2462",13183,1,7895,1,94,96,103
"2463",13481,1,7055,1,96,97,105
"2464",13680,1,13561,1,93,95,100
"2465",13732,1,11542,1,93,94,100
"2466",13770,1,13299,1,89,91,99
"2467",13838,1,1553,1,92,93,98
"2468",215,1,14053,1,96,98,104
"2469",566,1,5278,1,95,98,103
"2470",993,1,2667,1,96,97,101
"2471",1800,1,9345,1,95,96,104
"2472",2357,1,11584,1,96,97,101
"2473",2749,1,4633,1,93,95,101
"2474",2903,1,10602,1,94,95,99
"2475",2995,1,3087,1,97,98,102
"2476",3212,1,7390,1,95,98,102
"2477",3649,1,5950,1,97,98,104
"2478",3947,1,6580,1,94,96,102
"2479",3986,1,3293,1,94,96,102
"2480",4218,1,7449,1,94,95,100
"2481",4219,1,3004,1,89,93,99
"2482",4296,1,1129,1,96,97,101
"2483",4471,1,10498,1,96,98,106
"2484",4630,1,11475,1,92,93,99
"2485",4633,1,8217,1,90,92,99
"2486",4725,1,3463,1,91,94,100
"2487",4962,1,661,1,96,97,101
"2488",5067,1,10371,1,95,98,103
"2489",5085,1,10694,1,92,94,99
"2490",5232,1,8335,1,94,97,102
"2491",5292,1,7763,1,92,94,101
"2492",5392,1,13177,1,97,98,105
"2493",5683,1,1916,1,94,96,100
"2494",5798,1,12252,1,93,95,100
"2495",6009,1,656,1,94,96,101
"2496",6198,1,968,1,91,93,101
"2497",6263,1,14077,1,96,97,102
"2498",6593,1,6533,1,96,97,102
"2499",6837,1,13770,1,93,95,100
"2500",6875,1,6061,1,94,96,102
"2501",7196,1,6169,1,95,98,103
"2502",7468,1,9649,1,97,98,103
"2503",7676,1,10741,1,90,92,100
"2504",7685,1,10672,1,92,95,101
"2505",7729,1,7639,1,95,96,103
"2506",7902,1,6198,1,95,96,103
"2507",7976,1,7311,1,92,94,100
"2508",8248,1,5863,1,94,95,103
"2509",8331,1,5666,1,92,94,100
"2510",8768,1,5972,1,93,95,102
"2511",8875,1,4735,1,91,93,99
"2512",8890,1,8428,1,93,95,101
"2513",10329,1,7413,1,97,98,102
"2514",10911,1,2187,1,94,95,100
"2515",10943,1,9675,1,95,97,100
"2516",11335,1,4239,1,93,94,99
"2517",11422,1,14127,1,94,95,99
"2518",12038,1,8982,1,96,97,102
"2519",12137,1,220,1,93,94,100
"2520",12558,1,7284,1,93,96,102
"2521",12608,1,4725,1,95,97,102
"2522",13135,1,10686,1,95,97,101
"2523",13628,1,4219,1,94,96,102
"2524",14000,1,5292,1,95,96,101
"2525",14053,1,11358,1,94,96,101
"2526",14077,1,13261,1,93,95,99
"2527",14091,1,5740,1,97,98,102
"2528",191,1,6170,1,95,96,100
"2529",396,1,5292,1,95,98,104
"2530",421,1,11397,1,94,96,100
"2531",481,1,896,1,89,93,100
"2532",535,1,5666,1,93,95,102
"2533",569,1,6075,1,92,95,100
"2534",727,1,4467,1,92,94,100
"2535",1531,1,5651,1,94,96,102
"2536",1579,1,1076,1,94,96,100
"2537",2165,1,12439,1,97,98,103
"2538",2273,1,7976,1,96,98,103
"2539",2369,1,11549,1,96,98,104
"2540",2532,1,9050,1,97,99,105
"2541",2587,1,957,1,97,99,105
"2542",2876,1,11601,1,98,99,103
"2543",2966,1,5652,1,97,99,104
"2544",3340,1,9847,1,97,98,103
"2545",4235,1,5841,1,96,98,104
"2546",4267,1,12660,1,95,97,102
"2547",4324,1,1995,1,91,94,100
"2548",4442,1,9736,1,94,96,103
"2549",4500,1,8989,1,97,99,104
"2550",4785,1,4633,1,96,97,103
"2551",4954,1,7838,1,94,96,101
"2552",5385,1,9472,1,96,97,102
"2553",5560,1,8428,1,95,96,102
"2554",5642,1,9899,1,97,98,103
"2555",5651,1,261,1,91,93,100
"2556",5775,1,10530,1,95,96,101
"2557",5935,1,9071,1,93,95,101
"2558",6348,1,7390,1,96,98,104
"2559",6369,1,2898,1,95,96,100
"2560",6533,1,1506,1,92,95,101
"2561",6886,1,3577,1,92,96,100
"2562",6972,1,13078,1,97,99,105
"2563",6990,1,4393,1,97,99,105
"2564",7232,1,2667,1,95,96,101
"2565",7341,1,14191,1,95,98,104
"2566",7430,1,1036,1,96,98,102
"2567",7650,1,5324,1,94,95,100
"2568",7695,1,6853,1,95,98,103
"2569",7856,1,9050,1,97,98,102
"2570",8001,1,9886,1,94,97,101
"2571",8514,1,2802,1,96,98,103
"2572",8806,1,9205,1,96,98,104
"2573",8885,1,8331,1,97,99,103
"2574",8887,1,11865,1,93,96,101
"2575",9498,1,8989,1,97,98,101
"2576",9695,1,2737,1,94,96,101
"2577",9899,1,2187,1,94,96,103
"2578",9991,1,9539,1,95,97,104
"2579",10218,1,11335,1,96,97,102
"2580",10313,1,2415,1,97,98,104
"2581",10830,1,9355,1,97,98,103
"2582",10928,1,6170,1,95,99,105
"2583",10956,1,10917,1,95,97,101
"2584",11191,1,481,1,95,98,104
"2585",11287,1,13018,1,94,97,102
"2586",11417,1,12026,1,97,99,104
"2587",11753,1,11543,1,97,98,104
"2588",12587,1,4042,1,97,98,103
"2589",12881,1,7803,1,94,97,102
"2590",12996,1,8722,1,91,96,100
"2591",13341,1,13235,1,93,95,100
"2592",13976,1,10911,1,96,98,104
"2593",14163,1,8322,1,95,97,100
"2594",127,1,9539,1,95,97,102
"2595",323,1,1951,1,96,97,102
"2596",329,1,9854,1,95,100,104
"2597",349,1,3947,1,97,99,105
"2598",461,1,10399,1,96,97,103
"2599",576,1,10970,1,93,96,101
"2600",741,1,7685,1,97,98,102
"2601",1140,1,13094,1,90,93,101
"2602",1217,1,661,1,97,99,105
"2603",1933,1,4598,1,97,99,105
"2604",2005,1,5950,1,96,99,104
"2605",2130,1,10313,1,99,100,102
"2606",2269,1,7830,1,98,99,105
"2607",2528,1,1216,1,96,97,102
"2608",2780,1,13155,1,95,98,104
"2609",2922,1,5841,1,96,97,103
"2610",3064,1,1133,1,94,97,102
"2611",3208,1,9401,1,96,99,105
"2612",3648,1,3652,1,97,99,104
"2613",3941,1,13724,1,97,100,106
"2614",4228,1,12894,1,98,100,104
"2615",4385,1,1395,1,98,100,106
"2616",4424,1,5582,1,98,99,104
"2617",4582,1,13561,1,92,94,101
"2618",4963,1,5918,1,93,96,101
"2619",4973,1,11584,1,97,100,104
"2620",4999,1,10904,1,94,97,101
"2621",5162,1,10481,1,95,98,103
"2622",5205,1,10446,1,97,100,104
"2623",5250,1,4705,1,97,99,103
"2624",5263,1,3652,1,98,100,105
"2625",5723,1,11584,1,97,99,103
"2626",6112,1,12026,1,95,98,103
"2627",6177,1,4644,1,97,99,105
"2628",6390,1,2987,1,95,96,102
"2629",6397,1,13680,1,98,100,105
"2630",6451,1,5385,1,99,100,106
"2631",7098,1,1341,1,95,97,104
"2632",7295,1,7695,1,98,100,104
"2633",7413,1,11422,1,95,97,101
"2634",7703,1,13732,1,95,100,106
"2635",8317,1,5133,1,97,98,103
"2636",8521,1,422,1,93,95,101
"2637",8538,1,10498,1,95,98,103
"2638",9063,1,9775,1,98,99,104
"2639",9205,1,14127,1,94,95,101
"2640",9304,1,2574,1,97,98,105
"2641",9649,1,3554,1,94,96,101
"2642",9708,1,695,1,98,100,105
"2643",9824,1,8366,1,94,96,101
"2644",9833,1,6955,1,97,99,106
"2645",9847,1,4523,1,95,97,102
"2646",9881,1,2668,1,97,98,103
"2647",9965,1,4464,1,94,96,101
"2648",10066,1,4296,1,98,99,104
"2649",10285,1,12038,1,99,100,105
"2650",10721,1,6886,1,98,99,104
"2651",10837,1,4556,1,96,98,103
"2652",11749,1,7676,1,93,95,104
"2653",11755,1,10943,1,97,98,105
"2654",12052,1,7524,1,93,96,104
"2655",12100,1,4725,1,95,97,103
"2656",12115,1,429,1,93,94,101
"2657",12373,1,13177,1,96,98,104
"2658",12483,1,5133,1,96,98,103
"2659",13003,1,9573,1,98,100,103
"2660",13078,1,11788,1,95,96,102
"2661",13108,1,8487,1,97,100,105
"2662",13139,1,4954,1,98,100,105
"2663",13434,1,12062,1,94,96,101
"2664",13564,1,1341,1,97,99,103
"2665",14073,1,2719,1,94,97,101
"2666",14086,1,4582,1,97,99,104
"2667",14188,1,9472,1,97,99,104
"2668",27,1,1608,1,93,95,102
"2669",388,1,518,1,97,98,103
"2670",593,1,12469,1,97,99,105
"2671",667,1,5683,1,97,98,104
"2672",695,1,11549,1,93,97,103
"2673",924,1,7838,1,96,97,102
"2674",958,1,4300,1,96,99,105
"2675",1294,1,4649,1,98,99,104
"2676",1791,1,2842,1,94,96,102
"2677",1816,1,13078,1,97,100,105
"2678",2032,1,2668,1,97,100,105
"2679",2307,1,8496,1,92,97,102
"2680",2314,1,3576,1,97,99,103
"2681",2414,1,2682,1,98,100,105
"2682",2668,1,10447,1,94,96,102
"2683",2683,1,7963,1,93,97,105
"2684",2814,1,13945,1,91,95,102
"2685",3019,1,4267,1,98,101,106
"2686",3242,1,667,1,98,100,105
"2687",3476,1,7341,1,99,100,105
"2688",3652,1,14127,1,95,96,102
"2689",4016,1,6263,1,99,100,104
"2690",4123,1,7676,1,93,97,103
"2691",4186,1,9539,1,94,98,103
"2692",4259,1,13481,1,98,100,105
"2693",4414,1,7326,1,99,101,107
"2694",4421,1,4705,1,97,99,105
"2695",4843,1,3340,1,100,101,104
"2696",4858,1,11549,1,96,98,103
"2697",4940,1,5775,1,98,100,106
"2698",5380,1,2307,1,98,99,105
"2699",5418,1,3087,1,98,99,103
"2700",5600,1,12373,1,99,100,105
"2701",5653,1,4598,1,97,99,104
"2702",5749,1,4429,1,98,100,106
"2703",6025,1,6889,1,97,99,104
"2704",6067,1,5476,1,97,99,104
"2705",6586,1,13235,1,94,97,102
"2706",6597,1,7065,1,98,100,106
"2707",6808,1,5263,1,100,101,106
"2708",7096,1,6011,1,100,101,107
"2709",7174,1,1531,1,98,101,107
"2710",7830,1,9649,1,96,97,104
"2711",8333,1,5950,1,96,99,105
"2712",8414,1,1791,1,97,98,102
"2713",8811,1,5385,1,97,101,106
"2714",8989,1,12776,1,95,96,103
"2715",9124,1,11066,1,100,101,105
"2716",9159,1,14127,1,94,97,104
"2717",9378,1,6973,1,98,100,104
"2718",9680,1,8953,1,93,98,104
"2719",9775,1,2898,1,96,98,103
"2720",10272,1,8438,1,93,95,102
"2721",10670,1,123,1,96,99,104
"2722",10916,1,7857,1,94,97,104
"2723",11503,1,12190,1,96,99,103
"2724",11552,1,12556,1,100,101,106
"2725",11569,1,4296,1,98,101,105
"2726",11736,1,4644,1,97,100,106
"2727",11742,1,2357,1,98,101,106
"2728",12469,1,10904,1,93,96,102
"2729",12547,1,8414,1,99,101,105
"2730",12917,1,2219,1,98,99,105
"2731",12928,1,555,1,95,97,103
"2732",13153,1,140,1,96,97,103
"2733",13594,1,9675,1,95,97,102
"2734",13684,1,5652,1,97,99,103
"2735",1,1,2903,1,96,97,104
"2736",159,1,3576,1,97,98,103
"2737",430,1,4221,1,97,99,104
"2738",642,1,5232,1,98,100,104
"2739",1280,1,9452,1,98,101,107
"2740",1341,1,890,1,93,95,103
"2741",1382,1,4785,1,99,102,106
"2742",1827,1,13398,1,94,96,104
"2743",2319,1,3832,1,94,97,103
"2744",2390,1,8001,1,99,100,105
"2745",2627,1,2995,1,101,102,107
"2746",2696,1,10285,1,100,102,108
"2747",2731,1,957,1,95,97,104
"2748",2786,1,8487,1,98,99,106
"2749",2872,1,6418,1,99,101,106
"2750",2913,1,11358,1,94,96,104
"2751",2972,1,4598,1,98,101,106
"2752",3979,1,10272,1,96,99,103
"2753",4256,1,6058,1,96,97,103
"2754",4410,1,10066,1,100,102,107
"2755",4631,1,5865,1,98,100,105
"2756",4736,1,667,1,99,100,104
"2757",4738,1,4221,1,97,99,103
"2758",5831,1,11543,1,98,99,103
"2759",6033,1,2415,1,96,97,103
"2760",6042,1,9824,1,98,99,105
"2761",6131,1,740,1,94,97,103
"2762",6142,1,593,1,101,102,108
"2763",6194,1,13434,1,98,100,104
"2764",6236,1,11584,1,96,97,103
"2765",6373,1,6955,1,98,99,104
"2766",6418,1,11422,1,96,98,103
"2767",6724,1,7857,1,95,99,104
"2768",6751,1,9847,1,99,102,107
"2769",7273,1,8331,1,95,97,103
"2770",7326,1,10272,1,96,98,104
"2771",7839,1,6131,1,101,102,108
"2772",8089,1,2898,1,96,100,105
"2773",8234,1,8887,1,97,98,104
"2774",8354,1,4705,1,97,99,104
"2775",8491,1,13192,1,99,101,106
"2776",8495,1,338,1,99,100,106
"2777",8594,1,2307,1,99,101,105
"2778",8860,1,10830,1,99,100,106
"2779",8931,1,2668,1,97,98,103
"2780",9331,1,13153,1,97,99,103
"2781",9432,1,695,1,98,102,108
"2782",9734,1,12200,1,96,99,103
"2783",10072,1,569,1,97,99,104
"2784",10446,1,9675,1,95,97,103
"2785",10786,1,2587,1,100,102,107
"2786",10881,1,12816,1,100,101,106
"2787",10978,1,13341,1,96,98,104
"2788",10998,1,10916,1,98,101,105
"2789",11373,1,12558,1,98,99,104
"2790",11463,1,3087,1,97,99,104
"2791",11601,1,5918,1,95,97,103
"2792",11613,1,13481,1,98,100,103
"2793",11628,1,11753,1,99,101,107
"2794",12197,1,2390,1,101,102,106
"2795",12499,1,10978,1,98,99,104
"2796",12556,1,4267,1,98,99,107
"2797",12726,1,8982,1,96,98,104
"2798",12761,1,2668,1,97,98,103
"2799",12852,1,313,1,96,99,105
"2800",12982,1,8353,1,98,100,105
"2801",13136,1,7857,1,96,99,103
"2802",13543,1,8768,1,96,102,106
"2803",13631,1,3649,1,99,102,107
"2804",13735,1,9050,1,98,100,104
"2805",13820,1,1129,1,95,97,104
"2806",14093,1,7430,1,99,101,106
"2807",14117,1,3986,1,97,100,104
"2808",6,1,9026,1,101,103,107
"2809",270,1,13177,1,97,98,105
"2810",758,1,1605,1,97,99,104
"2811",951,1,958,1,100,101,106
"2812",1204,1,2682,1,95,98,105
"2813",1395,1,2574,1,96,98,104
"2814",1526,1,10837,1,99,101,106
"2815",1538,1,3064,1,98,100,105
"2816",1585,1,215,1,100,102,106
"2817",1659,1,6724,1,100,101,107
"2818",1907,1,2668,1,97,99,104
"2819",1952,1,3242,1,101,102,106
"2820",2227,1,12100,1,98,99,104
"2821",2924,1,13218,1,98,99,106
"2822",3028,1,667,1,100,101,106
"2823",3247,1,2434,1,96,99,105
"2824",3606,1,13078,1,97,98,104
"2825",3747,1,4318,1,97,99,106
"2826",4330,1,14189,1,102,103,109
"2827",4448,1,5067,1,100,101,108
"2828",4579,1,9037,1,98,99,106
"2829",4927,1,9847,1,97,100,106
"2830",5147,1,4604,1,95,100,104
"2831",5152,1,1531,1,98,99,104
"2832",5158,1,4649,1,96,98,104
"2833",5178,1,10440,1,101,103,108
"2834",5312,1,12136,1,100,101,108
"2835",6078,1,11755,1,99,100,105
"2836",6079,1,2497,1,97,99,105
"2837",6157,1,10218,1,98,101,106
"2838",6251,1,8248,1,98,100,105
"2839",6281,1,9899,1,100,102,109
"2840",6482,1,1531,1,98,99,104
"2841",6660,1,13684,1,102,103,110
"2842",6736,1,6593,1,99,101,106
"2843",6797,1,11191,1,99,102,106
"2844",7065,1,12190,1,96,98,104
"2845",7143,1,11966,1,100,102,108
"2846",7204,1,11373,1,100,103,108
"2847",7368,1,3606,1,100,101,105
"2848",7640,1,9063,1,101,103,110
"2849",7960,1,3606,1,100,101,109
"2850",8057,1,10072,1,100,102,107
"2851",8092,1,4582,1,96,98,104
"2852",8124,1,3084,1,101,103,106
"2853",8141,1,11287,1,100,102,108
"2854",8168,1,8353,1,96,99,104
"2855",8352,1,9331,1,100,101,108
"2856",8441,1,2314,1,100,102,106
"2857",8835,1,11018,1,97,99,104
"2858",8846,1,9775,1,101,102,108
"2859",9072,1,5418,1,100,102,107
"2860",9303,1,11112,1,100,102,107
"2861",9443,1,2668,1,98,102,110
"2862",9456,1,13622,1,97,99,105
"2863",9785,1,8887,1,98,99,104
"2864",9822,1,3476,1,102,103,109
"2865",9836,1,741,1,99,102,106
"2866",9865,1,4736,1,101,102,109
"2867",9931,1,958,1,101,102,106
"2868",9973,1,9205,1,97,100,105
"2869",10388,1,461,1,99,100,104
"2870",10440,1,7430,1,99,100,104
"2871",10577,1,7430,1,100,102,106
"2872",10684,1,11543,1,97,98,104
"2873",10688,1,12608,1,98,99,105
"2874",10774,1,2727,1,102,103,107
"2875",10894,1,4962,1,98,101,108
"2876",10898,1,9378,1,102,103,110
"2877",11344,1,3208,1,100,103,110
"2878",11891,1,10446,1,99,101,105
"2879",12111,1,576,1,96,98,104
"2880",12416,1,9881,1,99,101,108
"2881",12440,1,1531,1,97,99,105
"2882",12724,1,10943,1,99,101,106
"2883",12816,1,4644,1,96,99,104
"2884",13192,1,10178,1,96,98,104
"2885",13298,1,12483,1,98,101,106
"2886",13653,1,2022,1,96,98,104
"2887",13682,1,1217,1,100,102,108
"2888",13856,1,7695,1,100,102,107
"2889",14125,1,8931,1,99,101,105
"2890",14190,1,5158,1,99,101,105
"2891",5,1,6593,1,99,102,107
"2892",31,1,3606,1,99,100,105
"2893",541,1,5152,1,100,102,106
"2894",997,1,7431,1,95,99,105
"2895",1156,1,14125,1,101,104,108
"2896",1554,1,7413,1,98,102,108
"2897",1575,1,13139,1,102,103,110
"2898",1596,1,539,1,101,104,110
"2899",1725,1,7856,1,99,101,106
"2900",1798,1,5983,1,103,104,107
"2901",1895,1,329,1,100,102,105
"2902",1899,1,3084,1,102,103,107
"2903",2173,1,1294,1,101,104,110
"2904",2305,1,9239,1,99,102,108
"2905",2475,1,2219,1,98,100,105
"2906",2606,1,2032,1,101,103,109
"2907",2653,1,6972,1,101,104,110
"2908",2727,1,215,1,98,100,105
"2909",2931,1,10066,1,101,104,108
"2910",3288,1,9378,1,101,102,105
"2911",3386,1,12037,1,101,102,108
"2912",3546,1,6886,1,99,101,105
"2913",4039,1,12037,1,101,104,112
"2914",4466,1,8875,1,98,100,107
"2915",4673,1,1933,1,100,102,109
"2916",4988,1,11742,1,102,103,109
"2917",5240,1,6025,1,100,102,106
"2918",5443,1,430,1,100,101,107
"2919",5557,1,6736,1,102,103,109
"2920",5742,1,12111,1,99,103,108
"2921",5823,1,11833,1,101,103,108
"2922",5845,1,2032,1,102,103,109
"2923",5931,1,5418,1,101,102,105
"2924",6011,1,9037,1,97,99,106
"2925",6165,1,12373,1,100,102,109
"2926",6232,1,12469,1,99,101,106
"2927",6402,1,12761,1,99,100,108
"2928",6405,1,10881,1,102,103,109
"2929",6881,1,12816,1,100,102,108
"2930",6986,1,9443,1,103,104,109
"2931",7214,1,4016,1,101,103,109
"2932",7443,1,6157,1,102,103,110
"2933",7876,1,13682,1,103,104,110
"2934",8191,1,2227,1,101,103,108
"2935",8277,1,10498,1,96,100,105
"2936",8383,1,9483,1,103,104,109
"2937",8493,1,7468,1,99,101,106
"2938",8529,1,8495,1,101,102,106
"2939",8739,1,8089,1,101,102,106
"2940",8758,1,8491,1,102,104,109
"2941",8840,1,8234,1,99,101,105
"2942",9085,1,12136,1,100,101,110
"2943",9181,1,4598,1,97,101,106
"2944",9349,1,3123,1,97,99,105
"2945",9512,1,6451,1,102,104,109
"2946",9544,1,396,1,100,103,110
"2947",9808,1,4218,1,97,99,108
"2948",10254,1,13192,1,99,102,107
"2949",10315,1,7368,1,103,104,109
"2950",10363,1,2683,1,97,99,106
"2951",10551,1,6348,1,100,101,108
"2952",10681,1,10577,1,103,104,109
"2953",11066,1,1800,1,98,99,105
"2954",11112,1,3087,1,97,98,105
"2955",11430,1,2005,1,100,101,107
"2956",11833,1,13653,1,99,100,105
"2957",12033,1,6397,1,101,104,108
"2958",12037,1,7729,1,98,100,106
"2959",12069,1,6348,1,99,100,105
"2960",12248,1,3947,1,98,100,106
"2961",12306,1,5726,1,103,104,111
"2962",12318,1,13135,1,98,100,107
"2963",12632,1,8806,1,99,100,107
"2964",13307,1,10721,1,102,104,109
"2965",13402,1,12416,1,102,103,108
"2966",13443,1,9072,1,103,104,108
"2967",13695,1,14000,1,98,102,107
"2968",13741,1,9085,1,102,104,107
"2969",13794,1,27,1,97,100,106
"2970",14189,1,727,1,99,100,105
"2971",98,1,12745,1,97,101,107
"2972",120,1,889,1,103,105,112
"2973",262,1,14189,1,102,103,107
"2974",338,1,13218,1,97,99,106
"2975",539,1,7509,1,99,101,106
"2976",765,1,12275,1,103,104,108
"2977",840,1,2305,1,104,105,109
"2978",846,1,5418,1,102,104,108
"2979",889,1,7852,1,98,101,107
"2980",1000,1,6177,1,101,103,109
"2981",1179,1,8352,1,102,103,109
"2982",1350,1,14189,1,101,104,109
"2983",1502,1,9824,1,98,101,108
"2984",1803,1,215,1,98,102,107
"2985",1931,1,8491,1,102,103,110
"2986",2145,1,4918,1,97,99,106
"2987",2937,1,2130,1,101,103,109
"2988",2952,1,11503,1,99,101,106
"2989",3084,1,8317,1,99,100,106
"2990",3170,1,8354,1,100,103,110
"2991",3203,1,5263,1,101,103,109
"2992",3358,1,1667,1,102,104,109
"2993",4173,1,6990,1,101,102,106
"2994",4301,1,11833,1,101,103,109
"2995",4305,1,6660,1,103,104,111
"2996",4348,1,9255,1,104,105,109
"2997",4533,1,6373,1,101,103,108
"2998",4613,1,12197,1,103,105,111
"2999",4635,1,11409,1,98,102,108
"3000",4661,1,13820,1,98,101,106
"3001",4775,1,6090,1,97,100,106
"3002",4874,1,98,1,102,105,111
"3003",4938,1,3476,1,101,103,109
"3004",5204,1,6751,1,103,105,112
"3005",5424,1,3979,1,100,102,106
"3006",5662,1,11191,1,101,102,107
"3007",5891,1,3722,1,103,104,110
"3008",5983,1,5653,1,100,102,108
"3009",6066,1,5205,1,101,104,110
"3010",6146,1,8317,1,100,101,109
"3011",6319,1,7640,1,103,104,111
"3012",6380,1,9378,1,102,103,107
"3013",6589,1,9734,1,101,105,111
"3014",6608,1,338,1,101,104,109
"3015",6812,1,593,1,99,102,108
"3016",6958,1,10440,1,101,104,110
"3017",7820,1,5582,1,99,101,106
"3018",8003,1,12275,1,103,105,112
"3019",8102,1,13594,1,98,101,108
"3020",8180,1,8495,1,101,102,108
"3021",8452,1,5237,1,103,104,111
"3022",8474,1,1294,1,101,103,108
"3023",8520,1,12996,1,99,101,107
"3024",8909,1,9378,1,102,104,109
"3025",9473,1,31,1,101,102,107
"3026",9483,1,2319,1,99,102,106
"3027",9565,1,4410,1,104,105,111
"3028",10053,1,9378,1,101,102,108
"3029",10061,1,2407,1,102,103,111
"3030",10139,1,3296,1,102,104,108
"3031",10591,1,14190,1,103,104,110
"3032",11176,1,2727,1,101,102,108
"3033",11528,1,11749,1,101,105,110
"3034",11650,1,11793,1,103,105,110
"3035",11724,1,14189,1,101,105,109
"3036",11744,1,349,1,100,103,108
"3037",11793,1,12608,1,101,102,107
"3038",11936,1,1526,1,103,105,110
"3039",12030,1,6955,1,97,99,106
"3040",12136,1,7852,1,98,99,106
"3041",12217,1,6090,1,97,101,107
"3042",12275,1,5560,1,98,102,107
"3043",12282,1,8234,1,99,101,110
"3044",12310,1,6042,1,101,102,106
"3045",12320,1,10388,1,102,105,111
"3046",12361,1,2475,1,102,104,109
"3047",12419,1,1931,1,104,105,111
"3048",12572,1,7368,1,102,104,111
"3049",13172,1,8931,1,100,101,106
"3050",13457,1,6881,1,103,105,110
"3051",13632,1,2786,1,100,102,108
"3052",13759,1,880,1,102,104,108
"3053",116,1,6067,1,100,102,107
"3054",306,1,11503,1,101,103,109
"3055",1025,1,10684,1,101,105,109
"3056",1517,1,7326,1,100,102,107
"3057",1658,1,9256,1,104,105,111
"3058",1667,1,2357,1,98,101,109
"3059",1802,1,11112,1,100,103,108
"3060",2019,1,10514,1,98,100,107
"3061",2071,1,13172,1,102,103,109
"3062",2407,1,7509,1,97,99,108
"3063",2427,1,12416,1,103,105,110
"3064",3059,1,6881,1,104,106,112
"3065",3224,1,6157,1,103,104,109
"3066",3345,1,13631,1,103,104,108
"3067",3645,1,14091,1,99,101,107
"3068",3722,1,7468,1,99,101,107
"3069",3831,1,7876,1,105,106,114
"3070",4164,1,6078,1,102,105,110
"3071",4612,1,13735,1,102,104,109
"3072",4744,1,127,1,98,101,107
"3073",4747,1,8317,1,101,103,108
"3074",5237,1,10943,1,99,102,108
"3075",5394,1,8277,1,100,103,110
"3076",5401,1,6380,1,104,106,110
"3077",5726,1,11240,1,99,102,107
"3078",5842,1,3947,1,97,101,107
"3079",5897,1,11373,1,101,104,109
"3080",5900,1,7232,1,97,102,107
"3081",5966,1,8495,1,101,103,108
"3082",6143,1,4016,1,102,104,110
"3083",6310,1,6,1,105,106,110
"3084",6400,1,10925,1,103,105,111
"3085",6557,1,1294,1,100,101,107
"3086",6654,1,2390,1,100,104,110
"3087",6780,1,13976,1,99,101,107
"3088",6919,1,9498,1,100,102,108
"3089",7307,1,7955,1,104,105,110
"3090",7724,1,9432,1,103,105,109
"3091",7727,1,3870,1,105,106,109
"3092",7869,1,12416,1,102,103,109
"3093",7955,1,4927,1,101,103,108
"3094",8312,1,9085,1,102,104,113
"3095",8420,1,10551,1,104,105,109
"3096",8574,1,8811,1,102,104,109
"3097",8627,1,4186,1,100,103,109
"3098",8850,1,6042,1,101,103,107
"3099",9026,1,13341,1,96,100,107
"3100",9034,1,4843,1,102,104,110
"3101",9080,1,10061,1,104,105,109
"3102",9202,1,6142,1,104,105,110
"3103",9300,1,11793,1,102,104,109
"3104",9400,1,2130,1,101,104,111
"3105",9516,1,8811,1,102,103,108
"3106",9549,1,10254,1,103,104,108
"3107",9666,1,9654,1,103,106,113
"3108",10461,1,9785,1,102,105,111
"3109",10693,1,11628,1,101,104,110
"3110",10835,1,2922,1,100,104,111
"3111",11133,1,5749,1,101,102,107
"3112",11295,1,10830,1,100,102,108
"3113",11356,1,388,1,100,103,107
"3114",11969,1,5653,1,102,105,111
"3115",12504,1,13794,1,102,104,110
"3116",12537,1,323,1,98,101,108
"3117",12874,1,10684,1,102,105,110
"3118",13069,1,2407,1,100,101,107
"3119",13079,1,6557,1,102,104,110
"3120",13496,1,13631,1,104,105,113
"3121",13510,1,3941,1,102,104,107
"3122",13603,1,8806,1,100,103,107
"3123",13895,1,14093,1,102,104,110
"3124",14016,1,2872,1,103,105,110
"3125",14024,1,4235,1,99,101,107
"3126",14181,1,9304,1,101,104,108
"3127",242,1,5,1,104,105,111
"3128",880,1,12038,1,101,102,108
"3129",1205,1,10061,1,105,107,111
"3130",1245,1,880,1,103,105,112
"3131",1304,1,12069,1,101,104,108
"3132",1628,1,6405,1,105,106,112
"3133",1642,1,12197,1,103,105,112
"3134",1664,1,13003,1,101,103,109
"3135",1896,1,9836,1,105,107,112
"3136",2012,1,2475,1,101,103,108
"3137",2331,1,12416,1,104,106,113
"3138",2681,1,1220,1,105,107,113
"3139",2864,1,5723,1,100,102,108
"3140",3296,1,8354,1,100,101,108
"3141",3826,1,12483,1,99,100,109
"3142",3849,1,4775,1,101,103,108
"3143",3913,1,846,1,105,107,113
"3144",4159,1,10830,1,102,104,109
"3145",4247,1,4661,1,102,103,108
"3146",4364,1,3028,1,104,107,111
"3147",4452,1,3019,1,102,105,111
"3148",4522,1,9400,1,104,106,110
"3149",5052,1,13112,1,105,106,111
"3150",5213,1,1382,1,102,105,109
"3151",5298,1,6079,1,100,102,108
"3152",5308,1,8441,1,103,105,112
"3153",5326,1,2314,1,101,102,108
"3154",5641,1,3019,1,103,105,112
"3155",5704,1,1642,1,106,107,113
"3156",5734,1,2683,1,99,102,108
"3157",6183,1,1179,1,103,105,109
"3158",6192,1,5842,1,103,105,110
"3159",6806,1,5263,1,102,105,111
"3160",7292,1,9349,1,102,104,109
"3161",7542,1,9181,1,102,105,111
"3162",8155,1,9026,1,102,105,108
"3163",8359,1,11442,1,104,105,109
"3164",8515,1,889,1,103,104,108
"3165",8631,1,13108,1,101,104,110
"3166",8643,1,9172,1,105,107,112
"3167",8757,1,3595,1,105,106,110
"3168",8831,1,6183,1,106,107,113
"3169",8936,1,13985,1,106,107,112
"3170",8991,1,4999,1,99,103,111
"3171",9172,1,4173,1,103,104,108
"3172",9256,1,7703,1,102,103,109
"3173",9654,1,9775,1,100,102,108
"3174",9884,1,9549,1,105,107,111
"3175",10585,1,12547,1,102,104,108
"3176",10722,1,7174,1,103,106,111
"3177",10972,1,13487,1,106,107,112
"3178",11035,1,880,1,104,105,110
"3179",11298,1,593,1,101,102,108
"3180",11431,1,13930,1,105,106,111
"3181",11442,1,116,1,103,104,111
"3182",11647,1,2922,1,102,103,110
"3183",11694,1,9432,1,103,105,112
"3184",11858,1,12217,1,104,106,112
"3185",11948,1,5842,1,102,105,109
"3186",12236,1,13985,1,105,106,110
"3187",12270,1,12069,1,102,103,109
"3188",12386,1,8493,1,103,105,111
"3189",12517,1,1000,1,105,106,111
"3190",12525,1,2931,1,106,107,114
"3191",12545,1,5966,1,105,106,110
"3192",12842,1,11569,1,104,107,112
"3193",13322,1,5326,1,103,105,111
"3194",13383,1,11298,1,103,106,112
"3195",13487,1,11430,1,103,105,109
"3196",13565,1,2005,1,101,104,110
"3197",13721,1,3546,1,104,107,112
"3198",13930,1,4305,1,104,105,111
"3199",13985,1,10551,1,103,105,111
"3200",79,1,8574,1,105,106,110
"3201",204,1,5204,1,107,108,115
"3202",353,1,6,1,104,107,111
"3203",356,1,262,1,105,107,111
"3204",480,1,6146,1,102,104,109
"3205",522,1,8811,1,104,105,112
"3206",546,1,10693,1,105,107,112
"3207",652,1,7307,1,105,106,110
"3208",1164,1,8811,1,102,106,111
"3209",1183,1,11628,1,103,105,111
"3210",1257,1,9255,1,103,108,112
"3211",1594,1,1156,1,105,107,113
"3212",1668,1,9865,1,103,104,110
"3213",1799,1,4305,1,105,106,112
"3214",1838,1,11176,1,104,107,112
"3215",2143,1,8474,1,104,105,111
"3216",2262,1,1802,1,105,108,112
"3217",2877,1,6319,1,106,107,112
"3218",3870,1,1280,1,102,104,109
"3219",3897,1,13577,1,106,107,113
"3220",3942,1,5326,1,104,106,111
"3221",3970,1,6808,1,101,104,109
"3222",4022,1,3546,1,102,104,109
"3223",4153,1,12440,1,99,104,109
"3224",4372,1,11858,1,107,108,112
"3225",4397,1,1575,1,105,106,110
"3226",4807,1,2972,1,102,104,111
"3227",4837,1,12655,1,107,108,112
"3228",4840,1,2606,1,104,106,110
"3229",4882,1,1798,1,105,108,114
"3230",4905,1,1931,1,104,106,111
"3231",4959,1,13682,1,103,105,110
"3232",5031,1,3358,1,104,106,110
"3233",5949,1,9565,1,106,108,114
"3234",6160,1,13976,1,101,104,109
"3235",6161,1,1156,1,104,106,112
"3236",6345,1,4228,1,103,108,117
"3237",6718,1,116,1,103,105,111
"3238",6874,1,13510,1,104,105,110
"3239",6946,1,1899,1,105,107,114
"3240",7109,1,10925,1,104,106,110
"3241",7228,1,3849,1,106,108,113
"3242",7237,1,6397,1,102,104,110
"3243",7365,1,6405,1,105,108,115
"3244",7370,1,6405,1,104,106,111
"3245",7679,1,3645,1,104,105,109
"3246",7702,1,8420,1,107,108,112
"3247",7878,1,8529,1,103,105,109
"3248",8063,1,4016,1,103,105,111
"3249",8274,1,12874,1,106,108,113
"3250",8365,1,12687,1,105,106,111
"3251",8530,1,1642,1,106,107,113
"3252",8718,1,5308,1,105,106,111
"3253",8763,1,9026,1,103,105,110
"3254",8870,1,3979,1,100,103,109
"3255",8892,1,3358,1,105,107,112
"3256",9249,1,7214,1,104,107,114
"3257",9292,1,2227,1,102,103,109
"3258",9322,1,5742,1,104,107,113
"3259",9387,1,12917,1,101,105,109
"3260",9511,1,8383,1,105,107,114
"3261",9925,1,9865,1,103,106,112
"3262",10048,1,11793,1,104,105,109
"3263",10050,1,7143,1,103,106,114
"3264",10345,1,11906,1,106,107,112
"3265",10803,1,6,1,104,106,111
"3266",10925,1,4016,1,101,103,109
"3267",11721,1,3870,1,105,106,112
"3268",12080,1,10774,1,104,105,111
"3269",12481,1,13496,1,106,108,113
"3270",12534,1,7839,1,104,106,112
"3271",12655,1,9654,1,104,105,110
"3272",12687,1,5240,1,103,104,110
"3273",13020,1,9836,1,103,105,111
"3274",13163,1,13741,1,106,108,112
"3275",13238,1,116,1,103,104,110
"3276",13401,1,7820,1,103,105,112
"3277",13866,1,8102,1,103,106,113
"3278",13955,1,6986,1,104,105,111
"3279",17,1,1350,1,105,107,112
"3280",817,1,3345,1,104,107,112
"3281",1163,1,11741,1,107,109,117
"3282",1220,1,11613,1,101,105,110
"3283",1229,1,11694,1,106,108,113
"3284",1364,1,1895,1,103,104,112
"3285",1563,1,2071,1,104,105,110
"3286",1759,1,5662,1,103,105,110
"3287",1975,1,13457,1,105,107,112
"3288",2170,1,10446,1,98,102,110
"3289",2266,1,11344,1,106,108,112
"3290",2355,1,3386,1,104,106,111
"3291",2504,1,5845,1,105,106,111
"3292",2759,1,10269,1,106,109,114
"3293",2794,1,6660,1,106,108,113
"3294",2829,1,541,1,103,104,110
"3295",3157,1,11176,1,102,104,110
"3296",3187,1,5424,1,103,106,110
"3297",3259,1,9565,1,106,107,112
"3298",3292,1,6986,1,105,106,112
"3299",3322,1,7443,1,103,107,111
"3300",3595,1,2170,1,103,105,110
"3301",3990,1,2227,1,101,103,110
"3302",4992,1,1664,1,105,109,113
"3303",5314,1,8057,1,103,105,110
"3304",5359,1,8520,1,103,105,110
"3305",5587,1,1156,1,105,108,113
"3306",5818,1,8515,1,105,107,113
"3307",5888,1,2952,1,103,108,112
"3308",6013,1,12037,1,103,107,113
"3309",6126,1,4305,1,105,106,110
"3310",6341,1,3849,1,105,108,114
"3311",6436,1,10050,1,107,109,114
"3312",6505,1,4938,1,105,107,113
"3313",6535,1,11167,1,107,108,112
"3314",6650,1,13238,1,105,107,112
"3315",7031,1,7204,1,104,105,112
"3316",7205,1,13682,1,103,105,111
"3317",7441,1,10254,1,104,107,113
"3318",7546,1,9716,1,105,107,113
"3319",7798,1,10269,1,105,107,111
"3320",7858,1,2627,1,102,104,111
"3321",7864,1,10254,1,105,107,112
"3322",7908,1,4522,1,108,109,114
"3323",8528,1,2170,1,103,105,110
"3324",8697,1,541,1,104,107,111
"3325",8733,1,10998,1,103,105,110
"3326",8801,1,1596,1,106,109,112
"3327",8808,1,6,1,104,108,114
"3328",8820,1,11167,1,106,109,115
"3329",9006,1,2872,1,104,106,110
"3330",9073,1,5931,1,104,107,110
"3331",9074,1,1658,1,106,108,113
"3332",9255,1,2475,1,101,103,110
"3333",9474,1,13695,1,103,106,112
"3334",9577,1,12033,1,105,107,114
"3335",9585,1,1156,1,105,107,113
"3336",9646,1,8124,1,105,106,112
"3337",9664,1,10503,1,108,109,113
"3338",9874,1,10208,1,107,108,114
"3339",10208,1,2627,1,103,105,110
"3340",10269,1,8493,1,102,105,111
"3341",11167,1,116,1,103,105,111
"3342",11171,1,12982,1,102,103,110
"3343",11179,1,1575,1,104,106,111
"3344",11247,1,12361,1,107,109,112
"3345",11363,1,2952,1,102,104,110
"3346",11405,1,9400,1,106,108,111
"3347",12061,1,7869,1,106,107,114
"3348",12254,1,10254,1,103,105,110
"3349",12363,1,5443,1,103,106,112
"3350",12593,1,1517,1,103,104,110
"3351",13112,1,9181,1,103,104,110
"3352",13655,1,4022,1,106,109,114
"3353",13777,1,1183,1,106,109,114
"3354",13863,1,5308,1,106,108,115
"3355",40,1,8909,1,105,109,113
"3356",105,1,1594,1,107,109,115
"3357",194,1,2170,1,105,106,112
"3358",519,1,7031,1,107,109,112
"3359",942,1,5031,1,107,109,114
"3360",1368,1,4938,1,105,107,114
"3361",2065,1,7955,1,104,108,115
"3362",2118,1,9080,1,106,108,114
"3363",2416,1,3157,1,106,107,113
"3364",2486,1,13895,1,107,108,113
"3365",2614,1,12033,1,106,110,115
"3366",2973,1,10053,1,104,107,113
"3367",3633,1,1364,1,106,109,112
"3368",3659,1,2653,1,107,109,116
"3369",3928,1,12419,1,106,107,113
"3370",4065,1,5897,1,106,107,113
"3371",4079,1,5704,1,108,110,113
"3372",4204,1,10774,1,105,107,112
"3373",4713,1,6,1,104,106,112
"3374",5445,1,5743,1,109,110,116
"3375",5477,1,11724,1,106,108,115
"3376",5569,1,11356,1,105,108,114
"3377",5707,1,1280,1,103,105,112
"3378",5819,1,9300,1,106,107,114
"3379",5940,1,9073,1,109,110,118
"3380",6425,1,12517,1,108,110,114
"3381",7072,1,12517,1,107,109,116
"3382",7538,1,13238,1,105,106,111
"3383",7755,1,6806,1,106,108,111
"3384",8318,1,11295,1,104,106,111
"3385",8469,1,5931,1,103,105,112
"3386",8499,1,13748,1,106,108,114
"3387",9286,1,7876,1,108,109,115
"3388",9685,1,10269,1,106,109,114
"3389",9716,1,13684,1,101,103,111
"3390",9741,1,2143,1,106,109,113
"3391",9979,1,10720,1,109,110,116
"3392",9997,1,2864,1,105,109,113
"3393",10040,1,2653,1,105,108,112
"3394",10398,1,8003,1,106,108,113
"3395",10552,1,7798,1,108,110,116
"3396",10720,1,5931,1,104,107,115
"3397",11367,1,2097,1,109,110,118
"3398",11406,1,1164,1,109,110,116
"3399",11447,1,1554,1,104,107,112
"3400",11606,1,2012,1,104,107,113
"3401",11741,1,3224,1,106,107,114
"3402",11884,1,11447,1,108,109,114
"3403",11968,1,7031,1,107,109,114
"3404",12220,1,4744,1,102,105,111
"3405",12540,1,2973,1,109,110,116
"3406",12606,1,1596,1,107,110,115
"3407",13335,1,9443,1,104,106,111
"3408",13507,1,6764,1,107,108,112
"3409",13814,1,1563,1,108,110,117
"3410",14137,1,9874,1,109,110,116
"3411",332,1,9512,1,105,108,113
"3412",1388,1,7441,1,108,109,115
"3413",1467,1,12481,1,109,111,117
"3414",1485,1,1220,1,107,109,114
"3415",1961,1,866,1,110,111,116
"3416",2003,1,7068,1,109,111,117
"3417",2274,1,3157,1,106,109,112
"3418",2306,1,1658,1,106,107,113
"3419",2364,1,1398,1,110,111,120
"3420",2552,1,5477,1,109,110,114
"3421",2764,1,9585,1,109,110,115
"3422",2798,1,4452,1,108,111,119
"3423",2899,1,10720,1,108,110,114
"3424",2908,1,13315,1,110,111,117
"3425",3488,1,10315,1,106,107,113
"3426",3636,1,5819,1,109,111,115
"3427",3867,1,10050,1,109,110,115
"3428",3955,1,6718,1,106,108,113
"3429",3966,1,519,1,109,111,114
"3430",4026,1,3170,1,104,107,113
"3431",4058,1,10254,1,105,108,113
"3432",4059,1,9013,1,108,110,116
"3433",4216,1,10208,1,106,108,114
"3434",4465,1,2794,1,110,111,117
"3435",4830,1,6319,1,106,109,114
"3436",4961,1,12842,1,108,110,116
"3437",4976,1,4216,1,109,111,118
"3438",5051,1,9255,1,104,107,114
"3439",5254,1,9516,1,104,106,112
"3440",5350,1,10693,1,108,110,114
"3441",5538,1,4204,1,108,110,114
"3442",5822,1,9646,1,107,109,116
"3443",6203,1,2829,1,105,108,113
"3444",6273,1,17,1,108,109,114
"3445",6764,1,4247,1,105,107,112
"3446",6894,1,5031,1,107,108,115
"3447",7068,1,6,1,104,108,114
"3448",7286,1,9666,1,107,108,113
"3449",7389,1,1388,1,110,111,115
"3450",7757,1,8936,1,108,110,115
"3451",7922,1,2877,1,108,109,114
"3452",8011,1,3633,1,110,111,117
"3453",8070,1,1179,1,104,105,112
"3454",8116,1,9432,1,107,108,113
"3455",8229,1,8441,1,103,105,112
"3456",8504,1,9585,1,108,110,116
"3457",8591,1,1975,1,109,111,118
"3458",8813,1,7679,1,108,110,114
"3459",8954,1,8870,1,104,107,112
"3460",9013,1,11650,1,106,108,114
"3461",9097,1,1895,1,104,106,112
"3462",9100,1,13443,1,106,108,113
"3463",9190,1,4882,1,109,110,114
"3464",9395,1,5213,1,106,110,116
"3465",9490,1,5052,1,108,110,117
"3466",9503,1,6806,1,106,107,112
"3467",9850,1,10722,1,108,111,118
"3468",10092,1,4905,1,107,108,114
"3469",10503,1,8811,1,104,107,112
"3470",10569,1,6874,1,107,109,114
"3471",10712,1,652,1,107,111,116
"3472",10804,1,9503,1,110,111,116
"3473",11695,1,11356,1,105,108,114
"3474",11906,1,12632,1,104,105,113
"3475",12056,1,3870,1,105,107,112
"3476",12296,1,9512,1,106,108,112
"3477",12334,1,3200,1,109,111,114
"3478",12720,1,12504,1,107,110,118
"3479",12865,1,2165,1,101,104,112
"3480",13147,1,6874,1,108,110,117
"3481",13577,1,13108,1,101,105,112
"3482",13599,1,11528,1,106,108,115
"3483",13748,1,11552,1,103,105,112
"3484",214,1,3194,1,111,112,118
"3485",274,1,12338,1,110,112,120
"3486",303,1,5587,1,108,109,113
"3487",537,1,2173,1,107,109,114
"3488",613,1,4079,1,111,112,116
"3489",704,1,13079,1,104,108,114
"3490",1302,1,9585,1,109,110,113
"3491",1398,1,13577,1,107,109,115
"3492",1493,1,7370,1,107,112,117
"3493",1782,1,7640,1,104,107,114
"3494",1795,1,4613,1,106,107,113
"3495",2072,1,12545,1,108,110,117
"3496",2844,1,9255,1,105,108,115
"3497",2982,1,537,1,110,112,116
"3498",3167,1,6436,1,110,112,116
"3499",3200,1,4840,1,107,108,115
"3500",3804,1,9884,1,108,110,117
"3501",4024,1,194,1,108,109,115
"3502",4041,1,7292,1,105,108,114
"3503",4702,1,6436,1,110,112,117
"3504",4896,1,11884,1,110,112,118
"3505",5189,1,11650,1,105,107,113
"3506",5412,1,8102,1,102,106,113
"3507",5513,1,11431,1,109,112,117
"3508",5976,1,9646,1,107,108,113
"3509",6456,1,2313,1,111,112,117
"3510",7061,1,5052,1,108,110,115
"3511",7467,1,11179,1,107,109,114
"3512",7736,1,105,1,110,112,116
"3513",7819,1,5237,1,106,108,113
"3514",7847,1,3200,1,108,112,118
"3515",7921,1,12534,1,107,109,114
"3516",8381,1,13599,1,109,110,116
"3517",8857,1,7031,1,106,108,114
"3518",9029,1,12655,1,106,107,114
"3519",9251,1,204,1,109,110,114
"3520",9812,1,9925,1,108,110,115
"3521",10094,1,105,1,109,110,115
"3522",10096,1,9292,1,105,106,113
"3523",10709,1,10972,1,108,109,115
"3524",10771,1,13420,1,110,112,116
"3525",10806,1,8831,1,109,111,116
"3526",10895,1,6013,1,107,109,114
"3527",11122,1,1025,1,106,109,114
"3528",11443,1,204,1,109,111,116
"3529",11558,1,3259,1,109,112,116
"3530",12196,1,1975,1,108,109,114
"3531",12218,1,2681,1,108,110,116
"3532",12287,1,7839,1,105,108,115
"3533",12338,1,2504,1,107,109,114
"3534",12379,1,7068,1,110,112,117
"3535",13089,1,2926,1,110,112,118
"3536",13294,1,1164,1,110,112,117
"3537",13420,1,13496,1,107,109,116
"3538",13576,1,5743,1,110,112,119
"3539",13641,1,9836,1,105,107,113
"3540",13670,1,1485,1,110,111,114
"3541",13816,1,12525,1,109,112,118
"3542",13867,1,8318,1,107,109,113
"3543",14192,1,1000,1,106,108,113
"3544",75,1,1575,1,108,110,114
"3545",164,1,9925,1,108,111,117
"3546",265,1,9512,1,106,108,115
"3547",339,1,9874,1,109,110,114
"3548",373,1,12334,1,112,113,118
"3549",893,1,372,1,110,112,117
"3550",1135,1,11948,1,108,110,115
"3551",1751,1,3831,1,109,111,115
"3552",1890,1,1896,1,108,110,114
"3553",2034,1,4713,1,107,110,114
"3554",2097,1,9034,1,106,108,115
"3555",2139,1,6095,1,110,111,116
"3556",2172,1,4713,1,110,112,118
"3557",2213,1,4079,1,111,113,120
"3558",2340,1,7727,1,108,110,114
"3559",2392,1,11741,1,107,108,114
"3560",2926,1,11179,1,107,109,114
"3561",3190,1,9249,1,108,109,116
"3562",3343,1,2065,1,109,112,116
"3563",4082,1,13866,1,108,110,114
"3564",4274,1,7727,1,108,111,115
"3565",4510,1,6143,1,105,109,115
"3566",4578,1,9549,1,106,109,117
"3567",4600,1,2392,1,108,109,115
"3568",4675,1,17,1,108,109,115
"3569",4895,1,12481,1,109,110,115
"3570",5111,1,2262,1,111,113,118
"3571",5331,1,8504,1,111,113,119
"3572",5710,1,11431,1,108,110,115
"3573",5729,1,9577,1,108,111,115
"3574",5743,1,4216,1,108,109,114
"3575",6095,1,7109,1,107,109,115
"3576",6174,1,1229,1,109,111,115
"3577",6280,1,11350,1,112,113,119
"3578",6876,1,9511,1,109,112,117
"3579",6926,1,3194,1,111,112,118
"3580",7056,1,1135,1,111,112,116
"3581",7111,1,8116,1,109,111,116
"3582",7114,1,4976,1,112,113,118
"3583",7796,1,2926,1,110,111,117
"3584",8179,1,2844,1,109,111,116
"3585",8377,1,399,1,109,111,117
"3586",8477,1,7068,1,109,111,116
"3587",8623,1,9100,1,110,113,117
"3588",8662,1,5704,1,108,111,114
"3589",8777,1,2331,1,107,110,114
"3590",8814,1,8359,1,108,111,115
"3591",9015,1,12080,1,107,110,114
"3592",9237,1,9074,1,111,113,118
"3593",9253,1,12287,1,108,109,114
"3594",9433,1,3345,1,106,107,114
"3595",9797,1,3804,1,111,112,116
"3596",9868,1,10092,1,109,110,117
"3597",9938,1,8274,1,111,113,118
"3598",10783,1,4026,1,108,110,114
"3599",10840,1,13641,1,108,111,116
"3600",10923,1,4675,1,111,113,120
"3601",11284,1,7878,1,107,110,117
"3602",11632,1,9490,1,111,113,119
"3603",11656,1,2973,1,107,109,114
"3604",11671,1,332,1,111,112,119
"3605",11877,1,546,1,107,109,114
"3606",11880,1,2973,1,108,110,117
"3607",11913,1,1838,1,108,110,115
"3608",12434,1,11122,1,110,112,116
"3609",12509,1,4895,1,112,113,119
"3610",12625,1,5818,1,108,109,115
"3611",12806,1,13507,1,109,110,115
"3612",12826,1,4510,1,109,111,115
"3613",12831,1,372,1,109,111,118
"3614",12913,1,3417,1,111,112,117
"3615",12914,1,3059,1,107,110,115
"3616",12940,1,9292,1,105,106,114
"3617",13071,1,817,1,108,111,117
"3618",13181,1,5031,1,107,109,114
"3619",13267,1,11721,1,107,109,114
"3620",13844,1,12583,1,111,112,116
"3621",13915,1,2331,1,107,111,115
"3622",14026,1,11884,1,110,113,117
"3623",301,1,5819,1,108,109,115
"3624",397,1,1844,1,112,114,119
"3625",399,1,5189,1,107,108,115
"3626",637,1,1388,1,112,114,120
"3627",858,1,10804,1,113,114,121
"3628",866,1,3913,1,108,110,115
"3629",1450,1,9685,1,110,114,119
"3630",1844,1,1799,1,107,110,116
"3631",2248,1,6425,1,112,113,117
"3632",2313,1,7819,1,110,111,117
"3633",2529,1,8499,1,109,114,119
"3634",2542,1,8857,1,110,112,118
"3635",2826,1,13517,1,111,113,117
"3636",2921,1,1838,1,108,109,115
"3637",2974,1,13267,1,110,111,115
"3638",2989,1,5729,1,112,113,118
"3639",3194,1,9646,1,107,110,115
"3640",3332,1,10040,1,109,111,116
"3641",3410,1,8813,1,111,112,116
"3642",3679,1,8947,1,113,114,120
"3643",4110,1,7072,1,110,112,118
"3644",4229,1,12306,1,108,109,116
"3645",4374,1,5029,1,113,114,119
"3646",4943,1,11389,1,112,113,119
"3647",5246,1,6450,1,110,112,117
"3648",5886,1,7847,1,113,114,121
"3649",6032,1,9433,1,107,110,115
"3650",6450,1,2794,1,108,110,116
"3651",6740,1,6505,1,107,108,115
"3652",7243,1,11247,1,110,113,119
"3653",7269,1,3322,1,108,110,116
"3654",7534,1,8697,1,109,112,116
"3655",7704,1,4882,1,109,113,117
"3656",8076,1,12196,1,110,111,119
"3657",8099,1,5822,1,110,111,118
"3658",8269,1,2392,1,109,110,117
"3659",8342,1,9013,1,113,114,119
"3660",8407,1,4041,1,111,112,119
"3661",8567,1,13517,1,112,114,119
"3662",8878,1,2974,1,112,114,121
"3663",8947,1,3659,1,112,113,119
"3664",9328,1,11948,1,107,109,116
"3665",9375,1,12583,1,112,113,119
"3666",9519,1,6535,1,109,111,118
"3667",9769,1,1975,1,108,110,115
"3668",9947,1,546,1,108,111,115
"3669",9952,1,6608,1,107,109,115
"3670",10310,1,12625,1,110,112,118
"3671",10427,1,4059,1,111,112,116
"3672",10539,1,11443,1,112,114,118
"3673",10680,1,332,1,109,112,117
"3674",10768,1,7921,1,110,113,121
"3675",10792,1,2759,1,110,111,116
"3676",10886,1,2921,1,110,112,120
"3677",11350,1,11179,1,107,111,118
"3678",11623,1,13717,1,113,114,119
"3679",11853,1,10720,1,109,111,116
"3680",12047,1,1163,1,110,112,116
"3681",12148,1,5587,1,110,112,118
"3682",12215,1,4905,1,108,110,115
"3683",12377,1,4372,1,111,114,122
"3684",12479,1,9015,1,111,113,118
"3685",12491,1,4713,1,108,113,118
"3686",12583,1,1799,1,107,110,115
"3687",12640,1,8574,1,108,111,115
"3688",12775,1,7702,1,109,111,117
"3689",12844,1,4976,1,112,114,118
"3690",12953,1,2798,1,111,113,117
"3691",13315,1,8631,1,106,109,115
"3692",13493,1,11122,1,110,112,116
"3693",13494,1,6273,1,110,113,117
"3694",13517,1,12842,1,108,110,117
"3695",13689,1,3659,1,111,113,119
"3696",13900,1,8070,1,108,109,115
"3697",93,1,4992,1,110,112,117
"3698",372,1,11650,1,106,109,117
"3699",419,1,6456,1,113,114,119
"3700",1083,1,8820,1,110,112,118
"3701",1348,1,13599,1,108,111,117
"3702",1533,1,4204,1,108,111,116
"3703",1920,1,11913,1,111,113,120
"3704",2851,1,1245,1,107,109,116
"3705",2856,1,7072,1,110,112,118
"3706",3033,1,6806,1,107,109,116
"3707",3046,1,79,1,107,108,116
"3708",3080,1,11884,1,110,112,117
"3709",3081,1,8820,1,111,112,117
"3710",3319,1,10552,1,112,114,120
"3711",3417,1,9585,1,108,110,116
"3712",3494,1,5923,1,114,115,120
"3713",3811,1,10709,1,110,111,117
"3714",4258,1,6553,1,113,115,121
"3715",4520,1,4216,1,109,113,120
"3716",4663,1,817,1,111,112,118
"3717",5029,1,13599,1,110,112,118
"3718",5149,1,9585,1,107,110,117
"3719",5159,1,1163,1,111,114,120
"3720",5450,1,12215,1,111,113,119
"3721",5452,1,13670,1,113,115,123
"3722",5496,1,8814,1,114,115,119
"3723",5511,1,3897,1,111,114,119
"3724",5645,1,10972,1,108,112,117
"3725",5792,1,2313,1,111,112,118
"3726",5923,1,9251,1,111,113,119
"3727",6184,1,5818,1,109,111,116
"3728",6269,1,12914,1,111,113,117
"3729",6368,1,4082,1,112,113,118
"3730",6508,1,1844,1,111,114,118
"3731",6611,1,9474,1,108,110,117
"3732",6915,1,11447,1,108,110,116
"3733",6920,1,5401,1,109,110,116
"3734",7078,1,11367,1,112,114,120
"3735",7120,1,13239,1,111,112,118
"3736",7150,1,3322,1,108,110,117
"3737",7498,1,1628,1,108,111,116
"3738",7596,1,10345,1,108,112,116
"3739",8002,1,5445,1,112,115,120
"3740",8004,1,1257,1,111,113,119
"3741",8043,1,397,1,114,115,119
"3742",8694,1,11473,1,114,115,121
"3743",8741,1,2266,1,110,112,116
"3744",8884,1,8420,1,108,111,116
"3745",9324,1,214,1,113,114,120
"3746",9350,1,1398,1,111,114,119
"3747",9479,1,12218,1,112,114,119
"3748",9791,1,4364,1,109,113,119
"3749",10122,1,11122,1,109,112,118
"3750",10217,1,8274,1,109,111,116
"3751",10392,1,2313,1,112,114,119
"3752",10456,1,9395,1,111,113,120
"3753",10666,1,11695,1,110,114,120
"3754",11389,1,7908,1,110,112,116
"3755",11518,1,9375,1,114,115,120
"3756",11870,1,9251,1,112,114,119
"3757",12013,1,7921,1,112,113,116
"3758",12036,1,6456,1,114,115,121
"3759",12273,1,3633,1,110,112,117
"3760",13000,1,5350,1,111,112,117
"3761",13189,1,2614,1,113,114,119
"3762",13201,1,9474,1,110,111,117
"3763",13239,1,9097,1,107,110,118
"3764",13972,1,10709,1,112,115,122
"3765",14149,1,6926,1,114,115,121
"3766",69,1,2340,1,111,113,117
"3767",178,1,3804,1,111,113,119
"3768",359,1,10427,1,113,116,121
"3769",441,1,10923,1,114,115,120
"3770",795,1,613,1,113,115,121
"3771",815,1,2172,1,112,113,118
"3772",826,1,6345,1,112,113,119
"3773",879,1,4896,1,115,116,123
"3774",973,1,10552,1,111,113,118
"3775",1189,1,4896,1,114,116,122
"3776",1201,1,10569,1,110,112,118
"3777",1332,1,10448,1,113,116,122
"3778",1678,1,3046,1,110,112,118
"3779",2020,1,9884,1,108,111,117
"3780",2052,1,13863,1,111,113,117
"3781",2460,1,12534,1,108,112,119
"3782",2590,1,1257,1,111,112,117
"3783",2604,1,4059,1,111,113,117
"3784",3696,1,4059,1,111,112,117
"3785",4211,1,8591,1,112,116,121
"3786",4367,1,2856,1,113,114,120
"3787",4784,1,2003,1,112,114,120
"3788",4893,1,2989,1,115,116,120
"3789",4971,1,10923,1,114,116,120
"3790",5110,1,4520,1,115,116,121
"3791",5193,1,4895,1,113,114,119
"3792",5279,1,5743,1,112,115,121
"3793",5493,1,6450,1,113,114,119
"3794",5529,1,12337,1,114,116,120
"3795",5567,1,9490,1,112,113,119
"3796",5942,1,5888,1,110,112,119
"3797",6536,1,1083,1,113,115,121
"3798",6613,1,5942,1,113,115,120
"3799",6642,1,2313,1,113,116,122
"3800",7054,1,11853,1,112,114,119
"3801",7192,1,11080,1,114,115,119
"3802",7359,1,3696,1,113,114,120
"3803",7428,1,8884,1,112,113,119
"3804",7717,1,6032,1,112,114,118
"3805",7719,1,3319,1,115,116,121
"3806",8833,1,5331,1,114,116,122
"3807",9376,1,13335,1,108,111,117
"3808",10330,1,973,1,115,116,122
"3809",10448,1,12338,1,109,111,118
"3810",10661,1,3343,1,113,116,120
"3811",10997,1,4600,1,111,113,117
"3812",11080,1,2908,1,112,113,119
"3813",11205,1,4663,1,113,115,120
"3814",11330,1,9253,1,113,114,119
"3815",11379,1,13900,1,111,112,117
"3816",11473,1,11650,1,109,112,117
"3817",11594,1,6456,1,113,115,120
"3818",11894,1,3167,1,113,114,120
"3819",12178,1,5350,1,112,114,120
"3820",12391,1,11606,1,109,111,117
"3821",12554,1,5511,1,115,116,122
"3822",12580,1,12196,1,110,111,118
"3823",12588,1,6436,1,110,112,118
"3824",12679,1,8777,1,111,114,119
"3825",12706,1,9884,1,108,111,118
"3826",12772,1,10972,1,108,112,118
"3827",12948,1,8076,1,113,116,122
"3828",13224,1,10094,1,113,115,120
"3829",13234,1,2072,1,112,115,121
"3830",13250,1,4065,1,108,111,117
"3831",13259,1,7769,1,114,116,123
"3832",13520,1,4943,1,114,116,120
"3833",13621,1,7054,1,115,116,120
"3834",14058,1,8777,1,111,114,119
"3835",1308,1,4510,1,110,112,119
"3836",1815,1,12057,1,115,116,122
"3837",2823,1,8477,1,114,116,121
"3838",2838,1,9376,1,112,113,118
"3839",2909,1,9646,1,109,111,118
"3840",3068,1,13814,1,111,113,119
"3841",3112,1,9938,1,115,117,122
"3842",3253,1,2838,1,114,116,122
"3843",3268,1,8179,1,112,115,119
"3844",3449,1,1844,1,114,116,120
"3845",3491,1,10092,1,110,113,118
"3846",3591,1,2973,1,108,112,118
"3847",4046,1,3897,1,109,112,118
"3848",4562,1,7269,1,110,112,118
"3849",4783,1,5445,1,112,114,120
"3850",4960,1,4367,1,115,117,121
"3851",5141,1,11558,1,113,117,122
"3852",5188,1,2172,1,113,115,121
"3853",5682,1,10804,1,112,113,120
"3854",5756,1,13071,1,112,113,118
"3855",6462,1,7847,1,114,117,121
"3856",6553,1,5477,1,111,113,118
"3857",6607,1,893,1,114,117,122
"3858",7099,1,817,1,109,113,118
"3859",7160,1,274,1,115,117,123
"3860",7769,1,7467,1,111,113,120
"3861",7882,1,13844,1,114,115,121
"3862",8188,1,12706,1,111,113,119
"3863",8252,1,13239,1,112,114,120
"3864",8310,1,13493,1,113,115,119
"3865",8356,1,3679,1,115,116,121
"3866",8849,1,3966,1,113,115,120
"3867",9602,1,1398,1,111,115,121
"3868",10205,1,5710,1,111,114,119
"3869",10589,1,5331,1,113,115,120
"3870",10809,1,13145,1,115,116,121
"3871",10913,1,2798,1,113,114,119
"3872",11189,1,9947,1,112,114,118
"3873",11325,1,519,1,110,112,118
"3874",11410,1,12679,1,115,116,121
"3875",11686,1,13599,1,110,113,118
"3876",11970,1,7099,1,115,117,120
"3877",12221,1,3313,1,115,116,120
"3878",12250,1,11122,1,112,114,118
"3879",12337,1,1348,1,111,113,118
"3880",13045,1,11558,1,112,114,118
"3881",13461,1,2542,1,114,116,121
"3882",13717,1,4510,1,110,112,118
"3883",13841,1,8477,1,112,114,118
"3884",85,1,9664,1,111,113,119
"3885",275,1,5682,1,116,117,122
"3886",398,1,7140,1,117,118,122
"3887",484,1,7704,1,114,116,121
"3888",623,1,9479,1,116,117,123
"3889",684,1,8004,1,114,116,121
"3890",701,1,4044,1,116,118,123
"3891",797,1,1450,1,115,116,121
"3892",941,1,4600,1,112,114,119
"3893",1571,1,199,1,117,118,124
"3894",2024,1,12479,1,115,117,123
"3895",2160,1,359,1,117,118,123
"3896",2230,1,8591,1,113,114,120
"3897",2410,1,2139,1,115,117,124
"3898",2761,1,2974,1,113,116,119
"3899",2788,1,4374,1,115,117,122
"3900",3364,1,9947,1,114,115,121
"3901",3412,1,11870,1,114,115,122
"3902",3603,1,12215,1,112,113,120
"3903",3778,1,12679,1,115,117,123
"3904",3933,1,3591,1,115,117,121
"3905",4117,1,105,1,113,114,120
"3906",4493,1,7260,1,115,116,121
"3907",4540,1,11284,1,113,115,120
"3908",4605,1,12588,1,112,114,119
"3909",4811,1,13689,1,113,116,121
"3910",4833,1,8504,1,112,116,121
"3911",4939,1,12588,1,113,115,120
"3912",5022,1,7099,1,114,115,121
"3913",5508,1,7847,1,113,115,120
"3914",5898,1,12826,1,112,115,120
"3915",6020,1,93,1,115,117,121
"3916",6233,1,9286,1,112,113,119
"3917",6414,1,3332,1,113,116,121
"3918",6487,1,11443,1,112,113,120
"3919",6568,1,5743,1,112,114,119
"3920",6891,1,13189,1,115,116,120
"3921",7019,1,11671,1,113,114,119
"3922",7034,1,12509,1,115,118,124
"3923",7140,1,10205,1,115,116,122
"3924",7682,1,14149,1,115,116,120
"3925",8646,1,11518,1,116,117,123
"3926",8678,1,12221,1,117,118,125
"3927",8740,1,9237,1,114,117,122
"3928",9504,1,12583,1,111,112,120
"3929",9537,1,12914,1,112,116,121
"3930",9968,1,5350,1,112,114,122
"3931",10136,1,4110,1,113,117,124
"3932",10475,1,3491,1,114,116,120
"3933",10559,1,3343,1,115,116,123
"3934",10920,1,9685,1,112,114,119
"3935",11012,1,7796,1,113,115,121
"3936",11140,1,11632,1,115,116,122
"3937",11484,1,4939,1,116,118,123
"3938",11577,1,10997,1,115,117,122
"3939",11926,1,5792,1,113,115,119
"3940",12057,1,5942,1,113,114,119
"3941",12150,1,7757,1,112,114,120
"3942",12615,1,11350,1,114,117,123
"3943",12711,1,1201,1,114,115,120
"3944",13127,1,2856,1,113,116,121
"3945",13186,1,11205,1,116,118,125
"3946",13240,1,6314,1,116,117,123
"3947",13273,1,2460,1,114,116,123
"3948",13589,1,893,1,114,116,121
"3949",13672,1,5111,1,115,118,123
"3950",13984,1,5567,1,115,116,121
"3951",14041,1,11389,1,113,115,120
"3952",14184,1,10096,1,108,110,119
"3953",199,1,2460,1,114,115,121
"3954",682,1,13733,1,117,118,125
"3955",850,1,2633,1,115,117,122
"3956",878,1,8685,1,117,119,124
"3957",1396,1,10666,1,114,116,121
"3958",1442,1,3441,1,117,118,125
"3959",1486,1,10026,1,117,118,125
"3960",1964,1,7719,1,117,119,125
"3961",2197,1,8741,1,113,116,120
"3962",2534,1,6314,1,117,118,122
"3963",2626,1,12057,1,116,119,123
"3964",2633,1,12606,1,111,114,120
"3965",2767,1,13494,1,114,116,122
"3966",3313,1,2590,1,114,115,121
"3967",3437,1,9230,1,117,118,122
"3968",3492,1,5511,1,114,115,121
"3969",3589,1,3636,1,112,114,120
"3970",3759,1,8099,1,113,116,122
"3971",4044,1,13717,1,113,115,120
"3972",4052,1,11189,1,116,118,123
"3973",4148,1,12844,1,116,118,123
"3974",4497,1,7389,1,113,114,120
"3975",4545,1,12150,1,116,118,124
"3976",5003,1,419,1,115,117,123
"3977",5416,1,12260,1,117,119,123
"3978",5472,1,9237,1,116,119,125
"3979",5698,1,11686,1,114,116,122
"3980",6314,1,2003,1,113,115,120
"3981",6375,1,4117,1,115,116,124
"3982",6560,1,684,1,117,119,124
"3983",6631,1,13576,1,113,117,122
"3984",6670,1,2633,1,115,118,123
"3985",6725,1,13844,1,113,115,121
"3986",6925,1,2552,1,112,115,121
"3987",6960,1,12491,1,115,116,123
"3988",7162,1,4030,1,117,118,123
"3989",7260,1,12831,1,112,114,121
"3990",7810,1,8004,1,115,116,121
"3991",8139,1,7428,1,115,116,121
"3992",8308,1,12273,1,115,117,123
"3993",8602,1,3020,1,114,117,122
"3994",8619,1,9968,1,114,115,121
"3995",8647,1,6508,1,116,117,124
"3996",8685,1,5756,1,115,116,122
"3997",8960,1,11325,1,113,115,122
"3998",9099,1,7243,1,115,116,121
"3999",9149,1,10205,1,116,117,121
"4000",9230,1,6233,1,114,115,120
"4001",9282,1,14072,1,116,119,124
"4002",9450,1,8499,1,110,113,120
"4003",9621,1,373,1,114,116,122
"4004",10026,1,7704,1,114,116,123
"4005",10391,1,1566,1,118,119,125
"4006",10466,1,8099,1,113,118,123
"4007",10675,1,1493,1,114,116,121
"4008",10941,1,2364,1,114,115,120
"4009",11312,1,10840,1,113,115,120
"4010",11328,1,6926,1,113,115,120
"4011",12098,1,9938,1,115,117,121
"4012",12260,1,6456,1,114,116,122
"4013",12305,1,12831,1,113,115,121
"4014",12422,1,10920,1,115,118,121
"4015",12641,1,13145,1,116,119,124
"4016",12804,1,13972,1,117,119,125
"4017",12805,1,12305,1,117,119,124
"4018",13145,1,5645,1,113,114,121
"4019",13415,1,12250,1,115,117,123
"4020",13523,1,4961,1,112,114,122
"4021",13733,1,5445,1,112,116,123
"4022",13829,1,7847,1,114,116,120
"4023",14072,1,1467,1,113,115,120
"4024",108,1,9099,1,117,119,124
"4025",114,1,441,1,117,118,122
"4026",483,1,11738,1,117,118,123
"4027",742,1,1571,1,119,120,124
"4028",748,1,7120,1,113,116,121
"4029",771,1,10427,1,113,118,124
"4030",999,1,11623,1,115,117,122
"4031",1095,1,12296,1,110,114,121
"4032",1186,1,11484,1,119,120,127
"4033",1354,1,11905,1,118,119,124
"4034",1438,1,5756,1,114,116,122
"4035",1566,1,6920,1,111,115,121
"4036",1589,1,1189,1,117,119,125
"4037",2114,1,12036,1,116,117,122
"4038",2226,1,1332,1,117,119,126
"4039",2254,1,10886,1,113,116,123
"4040",2624,1,7769,1,114,117,122
"4041",2888,1,3253,1,117,119,123
"4042",3020,1,1348,1,112,113,121
"4043",3344,1,7551,1,117,120,125
"4044",3752,1,2604,1,115,117,122
"4045",4030,1,12913,1,113,115,121
"4046",4212,1,7192,1,115,116,122
"4047",4240,1,13000,1,113,116,122
"4048",4290,1,2951,1,116,118,123
"4049",4319,1,4977,1,118,120,127
"4050",4551,1,3412,1,116,117,123
"4051",4753,1,10923,1,115,118,124
"4052",4977,1,6032,1,111,116,121
"4053",5191,1,10809,1,117,118,125
"4054",5251,1,6298,1,118,119,125
"4055",5270,1,13844,1,113,116,121
"4056",5382,1,5279,1,116,118,122
"4057",5828,1,4046,1,114,116,121
"4058",6082,1,3491,1,113,116,122
"4059",6635,1,7120,1,113,116,121
"4060",6741,1,613,1,113,114,121
"4061",6774,1,5270,1,118,119,123
"4062",7551,1,11379,1,113,116,125
"4063",7656,1,3752,1,119,120,125
"4064",7907,1,878,1,119,120,126
"4065",8208,1,8308,1,118,120,126
"4066",8481,1,69,1,115,117,124
"4067",8544,1,10136,1,118,120,125
"4068",8604,1,4493,1,117,118,123
"4069",8753,1,9383,1,117,119,126
"4070",9180,1,8394,1,118,120,126
"4071",9399,1,12196,1,113,116,121
"4072",9817,1,1354,1,119,120,124
"4073",10005,1,9230,1,116,117,121
"4074",10245,1,4493,1,117,119,123
"4075",10268,1,5567,1,114,118,124
"4076",10576,1,6884,1,116,118,122
"4077",10738,1,6233,1,114,117,124
"4078",11007,1,11905,1,118,119,124
"4079",11038,1,7717,1,115,116,121
"4080",11082,1,748,1,117,119,124
"4081",11127,1,2024,1,118,120,123
"4082",11222,1,4862,1,118,120,124
"4083",11662,1,2767,1,117,119,126
"4084",11700,1,6368,1,115,118,122
"4085",11807,1,12479,1,115,117,121
"4086",11972,1,5508,1,116,118,126
"4087",12317,1,4110,1,114,116,121
"4088",12637,1,1438,1,117,118,124
"4089",12651,1,8043,1,117,119,127
"4090",12771,1,14149,1,115,117,123
"4091",12827,1,5923,1,114,118,124
"4092",12922,1,373,1,114,116,121
"4093",13080,1,12377,1,116,117,124
"4094",13642,1,5698,1,117,118,125
"4095",13757,1,3268,1,118,120,124
"4096",81,1,4960,1,118,120,127
"4097",432,1,5251,1,120,121,127
"4098",982,1,5141,1,118,119,125
"4099",1122,1,10026,1,116,119,125
"4100",1431,1,1486,1,119,121,127
"4101",1758,1,1571,1,119,121,126
"4102",1836,1,4258,1,116,117,122
"4103",2360,1,12554,1,118,120,125
"4104",2439,1,1486,1,118,120,127
"4105",2951,1,10122,1,114,115,122
"4106",3441,1,11080,1,116,117,124
"4107",3734,1,11325,1,115,116,123
"4108",3749,1,13672,1,120,121,124
"4109",3908,1,4977,1,117,121,127
"4110",4369,1,9817,1,120,121,125
"4111",4565,1,8753,1,119,120,126
"4112",4727,1,9968,1,116,118,125
"4113",5074,1,12221,1,117,120,125
"4114",5356,1,12509,1,115,118,124
"4115",5512,1,11330,1,115,117,123
"4116",6057,1,2826,1,115,117,122
"4117",6298,1,4783,1,115,117,122
"4118",6530,1,11473,1,114,116,122
"4119",6884,1,2248,1,114,115,122
"4120",6910,1,12479,1,116,118,123
"4121",7458,1,10559,1,117,118,122
"4122",7588,1,4258,1,116,117,123
"4123",8123,1,11328,1,115,120,126
"4124",8127,1,4971,1,118,120,126
"4125",8207,1,4211,1,117,118,125
"4126",8394,1,10456,1,115,117,122
"4127",8463,1,5839,1,120,121,129
"4128",8488,1,6414,1,119,121,128
"4129",8962,1,13947,1,120,121,126
"4130",9086,1,10920,1,115,118,123
"4131",9188,1,8043,1,116,118,123
"4132",9307,1,12260,1,116,117,122
"4133",9341,1,6508,1,116,117,122
"4134",9423,1,5022,1,117,119,125
"4135",9424,1,12711,1,116,120,125
"4136",9857,1,13520,1,117,119,124
"4137",9929,1,419,1,117,118,125
"4138",9992,1,3080,1,113,116,122
"4139",10027,1,8043,1,117,119,125
"4140",10033,1,11700,1,119,120,124
"4141",10954,1,5356,1,118,119,125
"4142",11536,1,682,1,119,120,126
"4143",11738,1,12337,1,114,116,122
"4144",12027,1,10559,1,119,120,126
"4145",12630,1,12948,1,119,121,126
"4146",12839,1,2239,1,118,120,126
"4147",13397,1,3492,1,118,120,125
"4148",13947,1,2254,1,118,119,125
"4149",14038,1,10804,1,114,115,122
"4150",380,1,12679,1,116,117,123
"4151",822,1,10954,1,121,122,127
"4152",930,1,14041,1,115,117,123
"4153",1262,1,14052,1,121,122,128
"4154",1666,1,7866,1,121,122,127
"4155",1691,1,9938,1,115,118,123
"4156",1848,1,7588,1,119,121,126
"4157",2058,1,3412,1,117,118,123
"4158",2189,1,1691,1,119,122,126
"4159",2294,1,4148,1,120,121,128
"4160",2406,1,11330,1,117,121,126
"4161",2763,1,3412,1,116,119,124
"4162",2821,1,275,1,119,121,126
"4163",3936,1,10675,1,118,120,125
"4164",3969,1,10913,1,116,118,123
"4165",4729,1,2322,1,118,119,125
"4166",4732,1,2529,1,116,119,123
"4167",4751,1,12827,1,119,121,126
"4168",4822,1,10539,1,116,117,126
"4169",4862,1,5159,1,116,117,123
"4170",5094,1,10466,1,119,121,126
"4171",5215,1,7192,1,117,120,124
"4172",5514,1,6530,1,117,119,123
"4173",5605,1,9537,1,119,121,127
"4174",5839,1,5828,1,118,119,124
"4175",5883,1,11484,1,118,120,125
"4176",5993,1,7834,1,121,122,127
"4177",6286,1,12771,1,118,119,124
"4178",6449,1,11700,1,118,120,126
"4179",6565,1,1486,1,119,122,127
"4180",7184,1,6375,1,118,120,127
"4181",7211,1,866,1,113,116,124
"4182",7350,1,10666,1,115,118,124
"4183",7710,1,4374,1,115,118,123
"4184",7728,1,11146,1,119,120,123
"4185",7779,1,14058,1,116,119,124
"4186",7834,1,2951,1,117,120,123
"4187",7866,1,7211,1,117,120,126
"4188",7992,1,14058,1,116,117,123
"4189",8039,1,7458,1,119,120,124
"4190",8299,1,2767,1,118,120,124
"4191",8551,1,7034,1,118,120,125
"4192",9005,1,4110,1,115,117,123
"4193",9235,1,12595,1,120,121,125
"4194",9383,1,3492,1,116,117,123
"4195",9491,1,2239,1,120,122,127
"4196",9779,1,2888,1,120,121,126
"4197",9888,1,6925,1,116,119,124
"4198",10105,1,10738,1,119,120,124
"4199",10182,1,11312,1,117,120,127
"4200",10603,1,4971,1,117,120,125
"4201",10706,1,13240,1,119,122,126
"4202",10826,1,4493,1,117,120,124
"4203",11088,1,8647,1,119,121,127
"4204",11182,1,11473,1,116,117,123
"4205",11204,1,5828,1,117,120,125
"4206",11627,1,11662,1,120,122,128
"4207",11905,1,10913,1,115,117,123
"4208",11939,1,380,1,119,121,127
"4209",12415,1,13234,1,117,118,125
"4210",12595,1,10136,1,118,119,124
"4211",12779,1,6020,1,119,120,126
"4212",13129,1,12509,1,116,118,123
"4213",13161,1,9230,1,115,116,124
"4214",13354,1,10466,1,119,120,127
"4215",13386,1,878,1,120,122,127
"4216",14160,1,10245,1,121,122,127
"4217",29,1,9383,1,118,119,124
"4218",470,1,14149,1,117,120,125
"4219",757,1,6298,1,118,119,125
"4220",907,1,8915,1,119,120,126
"4221",977,1,5508,1,117,120,125
"4222",1092,1,2322,1,118,120,125
"4223",1297,1,2226,1,121,123,128
"4224",1883,1,5508,1,116,120,124
"4225",1957,1,5356,1,120,122,124
"4226",1960,1,3274,1,120,121,128
"4227",2239,1,8662,1,113,117,124
"4228",2322,1,11518,1,116,117,124
"4229",2395,1,484,1,118,122,126
"4230",2413,1,2624,1,118,120,126
"4231",2636,1,2360,1,121,123,129
"4232",2776,1,701,1,120,122,129
"4233",3548,1,4211,1,117,119,126
"4234",3703,1,13127,1,118,119,124
"4235",4192,1,12337,1,115,117,124
"4236",4636,1,9888,1,121,123,127
"4237",5220,1,5382,1,120,121,125
"4238",5649,1,3778,1,118,121,126
"4239",6231,1,11204,1,121,122,127
"4240",7408,1,10809,1,117,120,124
"4241",7591,1,8849,1,117,119,124
"4242",7601,1,1438,1,118,120,128
"4243",7761,1,398,1,121,123,127
"4244",7887,1,13415,1,117,119,125
"4245",8033,1,8604,1,121,123,130
"4246",8235,1,907,1,121,122,125
"4247",8402,1,3603,1,117,122,126
"4248",8582,1,5452,1,117,120,126
"4249",8708,1,8678,1,119,120,124
"4250",9163,1,10776,1,120,122,126
"4251",9522,1,771,1,120,122,127
"4252",9524,1,1566,1,116,119,124
"4253",9832,1,8271,1,121,122,126
"4254",10224,1,114,1,119,120,127
"4255",10776,1,7192,1,115,117,124
"4256",10788,1,11970,1,118,120,125
"4257",11146,1,10392,1,116,118,124
"4258",11235,1,11577,1,120,121,126
"4259",11253,1,4822,1,117,120,126
"4260",11399,1,3313,1,116,117,124
"4261",11697,1,483,1,120,122,126
"4262",11827,1,2604,1,115,117,125
"4263",11950,1,4784,1,116,117,125
"4264",12658,1,8299,1,121,123,127
"4265",12683,1,4729,1,120,121,125
"4266",12861,1,2626,1,120,121,126
"4267",13346,1,5452,1,116,119,124
"4268",13580,1,5270,1,117,119,124
"4269",13619,1,12637,1,120,122,126
"4270",13639,1,4727,1,119,120,126
"4271",13762,1,815,1,115,119,127
"4272",833,1,4732,1,120,123,129
"4273",1142,1,10466,1,119,122,127
"4274",1792,1,3936,1,121,122,128
"4275",2045,1,4052,1,119,120,126
"4276",2181,1,9005,1,118,120,125
"4277",2612,1,10391,1,119,121,127
"4278",2959,1,10948,1,123,124,130
"4279",3273,1,8753,1,121,122,130
"4280",3518,1,754,1,122,124,130
"4281",3529,1,3437,1,120,121,127
"4282",3580,1,5416,1,120,121,125
"4283",3651,1,4833,1,117,120,125
"4284",3815,1,6539,1,122,123,129
"4285",3837,1,1691,1,118,120,126
"4286",3980,1,3506,1,122,123,128
"4287",4517,1,3506,1,122,124,129
"4288",4606,1,2058,1,120,121,127
"4289",4711,1,5796,1,120,121,126
"4290",5293,1,623,1,118,119,126
"4291",5374,1,13386,1,122,124,129
"4292",5796,1,4117,1,116,119,125
"4293",6176,1,3274,1,120,122,127
"4294",6539,1,11399,1,119,121,126
"4295",6704,1,10033,1,121,122,128
"4296",6756,1,398,1,119,120,126
"4297",6775,1,13642,1,119,122,128
"4298",7540,1,12902,1,122,124,130
"4299",8069,1,7779,1,121,123,128
"4300",8091,1,13672,1,118,121,128
"4301",8271,1,13829,1,119,120,126
"4302",8751,1,5356,1,119,120,126
"4303",8915,1,12679,1,115,117,125
"4304",9225,1,8139,1,117,118,125
"4305",9247,1,4212,1,117,120,125
"4306",9333,1,10391,1,121,122,127
"4307",9365,1,2534,1,120,121,128
"4308",9368,1,12415,1,119,121,125
"4309",9520,1,6685,1,122,123,128
"4310",9839,1,6298,1,119,120,126
"4311",10264,1,5839,1,120,121,128
"4312",10581,1,7728,1,121,123,129
"4313",10590,1,3908,1,123,124,129
"4314",10948,1,757,1,120,122,127
"4315",11138,1,757,1,119,123,128
"4316",11323,1,2058,1,119,122,128
"4317",12188,1,9423,1,121,122,127
"4318",12474,1,7260,1,117,122,129
"4319",12902,1,5452,1,118,121,126
"4320",13029,1,5279,1,117,120,125
"4321",13379,1,12027,1,120,121,126
"4322",13449,1,5898,1,117,121,127
"4323",13542,1,10224,1,121,123,127
"4324",13665,1,6530,1,121,122,126
"4325",14052,1,12221,1,117,120,125
"4326",14078,1,11662,1,120,123,129
"4327",14187,1,13145,1,115,118,125
"4328",290,1,7591,1,120,121,126
"4329",754,1,11328,1,116,121,126
"4330",848,1,3112,1,119,122,128
"4331",873,1,9235,1,123,124,129
"4332",989,1,1964,1,122,124,129
"4333",1269,1,6774,1,120,122,127
"4334",1285,1,8647,1,117,119,126
"4335",1491,1,9929,1,118,120,127
"4336",1610,1,1262,1,123,124,131
"4337",2081,1,1431,1,122,125,129
"4338",2272,1,2612,1,122,124,128
"4339",2435,1,12891,1,122,124,129
"4340",2515,1,6565,1,123,124,129
"4341",2570,1,3815,1,124,125,131
"4342",2670,1,10136,1,117,121,126
"4343",3074,1,6685,1,124,125,131
"4344",3237,1,2413,1,121,122,127
"4345",3506,1,1285,1,120,122,130
"4346",3682,1,9904,1,120,121,126
"4347",3717,1,1297,1,123,125,130
"4348",3816,1,2378,1,123,124,132
"4349",4502,1,1848,1,122,124,131
"4350",4544,1,3933,1,118,120,126
"4351",4778,1,12317,1,117,118,126
"4352",4951,1,8336,1,124,125,129
"4353",5773,1,7591,1,122,124,129
"4354",5834,1,12705,1,123,124,128
"4355",5992,1,11939,1,122,123,129
"4356",6012,1,2294,1,122,124,128
"4357",6634,1,11577,1,119,121,126
"4358",6685,1,8740,1,119,121,127
"4359",6693,1,2226,1,120,122,128
"4360",6726,1,2776,1,123,124,129
"4361",6754,1,13379,1,122,124,132
"4362",6832,1,12805,1,122,124,129
"4363",6887,1,108,1,120,121,126
"4364",6936,1,13449,1,123,124,130
"4365",7039,1,13186,1,120,121,126
"4366",7081,1,11204,1,121,123,128
"4367",7244,1,8208,1,121,123,128
"4368",7352,1,7810,1,117,120,126
"4369",7579,1,7211,1,121,123,126
"4370",8443,1,4778,1,120,122,126
"4371",8466,1,5529,1,117,121,127
"4372",9302,1,6050,1,123,125,130
"4373",9420,1,14045,1,123,124,130
"4374",9904,1,2226,1,119,120,126
"4375",10506,1,4290,1,120,122,128
"4376",10567,1,1442,1,119,120,127
"4377",11004,1,470,1,121,124,130
"4378",11034,1,5416,1,121,122,127
"4379",11055,1,3969,1,120,121,127
"4380",11301,1,9888,1,120,122,128
"4381",11341,1,29,1,121,124,128
"4382",11856,1,2197,1,119,122,127
"4383",12054,1,9282,1,120,122,127
"4384",12264,1,12839,1,121,124,128
"4385",12480,1,7162,1,120,123,130
"4386",12602,1,10225,1,124,125,130
"4387",12877,1,9399,1,118,120,126
"4388",12891,1,4778,1,119,121,128
"4389",13390,1,7496,1,124,125,131
"4390",13471,1,623,1,118,121,126
"4391",13765,1,12839,1,121,123,128
"4392",14062,1,8402,1,123,124,131
"4393",12,1,6704,1,123,125,131
"4394",190,1,5074,1,121,123,128
"4395",1045,1,9333,1,123,125,132
"4396",1154,1,13231,1,124,126,131
"4397",1371,1,13449,1,123,125,130
"4398",1528,1,7184,1,121,123,129
"4399",1721,1,11253,1,122,124,132
"4400",2018,1,9247,1,122,125,131
"4401",2336,1,1721,1,125,126,135
"4402",2378,1,10776,1,118,121,127
"4403",2420,1,12922,1,118,123,127
"4404",2580,1,2322,1,120,122,127
"4405",3274,1,2767,1,117,119,127
"4406",3685,1,10948,1,123,124,129
"4407",3845,1,13639,1,122,125,130
"4408",4143,1,10954,1,121,122,129
"4409",4677,1,12474,1,123,126,131
"4410",4740,1,7907,1,121,123,128
"4411",4985,1,4740,1,124,126,130
"4412",5241,1,2360,1,122,123,128
"4413",5752,1,12891,1,123,124,131
"4414",5981,1,6530,1,119,122,128
"4415",6050,1,8915,1,119,121,127
"4416",6351,1,290,1,124,125,131
"4417",6614,1,8678,1,121,123,129
"4418",6781,1,7551,1,119,122,128
"4419",7022,1,8602,1,118,121,127
"4420",7148,1,2395,1,124,126,131
"4421",7387,1,2626,1,122,124,129
"4422",7496,1,2024,1,120,123,130
"4423",7577,1,7540,1,125,126,131
"4424",7714,1,9180,1,121,123,130
"4425",7781,1,484,1,117,120,127
"4426",7919,1,3685,1,125,126,129
"4427",7978,1,8955,1,124,126,133
"4428",8430,1,8091,1,123,125,132
"4429",8547,1,9520,1,123,125,130
"4430",8689,1,6449,1,121,123,129
"4431",9425,1,1491,1,121,123,127
"4432",9570,1,12683,1,122,123,132
"4433",9668,1,12027,1,121,123,127
"4434",9869,1,2636,1,125,126,132
"4435",9923,1,10738,1,123,125,129
"4436",9944,1,8033,1,124,126,130
"4437",9957,1,5796,1,120,124,128
"4438",10304,1,3703,1,121,124,129
"4439",10342,1,2378,1,123,125,131
"4440",10507,1,3233,1,122,125,130
"4441",11005,1,9333,1,124,125,130
"4442",11129,1,11323,1,123,125,131
"4443",11667,1,14052,1,120,121,127
"4444",12647,1,3932,1,123,125,131
"4445",12705,1,6286,1,120,122,128
"4446",13252,1,4727,1,119,122,127
"4447",13887,1,6910,1,120,123,128
"4448",13967,1,2226,1,120,122,128
"4449",14045,1,3529,1,121,122,128
"4450",36,1,8091,1,122,124,128
"4451",170,1,9524,1,121,124,130
"4452",492,1,9365,1,122,124,129
"4453",495,1,6726,1,125,126,130
"4454",807,1,10264,1,123,124,130
"4455",818,1,5649,1,124,125,129
"4456",902,1,1960,1,123,124,130
"4457",1406,1,12595,1,121,125,129
"4458",1437,1,7496,1,124,127,133
"4459",1855,1,1528,1,124,126,130
"4460",2150,1,12474,1,123,125,129
"4461",2446,1,3233,1,123,125,131
"4462",2465,1,848,1,123,125,132
"4463",2765,1,6704,1,123,125,131
"4464",3233,1,5514,1,120,121,128
"4465",3316,1,6775,1,123,125,131
"4466",3932,1,8308,1,119,121,129
"4467",4463,1,12480,1,125,127,133
"4468",4653,1,13765,1,125,127,132
"4469",4671,1,754,1,123,126,132
"4470",4766,1,2189,1,123,124,129
"4471",6324,1,13967,1,124,127,132
"4472",6339,1,7081,1,124,125,131
"4473",6403,1,6231,1,123,126,133
"4474",6830,1,701,1,120,124,129
"4475",7058,1,5293,1,120,122,130
"4476",7312,1,3580,1,123,125,129
"4477",7434,1,10182,1,122,124,129
"4478",7901,1,9832,1,123,125,131
"4479",7994,1,10706,1,125,126,131
"4480",8336,1,10954,1,121,123,130
"4481",8624,1,6565,1,124,126,130
"4482",8625,1,11182,1,121,125,131
"4483",8713,1,6756,1,121,126,130
"4484",8955,1,10826,1,121,122,128
"4485",9269,1,6449,1,123,125,133
"4486",10148,1,2181,1,121,124,129
"4487",10225,1,1589,1,121,123,128
"4488",10335,1,848,1,123,125,129
"4489",10455,1,9661,1,123,126,130
"4490",10682,1,3682,1,123,127,132
"4491",10718,1,2763,1,123,125,130
"4492",10727,1,11007,1,120,124,130
"4493",10991,1,11856,1,124,126,129
"4494",11260,1,2406,1,123,125,133
"4495",11582,1,4052,1,120,122,128
"4496",11761,1,3969,1,119,124,129
"4497",12492,1,9522,1,124,126,133
"4498",12798,1,7184,1,124,126,133
"4499",12950,1,4711,1,124,127,134
"4500",13039,1,9570,1,126,127,132
"4501",13070,1,5834,1,125,127,131
"4502",13151,1,9904,1,120,121,128
"4503",13566,1,4636,1,124,126,131
"4504",226,1,9234,1,126,127,132
"4505",477,1,2788,1,118,123,129
"4506",769,1,989,1,126,127,132
"4507",1360,1,10727,1,126,128,133
"4508",1875,1,2150,1,126,128,133
"4509",2559,1,12647,1,126,127,132
"4510",2678,1,10590,1,125,128,134
"4511",2701,1,5993,1,124,126,131
"4512",2835,1,3506,1,123,125,130
"4513",3127,1,10590,1,126,128,136
"4514",3295,1,3816,1,124,126,130
"4515",3350,1,2446,1,127,128,134
"4516",3352,1,7184,1,121,124,130
"4517",3610,1,12264,1,125,126,132
"4518",3697,1,3233,1,123,126,132
"4519",4129,1,12877,1,122,124,129
"4520",4352,1,10027,1,121,125,133
"4521",5578,1,13542,1,124,126,131
"4522",5874,1,13619,1,123,125,129
"4523",6657,1,5834,1,126,128,134
"4524",7159,1,7058,1,123,126,130
"4525",8152,1,8646,1,120,123,129
"4526",8183,1,81,1,125,126,131
"4527",8321,1,5241,1,124,126,132
"4528",9218,1,6565,1,123,125,129
"4529",9613,1,11138,1,125,127,132
"4530",9661,1,907,1,122,123,129
"4531",9753,1,8955,1,123,124,130
"4532",9891,1,2636,1,125,127,133
"4533",9954,1,3237,1,123,124,130
"4534",9974,1,11088,1,124,126,131
"4535",10422,1,8033,1,124,126,131
"4536",10472,1,11627,1,123,125,132
"4537",10798,1,3260,1,124,128,133
"4538",11163,1,5796,1,120,122,129
"4539",11648,1,10342,1,126,127,133
"4540",11909,1,4711,1,122,124,129
"4541",12397,1,11253,1,121,123,129
"4542",12901,1,3815,1,124,125,131
"4543",12932,1,3100,1,126,128,134
"4544",13042,1,3260,1,124,126,130
"4545",13214,1,12877,1,122,125,131
"4546",13231,1,9235,1,122,123,129
"4547",32,1,2959,1,125,126,130
"4548",64,1,1431,1,124,126,134
"4549",92,1,6634,1,123,126,131
"4550",229,1,3717,1,127,129,133
"4551",236,1,9832,1,124,126,130
"4552",789,1,2040,1,126,128,132
"4553",867,1,3350,1,128,129,135
"4554",910,1,4985,1,127,128,134
"4555",1020,1,9668,1,124,126,130
"4556",1358,1,10225,1,124,126,132
"4557",2040,1,1297,1,124,126,131
"4558",3100,1,13887,1,124,125,130
"4559",3260,1,13947,1,121,123,130
"4560",3368,1,10507,1,126,128,134
"4561",3423,1,10727,1,125,126,130
"4562",4328,1,6324,1,128,129,133
"4563",4403,1,2636,1,126,128,133
"4564",4419,1,7022,1,124,126,131
"4565",4808,1,11005,1,126,128,135
"4566",5165,1,11088,1,123,127,133
"4567",5938,1,9705,1,127,129,133
"4568",6117,1,5834,1,125,126,133
"4569",6168,1,12891,1,123,126,132
"4570",6318,1,1297,1,124,126,133
"4571",6352,1,5191,1,121,125,132
"4572",6479,1,9974,1,127,129,133
"4573",6640,1,6704,1,124,125,130
"4574",6818,1,9857,1,121,125,131
"4575",7731,1,13231,1,126,127,131
"4576",8008,1,8962,1,124,126,131
"4577",8527,1,12264,1,125,126,132
"4578",8626,1,7540,1,124,125,131
"4579",9234,1,11055,1,123,125,131
"4580",9306,1,2776,1,124,125,130
"4581",9530,1,12902,1,123,125,130
"4582",9673,1,1610,1,126,127,131
"4583",9705,1,1262,1,124,125,130
"4584",9767,1,9269,1,126,127,133
"4585",9883,1,13619,1,124,127,132
"4586",10183,1,7781,1,123,127,131
"4587",10600,1,13039,1,128,129,135
"4588",10802,1,11856,1,123,124,131
"4589",11085,1,10422,1,128,129,136
"4590",11174,1,3610,1,127,129,133
"4591",11195,1,1721,1,124,126,131
"4592",11539,1,9957,1,126,128,133
"4593",11687,1,6176,1,122,123,130
"4594",12291,1,1528,1,125,128,132
"4595",12541,1,9661,1,124,125,132
"4596",12618,1,14078,1,124,127,132
"4597",13230,1,3316,1,125,126,130
"4598",13538,1,2435,1,126,128,133
"4599",13750,1,9661,1,123,125,130
"4600",35,1,9515,1,125,129,134
"4601",115,1,5241,1,124,128,132
"4602",364,1,9957,1,127,129,134
"4603",689,1,3815,1,125,127,133
"4604",1007,1,6339,1,125,128,134
"4605",1349,1,8152,1,125,127,132
"4606",1370,1,8625,1,127,128,131
"4607",2053,1,822,1,123,125,131
"4608",2640,1,12861,1,122,127,132
"4609",2893,1,11687,1,124,125,131
"4610",2942,1,1122,1,121,124,131
"4611",3168,1,11667,1,123,125,131
"4612",3355,1,14160,1,123,125,131
"4613",3863,1,226,1,128,130,135
"4614",3907,1,10581,1,124,127,134
"4615",4283,1,12,1,126,127,132
"4616",4361,1,6832,1,125,127,133
"4617",5344,1,11155,1,128,129,135
"4618",6096,1,4502,1,126,129,135
"4619",6217,1,3100,1,126,127,132
"4620",6301,1,6936,1,126,128,134
"4621",6620,1,6339,1,126,127,132
"4622",7384,1,36,1,125,127,132
"4623",7645,1,10948,1,125,126,132
"4624",8085,1,12042,1,129,130,136
"4625",8222,1,8547,1,127,129,134
"4626",8419,1,9668,1,125,126,132
"4627",8815,1,10727,1,125,128,132
"4628",8918,1,2942,1,126,129,134
"4629",9158,1,6781,1,125,129,133
"4630",9515,1,7866,1,122,125,131
"4631",9579,1,9570,1,124,126,134
"4632",9731,1,3815,1,126,129,135
"4633",9793,1,236,1,128,130,135
"4634",10222,1,3233,1,122,125,131
"4635",10505,1,13501,1,127,129,135
"4636",10974,1,13765,1,124,125,131
"4637",10993,1,2636,1,126,128,134
"4638",11025,1,10225,1,124,126,133
"4639",12078,1,13070,1,129,130,134
"4640",13073,1,3273,1,125,128,135
"4641",13256,1,5074,1,124,126,132
"4642",13926,1,8427,1,128,130,137
"4643",14009,1,11909,1,126,129,135
"4644",14108,1,6832,1,126,129,135
"4645",444,1,3368,1,129,131,137
"4646",532,1,190,1,125,127,133
"4647",542,1,1360,1,129,131,135
"4648",595,1,470,1,121,125,133
"4649",1286,1,9891,1,129,131,136
"4650",1631,1,6318,1,127,129,134
"4651",2103,1,2465,1,126,127,133
"4652",2288,1,2765,1,127,129,134
"4653",2490,1,12,1,126,128,132
"4654",2522,1,7919,1,127,129,134
"4655",2809,1,6117,1,127,128,134
"4656",3219,1,12630,1,124,126,133
"4657",3371,1,438,1,130,131,135
"4658",3800,1,5945,1,127,129,135
"4659",3896,1,7978,1,127,130,138
"4660",4323,1,9673,1,127,128,134
"4661",4346,1,13230,1,127,129,134
"4662",4707,1,7901,1,127,129,134
"4663",4904,1,6936,1,126,127,132
"4664",5038,1,6403,1,129,130,135
"4665",5119,1,6217,1,128,129,136
"4666",5395,1,4283,1,128,131,137
"4667",5616,1,9988,1,129,130,135
"4668",5708,1,7826,1,129,131,137
"4669",5984,1,4403,1,128,130,134
"4670",6102,1,4904,1,128,130,136
"4671",6827,1,7731,1,130,131,136
"4672",7654,1,12902,1,122,125,132
"4673",7826,1,2435,1,126,128,133
"4674",7993,1,11025,1,127,128,133
"4675",8272,1,9988,1,128,131,137
"4676",8997,1,8815,1,129,131,136
"4677",9213,1,12932,1,129,130,137
"4678",9760,1,3585,1,129,130,136
"4679",9786,1,3352,1,127,129,134
"4680",9988,1,1142,1,124,127,132
"4681",11155,1,833,1,124,127,132
"4682",11413,1,4346,1,130,131,139
"4683",11684,1,8626,1,128,129,134
"4684",11824,1,4904,1,127,128,134
"4685",12042,1,6830,1,125,127,132
"4686",12938,1,5015,1,128,130,136
"4687",13026,1,1842,1,129,131,137
"4688",13118,1,818,1,126,127,135
"4689",13767,1,2150,1,126,128,132
"4690",14002,1,2942,1,127,129,133
"4691",643,1,10718,1,126,128,136
"4692",849,1,2435,1,126,128,134
"4693",998,1,10296,1,128,130,135
"4694",1035,1,11684,1,130,132,138
"4695",1260,1,5119,1,130,131,135
"4696",1850,1,7978,1,126,128,134
"4697",1912,1,2678,1,129,132,139
"4698",1948,1,7461,1,130,132,137
"4699",2582,1,9059,1,130,132,136
"4700",2742,1,9767,1,128,130,135
"4701",3444,1,10296,1,129,132,137
"4702",4034,1,182,1,130,131,135
"4703",4105,1,2490,1,128,130,137
"4704",4220,1,4653,1,128,131,137
"4705",4400,1,12938,1,130,132,137
"4706",4539,1,7731,1,130,132,137
"4707",5025,1,9302,1,127,129,136
"4708",5127,1,4361,1,128,129,133
"4709",5257,1,11687,1,124,126,134
"4710",5338,1,182,1,130,132,137
"4711",5945,1,3237,1,123,126,133
"4712",6243,1,12950,1,128,130,136
"4713",6645,1,236,1,128,129,134
"4714",6950,1,9760,1,130,132,138
"4715",7033,1,9269,1,127,128,134
"4716",7217,1,13039,1,129,130,134
"4717",7448,1,3717,1,126,130,134
"4718",7824,1,4517,1,128,131,137
"4719",7891,1,11687,1,124,127,133
"4720",8236,1,10335,1,126,127,133
"4721",8666,1,9213,1,130,132,137
"4722",9038,1,36,1,126,130,134
"4723",10248,1,1045,1,128,131,135
"4724",10545,1,9530,1,126,130,136
"4725",10797,1,12658,1,126,129,134
"4726",11471,1,9302,1,127,129,133
"4727",11610,1,2103,1,129,132,139
"4728",12152,1,7701,1,131,132,140
"4729",12366,1,2021,1,129,131,136
"4730",12629,1,4346,1,130,132,138
"4731",12875,1,1154,1,128,129,133
"4732",13243,1,10600,1,130,132,137
"4733",13501,1,9661,1,125,126,134
"4734",13602,1,2893,1,126,130,138
"4735",182,1,4463,1,127,129,136
"4736",438,1,7731,1,128,129,134
"4737",691,1,182,1,130,131,137
"4738",1188,1,8626,1,126,129,134
"4739",1194,1,10105,1,123,131,138
"4740",1209,1,36,1,126,128,137
"4741",1258,1,9786,1,130,132,137
"4742",1692,1,7461,1,131,132,135
"4743",1757,1,9579,1,127,130,135
"4744",1842,1,13566,1,127,129,134
"4745",2021,1,1528,1,125,128,134
"4746",2474,1,11004,1,126,128,134
"4747",2511,1,9520,1,125,129,134
"4748",2519,1,4985,1,127,132,137
"4749",3057,1,10507,1,129,131,136
"4750",3585,1,10991,1,126,128,135
"4751",3821,1,13039,1,128,131,136
"4752",4015,1,3907,1,128,130,135
"4753",4145,1,5257,1,127,129,134
"4754",4177,1,492,1,126,129,135
"4755",4309,1,2490,1,130,132,136
"4756",4373,1,6818,1,128,130,136
"4757",4549,1,12798,1,127,130,135
"4758",5015,1,8336,1,124,125,134
"4759",5070,1,2742,1,131,132,137
"4760",5304,1,8918,1,130,131,137
"4761",5371,1,9579,1,128,129,135
"4762",7461,1,4283,1,128,130,134
"4763",7696,1,4346,1,130,131,136
"4764",8062,1,5038,1,132,133,137
"4765",8232,1,6403,1,130,132,137
"4766",8410,1,1901,1,131,132,138
"4767",8427,1,11155,1,127,128,135
"4768",8478,1,8625,1,128,133,139
"4769",9059,1,1371,1,127,129,134
"4770",9087,1,11684,1,131,133,137
"4771",9242,1,2942,1,126,128,135
"4772",9315,1,11684,1,130,132,137
"4773",9749,1,2474,1,131,133,137
"4774",10296,1,13214,1,127,128,134
"4775",10307,1,12291,1,129,132,137
"4776",10521,1,9883,1,127,130,135
"4777",10549,1,5752,1,126,129,134
"4778",10901,1,2103,1,129,132,138
"4779",11412,1,5578,1,129,130,134
"4780",12102,1,8222,1,129,132,138
"4781",12263,1,4403,1,129,130,135
"4782",12298,1,4145,1,129,131,136
"4783",12561,1,1349,1,129,131,136
"4784",12836,1,13039,1,128,130,135
"4785",13060,1,12602,1,126,128,134
"4786",13661,1,595,1,126,127,136
"4787",311,1,11471,1,130,132,138
"4788",2997,1,4707,1,130,131,135
"4789",3169,1,8410,1,133,134,140
"4790",3735,1,5165,1,129,131,136
"4791",4307,1,6243,1,132,134,139
"4792",4340,1,3219,1,126,130,136
"4793",4568,1,7645,1,128,132,136
"4794",5185,1,6096,1,131,133,138
"4795",5243,1,6301,1,129,133,138
"4796",5490,1,1286,1,132,133,139
"4797",6207,1,1194,1,132,134,140
"4798",6957,1,3717,1,127,131,136
"4799",7701,1,2465,1,126,129,135
"4800",8417,1,5304,1,132,133,137
"4801",8949,1,3800,1,129,131,137
"4802",9223,1,6301,1,130,132,137
"4803",10013,1,3260,1,125,128,136
"4804",10090,1,11824,1,129,130,137
"4805",10129,1,7929,1,132,133,139
"4806",10295,1,10472,1,130,132,137
"4807",10501,1,3168,1,128,131,137
"4808",10861,1,4373,1,131,134,141
"4809",11173,1,12042,1,129,131,136
"4810",11423,1,12932,1,129,131,136
"4811",11551,1,6301,1,129,132,138
"4812",11737,1,1370,1,129,132,136
"4813",12105,1,8625,1,126,130,136
"4814",12171,1,10013,1,131,133,139
"4815",12860,1,10521,1,131,132,136
"4816",13090,1,2559,1,128,131,136
"4817",13308,1,11341,1,126,130,135
"4818",13569,1,7993,1,131,133,139
"4819",13819,1,11174,1,130,132,137
"4820",13991,1,9786,1,130,131,137
"4821",13995,1,9242,1,131,133,139
"4822",96,1,12860,1,133,135,139
"4823",202,1,8949,1,132,135,140
"4824",645,1,5025,1,132,134,140
"4825",1264,1,6173,1,134,135,140
"4826",1311,1,8427,1,129,131,138
"4827",1484,1,14108,1,131,132,137
"4828",1635,1,13926,1,132,134,139
"4829",1671,1,11684,1,130,132,139
"4830",1771,1,12618,1,129,131,138
"4831",2793,1,6096,1,130,132,138
"4832",2906,1,8949,1,132,133,139
"4833",3032,1,3371,1,132,133,136
"4834",3882,1,9760,1,131,134,140
"4835",4958,1,12078,1,131,133,136
"4836",5354,1,6301,1,128,132,137
"4837",5904,1,10600,1,129,132,138
"4838",6173,1,7445,1,131,133,137
"4839",6320,1,1842,1,131,134,139
"4840",6869,1,11471,1,130,132,136
"4841",7823,1,12078,1,131,133,139
"4842",7861,1,2522,1,129,131,137
"4843",7929,1,4015,1,130,132,138
"4844",8078,1,12618,1,129,133,141
"4845",8325,1,10521,1,131,132,138
"4846",8510,1,9242,1,130,131,139
"4847",9347,1,8478,1,134,135,140
"4848",9610,1,10521,1,132,133,139
"4849",9877,1,9302,1,127,130,138
"4850",9962,1,1631,1,131,134,139
"4851",10159,1,11824,1,130,132,138
"4852",10760,1,311,1,133,135,140
"4853",11270,1,4549,1,131,134,140
"4854",11816,1,12433,1,131,132,137
"4855",11942,1,11257,1,133,134,138
"4856",11945,1,9242,1,129,132,136
"4857",12009,1,11610,1,133,134,140
"4858",12433,1,13073,1,129,130,136
"4859",13418,1,7826,1,130,131,136
"4860",13657,1,3800,1,130,134,139
"4861",14054,1,13118,1,130,132,137
"4862",134,1,14009,1,130,132,137
"4863",573,1,7929,1,134,136,141
"4864",671,1,1194,1,132,135,140
"4865",793,1,4671,1,128,132,138
"4866",814,1,7283,1,133,134,139
"4867",1070,1,10901,1,133,135,142
"4868",1282,1,13090,1,133,135,140
"4869",1418,1,1199,1,135,136,140
"4870",1650,1,12263,1,132,134,139
"4871",1728,1,13995,1,134,136,141
"4872",1739,1,7461,1,131,133,137
"4873",1901,1,3350,1,129,131,137
"4874",2138,1,1194,1,133,134,141
"4875",2467,1,9731,1,131,132,138
"4876",2954,1,2522,1,129,133,137
"4877",3030,1,2522,1,131,132,139
"4878",3482,1,7993,1,129,132,138
"4879",3664,1,11737,1,133,136,142
"4880",3795,1,8085,1,130,134,138
"4881",4513,1,4373,1,132,135,140
"4882",4886,1,8417,1,134,136,140
"4883",4953,1,13243,1,133,135,140
"4884",5046,1,8666,1,134,136,142
"4885",5180,1,10307,1,133,135,141
"4886",5546,1,6827,1,133,135,141
"4887",5805,1,1370,1,130,132,137
"4888",5916,1,13090,1,132,135,140
"4889",6786,1,2809,1,130,133,137
"4890",7283,1,9786,1,130,133,138
"4891",7485,1,10260,1,134,136,140
"4892",7743,1,1903,1,134,136,141
"4893",7748,1,12472,1,135,136,142
"4894",7855,1,10545,1,130,134,138
"4895",8508,1,12938,1,132,134,141
"4896",8641,1,10260,1,134,136,142
"4897",8851,1,35,1,132,134,138
"4898",8865,1,1007,1,131,134,140
"4899",9046,1,8918,1,130,132,138
"4900",9098,1,12433,1,134,135,141
"4901",9101,1,6274,1,134,135,140
"4902",9421,1,10260,1,133,134,138
"4903",9674,1,115,1,129,132,138
"4904",9784,1,11684,1,131,134,139
"4905",9788,1,6324,1,130,131,137
"4906",10336,1,10600,1,130,131,137
"4907",10622,1,6217,1,129,132,137
"4908",11257,1,6168,1,127,131,137
"4909",11360,1,4677,1,127,132,137
"4910",11669,1,10159,1,133,135,143
"4911",11781,1,12366,1,134,136,142
"4912",11796,1,8666,1,133,134,139
"4913",11799,1,13308,1,130,132,137
"4914",12109,1,7891,1,130,133,138
"4915",12463,1,4549,1,132,133,138
"4916",12472,1,3371,1,133,135,142
"4917",12612,1,10090,1,131,133,140
"4918",12653,1,4105,1,131,133,137
"4919",12695,1,9883,1,128,131,137
"4920",13968,1,1631,1,131,135,140
"4921",14087,1,4549,1,131,133,140
"4922",400,1,1260,1,133,135,139
"4923",1096,1,13308,1,133,136,141
"4924",1193,1,4403,1,130,136,140
"4925",1199,1,3127,1,131,134,139
"4926",1298,1,8949,1,132,135,139
"4927",1525,1,13767,1,131,133,138
"4928",1718,1,10798,1,130,134,138
"4929",1733,1,12653,1,135,136,142
"4930",2304,1,3371,1,132,134,141
"4931",2558,1,542,1,133,135,140
"4932",2700,1,3816,1,129,131,138
"4933",3193,1,1948,1,133,135,141
"4934",3889,1,7033,1,130,132,138
"4935",4009,1,438,1,130,132,139
"4936",4222,1,8085,1,132,134,140
"4937",4679,1,12171,1,134,135,139
"4938",4688,1,1948,1,135,137,141
"4939",5002,1,12463,1,134,137,142
"4940",5228,1,13418,1,133,135,140
"4941",5584,1,1718,1,135,137,142
"4942",5737,1,8078,1,134,136,141
"4943",6030,1,1757,1,131,134,138
"4944",6274,1,8510,1,132,133,141
"4945",7445,1,8815,1,130,131,138
"4946",8460,1,542,1,133,134,138
"4947",8794,1,10501,1,133,135,139
"4948",9546,1,13819,1,133,136,141
"4949",9801,1,1311,1,132,134,139
"4950",9826,1,8427,1,130,132,138
"4951",10260,1,9760,1,132,133,138
"4952",10470,1,11412,1,132,134,138
"4953",10546,1,12995,1,133,135,140
"4954",10777,1,9674,1,133,134,140
"4955",10938,1,9962,1,136,137,141
"4956",11186,1,9760,1,134,136,142
"4957",11424,1,6243,1,130,132,139
"4958",12408,1,9610,1,135,136,141
"4959",12642,1,1875,1,132,134,138
"4960",12910,1,2855,1,134,135,139
"4961",13030,1,444,1,133,135,140
"4962",13104,1,9793,1,131,133,138
"4963",13909,1,6243,1,133,134,138
"4964",14176,1,8232,1,133,134,140
"4965",14179,1,2742,1,132,134,141
"4966",59,1,542,1,132,136,142
"4967",157,1,13030,1,136,137,142
"4968",158,1,10470,1,136,137,142
"4969",221,1,645,1,135,138,145
"4970",263,1,8851,1,135,137,142
"4971",376,1,1282,1,136,138,144
"4972",864,1,8410,1,135,136,140
"4973",1013,1,8417,1,134,136,142
"4974",1683,1,12109,1,133,136,142
"4975",2260,1,10549,1,130,132,139
"4976",2426,1,2304,1,135,138,143
"4977",2448,1,6957,1,133,135,141
"4978",2722,1,9610,1,133,135,139
"4979",2855,1,11413,1,132,133,139
"4980",3280,1,5338,1,133,135,139
"4981",4184,1,2304,1,134,135,140
"4982",4398,1,1903,1,133,134,139
"4983",4817,1,9038,1,131,133,139
"4984",4944,1,5938,1,130,133,139
"4985",5261,1,10307,1,133,135,141
"4986",6406,1,2260,1,133,135,139
"4987",6878,1,3169,1,136,138,142
"4988",6952,1,6786,1,136,138,144
"4989",7152,1,2855,1,134,135,141
"4990",7817,1,8510,1,132,134,139
"4991",8166,1,1193,1,137,138,144
"4992",8240,1,11424,1,134,135,141
"4993",8295,1,2558,1,136,137,144
"4994",8423,1,2722,1,135,138,144
"4995",8548,1,11796,1,135,136,142
"4996",9208,1,12938,1,132,134,139
"4997",10463,1,9208,1,136,138,144
"4998",11109,1,13569,1,134,135,140
"4999",11728,1,12366,1,135,138,145
"5000",12071,1,13104,1,135,137,141
"5001",12728,1,2954,1,135,137,141
"5002",12995,1,9988,1,129,132,140
"5003",515,1,8794,1,136,138,145
"5004",1386,1,2448,1,137,139,145
"5005",1903,1,12105,1,132,133,140
"5006",1905,1,4124,1,137,138,144
"5007",2163,1,9101,1,136,137,142
"5008",2502,1,1096,1,137,138,143
"5009",3272,1,4307,1,135,138,143
"5010",3471,1,7283,1,135,139,143
"5011",3493,1,8548,1,138,139,144
"5012",3525,1,3172,1,136,139,145
"5013",4320,1,9801,1,135,136,141
"5014",4593,1,6320,1,135,136,141
"5015",5117,1,5489,1,137,138,144
"5016",5176,1,3664,1,137,139,145
"5017",6005,1,14179,1,136,139,145
"5018",6088,1,12171,1,134,136,142
"5019",7349,1,2793,1,134,138,142
"5020",7647,1,6320,1,136,138,144
"5021",8173,1,6173,1,134,136,142
"5022",8752,1,7853,1,137,138,143
"5023",8934,1,5185,1,135,139,144
"5024",10176,1,5489,1,138,139,144
"5025",10520,1,6274,1,134,136,141
"5026",10663,1,10260,1,134,136,142
"5027",10985,1,5304,1,132,134,140
"5028",11304,1,4513,1,136,137,140
"5029",11735,1,9293,1,138,139,143
"5030",12199,1,9213,1,132,134,140
"5031",12524,1,9801,1,134,135,140
"5032",13556,1,12642,1,135,136,142
"5033",13934,1,4124,1,137,139,143
"5034",14,1,8460,1,135,137,141
"5035",181,1,1418,1,138,139,144
"5036",491,1,13030,1,136,138,144
"5037",506,1,11816,1,134,137,145
"5038",698,1,6088,1,138,140,146
"5039",1755,1,11017,1,139,140,144
"5040",2212,1,12199,1,138,140,145
"5041",2728,1,7817,1,135,138,144
"5042",2980,1,1525,1,135,136,141
"5043",3172,1,9788,1,133,135,141
"5044",3911,1,5395,1,133,138,142
"5045",4469,1,9749,1,135,138,144
"5046",4697,1,1013,1,137,138,141
"5047",5160,1,8240,1,136,138,143
"5048",5489,1,6030,1,135,137,142
"5049",5498,1,864,1,138,139,143
"5050",5678,1,13569,1,134,136,142
"5051",5820,1,1903,1,135,136,143
"5052",6077,1,5916,1,137,139,144
"5053",6195,1,157,1,139,140,146
"5054",6276,1,10260,1,135,138,144
"5055",6519,1,10069,1,139,140,146
"5056",6546,1,491,1,139,140,145
"5057",6777,1,10129,1,135,139,146
"5058",7406,1,4817,1,134,138,143
"5059",7845,1,10248,1,133,136,141
"5060",7853,1,5616,1,132,136,142
"5061",8189,1,7845,1,138,140,143
"5062",8771,1,8865,1,136,137,143
"5063",9451,1,1193,1,138,140,143
"5064",9564,1,9749,1,134,136,142
"5065",10160,1,2558,1,137,139,144
"5066",10309,1,1607,1,138,140,144
"5067",10445,1,10777,1,135,137,141
"5068",10919,1,12071,1,138,139,144
"5069",11691,1,1525,1,134,136,142
"5070",11958,1,400,1,136,138,141
"5071",12358,1,12728,1,138,139,144
"5072",12476,1,9101,1,136,138,143
"5073",12963,1,5046,1,137,140,144
"5074",12987,1,12860,1,133,134,141
"5075",13396,1,1286,1,133,137,141
"5076",13637,1,3193,1,136,138,144
"5077",13752,1,9087,1,136,139,144
"5078",13768,1,645,1,134,136,142
"5079",125,1,1418,1,137,138,142
"5080",1607,1,1718,1,135,137,143
"5081",1806,1,3664,1,137,139,145
"5082",2290,1,5489,1,138,140,144
"5083",2362,1,11413,1,133,138,143
"5084",2419,1,13396,1,138,139,144
"5085",2732,1,1013,1,137,138,143
"5086",2744,1,9962,1,136,139,144
"5087",2758,1,9101,1,139,141,146
"5088",2983,1,12612,1,134,136,142
"5089",3852,1,9546,1,137,140,145
"5090",4106,1,691,1,133,136,142
"5091",4124,1,1903,1,134,136,143
"5092",4295,1,12071,1,138,141,146
"5093",4885,1,10819,1,137,139,144
"5094",6710,1,13909,1,135,139,145
"5095",7218,1,10819,1,138,140,145
"5096",8250,1,13030,1,137,139,143
"5097",8963,1,11781,1,138,140,144
"5098",8994,1,10938,1,137,138,143
"5099",9146,1,12060,1,138,141,148
"5100",9499,1,7743,1,137,138,143
"5101",9792,1,8771,1,138,140,145
"5102",9982,1,14087,1,134,137,144
"5103",10069,1,8417,1,136,138,144
"5104",10819,1,1635,1,134,137,142
"5105",11981,1,5046,1,137,139,143
"5106",12060,1,8478,1,135,137,143
"5107",12468,1,11669,1,135,137,142
"5108",13002,1,157,1,138,140,144
"5109",13392,1,4886,1,137,138,143
"5110",392,1,11691,1,137,138,144
"5111",602,1,1683,1,136,138,144
"5112",625,1,11304,1,139,140,147
"5113",713,1,157,1,140,142,149
"5114",1184,1,8865,1,135,139,144
"5115",1480,1,263,1,139,142,147
"5116",1845,1,12476,1,139,140,145
"5117",1956,1,573,1,136,138,144
"5118",1983,1,10463,1,139,141,147
"5119",2125,1,6952,1,139,140,144
"5120",2440,1,7748,1,137,139,145
"5121",2489,1,8325,1,136,138,143
"5122",3230,1,376,1,139,141,145
"5123",3650,1,2138,1,135,138,143
"5124",3920,1,5002,1,138,141,146
"5125",3976,1,11186,1,137,139,144
"5126",4456,1,10777,1,135,138,143
"5127",4658,1,12778,1,141,142,149
"5128",4703,1,1683,1,138,139,144
"5129",5049,1,12952,1,141,142,148
"5130",5050,1,4513,1,137,140,146
"5131",6185,1,11669,1,136,139,144
"5132",6588,1,12472,1,136,138,144
"5133",7125,1,8794,1,136,139,144
"5134",7289,1,12199,1,136,138,144
"5135",7985,1,5546,1,137,139,145
"5136",7987,1,12358,1,140,141,145
"5137",8210,1,14176,1,136,138,146
"5138",8645,1,1903,1,137,138,143
"5139",9169,1,8794,1,137,138,145
"5140",9222,1,11360,1,134,138,143
"5141",9252,1,2448,1,138,140,146
"5142",9293,1,13657,1,135,137,145
"5143",9569,1,3172,1,137,139,144
"5144",10240,1,6406,1,138,140,146
"5145",10584,1,11728,1,139,141,146
"5146",10611,1,506,1,139,140,143
"5147",11017,1,8232,1,132,139,145
"5148",11306,1,573,1,139,141,147
"5149",11492,1,5261,1,136,138,145
"5150",11804,1,7748,1,137,142,147
"5151",11881,1,506,1,138,139,143
"5152",12564,1,11669,1,137,138,143
"5153",12738,1,4343,1,141,142,150
"5154",12778,1,573,1,138,140,147
"5155",12962,1,4343,1,141,142,147
"5156",14088,1,4886,1,137,139,144
"5157",197,1,11304,1,139,140,145
"5158",366,1,5489,1,138,139,144
"5159",2845,1,11492,1,139,141,147
"5160",3267,1,392,1,139,141,146
"5161",3777,1,4688,1,138,141,146
"5162",3820,1,8994,1,140,142,146
"5163",4089,1,11881,1,140,141,146
"5164",4343,1,4513,1,137,139,144
"5165",5347,1,10176,1,140,142,147
"5166",5430,1,5180,1,136,139,144
"5167",5665,1,5678,1,138,140,146
"5168",5691,1,515,1,139,142,148
"5169",6293,1,3471,1,140,143,149
"5170",6470,1,10445,1,139,141,149
"5171",6491,1,2758,1,141,142,149
"5172",6585,1,814,1,137,139,144
"5173",6716,1,4953,1,137,140,145
"5174",7095,1,13926,1,135,140,147
"5175",7141,1,5665,1,142,143,150
"5176",7981,1,13396,1,139,141,146
"5177",7995,1,11945,1,135,139,144
"5178",8059,1,3362,1,140,141,147
"5179",8405,1,2728,1,140,141,146
"5180",9041,1,8752,1,140,142,146
"5181",9658,1,13392,1,139,140,145
"5182",9859,1,2558,1,137,140,146
"5183",10765,1,11492,1,139,142,146
"5184",11486,1,4089,1,142,143,148
"5185",11887,1,2983,1,138,139,146
"5186",12023,1,1905,1,140,142,147
"5187",12944,1,3193,1,137,140,145
"5188",801,1,1602,1,142,143,149
"5189",1425,1,5489,1,138,142,146
"5190",1515,1,6588,1,139,140,146
"5191",1602,1,11304,1,138,141,147
"5192",2083,1,3920,1,142,144,148
"5193",2394,1,12963,1,141,143,149
"5194",2652,1,2271,1,143,144,149
"5195",2939,1,125,1,139,140,145
"5196",3286,1,12009,1,139,141,147
"5197",3362,1,3280,1,137,139,145
"5198",3569,1,2732,1,141,143,149
"5199",4061,1,10176,1,141,142,149
"5200",4169,1,7987,1,142,143,148
"5201",6429,1,13903,1,140,141,151
"5202",6790,1,6077,1,141,143,148
"5203",7340,1,10520,1,138,140,146
"5204",7440,1,400,1,136,139,145
"5205",7581,1,8010,1,142,143,150
"5206",8132,1,3362,1,140,141,146
"5207",8380,1,2983,1,136,139,145
"5208",9000,1,9222,1,139,142,146
"5209",9028,1,9421,1,136,142,145
"5210",9987,1,4124,1,137,140,145
"5211",11293,1,12199,1,136,139,145
"5212",11464,1,13983,1,141,143,148
"5213",11813,1,1905,1,139,141,145
"5214",12450,1,8994,1,139,140,145
"5215",12952,1,11186,1,138,140,145
"5216",13429,1,158,1,139,141,147
"5217",13448,1,12358,1,140,141,147
"5218",13903,1,4944,1,136,139,145
"5219",337,1,4593,1,139,142,147
"5220",489,1,4343,1,141,144,152
"5221",1148,1,2732,1,139,142,146
"5222",1206,1,12064,1,143,145,149
"5223",1703,1,11981,1,141,143,148
"5224",1922,1,8346,1,144,145,148
"5225",2271,1,2744,1,140,142,148
"5226",2421,1,11293,1,140,141,148
"5227",2483,1,3777,1,142,143,148
"5228",2916,1,11017,1,140,142,148
"5229",3440,1,4456,1,139,141,148
"5230",3872,1,1703,1,143,145,148
"5231",4602,1,10663,1,139,142,146
"5232",5075,1,7995,1,140,142,148
"5233",5210,1,1386,1,141,144,150
"5234",5499,1,8132,1,142,144,149
"5235",5661,1,8380,1,140,143,149
"5236",5795,1,6585,1,140,141,150
"5237",6260,1,2744,1,139,141,150
"5238",6916,1,376,1,138,141,146
"5239",7373,1,6289,1,143,145,150
"5240",7391,1,5781,1,144,145,149
"5241",7623,1,12778,1,142,144,149
"5242",7708,1,6289,1,143,145,151
"5243",7712,1,9347,1,137,141,147
"5244",7906,1,1694,1,143,145,150
"5245",8788,1,376,1,140,142,146
"5246",8873,1,1956,1,140,143,148
"5247",9040,1,1845,1,141,144,149
"5248",10415,1,6276,1,140,142,148
"5249",10519,1,3650,1,140,143,149
"5250",10646,1,3286,1,142,145,149
"5251",10823,1,10176,1,140,142,147
"5252",10880,1,4602,1,143,144,148
"5253",11147,1,12472,1,138,140,146
"5254",11421,1,9792,1,141,142,149
"5255",12702,1,1983,1,142,144,148
"5256",12991,1,8641,1,137,140,146
"5257",13349,1,1184,1,140,144,150
"5258",13352,1,10176,1,141,142,146
"5259",13983,1,5489,1,138,140,146
"5260",549,1,9739,1,143,144,151
"5261",990,1,5678,1,137,141,147
"5262",1694,1,4320,1,139,142,148
"5263",2279,1,6491,1,143,144,152
"5264",2889,1,7743,1,139,142,147
"5265",3066,1,8189,1,142,143,147
"5266",3101,1,5795,1,142,143,148
"5267",3191,1,125,1,139,142,147
"5268",5004,1,337,1,144,146,151
"5269",5267,1,4602,1,143,144,149
"5270",5535,1,10445,1,138,141,148
"5271",5781,1,6916,1,142,143,147
"5272",6145,1,263,1,141,142,148
"5273",6651,1,10819,1,139,142,147
"5274",7100,1,5160,1,141,142,148
"5275",7569,1,157,1,138,143,147
"5276",7789,1,2502,1,140,141,149
"5277",8010,1,11304,1,139,142,147
"5278",8111,1,8873,1,145,146,151
"5279",8442,1,13448,1,144,146,151
"5280",8608,1,2271,1,143,144,149
"5281",9994,1,8963,1,143,144,150
"5282",10221,1,990,1,143,146,152
"5283",10367,1,8963,1,141,143,147
"5284",10707,1,4169,1,143,145,149
"5285",10770,1,7340,1,142,143,147
"5286",12064,1,10240,1,141,142,148
"5287",12360,1,12468,1,138,140,147
"5288",12470,1,8934,1,140,144,151
"5289",12533,1,13002,1,141,144,149
"5290",12907,1,10176,1,140,141,149
"5291",13051,1,625,1,141,144,150
"5292",13275,1,7987,1,142,144,149
"5293",1202,1,6916,1,142,144,150
"5294",1679,1,12910,1,137,142,151
"5295",1783,1,8788,1,144,146,152
"5296",3002,1,4664,1,144,145,150
"5297",3034,1,1983,1,143,145,152
"5298",3405,1,13349,1,145,146,151
"5299",3511,1,3281,1,146,147,153
"5300",4088,1,3191,1,143,147,152
"5301",4664,1,6952,1,140,143,151
"5302",5329,1,7340,1,142,145,150
"5303",5466,1,549,1,145,146,150
"5304",6289,1,7289,1,139,141,149
"5305",7027,1,12470,1,145,146,152
"5306",7372,1,2440,1,141,143,148
"5307",7873,1,376,1,139,142,148
"5308",8923,1,2766,1,143,144,149
"5309",9397,1,13030,1,138,142,148
"5310",9739,1,2290,1,141,142,148
"5311",10142,1,3440,1,142,144,149
"5312",10282,1,1845,1,143,145,150
"5313",11300,1,12358,1,140,142,148
"5314",11583,1,3650,1,141,143,149
"5315",12399,1,11306,1,142,143,148
"5316",13072,1,3820,1,143,145,151
"5317",13131,1,5347,1,143,146,153
"5318",14119,1,7845,1,140,144,150
"5319",14193,1,2483,1,144,146,150
"5320",78,1,3431,1,147,148,154
"5321",354,1,1755,1,142,145,152
"5322",385,1,5050,1,143,145,150
"5323",937,1,12962,1,144,145,151
"5324",2657,1,10646,1,146,148,154
"5325",2766,1,8752,1,139,143,149
"5326",3151,1,11486,1,144,146,151
"5327",3281,1,13429,1,142,145,151
"5328",3290,1,2290,1,142,144,150
"5329",3433,1,10770,1,144,146,152
"5330",3499,1,1206,1,146,147,151
"5331",3551,1,11981,1,141,142,149
"5332",4208,1,10770,1,144,147,152
"5333",6083,1,13275,1,145,147,152
"5334",6864,1,6506,1,144,146,150
"5335",6996,1,7623,1,146,147,152
"5336",7202,1,6519,1,142,147,153
"5337",7745,1,11813,1,142,145,150
"5338",8346,1,4089,1,142,144,150
"5339",8387,1,11804,1,142,145,153
"5340",8564,1,8788,1,142,144,150
"5341",8639,1,3230,1,142,143,149
"5342",9651,1,12023,1,144,147,152
"5343",10189,1,2279,1,144,145,149
"5344",11315,1,2083,1,146,147,152
"5345",12083,1,2652,1,145,146,150
"5346",12124,1,5499,1,145,146,151
"5347",12277,1,9397,1,143,146,151
"5348",12849,1,4061,1,143,144,149
"5349",13176,1,2889,1,143,145,152
"5350",13988,1,6916,1,142,145,149
"5351",13997,1,10707,1,146,147,152
"5352",14085,1,2591,1,147,148,153
"5353",368,1,2279,1,145,147,154
"5354",738,1,7712,1,143,146,151
"5355",750,1,7372,1,145,147,154
"5356",1028,1,4089,1,142,145,150
"5357",2041,1,3267,1,143,146,151
"5358",2591,1,1922,1,146,147,152
"5359",2984,1,9000,1,143,146,151
"5360",3758,1,2939,1,141,144,150
"5361",3956,1,7745,1,146,148,153
"5362",4835,1,2421,1,143,146,151
"5363",5118,1,5535,1,142,144,150
"5364",5577,1,1202,1,147,149,154
"5365",5894,1,1783,1,146,149,153
"5366",6191,1,8923,1,145,146,151
"5367",6408,1,10765,1,144,147,153
"5368",6506,1,7712,1,141,143,150
"5369",7251,1,4061,1,143,148,154
"5370",7482,1,5499,1,145,146,150
"5371",9082,1,1602,1,143,146,151
"5372",9382,1,13072,1,146,147,152
"5373",9625,1,5004,1,147,149,153
"5374",9754,1,6429,1,143,146,151
"5375",9961,1,10189,1,147,148,154
"5376",10365,1,3807,1,144,147,151
"5377",10746,1,8111,1,147,149,154
"5378",10897,1,9040,1,145,148,154
"5379",11740,1,12058,1,148,149,154
"5380",11854,1,7569,1,143,146,151
"5381",11952,1,10519,1,145,148,152
"5382",13211,1,10584,1,143,146,151
"5383",13581,1,6429,1,141,143,150
"5384",13803,1,13211,1,147,149,155
"5385",2221,1,5329,1,147,149,153
"5386",2655,1,9028,1,142,144,151
"5387",2770,1,13825,1,148,149,154
"5388",2919,1,489,1,145,148,153
"5389",3431,1,13581,1,144,147,152
"5390",3807,1,2290,1,141,143,151
"5391",4314,1,12778,1,145,148,152
"5392",4435,1,13176,1,147,149,155
"5393",4839,1,10142,1,146,147,154
"5394",5320,1,78,1,148,150,156
"5395",6680,1,937,1,147,148,154
"5396",6684,1,2394,1,145,147,152
"5397",7334,1,8346,1,145,148,152
"5398",10042,1,6506,1,145,148,154
"5399",10193,1,7482,1,147,149,154
"5400",11992,1,2766,1,147,150,156
"5401",13450,1,1922,1,147,149,153
"5402",13825,1,7141,1,145,147,151
"5403",310,1,5004,1,146,148,153
"5404",770,1,12849,1,146,148,152
"5405",1773,1,11032,1,146,149,154
"5406",2915,1,8788,1,143,146,152
"5407",3429,1,11032,1,146,148,153
"5408",3573,1,7906,1,147,150,154
"5409",4056,1,5661,1,145,146,152
"5410",4278,1,3281,1,146,147,153
"5411",5687,1,8111,1,147,149,154
"5412",5714,1,9961,1,149,151,155
"5413",5849,1,10282,1,146,148,155
"5414",6007,1,4835,1,147,149,155
"5415",7225,1,1839,1,150,151,158
"5416",8080,1,13825,1,149,151,155
"5417",9752,1,10142,1,146,148,153
"5418",10780,1,738,1,148,149,154
"5419",11032,1,12778,1,144,145,152
"5420",11560,1,7745,1,146,148,155
"5421",11771,1,7906,1,146,148,152
"5422",11867,1,13275,1,144,146,152
"5423",12330,1,937,1,147,148,152
"5424",14136,1,368,1,149,151,156
"5425",608,1,8923,1,145,146,153
"5426",1655,1,11740,1,151,152,162
"5427",5101,1,354,1,146,148,153
"5428",5495,1,5701,1,151,152,157
"5429",5701,1,13131,1,147,150,156
"5430",6071,1,7906,1,148,150,157
"5431",7127,1,11867,1,148,151,157
"5432",7456,1,7334,1,149,151,157
"5433",9778,1,4088,1,147,148,153
"5434",9964,1,6408,1,148,149,156
"5435",10209,1,7202,1,148,150,156
"5436",10408,1,3551,1,145,148,157
"5437",10751,1,2770,1,150,152,158
"5438",11159,1,738,1,148,149,154
"5439",11388,1,13825,1,149,150,154
"5440",11521,1,4169,1,144,147,153
"5441",12058,1,13352,1,145,147,154
"5442",13675,1,12399,1,145,147,153
"5443",534,1,5836,1,151,152,156
"5444",1638,1,7225,1,152,153,158
"5445",1839,1,8346,1,146,149,154
"5446",2131,1,4839,1,149,152,158
"5447",2278,1,2770,1,149,151,159
"5448",2790,1,7027,1,147,148,154
"5449",5836,1,8608,1,148,149,154
"5450",9142,1,7202,1,149,151,155
"5451",10645,1,2279,1,147,150,156
"5452",11202,1,2790,1,150,152,157
"5453",11347,1,6684,1,148,150,154
"5454",13643,1,13988,1,146,150,157
"5455",54,1,385,1,147,150,157
"5456",184,1,78,1,150,152,156
"5457",785,1,5320,1,151,153,160
"5458",1482,1,4208,1,148,151,157
"5459",3612,1,10645,1,152,154,159
"5460",3667,1,8442,1,148,150,157
"5461",4265,1,11992,1,152,153,159
"5462",4347,1,4839,1,148,150,155
"5463",4792,1,3956,1,149,151,157
"5464",5603,1,11159,1,150,151,156
"5465",5861,1,3872,1,146,150,156
"5466",7404,1,7391,1,148,150,156
"5467",7635,1,8111,1,148,151,157
"5468",9369,1,5714,1,152,154,158
"5469",9659,1,10746,1,150,152,156
"5470",10884,1,2278,1,152,153,159
"5471",10946,1,6916,1,143,145,155
"5472",1913,1,5687,1,150,153,159
"5473",2263,1,1638,1,154,155,160
"5474",3330,1,310,1,149,150,156
"5475",3527,1,4435,1,152,154,159
"5476",4232,1,4792,1,153,155,162
"5477",7092,1,6684,1,150,152,158
"5478",8374,1,5687,1,150,152,159
"5479",8404,1,6083,1,151,155,159
"5480",11472,1,13131,1,148,149,156
"5481",12055,1,2770,1,151,155,160
"5482",12107,1,10408,1,150,152,157
"5483",12756,1,14085,1,149,151,157
"5484",13944,1,8080,1,152,154,160
"5485",14029,1,5577,1,153,155,161
"5486",1207,1,5495,1,153,154,158
"5487",2602,1,5861,1,152,153,159
"5488",4755,1,10408,1,150,152,158
"5489",5164,1,11992,1,151,153,158
"5490",5221,1,534,1,153,155,159
"5491",6163,1,4347,1,151,153,157
"5492",12498,1,5861,1,151,153,159
"5493",13088,1,9625,1,151,153,159
"5494",1451,1,8374,1,154,155,159
"5495",1887,1,6163,1,155,157,166
"5496",2382,1,1482,1,152,154,159
"5497",5570,1,13088,1,154,157,163
"5498",7692,1,6071,1,151,153,160
"5499",11517,1,9279,1,155,157,162
"5500",11565,1,3330,1,155,156,161
"5501",4555,1,5714,1,152,153,159
"5502",4814,1,5164,1,155,157,162
"5503",4832,1,9142,1,152,153,161
"5504",5808,1,14029,1,156,158,163
"5505",5848,1,5164,1,155,156,162
"5506",8019,1,14136,1,152,155,159
"5507",10950,1,7949,1,155,156,161
"5508",13511,1,10645,1,153,156,162
"5509",14135,1,5701,1,152,155,161
"5510",780,1,11202,1,153,155,160
"5511",1187,1,9369,1,156,158,162
"5512",1617,1,2278,1,154,157,163
"5513",3926,1,2131,1,153,155,160
"5514",4047,1,11565,1,156,157,161
"5515",4426,1,9279,1,154,155,160
"5516",6094,1,8404,1,155,157,160
"5517",7454,1,5164,1,154,157,163
"5518",7949,1,5495,1,153,154,160
"5519",8501,1,4792,1,153,155,160
"5520",9279,1,5687,1,150,152,160
"5521",11092,1,14136,1,153,156,161
"5522",12039,1,3612,1,155,159,165
"5523",12824,1,7635,1,153,155,160
"5524",13297,1,5570,1,157,159,164
"5525",1017,1,9964,1,150,157,162
"5526",3597,1,13088,1,154,158,163
"5527",3609,1,10828,1,158,159,163
"5528",4298,1,12756,1,152,156,161
"5529",8351,1,4755,1,155,157,161
"5530",11612,1,780,1,156,157,161
"5531",12748,1,5495,1,154,155,161
"5532",13216,1,12824,1,156,158,163
"5533",13272,1,3612,1,155,157,163
"5534",7194,1,5848,1,157,158,164
"5535",7707,1,5848,1,158,160,166
"5536",9233,1,5848,1,158,161,169
"5537",9288,1,184,1,155,159,164
"5538",10828,1,10950,1,157,158,163
"5539",811,1,11565,1,158,160,165
"5540",1383,1,5221,1,156,159,164
"5541",2813,1,1207,1,155,157,163
"5542",3641,1,9288,1,160,161,165
"5543",7493,1,13216,1,159,161,166
"5544",9958,1,5848,1,159,160,167
"5545",12344,1,11202,1,154,158,164
"5546",12617,1,13944,1,157,159,165
"5547",13676,1,811,1,161,162,166
"5548",2250,1,1187,1,161,163,169
"5549",6092,1,1207,1,157,160,166
"5550",6728,1,9288,1,160,161,167
"5551",11762,1,4814,1,159,161,165
"5552",12133,1,1383,1,161,163,168
"5553",13812,1,6321,1,161,162,168
"5554",871,1,8719,1,162,163,168
"5555",3299,1,12617,1,161,163,168
"5556",5650,1,7594,1,162,164,168
"5557",6810,1,13216,1,158,163,169
"5558",11752,1,3609,1,162,163,170
"5559",4906,1,7194,1,158,160,167
"5560",5801,1,13216,1,160,163,170
"5561",5826,1,4906,1,161,164,170
"5562",6321,1,4298,1,157,160,166
"5563",7594,1,1383,1,160,161,166
"5564",7595,1,11565,1,159,162,168
"5565",9135,1,14135,1,157,162,168
"5566",9559,1,12782,1,161,163,167
"5567",11681,1,4906,1,161,164,168
"5568",12782,1,11565,1,158,160,166
"5569",3968,1,3641,1,162,164,168
"5570",7442,1,13676,1,164,166,170
"5571",8719,1,7194,1,159,161,167
"5572",10713,1,13676,1,162,163,168
"5573",11338,1,6094,1,159,163,168
"5574",11699,1,9288,1,159,161,168
"5575",11886,1,6092,1,161,164,168
"5576",12151,1,12039,1,160,164,169
"5577",13896,1,12617,1,160,162,168
"5578",886,1,7595,1,163,165,170
"5579",1788,1,12039,1,161,163,168
"5580",2048,1,7595,1,164,166,172
"5581",3248,1,886,1,165,167,171
"5582",10773,1,6979,1,166,167,173
"5583",43,1,7707,1,163,168,175
"5584",8369,1,3641,1,164,165,173
"5585",9878,1,13812,1,163,165,170
"5586",12635,1,6979,1,166,168,173
"5587",13389,1,886,1,166,168,173
"5588",13629,1,9288,1,162,165,170
"5589",10471,1,11699,1,163,166,172
"5590",10587,1,871,1,164,166,171
"5591",3328,1,3299,1,166,169,176
"5592",3446,1,13216,1,160,164,171
"5593",3829,1,11752,1,165,167,171
"5594",5906,1,6979,1,166,168,175
"5595",6979,1,13297,1,163,165,171
"5596",8306,1,12151,1,165,166,172
"5597",9558,1,7442,1,167,170,176
"5598",12968,1,3446,1,166,167,173
"5599",13892,1,9878,1,167,168,174
"5600",11920,1,886,1,167,168,176
"5601",232,1,2048,1,167,169,175
"5602",1324,1,8306,1,167,170,176
"5603",5318,1,2048,1,167,169,174
"5604",10542,1,10587,1,168,169,175
"5605",1508,1,10773,1,168,169,174
"5606",4907,1,10471,1,167,170,175
"5607",6224,1,7442,1,168,170,176
"5608",6370,1,5906,1,170,173,179
"5609",11008,1,6810,1,165,169,174
"5610",12051,1,10587,1,168,170,174
"5611",12141,1,11920,1,169,171,176
"5612",1012,1,12141,1,172,173,178
"5613",2178,1,3248,1,167,173,179
"5614",2329,1,7442,1,167,169,176
"5615",2777,1,5650,1,165,167,175
"5616",10983,1,3248,1,168,171,176
"5617",11380,1,11008,1,170,172,178
"5618",13571,1,2777,1,168,170,175
"5619",23,1,2777,1,169,172,176
"5620",1681,1,5037,1,171,173,180
"5621",2352,1,1012,1,174,175,181
"5622",2736,1,4907,1,171,172,179
"5623",5919,1,9558,1,172,175,181
"5624",12409,1,13389,1,170,171,178
"5625",12733,1,12202,1,171,172,177
"5626",1069,1,11008,1,171,173,179
"5627",5037,1,13571,1,170,171,179
"5628",6575,1,11008,1,170,172,178
"5629",8398,1,1012,1,174,175,179
"5630",9296,1,9558,1,171,175,181
"5631",12202,1,11008,1,169,171,177
"5632",7128,1,43,1,170,172,179
"5633",9488,1,6370,1,175,176,181
"5634",10401,1,6575,1,173,175,179
"5635",13718,1,12202,1,172,176,181
"5636",2720,1,12409,1,174,175,180
"5637",9533,1,2178,1,175,176,183
"5638",11480,1,1324,1,174,175,179
"5639",3396,1,1681,1,174,176,180
"5640",4351,1,9488,1,177,179,186
"5641",8118,1,1681,1,175,176,181
"5642",8436,1,5919,1,175,177,183
"5643",9104,1,9296,1,177,179,184
"5644",1821,1,10518,1,178,180,185
"5645",11241,1,10518,1,178,180,186
"5646",13404,1,7128,1,173,175,182
"5647",8083,1,4716,1,179,180,186
"5648",9281,1,5037,1,173,177,182
"5649",9551,1,11562,1,179,180,186
"5650",10518,1,10401,1,176,177,182
"5651",13082,1,1069,1,174,175,182
"5652",1592,1,9104,1,180,182,188
"5653",1593,1,2720,1,177,179,184
"5654",5685,1,8436,1,179,180,187
"5655",12086,1,4716,1,179,180,184
"5656",2162,1,6370,1,175,179,185
"5657",4716,1,9488,1,177,179,185
"5658",5957,1,11562,1,180,181,185
"5659",11562,1,2178,1,177,179,186
"5660",192,1,9104,1,180,184,189
"5661",3991,1,11241,1,181,182,188
"5662",5627,1,5957,1,182,184,191
"5663",1177,1,9281,1,179,182,187
"5664",10674,1,12086,1,183,186,189
"5665",7772,1,3991,1,185,186,191
"5666",10582,1,3991,1,183,187,193
"5667",8772,1,192,1,185,187,192
"5668",9129,1,7772,1,187,188,196
"5669",200,1,5957,1,182,184,191
"5670",4553,1,5685,1,181,183,190
"5671",5825,1,5627,1,185,189,194
"5672",12566,1,10674,1,188,190,196
"5673",523,1,9129,1,190,191,195
"5674",13708,1,5685,1,182,186,192
"5675",14013,1,8772,1,189,191,195
"5676",7259,1,9065,1,192,194,200
"5677",9314,1,14013,1,192,194,199
"5678",9323,1,5825,1,192,194,199
"5679",11658,1,523,1,191,192,197
"5680",11052,1,5825,1,190,191,196
"5681",8948,1,8772,1,188,190,197
"5682",9065,1,9129,1,190,192,198
"5683",9816,1,7259,1,195,196,201
"5684",2487,1,9129,1,190,194,199
"5685",228,1,11658,1,195,197,201
"5686",7937,1,11658,1,194,197,203
"5687",1166,1,9816,1,196,199,204
"5688",2635,1,9323,1,196,199,203
"5689",12553,1,2635,1,200,201,206
"5690",6803,1,1166,1,200,202,208
"5691",5428,1,12553,1,204,206,212
